image_id,reference_smiles,predicted_smiles
CDK_Depict_1_2,C\1=C/C(=N\Br)/C(=C/C1=N/Br)Cl,C1C(=N[Br]C)C2CC(=N[Br])C1[CN]
CDK_Depict_1_4,CSP1(=S)SP(=S)(S1)SC,CSP1(=S)SP(=S)(SC)S1
CDK_Depict_1_5,CCCCCCCCCCCCCCCCSCCCCPCOO,CCCCCCCCCCCCCCCCSCCCC[P+](C)(C)COC
CDK_Depict_1_6,C[C@@H]1CC[C@H]2[C@@]3(CO3)C(O[C@H]4[C@@]25[C@H]1CC[C@](O4)(OO5)C)O,C[C@H]1[C@@]2([H])CC[C@@]3(C)O[C@@](C)(OC([OMt])[C@@]45OC4)[C@@]2(OO3)[C@H](C)CC1
CDK_Depict_1_7,C1C[C@H]([C@@H](C1)O)CCCO,OCCC[C@@H]1CCC[C@H]1O
CDK_Depict_1_8,C1=CC=NC(=C1)N2C=CSN2,c1cN(c2ccccn2)[NH+]S1
CDK_Depict_1_9,CCSN1CCN(CC1)SCC,CCSN1CCN(S)CC1
CDK_Depict_1_11,B(C(C(O)F)N(CCO)CCO)(F)F,OCCN(CCO)C(B(F)F)C(O)F
CDK_Depict_1_12,C1(=C(C(=O)SC1=O)Cl)Cl,*C1C(=O)SC(=O)C1C#N
CDK_Depict_1_13,CSC[C@@H](C(=O)O)N,CSC[C@](C)([WH2])C(=O)O
CDK_Depict_1_15,[2H]C1=CC(=C(C=C1C([2H])([2H])[2H])[2H])C,*c1cc(C(P)(P)P)c(*)cc1C
CDK_Depict_1_16,CN(C)C1=CC1=NC#N,CN(C)C1=CC1=NN#N
CDK_Depict_1_17,CC(C)(C#N)[C@@H]1CC=C(C1)OS(=O)(=O)C(F)(F)F,CC(C#N)[C@@H]1CC=C(OS(=O)(=O)C(F)(F)F)C1
CDK_Depict_1_18,CC(=C[C@@H]1[C@@H](C1(C)C)C(=O)O)C,CC(C)=C[C@H]1C[C@H]1C(=O)O
CDK_Depict_1_19,CC(/C=C/C#N)C=O,CC(C=O)/C=C/C#N
CDK_Depict_1_20,C[C@@H](/C=C/[C@@]1([C@](CCCC1(C)C)(C)O)O)O,C[C@H](O)/C=C/C1(C)[C@@H](C)CCCC1(C)C
CDK_Depict_1_21,C(=NSN=C=O)=O,O=C=NSN=C=O
CDK_Depict_1_23,C([C@H]([C@H]([C@@H]([C@H](C(=O)O)O)O)O)O)O,O=C(O)[C@H](O)[C@@H](O)[C@@H](O)[C@@H](O)CO
CDK_Depict_1_24,CO/C(=C/C1=CC=CC=C1)/C#N,CO/C(C#N)=C/c1ccccc1
CDK_Depict_1_25,CSC(=S)C(SC)(SC)SC,CSC(=S)C(SC)(SC)SC
CDK_Depict_1_26,B(Cl)(/C=C/Cl)/C=C/Cl,C#CC=C[SH](C#C)/C=C/C
CDK_Depict_1_27,C1=C(NC=N1)C[C@@H](C(=O)O)N,[NH3+][C@@H](CC1=CN=CN1)C(=O)O
CDK_Depict_1_28,C[C@@H]1CCCC1C,CC1CCC[C@@H]1C
CDK_Depict_1_29,C1=C(SC(=O)N1)CCl,*CC1=CNC(=O)S1
CDK_Depict_1_30,C(=NC(C(F)(F)Br)(F)Br)=O,*C(*)(N=C=O)C([4c])([4c])[4c]
CDK_Depict_1_31,B1BBB1,*1*****1
CDK_Depict_1_32,CC(C)(C)OC(=O)NNC[C@@H]1CCOC1=O,COC(=O)NNC[C@@H]1CCOC1=O
CDK_Depict_1_33,B(=C(C)CC)OC#N,C=S=C=S=N
CDK_Depict_1_34,B(CC)(CC)OS(=O)(=O)OB(CC)CC,CCB(C)OS(=O)(=O)OS(CC)(CC)CC
CDK_Depict_1_35,C1CCC(CC1)N=P(C(Cl)(Cl)Cl)(C(Cl)(Cl)Cl)Cl,CC(Cl)(Cl)P(Cl)(=NC1CCCCC1)C(Cl)(Cl)Cl
CDK_Depict_1_36,CC(C)(C)S/C(=C(\Cl)/Br)/Cl,CCSC(C)=C(S)Cl
CDK_Depict_1_37,C[C@@H]1CCC[C@H](C1C)C,CC1[C@H](C)CCC[C@@H]1C
CDK_Depict_1_39,CCO[C@@H]1C[C@H]2[C@H]3CC[C@H](C3)[C@H]2CO1,[H][C@]12CC[C@H](C1)[C@@]1([H])C[C@@H](OCC)OC[C@]21[H]
CDK_Depict_1_40,CCCCOC(=O)[C@@H]([C@H](C(=O)OCCCC)O)O,CCCCOC(=O)[C@H](O)[C@@H](O)C(=O)OCCCC
CDK_Depict_1_41,CC(C)(C#N)N=S(C1=CC=C(C=C1)Cl)Cl,*S(=NC(C)(C)C#N)c1ccc(Cl)cc1
CDK_Depict_1_42,CP(C)P(=O)(C)C,C[SH](=O)P(I)[IH](C)=O
CDK_Depict_1_43,[B](C(C)O)C(OCC)OCC,CCOC(OCC)OC(C)O
CDK_Depict_1_44,CCC(=O)C[C@H](C)C(C)C,CCC(=O)C[C@H](C)C(C)C
CDK_Depict_1_45,[C@H]([C@@H]([C@@H](C(=O)O)O)O)([C@H](C(=O)O)O)O,O=C(O)[C@H](O)[C@@H](O)[C@H](O)C(O)(O)C(=O)O
CDK_Depict_1_46,C([C@@H]([C@H](C(=O)CO)O)O)O,C[C@@H](CO)[C@@H](O)C(=O)CO
CDK_Depict_1_47,CO[C@H]1C[C@H]2[C@H]3CC[C@H](C3)[C@H]2CO1,[H][C@@]12CC[C@]([H])(C1)[C@@]1([H])C[C@H](OC)OC[C@]21[H]
CDK_Depict_1_48,C1CN[C@@H]1C(=O)O,O=C(O)[C@@H]1CCN1
CDK_Depict_1_49,C1=CN=C(N=C1)P(=O)(O)O,O=P(O)([OH2+])c1ncCc[n+]1
CDK_Depict_1_50,C[C@@H]([C@@H](CC1=CC=CC=C1)Br)O,C[C@H](O)[C@H]([NH])Cc1ccccc1
CDK_Depict_1_51,C1(=O)N=NC(=O)S1,O=C1N=nc(=O)s1
CDK_Depict_1_53,C=CN1C=CN=N1,C=CN1C=CN=N1
CDK_Depict_1_54,C[C@@]12CC[C@@H]3[C@@](C1)(CC[C@H]2Br)[C@H](CC3(C)C)OC,CO[C@H]1CC(C)(C)C[C@H]2CCC(C)C[C@@]12CC[C@@H](O)C(C)CC2
CDK_Depict_1_55,C[C@@H]1CC[C@@]2([C@@H]3[C@@H]1CC[C@@]2(CC3(C)C)C)O,CC.CC.CC.CC.CC.CC.CC.CC.CC.CC.CC.CC.CC.CC.CC.CC.CC.CC.CC.CC.CC.CC.CC
CDK_Depict_1_56,CC1(CON(O1)C(=O)N(C)C)C,CN(C)C(=O)N1COCC(C)(C)O1
CDK_Depict_1_57,C[C@@]1(CCC2C1(CCC3C2CCC4=C3CCC(=O)C4)C)O,CC1C(CCC2c3CCC(=O)Cc3CCC2)(C)[C@@H]2(O)CC1
CDK_Depict_1_58,C(=N\OP(=O)(O)O)(\N)/OP(=O)(O)OP(=O)(O)O,*C(=NOP(=O)(O)O)OP(*)(=O)OP(=O)([Md])[Md]
CDK_Depict_1_60,C(=NP(=S)(N=C=S)N=C=S)=S,S=C=N[PH](=S)(N=C=S)N=C=S
CDK_Depict_1_61,CN(C)C(=O)SSC(=O)N(C)C,CN(C)C(=O)SSC(=O)N(C)C
CDK_Depict_1_62,C1[C@@H]([C@H](O[C@H]1N2C=C(C(=O)NC2=O)C(F)(F)F)CO)O,O=C1[NH2+]C(=O)C(C(F)(F)F)(C(F)(F)F)CN1[C@H]1C[C@H](O)[C@H](CO)O1
CDK_Depict_1_63,C1=C(C=NN1C(=O)NC(=O)CCl)Br,N#CCC(=O)NC(=O)N1Cc(Br)C=N1
CDK_Depict_1_65,CC(C1=PC=PC=P1)O,CC(O)c1cc*cc1
CDK_Depict_1_66,CC(C)N(C(=O)F)SN(C(C)C)C(=O)F,CC(C)N(CSN(C(=O)F)C(C)C)C(=O)F
CDK_Depict_1_67,CCOC(=O)[C@H](CC(=O)C1=CC=CC=C1)N[C@@H](C)C(=O)OC,CCOC(=O)[C@@H](N)CC(=O)c1ccccc1
CDK_Depict_1_68,CC(C)[C@H]1CC[C@@]2([C@@H]3[C@H]1[C@H](C24CO4)[C@@H]([C@@H]3O)O)C,CC(C)[C@H]1CC[C@@]2(C)C3(C)[C@H](C)[C@H](O)[C@@H](O)[C@@H](C)[C@@]12C
CDK_Depict_1_70,COC(=O)[C@H](CC1=CC(=C(C=C1)O)O)N,COC(=O)[C@@H](N)Cc1cc(O)c(O)C=C1
CDK_Depict_1_71,CC1=C(C1=O)C,CC1=CC(=O)C1
CDK_Depict_1_72,C(OSC(=O)SO)F,*COSC(=O)SO
CDK_Depict_1_73,CCP1C(=C)[P-]P(C(=C)[P-]1)CC,C=C1*(C)*(CC)C(=C)*(C)*1CC
CDK_Depict_1_74,CN(C)P(=NC(=O)C(Br)(Br)Br)(N(C)C)N(C)C,CN(C)P(=NC(=O)C(Br)(Br)Br)(N(C)C)N(C)C
CDK_Depict_1_75,COC(=O)/C(=N\Cl)/N(Cl)Cl,*N(*)C(=NC)C(=O)OC
CDK_Depict_1_76,C(=O)=S(F)P(P)PP,CCCCP(S(=C=O)CCC)[CH2]([n-])(CC)CCC
CDK_Depict_1_78,CC1(COCN1SSN2COCC2(C)C)C,CC1(C)COCN1SSN1COCC1(C)C
CDK_Depict_1_79,C1=C(SSSSS1)N,NC1=CSSSSS1
CDK_Depict_1_80,[2H]C([2H])([2H])OCOC,[2H]C([2H])([2H])OCOC
CDK_Depict_1_81,CCN1C(C(SCC1=O)Cl)Cl,CCN1C(=O)CSC(Cl)C1C[Cd]
CDK_Depict_1_82,C1=C2C(=CC(=NC#N)S2)SC1=NC#N,N#*[N+]=C1C=C2SC(=[N+]=[N+]#N)C=C2S1
CDK_Depict_1_83,C(=N/OBr)\Cl,Cl/C=N/OBr
CDK_Depict_1_84,C1C(=NNC(=O)N)CSS1,NC(=O)NN=C1CSCSC1
CDK_Depict_1_85,CC12CC[C@H]3C([C@@H]1CC[C@H]2O)CCC4=C3C=CC(=C4)O,[H][C@@]12CC[C@@H](O)C1(C)CC[C@]1([Hf])C3ccc(O)cc3CCC12
CDK_Depict_1_87,[2H]C([2H])([2H])C(C(=O)O)(C([2H])([2H])Cl)O,*C(*)(*)C(O)(C(=O)O)C(*)([CH])C#C
CDK_Depict_1_88,[2H]/C(=C(\C)/O)/C(=O)C,*C(C(C)=O)=C(C)O
CDK_Depict_1_89,[SiH]#[Zr],[Sc]#[Zr]
CDK_Depict_1_90,CC1=CCC(C[C@@H]1O)C(C)(C)O,CC1=CCC(C)C[C@@H]1O
CDK_Depict_2_1,CCOC(C)(OCC)OP(=O)(CC)CF,CCP(=O)(CF)OC(OC)(OC)OC
CDK_Depict_2_2,C[C@]12CCC(=O)C[C@@H]1CC[C@@H]3[C@@H]2CC[C@]4([C@H]3CC[C@@H]4O)C,CCCCCC1[C@@H](O)[C@@]2(C)CCC3[C@@]4(C)CC[C@]5(C)CC(=O)CC[C@]53CC4
CDK_Depict_2_3,C1=NNC2=C1SSSSS2,C1SSSSc2c1NNC2
CDK_Depict_2_4,CC(=O)O[C@H]1CCCN2[C@@H]1C3=C(CC2)C4=CC=CC=C4N3,CC(O[C@@H]1[C@@H]2C(N([Ar])C3c(CCCN2CCC1)=CC=CC=3)=CCCN2CCC1)=O
CDK_Depict_2_5,CCC/C=C(/SCC#C)\SOS(=O)Cl,C#CCS/C(=C/CCC)SOS(C)=O
CDK_Depict_2_6,C(F)(F)(S(=O)S(=O)C(F)(F)Br)Cl,*C(F)(F)S(=O)S(=O)C(F)(F)Br
CDK_Depict_2_7,O=[Sn]1O[Sn]2(O1)O[Sn](=O)O2,O=[Sc]1O[Sn]2(O1)O[Sc](=O)O2
CDK_Depict_2_8,CC(C)[C@@H]1C[C@@H]([C@]2(CCCC(=C)[C@@H]2[C@H]1O)C)O,CCCCCCCCCCCCCCCCCCCC
CDK_Depict_2_9,C1([Si]2=[Si]1C2(F)F)(F)F,FC1[SiH]2(F)[SiH2]12
CDK_Depict_2_10,C/C=C(\C)/C/C(=N\Cl)/OC,C/C=C(\C)CC(=NC)OC
CDK_Depict_2_11,C(C(N)P(=O)(O)O)S(=O)(=O)O,[NH3+]C(CS(=O)(=O)[O-])[PH](=O)(=O)[O-]
CDK_Depict_2_12,COS(#N)=P[P+]#P,N#S(O)=P[P+]#P
CDK_Depict_2_13,CP(=S)(CC1=CC=CC=C1)P(=S)(C)CC2=CC=CC=C2,CP(=S)(Cc1ccccc1)P(C)(=S)Cc1ccccc1
CDK_Depict_2_14,CC1([C@@H]([C@H](CN1C)C(=O)OC)C(=O)OC)C(=O)OC,COC(=O)C1[C@H](C(=O)OC)[C@@H](C(=O)OC)C[NH+]1C
CDK_Depict_2_15,C[C@H]1C[C@H]2CC3=CC=CC=C3N2N1,CC[C@]12Cc3cC=CC=c3N1N[C@@H](I)C2
CDK_Depict_2_16,C[S-](#C)OOOOO,C=[SH](C)(C)OOOO[12O]
CDK_Depict_2_17,C[C@]12CC[C@H](C1(C)C)C[C@@H]2S(=O)C(=C)C3=CCCCC3,CC1(C)[C@H]2C[C@H](S(=O)C3CCCCCC3)[C@]1(C)C2(C)C
CDK_Depict_2_18,CC1=C(CCO1)OC(=O)Cl,*C(=O)Oc1CCOC1C
CDK_Depict_2_19,CC(C)(C)OC(=O)N[C@H]1CC[C@@H](C1)O,CC(=O)OC(C)(C)OC(C)=O
CDK_Depict_2_20,C=P(C1CC1)(C2CC2)C3=CC=CC=C3,C=P(CC1CC1)(c1ccccc1)c1cccc1
CDK_Depict_2_21,O=S(I(Cl)Br)I(Cl)Br,*[IH](Br)S(=O)[IH](C)Br
CDK_Depict_2_22,C(N(COS(=O)(=O)O)COS(=O)(=O)O)OS(=O)(=O)O,O=S(=O)(O)OCN(COS(=O)(=O)O)COS(=O)(=O)O
CDK_Depict_2_23,[C@H]1([C@@H]2[C@@H](C(C(=O)O2)O)O[C@H]1O)O,CC1C(=O)O[C@@H](C)C[C@H](O)[C@H](O)CO[C@@H]1C
CDK_Depict_2_24,CN(C(=C(C#N)C#N)C#N)OC,CON(C)C(C#N)CC#N
CDK_Depict_2_25,N1NP2NNP1NN2,C1[NH]2[NH]3[PH]4[NH][NH]P1[NH]3
CDK_Depict_2_26,CNC(=O)ON=C1[C@H](C2C[C@@H](C1C2)C#N)Cl,CNC(=O)ON=C1C2CC(C[C@H]2C#N)[C@H]1C
CDK_Depict_2_27,CCOP(N1CCOC1=O)OCC,CCOP(OCC)N1CCOC1=O
CDK_Depict_2_28,C1[C@@H](O[C@@H](C1O)CO)N2C=C(C(=NC2=O)N)Br,Nc1c(O)cN([C@H]2CC(O)[C@@H](CO)O2)C(=O)N1
CDK_Depict_2_29,[B][B]B(B([B])[B])C(=C(B([B])B([B])[B])C)C,*CC(C(*)*)C(C)C.CC(C)C(C)C(C)C(C)C
CDK_Depict_2_30,C1C2CN3C(CN=N3)CN2N=N1,C1N=NN2CC3CN=NN3CC12
CDK_Depict_2_31,C1(=S)S[Bi](S1)SC(=S)S[Bi]2SC(=S)S2,O=C(S[Si]1SCSC(=S)S1)S[Si]1SC(=S)S1
CDK_Depict_2_32,P1P(PSP1S)S,*p1[1H]Sp(S)[1H]1
CDK_Depict_2_33,C1CC(=[Hf](Cl)Cl)C1,C[Pd](C)C
CDK_Depict_2_34,[PH2+](S)[S-],SPS
CDK_Depict_2_35,CC1=C2C(=O)[C@@H](CC[C@@]2(CCC1=O)C)C(=C)C,CC(C)C1CCC2CCC(=O)C(C)C2C1=O
CDK_Depict_2_36,C(NC1=NON=C1N)NC2=NON=C2N,Nc1c(NCNc2c(N)=NON=2)=NoN=1
CDK_Depict_2_37,C1(=NN=C([Se]1)[SeH])[SeH],[SeH]C1=NN=C([SeH])[Se]1
CDK_Depict_2_38,B(C#C)(C#C)N(C)C,C#CP(C#C)N(C)C
CDK_Depict_2_39,C(#N)N=C([Se][K])[Se][K],*[Se]C(=NC#N)[Se][K]
CDK_Depict_2_40,C[C@H]([C@@H](C=C)OO)C(=O)OC(C)C,C=C[C@@H](OO)[C@@H](C)COC(C)C
CDK_Depict_2_41,N1=S(N=S(N=S1Cl)Cl)Cl,Cls1n=s(Cl)ns(Cl)n=1
CDK_Depict_2_42,CS[C@H]1C(=O)N([C@]12CCCCC2=O)CC3=CC=CC=C3,CS[C@@H](C(=O)N(Cc1ccccc1)[C@@]1(CCCCC1=O)CCCCC1=O)[C@@H]1CCCCC1=O
CDK_Depict_2_43,[H][C@@]([2H])(CCCC)[C@@]([H])([2H])CI,[2H]C([2H])(CC)C([2H])(C)CCCC
CDK_Depict_2_44,C[C@H]([C@H](C1=CC=CC=C1)O)N,C[C@@H]([NH3+])[C@@H](O)C1CCCC(C1)CCCCC1
CDK_Depict_2_45,CC(C)(C)OC(=O)N[C@H]1CC[C@H](C1)O,COC(=O)N[C@H]1CC[C@@H](O)C1
CDK_Depict_2_46,CP(=S)(F)Cl,CP(F)(=S)Cl
CDK_Depict_2_47,C1(=O)C(=O)N1Cl,O=C1C(=O)N1[U]
CDK_Depict_2_48,C1CCC2(CC1)[C@H]3CC=CC[C@H]3C(=O)O2,*C12CC=CC[C@@]1(C)C(=O)OC21CCCCC1
CDK_Depict_2_49,C[C@@H]1CCC[C@H](C1)C,CC1CCCCCCC1
CDK_Depict_2_50,B(NC)(NC)NC,CNB(NC)[14NH2]C
CDK_Depict_2_51,CCOOP(=O)(OOCC)OCl,CCOOP(=O)(OC)OOCC
CDK_Depict_2_52,CC(C)(C)OC(=O)NC[C@H](CCCO)NC(=O)OC(C)(C)C,CC(=O)N[C@@H](CCCO)CNC(=O)COC(C)(C)C
CDK_Depict_2_53,COC1OC(OO1)OC,COc1ooC(OC)O1
CDK_Depict_2_54,B(C(C(F)(F)Br)(F)Br)(C(F)(F)F)C(F)(F)F,CC(F)(F)(F)(F)(F)(F)(F)(F)(F)(F)(F)(F)(F)(F)(F)(F)(F)(F)(F)(F)(F)(F)(F)(F)(F)(F)(F)(F)(F)(F)(F)(F)(F)(F)(F)(F)(F)(F)(F)(F)(F)(F)(F)(F)(F)(F)(F)(F)(F)(F)(F)(F)(F)(F)(F)(F)(F)(F)(F)(F)(F)(F)(F)(F)(F)(F)(F)(F)(F)(F)(F)(F)(F)(F)(F)(F)(F)(F)(F)(F)(F)(F)(F)(F)(F)(F)(F)(F)(F)(F)(F)(F)(F)(F)(F
CDK_Depict_2_55,C=P(Cl)(Cl)Cl,Cp(Cl)(Cl)Cl
CDK_Depict_2_56,C1[C@@H](S[C@@H](CC1N)C2=CC=CC=C2)C3=CC=CC=C3,N[C@@H]1C[C@@H](C2ccccc2)S[C@H](C2=CC=CC(=C2)C2)C1
CDK_Depict_2_57,CCCC(S(=O)Cl)S(=O)Cl,CCC(S(C)=O)S(C)=O
CDK_Depict_2_58,CI(CN=O)S,C[N+]=O
CDK_Depict_2_59,C(=O)(O)[As]S(=O)(=O)O,O=C([OH2+])*S(=O)(=O)=O
CDK_Depict_2_60,C1CCC(CC1)([C@H](C2=CC=CC=C2)N)O,OC1(C(C2ccccc2)CCCCC1)CCCCC1
CDK_Depict_2_61,CC12CCC3C(C1CC[C@@H]2O)CCC4C3(C[C@](C4)(C#C)O)C,C=C[C@@]1(O)CC2CCC3C(CCC4(C)C3CC[C@@H]4C)C2(C)C1
CDK_Depict_2_62,CC1=NSN=C1CC(=O)O,O=C(O)Cc1cnSN1
CDK_Depict_2_63,C[Si]1([Se][Si]([Se]1)(C)C)C,C[Si]1(C)[Se][Si](C)(C)[Se]1
CDK_Depict_2_64,C[C@H]1[C@@H]([C@H]([C@H](C(O1)O)O)O)O,OC1O[C@@H](I)[C@@H](O)[C@@H](O)[C@H]1O
CDK_Depict_2_65,CCC[C@]1(C(=N[C@H]([C@H](O1)C2=CC=CC=C2)C)C)O,CCC[C@@H]1O[C@H](C2=CC=CC=C2)[C@H](C)N=C1C
CDK_Depict_2_66,[B][B]B([B])I(B([B])[B])I,CC.ppp(p)pp(p)p
CDK_Depict_2_67,CN(C)C1=NN=CO1,CNC1=NN=CO1
CDK_Depict_2_68,B(C1=CCCCC1)(O)O,O[2H](O)c1cCCCC1
CDK_Depict_2_69,CCC(N=C=O)(N=C=O)OC(CC)(N=C=O)N=C=O,CCC(N=C=O)(N=C=O)OCC(N=C=O)(N=C=O)N=C=O
CDK_Depict_2_70,C(=O)(N)NC(=O)N(Cl)Cl,*C(=O)NC(=O)N(Cl)Cl
CDK_Depict_2_71,CSN=C1SC2=C(S1)CCCC2,CSC=NC1Sc2CCCCC2S1
CDK_Depict_2_72,C(#N)C(=NF)C(C#N)(F)F,*N=C(C#N)C(F)F
CDK_Depict_2_73,C1=C2C(=CC(=C1Cl)Cl)N(C=N2)[C@H]3[C@@H]([C@@H]([C@H](O3)CO)O)O,CCC1CCN([C@@H]2O[C@H](CO)[C@@H](O)C[C@H]2O)c2c1
CDK_Depict_2_74,CC[C@@]1(CC[C@@H]2[C@@]1(CC[C@H]3[C@H]2CCC4=CC(=O)CC[C@H]34)C)O,CC(C)(C)CCCCCCCC(=O)CCCCCCC(C)(C)CCCCC(=O)CCC(C)(C)C(C)(C)CCC(C)(C)C(C)(C)C
CDK_Depict_2_75,C[C@@H]1CCO[C@@]2(O1)[C@@H]([C@@H](CC([C@H]2Br)(C)C)C)Br,CC.CC
CDK_Depict_2_76,C/C=C/[C@H]1SCC[S@@]1=O,C/C=C/[C@H]1OCCC[S@]1=O
CDK_Depict_2_77,C1=C(NC=N1)SCC(=O)N,NC(=O)CSC1=CN=CN1
CDK_Depict_2_78,CC(C)[C@H]1CC[C@@]2(C([C@H]1C=C2CO)CO)C,CCC1CCC(C)C(C(CO)CO)C1
CDK_Depict_2_79,C1CC(=C[C@@H]1CC#N)OS(=O)(=O)C(F)(F)F,N#CCC1CCC(OS(=O)(=O)C(F)(F)F)C1
CDK_Depict_2_80,C(=O)(C(F)(F)F)OI(C(F)(F)F)OC(=O)C(F)(F)F,O=C(O[IH](OC(=O)C(F)(F)F)(C(F)(F)F)C(F)(F)F)F(F)F
CDK_Depict_2_81,C1=CC=C(C=C1)N2[C@@H]3[C@H]2C4C5C3C45,C1CC1.C1CC1.c1ccc(N2CCC2)cc1
CDK_Depict_2_82,C1(=NSS(=C1Cl)Cl)Cl,Clc1n[s-]s(Cl)c1Cl
CDK_Depict_2_83,C1=CN=NN=C1N2NN2,c1cc(N2NN2)NN=N1
CDK_Depict_2_84,C1(=NN=C(S1)I)F,Ic1nncS1
CDK_Depict_2_85,C1=CP2N=CC1C=N2,c1cnccC1
CDK_Depict_2_86,C1=C(C(=C(S1)S(=O)(=O)Cl)Br)Br,O=S(=O)(Cl)c1cc([Sr])cs1
CDK_Depict_2_87,[B]=BB=S(#B)CC,CCS(=S)(=S)=[3H]s=s
CDK_Depict_2_88,C[C@@H]([C@H]1[C@@H]2[C@H]([C@H](C(=O)O1)O)OC(O2)(C)C)O,[H][C@]1(C)[C@H](OCC)[C@@H](O)C(=O)O[C@H]1[C@@H](C)O
CDK_Depict_2_89,CC#CC=NC#CC,C=C.CC#CC=N
CDK_Depict_2_90,P12P3P1SP2S3,C[2H]1[2H][2H]2s1
CDK_Depict_2_91,C(C[Hg]OCl(=O)(=O)=O)OCl(=O)(=O)=O,O=C(=O)OCCN(=O)OCl(=O)(=O)=O
CDK_Depict_2_92,CC[C@H]1C[C@H](C1(C)C)C(=O)C,CCC1CC(C(C)=O)C1C
CDK_Depict_2_93,C(P(=O)(CSC(=N)N)O)SC(=N)N,*C(=N)SC[P+](C)(=O)CSC(*)=N
CDK_Depict_2_94,C[C@@H]1CCC[C@@H]1C,C1CC1CCCC1O
CDK_Depict_2_95,C(#N)C(C#N)C(C#N)C#N,N#CC(C#N)C(C#N)C#N
CDK_Depict_2_96,CCOP(=O)([Te]CC)[Te]CC,CCO.C[PH](C)=o
CDK_Depict_2_97,CC(C)OP(=O)(C)C1=CC=NC=C1,CC(C)O.CP(C)(=O)c1ccncc1
CDK_Depict_2_98,CP(C)(C)([Te]C)I,C[2H](C)(C)(C)C
CDK_Depict_2_99,N1=P(N=P(N=P(N=P1(O)O)(O)O)(O)O)(O)O,*[pH]1(O)[nH][PH](o)([14O])N=P([14O])([14O])[nH][pH](O)([14O])[nH]1
CDK_Depict_2_100,C/C=C/CCOC1NC(=O)NC1OCC/C=C/C,C/C=C/CCOC1NC(=O)CNC1OCCCCC
CDK_Depict_3_1,[3H]CC([3H])(C)C(C)(C)NC(C)C,CC.[2H]CC(C)(C)CC
CDK_Depict_3_3,C1CS(=O)(=O)CC1NC(=S)NN,*NC(=S)NC1CCS(=O)(=O)C1
CDK_Depict_3_4,COC1=C(C2=C3[C@@H](CC4=CC=CC=C42)NCCC3=C1)O,[H][C@@]12Cc3c(c4c(O)c(OC)cc(c41)CCN2)=CC=CC3
CDK_Depict_3_5,CC(C)N(C(C)C)P(=NC(C)(C)C)=NC(C)(C)C,CC(C)N(O=NC(C)(C)C)C(C)C
CDK_Depict_3_6,C1CCN(CC1)C(=O)[C@]2([C@@H](CCN2)C#N)C3=CC=CC=C3,N#C[C@@H]1CCC[NH+][C@]1(C(=O)C1CCCCC1)C1=CC=CC=C1
CDK_Depict_3_7,CC[C@@]1(CC[C@@H]2C1(CC[C@H]3C2CC=C4C3CCCC4)C)O,CC[C@@H]1(O)C(C)CC[C@@]2(C)C3CC=C(C)C(CCCCC(C)C4)[C@@]3(C)CCC12C
CDK_Depict_3_8,[2H]C1=COC=COC=COC=COC(=COC=CO1)[2H],[2H]c1cOccOcCOccOc(O)cOC=CO1
CDK_Depict_3_9,C[C@@H]1[C@@]2([C@]1(C3=CC=CC4=C3C(=CC=C4)C2=C)C)C,C=C1C2CCCC3CCCC(C32)[C@H]2(C)[C@@H](C)[C@H]12C
CDK_Depict_3_10,B1(C(OB(C(O1)CC)CC)CC)CC,CCC1O[SH](CC)C(CC)OO1CC
CDK_Depict_3_11,C[C@@H]1CC[C@@H](C1)C,CC1CCC(C)C1
CDK_Depict_3_12,C1=CNC(=O)NC(=C1)Cl,O=C1[14NH]C=CC=C([Cd])[14NH]1
CDK_Depict_3_13,CCCCCCCCCCCCC[C@H]([C@H](C)NC(=O)C)OC(=O)C,CCCCCCCCCCCCC[C@H](OC(C)=O)C(C)C
CDK_Depict_3_14,CO/C=C(/C(OC)OC)\Br,CO/C=C(\O[V])C(OC)OC
CDK_Depict_3_15,CN(C)C=S(=O)(N)O,[10H]S([10H])(=O)=CN(C)C
CDK_Depict_3_16,CC(=O)C=C1SC(=CC(=O)C)S1,CC(=O)C=C(S)S.CC(S)=C[Mn](C)=O
CDK_Depict_3_17,B(CC1(CC1)B(Cl)Cl)(Cl)Cl,CC#CB(C#C)C1(CB(C)C)CC1
CDK_Depict_3_18,C(CC(=O)N)[C@@H](C(=O)O)N,N[C@@H](CCC(=O)[AlH2])C(=O)O
CDK_Depict_3_19,O1OP2OOP1O2,Op1oopo1.oo
CDK_Depict_3_20,C1=C(C(=NC(=O)N1[C@H]2[C@@H]([C@@H]([C@H](O2)CO)O)O)N)F,C[C@H]1O[C@@H](N2C=C(F)C(N)=NC2=O)[C@H](O)[C@@H]1O
CDK_Depict_3_21,CCCCC(=O)P(=O)(N)SCC,*P(=O)(SCC)C(=O)CCCC
CDK_Depict_3_22,[2H]C(=C1CCC(CC1)C)OS(=O)(=O)C,CC1CCC(=C(=O)OS(C)(=O)=O)CC1
CDK_Depict_3_23,C/C(=N\NC(=S)N)/C1=NN=CC=C1,CC(=NNC(N)=S)c1cccnn1
CDK_Depict_3_24,CC1=CN(C(=O)NC1=O)[C@H]2C[C@@H]([C@H](O2)CO)F,CC1=CN([C@H]2CC(F)(F)[C@@H](CO)O2)C(=O)NC1=O
CDK_Depict_3_25,C(=O)(O)[Sn](C(=O)O)(C(=O)O)C(=O)O,CC(=O)*(C(=O)O)(C(=O)[16O])C(=O)[16O]
CDK_Depict_3_26,CC(C)N(C1=C(C1=S)N(C(C)C)C(C)C)C(C)C,CCN(C(C)C)C1C(=S)N(C(C)C)C(C)C
CDK_Depict_3_27,C=CC[Sn]O[Sn](CC=C)(F)F,C=CC[Sn]O[Sn](C)(F)CC=C
CDK_Depict_3_28,C1C=CSN=CC1=O,O=C1C=[U]SC=CC1
CDK_Depict_3_29,C1C(=O)NOC1(C(Cl)(Cl)Cl)O,*=C1[1H]OC([1H])(C([Cd])([Cd])[Cd])C1
CDK_Depict_3_30,B(=S)[Se]F,F[Se][2H]=S
CDK_Depict_3_31,C[C@]1([C@H]2C=CCC[C@H]2C1=O)OC,CO.[H][C@@]12CCC=C[C@@]1(C)C(=O)C2(C)O
CDK_Depict_3_32,C1=CS(=CS1)I,CS.c1cSC1
CDK_Depict_3_33,P(P(I)I)(I)I,CC.CC.CPC
CDK_Depict_3_34,CCOI=CI=NI=IC,*=*N=*C=*OC
CDK_Depict_3_35,COC(=O)C1=NNC(=N1)CBr,CCC1=NC(C(=O)OC)=NN1
CDK_Depict_3_36,CC[C@@H]1[C@@H]2CCO[C@@]2(C1=O)C,CC#C[C@H]1C(=O)[C@H](C)(C)CCO
CDK_Depict_3_38,C(C(=O)P(PP)P(P)P)(O)P(P)P(P)P,O=C(C(O)P(P)P(P)P)P(P(P)P)P(P)P
CDK_Depict_3_39,CC[C@H]1[C@@H]2CC[C@@H](C2)[C@@H]1[C@@H](CO)O,*C[C@@H](O)C[C@@]1([H])[C@@H](CC)[C@H](C)CC1(C)CC
CDK_Depict_3_40,C[C@H]([C@@H](C=C)OO)C(=O)OC,C=C[C@H](OO)[C@@H](C)C(=O)OC
CDK_Depict_3_41,CN1C=C(NC=C1Cl)Cl,CC1=C[nH]c([Cd])cn1C
CDK_Depict_3_42,C123SS1(=N)(S2)S3,*=[SH]1(S)CS1
CDK_Depict_3_43,C(=C=C(F)F)=C(F)F,F.FC=C=C=C(F)F
CDK_Depict_3_44,C1=NO[Si](=C1)O,Os1=CcnO1
CDK_Depict_3_45,N(=P(F)(F)Br)P(=S)(F)Cl,CC(C)P(F)(F)=NP(C)(F)=S
CDK_Depict_3_46,CCCCC[C@@H]1[C@H](OC(O1)(C)C)/C=C/C=O,CCCCC[C@H](O)[C@@H](/C=C/C=O)OC(C)(C)C
CDK_Depict_3_47,C1=CNC=C1SC#N,N#CSc1ccNC1
CDK_Depict_3_48,[CH2+]CN=S(=N)(O)[O],*=S(O)(O)=NCC
CDK_Depict_3_49,CCS[P+](C)(N(C)C)[O-],C[Al]([PH-]1(C)(C)SCC)C
CDK_Depict_3_50,CC1(/C(=C\I)/SC(=C)CO1)C,C=C1COC(C)(C)/C(=C\C)S1
CDK_Depict_3_51,CCCCNSN(CCCC)N(CCCC)SNCCCC,CCCCCCCCN(SN)N(CCCC)SNCCCC
CDK_Depict_3_52,C[C@]12[C@H](COC1=O)[C@H]3CC[C@@]2(O3)CI,[H][C@]1(CC)C(C(C)=O)C(C)O[C@@]1([H])CC
CDK_Depict_3_53,C(C(=O)O)N=C(NNC(=O)N)NNC(=O)N,CC(=O)[AlH]NC(=NCC(=O)O)NNC(N)=O
CDK_Depict_3_54,C[C@@]1(C[C@@H]2[C@H](N=C(N[C@]23[C@@H](C(=O)O[C@H]1C3O)O)N)O)O,C[C@@H]1(O)C[C@@H]2[C@@H](O)N=C([WH])[C@H](O)[C@@H]2[C@H](O)C(=O)O[C@@]12[H]
CDK_Depict_3_55,C1(C(S1)(SC(Cl)(Cl)Cl)Cl)(SC(Cl)(Cl)Cl)Cl,CC(C)(Cl)SC1(Cl)SC(C)(SC(Cl)(Cl)Cl)CC1Cl
CDK_Depict_3_56,C1=C(C(=S)NC(=S)N1N)Br,[AlH2][AlH2]1CC(B[V])C(=S)[AlH2]C1=S
CDK_Depict_3_58,C1=C(C=[In]O1)O,Oc1c[1n]OC1
CDK_Depict_3_59,[2H]C1(CN(CCO1)N=O)O,[2H]C(O)C[V](CCO)N=O
CDK_Depict_3_60,C(=C=C=O)=C=C=O,O=C=C=C=C=O
CDK_Depict_3_61,C=C(C(=C)C(=C)N)C(=C)N,C=C(C)C(=C)C(=C)C(=C)[W]
CDK_Depict_3_62,C[C@]12CC[C@H]3[C@H]([C@@H]1CC[C@@H]2N)CC=C4[C@@]3(CC[C@@H](C4)NC)C,CN.[H]C12CC[C@H](N)[C@@]1(C)CC[C@]1([H])[C@H](C)C(C)CCC21C
CDK_Depict_3_63,CCOP(=O)(C#N)ON(C)C,CCOP(=O)(C#N)O[Al](C)C
CDK_Depict_3_64,C(=O)(O)P(=O)=O,O=*(=O)C(=O)O
CDK_Depict_3_65,CNN1C=NC(=O)NC1=O,C[AlH2]N1c[11NH]C(=O)[11NH]C1=O
CDK_Depict_3_66,C1=CC=C(C=C1)CN2[C@@H]3[C@H]2C4C5C3C45,C[C@@]12N(Cc3ccccc3)[C@@]1([H])C1C3C4C2C14
CDK_Depict_3_67,C=C[Tl](C=C)Br,C=CC.CCC.CS
CDK_Depict_3_68,CCN(CC)P(CC)P(CC)N(CC)CC,CCP(P(CC)[U](CC)CC)[V]1CCC1
CDK_Depict_3_69,CCOC(=O)[C@H](C=NCCN(C(C)C)C(C)C)C#N,CCOC(=O)[C@@H](C#N)C=NCCN(C(C)C)C(C)C
CDK_Depict_3_70,B(C(=C=C(B(F)F)B(F)F)B(F)F)(F)F,FB(F)C(=C=C(B(F)(F)F)B(F)(F)F)[SH](F)F
CDK_Depict_3_71,B(C(=C(B(F)F)B(F)F)B(F)F)(F)F,F[2H](F)C([2H](F)F)=C(B(F)F)B(F)F
CDK_Depict_3_72,COC(=O)[C@H](CS)N,COC(=O)[C@@H]([AlH2])CS
CDK_Depict_3_73,C1(=N)N(C(=N)N(C(=N)N1O)O)O,C[AlH](O)C(=N)[AlH](O)C(=N)[AlH](O)C(=N)[AlH](O)C(=N)[AlH](O)C(=N)[Al](O)C(=N)[Al](O)C[AlH]
CDK_Depict_3_74,CCC1C=NC=CN1,CCc1cncc[nH]1
CDK_Depict_3_75,S(=[V]I)(I)I=[Se],C/[V]=S(\C)*=[Sc]
CDK_Depict_3_76,C([C@@H]1[C@@H]([C@@H]([C@H](C(O1)O)N)O)O)O,OC[C@H]1OC(O)[C@H]([WH])[C@@H](O)[C@H]1O
CDK_Depict_3_77,C(=C(C(=O)O)OP(=O)(O)O)C(=O)O,CC(=O)C(=CC(=O)O)OP(=O)(O)O
CDK_Depict_3_78,O=[Mo](=[Mn])=[Co],O=[Mo](=O)=[Mo]
CDK_Depict_3_79,C1CSCC(CS1)NS(=O)(=O)O,CCCSCC(CC)NS(=O)(=O)O
CDK_Depict_3_80,CS(=O)(=O)OC[C@H]([C@@H](COS(=O)(=O)C)N)N,CS(=O)(=O)OC[C@@H](N)[C@@H]([AlH2])COS(C)(=O)=O
CDK_Depict_3_81,C[C@@H]1C(=O)O[C@@]([C@]1(C)O)(C)C(=O)O,CC(=O)C(C)(C)C(C)=O.CCC(=O)O.O
CDK_Depict_3_82,C1[C@@H]2C=C[C@H]1[C@@H]3[C@H]2[C@H]4CO[C@@H](C3=O)O4,C1C[C@@H]2(C)[C@@]3([H])[C@@]4([H])C(=O)[C@]5([H])OC[C@@]3([H])O5
CDK_Depict_3_83,C[C@@H]1CC[C@H]([C@@H](C1)O)C(C)C,CCCCCC1CCCC[C@H]1O
CDK_Depict_3_84,CC(C)(C)P(C(C)(C)C)P=C(SC)SC,CC(C)(C)C.CC(C)(C)C.CSC(=O)SC
CDK_Depict_3_85,P1PPP1,O.P.P
CDK_Depict_3_86,C[C@@H](C(C1=CC=CC=C1)O)NC,CN[C@H](C)C(O)c1ccccc1
CDK_Depict_3_87,CCCCCCCC(=O)OC[C@@H]1C[C@@H]([C@@H]2[C@H]1OC(O2)(C)C)CO,CCCCCCCC(=O)OC[C@@H]1C[C@H](CO)[C@]2(C)OC(C)(C)O[C@]12C
CDK_Depict_3_88,CCC[C@@H]([C@@H](CN[C@@H](C)C(=O)OC)N(CC=C)CC=C)O,C=CCN(CC=C)[C@@H](CN[C@@H](C)C(=O)OC)[C@@H](O)CCC
CDK_Depict_3_89,C1=NC(=C2C(=N1)N(C=N2)[C@H]3[C@H]([C@@H]([C@H](O3)CO)O)O)N,C1C2=C(N)[n]c[n]c2[n]2c[n]1C[C@@H]1O[C@H](CO)[C@@H](O)[C@@H]1O
CDK_Depict_3_90,CCSSC(CN=C=S)N=C=O,CCSSC(CN=C=S)N=C=O
CDK_Depict_3_91,C1CC(CCC1N2N(O2)C3CCC(CC3)Cl)Cl,*C1CCC(N2ON2C2CCC(C)CC2)CC1
CDK_Depict_3_92,C(OOS(OC(F)(F)F)(F)(F)(F)F)(F)(F)F,FC(F)(F)OS(F)(F)(F)(F)(F)OC(F)(F)F
CDK_Depict_3_93,CC(C)(C)[Ge](=[Ge](C(C)(C)C)C(C)(C)C)C(C)(C)C,CC(C)(C)C.CC(C)(C)C
CDK_Depict_3_94,C1C23C14N2N34,C1C2(C)[nH]n2
CDK_Depict_3_95,C(=C(/N/C(=N/P(=O)(Cl)Cl)/Cl)\Cl)\P(=O)(Cl)Cl,C/C(=C\P(=O)(Cl)Cl)N/C(C)=N/P(C)(C)=O
CDK_Depict_3_96,C([C@@H]1[C@H]([C@@H](C(=O)O1)O)O)O,O=C1O[C@H](CO[Ir])[C@@H](O)[C@@H]1O
CDK_Depict_3_97,C(=O)(N(Cl)Cl)OC(Cl)(Cl)Cl,C#CN([CH])C(=O)OC([CH])(C)C
CDK_Depict_3_98,[2H]N([2H])C(CO[2H])(CO[2H])CO[2H],[2H]oCC(Co[2H])(Co[2H])*([2H])[2H]
CDK_Depict_3_99,CN(N)P(=S)(Cl)Cl,[CH][PH]([CH])(=S)N(C)[W]
CDK_Depict_3_102,C(=[As](=C\Cl)\Cl)\Cl,CC#CC=[As](Cl)=CCl
CDK_Depict_3_103,C(/C(=C/Br)/Br)Br,*C=C(*)C*
CDK_Depict_3_106,CC12CC3C(C(=C)C1CCC([C@H]2O)O)C(=C)C(=O)O3,C=C1C(=O)OC2CC3(C)C(CCC(O)[C@H]3O)C(=C)C12
CDK_Depict_3_107,B(=O)OB1OB(OB(O1)OB=O)O,O=bOs1os(O)os(Ob=O)o1
CDK_Depict_3_108,CC[C@@H]1CCC[C@H]1C,CCC1CCCC1C
CDK_Depict_3_109,C1C(=O)N=[S-](=O)[Se]1,O=C1CS[SH](=O)=N1
CDK_Depict_3_110,CCN(CC)C(=S)SS(=O)(=O)N(C)C,CCN(CC)C(=S)SS(=O)(=O)N(C)C
CDK_Depict_3_111,CN1C=NC2=C(C1=N)N=CN2[C@H]3[C@@H]([C@@H]([C@H](O3)CO)O)O,CN1C=nC2c([U]=CN2[C@@H]2O[C@H](CO)[C@@H](O)[C@H]2O)C1=N
CDK_Depict_3_112,CS([N-]S(C(F)(F)F)(O)O)(O)O,CS(C)(O)[N-]S(O)(O)C(F)(F)F
CDK_Depict_3_113,C(CNC(=S)S)NC(S)S,*C(S)NCCNC(=S)S
CDK_Depict_3_115,CC12CCC3C(C1CC[C@@H]2O)CCC4=C3C=CC(=C4)OC,CC12CCC3c4ccc(OC)cc4CCC3C1CC[C@@]2(O)C1C
CDK_Depict_3_117,C1=NP(N=C1)P2C=PPP2,c1nCP(P2cn[nH][nH]2)nC1
CDK_Depict_3_118,C(N(C(F)F)S(=O)(=O)F)(F)F,O=S(=O)(F)N(C(F)F)C(F)F
CDK_Depict_3_119,[N-]=[N+]=N[In]1N=[N+]=N1,[N-]=[N+]=N*1*=[s+]=[U]1
CDK_Depict_3_120,C(=O)(NSNP=S)O,O=C(o)NSNP=S
CDK_Depict_3_121,C1CCC2(C1)[C@H]3CC=CC[C@H]3CO2,CC[C@]1(O)CC=CC[C@]1(C)C1(O)CCCC1
CDK_Depict_3_122,CP(P(=S)(C)C)SC,CSP(C)*(C)(C)=S
CDK_Depict_3_123,CO/N=C\1/SS/C(=N/OC)/S1,CON=C1SSC(=NOC)S1
CDK_Depict_3_124,C1=CC=C(C=C1)C#C[C@H](CF)O,O[C@H](C#Cc1ccccc1)CF
CDK_Depict_3_125,C(P(=O)(CBr)CBr)Br,*C[PH](=O)C*
CDK_Depict_3_126,C(=NN=CN=O)NO,O=NCNCCNCCNCO
CDK_Depict_3_127,C(C[C@@H](C(=O)O)N)CN,CCCC.NCC(=O)O
CDK_Depict_3_128,C[C@@](CC1=CC=C(C=C1)O)(C(=O)O)N,*[C@](C)(Cc1ccc(N[U])cc1)C(=O)O
CDK_Depict_3_130,CCP(=O)(CCC(=O)Cl)Cl,CCP(=O)(C#N)CCC(=O)[Cd]
CDK_Depict_3_131,B(C#N)(C(Cl)Cl)C(Cl)Cl,CC(Cl)B(C#N)C(Cl)Cl
CDK_Depict_3_132,CC1(C2(P1C)CP2C)C,CP1CC12OC(C)(C)C2(C)C
CDK_Depict_3_134,C1=NN=C2C1=NN=NC2=O,O=C1N=NN=c2c1=NN=C2
CDK_Depict_3_135,C1C=C[C@@H]2[C@H]1C(=O)NC(=O)N2,[H][C@@]12C=CC[C@@]1([H])C(=O)NC(=O)N2
CDK_Depict_3_136,CN(C)C(F)SN(C)F,CN(F)SC(F)[U](C)C
CDK_Depict_3_137,[B-](C)([Si](C)(C)C)([Si](C)(C)C)[Si](C)(C)C,C[SiH](C)[2H-]([SiH](C)C)[Si](C)(C)C
CDK_Depict_3_138,CC(=O)O[C@H]1C[C@H]2[C@@H](CC/C=C\CC[C@@H]([C@H]1O2)O)I,CC(=O)O[C@H]1CC[C@@H]2([H])O[C@@H]([H])[C@@H](O)CCC=CCC[C@H]2I
CDK_Depict_3_139,CNC(COCCO)C=O,CCNC(C=C=O)COCCO
CDK_Depict_3_140,C([C@H]([C@@H](C(=O)C(=O)C(=O)O)O)O)O,*[C@@H](C[H])[C@@H](O)C(=O)C(=O)C(=O)O
CDK_Depict_3_141,C(/C(=N/O)/N)C(=O)NN,*/C(CC(=O)NN)=N\O
CDK_Depict_3_142,CN(C)C=C(C#N)C(=S)N=CN(C)C,CN(C)C=NC(=S)C(C#[W])CN(C)C
CDK_Depict_3_143,CC(C)(C#N)O[C@H]1[C@@H]([C@H]([C@@H]([C@H](O1)CO)O)O)O,CC(C)(C#N)O[C@@H]1O[C@H](CO)[C@@H](O)[C@H](O)[C@H]1O
CDK_Depict_3_144,C1CC(CCC1Br)Br,*C1CCC([Dy])CC1
CDK_Depict_3_145,C12C(NSN1)NSN2,C1[NH]SNc1NS[nH]1
CDK_Depict_3_147,C[C@]12CC[C@H]3[C@H]([C@@H]1CC[C@@H]2O)CC[C@@H]4[C@@]3(CC(=CC4)C=O)C,C=O.CCC1(C)[C@@H]2CC[C@@]3(C)[C@@H]4CC(C=O)[C@@H](C)CCC13[H]
CDK_Depict_3_148,C(C(=NO)/C(=C/Br)/NO)Br,ON/C(=C\[Dy])C(CBr)=[Au]O
CDK_Depict_3_149,CCCCC[C@@H](C=C[C@H]1[C@@H](CC(=O)[C@@H]1CC=CCCCC(=O)O)O)O,CCCCC[C@H](O)CC1=C[C@@H]2[C@H]3C(=O)C[C@H]2O
CDK_Depict_3_150,CCCCC/C=C\C[C@H]([C@H]1COC(O1)(C)C)OC(=O)C,[H][C@@]1([C@@H](C)C/C=C\CCCCC)COC(C)(C)O1
CDK_Depict_3_152,CC1=CC=C(S1)/C(=C(/C2=CC=C(S2)C)\F)/F,*/C(C1=CC=C(C)S1)=C(/F)c1ccc(C)s1
CDK_Depict_4_3,C[C@@H]([C@](C(C)C)(C(=O)OCC1=CCN2[C@@H]1CCC2)O)O,[H][C@]12CCCN1CCC2COC(=O)[C@@](O)(CC)[C@H](C)O
CDK_Depict_4_4,C(C(C(=O)O)(C(=O)O)C(=O)O)P,O=C(O)C(CP)(C(=O)O)C(=O)O
CDK_Depict_4_5,B1BBC2BBBBC2BB1,b1bcc2cbbbc2[sH]b1
CDK_Depict_4_6,C[C@@H]1CC[C@H](C[C@H]1O)C(C)(C)OC,COC(C)[C@@H]1CC[C@@H](C)[C@H](O)C1
CDK_Depict_4_7,C(=O)([O-])[I-](O)(Cl)Br,O=C([O-])[I-](O)(Cl)Cl
CDK_Depict_4_8,CCCCCCCCCCCCCCC[C@H](C[C@H](CO)O)O,CCCCCCCCCCCCCCCC(O)C[C@@H](O)CO
CDK_Depict_4_9,CC(C(=NOC(=O)NC)C)S(=O)C,CNC(=O)ON=C(C)C(C)S(C)=O
CDK_Depict_4_10,C1=CC(=CC=C1C[C@@H](C(=O)O)N)OP(=O)(O)O,N[C@@H](Cc1ccc(OP(=O)(O)O)cc1)C(=O)O
CDK_Depict_4_11,C[C@H]1[C@H]([C@H]([C@H]([C@H](O1)OC)O)O)O,CO[C@H]1O[C@@H](C)[C@@H](O)[C@H]([Ho])[C@H]1O
CDK_Depict_4_12,C=CCN1C(=CC(=C1Br)Br)Br,*c1cc(Br)c(Br)N1CC=C
CDK_Depict_4_13,C[C@@H]1[C@@H]([C@@H]2[C@H]1[C@H]3CCCN3O2)C,C1C[n]2O[C@]3([C@@H](C)[C@H](I)[C@@]3([H])[C@H]2C1)[C@H](C)O2
CDK_Depict_4_14,C([C@@H]([C@H]([C@@H](C(=O)CO)O)O)O)O,O=C(CO)[C@@H](O)[C@H](O)[C@@H](O)CO
CDK_Depict_4_15,C1=CC(NC=C1)S(=O)(=O)O,O=S(=O)(O)c1cCC=CN1
CDK_Depict_4_16,CCCCCCCCCCCCCC=C[C@H]([C@H](CO)N)O,CCCCCCCCCCCCCC=C[C@@H](O)[C@@H](N)CO
CDK_Depict_4_17,C1CCN[C@H](C1)[C@H](C2=CC(=C(C=C2)O)O)O,[H][C@]1([C@@H](O)c2ccc(O)c(O)c2)CCCC[NH2+]1
CDK_Depict_4_18,CC(N=C=O)N(C(C)N=C=O)C(C)N=C=O,CC(N=C=O)N(C(C)N=C=O)C(C)N=C=O
CDK_Depict_4_19,B1(NB(NB(N1)CCC)CCC)CCC,CCC[SH]1NB[NH+][SH](CC)N1
CDK_Depict_4_20,CC(=O)O[C@@H]([C@H]1CCC(=O)O1)C2=CC=CC=C2,[H][C@@]1([C@@H](OC(C)=O)c2ccccc2)CCC(=O)O1
CDK_Depict_4_21,CC(C=C)(C#CBr)O,C=CC(C)(O)C#CBr
CDK_Depict_4_22,C(=NBr)(C(=NBr)F)F,*/N=C(\F)C(F)=NC
CDK_Depict_4_23,CC(C)(C)NC[C@@H](COC1=CC=CC=C1C2CCCC2)O,CC(C)(C)NC[C@H](O)COc1ccccc1C1CCCC1
CDK_Depict_4_24,CCOC(=O)C(S(=O)(=O)Cl)Cl,CCOC(=O)C(Cl)S(=O)(=O)Cl
CDK_Depict_4_25,CN(C)[C@H]1CCCC2=C(C=CC(=C12)Cl)OC,COc1ccc(Cl)c2c1CCC[C@@H]2N(C)C
CDK_Depict_4_26,B(=O)/C=N/C(=C)NB(C)O,C=C(N=C[SH]=O)NB(C)O
CDK_Depict_4_27,C[C@]12CC[C@@H]3[C@H]1[C@H](C[C@@H]3C2)O,CC12CCC(O)(C[C@@H](O)CC(C1)C2)C1
CDK_Depict_4_28,CC(=O)N(C)[C@H]1[C@@H]([C@H]([C@@H](CO1)O)O)O,CC(=O)N(C)[C@@H]1OC[C@@H](O)[C@H](O)[C@H]1O
CDK_Depict_4_29,CCOSSOCC,CCOSSOCC
CDK_Depict_4_30,CC1NC(SC(O1)C)C,CC(C)SC(C)NCCCCl
CDK_Depict_4_31,B1BBBBBC(=C(BBBB1)CO)CO,*CC(C(CO)C[SH][SH](C)CS)C(C*)C(C*)C(C[Ho])C(C)C
CDK_Depict_4_32,C1=CC=C(C=C1)C(C2=CC=CC=C2F)(Cl)Cl,Fc1ccccc1C(Cl)(Cl)c1ccccc1
CDK_Depict_4_33,C1[C@@H](C([C@H](CC1(C(=O)O)O)O)O)O,O=C(O)C1(O)C[C@@H](O)C(O)[C@@H](O)C1
CDK_Depict_4_34,CC(C)(C#N)[C@@H]1CC=C(C1)I,CC(C)(C#N)[C@@H]1CC=C(I)C1
CDK_Depict_4_35,C1=CC=C(C=C1)[C@H](C(=O)O)O,O=C(O)[C@H](O)c1ccCC=C1
CDK_Depict_4_36,CCOC(=C)N(P=S)Cl,C=C(OCC)N(Cl)P=S
CDK_Depict_4_37,C1C(=NN=N1)N=CC=NN2C=NN=C2N,Nc1n[nH]cN1N=CC=NC1=N[nH]=NC1
CDK_Depict_4_38,C1=CP2C=NC1N=C2,C1=COCnc1ncnc1
CDK_Depict_4_39,CCOC(=N)N(C(=O)N(SC)SC)SC,CCOC(=N)N(SC)C(=O)N(SC)SC
CDK_Depict_4_40,[3H]P(C(=S)F)I,[3H]P(C)C(F)=S
CDK_Depict_4_41,CCN(CC)C[C@@H](CP(=O)(O)O)P(=O)(O)O,CCN(CC)C[C@@H](CP(=O)(O)O)P(=O)(O)O
CDK_Depict_4_42,CCOC1=C(C1=O)OCC,CCOC1=C(OCC)C1=O
CDK_Depict_4_43,C1=CC2=CC3=CC=C4C3=C2C1=C4,c1cc2cc3ccc4c3c2c1
CDK_Depict_4_44,C[C@@]1(CC[C@@H]2C1(CC[C@H]3C2CC4=CC(=O)CCC34C)C)O,CC12CCC(=O)C=C1CC1[C@]3(C)CC[C@@](C)(O)C3(C)CC[C@@]12F
CDK_Depict_4_45,CCC[C@@H]([C@H]1CN[C@H](C(=O)N1)C(C)C)O,CCC[C@H](O)[C@@]1(N)CN[C@@H](C(C)C)C(=O)N1
CDK_Depict_4_46,C1=CS(=S(=O)=O)C=C1,O=S(=S)=s1cCcc1
CDK_Depict_4_47,CC(C)(C(=N)N)N=NC(C)(CCl)C(=N)N,*C(=N)C(C)(CCl)N=CNC(C)(C)C(=N)N
CDK_Depict_4_48,B(CC)(CC)N1C=C(C=N1)Br,CC[2H](CC)n1cc(C)cn1
CDK_Depict_4_49,C[C@]12CC[C@@H](C[C@H]1C(=O)CC2)O,[H][C@]12C[C@@H](O)CCC1(C)CCC2=O
CDK_Depict_4_50,CC(=O)C(=C=O)P(=S)(C(C)(C)C)C(C)(C)C,CC(=O)C(=C=O)P(C)(=S)C(C)(C)C
CDK_Depict_4_51,C[C@]12C[C@H](CS(=O)C1)C3=C(N2)C=CC(=C3)F,[H][C@@]1(c2cc(F)ccc2[nH])C[C@@H](C)CS(=O)C1
CDK_Depict_4_52,C([C@H]([C@H]([C@@H]([C@H]([C@H](C(=O)O)O)O)O)O)O)O,*C(=O)C(O)[C@@H](O)[C@@H](O)[C@H](O)[C@@H](O)CO
CDK_Depict_4_53,C[C@]12CC[C@H]3[C@H]([C@@H]1CCC2=O)CCC4=CC=CC=C34,C[C@@H]1CC[C@]2([H])c3ccccc3CC[C@@]2([H])[C@]1([H])CCC(=O)[C@@H]2C
CDK_Depict_4_54,[2H]C([2H])([2H])C1=NC(=NC(=N1)/C=C/C)C([2H])([2H])[2H],[2H]C([2H])([2H])c1nC(C([2H])([2H])[2H])[nH]c(/C=C/C)N1
CDK_Depict_4_55,CO[C@@H]1C[C@@]23C(CCN2CCC4=C3CC(=O)OC4)C=C1,CO[C@H]1C=CC2CCN3CCc4c(CC(=O)OC4)[C@@]2(C1)N2CC4
CDK_Depict_4_56,C1[C@H](C(=O)NO1)N,C[C@@H](N)C(=O)NO
CDK_Depict_4_57,B1(CB(OB(O1)C)C)C,CB1Cb(C)ObO1
CDK_Depict_4_59,C(C(=O)O[Hg]OC(=O)CBr)Br,O=C(CBr)O[Hg]OC(=O)C[15Sr]
CDK_Depict_4_60,C(=O)(N)NNNNC(=O)N,NC(=O)[NH2+]N[NH2+]NC=O
CDK_Depict_4_61,C1CSC(=O)C(=O)SCCSCCSC(=O)C(=O)SCCS1,O=C1SCCSCCSC(=s)C(=O)SCCSCCSC1=s
CDK_Depict_4_62,CC(C)C1=CC2=C(C=C1)[C@@]3(CCC[C@]([C@H]3CC2)(C)C=O)C,CC(C)C1=CCC(C)[C@@]2(C)CCC[C@@](C)(C(N)=O)[C@@]2(C)CCCC1
CDK_Depict_4_63,C[C@@H]1CC[C@]23[C@H]1CC[C@]2(C[C@@H]([C@]3(C)O)C)C,C[C@@H]1C[C@@]2(C)CC[C@@]3(C)[C@@H](C)CCC23C1(C)O
CDK_Depict_4_64,C(OOC(Br)Br)(Br)Br,*C(*)OOC(*)*
CDK_Depict_4_65,COC\1=C(SS/C1=C\N=O)SC,COc1c(SC)SSc1=CN=O
CDK_Depict_4_66,B(B(N(C)C)I)(N(C)C)I,CB(B(C)N(C)C)N(C)C
CDK_Depict_4_67,C1[C@@H]([C@H](O[C@H]1N2C=CC(=NC2=O)N)CO)O,C*c1ccN([C@H]2C[C@H](O)[C@@H](CO)O2)C(=S)N1
CDK_Depict_4_68,C[C@@H]([C@@H](C1=CC(=CC=C1)O)O)N,CC(N)[C@H](O)c1cccc(O)c1
CDK_Depict_4_69,C1=NN=NN1OC(=O)N,NC(=O)On1cnnn1
CDK_Depict_4_71,CC1([C@@H](N2[C@H](S1)[C@@H](C2=O)N)C(=O)O)C,[H][C@@]12SC(C)(C)[C@H](C(=O)O)N1C(=O)[C@H]2N
CDK_Depict_4_72,COCCOCOOOCOCCOC,COCCOCOOOCOCCOC
CDK_Depict_4_73,C1(=NNN=N1)OC(=O)O,O=C(O)Oc1[nH+][nH+][nH+][nH+]1
CDK_Depict_4_74,C1=CN(N=N1)NC(=O)NN2C=CN=N2,O=C(NN1ccnn1)NN1ccnn1
CDK_Depict_4_75,C(O)P(=O)(CO)OP(=O)(CO)CO,CCP(=O)(CC)OP(=O)(CO)CO
CDK_Depict_4_76,CN(C)[C-]=NC(=NC(=[W])C(=O)O)Cl,CN(C)[C-]=NC(Cl)=NC(=[W])C(=O)O
CDK_Depict_4_77,C(=N)(N)P(=O)=O,N=NC(=N)[PH](=O)=s
CDK_Depict_4_78,C1[C@@H]([C@H](O[C@H]1N2C=CC(=NC2=O)N)COP(=O)(O)O)O,NC1=NC(=O)N([C@H]2C[C@H](O)[C@@H](COP(=O)(O)O)O2)C=C1
CDK_Depict_4_79,CCCCCCCCCCCC(=O)N[C@@H](C(C)C)C(=O)O,CCCCCCCCCCCC(=O)N[C@H](C(=O)O)C(C)C
CDK_Depict_4_80,CC(C)O/C(=C/P(=O)(Cl)Cl)/C(P(=O)(Cl)Cl)Cl,CCO/C(=C/P(=O)(Cl)Cl)C(Cl)P(=O)(Cl)Cl
CDK_Depict_4_81,CC(C)(C)NC[C@@H](COC1=NSN=C1N2CCOCC2)O,CNC[C@H](O)COc1nSnc1N1CCOCC1
CDK_Depict_4_82,COC(=O)CCC/C=C\C[C@H]1[C@H]2CC[C@H](C2)[C@@H]1C=O,[H][C@]12CC[C@@](N)(C1)[C@@H](C=O)[C@@H]2C/C=C\CCCC(=O)OC
CDK_Depict_4_83,C1CN(CCN1)C(C(N2CCNCC2)O)O,OC(C(O)N1CCNCC1)N1CCNCC1
CDK_Depict_4_84,CCOC=NC1=C(N=CN=C1Cl)Cl,CCOC=Nc1c(Cl)ncnc1Cl
CDK_Depict_4_86,C1=NC(=NN1[C@H]2[C@@H]([C@@H]([C@H](O2)CO)O)O)C(=O)N,*C(=O)c1=NN([C@H]2O[C@@H](CO)[C@H](O)[C@@H]2C)C=N1
CDK_Depict_4_87,C(#N)C(C(Cl)(Cl)Cl)(N=S=O)Cl,N#CC(Cl)(n=s=O)C(Cl)(Cl)Cl
CDK_Depict_4_88,CCCC[SeH]=P(C(Cl)(Cl)Cl)([SeH])[SeH],CCCC[Se]=P([SeH])([SeH])C(Cl)(Cl)Cl
CDK_Depict_4_89,C1NC(=S)N=N1,S=C1N=NCN1
CDK_Depict_4_90,CNP(=O)(N(C)P(=O)(Cl)Cl)Cl,CN[PH](=O)(Cl)N[PH](=O)(Cl)Cl
CDK_Depict_4_91,C1=CP=PP=C1C2=PP=PC=C2,c1cc(-c2ccppp2)pcp1
CDK_Depict_4_92,CCN(CC)P(=O)(C#CCl)OC,CCN(CC)[PH](=O)(C#CCl)OC
CDK_Depict_4_93,C[C@@H](C(=O)C)O[C@@H]1C[C@H]2[C@H]3CC[C@@]([C@H]2O1)(C3(C)C)C,C[C@H](O[C@H]1O[C@@]2(C)[C@@]3(C)CC[C@@]4(C)[C@@]2(C)C1C3(C)C)C(C)=O
CDK_Depict_4_94,C1CC(O[C@@H]1C(=O)O)C(=O)O,O=C(O[Hf])C1CC[C@@H](C(=O)O)O1
CDK_Depict_4_95,OS1(OO1)(O)(O)O,O=[N+]([O-])S1([N+](=O)[O-])([N+](=O)[O-])([N+](=O)[O-])CO1
CDK_Depict_4_96,CCCC1(N=C2C=CC=CC2=N1)N(C)C,CCCC1(N(C)C)nc2c(ccc(C2)CC2=N1)n1
CDK_Depict_4_97,C(=C(F)F)(C(=O)F)F,O=C(F)C(F)=C(F)F
CDK_Depict_4_98,C1C[C@@H]2C[C@H]1[C@H]3[C@@H]2[C@H]([C@@H]4OC[C@H]3O4)O,[H][C@@]12OC[C@@]([H])(O1)[C@]1([H])[C@]3([H])CC[C@]([H])(C3)[C@]1([H])[C@@H]2O
CDK_Depict_4_99,C[C@@H]1[C@@H]2C[C@](O1)(CC=C2C)C(C)C,[H][C@@]12C[C@@](C(C)C)(CC=C1C)O[C@H]2C
CDK_Depict_4_100,N1[P+](N[P+](N[P+]1(F)F)(F)F)(F)F,F[P+]1(F)N[P+](F)(F)N[P+](F)(F)N1
CDK_Depict_5_1,C(#N)C(N(F)F)(F)Cl,*C(F)(C#N)N(F)F
CDK_Depict_5_2,[Fe]=[Bi+],[Te+]
CDK_Depict_5_3,C[C@@H](CC1=CC=CC=C1)NC,CC.CCC.CCc1ccccc1
CDK_Depict_5_4,C(=O)C(=NN=[W])C(=[W])O,C=CC(=NN=[W])C(o)=[W]
CDK_Depict_5_5,CC(C)[C@](C(C)OC)(C(=O)O)O,CCC(C)[C@@H](C(=O)O)C(C)[C@@H](C)C1
CDK_Depict_5_6,CC(C)[C@H]1CC[C@]2([C@@H]3COC(=O)[C@@H]3[C@@H]1C24CO4)C,CC[C@H]1CC[C@@H]2(C)[C@@H]3(C)CCC(=O)[C@@]3(C)[C@@]1(C)CO
CDK_Depict_5_7,CC(C)NN(NC(C)C)P(O)OCl,**P([4*])NNC(C)C
CDK_Depict_5_8,B(B(N(C)C)SC1=CC=CC1)(N(C)C)SC2=CC=CC2,CN(C)C.CN(C)C
CDK_Depict_5_9,CNC(=S)N1CCNC1=S,C[V]C(=S)N1CC[V]C1=S
CDK_Depict_5_10,CN1CC[C@@]23C=C[C@@H](C[C@@H]2OC4=C(C=CC(=C34)C1)OC)O,CC.CC.CC.CCN(C)Cc1ccc(C)c2c1[C@@]13CCC(C)C[C@@H]1O2
CDK_Depict_5_11,B1(C(B(C1(C)C)C)C)C,CCC
CDK_Depict_5_12,C1[C@H](N(C[C@]12C(=O)NC(=O)N2)CC3=CC=CC=C3)CO,C([C@H]1N(Cc2ccccc2)CC[C@@]2(NC(=O)NC2=O)C1)[C@H]1
CDK_Depict_5_13,C12NC3NC(N1)NC(N2)N3,*.*.*.*
CDK_Depict_5_14,N1SNS(=NS1)O,O=[SH]1=[N-]S[N-]S[N-]1
CDK_Depict_5_15,CNC(=NC)P(=O)(O)SC,CN=C(C)[N+](C)C.CO.CO.CSC
CDK_Depict_5_16,C1C[C@@H]([C@@H](C2=CC=CC=C2C1)O)N,O[C@H]1CCCCC2CCCCC21
CDK_Depict_5_17,F[Mn](F)(F)(F)(Br)Br,[O-][Mn](F)(F)(F)(F)F
CDK_Depict_5_18,C(=O)(NO)P(=O)(O)O,O=C(NO[PH])[PH](=O)([oH2+])[oH2+]
CDK_Depict_5_19,CCSCCSP(=O)(C)OC(C)(C)C(C)(C)O,CC(C)(OC(C)(O)C(C)(C)C)OC(C)(C)=O
CDK_Depict_5_20,C[C@@H]([C@@H]([C@H]([C@H](C=O)O)O)O)O,CC(C)(C=O)[C@H](O)[C@@H](O)[C@@H](O)C=O
CDK_Depict_5_21,CC1(SCCS1)C#CCCCCC#CC2(SCCS2)C,CC1(C#CCCCCC#CC2(C)SCC[Sn]2)SCCS1
CDK_Depict_5_22,C1(NC(=C(N1)Br)Br)Br,OC1[NH+]C(Cl)C([K])[NH+]1
CDK_Depict_5_24,CC=[Zr](F)F,C=*C
CDK_Depict_5_25,C1C#CC[C@@H]([C@H]1N=C=O)N=C=O,O=C=N[C@@H]1CC#CC[C@H]1N=C=O
CDK_Depict_5_26,CC[C@@H](CO)NCCN[C@@H](CC)CO,CCC(CC)N(CCN[C@@H](CC)CO)C(CC)CC
CDK_Depict_5_27,C[C@]12CC[C@H]3[C@H]([C@@H]1CC[C@@H]2O)CC=C4[C@@]3(CC[C@@H](C4)O)C,C[C@@H]1CC[C@@]2(C)C(=CC[C@]3(C)[C@H]2CC[C@]2(C)C(O)(O)CCC23C)C1
CDK_Depict_5_28,C1=C2C(=NC=N1)PC=N2,C=n1cc2ncnc2n1
CDK_Depict_5_29,C[C@H]1CC2([C@H](CCC2C3C1C4=C(CC3)C=C(C=C4)O)O)C,C[C@@H]1CC2(C)C(CC[C@@H]2O)C2CCC3CC(O)CCC3C21
CDK_Depict_5_30,C1=CN=NN=C1S(=O)(=O)Cl,CS(=O)(=O)c1ccnnn1
CDK_Depict_5_31,C[Ge](C)(C)O[V](=O)(O[Ge](C)(C)C)O[Ge](C)(C)C,C=O.CO[Ge+](C)(C)C.CO[Ge](C)(C)C
CDK_Depict_5_32,CC#CC#CC(C1=CC=C(O1)CCCO)O,CC#CC#CC(O)c1ccc(CCCO)o1
CDK_Depict_5_33,CC1=CC(=O)CC([C@]1(C=CC(=CC(=O)O)C)O)(C)C,CC(CCC1CCC(C)CC1C)CC(=O)O
CDK_Depict_5_34,C1CCN2CC3CC([C@H]2C1)CN4C3=CC=CC4=O,CCCC1(C)C2CC3CN1CCCCC21
CDK_Depict_5_35,C[C@@]1(CCC2C1(CCC3C2CCC4C3CCC(=O)C4)C)O,CCC1C2CCC3CC(=O)CCC3C2CCC1(C)C(C)(C)O
CDK_Depict_5_36,CC(C)(C)NP(=O)(CBr)Cl,CNP(C)(=O)CBr
CDK_Depict_5_37,C[C@@H]1[C@H](O[C@](C(=N1)C)(C)O)C2=CC=CC=C2,C=C(C)C(C)C.CC(C)C(C)C(C)C
CDK_Depict_5_38,CC1=CP(C=C1C)CP2C=C(C(=C2)C)C,CC1=CC(C[IH]2CC(C)C(C)C2)CC1C
CDK_Depict_5_40,CCOC(=NC1=NOC(=C1)C)C,CCOC(C)=Nc1cc(C)OCN1
CDK_Depict_5_41,CN(CCP(C)C)CCP(C)C,CCCC(C)C.CCCC(C)C
CDK_Depict_5_42,CCCCCCCCCCCCC[C@@H]1[C@@H](NC(=O)O1)C,CCCCCCCCCCCCCC1(CCCCCCCCCCCCC)OC(=O)N[C@@H]1C
CDK_Depict_5_43,C(=O)[C@H]([C@@H]([C@H]([C@@H](C(=O)O)O)O)O)O,O=C[C@H](O)[C@H](O)[C@H](O)[C@@H](O)C(=O)O
CDK_Depict_5_44,CC(C)(C)OC(=O)N[C@H](CC1CCCCC1)[C@@H](C(F)(F)F)O,[H]N(C#C[C@H](CC1CCCCC1)[C@H](O)C(F)(F)F)CC(=O)OC(C)(C)C
CDK_Depict_5_45,COCN1CN(C(=C1O)O)COC,COCN1CCN(COC)C(O)=C1O
CDK_Depict_5_46,CC(C)(C)OOCC1(CO1)C#N,COCC1COC1
CDK_Depict_5_47,CC(C)(C)N=P(Br)(Br)Br,CN=[2H](C)([Br-])[Br-]
CDK_Depict_5_48,CSC(=NC(=O)C(=O)N=C(SC)Cl)Cl,CSC(C)=NC(=O)C(=O)N=C(C)C
CDK_Depict_5_49,[B]=[GeH2],[2H]=[SeH2]
CDK_Depict_5_50,CC1=CC[C@]2(CC[C@]3([C@@H]2[C@H](C1)OC(=O)O3)C(C)C)C,CC1C[C@@]2(C)OC(=O)OC(C)C2(C)C[C@@H]2(C)CCC(C)C2
CDK_Depict_5_51,C[C@@]12CCO[C@@]1(C(=O)C2)CC3=CC=CC=C3,CCCCCCCOC(CC)CC1ccccc1
CDK_Depict_5_54,C1=CN(N=N1)ON2C=CN=N2,C1=C[n+](ON2ccnn2)nn1
CDK_Depict_5_55,CC1=C(C=CP(C1)Cl)Cl,Cc1ccc(C)c(C)c1
CDK_Depict_5_56,C=CC[Sb](CC=C)(CC=C)(Cl)Cl,C=CCCCCCCCCCC
CDK_Depict_5_57,CS/C(=C(/C(=C(/SC)\N)/C#N)\C#N)/N,*/C(SC)=C(C#N)/C(C#N)=C(/C)SC
CDK_Depict_5_58,CS(C)(C)OS(=O)(=O)F,[2H][Si](=O)(=O)O[Si](C)(C)C
CDK_Depict_5_59,B1=ISC[I-]C1,C*1CbcSC1
CDK_Depict_5_61,COC(=O)[C@@H]([C@H](C(=O)OC)O)O,CO.COC(=O)[C@H](O)[C@@H](O)C(C)=O
CDK_Depict_5_62,C12=C(C(=C(S1)I)I)SC(=C2I)I,Ic1sc2c(sc(I)c2I)C1I
CDK_Depict_5_63,COC(=O)CCC/C=C\C[C@H]1[C@H]2CC[C@H](C2)[C@H]1C=O,COC(=O)CCC/C=C\C[C@H]1[C@@H]2(C=O)CC[C@@](C)(CC[C@@H]12C)[C@H]2C=O
CDK_Depict_5_64,C1=NNC(C1C#N)N,C[NH+]1N=CC(C#N)C1[NH2+]
CDK_Depict_5_65,CC1=C(C=CC2=C1CCC3C2CCC4(C3CC[C@@H]4O)C)OC,COc1ccc2c(c1C)CCC1C2CCC2(C)C1CC[C@@H]2O
CDK_Depict_5_66,O1[Al]2OP1S2,p1psp1
CDK_Depict_5_67,C(#N)C1=C(C(=O)NC1=O)C#N,N#CC1C(=O)NC(=O)C1C#N
CDK_Depict_5_68,C1=CC=PC(=C1)Br,[K]c1cccco1
CDK_Depict_5_69,CC1=NOC(S1)(SC)SC,CSC(C)(CSC(C)=[V]O)SC
CDK_Depict_5_70,CSC1=NNC(=N1)N=C2SCS2,CSc1[nH][nH]c(N=C2SCS2)[nH]1
CDK_Depict_5_71,C[C@]12CCC(CC1CC[C@@H]3[C@@H]2CC[C@]4([C@H]3CCC4O)C)O,CC1CCC(C)CC1.CC1CCC2CC(C)C12
CDK_Depict_5_72,B([Si](C)(N(C)Cl)Cl)(Cl)Cl,*S[Si](C)(C)N(C)C
CDK_Depict_5_73,C=S1C=NN=C1I=C,C=[IH]C1=NN=CS1=C
CDK_Depict_5_74,C1COC([C@@H](O1)Cl)Cl,C#CC1OCCO[C@H]1Cl
CDK_Depict_5_75,CCOC(=C(F)Cl)F,CC.CCO
CDK_Depict_5_76,C1=CC=C(C=C1)C#C[C@@H](C(F)F)O,CC(F)[C@@H](O)C#Cc1ccccc1
CDK_Depict_5_77,C(=O)=[Pt]=C=O,O=C=O=C=O
CDK_Depict_5_78,C[Se]12(OP(=O)(O1)O2)(C)C,C[Se](C)(C)OO=O
CDK_Depict_5_79,CN(C)CC[C@@H](C1=CC=C(C=C1)Br)C2=CC=CC=N2,CN(C)CC[C@H](c1ccc([Sc])cc1)c1ccccn1
CDK_Depict_5_80,C(=O)NS(=P(O)(O)Cl)NC=O,*O(*)(O)=C(NC=O)NC=O
CDK_Depict_5_81,C1=CN=C(C=N1)C(Br)(Br)Br,C1=C[V]CCN1
CDK_Depict_5_82,N=[S-](=S=S=S=S=S=S=S=S=S=S=S=[Y]I)O,O[C+](=[Ti])=s=s=[s+]=s=[s+]=s=[s+]=[s+]=[s+]=[s+]=[s+]=[s+](I)I
CDK_Depict_5_83,CSC(=S)C1=C2SC(=C(SCCOCCOCCS1)C(=S)SC)S2,CSC(=O)C1SCCSCCOCCSC(C(=S)SC)=CSc1S
CDK_Depict_5_84,[B]P(NC(=O)NC)PC,[2H]N(C(=O)[2H]C)P([2H])[2H]C
CDK_Depict_5_85,C[C@@]12CCC[C@H]1[C@@H]3CCC4=C([C@H]3CC2)C=CC(=C4)O,C[C@@]12CCC[C@@]1(C)[C@@]1(C)CCc3cc(O)ccc3[C@@]1(C)CC2
CDK_Depict_5_86,CCCCC(C(N)(O)O)N,*C(O)(O)C(N)CCCC
CDK_Depict_5_87,C[C@@]1(CCC2C1(CCC3C2CC[C@@H]4C3(CC[C@H](C4)OC)C)C)O,CCl.CC12C3CCC(C3)C1(C)C(CC[C@@H]2(C)O)C1CCC(C)C3(C)CCC(C)CC1
CDK_Depict_5_88,[2H]S(=C(C)[O-])([2H])([2H])[2H],[2H][SH]([2H])([2H])([2H])c(C)O
CDK_Depict_5_89,C(F)(F)(F)S(=O)NP(=S)(N)N,CC(C)S(=O)N[PH](N)([NH2-])=S
CDK_Depict_5_90,C1[C@H]([C@@H]([C@H](O[C@@H]1O)CO)O)O,OC[C@H]1O[C@H](O)C[C@@H](O)[C@@H]1O
CDK_Depict_5_91,[2H]C12C3C1C4C2C4C3,C1CC2CC12
CDK_Depict_5_92,CC(=O)OC/C=C(\F)/S(=O)CC=C(Cl)Cl,CC(=O)OCC=C(C)S(=O)CC=C(C)C
CDK_Depict_5_93,[2H][C@@]12C[C@](NN1C3=CC=CC=C3C2([2H])[2H])(C)C(=O)OCC,CCOC(=O)[C@@H]1CC2[C@@H]1[C@@H]1[C@H]2Nc2ccccc2C(O)(O)[C@H]1O
CDK_Depict_5_94,C1=C[Se]P=C1,C1=C[Se]Pc1
CDK_Depict_5_95,C(C(SCl)Cl)(SCl)Cl,*SC([Cd])C(Cl)SC
CDK_Depict_5_96,B(CC(=C)C)(CC(=C)C)SC,C=C(C)CC(CC(C)C)SC
CDK_Depict_5_97,CCOC1(OS1)SC,COC1(SC)OS1
CDK_Depict_5_98,CN1CCC2=C3[C@H]1CC4=C(C3=CC=C2)C(=C(C=C4)O)O,*c1c(O)ccc2c1-c1cccc(c1)CC1CCN(C)[C@@](C)(C2)C1
CDK_Depict_5_99,C(=[P+]([O-])F)C(=O)C=[P+]([O-])F,C(P(F)(F)[C@H]1O1)C(CP(F)[O-])=O
CDK_Depict_5_100,C1=NNN=C1SP(=O)(O)O,CP(=O)(O)Sc1cnNN=1
CDK_Depict_6_1,C=C(C(=O)O)O[C@@H]1C=C(C=C[C@H]1O)C(=O)O,CC(=O)C(C)C[C@H]1CC(C(=O)O)C=C[C@@H]1C
CDK_Depict_6_2,C1=C[In]=NO1,CC.CCC
CDK_Depict_6_3,C1C[C@@H]2C[C@H]1[C@H]3[C@@H]2CO[C@@H](C3)O,C[C@H]1CC[C@H]2[C@H]3C[C@](C)(CC[C@@H]3C)[C@H]2C1
CDK_Depict_6_4,C1=CC=C2C(=C1)C(=CN2)C[C@@H](C(=O)O)N,O=C(O)[C@@H]([W])CC1CNc2ccccc21
CDK_Depict_6_5,C[Se][Se](C)(C)(C)(C)C,CC.CC
CDK_Depict_6_6,C[C@H]1CCO[C@]2(O1)[C@@H]([C@@H](CC([C@H]2Br)(C)C)C)Br,CC1CCC[C@H](C)C1.CCCC
CDK_Depict_6_7,CCOC(=O)C(C(=O)O)[C@@]1(CC1(C)C)O,CC.CC(C)(C)C(C(=O)O)C(=O)O
CDK_Depict_6_8,C1=CC(=C(C=C1Cl)C2=CC(=O)C2=O)Cl,CC1CCC(C)C(C2CC(=O)CC2=O)C1
CDK_Depict_6_9,CC(=O)O[C@H]1[C@H](O[C@H]2[C@@H]1OC(O2)(C)C)[C@H]3CSC(=O)O3,CC(=O)O[C@H]1C(=O)OC(=O)[(]CC1C)OC(C)(C)O[C@]12C
CDK_Depict_6_10,C(=C(/F)\Br)\Cl,CCC(C)C
CDK_Depict_6_11,CCC(F)(F)P(=S)(O)O,CC(C)C(O)=S
CDK_Depict_6_12,B1(OC(C(O1)C)C)SP(=S)(OCC)OCC,CCCC(=O)(CCC)C*1OCC(C)O1
CDK_Depict_6_13,C[C@@H]1C[C@H]([C@@]2(O1)CCCCO2)S(=O)(=O)C3=CC=C(C=C3)C,CCCCCC1(C)CCC(C)CC1.Cc1ccc(*(=O)=O)cc1
CDK_Depict_6_14,C(=O)(C(C(C(=O)I)(F)F)(F)F)Br,CC(C)=O.CC(C)=O
CDK_Depict_6_15,C(C[C@@H](C(=O)O)N)CNC(=O)N,CC(N)=O.CCCC[C@H](C)C(C)=O
CDK_Depict_6_16,B(=S(=BI)=S)I,CS=S=S
CDK_Depict_6_17,CCCCCCC#CC1=NN(N=C1)CC=C,C=CCN1ncc(C#CCCCCCC)n1
CDK_Depict_6_18,C1C[C@H]2C[C@@H]1C[C@@H]2N(Cl)Cl,C1CC1.C1CC1
CDK_Depict_6_19,CC(C)(C)S(C)(C)NS(C)(C)C,CCC.CCC
CDK_Depict_6_20,CCCCC1=NC(=NC(=N1)Br)Br,*C(N)=NC(*)=NC(N)CCCC
CDK_Depict_6_21,CS(C)(C)OI,COC.C[CH]1(C)(C)CCCCC1
CDK_Depict_6_22,C1N(O1)S(=O)(=O)N,*S(=O)(=O)N1CO1
CDK_Depict_6_23,CCC[C@]1(C(=N[C@@H]([C@H](O1)C2=CC=CC=C2)C)C)O,CCCCCCCCCCCCCCCCCCCCCCCC
CDK_Depict_6_24,[2H]C([2H])([2H])OC1(N=NC(O1)(C)C)OC,CC.COC.[2H]C([2H])([2H])OC
CDK_Depict_6_25,CN1C(=O)SC(=O)N1C,C=C(C)C.CN.CN.CN
CDK_Depict_6_26,CC(C)(C)N(C1=CSC=C1)C2=CSC=C2,CC(C)(C)C.CCCC(C)CC
CDK_Depict_6_27,OP(=O)(O)S(=O)(=O)O,*=*(OOOO)S(=O)(=O)OOOO
CDK_Depict_6_28,C[C@H]1[C@H](O[C@](C(=N1)C)(C2=CC=CC=C2)O)C3=CC=CC=C3,CC(C)[C@@H](C)CC(C)(C)C(C)C.O.c1ccccc1
CDK_Depict_6_29,C[C@H]([C@H](C=C)O)C(=O)OC(C)C,C=C[C@H](O)[C@@H](C)C=O.COC(C)C
CDK_Depict_6_30,N#S(N=S(=O)(O)F)(F)F,***(=*)N=C(C)(C)=N
CDK_Depict_6_31,C(=N/OC(=O)Cl)(\C(N(F)F)(F)F)/N,*C(*)C(N)=NOC(=C)Cl.*[NH+](C)C
CDK_Depict_6_32,CC(=O)SCC(=O)C1=CC=CN1,CC(=O)CCC(=O)c1cccN1
CDK_Depict_6_33,C1C2=CC=CC=C2[C@@H]([C@@H](C3=CC=CC=C31)O)N,CC(C)C(O)c1ccccc1Cc1ccccc1
CDK_Depict_6_34,C[C@@H]1CC[C@H](CC1=O)C(=C)C,C=C(C)C1(CC)CCCC(C)C1
CDK_Depict_6_35,C(=O)(F)SCl,C#C*C(C)=O
CDK_Depict_6_36,COC(=O)/C=C\1/C=C[C@H]2CO[C@@H]1O2,CCC(=O)CC1CCC(C)(C)CC1(C)C
CDK_Depict_6_37,CC[C@@H]1CCC[C@@H](C1)C,CCCCCCCCCCCCCCCCCCCCCCCCCCCCCCCCCCCCCCCCCCCCCCCCCCCCCCCCCCCCCCCCCCCCCCCCCCCCCCCCCCCCCCCCCCCCCCCCCCCCCCCCCCCCCCCCCCCCCCCCCCCCCCCCCCCCCCCCCCCCCCCCCCCCCCCCCCCCCCCC
CDK_Depict_6_38,C[C@@H]1C[C@@H]2[C@H]([C@@H]([C@]3([C@H]1C=CC3=O)C)O)C(=C)C(=O)O2,CCC(=O)O[C@@H]1C[C@H](C)[C@@H]2(C)C=CC(=O)[C@]2(CC2)[C@H](O)[C@]1(C)CC(=O)O1
CDK_Depict_6_39,CCOCCON=O,CCOCCON=O
CDK_Depict_6_40,C1C([Se]C=P1)N,CCCC(C)CC
CDK_Depict_6_41,CC1=CC[C@@H]2[C@H](C1)C(CCC2=O)(C)C,CC1CCC(C)(C)C(C)(C)CC(C)C
CDK_Depict_6_42,C(P(CP(Cl)Cl)Cl)P(CP(Cl)Cl)Cl,C*(C)C*([CH2])C*([CH2])C*([CH2])[CH2]
CDK_Depict_6_43,[BH-]1=CBC2=C1B[CH+]B2,CC*C(C)C(C)C
CDK_Depict_6_44,B(C(B(Cl)Cl)B(Cl)Cl)(Cl)Cl,CC.CC.CC.CC.CC(C)C(C)C
CDK_Depict_6_45,CC12CCC3C(C1CO[C@H]2O)CCC4=C3C=CC(=C4)OC,CC1ccc2c(c1)CCC1CC(C)(C(O)O)CCC21
CDK_Depict_6_46,CC(C)(C)C1=PP=C(S1)C(C)(C)C,CC.CC(C)(C)C.CC(C)C(C)(C)C
CDK_Depict_6_47,C([C@@H](C(=O)O)N)C(=O)N,NC(=O)C[C@@H](N)C(=O)O
CDK_Depict_6_48,CC(C)(C)C#[Mo](Cl)(Cl)Cl,CC#CC#CC(C)(C)C
CDK_Depict_6_49,C([C@@H](C(=O)O)NC=O)S,*OC(=C)[C@H](CS)NC=O
CDK_Depict_6_50,CC1(OCC(O1)[C@H]2[C@H]3[C@@H]([C@H](O2)O)OC(O3)(C)C)C,CC(C)(C)C.CC1OC(C)(C)O1
CDK_Depict_6_51,CN(C)NC(=S)N(C)N,*N(C)C.CN.N
CDK_Depict_6_52,CP(=NP(=O)(C)C)(C)C,C=C.CC.CC.CC.CC.CC
CDK_Depict_6_53,CN(/N=C(\N)/C(=N/N(C)C)/N)C,CN(C)C.CN(C)C
CDK_Depict_6_54,CC1(OC[C@@H](O1)[C@H]2[C@@H](C(=O)NN2)CCO)C,[H]C1(C)C(CCO)C(=O)NNC(C)CCC1(C)C
CDK_Depict_6_55,C1=CN(C(=O)NC1=O)[C@H]2[C@H]([C@@H]([C@H](O2)CO)O)O,C=C1CCCCNC(=O)C[C@@H]2(CN3C(=O)CCCC(=O)NC3=O)O[C@H](C)[C@@H](C)[C@@H]2C
CDK_Depict_6_56,C1=NNC(N1Br)[N+](=O)[O-],CN(=O)C1NCNN1
CDK_Depict_6_57,CC1NCC(C(N1)O)C(=O)NN,[1H]NC(=O)C(CN(C)C(C)C)C(O)CC(C)C
CDK_Depict_6_58,CC12CC[C@@H](CC1CCC3C2CCC4(C3CCC4=O)C)O,CC12CCC3C(CCCC3(C)CCC3(C)CCC3(C)CC3)C1CCC2=O
CDK_Depict_6_59,C1(C(SSN1)Cl)Cl,C*NC(C)C(C)C
CDK_Depict_6_60,CN(C)C#[Se]C,CC.CC#[CH]1(C)CCCCC1
CDK_Depict_6_61,C[C@@]1([C@@H]2CC[C@H]3[C@@H]2C[C@@H]1C3)CO,CC.CC.CC.CC.CC.CC.CC.CC.CC.CC.CC.CC.CC.CC.CC.CC.CC.CC.CC.CC.CC
CDK_Depict_6_62,CCCCSNP(=O)(N1CC1(C)C)N2CC2(C)C,CCCC.CCCCCC(C)=O.CCCCCCCCCCCCC
CDK_Depict_6_63,CN1C(=S)N(SC1=O)C,CN1CC(=S)N(C)C(=O)S1
CDK_Depict_6_64,B(CCCB(I)I)(I)I,CCCCCC(C)C
CDK_Depict_6_65,C1=NN=NN1C2=NNN=N2,C/N=C(/[U]=NN)N1C=NN=[W]1
CDK_Depict_6_66,[B][B]NOI(C)C,CON
CDK_Depict_6_67,C1=COSC(C1=O)C(=O)Cl,C=C(C)C1SCCCC1=C
CDK_Depict_6_68,C1=CC(=CC=C1C[C@H](C(=O)O)N)N(CCCl)CCCl,CCCC.CCCNc1ccc(CC(C)(C)C(C)O)cc1
CDK_Depict_6_69,CC(=O)NN(CC(=C)Cl)CC(=C)Cl,C=C(C)CC.CCC.CCC(C)C
CDK_Depict_6_70,[Si]([P-][Si](Cl)(Cl)Cl)(Cl)(Cl)Cl,C*(C)(C)C.C*(C)C
CDK_Depict_6_71,CS(=NC(=O)N)C,C=C(C)C.CC(N)=O
CDK_Depict_6_72,C[Si](C)(C)I([SiH](I)I)[Si](C)(C)C,CC.CC.CC.CC.CC
CDK_Depict_6_73,C(=N\SC(F)(F)F)(\F)/SSC(F)(F)F,*C(C)(C)C.CC.CC(C)C
CDK_Depict_6_75,O=[Cr]1(=O)O[Cr](=O)(=O)O1,O=[C-]1(=O)O[C-](=O)(=O)O1
CDK_Depict_6_76,C1=CC(C=C1)(/C=C/OCC(F)(F)F)C(F)(F)F,CCCC1(C(C)(C)C)CCCC1
CDK_Depict_6_77,C1=COC(=C1)P(C2=CC=CO2)Cl,C1CCOC1.CC1CCCO1
CDK_Depict_6_78,CC(=O)[C@@H]([C@@H](C1=CC=CC=C1)O)C(C)(C)C,CC(=O)[C@@H](C(C)C1ccccC1)C(C)(C)C
CDK_Depict_6_79,C[Si](=C1C=CC=CC1=[SiH2])C,C=C1ccccc1[2c](C)C
CDK_Depict_6_81,C[C@H]1CCC(=O)[C@@]2([C@H]1CC(=CC2)C)C,CC1CC[C@@]2(C)C(=O)CC[C@H](C)[C@@]2(C)C1
CDK_Depict_6_82,C1=NN=NS1=S,*.*=*1c=NN=N1
CDK_Depict_6_83,C(C(CBr)Br)N=C(C(=N)N)N,*C(=N)C(*)=NCC(*)CC
CDK_Depict_6_84,C1C(C1(Cl)Cl)(OC2(C(C2(Cl)Cl)(Cl)Cl)Cl)Cl,CC1(C)C(C)(C)C1(C)C
CDK_Depict_6_85,C1=NN=C(O1)CBr,CCC1=NN=CO1
CDK_Depict_6_86,CCN(CC)P(=NCl)(C(Cl)(Cl)Cl)N(CC)CC,CCN(CC)[C(](=NC)N(CC)CC)C(C)(C)C
CDK_Depict_6_88,C([C@H]([C@H](CBr)O)O)Br,CCC(O)[C@@H](C)CC
CDK_Depict_6_89,CN1CCN(CC1)[C@@H]2[C@@H](C3=CC=CC=C3CC4=CC=CC=C24)O,CN1CCN(C2C3CCCCC3CC3CCCCC3[C@H]2O)CC1
CDK_Depict_6_90,C[C@@H](C(C(C)C)(C(=O)OCC1=CCN2[C@@H]1[C@H](CC2)O)O)O,CC(C)C(O)(C(=O)CCC1CCN2CC[C@@H](O)[C@@H]2(C)C)C(C)C
CDK_Depict_6_91,CCOC(=O)[C@H](CCC1=CC=CC=C1)N[C@@H](C)C(=O)OC(C)C,CCOC(=O)[C@H](CCc1ccccc1)N[C@@H](C)C(=O)OC(C)C
CDK_Depict_6_92,COC1=CC(=C2C(=C1)C=C(OC2=O)C[C@@H](CO)O)O,*c1cC(CC)cc2cCOC(=O)c12
CDK_Depict_6_93,CC1=C2CC=C([C@@H]2[C@@H]3[C@@H](C[C@H]1O)C(=C)C(=O)O3)CO,O.[H][C@@]12C(CC)=CCC1=C(C)[C@@H](O)C[C@@]1([H])C(=C)C(=O)O[C@@]21C
CDK_Depict_6_94,NN1NN1N,[1H]N1[1H]N1N
CDK_Depict_6_95,C1C(C(CN1N=O)Br)Br,CC1CN(N=O)CC1[Zr]
CDK_Depict_6_96,C(=S=O)(C(F)(F)F)F,CC(C)(C)C=C=O
CDK_Depict_6_97,B1(C(B(C(B(C1C)Cl)C)Cl)C)Cl,**1C(C)*C(C)*(*)C1C
CDK_Depict_6_98,CC1(CS(=O)[C@@H]2[C@H]1CCC2)C,CC1(C)CC(=O)C2(C)CCCC12
CDK_Depict_6_99,CC(C)/C(=C(/OC)\Br)/P(Br)Br,CC.CCC(C)=C(C)C.CO.C[Zr]
CDK_Depict_6_100,CCC1=N[C@@H]([C@H](O[C@]1(CC)O)C2=CC=CC=C2)C,CC.CCC(N)[C@@H](O)CC.CC[C@@H](C)[C@H](C)O
CDK_Depict_7_1,C1(=NN(C(=N1)Cl)Cl)Cl,Cc1[nH][nH](C)C(Cl)=N1
CDK_Depict_7_2,CN[C@H](CC(=O)O)C(=O)O,CN[C@H](CC(=O)O)C(C)=O
CDK_Depict_7_4,C1=CC=C(C=C1)C[C@@H](C(=O)O)N,N[C@@H](Cc1ccccc1)C(=O)O
CDK_Depict_7_5,CC(=O)O[C@@H]1C[C@@H]([C@H]2[C@H](CC/C=C\CC[C@@H]1O2)O)OC(=O)C,[H][C@@]12O[C@@](C)(CCC=CCC[C@@H]1O)[C@H](OC(C)=O)C[C@@H]2OC(C)=O
CDK_Depict_7_6,B1(C2=CC=CC=C2B(C3=CC=CC=C31)Cl)Cl,CB1c2ccccc2b(C)c2ccccc21
CDK_Depict_7_7,C(=NP(=O)(Cl)Cl)=S,CCP(C)(=O)N=C=S
CDK_Depict_7_8,CCCC[Si](C(=O)O)(F)F,O=C(O)[Si](F)(F)F
CDK_Depict_7_11,C(=S)(N)NOCl(=O)=O,O=*(=O)ONC=S
CDK_Depict_7_12,C1=CC2=NPP=C2C=C1,*1nc2ccccc2p1
CDK_Depict_7_13,C[C@@H]1S[C@@H](SSS1)C,CS.CS.CSC(C)C
CDK_Depict_7_14,CN(C(=CF)F)I,CN(C)CC(F)=CF
CDK_Depict_7_16,C[C@@H]([C@H]1[C@@H]2[C@H]([C@@H](C(=O)O1)O)OC(O2)(C)C)O,C[C@@H](C)[C@H]1OC(=O)[C@@](O)(C([H])(O)[C@H]1[H])[C@H](O)[C@H](O)C2
CDK_Depict_7_17,CC(=O)OOS(=O)(=O)F,CC(=O)OOS(=O)(=O)F
CDK_Depict_7_18,C[C@@]1(CCC2C1CCC3C2CC[C@@H]4C3(CS(=O)CC4)C)O,CC12CS(=O)CC[C@]1(N)CCC1C3CC[C@]4(O)C3CCC21
CDK_Depict_7_19,C[Tl](C)O[Zr](=O)O[Tl](C)C,C*(C)O*(=O)ON(C)C
CDK_Depict_7_20,C1CS(=NC(=NC#N)CCl)CCO1,N#CCC(=N[SH]1CCOCC1)NC#N
CDK_Depict_7_22,C(C(=O)/C(=N/N)/Cl)Cl,*N=C(*)C(=O)CC#C
CDK_Depict_7_23,CCS(=C(C#N)C#N)CC,CCS(CC)=C(C#N)C#CN
CDK_Depict_7_24,C(C(C#N)Br)S(=O)(=O)CBr,N#CC(Br)CS(=O)(=O)CBr
CDK_Depict_7_25,CCOC1=C(N=NN1OCC)P,*c1nnN(OCC)c1OCC
CDK_Depict_7_26,CCCCNP(=NP(=S)(N)N)(N)N,*[PH](*)(*)C.*[PH](*)(=N)NC
CDK_Depict_7_28,C1=CSC(=C1)P(=O)(Cl)Cl,CP(C)(=O)c1cccs1
CDK_Depict_7_29,CC1=IC(=O)ON1,CC(=O)NOC(C)=O
CDK_Depict_7_30,C[C@@]1(CCCCC1=C)CCC#N,C=C1CCCC[C@@]1(C)CCC#N
CDK_Depict_7_31,C[C@@]1([C@@H]2CC[C@H]3[C@@H]2C[C@@H]1C3)O,C[C@@]1(O)[C@@H]2([H])[C@@H](N)CC[C@H]1N
CDK_Depict_7_32,CCP(CC)SSP(CC)CC,CCCCCCCC
CDK_Depict_7_33,C[C@H](CC1=CC=CC=C1)N(C)CC#C,C#CCN(C)C(C)(C)Cc1ccccc1
CDK_Depict_7_34,CCCCN(CCCC)ON(CCCC)CCCC,CCCCCN(CCCC)CCC[N+](C)(CCCC)CCCC
CDK_Depict_7_35,C1C[C@H]2[C@@H](C=C1)[C@]3(C(=C([C@@]2(C3(Cl)Cl)Cl)Cl)Cl)Cl,C1C=C[C@@]2(Cl)[C@H]3C([CN])=C(Cl)[C@@H](Cl)(Cl)[C@@]2(Cl)C1
CDK_Depict_7_37,C1=C2OC(=C1)OC(=O)OC(=O)O2,O=c1cc2ccc(c2)[Cn]C([Cn])O1
CDK_Depict_7_38,C=CC(=O)P1NP=N1,C=CC(=O)*1**=**1
CDK_Depict_7_39,C(C(SI)(I)I)(I)I,*C(*)C(C)(C)C
CDK_Depict_7_40,C(=S)([Se][Na])[Se][Na],CSC(=S)S[Na]
CDK_Depict_7_41,[2H]C1=CC=CN1N(C)C,CN(C)N1C=CC=C1O
CDK_Depict_7_42,B1(C=CC=CN1Br)Br,[12Pr]c1cccc[nH]1
CDK_Depict_7_43,CCC(CC)(CN)SN=O,CCC(CC)(C[W])SN=O
CDK_Depict_7_44,C1C=C(OO1)C(=O)Cl,CC(=O)c1cco[o-]1
CDK_Depict_7_45,O=S(=O)(F)[SiH3],O=S(=O)(F)F
CDK_Depict_7_46,C[C@@]1([C@@H]2CC[C@H]3[C@@H]2C[C@@H]1C3)C(=O)OC,C[C@@H]1[C@@]2(N)CC[C@@]3([H])CC([H])[C@@]2(C[C@@]1(N)[C@@H]2C(OC)=O)CC[C@@H]1C
CDK_Depict_7_47,C1=CC(=C2C=CC#S2)S#C1,C1#[S+]c(=C2ccc#[S+]2)cc1
CDK_Depict_7_48,C(#N)OS[Se][Te]OC#N,N#CO*SSOC#N
CDK_Depict_7_49,[O-][P+](=O)[Si]1[Si][Si][Si][Si][Si]1,OOP(=O)c1sssss1
CDK_Depict_7_51,[2H][Sb]([2H])([2H])([2H])[2H],*[Si](C)(C)C
CDK_Depict_7_52,B(CC)(CC)OCCN,CC[SH](C)OCCN
CDK_Depict_7_53,CCNN(NCC)NCC,CCNCCN(C)NCC
CDK_Depict_7_54,[B]1[Se][B][Se][Se]1,*1[2H]*[2H][2H]1
CDK_Depict_7_55,CC(C)(C)S(=O)(=O)SS(=O)(=O)C(C)(C)C,CC(C)(C)S(=O)(=O)SS(=O)(=O)C(C)(C)C
CDK_Depict_7_56,CC(C)C(C(C)O)(C(=O)OCC1=CCN2C1[C@H](CC2)O)O,*C(C)C(*)(C(=O)OCC1=CCN2CC[C@H](O)C12)C(C)C
CDK_Depict_7_57,CO[C@@H]1C[C@@]23C(=CCN2CCC4=C3C=C(OC4)O)C=C1,CO[C@H]1C=CC(=C2c3cOc(O)cc32)CN2CCc3c2c1
CDK_Depict_7_58,CC1(CC1(F)Br)C=C,C=CC1(C)CC1(F)Br
CDK_Depict_7_59,CCC(=S)SCN1C2=CC=CC=C2N=N1,CCC(=S)[IH]C[n+]1nnc2ccccc21
CDK_Depict_7_60,C(Cl)(Cl)(Br)I,*C(C)C
CDK_Depict_7_61,CP(=O)(C1=NC=CN1C=C)Cl,C=C[nH]1cc[nH]C1P(C)(=O)OC
CDK_Depict_7_62,C([C@H]([C@H]([C@@H]([C@@H](CO)O)O)O)O)O,C[C@@H](O)[C@H](O)[C@H](O)[C@@H](O)CO
CDK_Depict_7_63,CCCCCCCCCCCCCCOC(=O)CSC1=NN=C(O1)SC,CCCCCCCCCCCCCCOC(=O)CSC1C=NN=C(SC)O1
CDK_Depict_7_64,COC(C(C(OC)I)(F)F)I,COCCl.O.[Fl]
CDK_Depict_7_65,C(/C(=C(\C#N)/Cl)/Cl)Cl,N#CCC(C#N)=C(C#N)C=O
CDK_Depict_7_66,C1[C@H]([C@H]([C@@H](C(O1)O)O)O)O,[18H][C@@H]1COC(o)[C@H]([18H])[C@@H]1C
CDK_Depict_7_68,C1CS(=NC2=CC=C(C=C2)Cl)CCC1Cl,CC1CCS(=Nc2ccc(C#N)cc2)CC1
CDK_Depict_7_69,CCOC1=NN=CS1,CCOc1n*cS1
CDK_Depict_7_71,CSCC[C@@H](C(=O)O)N,CSCC[C@H](N)C(=O)O
CDK_Depict_7_73,CCNP1(=O)C(C(C1(C)C)C)(C)C,CC[N+]=[PH](C)(=O)C(C)(C)C(C)C
CDK_Depict_7_74,C1=NN(C=N1)OCSC#N,N#C[Si]CO[n+]1cnC[n-]1
CDK_Depict_7_75,B(CC)(CC)C#CB(CC)CC,CCC*(C#C*(CC)CC)CC
CDK_Depict_7_76,C(C(=N)N)(Br)Br,CCC(=N)N
CDK_Depict_7_77,C(=NOP(=S)(N=C=S)N=C=S)=S,S=C=[N+]P(=S)([N+]=c=[S-])[O-][N+]=C=[S-]
CDK_Depict_7_78,C1=CC(=CC=C1O)O[C@H]2C(C([C@@H](C(O2)CO)O)O)O,OCC1O[C@@H](Oc2ccc(O)cc2)C(O)C(O)[C@@H]1O
CDK_Depict_7_79,CC1=C(C(=O)NNC1=O)Br,CC1=C(C)c(=O)[nH][nH]C1=O
CDK_Depict_7_80,CS(=O)(=O)N(OS(=O)(=O)C)Cl,*=S(=*)(=*)ON(C)C
CDK_Depict_7_81,C(C(=O)C(=O)C(Cl)(Cl)Cl)(Cl)Cl,C#CC(Cl)C(=O)C(=O)C(C)(C)C(C)C
CDK_Depict_7_82,C#CC1=CS[P+](=O)O1,C#Cc1cs[n+2](=O)o1
CDK_Depict_7_83,CC(C)N=C(C(F)Br)Br,*C(=NC(C)C)C(F)Br
CDK_Depict_7_84,CN1CC[C@]23CCCCC2[C@@H]1CC4=C3C=C(C=C4)OC,COc1ccc2c(c1)[C@@]13CC[C@]4(CC)C5CCCC13
CDK_Depict_7_85,C(OC1=NSNC1=S)S,S=C1[14NH+]S[NH+]=C1OCS
CDK_Depict_7_86,C1CC1(CO)CSC#N,N#CSCC1(COOOOOOOOOOOOOO)CC1
CDK_Depict_7_87,CC(=O)C(CBr)(OC)Br,*CC(Br)(OC)C(C)=O
CDK_Depict_7_88,COC(=O)/C(=N\S(=O)(=O)C)/C(F)(F)F,*C(*)(*)C(=N\S(C)(=O)=O)/C(=N/S(C)(=O)=O)C(=O)SC
CDK_Depict_7_89,C1CC2=C3[C+]2CCC[C+]4C(=C4CCC3)C1,C1CCCCCCCCCCCCCCCCCCCCCCCCCCCCCCCCCCCCCCCCCCCCCCCCCCCCCCCCCCCCCCCCCCCCCCCCCCCCCCCCCCCCCCCCCCCCCCCCCCCCCCCCCCCCCCCCCCCCCCCCCCCCCCCCCCCCCCCCCCCCCCCCCCCCCCC)CCCCCCCC
CDK_Depict_7_90,C1CC=CN(C1)C2=CSN=N2,c1c[n+](-c2c[nH]nn2)CCC1
CDK_Depict_7_91,C1C=CCC2=C1C(=O)C2=O,C1c2c(c(C(=O)C1)=O)CCc1
CDK_Depict_7_92,C[C@]12C[C@H](CS(=O)C1)C3=CC=CC=C3N2,[H][C@]12CS(=O)C[C@](C)(C1)Nc1ccccc12
CDK_Depict_7_93,C([C@@]1(O[C@](OO1)(CCl)F)F)Cl,N#CC[C@@H]1O[C@@](CO)(CC#N)[C@@H](CC#N)S1
CDK_Depict_7_94,B1(N(B(N(B(N1OC)OC)OC)OC)OC)OC,CO*1*(OC)*(OC)N(OC)*(OC)*1OC
CDK_Depict_7_95,CCOC(=O)C1=NO[C@@H](C1)[C@@H](CO)O,CCOC(=O)C1=NO[C@@](CC)(C(O)CO)CC1
CDK_Depict_7_96,C(C([C@H]([C@@H](C=O)O)O)O)O,N[C@@H](C([Al])CC(O)Cl)[C@H](O)C=O
CDK_Depict_7_97,C[C@]12CCCC(C3[C@@H]1CCC3C2=C)(C)C,CC.CC.CC
CDK_Depict_7_98,C(=O)(C(OF)(OF)OF)C(F)(F)F,O=C(C(F)(F)F)C(OF)(OF)OF
CDK_Depict_7_99,CC12CCCC[C@@H]1CCC3C2CCC4(C3CC[C@@H]4O)C,CCCCC1CC[C@@H]2(C)CCCCC2(C)C1CCCC1
CDK_Depict_8_1,C1=CN(NN1CCCO)N,*CCCCCCCCC
CDK_Depict_8_2,O[Te](O)(O[Te+]([O-])[O-])O[Te+]([O-])[O-],[O-][Te+](O)O[Te+](O)([OH4])O[Te+]([O-])O
CDK_Depict_8_3,CCP(=O)(CC(=O)NN)CC(=O)NN,[H]NC(=O)CP(=O)(CC)CC(=O)CN
CDK_Depict_8_4,CCSP(=S)(N)F,**(*)(=S)SCC
CDK_Depict_8_5,C1[C@H](C([C@@H](CC1(C(=O)O)O)O)O)O,*C(=O)C1(O)C[C@@H](C)C(O)C(O)(O)C1
CDK_Depict_8_6,C[C@@]1(CCC2C1(CCC3C2CC=C4C3(C=CC(C4)O)C)C)O,*OC1(C)CCC2C3CCc4CC(O)ccC4(C)C3CCCC21C
CDK_Depict_8_7,CCC(C(=O)O)[Ge](Cl)(Cl)Cl,*[Ge](*)(*)C(CC)C(=O)O
CDK_Depict_8_8,C1C[C@H]2CCCS(=O)[C@H]2C1,O=S1CCCCCCCC1
CDK_Depict_8_9,N(=O)N=I(=O)S,O=**=*(=O)S
CDK_Depict_8_10,C(OF)(OCl)(F)F,COC(C)(C)C
CDK_Depict_8_11,C1(=C(SN=C1Br)I)Br,CC1=CC(Br)=NC1
CDK_Depict_8_12,C[C@@H]1CCC(=C)[C@@H](C1(C)C)C=CC(=O)C,C=C1CC[C@@H](C)C(C)(C)[C@H]1C=CC(C)=O
CDK_Depict_8_13,CC1=NN(C(=NC1=O)SC)C,C=C(C)C(=O)CC(C)SC
CDK_Depict_8_14,C(=NNNN=C(N)N=NN=O)(N)N,*C(*)=CC(C)(=O)CCCC(C)(=O)CC=C
CDK_Depict_8_15,CC(C)NC[C@H](C1=CC(=C(C=C1)O)O)O,Cc1ccc(C(C)(C)CCC(C)C)cc1C
CDK_Depict_8_16,C1C[C@@H](O[C@@H]1CO)N2C=NC3=C(N=CN=C32)N,CC.CC1=C2C(CC=C1)C([C@H]1CC[C@H](CO)C1)CC2(C)=O
CDK_Depict_8_17,C1C[C@@H]([C@H]2C3=C(CCN2C1)C4=CC=CC=C4N3)O,O[C@@H]1CCCC2CCC3=C(CC4=Ccccc43)[C@@H]21
CDK_Depict_8_18,C[C@@H]([C@H]1[C@@H]2[C@H]([C@H](C(=O)O1)O)OC3(O2)CCCCC3)O,CC1O[C@@](C)(C(C)O)[C@@H]2CC3(CCCCC3)C[C@@H]2[C@@H]1O
CDK_Depict_8_19,CN1/C(=C\N=O)/C=CS1,CN1SC=Cc1cn=O
CDK_Depict_8_20,CN(C)P(=O)(N(C)CO)N(C)CO,CC.CNP(C)(=O)C(C)CO
CDK_Depict_8_21,C1CC(N(C1)F)F,*C1CCCC1
CDK_Depict_8_22,B1(OC(C(O1)(C)C)(C)C)[C@H]2C[C@@H]2[C@H]3COC(O3)(C)C,CC(C)(C)O.CC1(C)CCC(C)(C)CC1
CDK_Depict_8_23,CC(C)OC(=S)Cl,[CH]C(=S)CC(C)C
CDK_Depict_8_24,C1[C@@H](O[C@@H](C1O)CO)N2C=C(C(=NC2=O)N)F,CC[C@H]1OC(N2C=C(F)C(C)=CC2=O)CC1C
CDK_Depict_8_25,CS1=NC(=NC(=N1)N)N,*C(=C)CCCC(=C)CCCC
CDK_Depict_8_26,C(=O)NP(NC=O)O,O=C[V]p([U])[V]C=O
CDK_Depict_8_27,C(=O)(O)S(=N)(=O)O,C=C(O)CCCCCCCCCCCCCC
CDK_Depict_8_28,C[C@]12CC[C@H]3[C@H]([C@@H]1CCC2=O)CC=C4[C@@]3(CC[C@@H](C4)O)C,[H][C@]12CC[C@]3(C)C(=O)CC[C@@]3([H])[C@]1(C)CC=C1C[C@@H](O)CC[C@@]12C
CDK_Depict_8_29,C(NN)(NN)NN,**C(**)*C
CDK_Depict_8_30,CC(C)(C)OC(=O)NC[C@H]1CC[C@H](C1)O,CC(=O)CC[C@H]1CC[C@@H](O)C1
CDK_Depict_8_31,C1COP(N1P(Cl)Cl)Cl,C*([Cd-])N1CCCC1C
CDK_Depict_8_32,COC1=NN=C(C=C1)OCC(=O)O,CCC1=[Au]*c(CCC(=O)O)cc1
CDK_Depict_8_33,C[C@H]([C@H](C1=CC=CC=C1)O)NC,C*C(C)[C@@H](O)c1ccccc1
CDK_Depict_8_34,B(O)(O)OOOB(O)O,OOOO[2H](OCO[2H](OOOO)OOOO)OOOO
CDK_Depict_8_35,COC1=NC(=O)NC(=S)S1,COC(C)[V]C(=O)CC(=S)S
CDK_Depict_8_37,CCCCCCSSC(SC#N)SC#N,CCCCCCSSC(SC#N)SC#N
CDK_Depict_8_38,C(=O)(O/N=N/OC(=O)Br)Br,*C(=O)CC.*C(C)=O
CDK_Depict_8_39,C1=C[Te](=O)N=C1,C=O.c1ccc1
CDK_Depict_8_40,C[C@]12CC[C@H]3[C@H]([C@@H]1CC[C@]2(C)O)CC[C@@H]4[C@@]3(CC=CC4)C,[H][C@@]12CC=CC[C@@]1(C)[C@@]1([H])CC[C@]3(C)[C@@]([H])(CC[C@]3(C)O)[C@@]1([H])CC2
CDK_Depict_8_41,[2H]P(=NI([2H])[3H])(I)I,CC.CC.CC.[2H]*(C)(C)C
CDK_Depict_8_42,B1(B(C=C1)N(C(C)C)C(C)C)N(C(C)C)C(C)C,CC(C)N(*1*C=C1)C(C)C.CC(C)N(C)C(C)C
CDK_Depict_8_43,B(OC)(OC)SC,CC[2H](OC)SC
CDK_Depict_8_44,CC1(OC[C@@H](O1)[C@H]2[C@@H](C(=O)NN2)CCCO)C,CC1(C)CC[C@@](C2(C)CC2)([C@@]2(C)NNC(=O)[C@H]2CCCO)O1
CDK_Depict_8_45,[Fe]=[Eu],CC.CC
CDK_Depict_8_46,CO[C@H]1C[C@H](OO1)OO,CC[C@@H]1C[C@H](C)oO1
CDK_Depict_8_47,CCOP(=S)(NP(=S)(OCC)OCC)OCC,CCC.CCO*(=S)(=S)**(=S)(=S)OC
CDK_Depict_8_48,C1=NS/C(=C/2\SC=NS2)/S1,C1=CSC(=C2SC=[V]S2)S1
CDK_Depict_8_49,COC(=O)[C@@H]1C[C@@](CN1CC2=CC=CC=C2)(C(=O)OC)N,CC.CC(=O)[C@H]1CC(C)(N)CN1Cc1ccccc1
CDK_Depict_8_50,CN(C(OC)(F)Cl)Br,CC.CN(C)[Sr]
CDK_Depict_8_51,CC1=C(N=CS1)OC(=O)Cl,*C(=O)CC1=C(C)*C*1
CDK_Depict_8_52,C1CO[C@H]2[C@@H]1[C@@](NC2=O)(C(F)(F)F)O,CC1C(C)C(C)(C(C)(C)C)C2CCCC12C
CDK_Depict_8_53,OI(=O)(O)(O)(O)O,C=CC.C=CC.CC(C)Cl
CDK_Depict_8_54,CC1(OC=C(C(=CO1)O)N)C,CC1=C(O)CCC(C)(C)CC1
CDK_Depict_8_55,C12=C(O1)OO2,C1c2c1OO2
CDK_Depict_8_56,C1=CC=C(C=C1)N=NC2C(=O)NC(=S)S2,O=C1CC(=S)SC1N=[V]c1ccccc1
CDK_Depict_8_57,C[C@@]12CC[C@H](C[C@H]1[C@@]([C@@H](CC2)O)(C)O)C(=C)C(=O)O,C=C(C(C)=O)[C@@H]1CC[C@@]2(C)CCC(C)C(C)(O)[C@@]2(C)C1
CDK_Depict_8_58,C1C[C@@H]2C[C@H]1[C@H]3[C@@H]2C(=O)[C@@H]4OC[C@H]3O4,CC[C@@]12CC(C)(C)C(=O)[C@@]3(C)C4(C)CC[C@@](C)(C4)[C@@]13C
CDK_Depict_8_59,C([C@@H](C(=O)O)N)O,*CC([Md])C(=O)OOOOOOOOOOOOOOOOOOOOOOOOOOOOOOOOOOOOOOOOOOOOOOOOOOOOOOOOOOOOOOOOOOOOOOOOOOOOOOOOOOOOOOOOOOOOOOOOOOOOOOOOOOOOOOOOOO
CDK_Depict_8_60,C[C@@H](CCC[C@@H](C)CCCC(=CCO)C)CCCC(C)C,CCCC(C)CCC[C@@H](C)CCC[C@@H](C)CCCC(C)C
CDK_Depict_8_61,C1=CNP(N1)P2C=CP=C2,C1CCCCC1.[2H]1CCCC1
CDK_Depict_8_62,CC(C)OS(=O)(=O)NO,C[K]S(=O)(=O)CC(C)C
CDK_Depict_8_63,CCSC(C1=NNN=N1)SCC,CCSC(SCC)c1***=N1
CDK_Depict_8_64,CC1=NC(=S)SS1,CC1=NC(=S)SS1
CDK_Depict_8_65,CS(=O)(=O)C(S(=O)Cl)(Cl)Cl,*C(*(=O)[Ce])S(=C)(C)=O
CDK_Depict_8_66,[3H]I([3H])[I-]([3H])([3H])[3H],[H]C([3H])(C)C
CDK_Depict_8_68,C[C@]12CC[C@H]3[C@H]([C@@H]1CC[C@@H]2O)C=CC4=CC(=O)CC[C@]34C,CC1C=C2C=C[C@@]3(C)[C@H](CC[C@@]4(C)[C@@H](O)CC[C@@]34C)[C@@]2(C)CC1
CDK_Depict_8_69,COP(=O)(NS(=O)(=O)C)O,CC(=O)N[PH](=O)(=O)Cl
CDK_Depict_8_70,CN(C)CI,CC.CC.CC
CDK_Depict_8_72,CS(#CCl)=N,CS(=[V])#C[Cd]
CDK_Depict_8_73,C[C@@H]1[C@@H]2CC[C@@]([C@@H]3CCC(=C)[C@@H]3[C@H]2OC1=O)(C)O,[H][C@]12C(C)CC[C@@]1(C)C(C)(O)CC[C@@]1(C)[C@H](C)C(=O)C[C@@]21C
CDK_Depict_8_75,C(=O)(N)OP(=O)(O)OC(=O)N,*C(C)=O.COC(=O)[W][W]
CDK_Depict_8_76,CC(C)CNC1=CC(=O)C1=O,CC(C)CNc1cc(=O)C1=O
CDK_Depict_8_77,C1P2C(P1SS2)S,CC1CCCCOC1
CDK_Depict_8_78,[2H]N=C(C)S[2H],*SC(C)=N[2H]
CDK_Depict_8_79,C(=N/Cl)\C=N\Cl,C/*=C/C=N/CC
CDK_Depict_8_80,C1(=NC(=NC(=N1)OCl)OCl)OCl,COc1*c(OC)*c(O[Cf])*1
CDK_Depict_8_81,B(/C=C/C(C)(C)C)(Br)Br,CC(C)(C)CC[2H]([Br-])[Br-]
CDK_Depict_8_82,CC#[W](Br)(Br)Br,CC#CC.Cp.Cp
CDK_Depict_8_83,B(C(C)(C)C)(C(C)(C)C)N,CC(C)(C)C
CDK_Depict_8_84,C(#N)C1C(=N)SSC1=S,*=C1SSC(=S)C1C#*
CDK_Depict_8_85,C1(=NONC1=O)C2=NONC2=O,O=C1CO*c1c1[V]=C[1H]C1=O
CDK_Depict_8_86,CCCCSC1=CC(=O)SS1,CCCCSC1=CC(=O)SS1
CDK_Depict_8_87,CC1=NNC(NC1=O)N,CC1=CCC(N)CC1=O
CDK_Depict_8_88,CSC1(P(C(P1Cl)(SC)SC)Cl)SC,*p1C(CC)(CC)p(*)C1(CC)SC
CDK_Depict_8_89,CCOC(=O)[C@@H]1C[C@@]12CC(=O)O2,C=C1C[C@@]2(C[C@@H]2C(=O)CCC)O1
CDK_Depict_8_90,C(C#CC#N)O,N#CC#CCO
CDK_Depict_8_91,C1(=O)O[Tl](O1)OC(=O)O[Tl]2OC(=O)O2,O=C(C[Ti]1OC(=O)O1)O[Ti]1OC(=O)O1
CDK_Depict_8_92,CP(=O)(C)CP(=O)(C)CP(=O)(C)C,CP(C)(=O)CP(C)(=O)CP(C)(C)=O
CDK_Depict_8_93,C[C@H]1[C@H](OC(O1)(C)C)[C@@H]2[C@H]([C@@H](C(=O)O2)O)O,[H]C1(C2CC(C)(C)O[C@H]2C)OC(=O)[C@@H](O)[C@@H]1O
CDK_Depict_8_94,B1=NN=NC=C1,[2H]1=[V]CCC=C1
CDK_Depict_8_95,CC(=O)O[C@H]1CC(=O)[C@]1(C)OC,CCC1(C)[C@@H](CC(C)=O)C[C@H]1O
CDK_Depict_8_96,C1=C[Te]C(=N1)C=CCl,CC=Cc1ncc[I+]1
CDK_Depict_8_97,CCC1=N[C@H]([C@H](O[C@]1(CC)O)C2=CC=CC=C2)C,CCC1C[C@@H](C)[C@H](C2=CC=CC=C2)C[C@@H]1CC
CDK_Depict_8_98,C[C@@]1(CCC2C1(CCC3C2CC[C@@H]4C3(CCC(=O)O4)C)C)O,[H][C@@]12CCC3C4CC[C@@]5(C)O)C4(C)CCC3C1(C)CCC(=O)O2
CDK_Depict_8_99,B(N(C(C)(C)C)C(C)(C)C)(F)F,CC(C)(C)C.CC(C)(C)C.CP
CDK_Depict_8_100,CCOC(=O)[C@H]1C=C2CCCCC2=C[C@H]1C(=O)OC,CCOC(=O)[C@H]1C=C2CCCCC2=C[C@H]1C(=O)OC
CDK_Depict_9_1,C(C(S)S)(S)S,C.CC(C)C.CC(C)CCC(C)C
CDK_Depict_9_2,[2H]C1C(C(=O)SC1=O)[2H],CC(C)C.CCC(C)C
CDK_Depict_9_3,CP(=O)(C(F)(F)P(=O)(O)F)F,CC.CC(C)C
CDK_Depict_9_4,C1(=NON=C1C(=O)N)C(=O)N,CCCCC(C)=O.O
CDK_Depict_9_5,CCOC(=O)C(N=NC1=NNN=N1)N=NC2=NNN=N2,CCOC(=O)C([W]C)[U]=[U]C1C[U]C(C)[U]1
CDK_Depict_9_7,CN(C)OS(=O)N(C)C,CC(C)C.CC(C)C.CS
CDK_Depict_9_8,CNC[C@@H]([C@H]([C@@H]([C@@H](CO)O)O)O)O,CCCCCCC
CDK_Depict_9_9,CCOC1=NN=CC1=O,CC1CNNC1.CCC
CDK_Depict_9_10,C(=N)(N)[SiH](C(=N)N)[SiH3],O=C([UH2])C[Si](Cl)(Cl)C(=O)[AlH2]
CDK_Depict_9_11,C[C@@H]1C[C@H]2CCCC[C@@H]2C(=O)O1,CCCCCCCCCCCCCCCCCCCCCCCCCCCCCCCCCCCCCCCCCCCCCCCCCCCCCCCCCCCCCCCCCCCCCCCCCCCCCCCCCCCCCCCCCCCCCCCCCCCCCCCCCCCCCCCCCCCCCCCCCCCCCCCCCCCCCCCCCCCCCCCCCCCCCCCCCCCCCCCC
CDK_Depict_9_13,CC(=O)OC[C@H]1[C@@H](C=C[C@@H]([C@H](O1)COC(=O)C)O)O,CC(=O)O.CC(=O)O.CC[C@H](O)[C@H](O)C=C[C@H](O)[C@@H](O)CC
CDK_Depict_9_14,CC(OOC=C)Br,C=COOCC
CDK_Depict_9_15,CCOC(=O)[C@H](CS)N,CCC(C)=O
CDK_Depict_9_16,CC(C)(C)OOC(=O)C(Cl)(Cl)Cl,CC(=O)CC(C)(Cl)Cl
CDK_Depict_9_17,CN1C(=O)N(P2N(C(=O)N(P1N2C)C)C)C,C[V]1*[V](C)C(=O)[V](C)[V](N)[V]1
CDK_Depict_9_18,CS(=O)(=O)C1N=NN=N1,C=S(C)(=O)C1[U][U][U][U]1
CDK_Depict_9_19,C1=COPO1,*.C.CCC
CDK_Depict_9_20,COC(=O)C1=C(SC[C@H](C(=C1)C#N)C2=CC=CC=C2)N,COC(=O)C1=C(C)SC[C@H](c2ccccc2)C(C#N)=C1
CDK_Depict_9_21,C12=C(SC(=O)S1)SC3(S2)SC4=C(S3)SC(=O)S4,C.C.CC(C)C(C)C.CC1SC(=O)SC1S
CDK_Depict_9_22,C1(N=C(N=N1)C(F)(F)F)OF,**C(C)*C(*)C
CDK_Depict_9_23,OOCl(=O)=O,O.O=C=O
CDK_Depict_9_24,CC1=C([C@@]2([C@]1(C3=CC=CC4=C3C2=CC=C4)C)C)C,CCCC1CCCc2c1c(ccc2)cc1
CDK_Depict_9_25,O([Sn](Cl)(Cl)Cl)[Sn](Cl)(Cl)Cl,C.C.C.C
CDK_Depict_9_26,C1C2(CSS1)CS(=S)C2,C=[SH](C)=S
CDK_Depict_9_27,C1(=O)NC(=O)NP(=S)(N1)S,O=C1*CC[PH](=S)(S)N1
CDK_Depict_9_28,B1P=CC=P1,*C.CC.CC
CDK_Depict_9_29,C1=CSC=P1,CCC.S
CDK_Depict_9_31,C1=C=NN=C(C=C1I)I,CCCCCCCCCC
CDK_Depict_9_32,[2H][C@](CC1=CNC2=CC=CC=C21)(C(=O)OCC)N,*[C@@]([2H])(Cc1c2ccccc2NC=1)C(=O)OCC
CDK_Depict_9_34,C1=CC=[Se](C=C1)OCl(=O)(=O)=O,O=Cl(=O)(=O)O[Se]1ccccc1
CDK_Depict_9_35,C1=C(ONON1)F,*C(CC)O*C
CDK_Depict_9_36,C[N+](C)(C)CP(=[Au]Cl)(C)C,C=P(C)(C)C[N+](C)C
CDK_Depict_9_37,C(=C(/F)\I)(\F)/I,CC.CC(C)C(C)C
CDK_Depict_9_38,N(NS(=O)(=O)F)S(=O)(=O)F,cS(=O)(=O)**S(=O)(=O)F
CDK_Depict_9_39,COP(=S)(CCl)NC(=S)N,CCC.CO*(C)=S
CDK_Depict_9_40,C1=CC=C(C=C1)CN(NCNN(CC2=CC=CC=C2)N=O)N=O,O=C=N[Al](CC1=CC=CC=C1)[Al]C[Al][Al](C=O)CCc1ccccc1
CDK_Depict_9_41,CO[C@@H]1[C@@H]([C@@H]2[C@H](CO1)OC(=O)S2)O,C=C(C)CC.CC1CO[C@H](C)[C@H](C)C1
CDK_Depict_9_42,CC(=C)[C@H]1CN[C@@H]([C@H]1CC(=O)O)C(=O)O,CC(=O)O.CCC.CCCCCC(C)CCC
CDK_Depict_9_43,CN(C)CC[C@@H](C1=CC=C(C=C1)Cl)C2=CC=CC=N2,CCC.CCCC(c1ccc(C)cc1)C1C=CC=CC1
CDK_Depict_9_44,C[C@]1([C@H](CC1=O)C2=CC=CC=C2)OC,CCCCc1ccccc1
CDK_Depict_9_45,CO[C@H]1[C@@H](CC(=O)C2=C1C(=CC=C2)OC)O,COc1cccc2c1C(OC)[C@@H]([IH])CC2=O
CDK_Depict_9_46,C1=CC(=O)C2=C(C1=O)SNS2,CC1C(=O)C=CC(=O)C1S
CDK_Depict_9_47,C(#N)SSC(=O)O,C#CCSSC(=O)O
CDK_Depict_9_48,O(P(Br)Br)Br,CC.CC
CDK_Depict_9_49,C1=CN(C(=CN1Cl)CO)Cl,**1CCCN(C)CC1CC
CDK_Depict_9_50,C(C(OC(C(Br)Br)(Cl)Cl)(Cl)Cl)(Br)Br,CC(C)C(C)CC(C)(C)C
CDK_Depict_9_51,CCOC(=O)C1=NO[C@H](C1)[C@H]2COC3(O2)CCCCC3,C1CCCCC1.CCC(=O)C1=CO[C@@](C(C)(C)CO)(C1)CO1
CDK_Depict_9_52,C[C@H]1C=C(C[C@H]2[C@@]1(C(=O)CC(C2)(C)C)C)C,C=CC1(C)CC=C(C)CC1CCC(C)(C)C
CDK_Depict_9_53,C1C2=CC=CC=C2[C@H]([C@@H](C3=CC=CC=C31)O)N,C[C@@H]1c2ccccc2Cc2ccccc2[C@@H]1O
CDK_Depict_9_54,CSC(=O)SSC(=O)Cl,CC(=O)SS.CSC(C)=O
CDK_Depict_9_55,C[C@]12CC[C@H]3[C@H]([C@@H]1CC[C@]2(C)O)CC[C@@H]4[C@@]3(CC5=CON=C5C4)C,C/C=C1\CC2(C)[C@@H](C)(CC[C@@]3(C)[C@@H]4(C)CC(C)(C)O)CC1C
CDK_Depict_9_56,CC1(OC[C@@H]([C@@H](O1)COCC2=CC=CC=C2)OS(=O)(=O)C)C,CC[C@H]1CC(C)CC[C@H]1OS(C)(=O)=O
CDK_Depict_9_57,C[Si]1(CN=NC12N=N2)C,C=[U].CC[C-](C)C.[U]=[U]
CDK_Depict_9_58,C1=CC=PC(=C1)C2=CC=CC=P2,C1CCC(C2CCCCC2)CC1
CDK_Depict_9_59,CC[C@H](C)[C@@H](C(=O)O)N,CCCCCCCCCC(=O)O
CDK_Depict_9_60,C[As](C)C(=[N+]=[N-])[Sn](C)(C)C,C=[U+]=C[Si](C)(C)C.CC
CDK_Depict_9_61,B1(C=CC=CC=C1)N,C/C=C\CCCC
CDK_Depict_9_62,CS(=O)(=O)NN(S(=O)(=O)C)S(=O)(=O)C,CS(=O)(=O)[Al][Al](S(C)(=O)=O)S(C)(=O)=O
CDK_Depict_9_63,C(=O)(C(C(F)(F)F)(NN)O)NN,**C(=O)C(C#CC#C)(C(*)=C=C=C)C(C)(C)C
CDK_Depict_9_64,C1=CSN=CC1=O,C.C=C(CC)CCC
CDK_Depict_9_65,B1(C2B(C3B(C1B(C(B2CC)B3CC)CC)CC)CC)CC,CC.CCC.CCC.CCC.CCC
CDK_Depict_9_66,CN(C)/C=C\1/C(=O)SC(=N1)SC,C=C(CC)SC(=O)/C(C)=C/CC
CDK_Depict_9_68,OP(O)OP1OSSSSSSO1,O.O.O.POSSSSS.[1O]P
CDK_Depict_9_69,C[C@H]1CCC(=O)[C@@]2([C@H]1CC(=C[C@H]2C)C)C,CCCCCc1c(C)ccc(C)C1
CDK_Depict_9_70,B(CCCC)(NCCCC)NCCCC,CCCC.CCCC.CCCCC
CDK_Depict_9_71,P1P(P1(Cl)(Cl)Cl)(Cl)(Cl)Cl,C.C[PH](C)(C)(C)C
CDK_Depict_9_72,B(N(C)C)(Br)Br,C*(F)F.CC
CDK_Depict_9_73,CNC=C(C(=O)C(F)(F)F)Cl,CCCC(C)C(=O)CC(C)(C)C
CDK_Depict_9_74,CN=S=NC,C*=S=*C
CDK_Depict_9_75,C(F)(F)(F)P(C(F)(F)F)(C(F)(F)F)(F)F,C.C.CC
CDK_Depict_9_76,C1(=C(OC(=C(O1)Cl)Cl)Cl)Cl,CC(C)C(C)CC(C)C(C)C
CDK_Depict_9_77,C1CC2(NC1=O)OS2,CCC.CCC
CDK_Depict_9_78,ClI(Cl)(Cl)(Cl)Cl,C.C.C[IH](C)C
CDK_Depict_9_79,C1=CN(C=C1)P(=O)(N)N,C=O.CN1C=CCC1
CDK_Depict_9_80,CC(C)N1C(=O)C([C@@]12CCCCC2=O)(C)C,CC(C)C.CC1CCCCC1=O
CDK_Depict_9_81,C1=CP(=NC(=O)N1)(N)O,**C.C=CC.C=O
CDK_Depict_9_82,CCCSC(=C(Cl)Cl)CC(=O)NC(C)(C)C,CC(C)=O.CCCCCCC(C)=O
CDK_Depict_9_83,CC(C(CS)CS)C(F)(F)F,CCC(CC)C(C)C(C)C
CDK_Depict_9_84,C#CCCCSNNC(=O)N,**C(C)=O.CCCC.CCCCC
CDK_Depict_9_85,C1CC[C@H]([C@@H](C1)C(F)(F)I)I,CCCCCCCCCCCCCCCCCC
CDK_Depict_9_86,C(S)[Se](C(=O)O)N,*[Se](CC)C(C)=O
CDK_Depict_9_87,CC(=O)C1=CC=C(C=C1)N[C@H]2C(C([C@H](CO2)O)O)O,CC(=O)c1ccc(*C2OC[C@H](O)C(O)C2Cl)cc1
CDK_Depict_9_88,CN(OC)P(N(C)OC)F,CO[Al](C)C(C)[Al](C)OC
CDK_Depict_9_89,CCOC(=O)[C@H]1C[C@@H]2CC3=CC=CC=C3N2N1,CCC.CCCC(C)Cc1ccccc1C
CDK_Depict_9_90,CN(C)P(Br)Br,CC.CNC.CpC
CDK_Depict_9_91,B1(SB(SS1)C2=CC=CC=C2)C3=CC=CC=C3,CCCCCc1ccccc1.c1ccccc1
CDK_Depict_9_92,C1=CNC(=C1)C(=S)C2=CC=CN2,CC.CCC.CCCCC.CCS
CDK_Depict_9_93,C1CCC(CC1)O[C@H]2C[C@@H]2N,CCCCCC
CDK_Depict_9_94,C1[C@@H]([C@H](O[C@H]1N2C=C(C(=O)NC2=O)Br)CO)O,CC(=O)CCC(=O)C([Fr])=CCC=O.C[C@@H]1C[C@H](O[Fl])[C@@H](C)O1
CDK_Depict_9_95,B1(SC=CS1)N(B2SC=CS2)B3SC=CS3,C1=Css(ss2sC=Cs2)s1
CDK_Depict_9_96,O[As](=O)(O)OS,C=O.CCl.CS
CDK_Depict_9_97,C1=CN(C(=O)N=C1N)[C@H]2[C@@H]([C@@H]([C@H](O2)CO)O)O,C/C=C\C(N)=O.CC.CC=O.CCO
CDK_Depict_9_98,CC[C@@H]1CCCC(=O)[C@H]1Cl,CC1CCCC(=O)[C@H]1C
CDK_Depict_9_100,B1=C(NN=C1N)N,C=C(C)C.CC(C)C
CDK_Depict_10_1,C(=N)(N)[Al](C(=N)N)C(=N)N,*C(C)=NN=NN=NN=NN=NN=NN=NN.CC(C)C
CDK_Depict_10_2,C[C@H]1[C@H]2[C@H](C[C@H](O1)OC)O[C@@H]3[C@H]([C@@H]([C@H](O[C@H]3O2)CO)O)O,COC1CC2(C)CC(C)C(O)C(C)C(C)CC(C)(C)C(C)C(C)C(C)C(C)CC2(C)CC21
CDK_Depict_10_3,CC(C)(C)C1CCN=CC1,CC(C)(C)C1CCNCC1
CDK_Depict_10_4,B1(CB(CB(C1)I)I)I,CC.CCC.CCp(C)CC
CDK_Depict_10_5,CC1=CSC(=C1C=O)C,C=Cc1c(C)CSC1C
CDK_Depict_10_6,CN1C(=S)N(P1N(C)C)C,CC.CN(C)C.cc(s)N(C)p
CDK_Depict_10_7,CC[S@@](=NS(=O)(=O)Cl)(=O)C,CCS(=O)(=O)NS(C)(=O)=O
CDK_Depict_10_8,C1C[C@H]2CCCS(=O)[C@@H]2C1,C[C@]12CCCS(=O)[C@]1(C)CCC2
CDK_Depict_10_9,CC(C)ON(CC(C)O)N=O,CC(C)O.CCC(C)O.CN.O=[V]
CDK_Depict_10_10,C[C@H](/C=C/[C@@]1([C@](CCCC1(C)C)(C)O)O)O,CC(C)CC[C@]1(O)C(C)(C)CCC[C@@]1(C)O
CDK_Depict_10_11,CC12CC[C@H]3C([C@@H]1CCC2=O)CCC4=C3C=CC(=C4O)O,*C1C(O)CCC2C3CCC4(C)C(=O)CCC4(s)C3CCC21
CDK_Depict_10_12,C=C[Sn](I)(I)I,C=C[Si](C)(C)C
CDK_Depict_10_13,C1C[C@@H]2C[C@H]1[C@H]3[C@@H]2CO[C@H](C3)O,[H]C1(CC(C)C)C2([W])CCC(C2)[C@@]1([H])CC
CDK_Depict_10_14,CN(C)S(=O)(=O)N1CCN(CC1)N(CC#N)N=O,C*(C)*(=O)=O.CCC**(*=O)CC#N
CDK_Depict_10_15,C(CP(O)O)P(O)O,CCC
CDK_Depict_10_17,C/C=C/[C@H]([C@@H]1C=C(C(=O)O1)Cl)O,C/C=C/C(C)(C)C(C)(C)C(C)C(C)CC
CDK_Depict_10_18,C1C(C12CNC2)C3=NN=CO3,*1*2=COC(C3CC34CNC4)C12
CDK_Depict_10_19,CN1P2N(P3N(P1N(P(=S)(N2C)N3C)C)C)C,CC.CC.CC(C)C(=S)N(C)p(C)(C)N(C)C
CDK_Depict_10_20,C[C@@H]([C@@H]([C@@H]1[C@H]([C@H](C(=O)O1)O)O)O)O,*[C@@H]1[C@@H](*)COC1(*)[C@H](*)C(C)(C)C
CDK_Depict_10_21,C[C@H]1CC[C@@H]2[C@H](/C=C(/CC/C=C(/CCC1=O)\C)\C)OC(=O)C2=C,C=C1O[C@]2(C)C[C@@H](C(=O)CCC(C)CCCC(C)C(C)CCC(=O)C3CC3)CC[C@]1(C)[C@@H](C)C2
CDK_Depict_10_22,C[C@]12C=C[C@H](C1(C)C)C[C@H]2C(=O)O,[4H]C(=O)C1C[C@H]2(C)CC[C@@H]1(C)C2(C)C
CDK_Depict_10_23,CC(C)[C@@H](CO)NCC=C,CCC[NH2+][C@H](CO)C(C)C
CDK_Depict_10_24,B1(N(C=CN1C)C)C,CC.CN/C=C\N(C)C
CDK_Depict_10_25,CCP(CC)C1=NC=CN=C1,CC*(CC)c1ccccn1
CDK_Depict_10_26,C([C@@H](C(=O)O)N)C(Cl)Cl,CC(C)C[C@H](N)C(=O)O
CDK_Depict_10_27,C1C(=NC(=NO)CN1)NO,N=C1CNCC(*O)=N1
CDK_Depict_10_28,C1C[C@@H]2C[C@H]1[C@@H]([C@H]2C3OCCO3)CCO,OCC[C@H]1C2CCC(C2)C1C1*CC*1
CDK_Depict_10_29,CCCC[C@@H]1CCO[C@H]1C,CCCCC1CCOC12CC2
CDK_Depict_10_30,C1=CS(=CS1)OS(=O)(=O)O,*S(=O)(=O)O*1C=CSC1
CDK_Depict_10_31,[2H]C(=C1CCC1([2H])[2H])[2H],[2H]C1([2H])CCC1=C(C)C
CDK_Depict_10_32,C1(=NC(SS1)(Cl)Cl)N,*C1*C([W])SS1
CDK_Depict_10_34,C[Si](=S(=O)=O)C,C[Si](C)=S(=O)=O
CDK_Depict_10_35,C1[C@H]2[C@@H]([C@H]([C@@H](O1)OC3=CC=CC=C3)O)SC(=O)O2,C[C@@]12CO[C@@H](Cc3ccccc3)[C@H](O)[C@@]1(C)SC(=O)O2.Cc1ccccc1
CDK_Depict_10_36,CSC1SC(=C(S1)CO)CO,CSC(S)SC(C)C(C)C[1CH3]
CDK_Depict_10_37,CC(C)(C)C#CN=[Pd]=NC#N,C#N.CCC.CCC
CDK_Depict_10_38,[Si]=[Zn],C=[O-]
CDK_Depict_10_39,[2H][U](=N)=NC,**(=[V])=[V]
CDK_Depict_10_41,C(=C(I)[Hg]C(=C(I)I)I)(I)I,CC(C)C(C)C.CC(C)C(C)C
CDK_Depict_10_42,CSC(=O)NC(=O)C1=CC=CC(=O)O1,CSC(=O)NC(=O)c1cccc(=O)C1
CDK_Depict_10_43,CN1CCC(=O)N(P1Cl)C,C*1C(=O)CCNp1C
CDK_Depict_10_44,C1(=C(C(=C(C(=C1I)I)I)I)I)Br,CC1C(C)C(C)C(C)C(C)C1C
CDK_Depict_10_46,C1=CC=C(C=C1)SC2=CC=C(C=C2)S(=O)(=O)O,CC1=Ccccc1.Cc1ccc(S(=O)(=O)O)cc1
CDK_Depict_10_47,C1CC1=C2CC2Br,[Sr]C1CC1=C1CC1
CDK_Depict_10_48,C1=C(N=NC1=O)C=O,O=Cc1cc(=O)n*1
CDK_Depict_10_50,CCCCC[C@@H](C=C[C@H]1[C@@H](C[C@@H]([C@@H]1CC=CCCCC(=O)O)O)O)O,CCCCCC(O)CC[C@H]1[C@@]2(C)C[C@@H](C)[C@@]13CCCCCCCCCCC(C)=O)[C@@H]3CCCCCCCCCCC
CDK_Depict_10_52,C1=CC(=CC(=C1)OC2=CC=C(C=C2)O)O,CC1CCC(O)CC1.CC1CCCC(C)C1
CDK_Depict_10_53,CC(C)(C)[C@@H]1CCCC(=O)[C@H]1Cl,CC(C)C.CC(C)C.CC(C)C.CC1CCCC(=O)C1(C)C
CDK_Depict_10_54,CC(=CC1=C(COC1)C(=O)C)C,CC(C)CC1COCC1C(C)O
CDK_Depict_10_55,CC(C)(C)C1COP(OC1)Cl,CC1C*p(C)CC1
CDK_Depict_10_56,C1=CC(=O)NC(=C1)C(F)(F)F,C*C1=CCCC(=O)*1
CDK_Depict_10_57,COC(=C(OC)OC)OC,CC.CC.COC(C)OC
CDK_Depict_10_58,C[C@H]([C@H](C=C)O)C(=O)OCC(C)C,C=CC(Cl)[C@@H](C)C(=C)OCC(C)C
CDK_Depict_10_59,CC(C)(C)OC(=O)N1[C@@H]2[C@H]1C3C4C2C34,CC.CC(=O)N1C2(C)C3C4C3C4[C@]12C
CDK_Depict_10_60,C[C@@H]1CC(=C(C[C@H]1OC2=CC=CC=C2)C)C,CC1CC(C)[C@H](CC2CCCCC2)CC1C
CDK_Depict_10_61,CC1(CS(=O)CC(C#C1)(C)C)C,CC1(C)C#CC(C)(C)CS(=O)C1
CDK_Depict_10_62,COCCOCOC(=C(F)F)COCC#C,*C(*)=C(COCC)C(C)COCCOC
CDK_Depict_10_63,CCP(CC)(I)(I)I,CCC.CCCCC
CDK_Depict_10_65,C1CC1C(C(Br)Br)(Br)Br,CC([Cs])C([Cs])([Cs])C1CC1
CDK_Depict_10_66,C([C@@H](C(=O)O)N)C(=O)NS,C[NH2+][C@@H](CC(=O)[NH2+]S)C(=O)O
CDK_Depict_10_67,CC(=O)O[C@H]1CCCC[C@H]1CC2=CC=C(C=C2)OCOC,CC(O[C@@]12CCCC[C@H]1Cc1ccc(OCOC)cc1)O
CDK_Depict_10_68,C1CC(C(OC1)F)I,*C1OCCCC1I
CDK_Depict_10_69,[N-]=[N+]=N[Bi]1N=[N+]=N1,[N-]=[N+]=N[Si-]1N=[n+][n+]1
CDK_Depict_10_70,CC(C)SC(C)(C)C1CC1(Br)Br,CC(C)SC(C)(C)C1CC1([Sr])[Sr]
CDK_Depict_10_71,[N-]=[N+]=NN=S(=O)=O,[N-]=[N+]=NN=S(=O)=O
CDK_Depict_10_72,C1=CN=C(N=C1)C2=NNC(=NN2)C3=NC=CC=N3,c1cnc(-c2nnc(-c3ncccn3)[nH]n2)nc1
CDK_Depict_10_73,FP(F)(F)(F)P(F)(F)(F)F,F*(F)(F)(F)(F)(F)F
CDK_Depict_10_74,[2H]C(C=C)P(Br)Br,C=CC(O)P([n-])[n-]
CDK_Depict_10_75,[SiH]=[GeH],*=[SiH]
CDK_Depict_10_76,CS(=S(=S(C)(C)(C)C)(O)O)C,*S(*)(=S(C)C)=S(C)(C)(C)C
CDK_Depict_10_77,C1C[C@H]2CCS[C@H]2C1,C[C@]12CCC[C@@]1(C)SCC2
CDK_Depict_10_79,C([C@@H]1[C@H]([C@@H]([C@@H](C(O1)O)O)O)O)O,OC[C@H]1OC(O)[C@@H](O)[C@@H](O)[C@@H]1O
CDK_Depict_10_80,CCO[C@H]1CC(=O)[C@]1(C)OC,CCO[C@H]1CC(=O)[C@]1(C)OC
CDK_Depict_10_81,CC=C(C=C)C(=N/N=C/N)C(=O)C,*C*CC(C(C)=O)C(C=C)CC
CDK_Depict_10_82,B(CCN(C)C)(C[SiH2]F)F,CN(C)CC[SH](F)C[S+2]F
CDK_Depict_10_83,CP1(=NS2=NS(=N1)N=S=N2)C,CO1[Z][s]2[s]=[s][s](C)=[s]1
CDK_Depict_10_84,[2H]C([2H])([2H])SSSC([2H])([2H])[2H],CC(C)C
CDK_Depict_10_85,C1=CN(C=C1)SC(F)(F)Cl,CCC.CCCCC
CDK_Depict_10_86,CCCOC1=NC(=NC(=N1)N)C(Cl)Cl,CC(C)C.CC(C)C.CC(C)[AlH].CCCC
CDK_Depict_10_87,C[C@@]1([C@H]([C@@H](CN1C)C2=CC=CC=C2)C(=O)OC)C(=O)OC,COC(=O)[C@@H]1[C@@H](C2CCCCC2)C*(C)C1(C(=O)OC)C(=O)OC
CDK_Depict_10_88,CC[C@@H]1[C@H](C[C@H](S[C@H]1C2=CC=CC=C2)C3=CC=CC=C3)N,CC1CC(C(C)C2CCCCC2)C([ZW])CC(C)C2CCCCC2
CDK_Depict_10_89,CC(C)[C@@H]1CCCC(=O)[C@H]1Cl,CC(C)[C@@H]1CCCC(=O)C1(C)C
CDK_Depict_10_90,C(C(F)(F)F)(OC(Cl)(Cl)Cl)Cl,C.C.CC(C)C
CDK_Depict_10_91,C[C@]12CC[C@H]3[C@H]([C@@H]1CC[C@H]2O)CCC4=CC(=O)CC[C@]34C,C[C@@]12CCC(=O)Cc1CC[C@@]13C2(CC[C@@]2(C)[C@H](O)CC[C@@]13C)C
CDK_Depict_10_92,CC1([Se]CC([Se]1)Cl)Cl,CC1*C(C)(C)*C1
CDK_Depict_10_93,CP(=C(S)SC(=S)S)(C)C,*C(SC(=S)S)[PH](C)(C)C
CDK_Depict_10_94,C([C@@H](C(=O)O)N[C@](CC(=O)O)(C(=O)O)N)C(=O)N,CC(=O)C(C)C[C@H](N[C@@]([1445O])(CC(=O)[145O])C(=O)O)C(C)=O
CDK_Depict_10_95,C1=C(C(=CC(=C1O)O)O)C[C@@H](C(=O)O)N,*C(C)(Cc1cc(O)c(O)cc1O)C(=O)[O-]
CDK_Depict_10_96,CN(C)CCO[C@H]1[C@@H](CC2=CC=CC=C12)CC3=CC=CC=C3,CN(C)CCO[C@@H]1C2CCCCC2C[C@H]1CC1CCCCC1
CDK_Depict_10_97,C(C(S(=O)(=O)Br)(Br)Br)(Br)Br,*C(C)C(*)(*)S(*)(=O)=O
CDK_Depict_10_98,CC(=O)C(=[In]C)N,*C(=*C)C(C)=O
CDK_Depict_10_99,CC(=O)O[C@@H]1CCCC[C@H]1CC2=CC=C(C=C2)OCOC,COCOc1ccc(C[C@@H]23CCCCC2OC(C)=O)cc1
CDK_Depict_10_100,CC(=O)C(=[N+]=[N-])[Hg]C(=[N+]=[N-])C(=O)C,CC(=O)C(*C(=[N+]=N)C(C)=O)=[N+]=N
CDK_Depict_10_101,C[C@@H]([C@@H](C1=CC=CC=C1)O)NC,CC(C)[C@H](O)c1ccccc1
CDK_Depict_10_103,CN1C(=NN=C(N1)SC)SC,CSC(C)**C(C)S
CDK_Depict_10_104,C1CCCCC[C@@H]([C@@H](CCCC1)C(C(F)(F)F)(C(F)(F)F)O)O,[3H]C(C)(C)C(C)(C1CCCCCCCCCCC1[C@H](C)C(C)(C([3H])(C)C)C(F)(F)F)C(F)(F)F
CDK_Depict_10_105,CCCCC[C@H](/C=C/[C@@H]1[C@H]2CC[C@H](C2)[C@H]1CC(OCC)OCC)SCC,CCCCCC(CCC1[C@H](CC(OCC)OCC)C2CC[C@@]1(C)C2)SCC
CDK_Depict_11_1,COP(#P)[P-][P+](=N)P,CO[PH](=P)P[PH+](=N)P
CDK_Depict_11_2,CCCCC/C(=N\F)/N(F)F,CCCCC/C(=N/F)N(F)F
CDK_Depict_11_3,CC=[Lu]Cl,C/C=*/Cl
CDK_Depict_11_4,CCCCCC(C=C)O[C@H]1[C@@H]([C@H]([C@@H]([C@H](O1)CO)O)O)O,C=CC(CCCCC)O[C@@H]1O[C@H](CO)[C@@H](O)[C@H](O)[C@H]1O
CDK_Depict_11_5,C(=O)(C(=S(N)N)O)C(=S(N)N)O,*N(*)[sH](c(O)C(=O)C(O)s(N)N)N(*)*
CDK_Depict_11_6,CC(C)(C)P(=CC(=O)C(F)(F)F)(C(C)(C)C)Cl,CC(C)(C)C(=O)C[PH](C)(C(C)(C)C)C(C)(C)C
CDK_Depict_11_7,C=C1C=C/C(=C/Br)/O1,Ccc1ccc(C)o1
CDK_Depict_11_8,C(CCS(=N)C(=O)O)CN,N=[S+](CCCCN)C(=O)O
CDK_Depict_11_9,C(C(SF)(SF)SF)(O)(SF)SF,*SC(o)(SF)C(S*)(S*)SF
CDK_Depict_11_10,C1CC[C@H]2COC(=S)[C@H]2CC1,C=C1*CC2(C)CCCCCC12
CDK_Depict_11_11,C1=COC=C1NC(=O)O,O=C(O)Nc1ccoc1
CDK_Depict_11_12,CC(C)(CO)[C@H](C(=O)NCCCC(=O)O)O,CCC(C)(C)[C@H](O)C(=O)NCCCC(=O)O
CDK_Depict_11_13,CC(=C=C1CCC1)C,CC(C)=C=C1CCC1
CDK_Depict_11_14,CC12CC[C@@H]3C4=C(CCN3[C@@H]1CC[C@]2(C#C)O)C=C(C=C4)OC,C#C[C@@](C)(O)C1(C)CC[C@@]2(C)C3ccc(O)cc3CCN2[C@@]1(C)CC
CDK_Depict_11_15,CN1C=COC=C1,Cn1ccocc1
CDK_Depict_11_16,C1=C(C2=C(N=CN=C2N1[C@H]3[C@@H]([C@@H]([C@H](O3)CO)O)O)N)C#N,C#CC1=CN([C@@H]2o[C@H](CO)[C@@H](O)[C@H]2O)c2ncnc(N)c21
CDK_Depict_11_17,C(=O)=[Zr]=C=O,O=C=[Zr]=C=O
CDK_Depict_11_18,CCOP(=S)(OCC)P(=S)(OCC)OCC,CCo[K](=S)(oCC)OCC
CDK_Depict_11_19,CN(C(=O)Cl)SC(C(Cl)Cl)(Cl)Cl,*C(*)(SN(C)C(C)=O)C(C)C
CDK_Depict_11_20,CC(C)(C)CS(=O)SC1=CC=CC=C1,CCS(=O)sc1ccccc1
CDK_Depict_11_21,CC(C)(C)C1PPC(=P1)C(C)(C)C,CC1ppc(C(C)(C)C)p1
CDK_Depict_11_22,CC(=CCN1[C@@H]2[C@@](CCN2C)(C3=C1C=C(C=C3)Br)O)C,CCC=C(C)C.[H][C@@]12Nc3cc(C)ccc3[C@]1(C)CCN2C
CDK_Depict_11_23,C1[C@@H]2[C@H]([C@H]([C@@H](O2)N3C=CC(=NC3=O)N)O)OP(=O)(O1)O,CC1cc(C)(C)[C@H](C)[C@@H](C)[C@H](n2ccc(N)nc2=O)CC1
CDK_Depict_11_24,CC(=C(C(=C(C)S)S)S)S,CC([SH]=S)C(C)C(S)C(C)[SH]=S
CDK_Depict_11_25,C(N(CP(=O)(N)O)CP(=O)(N)O)P(=O)(N)O,CP(N)(=o)CN(CP(N)(o)=O)CP(N)(=O)O
CDK_Depict_11_26,C[SiH](C[Si](C)(CCl)Cl)Cl,CC[Si](C)(C)C[SiH](C)C
CDK_Depict_11_27,CCCN=P(CC)(CC)P(CC)CC,CCCN=p(CC)(CC)p(CC)CC
CDK_Depict_11_28,O=S(=O)(F)Cl,*C=O.Cl
CDK_Depict_11_29,CCCCC(=O)OON1CCNC#C1,CCCCC(=O)OON1CCNCC1
CDK_Depict_11_30,[B-]1C[P+](C[B-][N+]1(C)C)(C)C,CN1(C)SC[O+](C)(C)C[SH]1
CDK_Depict_11_31,C1(=O)C(=O)N2C(=N1)S2,O=c1c(O)nc2sn1S2
CDK_Depict_11_32,CC(C(C)(C)C)OP(=S)(C)F,*[PH](C)(=S)(=S)OC(C)C
CDK_Depict_11_33,C1=NC(=C2C(=N1)N(C=N2)[C@H]3[C@@H]([C@@H]([C@H](O3)CO)O)O)NO,C[C@@H]1[C@H](C)[C@H](CO)O[C@@H]1C.ONc1ncnc2nCNc12
CDK_Depict_11_34,B(C(C)(C)SC(=N)N)(O)O,CC(C)(C)[2H](O)O.N=C(N)S
CDK_Depict_11_35,FSSS(F)(F)F,FSSS(F)(F)F
CDK_Depict_11_36,CC(C)(C1=CN=CN=C1)OCC#C,C=COC(C)(C)c1cncnc1
CDK_Depict_11_37,CC1(OC[C@H]([C@@H](O1)COCC2=CC=CC=C2)O)C,CC1COC(C)(C)O[C@H]1COCc1ccccc1
CDK_Depict_11_38,CC#CC1=CC=C(SS1=O)C#CC#CC=C,C=CC#CC#Cc1ccc(C#CC)S(=O)S1
CDK_Depict_11_39,B(C#N)(F)Br,C1CCCC1
CDK_Depict_11_41,C[C@H]1C[C@@H](C(=O)[C@@H](C1)[C@@H](CC2CC(=O)NC(=O)C2)O)C,CC1C[C@@H](C)C[C@@](C)(C)[C@H](O)CC2CC(=O)NC(=O)C2
CDK_Depict_11_42,C[C@]12CC[C@H]3[C@H]([C@@H]1CC[C@@H]2O)CCC4=CC(=O)CC[C@]34C,CC1CC[C@]2(C)[C@@H](O)CC[C@@]2([H])[C@@]1([H])CCC1=CC(=O)CC[C@]12C
CDK_Depict_11_43,CN(C1=C(C=C(C=C1)Br)Br)C(=N)N,Cc1ccc(N(C)C(=N)N)c(Br)c1
CDK_Depict_11_44,C1=PP=NSO1,c1osnpp1
CDK_Depict_11_45,C1=C(SC(=S)S1)Cl,C=Cc1cSC(=S)S1
CDK_Depict_11_46,C1=CN=CC2=C1C=CN=C2Br,*c1nccc2ccncc12
CDK_Depict_11_47,C(=O)(O[P+](OC(=O)F)(F)F)F,O=C(F)O[P+](F)(F)OC(=O)F
CDK_Depict_11_48,CC(=C)[C@@H]1CCC(C1)(C#N)C#N,C=C(C)[C@@H]1CCC(C#N)(C#N)C1
CDK_Depict_11_49,CC1=CNN(N1SCC(=O)C)C,CC(=O)CS[nH]1c(C)c[NH+]N1C
CDK_Depict_11_50,CNC#CSOOO,CNC#CS(S)OOC
CDK_Depict_11_51,CC(C)(C)OC(=O)N1CCC[C@H]1C2(CCCCC2)O,CC(C)(C)OC(=O)N1CCC[C@H]1C1(O)ccccC1
CDK_Depict_11_52,C(C(F)(F)F)OP(OCC(F)(F)F)(OCC(F)(F)F)(F)F,CC(C)(C)CO[PH](C)(C)(F)OCC(F)(F)F
CDK_Depict_11_53,CS(C)(NC(=O)N)OS(=O)(=O)O,C[Si](C)(NC(N)=O)OS(=O)(=O)O
CDK_Depict_11_54,C[C@@]12CCC(=O)C[C@@H]1C(=O)CC2,C[C@@H]1CC(=O)CCC1CCC1=O
CDK_Depict_11_55,B(CC=C)(F)F,C=CCB(C)(F)F
CDK_Depict_11_56,CC1(C[C@H]2CC=CC[C@H]2C1)OC=O,CC1(OC=O)CC2(C)CC=CC[C@]2(C)C1
CDK_Depict_11_57,C1[C@H]([C@H]1CSC2=CC=CC=C2)CC(=O)O,O=C(O)C[C@H]1C[C@H]1CSc1ccccc1
CDK_Depict_11_58,C[C@]12[C@H](COC1=O)[C@H]3CC[C@@]2(O3)CO,CC12CC[C@@](CO)(O1)[C@@H]1C(=O)OCC12
CDK_Depict_11_59,C(=O)(C(I)(I)I)[Tl](C(=O)C(I)(I)I)C(=O)C(I)(I)I,CC(C)(C)C(=O)N(C(=O)C(C)(C)C)C(=O)C(C)(C)I
CDK_Depict_11_60,C([C@@H](C(=O)O)N)S,CC[C@H](C)C(=O)O
CDK_Depict_12_1,CC(=O)NN/C(=C/C#N)/N,CC(=O)NN/C(N)=C/C#N
CDK_Depict_12_3,C(CCNCC(C(=O)O)N)C[C@@H](C(=O)O)N,*C(CNCCCCC(N)(Cl)C(=O)OC)C(=O)ON
CDK_Depict_12_4,B1=[As]OC=C1,c1cs[sH]o1
CDK_Depict_12_5,CCC1=CN(C(=O)NC1=O)[C@@H]2C[C@@H]([C@H](S2)CO)CO,CCC1=CCC(=O)N(Cl)C1=O.NC[C@@H]1C[C@H](CO)[C@@H](CO)S1
CDK_Depict_12_6,C1(=NC(=NN1)SF)C(F)(F)F,FSc1n[nH]c(C(F)(F)F)n1
CDK_Depict_12_7,C[C@@]1(C[C@H]2CC3=CC=CC=C3N2N1)C4=CC=CC=C4,C[C@@]1(C2=CC=CC=C2)CC[C@H]2c3c(cccc3)C[C@]([H])(C)C1
CDK_Depict_12_8,B(N=[N+]=[N-])(I)I,[3H][2H](F)N=[N+]=[N-]
CDK_Depict_12_9,C(=NC(C(N=C=O)(Cl)Cl)Cl)=O,*C(Cl)(N=C=O)C(Cl)N=C=O
CDK_Depict_12_10,C1(=NSSC1=S=O)Cl,O=S=c1c(Cl)nSS1
CDK_Depict_12_12,C1=CC=C2C(=C1)C(=O)N(S2)N,O=C1c2ccccc2sN1[AlH2]
CDK_Depict_12_13,[P+]12=[Se][Se]=[P+]([Se]1)[Se]=[Se]2,[s+]1[s+][s+][se][s+][s+]1
CDK_Depict_12_14,C[C@H](CC1=CC=CC=C1)N,C[C@@H](N)Cc1ccccc1
CDK_Depict_12_16,S(SSSSCl)SSSCl,ClSSSSSSSSCl
CDK_Depict_12_17,C1(=O)NC(=O)N(C(N1C(F)(F)F)(F)F)C(F)(F)F,O=C(NC(=O)N(C(F)(F)F)C(F)(F)F)NC(F)(F)F
CDK_Depict_12_18,CCCCC/C=C\C[C@H]1[C@H](O1)CO,CCCCC/C=C\C[C@@H]1O[C@@H]1CO
CDK_Depict_12_19,CSC1=NC(=NC(=N)S1)N,CSc1=NC([AlH2])=NC(=N)S1
CDK_Depict_12_20,C[C@@H]1CCCC[C@H]1C,C[C@@H]1CCCC[C@H]1C
CDK_Depict_12_21,C[C@]12CC[C@@H]([C@]([C@@H]1CCCC2=O)(C)C(=O)OC)OC,[H][C@@]12CCCC(=O)[C@]1(C)CC[C@H](OC)[C@@]2(C)C(=O)OC
CDK_Depict_12_22,C=C1C(=C)OC(=S)O1,C=C1oC(=S)OC1=C
CDK_Depict_12_23,CC1=NOCC(S1)Cl,Clc1ConcS1
CDK_Depict_12_24,C1CCC(CC1)N2NOC(=N2)N,O=[N+]([O-])c1n*(C2CCCCC2)[nH]o1
CDK_Depict_12_25,CC1(C(=O)C=C(C1=O)Br)C,CC1C(=O)C=C(Br)C1=O
CDK_Depict_12_26,C[C@@]12CC[C@H](C1(C)C)C[C@@H]2O,[H][C@]12CC(O)[C@](C)(C(O)C1)C2C
CDK_Depict_12_27,[2H]C(C(C1N=N1)(F)F)(Cl)Br,[2H]C(Cl)(Br)C(F)(F)C1n[nH]1
CDK_Depict_12_28,C(#N)C(=C1C(=NSS1)Cl)C#N,N#CC(C#N)=C1SSN=C1Cl
CDK_Depict_12_29,C[Si]1=[SiH][SiH]=C[SiH]=[SiH]1,Cs1[sH][sH]c[sH][sH]1
CDK_Depict_12_30,CCCCC[C@H]1[C@H](OC(O1)(C)C)[C@H]2COC(O2)(C)C,[H]C1(C2(C)C[C@H](CCCC)OC(C)(C)O2)COC(C)(C)O1
CDK_Depict_12_31,CN1CCC2=CC(=C(C3=C2[C@@H]1CC4=CC=CC=C43)O)OC,[H]C[C@@]12Cc3ccccc3-c3c(C)c(COC)cc(c31)CCN2C
CDK_Depict_12_32,C(=C(/C(F)(F)F)\P(F)F)(\C(F)(F)F)/P(F)F,FP(F)C(C(P(F)F)C(F)(F)F)C(F)(F)F
CDK_Depict_12_33,C(F)(F)(F)S(=NS(=O)(=O)C(F)(F)F)(=O)N,NS(=O)(=NS(=O)(=O)C(F)(F)F)C(F)(F)F
CDK_Depict_12_34,C1CC[Ga](CC1)N=[N+]=[N-],[N-]=[N+]=N[Ga]1CCCCC1
CDK_Depict_12_35,C1=C(N=C(C=N1)F)F,Cc1cncc(F)n1
CDK_Depict_12_36,CC1=PC1=PC,CP=C1*C1C
CDK_Depict_12_37,CC1=C2C[C@@H](CC[C@]2([C@@H](CC1)O)C)C(=C)C(=O)OC,C=C(C(=O)OC)[C@H]1CC[C@]2(C)C(=C(C)CC[C@H]2O)C1
CDK_Depict_12_38,C1(=C2N=C(C(=N2)Br)Br)N=C(C(=N1)Br)Br,CC1=NC(=C2N=C(Br)C(C(=O)O)=N2)N=C1Br
CDK_Depict_12_39,CN1C[C@H](CC1C(=O)OC)C(=O)OC,CCOC(=O)[C@H]1CC(C(=O)OC)N(C)C1
CDK_Depict_12_40,CCOC(=O)[C@@]1(CCC=C[C@H]1N(C)C)C2=CC=CC=C2,CCOC(=O)[C@@]1(C2ccccc2)CCC=C[C@H]1N(C)C
CDK_Depict_12_41,COC1C(C(C(O1)OC)Br)Br,COC1oC(OC)C(Br)C1Br
CDK_Depict_12_42,N=NN(OO)OS,*=NN(OO)OS
CDK_Depict_12_43,C(S(=O)(=O)Cl)(I)(I)I,O=S(=O)(Cl)C(F)(F)F
CDK_Depict_12_44,C[C@@H]1CC[C@@H]2C13CC=C(C(C3)C2(C)C)C,Cc1ccc2c([H])(CCC2)C(C)(C)C1C2
CDK_Depict_12_45,C1=CN=C(C=N1)C2=CN=CC(=N2)C3=NC=CN=C3,c1ccc(-c2cncc(-c3cnccn3)n2)nc1
CDK_Depict_12_46,C=[Se]1C=C[Si]=C1,C=[Se]1cc[se]c1
CDK_Depict_12_47,COCN(COC)O,COC[V](O)COC
CDK_Depict_12_48,CC(=O)C=PP,CC(=O)C=P[PH2+]
CDK_Depict_12_50,CC(=CCSC[C@@H](C(=O)O)N)C,CC(C)=CCSC[C@H]([NH3+])C(=O)O
CDK_Depict_12_51,CC(C)(C)O/N=N/OC(C)(C)C,CCO/N=N/OC
CDK_Depict_12_52,CC/C(=C\1/[C@@H]2C=CC[C@@H](O2)[C@@H](O1)C/C=C/C#C)/Br,CC/C(/OC)=C1/O[C@@H](C/C=C/C#C)[C@@]2([H])C[C@@]([H])(C=CC2)O[C@@H]1C=CC2
CDK_Depict_12_53,B1=CC=CC=C1,c1ccscc1
CDK_Depict_12_54,[3H]B=S=BN=BO,*=[PH]=S=P/N=P/O
CDK_Depict_12_55,CCCC[Sb](CCCC)(OC)OC,CCCC*(C)(CCCC)OC
CDK_Depict_12_56,C[Si](C)(N=N[SiH3])Cl,CS(C)(Cl)n=N[SH2]
CDK_Depict_12_57,CP1(=CP(=CP(=C1)(C)C)(C)C)C,Cp1(C)cp(C)(C)cp(C)(C)c1
CDK_Depict_12_58,CC(=O)SSC(C(C)(C(=O)Cl)Cl)Cl,CC(=O)SSC(Cl)C(C)(C)C(=O)Cl
CDK_Depict_12_59,C[C@@]12CCC[C@]3(C1)C=CC([C@@H]3CC2)(C)C,CC1cc[C@]23CCC[C@H](C)CC[C@@]12CC3
CDK_Depict_12_60,CNC(=S)CN(C)P(=S)(C)S,C[N+](CC(N)=S)P(C)(=S)S
CDK_Depict_12_61,CS(=S)(=S)S(=S)(=S)S,CS(=S)(=S)S(=S)(=S)S
CDK_Depict_12_62,CC1=CC[C@H]2[C@H](C1)C(=O)CCC2(C)C,[H][C@]12CCCC(=O)[C@]1(C)CC(C)CC2
CDK_Depict_12_63,C[P+](=C)SN(F)SP=C,C=PSNF
CDK_Depict_12_64,CC1=NN2C=NN=C2S1,Cc1nn2cnnc2s1
CDK_Depict_12_65,CC(=O)OP(=O)(F)F,CC(=O)OP(=O)(F)F
CDK_Depict_12_66,CC(=C=CSS(=O)(=O)C=C=C(C)C)C,CC=C=[SH]SS(=O)(=O)C=C=C(C)C
CDK_Depict_12_67,CC(C)NC[C@H](COC1=CC=CC2=CC=CC=C21)O,CC(C)NC[C@@H](O)COc1cccc2ccccc12
CDK_Depict_12_68,O=[Ti](O[Zr](=O)O[Pb]O[La]=O)O[La]=O,O=[La]O[Tb]O[Ta](=O)O[Ta](=O)O[La]=O
CDK_Depict_12_69,C1=CC=C(C=C1)[C@H]([C@@H]2C=C(C(=O)O2)Cl)O,[H][C@@]1([C@@H](O)C2([C@H](O)c3ccccc3)CC2)C=C(Cl)C(=O)O1
CDK_Depict_12_70,CCCCOC(=C(Br)Br)C#CCOC,COCC#CC(O)=C(Br)Br
CDK_Depict_12_71,C(=O)(/N=S(/C(F)(F)F)\F)F,O=C(F)N=S(F)C(F)(F)F
CDK_Depict_12_72,B(B(Cl)Cl)(Cl)Cl,Cl[2H](Cl)B(Cl)Cl
CDK_Depict_12_73,COC1=NNC(=O)N1O,COc1nNC(=O)N1O
CDK_Depict_12_74,CO/C(=C(\OC)/SC)/SC,COC(SC)=C(OC)SC
CDK_Depict_12_75,C(CCN)CC(N)(N=O)N=O,C[W]CCCCC(N=O)N=O
CDK_Depict_12_77,C1[C@H]([C@@H]([C@@H](C=C1C(=O)O)O)O)O,O=C(O)C1=C[C@@H](O)[C@H](O)[C@H](O)C1
CDK_Depict_12_78,CCCC/C(=C/Cl)/C(=C\Br)/CCCC,CCCCCCCCCCCCCCCCCCCCCCCCCCCCC/C(=C/Cl)CCCC
CDK_Depict_12_79,[2H]C([2H])(C([2H])(Cl)Cl)Cl,[2H]C([2H])(Cl)C([2H])(Cl)Cl
CDK_Depict_12_80,C(=C(S(F)(F)(F)(F)F)Br)=O,O=C(=C(F)Br)=C(Br)S(F)(F)(F)(F)F
CDK_Depict_12_81,C1=CSC(=N1)P(C2=NC=CS2)C3=NC=CS3,c1cnc(-n(c2nccs2)c2nccs2)S1
CDK_Depict_12_83,CC(=C1N(N=NN1C)C)C,CC(C)=C1N(C)nnN1C
CDK_Depict_12_84,C([C@H]([C@H]([C@@H]([C@H](CO)O)O)O)O)O,CC[C@H](O)[C@@H](O)[C@H](O)[C@@H](O)CCO
CDK_Depict_12_85,CP(=S)(CNCCNCP(=S)(C)O)O,CP(O)(=S)CNCC[NH2+]CP(C)(O)=S
CDK_Depict_12_86,CC(C)[C@@H]1CCC2(CCCC(=O)C2(C1)C)C,CC(C)[C@@H]1CCC2(C)CCCC(=O)C2(C)C1
CDK_Depict_12_87,C[C@]12CC[C@H]3[C@H]([C@@H]1CC[C@]2(C#C)O)CCC4=C3CCCC4,[H][C@@]12CC[C@]3(C)[C@H](C)CC[C@H](O[C@H]3C#C)C1CCc1CCCCC12
CDK_Depict_12_88,[Te]=[Tl],[Te]=[Te]
CDK_Depict_12_89,C1[C@H](NC[C@@]1(C(=O)O)N)C(=O)O,O=C(O)[C@@H]1C[V][C@@H](C(=O)O)C1
CDK_Depict_12_90,CNC(=O)NCS(=O)O,C[NH2+]C(=O)[NH2+]CS(=O)CO
CDK_Depict_12_91,F[Bi](F)(F)I,F[Se-](F)(F)F
CDK_Depict_12_92,C1[O+](C[O+](P[O+]1[O-])[O-])[O-],CO1CO(O)CO(=O)[11PH]1=O
CDK_Depict_12_94,CP(SC)Cl,SP(Cl)Cl
CDK_Depict_12_95,O=[Co]O[Pb](O[Co]=O)(O[Co]=O)O[Co]=O,O=[Co]O[Co](O[Co]=O)O[Co]=O
CDK_Depict_12_96,CCN(CC)C[C@@]1(C[C@]1(C)C#N)Br,CC*(CC)C[C@@]1(C)C[C@@]1(C)C#N
CDK_Depict_12_97,B1(OC(CC(O1)(C)C)C)OC(C)CN(C)C,CC(C[NH+](C)C)OB1COC(C)(C)CC(C)O1
CDK_Depict_12_98,CNCCC[C@]12C3=CC=CC=C3[C@H]([C@H](O1)C4=CC=CC=C24)O,[H][C@@]12OO[C@](CCCCC)(c3ccccc3[C@H]1C)c1ccccc12
CDK_Depict_12_99,C[C@@H](CCC=C(C)C)CCO,CC(C)=CCC[C@@H](C)CCCO
CDK_Depict_13_1,C1=NN(C=N1)N(CCN)CCN,NCCN(CCN)CN1C=NC=N1
CDK_Depict_13_2,CC1=CC(=O)SO1,CC1=CC(=O)SO1
CDK_Depict_13_3,C[C@@H]1CC[C@@H](C(C1)O)C(C)C,CC(C)[C@H]1CCC(C)(C)CC1O
CDK_Depict_13_4,CCCCC[C@@H]1[C@H](OC(O1)(C)C)[C@H]2COC(O2)(C)C,CCCCC[C@H]1OC(C)(C)O[C@]1(C)C1(C)CC(C)(C)O1
CDK_Depict_13_5,B1=NC(=CC=C1)N(CC)CC,CCN(CC)c1cccB=*1
CDK_Depict_13_6,C1=CC=C2C=C(C=CC2=C1)P(O)O,CO.OP(O)c1ccc2ccCcc2c1
CDK_Depict_13_7,B1(N(B(N(P(N1C)Br)C)C)C)C,COP1N(C)B(C)N(C)B(C)N1C
CDK_Depict_13_8,C1=CP(C(=O)NC1=O)(O)(O)O,O=C1C=CP(O)(O)(O)C(=O)N1
CDK_Depict_13_9,C1CCC(C(C1)P(=O)(F)Cl)Cl,N#CC1CCCCC1P(=O)(O)F
CDK_Depict_13_10,C1[C@H]2CC3CC1CC(C2)NC3=O,[H]C12CC3CC(CC(C3)NC1=O)C2
CDK_Depict_13_11,CC(C)(C)C(C(/C=C/N(C)C)C#N)O,CC(O)C(C#N)/C=C/N(C)C
CDK_Depict_13_12,CCSC(C[C@@H]1[C@@H]2CC[C@@H](C2)[C@H]1/C=C\CCCC(=O)OC)SCC,CCSC(CC)SCC.COC(=O)CCC/C=C\[C@H]1[C@H]2[C@@H]3(N)CC[C@@]1([K])C3
CDK_Depict_13_13,CC(C)(C)C1(SSSS1)C(C)(C)C,CC(C)C1(C)SSSS1
CDK_Depict_13_14,CC(C)C(=C(SC)SC)C(=O)N=C=O,CCC(C(=O)N=C=O)=C(SC)SC
CDK_Depict_13_15,C(CNS(CC(C(O)O)N)(O)O)N,[nH]S([Ho])(CNCCN)CC([NH3+])C(O)O
CDK_Depict_13_16,C(CCN(Cl)Cl)CN(Cl)Cl,C[NH+](C)CCCC[V](C)C
CDK_Depict_13_17,B(C1=CC=C(S1)Cl)(O)O,*B(*)c1cC=C(C)S1
CDK_Depict_13_18,C(=NNN=C=O)=O,O=C=NN[V]=C=O
CDK_Depict_13_19,C[C@@H]([C@H]1[C@@H]2[C@H]([C@@H](C(=O)O1)O)OC3(O2)CCCCC3)O,C[C@@H](O)[C@@H]1([H])OC(=O)CC2[C@@](C#C)(COCC34CCCCC4)C(C)C21
CDK_Depict_13_20,CC1=NSC(O1)C(Cl)(Cl)Cl,CC1=NSC(C(Cl)(Cl)Cl)C1
CDK_Depict_13_21,C(CC(=O)O)[C@H](C(=O)O)N,*C(=O)[C@@](C)(N)CCC(=O)O
CDK_Depict_13_22,C[SiH](O)[SiH](O)[SiH](C)O,C[SiH](O)[SiH]([Ho])[SiH](C)O
CDK_Depict_13_23,CC(C)(C)C(=C(Cl)Cl)OP(Cl)(Cl)(Cl)Cl,COC(C)=C(Cl)Cl.Cl[P-](Cl)(Cl)Cl
CDK_Depict_13_24,CN(C)N[Si](NN(C)C)(NN(C)C)Cl,CN(C)N[Si](C)(NN)NN(C)C.Cl
CDK_Depict_13_25,CC/C(=C/1\[C@H]2[C@@H]([C@H]3C[C@H]([C@@H]2O3)O1)[C@@H](/C=C\C#C)Cl)/Br,CC/C(/O[C@@]1(C)[C@@H]2C[C@@]3(N)O[C@@](C)([C@@H](N)[C@H](C)/C=C\C#C)[C@H]2C1)=C(/O)/[C@@H]2(N)C1
CDK_Depict_13_26,C1CC[C@@H]2[C@H](C1)CCOC2=O,C[C@@]12CCCC[C@@]1(I)CCOC2=O
CDK_Depict_13_27,C(C(F)(F)F)(N(F)Cl)(F)F,FN(Cl)C(F)(F)C(F)(F)F
CDK_Depict_13_28,[C-]#[N+]O[Hg]N=[N+]=[N-],[C-]#[N+]O[18F]N=[N+]=[N-]
CDK_Depict_13_29,C[C@@H]1C[C@H]2C[C@H](CCC2(C3C1C4CC[C@@H](C4(CC3)C)O)C)O,C[C@@H]1C[C@@]2(N)C[C@@H](O)CCC2(C)C2CCC3(C)C(CC[C@H]3O)C21
CDK_Depict_13_30,CC(=O)/C(=N/C1=CC=CO1)/NO,CC(=O)/C(=N/c1cccs1)N[No]
CDK_Depict_13_31,C1=CN(C=C1)C2=NC=CN=C2,c1cccN1c1cnccn1
CDK_Depict_13_32,C(C1C(OOO1)CCl)Cl,CCC1OOOC1CCl
CDK_Depict_13_33,C1=C(C(=O)NC(=O)N1[C@H]2[C@@H]([C@@H]([C@H](O2)CO)O)O)F,*C[C@H]1s[C@@H](N2C=C(F)C(=O)NC2=O)[C@H]([NH14])[C@H]1C
CDK_Depict_13_34,CC(C)(C)C1C(=C(NN1)N)Cl,*C1=C(Cl)C(C)[NH2+][NH2+]1
CDK_Depict_13_35,COP(=C)(C)CC[P+](C)([CH2-])OC,*[P+](C)(CCP(=C)(C)OC)OC
CDK_Depict_13_36,[3H]B(S(=P)I)I,*B(C)(I)I
CDK_Depict_13_37,C(=C\[In]=[In])\[In]C=O,O=C[In]C=C[In]=[IH]
CDK_Depict_13_38,C(O)(SF)SF,OC(SF)SF
CDK_Depict_13_39,C1(=C(C(=O)C1=S)S)O,*C1=C(S)C(=O)C1=S
CDK_Depict_13_40,CCOC(=S)S[Pb]O[N+](=O)[O-],CCSC(=S)S[Pb]O[N+](=O)[O-]
CDK_Depict_13_41,C[C@]12CCC[C@](C1CCC3=CC=CC=C23)(C)C(=O)OC,COC(=O)[C@]1(C)CCC[C@]2(C)c3ccccc3CCC12
CDK_Depict_13_42,C(=S(=O)=O)C(=O)Cl,O=C(Cl)C=S(=O)=O
CDK_Depict_13_43,CC(=O)OC[C@H]1C[C@H]([C@H]2[C@@H]1OC(O2)(C)C)C#N,CC(=O)OC[C@H]1C[C@@H](C#N)[C@@]2(C)OC(C)(C)O[C@]12C
CDK_Depict_13_44,C1COCCOCCOCC#CC(S(=O)CC#CCOCCOCCO1)Cl,O=S1CC#CCOCCOCCOCCOCCOCCOCC=CC1[Cu]
CDK_Depict_13_46,C1(=NNC(=NN1)C(F)(F)F)C(F)(F)F,FC(F)(F)C1=N[NH2+]C(C(F)(F)F)[NH2+][W]1
CDK_Depict_13_47,N(=O)ON=O,CCN=O
CDK_Depict_13_48,CP(C)P(C(F)(F)F)P(C)C,CP(C)P(P(C)I)C(F)(F)F
CDK_Depict_13_50,CN(P(F)F)P(F)(F)(F)F,CN(P(F)F)[PH](F)(F)F
CDK_Depict_13_51,CC(C)(C)[C@H]1CC[C@@H](C(=O)C1)Cl,C[C@H]1CC[C@H](Cl)C(=O)C1
CDK_Depict_13_52,CSN1C=CN(C1=C)SC,CSN1ccN(SC)C1=O
CDK_Depict_13_53,C1(=C(S(=O)(=O)C(=C1Cl)Cl)Cl)Cl,C#CC1=C(Cl)S(=O)(=O)C(Cl)=C1Cl
CDK_Depict_13_54,C1[C@H]([C@H]([C@@H]([C@](O1)(CN)O)O)O)O,C[C@H]1[C@H](C)[C@@H]([nH])OC[C@H]1C.O
CDK_Depict_13_55,CC(=C)[C@@H]1CCCC(=C)C1,CC(C)C1CCCCC1
CDK_Depict_13_57,CCCC[C@@H](C(=O)O)N,*CC(=O)[C@@H](N)CCCC
CDK_Depict_13_58,COCOC1=CC=C(C=C1)C[C@@H]2CCCC[C@H]2O,COCOc1ccc(C[C@H]2CCCC[C@H]2O)cc1
CDK_Depict_13_59,C(F)S(=O)(=O)Br,O=S(=O)(Br)CF
CDK_Depict_13_60,C[C@@]12CCC(=O)C=C1C(=O)CC2,C[C@@]12CCC(=O)C=C1C(=O)CC2
CDK_Depict_13_61,C1=C(C(=O)OC(=O)N1)I,O=C1NC=C(I)C(=O)O1
CDK_Depict_13_62,CCOP(C#N)Cl,CCOP(Cl)C#N
CDK_Depict_13_63,C[C@]12[C@@H]3CCC[C@@H]3[C@H]1C(=O)O[C@@H]2COC(=O)C(C)(C)C,C[C@H]1CCC[C@@H](N)[C@H](N)C(=O)O[C@H](COC(=O)C(C)(C)C)[C@@H]1N
CDK_Depict_13_65,CO[Si](C)N([Si](C)C)[Si](C)OC,CO[Si](C)N([SiH](C)C)[SiH](C)OC
CDK_Depict_13_66,C(=O)(N1NN=N1)O,O=C(o)n1[nH]n[nH]1
CDK_Depict_13_67,CO[Si](Br)(I)I,C[Si](C)(C)C.I.I.I.I
CDK_Depict_13_68,CCO/C(=N/S(=O)(=O)C)/NO,[111H]N/C(=N\S(C)(=O)=O)OCC
CDK_Depict_13_69,CCN(CC)P(C1=NC=CN1)N(CC)CC,CC1=[NH]C=CN1.CCN(C)CC.CCN(C)CC
CDK_Depict_13_70,C1[C@H](N(C[C@@]1(C(=O)O)N)CC2=CC=CC=C2)C(=O)O,C[C@]1(C([nH])=O)C[C@H](C([nH])=O)C[NH+](CC2=CC=CC=C2)C1
CDK_Depict_13_71,CC(=O)C1CCC2[C@@]1(CCC3C2CC[C@H]4[C@@]3(CC[C@@H](C4)O)C)C,CC(=O)C1CCC2C3CC[C@]4(C)C[C@H](O)CC[C@]4(C)C3CC[C@]12C
CDK_Depict_13_72,C(SC#N)Cl,N#CSCCl
CDK_Depict_13_73,CCCCCCCCCC(=O)N1OO1,O1N2ON12
CDK_Depict_13_74,C(=N[Pb](N=C=O)(N=C=O)N=C=O)=O,O=C=N[Pb](N=C=O)N=C=O
CDK_Depict_13_75,B(N=O)(O)O[N+](=O)[O-],O.O=NB(O)O.O=[N+]O
CDK_Depict_13_76,C1[C@@H]([C@H](O[C@H]1N2C=NC3=C(N=C(N=C32)Cl)N)CO)O,*C[C@H]1O[C@@H](CN2C=[V]C3=c(N)nc(Cl)N=C32)C[C@@H]1C
CDK_Depict_13_77,B(B(C(C)(C)C)Cl)(C(C)(C)C)Cl,BBC.CC.CCl.CCl
CDK_Depict_13_78,CC1=C(CS(=O)SC1)C,CC1=C(C)CS(=O)SC1
CDK_Depict_13_79,CC(C)(C)P(P(Br)Br)Br,*P(*)[b-][Br-].CC
CDK_Depict_13_80,CCC(C(C(=O)O)S)(C(C(=O)O)S)C(C(=O)O)S,CCC(C(C)C(=O)O)(C(S)C(=O)O)C(S)C(=O)O
CDK_Depict_13_81,C(C(N=S(F)F)(F)F)Cl,*CC(C)(F)F
CDK_Depict_13_82,C([C@@H]1[C@H]([C@@H]([C@](O1)(COP(=O)(O)O)O)O)O)OP(=O)(O)O,C#C[C@]1(O)O[C@H](COP(=O)([Ho])[Ho])[C@@H](O)[C@@H]1O
CDK_Depict_13_83,CN(S(=O)OC(F)(F)F)S(=O)OC(F)(F)F,CN(S(=O)OC(F)(F)F)S(=O)OC(F)(F)F
CDK_Depict_13_84,C(#N)N1C(=N)OO1,N#CN1OOC1=N
CDK_Depict_13_85,C1=CN(C(=O)N=C1N)[C@H]2[C@@H]([C@@H]([C@H](O2)COP(=O)(O)O)O)O,*Nc1ccN([C@@H]2o[C@H](CO[P+](=O)(O)O)[C@@H](O)[C@H]2O)C(=O)N1
CDK_Depict_13_86,[2H]OC1=CC=C(S1)O[2H],[2H]Oc1ccc(O[2H])s1
CDK_Depict_13_89,C1=CC=C(C=C1)ON2C=CC=CN2,C1=C[NH2+]N(Oc2ccccc2)c=C1
CDK_Depict_13_90,C1[C@H](C2=C(NC=N1)N(C=N2)[C@H]3[C@@H]([C@@H]([C@H](O3)CO)O)O)O,CC1=c([C@H](C)CN=C[NH])N=CN1.[18H][C@@H]1[C@@H](C)[C@@H](C[nH])o[C@@H]1C
CDK_Depict_13_91,C(P(=O)(CCl)O)Cl,O=P(O)(CCl)CCCCl
CDK_Depict_13_94,C(=C(/N=C(/N=P(Cl)(Cl)Cl)\Cl)\Cl)\Cl,ClC=C(Cl)N=C(Cl)N=P(Cl)(Cl)Cl
CDK_Depict_13_95,[2H]C1C(=O)OC(C(=O)O1)([2H])[2H],[2H]C(C)C(=O)OC([2H])([2H])C(=O)O
CDK_Depict_13_96,CC(C)N(C(C)C)P(/C=N/CN(C)C)C#N,CC(C)N(C(C)C)P(C#N)C=NCN(C)C
CDK_Depict_13_97,C[C@]12CC[C@@H](C1(C)C)C[C@H]2O,CC1CCC(C)CC1
CDK_Depict_13_98,C[C@@H]1CC[C@H]([C@@H]1C2=C(CC(=O)O2)C(C)C)C(=O)C,*C[C@@H]1CC[C@@H](C)[C@H]1C.CC(C)C1=COC(=O)C1
CDK_Depict_13_100,B(O)(OS(N(CC)CC)(F)F)F,CCN(CC)[S-](F)(F)OB(O)F
CDK_Depict_14_1,CNC(=O)C1=C(SN=N1)Cl,CNC(=O)c1csN=n1
CDK_Depict_14_2,COOPP(=O)(O)POOC,COO*[PH](=O)O
CDK_Depict_14_4,CS(=O)NOCCCCONS(=O)C,CCCCCONC.CNSC
CDK_Depict_14_5,CS(=C)C(C=O)S(=C)C,C=[SH-]C(C=O)S(=C)C
CDK_Depict_14_7,C1(P(=P1(N)N)(N)N)[SiH3],C1([SiH2])O([HLvN])([NH2+])[NH2+][NH2+]
CDK_Depict_14_10,CCCC[SiH2]N[SiH](CCCC)N[SiH](CCCC)N[SiH2]CCCC,CCCCC[SiH2]N[SiH2](CCCC)N[SiH2](CCCC)N[SiH2]CCCC
CDK_Depict_14_12,CC1=PC2=CC=CC=C2S1,C.CC(C)C.c1ccccc1
CDK_Depict_14_15,C(C(Br)(Br)Br)(OC(C(Br)(Br)Br)Cl)Cl,CCOC(C)C(C)(C)C
CDK_Depict_14_16,CC(=O)OC(=C)OC(=C)OC(=O)C,C=C(OC(C)=O)OC(C)OC(C)=O
CDK_Depict_14_17,CN(C)C(=O)C=S(C)C,CC(C)=CC(=O)N(C)C
CDK_Depict_14_18,C1=C[Se]N[Se]1,N.[Se]/C=C\[SeH]
CDK_Depict_14_20,C1[C@@H]([C@H](O[C@H]1N2C=C(C(=O)NC2=O)I)CO)O,CC.C[C@@H]1CC[C@@H](CN2C=C(I)C(=O)NC2=O)O1
CDK_Depict_14_21,CC[C@]1(C(=N[C@H]([C@H](O1)C2=CC=CC=C2)C)C)O,C=CC.CC(C)c1ccccc1
CDK_Depict_14_22,C1CCC2=C[C@H]([C@H](C=C2C1)C#N)C3=CC=CC=C3,C#C[C@H]1Cc2c(c[C@H]1C1ccccc1)CCCC2
CDK_Depict_14_24,C1[C@@H]([C@H](O[C@H]1N2C=CC(=O)NC2=O)CO)O,CC.CC.CCC(O)N1C=CC(=O)N(C)C1=O
CDK_Depict_14_25,C12[SiH2][SiH2]C([SiH2][SiH2]1)[SiH2][SiH2]2,[SiH2]C1[SiH2]C[SiH2]1
CDK_Depict_14_26,C1=CC=C(C=C1)CC[C@H](C[C@H](CCC2=CC=CC=C2)O)O,CCCCCCCCC(C)CCC1ccccc1
CDK_Depict_14_29,C(=O)(O)OC(=O)OBr,CCCC(C)O
CDK_Depict_14_30,C1=NNN(C(=O)C1=O)N,CC=NCCCCCCCCCCCCCCCCCCCCCCCCCCCCCCCCCCCCCCCCCCCCCCCCCCCCCCCCCCCCCCCCCCCCCCCCCCCCCCCCCCCCCCCCCCC)CCCCCCCCCCCCCCCCCCCCCCCCCCCC)CC1
CDK_Depict_14_31,CCC(=O)NCOP(=C)(C)OC,CC.CC.CN.COC(C)C
CDK_Depict_14_32,[2H]C1=C(OC(=C1[2H])[2H])[2H],Cc1c(C)c(C)cC1
CDK_Depict_14_33,C1C[C@H](CC=C1)C(=O)C(=O)O,CC(=O)C(=O)C1CC=CCC1
CDK_Depict_14_34,C1(=NSC(=N1)SSC2=NC(=NS2)Br)Br,*c1nsc(Ssc2nc(*)ns2)n1
CDK_Depict_14_35,CCOC(C(O)SC(C(OCC)OCC)O)OCC,*C(C)C(CCC)OCC.CCO
CDK_Depict_14_36,CN(C)OP(ON(C)C)ON(C)C,CN(C)C.CNC.CON
CDK_Depict_14_37,[C@@H](C(C(=O)O)O)(C(=O)O)O,O=CC(O)[C@H]([CoH])C(=O)[O-]
CDK_Depict_14_38,C[C@]12CC[C@H](C[C@H]1CC[C@@H]3[C@@H]2CC[C@]4([C@H]3CCC4=O)C)O,CCC(=O)[C@@]12CC[C@@H]3C(=C4C[C@@H](O)C[C@]4(C)CC[C@@H](C(=O)CC1)[C@@H]23C)CC[C@@]13C
CDK_Depict_14_39,CCCCC#C[C@@H](C(C(F)(F)F)(F)F)O,CCCCC#C[C@H](C)C(F)(F)C(F)(F)F
CDK_Depict_14_40,N(N(F)F)(F)F,*N(*)N(*)*
CDK_Depict_14_41,CC(C)[C@H](C(=O)OC)NCC=C,CCC.COC(C)=O
CDK_Depict_14_42,C1=CC=C(C=C1)C2=NC(=NC(=N2)F)F,*C1[nH]cnc(-c2ccccc2)[nH]1
CDK_Depict_14_44,CCSC(C[C@@H]1[C@@H]2CC[C@@H](C2)[C@@H]1C(CO)O)SCC,CC.CCO.CCO.CCO.CCSC(C)SCC
CDK_Depict_14_45,C(=N/F)(\C(N(Cl)Cl)(F)F)/C(F)(F)F,CN(C)C(F)(F)C(F)(F)NP
CDK_Depict_14_47,CC1([C@H](O[C@@H](CC1=O)C#N)CCCCl)C,CCC[C@H]1O[C@H](C)CC(C)(C)C1(C)C
CDK_Depict_14_49,B(CC)(CC)C1=CN=CC=C1,CCOc1cccnc1
CDK_Depict_14_51,C([C@@H]([C@H](CBr)O)O)Br,*C[C@H](C)[C@@H](C)CC
CDK_Depict_14_53,C1[Se][Se][Se][Se][Se][Se]1,C1[SeH][SeH][SeH][SeH]1
CDK_Depict_14_54,C1=COC(=C1)C2=COC=C2,cc(cccC)-c1ccoc1
CDK_Depict_14_55,C[C@]12C(=O)[C@H](C1(C)C)CCO2,C1CO[C@@H]2(C(C)(C)C)C(=O)C1
CDK_Depict_14_59,C[C@@H]1[C@@H]([C@@H]([C@H](C(O1)O)O)O)O,C.C.C.C.CC.CC.CC.CC.CC.CC.CC.CC.CC.CC.CC.CC.CC.CC.CC.CC.CC.CC.CC.CC.CC.CC.CC.CC.CC.CC.CC.CC.CC.CC.CC.CC.CC.CC.CC.CC.CC.CC.CC.CC.CC.CC.CC.CC.CC.CC.CC.CC.CC.CC.CC.CC.CC.CC.CC.CC.CC.CC.CC.CC.CC.CC.CC.CC.CCC
CDK_Depict_14_60,CO[C@H]1[C@@H]([C@H]([C@H](O[C@@H]1C(=O)O)O[C@@H]2[C@H]([C@@H](CO[C@H]2O)O)O)O)O,[6H]C(C)[C@H]1C[C@H](O[C@H]2CsCC(C)[C@H]2C)[C@H](C)C(C)[C@H]1C
CDK_Depict_15_1,CCSC(=S)C(C)(C)Br,CC(=S)C(C)(C)C.CCC
CDK_Depict_15_2,CCN(CC)[Sn](CC)(CC)N(CC)CC,CCN(CC)*(CC)(CC)N(CC)CC
CDK_Depict_15_3,C[C@H]1CC2=C([C@H](O1)C)C(=O)C3=C(C2=O)C=CC=C3OC,COc1cccc2c1C(=O)C1C(C[C@H](C)C[C@@H]1C)C2=O
CDK_Depict_15_4,CCCNC/C(=C/1\CCNC1C#N)/F,*C(CNCCC)=C1CCNC1C
CDK_Depict_15_5,[Si](SS[Si](Br)(Br)Br)(Br)(Br)Br,C[SiH2-](C)[sH2-].C[Si](C)(C)[SiH2-]
CDK_Depict_15_6,CC12CCC3C(C1CC[C@@H]2O)CCC4=C3CCC(C4)O,CC12CCC3C4CCC(O)Cc4CCC3C1CC[C@@H]2O
CDK_Depict_15_7,C1=C(N=CS1)C(N=C(N)N)S,CCc1c(C)[N1]=C([N1])[N1]
CDK_Depict_15_8,C[C@@H]1CC[C@H]([C@@H](C1)O)C(C)(C)O,*C(C)C.[CH]C(C)C1CCC(C)C[C@H]1C
CDK_Depict_15_9,C[C@@]12CC[C@H](C1=CC(=O)CC2)O,C[C@@H]1CC[C@@]2(C)CCC(=O)C=C12
CDK_Depict_15_10,C1C[C@H]2CCS(=O)[C@H]2C1,CC1C[C@]2(C)CCC[C@]2(C)S1=O
CDK_Depict_15_11,CP(=S)(C)N1C=CN(C=C1)P(=S)(C)C,C=C(C)(C)n1ccN(C(C)(C)=S)cc1
CDK_Depict_15_12,CC(C)[C@@H]1C2=C(CCCC2)NC3=N[C@H]4CCCC[C@@H]4N13,CC.[H][C@]12CCCCC1N1C(=N2)CC2CCCCC2C1C(C)C
CDK_Depict_15_13,C1=CO[N+](=PC1=S)[S-],*=C1**([S-])OC=C1
CDK_Depict_15_14,C(=O)(O)OI,C#CC#CC#CC#CC#CC#CC#CC(=O)OC
CDK_Depict_15_15,CCSC1=NN=NC1Cl,CCSC1=NNNC1C
CDK_Depict_15_16,COC1=NC(N=CN1)Cl,CC(C)/N=C\NC(C)C.CO
CDK_Depict_15_17,C=C1C=CC(=C2C=CC(=C)C=C2)C=C1,C=C1CCc(C2CCCCC(C)CC2)CC1
CDK_Depict_15_18,N(=S=N[Te]F)N(N=S=N[Te]F)N=S=N[Te]F,C[Tc]N=S=NN(C)*=S=N[Tc]F.N=S=*[Tc][FH]
CDK_Depict_15_19,C1[C@@H]([C@H](C2=CC=CC=C21)O)O,C[C@H]1Cc2ccccc2C1O
CDK_Depict_15_20,C[C@H]([C@H]1CC[C@@H]2[C@@]1(CC[C@H]3[C@H]2CCC4=CC(=O)CC[C@H]34)C)O,CC(O)[C@@]1(C)CC[C@@]2(C)[C@@]3(C)CCC4=CC(=O)CC[C@]4(C)[C@@]3(C)CC[C@]21C
CDK_Depict_15_21,CCOC(=O)[C@]1(C[C@H]2CC3=CC=CC=C3N2N1)C,[H][C@]1(CCC(=O)CCC)Cc2ccccc2N1
CDK_Depict_15_22,C[C@]12CC[C@@H]3[C@H](CC3(C)C)[C@](C1)(CC[C@H]2O)O,[H]C12CC[C@@]3(C)CC(C)CCC(O)(C3)[C@]1([H])CC2(C)C
CDK_Depict_15_24,CC(C)(C)C(=S)P,CC(P)=S
CDK_Depict_15_25,CC12CCCC[C@@H]1CCC3C2C(CC4(C3CC[C@@H]4N)C)O,O.[H][C@@]12CCCCC1(C)C1C(C)CC3(C)C(CC[C@@H]3C)C1CC2
CDK_Depict_15_26,[2H]C([2H])([2H])C([2H])(C([2H])([2H])[2H])NC(=S)N,[2H]C(C)(C)C(C)([W]C(=S)[W])C(C)(C)C
CDK_Depict_15_27,C(=N\N=C(N)N)\C(=N/N=C(N)N)\C(F)(F)F,*C(C)=N/N=C(\CC)C(F)(F)F.CC(C)=NN
CDK_Depict_15_28,C[C@H]1C=C(C[C@H]2[C@@]1(C(=O)C(CC2)(C)C)C)C,C=C1C(C)(C)CC[C@@]2(C)CC(C)=CC(C)C12C
CDK_Depict_15_29,C1#C[Te]C#C[Te]C#C[Te]C#C[Te]C#C[Te]C#C[Te]1,CC.CC.CC.CC.CC.CC.CC.CCC.CCC
CDK_Depict_15_30,CN[C@H](C(=O)N)C(=S)S,CN[C@H](C(C)=O)C(=S)S
CDK_Depict_15_31,CCOC(=O)C(=O)NC1=NC(=S)SS1,CCC.CSC(=N)NC(=O)C(C)=O
CDK_Depict_15_32,C(C(Cl)(Cl)Cl)SC(=O)Cl,*C(=O)SCC(C)(C)C
CDK_Depict_15_34,CCC[C@@H](C)C1(C(=O)NC(=O)NC1=O)CC=C,C=CCC(C(C)=O)(C(C)=O)[C@H](C)CCC
CDK_Depict_15_36,C(F)(F)(F)[Sb]N([Sb]C(F)(F)F)[Sb]C(F)(F)F,CC(F)(F)CF.CC(F)(F)F.CN(C)[SH]C(F)(F)F
CDK_Depict_15_37,CC1=CSC(=S)N1OC2CCCC2,Cc1cSC(=S)N1CC1CCCC1
CDK_Depict_15_38,C[C@@H]1CC[C@@H]([C@@H]1C2C(=CC(=O)O2)C(C)C)C(=O)C,CC(=O)C=C(C(C)C)C(C)C1[C@@H](C(C)=O)CC[C@@H]1C
CDK_Depict_15_39,CC1=CC[C@@]2([C@H](C1)CCC(C2=O)(C)C)C,[H]C12CCC(C)(C)C(=O)[C@@]1([H])CC=C(C)C2
CDK_Depict_15_40,C1[C@H]([C@H]1OC2=C(C=CC=C2Cl)Cl)N,*c1cccc(*)c1C[C@H]1C[C@H]1N
CDK_Depict_15_41,CP(C)OSP(C)C,C*(C)CCP(C)C
CDK_Depict_15_42,C(O)P(CO)(CO)(CO)Cl,*CC(C)(C*)CC
CDK_Depict_15_43,[2H][C@](CC(=O)C1=CC=CC=C1NC(=O)C)(C(=O)O)N,*C([2H])(CC(=O)C1CCCCC1[10N]C(C)=O)C(C)=O
CDK_Depict_15_44,CC1=C(C=NOC1)C,Cc1c(C)cncC1
CDK_Depict_15_46,CC(C)(C#CC(=O)SC)N(C)C,CSC(=O)C#CC(C)(C)N(C)C
CDK_Depict_15_47,C1=C(C(N=C(N1)Cl)Cl)F,*C1*=C(C)CC=C1C
CDK_Depict_15_48,C1(=C(S[Si]=C1F)F)F,CC1**C([Ti])C1
CDK_Depict_15_49,CN[C@H]1[C@@H]([C@H]([C@@H](CO1)O)O)O,[CH][C@H](C(C)[NH2]C)C(O)[C@H](O)CC
CDK_Depict_15_50,C1=NC(=C(N1[C@H]2[C@@H]([C@@H]([C@H](O2)CO)O)O)N)C(=O)N,*[C@@H]1[C@H]([121O])[C@@H](CO)O[C@H]1C.CC(=O)C1=C([121N])NC=N1
CDK_Depict_15_51,C1CC(C=C(C1)SC2=CC=CC=C2)SC3=CC=CC=C3,C1=C(SC2CCCCC2)CCCC1SC1CCCCC1
CDK_Depict_15_52,COC(=O)C(=C1NSC(=C(C#N)C(=O)OC)NS1)C#N,CC.CCC(=O)C(C#N)C1sSC(=C(C#N)C(C)=O)sS1
CDK_Depict_15_53,C[C@H]1CC[C@@H]2[C@H]([C@]3([C@@]1(CCC3=O)O)C)OC(=O)C2=C,CC(C)[C@]1(C)CCC(=O)C(C)(C)[C@H](C)CC[C@H](C)C1(C)C
CDK_Depict_15_54,C(C1=NNC(=S)N1N)C2=NNC(=S)N2N,NN1C(=S)[NH]N=C1Cc1[NH14][NH14]=C1[NH14]1[NH14]
CDK_Depict_15_55,C=S1C(SC(SC1(Cl)Cl)(Cl)Cl)(Cl)Cl,CC(C)(C)*C(C)(C)C.CC(C)(C)C
CDK_Depict_15_56,CCCCN=S(=O)(C)N1CCCCC1,CCCCN=S(C)(=O)N1CCCCC1
CDK_Depict_15_57,C1=CP(=O)(C=CO1)Cl,C=*1(C)ccCCC1
CDK_Depict_15_58,CC(C)(C)C1=C(P=P1)C(C)(C)C,CC(=C(C)C(C)(C)C)C(C)(C)C
CDK_Depict_15_59,CC12CCC3C(C1CC[C@@H]2O)CCC4=C3C(=CC(=C4)O)O,CC12CCC3C4c(O)cc(Cl)cc4CCC3C1CC[C@H]2O
CDK_Depict_15_60,C(OP(=O)(O)O)(OP(=O)(O)O)(Cl)Cl,CC(C)(C)O.C[PH](=O)(OOOOOOOOOOOOOO)OOOOOOOOOOOOOO.C[PH](C)(=O)O
CDK_Depict_15_61,[B]C(CSSC(CN)O)(N)O,CC(N)(N)CSS.CN
CDK_Depict_15_62,C[C@H]1[C@H]2CCCC[C@@H]2CC(=O)O1,[H][C@]12CCCC[C@@]1(C)C(C)C
CDK_Depict_15_63,C1=C(C(=CSS1)O)O,C/C=C(\O)C(O)=CS
CDK_Depict_15_64,CCCCC[C@@H](C=C[C@H]1[C@@H](CC2C1CC(=CCCCC(=O)O)O2)O)O,CCCCC[C@@H](O)CC[C@@H]1C2CC(=CCCCCC(=O)O)OC2C[C@H]1O
CDK_Depict_15_65,C1CSP2N1CCS2,CP1NCCS1
CDK_Depict_15_66,CC(C)C(C(=N)N)SP(=O)(O)O,**(C)=O.*C(=N)C(S)C(C)C
CDK_Depict_15_67,CP(S(F)(F)F)S(F)(F)F,*[SH](*)(*)C(C)C
CDK_Depict_15_68,C(C(F)(F)F)I(Cl)Cl,CC(C)CC(C)(C)C
CDK_Depict_15_69,C1(=O)PC(=O)P1,O=C1*C(=O)*1
CDK_Depict_15_70,CSC1=NC=NC2=C1N=CN2[C@H]3[C@@H]([C@@H]([C@H](O3)CO)O)O,CSC1=NC=*C2=C1*=C*2[C@@H]1OC(CO)C(O)(O)[C@H]1O
CDK_Depict_15_72,N1=NN=NN=N1,N1=N[NH2+]=[NH2+][NH2+]=N1
CDK_Depict_15_73,C1(=S)NN(C(=S)S1)NNC(=O)N,CC(=S)SC(C)=S.CNC(C)=O
CDK_Depict_15_74,C[C@@H]1CC2=CC(=O)CCC2C3C1C4CCC(C4(CC3)C)O,CC1CCC2C(=C1)CC1CCC3C2CCC2(C)C(O)CCC32
CDK_Depict_15_75,C1=CC(=CC=C1[C@H]2[C@@H](S2)C3=CC=C(C=C3)Cl)Cl,Cc1ccC([C@@H]2C[C@@H]2c2ccc(C)cc2)CC1
CDK_Depict_15_76,C[C@H]1C(=O)CCC2=CC[C@H]3[C@@H]([C@]12C)C3(C)C,CC.[H]C12CCc3CCC(=O)[C@H](C)[C@@]3(C)C1C2(C)C
CDK_Depict_15_77,C[C@@H](CC1=CC=CC=C1)N,CC([Nl)1])(Cc1ccccc1
CDK_Depict_15_78,CC(=O)O[C@H]1[C@H](O[C@H]2[C@@H]1OC(O2)(C)C)[C@@H]3COC(=O)S3,CC(=O)OC1[C@H](C)C(C)(F)CC1(C)C(C)(C)COC(C)C.CC(C)(C)C
CDK_Depict_15_79,O1OSSS1,C1OSSS1
CDK_Depict_15_80,S(Br)(Br)(Br)(Br)(Br)Br,CC(C)([Rf])([Rf])([Rf])[Rf]
CDK_Depict_15_81,COC(=O)C1=C(SS1)C(=O)OC,COC(=O)C1=C(C(C)=O)SS1
CDK_Depict_15_82,C(/C=C\C(C(F)(F)Br)(F)F)O,CC/C=C\C(F)(F)C(F)(F)F
CDK_Depict_15_83,CC1(OC[C@H]([C@@H](O1)COCC2=CC=CC=C2)OC(=S)SC)C,CCc1ccccc1.CSC(=S)OC1COC(C)(C)O[C@H]1CO
CDK_Depict_15_84,B(C1CCC(C1)(C(=O)O)N)(O)O,CC(=O)C1(C)CCC(*(O)OOOOOOOOOOOOOO)C1
CDK_Depict_15_85,CN1C(=O)[C@H]([C@@H](N1)[C@H]2COC3(O2)CCCCC3)CCO,[H][C@]1([C@H](C)COC2(C)CCCCC2)NN(C)CC1CCC
CDK_Depict_15_88,C[C@@H]1CC[C@H]([C@@H](C1)OC(=O)[C@@]2([C@H](O2)C)C)C(C)C,CCC(C)(C)C(C)=O.C[C@H]1CC[C@H](C(C)(C)C)[C@H](C)C1
CDK_Depict_15_89,B1(P(B(P(B(P1C)C)C)C)C)C,C[2H](C)[2H](C)[2H](C)[2H](C)P(C)[2H](C)C
CDK_Depict_15_90,C1=CN=CN=C1OS(=O)(=O)O,CS(=O)(=O)Cl.Cc1ccncn1
CDK_Depict_15_91,B(CC)(Cl)Br,[3H][2H](C)CC
CDK_Depict_15_92,[N-]=[N+]=NO[I-](F)(Cl)Br,CCN=[N+]=[N-]=[NH-]
CDK_Depict_15_93,CCN(CC)C(=NC(C)(C)C)C(=C)Cl,C=C(C)C(=N)N(CC)CC
CDK_Depict_15_94,N(=S=O)[Ge](N=S=O)(N=S=O)N=S=O,C=S=n*(*=S=O)(N=S=O)nc=O
CDK_Depict_15_95,C=CCN(CC=C)SSSN(CC=C)CC=C,C=CCN(CC=C)SSSN(CC=C)CC=C
CDK_Depict_15_96,B(C1=CC=CO1)(C2=CC=CO2)C3=CC=CO3,C/C=C\C=C(/C)C(c1ccco1)c1ccco1
CDK_Depict_15_97,B1(NB(SN1C)C)C,CN(S)[SH](C)N.[2HH]C
CDK_Depict_15_98,C[C@@H]1CC[C@@H]2C13CCC(C(C3)C2(C)C)(C)OC(=O)C,CC(C)=O.[H][C@@]12CC[C@H](C)C13CCC(C)(C)C(C3)C2(C)C
CDK_Depict_15_99,CN(C=O)/N=N/N(C)C=O,C=CN(C)/N=N/N(C)C=O
CDK_Depict_15_100,CC1([C@@H](O1)COC2=C3C(=CC4=C2OC=C4)C=CC(=O)O3)C,CC1C(CCO)CC2CCC(=O)OC2C1CCC1OC1(C)C
CDK_Depict_16_1,C1=C[Sb]C(=[N+]1O)O,O.O.O=[SH]1C=C[NH2+]1
CDK_Depict_16_2,CC1=CC(=P(C=C1C)(Br)Br)P(Br)Br,CC1CC(C)[2H](C)(Br)CC1C
CDK_Depict_16_3,C[C@H](/C=C/[C@@H]1[C@@](CC[C@]1(C(C)C)O)(C)CC(=O)OC)O,CCC(C)(CCC(C)(C)CC(C)=O)C[C@H](C)CC[C@H](C)O
CDK_Depict_16_4,C(CNC(=S)N)C=C(F)F,NC(=S)NCCC=C([FH])[K]
CDK_Depict_16_5,C1=CSSC(C1C#N)/C=C\C#N,N#C/C=C\C1SSC=CC1C#N
CDK_Depict_16_6,COP(=O)(N1C=CN=C1)O,C1=CNC=N1.CO[2H](=O)O
CDK_Depict_16_7,C(C(F)(Cl)Br)Cl,CCC(C)C
CDK_Depict_16_8,CO[Te](OC)(OC)Cl,CC.CC
CDK_Depict_16_11,CO[C@@]12C[C@H]3[C@@H]([C@@H]1C(OC2)O)CC(=O)O3,CCCCCCCCCCCCCCCCCCCCCCCCCCCCCCCCCCCCCCCCCCCCCCCCCCCCCCCCCCCCCCCCCCCCCCCCCCCCCCCCCCCCCCCCCCCCCCCCCCCCCCCCCCCCCCCCCCCCCCCCCCCCCCCCCCCCCCCCCCCCCCCCCCCCCCC)CCCCCCCCCCCCCCCCCC
CDK_Depict_16_12,COC1=[Al]C=CC=C1,C=C/C=C\C(=*C)OC
CDK_Depict_16_13,C[C@]12CCC(=O)C=C1CC[C@@H]3[C@@H]2CC[C@]4([C@H]3CC[C@]4(C)O)C,CCCC[C@@H]1C(CC[C@@]1(C)O)C(C)C(C)[C@@H]1CCC(=O)CC1CCC(C)(C)C1
CDK_Depict_16_14,C1CC[C@H]2COC(=O)[C@H]2CC1,CC(=O)C1CCCCCC1
CDK_Depict_16_16,C1=NC(=NO1)C(Cl)(Cl)Cl,C=C(C)C(C)(C)C.C=N
CDK_Depict_16_17,C(=O)=[Pb]=C=O,C=[Pb]=C=O
CDK_Depict_16_18,CC(=C=C=C(C(C)(C)C)P(C)C=C)C,C=C[2H](C)C(=C=C=C(C)C)C(C)(C)C
CDK_Depict_16_19,CC(=O)OC[C@@H]1[C@H]2[C@@H]([C@H]([C@H](O1)OC)OC(=O)C)OC(=O)S2,CO[C@H]1O[C@H](COC(C)=O)[C@@]2(C)SC(=O)(=O)O[C@@]2(C)[C@H]1OC(C)=O
CDK_Depict_16_20,CC(=C=CP(=O)(/C(=C/Br)/CBr)O)C,*/C=C(\CC)[pH](=O)C(C)=O.C=CC.Co
CDK_Depict_16_21,C(CCN=C(N)N)C[C@@H](C(=O)O)N,C=C([NH112])[NH12].CCCCC[C@H]1[NH2]1
CDK_Depict_16_23,CN(C)C(=PP=C(N(C)C)N(C)C)N(C)C,CN(C)C(=p)N(C)C.Cp=C(N(C)C)N(C)C
CDK_Depict_16_24,CC(C)(C)S(=S)O,CC(C)(C)[SH]=S
CDK_Depict_16_26,C[C@@H]1CC[C@H]2[C@@H]([C@H](O[C@H]3[C@@]24[C@H]1CC[C@](O3)(OO4)C)O)O,CC1CCC2[C@H](C)CC[C@@]3([H])[C@H](O)[C@H](O)C[C@@H](O)[C@@H]23[O-]
CDK_Depict_16_27,C([C@@H](C(=O)O)N)C(=O)O,*C(=O)[C@@H]([Ni])CC(C)=O.O
CDK_Depict_16_28,COC[C@@H]1[C@@H]2[C@@H]([C@H](OCO2)COC)OCO1,CCC.CC[C@@H](C)[C@]1(C)OCO[C@H](COC)[C@@H]1O
CDK_Depict_16_29,C(ON)(ON)(ON)ON,*OC(C)(O*)O[14N]
CDK_Depict_16_30,C1=CSC(=N1)S(=O)(=O)F,O=S(=O)([K])c1sCcs1
CDK_Depict_16_31,CO[N+](=O)O[N+](=O)OC,CO[N+](=O)O[N+](=O)OC
CDK_Depict_16_32,CCCCN1CCC[C@H](C1)OC(=O)NC2=C(C=CC=C2Cl)C,*C1=CC=CC(C)=C1NC.CC1CCCNC1.CCCCC
CDK_Depict_16_33,COC(=O)[C@@H]1CCN[C@@]1(C2=CC=CC=C2)C(=O)N3CCCCC3,CC.CC(=O)[C@@H]1CCN[C@]1(C(=O)N1CCCCC1)c1ccccc1
CDK_Depict_16_34,C[C@H]1C[C@@H]2CC3=CC=CC=C3N2N1,CC1C[C@@H](C)(C)CC2C[CH+]=[CH+]C[1]2C
CDK_Depict_16_35,C([C@H](C(=O)O)N)SC[C@@H](C(=O)O)N,N[C@H](CS)C(=O)O
CDK_Depict_16_37,C1=NC2[Se]C(=N1)[Se][Se]2,C.C[Sc]CC(=[V])[Se]C
CDK_Depict_16_38,CC1=NC=C(C(=O)C1)O,CC(=N)CCO
CDK_Depict_16_39,C(C(=O)NC(=C(Cl)Cl)C#N)F,*CC(C*)=C(C#N)NC(=O)CC
CDK_Depict_16_40,C([C@H]([C@@H]([C@@H]([C@H](CO)O)O)O)O)O,CC[C@H](O)[C@H](O)[C@@H](O)[C@H](O)CO[Hf]
CDK_Depict_16_42,CC(=O)N1CCC(CC1)(N(F)F)N(F)F,**C1(*(*)*)CCN(C(C)=O)CC1
CDK_Depict_16_44,C12=C(N=N1)SSNC2=S,CNC(=S)C1[nH][nH]c1SC
CDK_Depict_16_45,CN1C=CS(#C1)=O,CC#S(=O)/C=C\N(C)C
CDK_Depict_16_47,CC1=C2C=C(CC[C@]2([C@@H](CC1)O)C)C(C)C,CC(C)C.CC12CCCCC1C(I)CCC2(O)C1
CDK_Depict_16_48,C[C@@H]1CC[C@H]2[C@]3(CO3)C(=O)O[C@H]4[C@@]25[C@H]1CC[C@](O4)(OO5)C,CC(=O)C(C)C(CCC(C)C(C)CCC(C)(C)COC(C(C)(C)OC(C)(C)CCC(C)(C)C(C)CCC(C(C)(C)C)C(C)(C)C(C)=O)C(C)(C)C(C)(C)C(C)=O)C(C)(C)CCC(C)(C)CCCC(C)(C)OC(C)(C)C
CDK_Depict_16_49,CC(C)(C#N)N(CN(C(C)(C)C#N)O)O,CC(C)(C#N)N(O)CN([GdH])C(C)(C)C#N
CDK_Depict_16_51,CCCCCCCCC[C@H](CCCCCCCC(=O)O)O,CCCCCCCCCC(C)(O)CCCCCCCC(=O)O
CDK_Depict_16_52,CCC(C1=NC=NN1)S(=O)(=O)N,CCC(C1=*C=N*1)S(N)(=O)=O
CDK_Depict_16_57,N1=S=NS(=O)(=O)N=S1(=O)O,O=[SH]1=ns(=O)(O)n=s=*1
CDK_Depict_16_58,C=C[C@H]1[C@H]2CC[C@H](C2)[C@@H]1C3OCCO3,C1COCO1.CC[C@H]1[C@H](C)C2(C)CC[C@@]1(C)C2
CDK_Depict_16_59,CC(C)[C@H]1C2=C(CCCC2)NC3=N[C@H]4CCCC[C@@H]4N13,CC.CC.CC1CCCCC1.CC1CCCCCC(C)N=C(N)C1
CDK_Depict_16_61,C[C@@H]1C=C(C[C@H]2[C@@]1(C(=O)CC(C2)(C)C)C)C,C=C.CC1C[C@]2(C)CC(C)(C)CC(=O)[C@H]2(C)[C@@H]2(CC2)C1
CDK_Depict_16_63,C1CCC(CC1)[Ge](I)(I)I,C*(C)(C)C.C1CCCCC1
CDK_Depict_16_64,C[C@]12CC[C@H]3[C@H]([C@@H]1CC[C@]2(C#C)O)CCC4=C3C=CC(=C4)OC,C#C[C@@]1(O)CC[C@]2(C)[C@]3(C)CCc4cc(OC)ccc4[C@]3(C)CC[C@]21C
CDK_Depict_16_65,CCC(=O)O[C@H]1CCC2C1(CCC3C2CC[C@@H]4C3(CCCC4)C)C,CCC(=O)O[C@H]1CCC(C)C1(C)C.[H]C1(CCCCC)CCCCC1C
CDK_Depict_16_67,C1C[C@@H]2C[C@H]1[C@@H]([C@@H]2CO)C/C=C\CCCC(=O)O,CC[C@H]1[C@@H]2CC[C@@](C)(C2)[C@@H]1C/C=C\CCCC(=O)O
CDK_Depict_16_68,CC(=O)O[C@H]1[C@H](O[C@H]2[C@@H]1OC(O2)(C)C)[C@H]3COC(=O)S3,[H][C@]1(C)O[C@]([H])([C@]2([H])COC(=O)S2)[C@H](OC(C)=O)[C@]1([H])O
CDK_Depict_16_69,CON(OC)P=O,CO.C[2H]=O
CDK_Depict_16_70,C1=CN=C(N2C1O2)N,C1=Cc2oc[u]1
CDK_Depict_16_72,C1=C(C(=N)C(=CN1O)Cl)Cl,*c1c[n+](C)C=C(C)C1
CDK_Depict_16_73,C(N)(N)(ON)ON,CC(C)(C)C
CDK_Depict_16_74,C[C@@H]1CC[C@]23[C@H]1CC[C@]2(C[C@]([C@@H]3C)(C)O)C,CCCC[C@@]12CCCC1(C)CC(C)(C)[C@H]2C
CDK_Depict_16_75,C(N)(N)(O)O,*C(*)([H])[H]
CDK_Depict_17_1,C[C@@H]1CCC[C@H]1O,C.CCCCCCC
CDK_Depict_17_2,CC1=C(ON=C1)NS(=O)(=O)N,CC.CC1CCCCC1NC(=O)(=O)=O
CDK_Depict_17_3,C[C@@]12[C@@H](CCO1)CC2=O,CCC(C)(C)CC(C)C
CDK_Depict_17_4,CCC1=C(C(=NS1)OC)C,CCC1*[U]C(OC)C1C
CDK_Depict_17_5,CC1=C(N=C(O1)SC)SC,CC.CC(C)CC(C)CC(C)C(C)C
CDK_Depict_17_6,CC(=O)O[C@@H](CSC#N)SC#N,C#CC.C#CCC(CC)CC(C)=O
CDK_Depict_17_7,C1P(=S)(OP1(=S)S)S,SP1(=S)C[PH](=S)(=S)C1
CDK_Depict_17_8,C=C=C=[Ru]=C=C=C,C=C=C=[Cu]=C=C=C
CDK_Depict_17_9,CC(C)P(=NP(=S)(C(C)C)C(C)C)(C(C)C)S,CC.CC.CC.CC(C)C
CDK_Depict_17_10,B1(CCCB(N1C)Cl)Cl,CC1CCCC(C)C(C)C1
CDK_Depict_17_11,C1=COC=C1C(=O)C(F)(F)F,C=C(C)c1cccc1.CC
CDK_Depict_17_12,CSCS(C)(C)Cl,C.CCC
CDK_Depict_17_13,CC(=O)C(CSC(=S)N(C)C)SC(=S)N(C)C,CC(=O)C(C)C(C)C
CDK_Depict_17_14,FI(F)(F)(F)F,CC.CC.CC.CC.CC.CC.CC.CC.CC.CC.CC.CC.CC.CC.CC.CC.CC.CC.CC.CC.CC.CC.CC.CC.CC.CC.CC.CC.CC.CC.CC.CC.CC.CC.CC.CC.CC.CC.CC.CC.CC.CC.CC.CC.CC.CCC
CDK_Depict_17_15,C[Si]NN([Si]C)[Si]C,CS[Al](SC)S[SH]C
CDK_Depict_17_16,C[C@@H]1[C@H](O[C@](C(=N1)C)(C2=CC=CC=C2)O)C3=CC=CC=C3,C1CCCCC1.CC1=CC(C)(C)C(C2CCCCC2)O[C@@H]1C
CDK_Depict_17_17,CC(=C[C@H]1[C@H](C1(C)C)C(=O)O)C,CCCCC(C)=O
CDK_Depict_17_18,C1=CON(P=C1)N,*[V]1[2H]CC=CO1
CDK_Depict_17_19,C1[C@@H]([C@H]([C@@H]([C@H](N1)CO)O)O)O,CCCCCCCCCCCCCCCCCCCCCCCCCCCCCCCCCCCCCCCCCCCCCCCCCCCCCCCCCCCCCCCCCCCCCCCCCCCCCCCCCCCCCCCCCCCCCCCCCCCCCCCCCCCCCCCCCCCCCCCCCCCCCCCCCCCCCCCCCCCCCCCCCCCCCCCCCCCCCCCC
CDK_Depict_17_20,CCC#S(=S)S,C=C(S)#CCC
CDK_Depict_17_21,CC1=CC2=C(C=C1)N[C@]3(C[C@@H]2CS(=O)C3)C,CC1CCC(C)C(C)CC1.O=C1CCCCCCCCC1
CDK_Depict_17_22,C(=NC(=O)Cl)=S,CC(C)C
CDK_Depict_17_23,CCC(O)(OC(CC)(O)S(=O)(=O)O)S(=O)(=O)O,CCC(O)(OC(O)(CC)C(=O)(=O)O)C(=O)O
CDK_Depict_17_24,C1[C@H]2CNC[C@@H]1C3=CC=CC(=O)N3C2,C1=CC(N)=O.CC1CCCCCC(C)CC1
CDK_Depict_17_25,C1CSN(O1)P(=O)(SN)SN,CSP(=O)(S)*1CCCCS1
CDK_Depict_17_26,C1(N(O1)F)(F)F,CC.CCC
CDK_Depict_17_27,C1=NC(SN1)S(=O)(=O)N,*C(=C)C.CC1CCCC1
CDK_Depict_17_28,C[C@]12CC[C@H]3[C@H]([C@@H]1C[C@H]([C@@H]2O)O)CCC4=C3C=CC(=C4)O,Cc1ccc2c(c1)CCC1C2CCC2C1CCC2(C)C
CDK_Depict_17_29,C1C=CCN[C@@H]1C2=CN=CC=C2,CC1CCCCCCCCCCCCCCCCCNCC1
CDK_Depict_17_30,CCC(CC)(C(=C(F)F)Cl)O,C.CC.CC
CDK_Depict_17_32,C[C@H](/C=C/[C@@H]1[C@@](CC[C@]1(C(C)C)O)(C)CC=O)O,CCCC1(CC)CCC(C)(CC)[C@H]1CCC(C)C
CDK_Depict_17_33,B1(C(=O)OC1=O)N,CCC.CCCCCC
CDK_Depict_17_34,[2H]B(P)P(B([3H])[B])C([3H])F,CC(C)C(C)C(C)C
CDK_Depict_17_35,B1(O[Hg]O1)O[Hg]OB2O[Hg]O2,*1C[2c](O[15c]O[2c]2O*O2)O1
CDK_Depict_17_36,B1(N(B(N(B(N1C)F)C)F)C)F,CN1C(I)N(C)C(I)N(C)C1I
CDK_Depict_17_37,N[Hg]N(Cl)Cl,C.CC.CC
CDK_Depict_17_38,C1=CNC(=S)C=C1C(=O)O,*=C1cccc(C(C)=O)C1
CDK_Depict_17_41,P(=S)(P(=S)(S)S)(S)S,CC.CC
CDK_Depict_17_42,CCC[C@H](C)C1(C(=O)NC(=O)NC1=O)CC=C,C=CCC1(C)C(=O)*C(=O)*C1=O
CDK_Depict_17_44,B(NNCCC)(NNCCC)NNCCC,CCCC.CCCCCCCCCCC
CDK_Depict_17_45,C1=CC=NC(=C1)P(C2=CC=CC=N2)C3=CC=CC=N3,CC1CCCCC1.CC1CCCCC1
CDK_Depict_17_47,C(=[Mo](=O)=O)P,CC[Mo](C)(=O)=O
CDK_Depict_17_48,C1CN(C(=O)NC1O)[C@H]2[C@@H]([C@@H]([C@H](O2)CO)O)O,O=C1NC(O)CCCN1[C@@]1(N2CCCC(O)N1)O[C@H](CO)[C@@H](O)[C@H]1O
CDK_Depict_17_49,C=C(S(=O)(=O)CF)S(=O)(=O)CF,CC(S(C)(=O)=O)S(=O)(=O)C[IH]
CDK_Depict_17_50,CC(/C(=N\O)/N1CC1)(/C(=N\O)/N2CC2)C,C/C(C/C(=C/O)N1CC1)=N/O
CDK_Depict_17_53,CC1=C(N2[C@@H]([C@@H](C2=O)N)SC1)C(=O)O,CC(=O)C1C(C)CSC2(C)[C@H](N)C(=O)N12
CDK_Depict_17_54,C1C2(CN=N1)CN=NC2,CC.CC.CC.CC.CC.CC.CC
CDK_Depict_17_56,CCCCC/C=C\C[C@H]([C@H]1COC(O1)(C)C)O,CCCCC/C=C\C[C@H](Cl)C(C)(C)C
CDK_Depict_17_57,B1(CCCB(O1)OC)OC,CCC1CCCC(CC)C1
CDK_Depict_17_58,CC1(OC[C@@H]([C@@H](O1)COCC2=CC=CC=C2)OC(=S)SC)C,CC.CCC(=O)CC1CCCCC1.CCc1ccccc1
CDK_Depict_17_59,CCCCOP1C=CC(C=C1)(C)OC,COC1(C)*=C*(C)C=C1
CDK_Depict_17_60,C[C@@H]1CC[C@H](C1)C,CC.CC1CCCCCC(C)CCCC1
CDK_Depict_17_61,C1=NC=IC(=N1)N,CC.CCC.C[V]C(C)C
CDK_Depict_17_62,C[C@@]1(CCC2C1(CCC3C2CC[C@H]4C3(CCC(=O)C4)C)C)O,CC1CCC2(C)C3CCC4(C)C(CCC4(C)C)C3CCC2(C)C1
CDK_Depict_17_63,C[C@]1([C@@H]([C@H](CN1C)C(=O)OC)C2=CC=CC=C2)C(=O)OC,CC.CC.CC.CC.CC.CC.CC.CC.CC.CC
CDK_Depict_17_64,C1=C[Te]C(=S)S1,CC.CC
CDK_Depict_17_65,C1=CN=C(N1)C2=NC=CN2,C1CCCC1.CC1CCCCC1
CDK_Depict_17_67,CN[C@H]1CC2=C(C=C(C=C2)F)[C@H](O1)C3=CC=CC=C3,CN[C@@]1(C)CC2ccc(C)cc2[C@@H](C2ccccc2)C1
CDK_Depict_17_69,C1=NNC(=S)NC1=S,S=C1**CC(=S)*1
CDK_Depict_17_70,CN(C)/C=N/C1=C(C(=NN1)N=CN(C)C)C#N,CC.CC.C[A(](C)C)C[A)]C1[A)][A1]=C([A1])C1
CDK_Depict_17_71,C[C@@H](/C=C/[C@@H]1[C@@](CC[C@]1(C(C)C)O)(C)CC=O)O,CCC.CCC(C)C(C)CCC(C)C
CDK_Depict_17_72,CCCCC#C[C@H](CF)O,CCCCCCC(C)(C)CC
CDK_Depict_17_73,OOOOOOOOOOOOOOOOOOOOOOOOOOOOOI(=O)(=O)=O,O=S(=O)(O)OOOOOOOOOCOOOOOOOOOOOOOOOOOOO
CDK_Depict_17_74,B(CN=[N+]=[N-])(OPP)OPP,[[].[[].[[].[[].[[][[][[].[[H][[]C[(](C)C[[][(])C[(][)]
CDK_Depict_17_75,C(=O)=[Re](=C=O)(=C=O)Br,O=C=[Co](=C=O)=C=O
CDK_Depict_17_76,CC(=O)O[C@H]1CC[C@@]2(C([C@]1(C(=O)O2)C)C(=O)OC)C,C=C(C)C[C@H]1CCC2(C)CC(=O)C1C2C(=O)CC
CDK_Depict_17_77,C[C@@]12CC[C@@H](C1(C)C)[C@H]([C@H]2O)N3CCOCCOCCOCCOCC3,CCCCCCOCCOCCCN(CCO)[C@H]1C(C)[C@@]2(C)CC(C)[C@@H]1C2
CDK_Depict_17_78,[Mn]=[Pb],CC.CC.CC
CDK_Depict_17_79,COCON1OC(=O)O1,C=C(C)C.CCCC
CDK_Depict_17_80,C(C(F)(F)S(=O)(=O)Cl)(F)(F)S(=O)(=O)Cl,C.CC(=O)C(C)(C)S(C)(=O)=O
CDK_Depict_17_81,C1C2CC3CC1CC(C2)(C3)N4C=NN=C4,*1*CC(C23CC4CCC(CC(CC4)C2)C3)*1
CDK_Depict_17_82,C1=CC2=CC=CC3=CC(=O)C(=C1)N23,C1CC2CC(C)C(CCCc2c1)C2
CDK_Depict_17_83,CN(C)S(=O)(=O)N1C=CN=C1,CN(C)*(=O)(=O)n1cNCC1
CDK_Depict_17_84,CC1=CSC(=C(O1)C)C,CC1=CSC(C)C(C)C1
CDK_Depict_17_85,CN1C=CC=CC1=C(P(Cl)Cl)P(Cl)Cl,C*1CCCCC1C(C)C(C)(C)C
CDK_Depict_17_86,C([C@@H]1[C@H]([C@@H]([C@H](C(O1)O)O)O)O)OP(=O)(O)O,C[C@@H]1[C@@H](CCP(C)(C)=O)OC([Cf])[C@H](C)[C@]1(C)O
CDK_Depict_17_87,[2H]C(=C\1C=CC=C/C1=C(/C)\O[2H])[2H],CC(C)C1CCCCC1C(C)C
CDK_Depict_17_88,CC1(C(=C1Cl)Cl)COC,CC1CC(C)C(C)C1C
CDK_Depict_17_90,C1(=C(C(=O)C1=O)P(=O)(O)O)O,CO(=O)C1=C(O)C(=O)C1=O
CDK_Depict_17_91,C[C@]12CC[C@H]3[C@H]([C@@H]1CC[C@]2(C#C)O)CCC4=C3C=CC(=C4)O,CCCCC1C(C(C)(Cl)Cl)CC[C@@]2(C)C3CCC(CC)CC3CCC12
CDK_Depict_17_92,C1=CC=C(C=C1)[C@H]2[C@H](N2)C3=CC=CC=C3,C1CCC(C2CC2)CC1
CDK_Depict_17_93,C1=C[Si](=[Si](C=C1)[Si])[Si],[Si]*1=[Si]([SiH3])CCCC1
CDK_Depict_17_94,CN=C(NP(=O)(F)F)OC,C=C(**(C)(C)(C)C)CC
CDK_Depict_17_95,CCSCC[C@@H](C(=O)O)N,C=C(C)[C@H](C)CCSCC
CDK_Depict_17_96,C(#N)O[In](OC#N)OC#N,C#COn(OC#N)OC#N
CDK_Depict_17_97,N12N3N4N1N5N2N6N3N4N56,CC.CC.CC.CC.CC.CC.CC.CC.CC
CDK_Depict_17_98,CN(C(Cl)(Br)I)F,CC.CC.CC
CDK_Depict_17_99,C[C@@]1([C@@H]2CC[C@H]3[C@@H]2C[C@@H]1C3)OC,CC.CC.CC.CC.CC.CC.CC.CC.CC.CC.CC.CC.CC.CC.CC.CC.CC.CC.CC.CC.CC.CC.CC.CC.CC.CC.CC.CC.CC.CC.CC.CC.CC
CDK_Depict_17_100,C(OC(OCF)(OCF)OCF)F,CCC.CCCC(C)(CCC)CCC
CDK_Depict_18_1,CN1C(=O)N(OC1=O)SC,CSN1CN(C)C(=O)O1
CDK_Depict_18_2,C[C@@H]1CC[C@@](C1=C)(C)C2=C(C=C(C=C2)C)O,Cc1cccc(O)c1
CDK_Depict_18_3,CC(C)(C)C1=C(P=C(P1)C(C)(C)C)C(C)(C)C,Cc1cc(C)c(C(C)(C)C)s1
CDK_Depict_18_4,CC(C)OCN=C1SCS1,CCOC[V]=C1SCS1
CDK_Depict_18_5,B1N=S=NBN=S=N1,*1nnnnnn1
CDK_Depict_18_6,N(=S=S)SS,S=S=[V]SS
CDK_Depict_18_7,CC1=CC(CN(O1)O)(C)C,CCO*(O)[CH]C(C)(C)CC
CDK_Depict_18_8,C=CC#CCl,C=CCC
CDK_Depict_18_9,B12[As]3[As]1[As]23,CC.CC.CCCCC
CDK_Depict_18_10,C=CP(=O)(N)N,*[PH](N)(=O)C=C
CDK_Depict_18_11,CN(CP(=O)(CN(C)S(=O)(=O)C)O)S(=O)(=O)C,CN(CP(=O)(O)CN(C)S(C)(=O)=O)S(C)(=O)=O
CDK_Depict_18_12,CC1=C2C=C(CC[C@]2([C@@H](CC1)OC(=O)C)C)C(C)C,CCO[C@H]1CCC=C2C=C(C)CC[C@@]21C
CDK_Depict_18_13,C[C@H]1CC[C@@](C12CO2)(C)C3=C(C=C(C=C3)C)O,CC1cccc(O)c1.CCCCC(C)C
CDK_Depict_18_14,CC(=O)[C@H]1CC[C@@H]2[C@@]1(CC[C@H]3[C@H]2CC[C@H]4[C@@]3(CC[C@H](C4)O)C)C,CC(=O)[C@H]1CC[C@@]2(C)[C@@H](C)CC[C@@]3(C)[C@@H](C)[C@@H](C)C[C@H](C)CC[C@H]3C
CDK_Depict_18_15,CC(C)SP(=S)(NC=NC)OC,CN=CNP(=S)(OC)SC
CDK_Depict_18_16,CC1=CC=C([Te]1)N,CN(C)c1cCc[Te]1
CDK_Depict_18_17,C1=CC=C2C(=C1)C=CC=C2OI=O,O=IOC1CCCc2ccccc21
CDK_Depict_18_18,CCOC(=O)C1=NO[C@H](C1)[C@@H](CO)O,CCOC(=O)C1C[C@@]([W])([C@@H](O)CO)ON1
CDK_Depict_18_19,CCP(CC)NCC(C)C,CC[NH2+][2H](CC)CC
CDK_Depict_18_20,C1CCC2(C1)[C@H]3CC=CC[C@H]3C(=O)O2,C=CCC(C)(C(C)=O)C(C)C
CDK_Depict_18_21,C(C(Cl)(Cl)[Hg]C(Br)(Br)Br)(Cl)(Cl)Cl,CC(C)(C)C(C)(C)C(C)(C)C
CDK_Depict_18_22,CC(C)(C)CPPC(=O)OC(C)(C)C,COC(=O)PPCC(C)(C)C
CDK_Depict_18_23,CC1=NC2=C(O1)C=NN2,CC1=Nc2nncc2O1
CDK_Depict_18_25,CC1=C([C@H]2CC[C@@]3(C[C@@]2(C1)CC[C@H]3OC(=O)C)C)C,CC=O.CCC(C)C.CCCCC
CDK_Depict_18_26,CC(C)[C@@H]1CCCC(=C)C1,C=C1CCCC(C(C)C)C1
CDK_Depict_18_27,CN1CC2=C(C=C(C=C2)OC)[C@H]([C@@H]1C3=CC=CC=C3)O,CC1=Cc2c(cc1)CN(C)[C@@H](C)[C@@H]2(OC)CO2
CDK_Depict_18_28,C1=CC=C(C=C1)O[C@H]2[C@@H]([C@H]([C@H](O2)[C@@H](CO)O)O)O,C[C@H](O)[C@]1([V])S[C@]2(OC3=CC=CC=C3)[C@H](O)[C@@H](O)[C@]1(O)[C@H]2O
CDK_Depict_18_29,[As]1=[As][Ba][Ba][Ba]1,C*p*ppC
CDK_Depict_18_30,C1=C(NN=C1)C2=CC=NN2,*1N=CC=C1c1ccnN1
CDK_Depict_18_31,N=[AsH],N=[AsH]
CDK_Depict_18_32,CC12CCC3C(C1CC[C@@H]2O)CC[C@@H]4C3(C[C@H](C(=O)C4)F)C,C[C@@H]1CC(C)(C)C(=O)C[C@H](C)C(=O)CC(C)(C)CC2(C)CCC[C@H]2O
CDK_Depict_18_33,C1(=S)C(=S=NS1)Cl,Cc1snsc1=S
CDK_Depict_18_34,C1=CNC=C(C1=S)Br,CC1=C[V]ccc1
CDK_Depict_18_35,C1(ON(P1Cl)Cl)(Cl)Cl,CC(C)P.CN.CP
CDK_Depict_18_36,CC1=NOC[C@@]1(C(F)(F)F)O,CC1=NOC[C@]1(O)C(C)[K]
CDK_Depict_18_37,CCON=C=C1C=CC(C=C1)C(=O)O,C=C1ccc(C(=O)O)cc1.CCSC
CDK_Depict_18_38,C1=CN=NN=C1NC2=NN=NC=C2,*1*=*C=Cc1.C[H]c1cc*nn1
CDK_Depict_18_39,CC(C)S(=O)C1=CN=NS1,CS(=O)c1cN=*S1
CDK_Depict_18_40,CP1#CP(N=C1)C,C[2b]1cocn1
CDK_Depict_18_41,C[Sn](C)(C)O[Se]O[Sn](C)(C)C,C[Sn](C)(C)O[Se]O[Sn](C)(C)C
CDK_Depict_18_42,[2H]C([2H])(P(=O)(C)Cl)Cl,CP(=O)([Co])C#N
CDK_Depict_18_43,CS1(CS(C1)(I)I)I,*[SH]1C[SH](I)C1
CDK_Depict_18_44,COCC(C(=N)N)Cl,C#CC(COC)C(=N)N
CDK_Depict_18_45,C(C(F)(Cl)Cl)(F)(F)SSC(C(F)(Cl)Cl)(F)F,CC(C)(F)C(F)(F)SSC(F)(F)C(C)(C)F
CDK_Depict_18_46,C1=CC2=CC=CN2C(=C1)O,Oc1cCcc2cccn12
CDK_Depict_18_47,CCCCC[C@@H]([C@@H](/C=C/C=O)O)O,CCCCCC(C)(O)[C@H](O)/C=C/C=O
CDK_Depict_18_48,C1=C(C=C(C(=C1F)F)F)Br,[Rb-]c1cc([(F])c(F)c(F)c1)[(F]
CDK_Depict_18_49,O=S(=O)(OI(OS(=O)(=O)F)OS(=O)(=O)F)F,O=S(=O)(F)C[IH](OS(=O)(=O)F)oS(=O)(=O)F
CDK_Depict_18_50,C[C@]12CC[C@H]3[C@H]([C@@H]1CCC2=O)C=CC4=CC(=O)CC[C@]34C,C[C@]12C(=O)CC[C@]1([H])[C@@H]1[C@@H]3CC4[C@@](C)([C@@]1([H])CC2)CCC(=O)C=4
CDK_Depict_18_51,CN1CC[C@H](C1C(=O)OC)C(=O)OC,COC(=O)C1[C@@H](C(=O)OC)CCN1C
CDK_Depict_18_52,C1C[C@H](C[C@H](C1)Cl)Cl,CCC.CCCC(C)C
CDK_Depict_18_53,C(=N)(C(Cl)(Cl)Cl)N=C(C(Cl)(Cl)Cl)Cl,CC(C)(C)C.CC(C)C
CDK_Depict_18_54,C[C@H]1[C@H]([C@@H]([C@@H]([C@H](O1)OC)O)O)O,COC[C@H]1CCO[C@@]2([C@H](O)C[C@H](COC)O[C@@H](C)[C@@H]2CO)[C@@H](CO)[C@H](C)O1
CDK_Depict_18_55,CC(=O)O[C@@H]1CCCN2[C@@H]1C3=C(CC2)C4=CC=CC=C4N3,O=CO[C@H]1CCCN2CCCC(NC3CCCCC3)C12[W]
CDK_Depict_18_56,C1(=NC(=NC(=O)N1)P)Cl,Cc1NC(=O)[V]c(P)[V]1
CDK_Depict_18_57,N1=[Se]=N[Se]N=[Se]=N[Se]1,[Se]1=[nH][nH][sH][nH][s]=n
CDK_Depict_18_58,C[C@H]1CCC[C@@]2([C@@]1(CCCC2)O)C,CCC1(O)C(C)(C)CCCC1(C)C
CDK_Depict_18_59,[2H]C([2H])(C(C)C)C(=N)C(=O)O,*C(=O)C(=[V])C([2H])([2H])CC
CDK_Depict_18_60,C1=C(C(=O)NC(=O)N1)[C@H]2[C@@H]([C@@H]([C@H](O2)CO)O)O,O=C1NC=C(CO[C@H](CO)[C@H](O)[C@H](O)[C@H](O)[C@@H](O)CO)C(=O)N1
CDK_Depict_18_61,C1=CC(=C(C=C1C[C@@H](C(=O)O)O)Br)O,Cc1cc(C[C@H](C)C(=O)O)ccc1O.O
CDK_Depict_18_62,CC(C)[C@@]1(CC[C@]2([C@@H](CCC(=C)[C@@H]2C1)Br)C)O,C=C1CCC(C)C(=C)C(C)(C)CC(=C)CC
CDK_Depict_18_63,C[C@@H]([C@H](C1=CC=CC=C1)O)NC,CN[C@@H](C)C(CO)(C(=O)O)C1=CC=CCc1
CDK_Depict_18_66,CC1(COC(=N1)C2=COC=C2)C,CC(C)C.Nc(O)c1cOcc1
CDK_Depict_18_67,C[C@H]1C[C@@H]2CCC[C@@H]2S1,CC.CC.CC.CCC
CDK_Depict_18_68,CC(C)(C)OC(=O)NOOC1=CC=CC=C1,COC(=O)NOOc1ccccc1
CDK_Depict_18_69,CN1N2CN3CN(C2)N(P1N3C)C,CN1*CN(C)*1
CDK_Depict_18_70,CC(=O)OC#CC(=O)OC,COC(=O)C#COC(C)=O
CDK_Depict_18_71,CCSP(=O)(OC)Cl,CCSC.COP(=O)=O
CDK_Depict_18_72,CC1(/C(=N\OC)/C(=N/OC)/C(C1)(C)C)C,CON=C(C)C(=NOC)C(C)C
CDK_Depict_18_73,C1C[C@@]2(C[C@H]3C[C@H]3[C@H]1[C@H]4[C@@H]2C4)O,CCCCCCCCCCCCCCCCCCCCCCCCCCCCCCCCCCCCCCCCCCCCCCCCCCCCCCCCCCCCCCCCCCCCCCCCCCCCCCCCCCCCCCCCCCCCCCCCCCCCCCCCCCCCCCCCCCCCCCCCCCCCCCCCCCCCCCCCCCCCCCCCCCCCCCCCCCCCCCCC
CDK_Depict_18_75,C1=C(C=C(C(C1O)O)O)O,OC1=CC(O)C(O)C(O)=C1
CDK_Depict_18_78,CN(C)[Sb](N(C)C)(N(C)C)N(C)C,CN.N
CDK_Depict_18_79,C/C(=N\O)/[C@H]1[C@H]2[C@H](C2(C)C)CC1=NO,CC.CC.CC.CC.CC.CC.CC.CC.CC.CC.CC.CC.CC.CC.CC.CC.CC.CC.CC.CC.CC.CC.CC.CC.CC.CC.CC.CC.CC.CC.CC.CC.CC.CC.CC.CC.CC.CC.CC.CC.CC.CC.CC.CC.CC.CC.CC.CC.CC.CC.CC.CC.CC.CC.CC.CC.CC.CC.CC.CC.CC.CC.CC.CCC.CCC.CCC.CCC
CDK_Depict_18_80,CC(C)(C)OC(=O)C[C@]1(CC[C@@H]1N)O,CC(C)(C)OC(=O)C[C@H]1CC[C@H]1N
CDK_Depict_18_81,B(NCCBr)(NCCBr)NCCBr,*CCNCC(NCC*)NCCC
CDK_Depict_18_82,C1CPCC(C1N)C#N,C#CC(CC)C([NH])CC
CDK_Depict_18_83,C[C@@H]1CC[C@H]2[C@@]3(CO3)[C@H](O[C@H]4[C@@]25[C@H]1CC[C@](O4)(OO5)C)OO,[H][C@@]12CC[C@H](C)[C@H]3CC(C)CC[C@H](C)[C@]31[C@H](C)O[C@@H](OO)[C@]21CO1
CDK_Depict_18_84,C1=CSS(C1=O)(Cl)Cl,C=OS1(C=O)SC=CC1=O
CDK_Depict_18_85,C(CO)[C@@H](C(=O)O)N,N[C@H](CCO)C(=O)O
CDK_Depict_18_86,CC1(OCC[C@H](O1)COCC2=CC=CC=C2)C,CC1OCC[C@@H](COCc2ccccc2)O1
CDK_Depict_18_87,C(C(=C(I)I)I)SC#N,CC(I)SC#N
CDK_Depict_18_88,CP(=C(P(C)(C)(C)I)P(C)(C)(C)I)(C)C,*[2H](C)(C)C(=[PH](C)(C)C)[SH](C)(C)C
CDK_Depict_18_89,CO[C@@H]1C[C@]23C4=C(CCN2CC=C3C=C1)COC(=O)C4,C1CC[C@@]2(C3=C(COC(=O)C3)CCN2C1)C[C@H](OC)C=CC2
CDK_Depict_18_90,CC(=O)[C@H]1CC[C@@H]2[C@@]1(CC[C@H]3[C@H]2CC=C4[C@@]3(CC[C@@H](C4)O)C)C,CC(C)[C@@H]1(C(C)C)CC[C@@H]2[C@@]3(C)CCC4C[C@@]5(C)CC[C@@]4(C)[C@@]3(C)CC[C@@]21C
CDK_Depict_18_91,CC(=O)N[C@H]1[C@@H]([C@H]([C@@H]([C@H](O1)CO)O)O)OC(=O)C,*C[C@H]1O[C@@H](NC(C)=O)[C@H](OC(C)=O)[C@@H](O)C1(O)O
CDK_Depict_18_92,CC(C)C1=CC2=C(CC[C@H]3[C@]2(CCC[C@@]3(C)CN)C)C=C1,CC(C)C.CC1(CN)CCC[C@@]2(C)c3ccccC3CC[C@]12C
CDK_Depict_18_93,C1=C(NN(N=C1)NCCO)F,[1H]CCNN1N=CC=C([3H])N1
CDK_Depict_18_94,C(=C(\N)/N=O)(\N)/NO,NC(N)=C(N)N=O
CDK_Depict_18_95,C1CSC2=N[C@H](CN21)C3=CC=CC=C3,CCN1CCSc1N[C@@H](C)CN1CCSC1
CDK_Depict_18_96,C1C[C@@H]([C@@H](C1)O)CCCO,OCCC[C@H]1CCC[C@H]1O
CDK_Depict_18_97,CS1(=C(O1)S(=O)(=O)C)=O,C[SH](=O)=O.C[SH]1(=O)CO1
CDK_Depict_18_98,C[Si](C#C)([Si](C)(C#C)Cl)Cl,*[Si-](C)[Si](*)(#C)C
CDK_Depict_18_99,CC(C)(C)NS(=O)C1=CSC=C1,CC.O=[SH](=O)c1ccSC1
CDK_Depict_18_100,[2H]C([2H])(CC)OC([2H])([2H])C=C,[2H]C([2H])([2H])OC([2H])([(Q])C=C)CC
CDK_Depict_19_1,CS(=O)(O)(OS(=O)(=O)O)S(=O)(=O)O,CS(=O)(=O)O.CS(=O)(=O)OS(=O)(=O)O
CDK_Depict_19_2,C1C[C@@]([C@H]1N)(CC(=O)O)O,C[C@H]1CC[C@@](C)(CCC(=O)O)[C@@H](C)C1
CDK_Depict_19_3,COC1=C=C=CC=C1,COC1ccccc1
CDK_Depict_19_4,C1C[C@H]([C@@H]1C#N)C(=O)N,CCCCCCCCCCCCCCCCCCCCCCC
CDK_Depict_19_5,C1=NC2(C(=N1)C(=NC=N2)N)N,CC.CC
CDK_Depict_19_7,COC(=O)CC(C(=O)NC1=CC=CC=C1)SC[C@@H](C(=O)O)N,*N(*)(*)C(CC)CC.CC(=O)CC(C)C(=O)NC1CCCCC1
CDK_Depict_19_8,C1CC[C@@H]([C@H](C1)CC2=CC=C(C=C2)O)O,CC1CCC(CC2CCCC[C@H]2O)CC1
CDK_Depict_19_9,CC(=O)O[C@H]1[C@@H](CN[C@H]1CC2=CC=C(C=C2)OC)O,CC(C)=O.COC1CCC(C[C@@H]2NC[C@@H](O)[C@@H]2O)CC1
CDK_Depict_19_10,C1=CC=C(C=C1)P(=S)(C2=CC=CC=C2)F,F[PH](=S)C1CCCCC1.c1ccCCC1
CDK_Depict_19_11,N(NN=O)N=O,O=*[N+]*[N+]=O
CDK_Depict_19_12,C(#N)I(C#N)OS(=O)(=O)C(F)(F)F,FC(F)F.O=S(=O)(Cl)C(F)(F)F.[V]#CI
CDK_Depict_19_13,C1(NC(NC(N1)N)N)N,*C.*C(C)C.[Lv]C([Lv])[Lv]
CDK_Depict_19_14,CC(C)(C)P1(=S)SP(=S)(S1)C(C)(C)C,CC.CC(C)(C)C.CC(C)(C)C.CCC
CDK_Depict_19_15,OS(=S)SS,[O-2]S(=S)S[S-2]
CDK_Depict_19_16,B1=C(N=C(O1)C)N,*C(*)[V]C(C)C
CDK_Depict_19_17,B12OC(O1)(O2)NC(O)(O)O,CC(O)(O)O
CDK_Depict_19_18,B1[P+](B[P+]1([SiH3])[SiH3])([SiH3])[SiH3],CC.CC.C[P+](C)[S-]
CDK_Depict_19_19,CC(C)N1C(=O)[C@@H]([C@@]12CCCCC2=O)C3=CC=CC=C3,CC(=O)[C@H](C1=CC=CC=C1)[C@]12(CCC)C(=O)CC
CDK_Depict_19_20,C[C@H]([C@H](C1=CC(=C(C=C1)O)O)O)N,CCCCCCCCC(CCCC(O)CCCCC)C(C)C
CDK_Depict_19_21,C1COCCN1S/N=C(/C#N)\Cl,*#C/C(Cl)=N/S[NH+]1CC*CC1
CDK_Depict_19_23,[2H]C1=C(C(=C(C(=C1[2H])[2H])N([2H])[2H])[2H])[2H],[2HH].[2HH].[2HH].[2HH]
CDK_Depict_19_24,C1=CSC2=C1SC(=N2)Br,CC1CC=CS1
CDK_Depict_19_25,CC1(CN(C1=S)N2CC(C2=S)(C)C)C,CC1(C)CNC1.CC1(C)CNC1=S
CDK_Depict_19_26,C[C@H]1[C@@H]2CCC3C4CC[C@@H](C4(CCC3C2(CCC1=O)C)C)O,C=C1CCC2(C)C(CCC3C2CCC2(C)C3CC[C@H]2C)C1C
CDK_Depict_19_27,[Ti+2]=[Ge],C=C.[CH+]C
CDK_Depict_19_28,CCC(=O)OC1(C[C@@H](N(C[C@H]1C)C)C)C2=CC=CC=C2,CCCCCC1(C2=Ccccc2)C[C@H](C)CCC1C
CDK_Depict_19_29,CC(C)N1P(P1C(C)(C)C)C(C)(C)C,CC.CC(C)(C)C.CCC.P
CDK_Depict_19_30,CNC[C@@H](C1=CC(=CC=C1)O)O,CCC[C@H](O)c1cccc(O)c1
CDK_Depict_19_31,C(=O)=[Ni]I,O=C=[Li]I
CDK_Depict_19_32,CN1C[C@@H]([C@H]([C@H]1C(=O)OC)C2=CC=CC=C2)C(=O)OC,COC([C@H]1C[NH+](C)[C@@](C(OC)=O)(C2C=CC=CC=2)C=O)=O
CDK_Depict_19_34,C[C@@H]1CC[C@H](C(=O)C1)C(C)C,CC1CCC(C(C)C)C(=O)C1
CDK_Depict_19_35,C1(=NNN=C1Cl)C2=[15N]NN=N2,Clc1***C1
CDK_Depict_19_37,COC1=C(C=CC(=C1)C[C@@H](C(=O)O)N)O,*[C@@H](Cc1ccc(C)cc1)C(=C)C
CDK_Depict_19_38,C1=NC(N=C1)(CN)N,*CC1(*)[V]=CC=[V]1
CDK_Depict_19_40,C1CC(=O)NC1C(=O)N[C@H]2CC2C3=CC=CC=C3,O=C1CCC(C(=O)N[C@@H]2CC2C2ccCCC2)N1
CDK_Depict_19_41,C/1C[C@H]2COC(=O)[C@H]2CC/C=C1,CC12CC/C=C\CCC1(C)C(=O)OC2
CDK_Depict_19_43,COCCOC(=O)/C(=C(/C(=O)OCCOC)\Br)/Br,CCCOC.COCCO
CDK_Depict_19_45,C[C@H]([C@@H](C)OC(=O)CI)OC(=O)CI,CCC(=O)OC(C)C(C)C.CCC(C)=O
CDK_Depict_19_46,CO[C@H]1CC=C2CCN3[C@]2(C1)C4=C(CC3)COC(=O)C4,COC1CCN2CCN3CCC4C(CC(=O)[o]C4)[C@]23(C1)C1
CDK_Depict_19_48,C1[C@@H]([C@H]1OC2=CC=CC=C2)N,*[C@@H]1C[C@@H]2OC12.CC1cccCC1
CDK_Depict_19_49,C1=CC=C(C=C1)[C@@H]2[C@H](N2)C3=CC=CC=C3,C1CCC(C2N[C@@H]2C2CCCCC2)CC1
CDK_Depict_19_50,CN=C1N=C(SS1)N,C*=C1*c(N)SS1
CDK_Depict_19_51,CC/C(=C\1/C/C=C\C[C@@H]([C@@H](O1)C/C=C/C#C)Cl)/Br,C#C/C=C/CCC(Cl)Cl.CCCC
CDK_Depict_19_52,B(=NC(C)C)C(C)C,CC(C)*=S.CC(C)C
CDK_Depict_19_53,CC(CCN)C(N)(I)I,*CCC(C)C(C)(C)N
CDK_Depict_19_54,C[C@H]1[C@H](OC(O1)(C)C)[C@@H]2[C@@H]3[C@H](C(=O)O2)OC(O3)(C)C,CC1(C)O[C@@]2([*])C(=O)O[C@@H](C)(C2[*])C([*])([*])[*]C(C)(C)[*]
CDK_Depict_19_55,CC(C)C[C@@H](C(=O)O)N,CC(C)CC(C)C(=O)O
CDK_Depict_19_56,B(=S(#P)OC)S,CO[SH](=P)=S
CDK_Depict_19_57,C1[C@@H]([C@H]1N)C2=CC=CC=C2,C1CCCCC1.C[C@@H]1C[C@@H]1C
CDK_Depict_19_58,CNN(C)P(C)N,*P(C)[N+](C)NC
CDK_Depict_19_59,B(CC(B(Cl)Cl)[Sn](Cl)(Cl)Cl)(Cl)Cl,Cl.Cl.Cl.Cl.Cl
CDK_Depict_19_60,C1=CC(=[Tl]C=C1)OI(=O)(=O)=O,CC(C)=O.CCCCC(C)C
CDK_Depict_19_61,CS(=O)(=O)OC1=COC=C1,CS(=O)(=O)sc1ccsc1
CDK_Depict_19_62,N/N=N/N=N/N,[Li+2]/N=N/N=N/N
CDK_Depict_19_63,C[Si]1(NC=CN1)Br,C[Si]1(C[25c+])[NH2+]C=C[NH2+]1
CDK_Depict_19_64,C1=CC=C(C=C1)[C@H](C(C(=O)O)N)O,*C(C(=O)O)[C@@H](Cl)C1C=CCCC1
CDK_Depict_19_65,C(=NP)(N)N,*N=C(C)N
CDK_Depict_19_66,COOS(=S)(=S)SSSSSS,COOS(=S)(=S)SSSSSS
CDK_Depict_19_67,C1C[C@@]([C@@H]1N)(CC(=O)O)O,*C1CC[C@]1(C)CC(=C)[O-]
CDK_Depict_19_68,CC(=S)NOC(=O)NCSCNC(=O)ONC(=S)C,***C(=O)*CSC*C(=O)*NC(C)=S
CDK_Depict_19_69,CCC1C[C@H]2C3CCC4=CC(=O)CCC4[C@H]3CCC2([C@H]1O)C,CCC1C[C@@]2(C)C(CCC3CC(=O)CCC3[C@@]3(C)CCC2(C)C)CC3
CDK_Depict_19_70,CC(=O)N[C@@H](CS)C(=O)O,[4H]C[C@H](NC(C)=O)C([4H])=O
CDK_Depict_19_72,CN1NP(CP1Cl)Cl,C*1[1N]N(C)[2N]1.Cl
CDK_Depict_19_73,P1=PP(P=P1)P2P=PP=P2,CP(P=PP=P)P1p=pp=P1
CDK_Depict_19_74,CC1=CN(C(=O)N=C1N)[C@H]2CC([C@H](O2)CO)O,*C1NC(=O)N(C(C)CC(O)C(C)CO)C=C1C
CDK_Depict_19_75,C(=O)=[Mn](=C=O)(=C=O)Br,O=C=[Mn]([Dy])(=C=O)=C=O
CDK_Depict_19_76,C1(=NNSO1)OC2=NNSO2,C(c1nNSO1)c1n[nH]SO1
CDK_Depict_19_77,CN1N(P1C2=CC=CC=C2)C,CN(C)C.Cc1ccccc1
CDK_Depict_19_78,CP=S(#N)N=NN=NN=NN,CN[NH]=[NH]=[NH]=C=[NH]=N=[SH](=N)=PC
CDK_Depict_19_79,CC1=CSC(=O)NC1=O,CC1CNC(=O)SC1
CDK_Depict_19_80,[2H][C@](CC(=O)C1=CC=CC=C1N)(C(=O)O)N,C1CC([v111)2])CC(=O)C[C@]([2H])([s1Al])C(C)=O
CDK_Depict_19_81,C(=O)(O)[As](C(=O)O)/N=N/[As](C(=O)O)C(=O)O,*C(=O)[As]([As]C(=O)[As](C)C(=O)O)[As]=[N-].CC(=O)O
CDK_Depict_19_82,CC[C@@H]1[C@@H]2CCO[C@]1(C2=O)C,CC(=O)CC1CC1.CCC
CDK_Depict_19_84,C1C=C2C(=CO1)NC=N2,CC.Cc1c(C)c[CH]CC1
CDK_Depict_19_85,C(C(C(F)(F)F)(F)F)C(F)(F)Cl,CC(C)(C)CC(F)(F)C(F)(F)F
CDK_Depict_19_86,[2H]S([3H])(P([3H])Br)P([3H])Br,CC.CC.P.S.[2HH].[BH2-]PC
CDK_Depict_19_87,CCCCCC1=CC(=C(C(=C1)O)C2C=C(CC[C@H]2C(=C)C)C)O,C=C(C)[C@@H]1CCC(C)CC1c1c([O-])cC(CCCCC)=CC1C
CDK_Depict_19_89,CC(C)(C[Se](=O)O)C[Se](=O)O,CC(C)(C[Se](=O)Cl)C[Se](=O)Cl
CDK_Depict_19_91,C[C@]12CCC3C(C1CC[C@]2(C#C)O)CCC4=C3C=CC(=C4)O,C#CC(C)(C)CCC1CCc2cc(Cl)ccc2C1CCC
CDK_Depict_19_92,C1=CN=CC=C1/C(=N/N=C2N=NN=N2)/Br,CC.CC.CC(=N)[IH].CC(=N)[V]=N[V]=[V]=[V]=[V]
CDK_Depict_19_93,CCO/C(=N/SOC(=O)NCC(=O)C)/C,CCO/C(C)=N/SOC(=O)[NH2+]CC(C)=O
CDK_Depict_19_94,CC(=O)N(C)[C@H]1[C@@H]([C@H]([C@@H]([C@H](O1)CO)O)O)O,C=C(C)N(C)[C@@H]1C[C@H](CO)[C@@H]([4O])[C@H](O)[C@H]1[4O]
CDK_Depict_19_95,C1=NN=NN1N2C=NN=N2,C1=CN(N2cssn2)ns1
CDK_Depict_19_96,CCCCC#CC1(C(C1(C)F)(C)C)C,CCCCCCC1(C)C(C)(C)C1(C)C.F
CDK_Depict_19_97,C[C@]12[C@@H]3CCC[C@@H]3[C@H]1C(=O)O[C@@H]2C(C)(C)O,CC(C)O.C[C@H]1OC(=O)[C@]2(C)[C@]3(C)CCCC[C@@]3(C)[C@]12C
CDK_Depict_19_98,B(C#COCC)(OC)OC,CCCOC#C*(OC)OC
CDK_Depict_19_99,C1=NNC(S1)S,C[V]NC(C)S
CDK_Depict_19_100,CN1CC2=CC=CC=C2[C@H]3[C@H]1C4=CC=CC=C4CC3,C1CC2CC(C)(CCc3ccccc3[C@@]2(C)CC)C(C)(CC)CC2
CDK_Depict_20_1,C1P2SP1SS2,C1sssss1
CDK_Depict_20_2,CC(=O)SCNSCSC(=O)C,CC(=O)SCNSCSC(C)=O
CDK_Depict_20_3,[3H]C(CO)(CO)O,CCO
CDK_Depict_20_4,CC1=CC[C@@H]2CC[C@H]3[C@@H]4CC[C@]([C@]4(CC[C@@H]3[C@]2(C1)C)C)(C)O,CCCCC(C)(CCC(C(C)CCC1CCCC(C)C1)C1CCCC(C)C1)C(C)(C)O
CDK_Depict_20_5,[V](I)(I)(I)[XeH],C[V](C)C
CDK_Depict_20_6,CC([Sn]C(Cl)(Cl)Cl)[Sn]C(Cl)(Cl)Cl,Cl.Cl.Cl.ClC([Sn]C(Cl)(Cl)Cl)[SnH]Cl(Cl)Cl
CDK_Depict_20_7,C(=N)(N)N(N)S(=O)(=O)O,[NH112]C(=[14NH])NS(=O)(=O)O
CDK_Depict_20_8,COP(=O)(C)OCP(=O)(OC)OC,COp(C)(=O)OCp(=O)(OC)OC
CDK_Depict_20_10,C1(N=N/C(=N\N)/N1N)S,*/*=C1\n=NC(S)N1[NH3+]
CDK_Depict_20_11,CP(=O)(NC(=S)N)NC(=S)N,C=S.CO(=O)NC(N)=S
CDK_Depict_20_12,C(C(=O)N)S(=O)(=O)C(F)(F)F,CS(=O)(=O)CC(=O)[Ni]
CDK_Depict_20_13,CCCC[SnH2]C1=NC=CN=C1,CCCC[12Sn]Cc1cCC=Cn1
CDK_Depict_20_14,CC(C)(C)P(=O)(N=C=S)OC,COP(=O)(N=C=S)C(C)(C)C
CDK_Depict_20_15,C(P(C(Cl)(Cl)Cl)(N)(F)F)(Cl)(Cl)Cl,Cl.Cl.Cl.F[PH](F)(Cl)(Cl)(Cl)Cl
CDK_Depict_20_16,C(O)(F)(F)SC(F)(F)F,F.F.FC(F)(S)[Cu]
CDK_Depict_20_17,C1(C(C(=S)C1=S)S)S,SSSSC1C(=S)C(=S)c1[SH3+]
CDK_Depict_20_18,C1=C(C=C(C(=C1I)O)I)C[C@@H](C(=O)O)N,CC(=O)[C@@H]([Ar])CCCC(I)C(C)ccc1
CDK_Depict_20_19,CSC1=CC(=O)C=CC1=O,CSc1cc(=O)ccc1=O
CDK_Depict_20_20,C([C@@H]1[C@H]([C@H](C(O1)O)O)O)O,N[C@H]1OC(O)[C@@H](O)[C@@H]1O
CDK_Depict_20_21,CC(C)C[C@@H]([C@H](C1=CC1=O)O)N,CC(C)CC(C)C(C)C1=CC1=O
CDK_Depict_20_22,B(N=C=S)(N=C=S)Br,S=C=N[SH]([17S])N=C=S
CDK_Depict_20_23,CC1(OCC(=NC)CO1)C,CCCCC(CC)=NC
CDK_Depict_20_24,C12P=[P+]1P2N=[N+]=[N-],N#[N+]=N[nH]1[p+]2[pH]C12
CDK_Depict_20_25,C[C@@]1(C(=O)N[C@H](C(=O)N1)CC2=CC=CC=C2)C(F)(F)F,C[C@]1(C(F)(F)F)NC(=O)[C@H](Cc2ccccc2)C[14NH2+]C1=O
CDK_Depict_20_26,CCCCCCSC1=NNN=N1,CCCCCCSC1=N*N=NC1
CDK_Depict_20_27,CP(=S)(C)Br,C[OH](=S)S
CDK_Depict_20_28,C(=C(Cl)Cl)/C=N/N=C/C=C(Cl)Cl,C/C(Cl)=C/C=N/N=C/CC(Cl)Cl
CDK_Depict_20_29,C[C@H]1C(=O)N([C@H](C(=O)N1)C)CC2=CNC3=CC=CC=C32,CC(C)C(=O)N1CC(C)C(=O)NC(=O)C1CCCCCCC1CCCC1CCCCC1
CDK_Depict_20_31,C1[C@H]([C@H]([C@@H]([C@](O1)(CO)O)O)O)O,CC1CC[C@](C)([OH4+])[C@H]([OH4+])[C@H](O)C1O
CDK_Depict_20_32,C1CN2O[Si]3(O2)ON1O3,O.O.O[SiH]O
CDK_Depict_20_33,C[C@@H]1[C@@H](C[C@H](S[C@H]1C2=CC=CC=C2)C3=CC=CC=C3)N,CCCC(C1ccccc1)SC(C)CCCCCCCCCCCCCCCCCCCCCCCCCCCCCCCCCCCCCCCCCCCCCCCCCCCCCCCCCCCCCCCCCCCCCCCCCCCCCCCCCCCCCCCCCC)CCCCCCCCCCCCCCCCCCCCCCCCCCCCCCCCCC)CCCCCC
CDK_Depict_20_34,C(I)(I)(I)I,CC.CC.CC
CDK_Depict_20_35,CC(C)C=C=NN(C)C,CNN=C=CC(C)C
CDK_Depict_20_36,C1CC[C@]23CCC[C@H]([C@H]2C1)C(=O)O3,CC1CCC(C)C1
CDK_Depict_20_38,CC(=O)C1=CC=C(C=C1)N[C@H]2C(C([C@@H](C(O2)CO)O)O)O,CC(=O)c1ccc(N[C@@H]2OC(CO)[C@@H](O)C(O)C2O)cc1
CDK_Depict_20_39,CC1=CC[C@H]2[C@H](C1)CC(CC2=O)(C)C,CC(=O)C1CCC(C)CC1C
CDK_Depict_20_40,C(N)I(N)N(N)I,*C.*C
CDK_Depict_20_41,COCCOC(=C(Cl)Cl)OP(=O)(OC)OC,COCCOC(OP(=O)(OC)OC)=C(Cl)Cl
CDK_Depict_20_43,C1CSCN(CS1)O,O*1CCSCCSC1
CDK_Depict_20_44,C[C@]12CC[C@H]3[C@H]([C@@H]1CC[C@@H]2O)CCC4=CC(=O)C=C[C@]34C,CCCC(C)C(C)CCC1(C)CCCC2CC(=O)CCC21
CDK_Depict_20_45,CCN(CC)P(=NP(Cl)Cl)(F)F,CCN(CC)P(F)(F)=NP(Cl)Cl
CDK_Depict_20_46,COC1=CC(=C(C=C1O)OC)O[C@H]2CCCC[C@H]2O,CCCOc1cc(C)c([1O])cc1OC
CDK_Depict_20_48,C[C@]12CC[C@H]3[C@H]([C@@H]1CC[C@]2(C#C)O)CCC4=C[C@H](CC[C@H]34)O,C#C[C@@](C)(O)[C@@]1(C)CC[C@]2(C)[C@@](C)(CCCCC3C[C@H](C)CC[C@@]32C)[C@@]1(C)CCC(C)C
CDK_Depict_20_49,C(S(=O)(=O)F)(S(=O)(=O)F)(S(=O)(=O)F)I,O=S(=O)(F)C(I)(S(=O)(=O)F)S(=O)(=O)F
CDK_Depict_20_50,Br[BiH2],[Sb]
CDK_Depict_20_51,CC12SC3(SC(S1)(SC(S2)(S3)C(=O)N)C)C,*C.CC(C)S.S.S.S
CDK_Depict_20_52,B1(OC(=O)C(=O)O1)OC(=O)C(=O)O,O=C(O)C(=O)OF1OC(=O)C(=O)O1
CDK_Depict_20_53,CC(=CCC[C@](C)([C@@H](C/C=C(\C)/C=C)O)O)C,C=CCCC[C@@H](C)C(C)(O)CCC=C(C)C
CDK_Depict_20_54,CN1C[C@H]([C@@H](C1C(=O)OC)C(=O)OC)C2=CC=CC=C2,CC(=O)O.CO.O=C(O)C1CCNC1
CDK_Depict_20_56,CCOC(=O)[C@@H](CC(=O)C1=CC=CC=C1)N[C@@H](C)C(=O)OC,CC.CCOC(=O)[C@H](CC(=O)c1ccccc1)NCC(C)C(C)=O
CDK_Depict_20_58,C1=NSN=C1N,C1CCC1
CDK_Depict_20_59,FP(F)SP(F)F,CP(F)S[p-](F)F
CDK_Depict_20_60,C[C@H]1CC[C@@H]2[C@H]([C@]3([C@H]1CCC3=O)C)OC(=O)C2=C,CCCCCCCCCC(C)CCCCCCC
CDK_Depict_20_61,C(F)(F)(F)I(F)Cl,Cl[IH](Cl)Cl
CDK_Depict_20_62,C[C@@H]1CCCC[C@H]1O,CC1CCCCC1
CDK_Depict_20_63,C[C@]12CC[C@H](C[C@@H]1CC[C@@H]3[C@@H]2CC[C@]4([C@H]3CCC4=O)C)O,CC.CC.CC.CC.CC.CC.CC.CC.CC.CC.CC.CC.CC.CC.CC.CC.CC.CC.CC.CC.CC.CC.CC.CC.CC.CC.CC.CC.CC.CC.CC.CC.CC
CDK_Depict_20_64,CC[Si](CC)(CC#C)C(C)C,C#CC.CC(C)[SiH](C)C
CDK_Depict_20_65,C1=C(C(=S)NC(N1)(N)O)N,NC1=CNC([14N])(O)NC1=S
CDK_Depict_20_66,C/1(=N\O)\O\C1=N/O,N=C1OC1=NO
CDK_Depict_20_68,[C-]#[N+]P([SiH3])[SiH3],[C-]#Np([13C])[SiH3]
CDK_Depict_20_69,C1=N[O+]=CS1,*1[O+]C=[O+]1
CDK_Depict_20_71,B(O)(P=N)P=S,N=*=*(Cl)=*=S
CDK_Depict_20_72,CN[N+](=C)ON[N+](=C)C,C=N(C)NO.C=NO
CDK_Depict_20_73,CP(NP(C)(O)(O)O)(O)(O)O,*O(*)(*)(*)(*)(C)(C)O
CDK_Depict_20_74,C(=C(Cl)Cl)(C(C(F)(F)F)(Cl)Cl)F,Cl.Cl.Cl.F.F
CDK_Depict_20_75,CN(C)N(P(=S)(F)F)P(=S)(F)F,CN(C)N(p(F)(F)S)p(C)(F)(F)S
CDK_Depict_20_76,C[C@]12CC[C@@H]3[C@H]1[C@@H](C[C@@H]3C2)O,CC.CC.CC.CC
CDK_Depict_20_77,C1C(C1CSC[C@@H](C(=O)O)N)CC(=O)O,CC(=O)[C@H]([NH3+])CSCC1CC1CC(=O)O
CDK_Depict_20_78,C1(=C(C1=O)C(=C(Cl)Cl)Cl)C(=C(Cl)Cl)Cl,O=C1CC(C(Cl)C(Cl)Cl)C1C(CCCl)C(Cl)Cl
CDK_Depict_20_79,CCOC(=O)[C@@]1(C[C@H](C=C1)O)NC(=O)OC(C)(C)C,CCOC(=O)[C@]1([W]C(=O)OC)C=C[C@H](O)C1
CDK_Depict_20_80,C1CN2CC=C([C@@H]2[C@@H]1O)CO,CCC1CCCN(CC[C@H](O)[C@@]1([H])C)CCC1
CDK_Depict_20_81,C(#N)S(#N)(C#N)Cl,*#CS(C#*)(C#*)CCl
CDK_Depict_20_83,C[C@]12CC[C@H]3[C@H]([C@@H]1CC[C@]2(C)O)CC[C@@H]4[C@@]3(CC5=NON=C5C4)C,[H]C12CC[C@@]3(C)C(C)(CCC)C(C)(C(C)(C)O)CCC3(C)[C@@]1(C)CC(=N)C(=C)C2
CDK_Depict_20_85,C1=NN(C=N1)C2=NN=CS2,*1cncN1c1sC=NN1
CDK_Depict_20_87,C1[C@H]([C@@H]([C@H](N1)C(=O)O)N)O,CCC(C)CC(C)CC(C)CC(CC)C(=O)CO
CDK_Depict_20_88,C=CCN1CC[C@]23CCCC[C@H]2[C@@H]1CC4=C3C=C(C=C4)O,CCCC.Cc1ccc2c(c1)[C@@H]1CCCC[C@@]21C
CDK_Depict_20_91,CC1CC(N=C(O1)N)(C)C,CC(C)oc(n)N
CDK_Depict_20_92,COP1(=S)NNP(=S)(NN1)OC,CO*1**P(=S)(OC)**1
CDK_Depict_20_93,CC(C)(C)C1=NOC(=P1)C(C)(C)C,CC(=O)C(C)=NO
CDK_Depict_20_94,C[C@@H]1CC(=O)[C@]2([C@@H](O1)O[C@@H]3[C@H]([C@@H]([C@@H]([C@@H]([C@H]3O2)NC)O)NC)O)O,[H][C@]12C[C@@H]3CC(C)CC(=O)C[C@@]3(O)O[C@@H]1[C@@H](*C)[C@H](O)[C@H](NC)[C@@H]2O
CDK_Depict_20_95,C1=CN(C(=O)NC1=O)[C@H]2[C@@H]([C@@H]([C@H](O2)CO)O)O,CC=CC(=O)NC(=O)N[C@@H](C)[C@H](O)C(Cl)Cl
CDK_Depict_20_96,CCOC(=O)[C@]1(C[C@@H]2CC3=CC=CC=C3N2N1)C,CCC(=O)N1[C@H](C)C[C@H](C)N1c1cccc1
CDK_Depict_20_97,C[C@@H]([C@@H](C1=CC=C(C=C1)O)O)NCCC2=CC=C(C=C2)O,Cc1ccc(C(C)C(C)C)cc1.Cc1ccc(CCN)cc1
CDK_Depict_20_98,CCOC(=O)[C@@H]1CC2(CC2)C(=O)N1C(=O)OC(C)(C)C,CCC.CCC.CCC.CCC
CDK_Depict_20_99,C(F)(F)S(=O)C(F)F,CC(C)S(C)=O
CDK_Depict_20_100,CC[C@@H]1[C@H](C[C@@H](O1)N2C(C(C(=O)NC2=O)(F)Br)OC)O,CCC(C)C(C)CC(C)N(C(C)=O)C(CC)C(F)(C(N)=O)C(N)=O
CDK_Depict_21_1,C1[C@H](N(C[C@]1(C(=O)O)N)CC2=CC=CC=C2)C(=O)O,CCc1ccccc1.[1H]C(CC)(CN)C(=O)O
CDK_Depict_21_2,C[C@]12CCC(=O)C=C1CC[C@@H]3[C@@H]2CC[C@]4([C@H]3CCC4=O)C,CC1CC[C@]2(C)[C@]3(C)CCC4=CC(=O)CC[C@]4(C)[C@]3(C)CC[C@@]12C
CDK_Depict_21_3,C[C@]1([C@H]2C=CC[C@H]2C1=O)OC,CO[C@]1(C)C2CCC[C@]2(C)C1=O
CDK_Depict_21_4,C([C@@H](C=O)NC(=O)O)SSC[C@@H](C(=O)O)NC=O,CC[C@H](NC=O)C(=O)O.CSC[C@@H](C=O)NC(=O)O
CDK_Depict_21_5,C[C@@H]1CC[C@H]2[C@]3(CO3)[C@H](O[C@H]4[C@@]25[C@H]1CC[C@](O4)(OO5)C)OO,*C.*O[C@@H]1O[C@@]2(C)CC3(C)CC[C@H](C)[C@H](C)CCC(C)(C2OOC3)C12CO2
CDK_Depict_21_6,COC1[C@H]2[C@H]([C@@H]([C@H]([C@]2(CO1)O)Cl)O)CC(OC)OC,CC[C@]1(O)[C@H](C)[C@H](C)[C@H](CC(O)OC)[C@@]1(C)C(C)OC
CDK_Depict_21_7,C[C@]12CC[C@H]3[C@H]([C@@H]1CC[C@@H]2O)CC[C@@H]4[C@@]3(CC(=CC4)CO)C,[H][C@@]12Ccc(CO)CC1[C@@]1(C)CC[C@]3(C)[C@@H](O)CC[C@@]3([H])[C@@]1([H])CC2
CDK_Depict_21_9,CC/C=C\C/C=C\C/C=C\C/C=C\CC[C@H]([C@H](C)NC(=O)C)OC(=O)C,CC/C=C\C/C=C\C/C=C\C/C=C\CC[C@H](OC(C)=O)[C@H](C)*C(C)=O
CDK_Depict_21_11,CNS(=O)(=O)CC1CCCCC1,CNS(=O)(=O)CC1CCCCC1
CDK_Depict_21_12,[2H]OS(=O)(=O)OF,COS(=O)(=O)O
CDK_Depict_21_13,C(=O)=[Ru](=C=O)(=C=O)=C=O,C=C=*(C)(=C=O)C=O.O
CDK_Depict_21_14,C(=O)(OC(Cl)(Cl)Cl)OC(Cl)(Cl)I,O=C(OC(Cl)(Cl)Cl)OC(Cl)(Cl)Cl
CDK_Depict_21_15,C1=C(C(=[Bi]1)C=O)F,C=Cc1c(C)c*1
CDK_Depict_21_16,CC(C)OC(OC(C)C)P(O)O,CC(C)OC(OC(C)C)P(O)[1O]
CDK_Depict_21_17,C1=NC(N=C(C1(F)Cl)F)F,CC1*c(F)*1
CDK_Depict_21_20,B1(CCB(S1)C)C,CS[SH](C)CC[SH](C)SC
CDK_Depict_21_21,C1=C(N=C(S1)C2=NC(=CS2)Br)Br,CC1=CSC(C2=NC([Zr])=CS2)*1
CDK_Depict_21_22,C[C@]12CC[C@H](C1=CC(=O)CC2)O,C[C@]12CCC(=O)C=C1[C@@H](O)CC2
CDK_Depict_21_23,CSC1=CS(=CC(=N1)N)(=O)C,*C1Cs(C)(=O)CC(SC)s1
CDK_Depict_21_24,C1=NN=NN1/N=N/N2C=NN=N2,*1=**(/*=N/N2*=**=C2)C=*1
CDK_Depict_21_25,C1C[C@H](C[C@H]1C(=O)N)O,*C(=O)[C@H]1CC[C@H](C)C1
CDK_Depict_21_27,C1(=NNC(=S)O1)C(F)(F)F,cC(c)(c)c1**C(=S)O1
CDK_Depict_21_28,CS(=O)(C)(C)OCl(=O)(=O)=O,C[SH](C)(=O)OCl(=O)(=O)=O
CDK_Depict_21_29,CC(=O)N[C@H]1[C@@H]([C@H]([C@@H](CO1)O)O)O,*[C@@H]1[C@@H](O)[C@H](NC(C)O)OC[C@H]1O
CDK_Depict_21_30,C1=COC(=C1)C2=NN=C(S2)C3=CC=CO3,C[V]C(C)c1cccc1.C[V]c(S)c1cccO1
CDK_Depict_21_31,CC(C)(C)C1=C(C1=PC(=O)C(C)(C)C)C(C)(C)C,CC(=O)C(C)(C)C.[CH-]=C1C(C(C)(C)C)=C1C(C)(C)C
CDK_Depict_21_32,CS(C)(C(O)O)C(O)O,CC(C)C.CC(C)O
CDK_Depict_21_33,CC(=O)OC[C@@H]1[C@H]2[C@@H]([C@H]([C@@H](O1)OC)OC(=O)C)OC(=O)S2,CC(C)=O.CO[C@H](C)[C@H](OC(C)=O)[C@@](C)(O)C(C)(C(C)CO)[C@@H](O)C(C)=O
CDK_Depict_21_34,C(=C(/C(=O)O)\I)\Cl,*C(=O)/C(C)=C/Cl
CDK_Depict_21_35,CN1CCC[C@H]1COC2=CN=CN=C2,CC1=C*=C*=C1.CC1CCC[C@@H]1CO
CDK_Depict_21_36,CN1CCC2=C3[C@@H]1CC4=C(C3=CC=C2)C=C(C=C4)F,CC.[H][C@]12CCCc3cccc(c31)-c1cc(C)ccc1C2
CDK_Depict_21_37,[C@H]([C@H](C(=O)O)O)(C(=O)O)N,O=C(O)[C@@H](O)[C@@H](O)C(=O)O
CDK_Depict_21_38,C(=O)(O)[Pb](C(=O)O)(C(=O)O)C(=O)O,CC(=O)[Pb](C(=O)O)(C(=O)O)C(=O)O
CDK_Depict_21_39,C[C@@H]1CC[C@H]2[C@@](C(=O)O[C@H]3[C@@]24[C@H]1CC[C@](O3)(OO4)C)(CO)O,CC1CC[C@@H]2(C)[C@H](C)CC[C@@H]3(C)[C@@](O)(CO)C(=O)O[C@@]4(C)O1
CDK_Depict_21_40,CCCC[I-]P(=O)([I-]CCCC)[I-]CCCC,CCCC*[PH](C)(=O)=O.CCCC[IH][IH](C)=O
CDK_Depict_21_41,C1[SiH2]O[SiH2]C(=[N+]=[N-])[SiH2]O[SiH2]1,[N-]=[N+]=C1*O*2C*O*21
CDK_Depict_21_42,CN(C)S(=O)(=O)NN1C=NN=C1,CN(C)S(=O)(=O)NN1C=[U]*c1
CDK_Depict_21_43,CC\1([C@@H](CC/C1=N\O)CC#N)C,CC1(C)C(=NO)CCC12CC2C#N
CDK_Depict_21_44,O([Si](F)(F)F)S(O[Si](F)(F)F)(F)F,F[Si](F)(F)O[Si](F)(F)O[Si](F)(F)F
CDK_Depict_21_45,CC1=C2C(=CC=C1)[C@@H]3C[C@](N2)(CS(=O)C3)C,Cc1cccc2c1[L][C@@]1(C)CS(=O)C[C@@H]2C[C@@H]2C1
CDK_Depict_21_46,C1=CN(C(=O)N=C1NO)[C@H]2[C@@H]([C@@H]([C@H](O2)COP(=O)(O)O)O)O,CNC1=C(C)(=O)C(=O)N([C@@H]2O[C@H](CO)[C@@H](O)[C@H]2O)CC1
CDK_Depict_21_47,C1(=C(SC(=N1)F)Br)Cl,Cc1nc(C)sc1[Rf]
CDK_Depict_21_48,C1(=NN(C(=N)N=N1)O)N,*=C1*[U]=C([NH112])*=*1
CDK_Depict_21_49,NNN(ON=[N+]=[N-])SSN(NN)ON=[N+]=[N-],*=[Ni]=N.N*[Ni].SN[18N][Ni].[N-]=[N+]=[Ni]
CDK_Depict_21_50,CP(=O)(C)C(=O)SC,CC.CC.CSC(C)=O
CDK_Depict_21_51,B(OS(=O)(=O)F)(OS(=O)(=O)F)OS(=O)(=O)F,[o]=S(=O)([c])O[(G](O[(G](=O)([c])=O)OS(=O)(=O)[c])O[SH](=O)(=O)[c]
CDK_Depict_21_52,CN1CC[C@@]23CCCC[C@@H]2[C@H]1CC4=C3C=C(C=C4)O,CC.CC1(C)Cc2c(cc(O)cc2)[C@@]2(C)C1
CDK_Depict_21_53,C[C@@H](CC[C@@H]1[C@H](C[C@@H](CC1(C)C)O)CO)O,C[C@H](O)CC[C@H]1[C@H]2CC2O.[HH]
CDK_Depict_21_54,C12[Se]C3[Se]C([Se]1)[Se]C([Se]2)[Se]3,C1CC2[Sc]C[Sc]1
CDK_Depict_21_55,C(N(Cl)Br)(F)(F)F,FC(F)(F)*(Cl)[Br-]
CDK_Depict_21_56,C1=CC2=NON=C2N=C1,CC1=[V]O[Z]=C1/C=C\C=[V]/1
CDK_Depict_21_57,CCCC[C@@H]([C@@H](CCCC)Cl)F,CCCC[C@H](C)[C@@H](Cl)CCCC
CDK_Depict_21_58,CC(C)[C@@]1(CC[C@]([C@H]1/C=C/C(=O)C)(C)CC(=O)OC)O,COC(=O)C[C@@]1(C)CC[C@@](C)(O)[C@@H]1/C=C/C(C)=O
CDK_Depict_21_59,CCOS(=O)(=S)CCS(=O)(=O)CCSS(=O)(=O)CC,CCOS(=O)(=S)CCS(=O)(=O)CCSS(=O)(=O)CC
CDK_Depict_21_61,C1(=NN=C(S1)Cl)/N=N/C2=NN=C(S2)Cl,CC(C)=NN=C(Cl)Cl.N=NC1=NN=C(Cl)S1
CDK_Depict_21_62,COCC1[C@H](C(C([C@@H](O1)OC)OC)OC)OC,COCC1O[C@@H](OC)C(OC)C(C)[C@@H]1OC
CDK_Depict_21_66,CC(C)N(C(=O)OC1=CC=CS1)O,CC(C)[Al](O)C(=O)OC1=CC=CS1
CDK_Depict_21_68,CC1=CP(CC1)P2CCC(=C2)C,[2H]C=C(C)CCC.[2H]CC(C)CCC
CDK_Depict_21_69,C1=CC(=C(C(=C1Br)O)Cl)Br,*c1c(*)ccC([Fr])=C1C
CDK_Depict_21_70,C(OS(=O)O)(OS(=O)O)OS(=O)O,O=S(O)OC(OS(=O)O)OS(=O)O
CDK_Depict_21_72,[Si+2]=[Se],[Si].[Si]
CDK_Depict_21_74,C[N+](=O)C[I-][N+](=O)OOOC,C[N+](=O)C[IH+][V+](C)=O
CDK_Depict_21_75,C[C@@H](CC[C@@H]1[C@H](CC(=O)CC1(C)C)CO)O,C=C1C[C@H](CO)[C@@H](CCC2(C)CC2)C(C)(C)C1
CDK_Depict_21_76,B([Se]CC)([Se]CC)[Se]CC,CC[Se][Se]([Se]CC)[Se]CC
CDK_Depict_21_77,C1COOCC1(CN)CN,*CC1(C[AlH2])CCOOC1
CDK_Depict_21_79,C[C@@H]1C[C@@H]2[C@H](C[C@]3([C@H]1CC(=O)OC3)C)C(=C)C(=O)O2,C=C1C(=O)O[C@@]2(C)C[C@H](C)[C@@]3(C)CC(=O)OC[C@@]3(C)C[C@]12C
CDK_Depict_21_80,C=CC[Sn](N=C=S)(N=C=S)N=C=S,C=CC[Sn](N=C=S)(N=C=S)N=C=S
CDK_Depict_21_81,C[Ge]1(CS[Ge](CS[Ge](CS1)(C)C)(C)C)C,C[Ce]1(C)CS[Ce](C)(C)CS[Ce](C)(C)CS1
CDK_Depict_21_82,CCP(=C)(C)C(=O)C,CC.CC.CC(C)=O
CDK_Depict_21_83,CCOP(=O)(OCC)I,CCO[PH](C)(=O)OCC
CDK_Depict_21_84,C1C[C@@H](NC1)C(=O)O,O=C(O)C1CCCC1
CDK_Depict_21_85,C([C@@H]1[C@@H]([C@@H]([C@H](C(O1)O)O)O)O)O,OC[C@H]1OC(O)[C@H](O)[C@@H](O)[C@H]1O
CDK_Depict_21_86,C1=CC2=NSSC2=C1Cl,Clc1ccc2c1SS*2
CDK_Depict_21_87,CCC1=NC=CP1,*cc*C(C)CC
CDK_Depict_21_88,C[C@@H](CCC(=O)C1=COC=C1)CC(=O)CC(C)C,CC(C)CC(=O)CC(C)CCC(=O)c1ccOC1
CDK_Depict_21_89,CCCCCC(=O)/C=C/[C@H]1[C@@H]2CC[C@@H](C2)[C@@H]1C/C=C\CCCC(=O)OC,CC.[H][C@]12CC[C@@](C)(C1)[C@H](C/C=C\CCCC(C)C)[C@@H]2/C=C/C(=O)CCCCC
CDK_Depict_21_90,C(=N)[Si]#[Si]C#N,N#C[Si]#[Si]C=N
CDK_Depict_21_91,C1=C(ON=C1Br)Cl,ClC1=CC([Sr])=NO1
CDK_Depict_21_92,CC(C)C1=C2CC[C@]3([C@H](CCC(=C)[C@@H]3C[C@@]2(CC1)C)O)C,CC(C)C1=C(CC[C@@]2(C)[C@H](O)CCC(C)[C@@H]2C)C(C)(C)CC1
CDK_Depict_21_93,C[Te](I)(I)I,CC.CC.CC.CC
CDK_Depict_21_94,CC(C)(C)P(P(C(C)(C)C)I)P(C(C)(C)C)I,CC.CC(C)(C)C.CC(C)(C)C.COC
CDK_Depict_21_95,NP1(=NP(=NP(=N1)(F)F)(F)F)F,*=[PH](c)(c)**(c)(c)*[PH](c)c
CDK_Depict_21_96,CCS(=P(O)(O)S)(CC)(CC)CC,C=*C(C)S.CCC.CCC
CDK_Depict_21_97,C[C@@H]1[C@H](C[C@H](S[C@H]1C2=CC=CC=C2)C3=CC=CC=C3)N,CC(CC(C)C1CC1)C1CCCCC1
CDK_Depict_21_98,CN1C=C(N=C1C#N)Cl,CN(C=C(Cl)Cl)c(=N)C#N
CDK_Depict_21_99,C[C@]12C[C@H](CS(=O)C1)C3=CC=CC=C3N2C,C*1c2ccccc2[C@H](C)CS(=O)C[C@]2(C)CS(=O)CC1(C)C2
CDK_Depict_21_100,C12(C(C(C1(F)F)(C2(F)F)Br)(F)F)Br,CC1(C)C2(C)C3(C4(C)C2(C)C)C13C
CDK_Depict_22_2,CC(C)[C@@]1(CC[C@]([C@H]1/C=C/C(=O)C)(C)CC(OC)OC)OC,CO[C@@]1(C(C)C)CC[C@@](C)(CC(C)C)[C@H]1/C=C/C(C)O
CDK_Depict_22_3,S=S=S=S=S=S=S=S,S=S=S=S=S=S=S=S
CDK_Depict_22_4,CC1(OC[C@@H](O1)[C@H]2[C@@H](C(=O)N(N2)C)CCO)C,CCCCC(C)C(C)(C)CCOC(C)(C)C.CCCCCC(C)C
CDK_Depict_22_5,COC1(N=N1)F,COC
CDK_Depict_22_6,CSN(C(=S)Cl)SC,C=C(C)C.CC
CDK_Depict_22_7,COS(=O)(=O)[Te](C)(C)F,COS(=O)(=O)[F-](F)(F)F
CDK_Depict_22_9,CCN\1C=CS/C1=N/N=O,CC(C)=NNO.CCC
CDK_Depict_22_10,[N+](=O)([O-])SS(=O)S[N+](=O)[O-],CSSSSS(=O)S[N+](=O)[O-]
CDK_Depict_22_11,CC(=C(N1C=NC=N1)N2C=NC=N2)C,C/*=C\*=C/C.CC(C)C(C)C
CDK_Depict_22_12,B1(B(NB(B(N1)F)F)F)F,C.CC.CC.CC.CC.CC.CC.CC.CC.CC.CC.CC.CC.CC.CC.CC.CC.CC.CC.CC.CC.CC.CC.CC.CC.CC.CC.CC.CC.CC.CC.CC.CC.CC.CC.CC.CC.CC.CC.CC.CC.CC.CC.CC.CC.CC.CC.CC.CC.CC.CC.CC.CC.CC.CC.CC.CC.CC.CC.CC.CC.CC.CC.CC.CC.CCC
CDK_Depict_22_13,CC(=C1N=C(N=N1)N)C,CC(C)=C(C)[V]=C=[V]
CDK_Depict_22_14,C[C@]12C=CC3=C4CCC(=O)C=C4CC[C@H]3[C@@H]1CC[C@@H]2O,CC.CC.C[C@@]12CCc(c3ccc(=O)CC3)[C@H](C)CCCC3CCC(=O)CC3
CDK_Depict_22_15,CC12CCC3[C@@H](C1CC[C@@H]2O)CCC4=C3C=CC(=C4)O,[H][C@@]12CCC3=C(ccC(O)=C3)C1CCC1(C)C2CC[C@@H]1O
CDK_Depict_22_16,C[C@H]1[C@@H](N(C(=O)O1)C2=CC=C(C=C2)OC)C#N,COc1ccC(N(C(C)=O)[C@@H](C#N)C(C)C)cc1
CDK_Depict_22_17,C1OP2COP1CO2,CC.CC
CDK_Depict_22_18,CC1C(=O)[C@](C1(C)C)(C)OC,CC1C(=O)C[C@H](C)C1(C)C
CDK_Depict_22_19,COC1=NSC(=N1)Cl,C=C.C=C(C)C.CC
CDK_Depict_22_20,CCC(C)[C@@H](C(=O)O)NC(=O)C1=NC2=CC=CC=C2N=C1,C=C(C)C(C)C.CC1=CCccc1.CCCC(C)C(o)=O
CDK_Depict_22_22,CC=CCC=CCCC(=O)[C@@H]1[C@@H](O1)C(=O)N,CC=CCCCCC(=O)[C@H]1C[C@H](C(=O)O)[C@H]1C(=O)CCCCCCCC
CDK_Depict_22_23,C=C1OC(=C)O1,C=C(C)C.CC(C)C
CDK_Depict_22_24,CC(=O)OC[C@@H]1[C@H]2[C@@H]([C@H]([C@@H](O1)OC)OC(=O)C)SC(=O)O2,CCCCCCCCCCCCCCCCCCCCCCCCCCCCCCCCCCCCCCCCCCCCCCCCCCCCCCCCCCCCCCCCCCCCCCCCCCCCCCCCCCCCCCCCCCCCCCCCCCCCCCCCCCCCCCCCCCCCCCCCCCCCCCCCCCCCCCCCCCCCCCCCCCCCCCCCCC)CCCCCCC
CDK_Depict_22_25,B12B3C14B2B43,[2H]*1[2H][2H]1
CDK_Depict_22_26,C1C[Se][Te][Te]O1,CC.CC.CC
CDK_Depict_22_27,C1=CC(OC1C#N)O,C#CC1C=CC(C)CC1.O
CDK_Depict_22_28,C[C@@H]1C[C@@H]2CCC[C@@H]2S1,CCCCCCCCCCCCCCCCCCCCCCCCCCCCCCCCCCCCCCCCCCCCCCCCCCCCCCCCCCCCCCCCCCCCCCCCCCCCCCCCCCCCCCCCCCCCCCCCCCCCCCCCCCCCCCCCCCCCCCCCCCCCCCCCCCCCCCCCCCCCCCCCCCCCCCCCCCCCCCCC
CDK_Depict_22_30,C(COCCOC(CO)N(N)N)O,[H]OCCOCCOC(CO[K])N(C(C)C)C(C)C
CDK_Depict_22_32,CCC(=O)O[C@H]1CC[C@@H]2[C@@]1(CC[C@H]3[C@H]2CCC4=C3C=CC(=C4)O)C,CCCCCCCCCCCCCCCCCCCCCCCCCCCCCCCCCCCCCCCCCCCCCCCCCCCCCCCCCCCCCCCCCCCCCCCCCCCCCCCCCCCCCCCCCCCCCCCCCCCCCCCCCCCCCCCCCCCCCCCCCCCCCCCCCCCCCCCCCCCCCCCCCCCCCCCCCCCCCCCC
CDK_Depict_22_34,C[C@]12CCC(=O)C[C@@H]1CC[C@@H]3[C@@H]2CC[C@]4([C@H]3CC[C@]4(C)O)C,CCCCCCCCCCCCCCCCCCCCCCCCCCCCCCCCCCCCCCCCCCCCCCCCCCCCCCCCCCCCCCCCCCCCCCCCCCCCCCCCCCCCCCCCCCCCCCCCCCCCCCCCCCCCCCCCCCCCCCCCCCCCCCCCCCCCCCCCCCCCCCCCCCCCCCCCCCCCCCCC
CDK_Depict_22_35,O=I(=O)O[Sn](OI(=O)=O)(OI(=O)=O)OI(=O)=O,C*[IH](=O)=O.C=O
CDK_Depict_22_36,CCCC(=O)S[C@H](COCCC)COP(=O)(Cl)Cl,C*(C)(C)C.CCCCCCCC(C)=O
CDK_Depict_22_37,C=C1/C(=C\Br)/SC=N1,C=CSC(=C)C(=C)C
CDK_Depict_22_38,CC(C)(C#N)[C@@H]1CC/C(=N/O)/C1,*#CC.CCC.N
CDK_Depict_22_39,N[BiH2],[2H][SH](=O)=O
CDK_Depict_22_40,CSSC(SS(=S)C)SS(=S)C,C=S(C)SC(SC)S*(C)=s
CDK_Depict_22_41,C[C@@]12CC[C@@H](C1(C)C)[C@H]([C@H]2O)N3CCOCCOCCOCC3,*C1(C)CC[C@@H]2[C@@H](O)[C@@H]1C1(C)CCC2(C)C1(C)C
CDK_Depict_22_42,CCOC(=N)SSC(=N)OCC,CCSC(=N)SSC(=N)SCC
CDK_Depict_22_43,CCC=C1NNC(=CCC)NN1,CC=C(C)NNC(C)CCC
CDK_Depict_22_44,C[C@@H]1[C@H]([C@H]([C@@H](O1)N2C=C(C(=O)NC2=O)F)O)O,*C1NC(=O)N([C@@H]2C[C@@H](C)[C@@H](O)[C@H]2O)C=C1F
CDK_Depict_22_45,CC(C)(F)SC(=NF)SC(C)(C)F,CC.CCC
CDK_Depict_22_46,C([C@@H]1[C@H]([C@@H]([C@H](C(=O)O1)O)O)O)O,CCCCCCCCCCCCCCCCCCCCCCCCCCCCCCCCCCCCCCCCCCCCCCCCC)CCCCCCCCCCCCCCCCCCCCCCCCCCCCCCCCCCCCCCCCCCCCCCCCCCCCCCCCCCCCCCCCCCCCCCCCCCCCCCCCCCCCCCCCCCCCCCCCCCCCCCCCCCCCCCC
CDK_Depict_22_47,C(#N)C(OC(F)(F)F)(F)F,C#N.CF
CDK_Depict_22_48,CCC(C)O[In](CC)OCC,CCCC(C)CC
CDK_Depict_22_49,CON(N(OC)S(=O)(=O)C)S(=O)(=O)C,CON(N(C)S(C)(=O)=O)S(C)(=O)=O
CDK_Depict_22_53,CN1ON(ON(O1)C)C,CN1O*ON(C)O1
CDK_Depict_22_54,C(#N)C(=N/C(=C(\N)/Cl)/C#N)C#N,*#CC(=*C(C)C)C#N.CC.CC.CC.CC#N
CDK_Depict_22_55,COI(=O)(F)F,CO[Tc](=O)(=O)[Tc]
CDK_Depict_22_56,C[C@@]1([C@H](CCC1(C)C)CCO)O,CC[C@H](CCO)C(C)(C)O
CDK_Depict_22_57,CC1(O[C@@H]2[C@H]([C@H](O[C@@H]2O1)[C@@H](CO)O)N3C=NC=N3)C,CC1CCC(C)C(C)(C)C(C)(C)C(C)(C)C1.C[C@H]1CC(C)(C)[C@@H](N2C=NCC=N2)C1N1=NCCN=C1
CDK_Depict_22_58,C[C@H]1C[C@@H]2CCC[C@@H]2S1=O,C=O.CC.CCCCCCCC
CDK_Depict_22_59,CS[C@H]1CC2=CC(=CC=C2)[C@H](CC3=CC1=CC=C3)SC,CC[C@@H]1Cc2cccc(c2)[C@H](SC)CC2cccc1c2
CDK_Depict_22_60,CC(=C[C@H]1[C@@H](C1(C)C)C(=O)O)C(=O)O,*C(=O)C(C(C)C)C(CCC(C)C)CC(C)C(=O)O
CDK_Depict_22_61,B1BB2BBB1B2,*.****
CDK_Depict_22_62,CC(=O)[Se](=O)(=O)C(=O)C,CC(=O)[Co](=O)C(C)=O
CDK_Depict_22_63,P(P(Cl)Cl)(Cl)Cl,C#CC#CC#CC#CC#CC#CC#CC#CC#CC#CC.CCCCCCCCCCCCCCCCCCCCCCCCCCCCCCC
CDK_Depict_22_64,CSC1=NNP(S1)Cl,CsC(C)=N
CDK_Depict_22_65,C1=CC(=CC(=C1)I)S(F)(F)(F)(F)F,CC.CC.CC.Sc1ccccc1
CDK_Depict_22_66,C1=CC=C(C=C1)P(=O)(NCCCl)NCCCl,[H]N(CC)S(=O)(=O)c1ccccc1
CDK_Depict_22_68,B1(SC=CS1)B(N(C)C)Cl,C[2H](*1sC=CS1)N(C)C
CDK_Depict_22_70,B1(NC(=O)NC(=O)N1C)C,CC(C)C
CDK_Depict_22_71,C(C([C@@H]1C(=O)C(=O)C(=O)O1)O)O,[H]OC(C[Cr])[C@H]1OC(=O)C(=O)C1=O
CDK_Depict_22_73,CN1C[C@@H](C=C2[C@H]1CC3=CNC4=CC=CC2=C34)C(=O)O,CN1C[C@@H](C(=O)O)C=C2c3cccc(c3)[V]([V])CC[C@]21C
CDK_Depict_22_74,CC(=O)OC[C@H]1C[C@H](C=C1)N2C=NC3=C2N=CN=C3Cl,CC(=O)SC[C@@H]1C=C[C@H](N2/C=N\c3C([Cd])=NC=NC32)C1
CDK_Depict_22_75,B1(C(=C(B(C(=C1C)C)F)C)C)F,**C(C)=C(C)*C.CC(C)C(C)C
CDK_Depict_22_77,C1N=C2C(=CO1)C=CC=N2,C1cc2[V]CCCC2
CDK_Depict_22_78,CC1=NC(C=C1)(C)C(Cl)Cl,[CH2]C([CH2])C1(C)ccC=N1
CDK_Depict_22_79,C1C[C@@H]2C[C@H]1[C@H]3[C@@H]2/C(=N/N)/[C@@H]4OC[C@H]3O4,C[C@@H]1O[C@@]2([V])OCC[C@H](C)[C@@]1([H])[C@@]1([H])[C@@]3([H])C[C@@](C)(CC3)C3
CDK_Depict_22_80,CN(C)C(=S)SP(C)SC(=S)N(C)C,CSC(=S)SC(=S)SP(C)SC(=S)N(C)C
CDK_Depict_22_82,B(OCC)(OP(OCC)Br)Br,CCO[SH](C)S[SH]([Sc])SCCCCCCCl
CDK_Depict_22_83,C[C@H](CC1=CC=CC=C1)NC,CC.CCCCCCCCCCCCCCCCCCCCCC
CDK_Depict_22_84,C(C(=O)N)(N)OOC(C(=O)N)N,COC(N)C(N)=O.NC(=O)C(N)O
CDK_Depict_22_86,CC12CC[C@@H](CC1CCC3C2C(CC4(C3CCC4=O)C)O)O,CC12CC(O)C3C4(CC[C@@H](O)CC4CCC3C1CCC2=O)CCCC3C2
CDK_Depict_22_90,CC12CCC3=C(C1CC[C@@H]2O)C=CC4=C3C=CC(=C4)O,[11CH2]c1ccc2c3c(ccc2c1)C1CCC(O)C1CC3
CDK_Depict_22_91,O=[AsH]=[As][AsH][AsH][AsH][AsH2],CC(=O)([As]C(C)(=O)C(C)(=O)C(C)(=O)[As][As][As][As][As]=[As])[As]=O
CDK_Depict_22_92,[H][C@]1(C([C@]1([H])[2H])C(=C(Br)Br)[2H])[2H],[H]C(O)[C@H]([H])O
CDK_Depict_22_94,C(C(P(=O)(O)O)P(=O)(O)O)[P+](=O)O,O=[P+](O)CC1[O-](O)([Ho])[O-][O-4][P+]1(=O)[O-4]
CDK_Depict_22_95,CC(=O)OC[C@@H]1[C@H]2[C@@H]([C@H]([C@H](O1)OC)OC(=O)C)SC(=O)O2,CO[C@H]1O[C@H](COC(C)=O)[C@@](C)(F)[C@@H](C)[C@@H]1OC(C)=O
CDK_Depict_22_96,CCO/C(=C/C(=O)N(C)C)/N(C)C,CCO/C(=C/C(=O)N(C)C)N(C)C
CDK_Depict_22_97,CS(=O)(=O)NN=C1CCCCC1,CS(=O)(=O)NN=C1CCCCC1
CDK_Depict_22_98,C1=CC=C(C=C1)C#CC(=O)NCCCCl,[H]N(CCCC)C(=O)C#Cc1ccccc1
CDK_Depict_22_99,[2H]P([3H])N([3H])[3H],[2H]P(C)N([3H])[3H]
CDK_Depict_22_100,CN1C(N=C(C1=N)C#N)Cl,CNC([Ce])NC(C#N)C(=N)N
CDK_Depict_25_1,C[C@@H]1CC[C@H]2[C@@H]([C@@H](O[C@H]3[C@@]24[C@H]1CC[C@](O3)(OO4)C)O)O,C[C@@]1(C)[C@@H]2CC[C@]3(I)OO[C@@]42[C@@]([H])(O[C@@H](O)[C@H](O)[C@H]4C)O3
CDK_Depict_25_3,C[C@@H]1[C@@](O1)(C)C(=O)O,C[C@H]1C[C@@H](C(=O)O)O1
CDK_Depict_25_4,C1CSS[C@@H]1CCCCC(=O)O,O=C(O)CCCC[C@@H]1CCSS1
CDK_Depict_25_6,CC1=CC=C(N1/N=C(/C(=N/N2C(=CC=C2C)C)/C)\C)C,CC(=N\n1c(C)ccc1C)/C(C)=N/n1c(C)ccc1C
CDK_Depict_25_7,CN1CC(=C[C@H]2[C@H]1CC3=CNC4=CC=CC2=C34)C(=O)O,[H][C@@]12C=C(C(=O)O)CN(C)[C@@]1([H])Cc1c3c(cccc32)NCC1
CDK_Depict_25_9,CC(C(C(=O)C)Br)S(C)(C)Br,CC(=O)C(C)C(C)S(C)(C)[Br-]
CDK_Depict_25_10,C1=CN2C(=C1)N=NN2,c1cc2nnNn2c1
CDK_Depict_25_11,CSC1=C(C(=NS1)SC)N,CSc1nSC(S)=C1N
CDK_Depict_25_12,C1[C@H]2[C@@H]([C@@H](S1)CCC=CC(=O)O)NC(=O)N2,[H][C@]12CS[C@@H](CCC=CC(=O)O)[C@@]1([H])NC(=O)N2
CDK_Depict_25_14,N1(OON(OO1)O)O,ON1OO[nH](O)OO1
CDK_Depict_25_15,C1=C(C(=O)NC1=O)[C@H]2[C@@H]([C@@H]([C@H](O2)CO)O)O,O=C1CC([C@@H]2O[C@H](CO)[C@@H](O)[C@@H]2O)C(=O)N1
CDK_Depict_25_16,C[C@H]1[C@@H]2CCCC[C@@H]2CC(=O)O1,C[C@H]1OC(=O)C[C@@H]2CCCC[C@@]21C
CDK_Depict_25_17,B1=BB=BB=B/C=C\B=BB=B1,p=pbpbpbpbpbp
CDK_Depict_25_18,CC(=O)OC[C@H]1CC(=O)[C@]1(C)OC,CO[C@@H]1C(=O)C[C@H]1COC(C)=O
CDK_Depict_25_19,C12=N[Se]N=C1N=[Se]=N2,Cc1c(C)n[Se]N1
CDK_Depict_25_20,CC1CCC[C@H](C1)O,CC1CCC[C@@H](O)C1
CDK_Depict_25_21,[2H]/C(=C(/S/C(=C(\C#N)/[2H])/[2H])\[2H])/C#N,N.[2H]C(C#C)=C([2H])SC([2H])C([2H])C#N
CDK_Depict_25_22,[CH2-][O+]1CO[C-]2OC[O+]2C1,[14CH2]*1CO[C+]2OC*2C1
CDK_Depict_25_23,C1=CN(C=C1)C(=NC#N)N,*C(NC#*)n1cccc1
CDK_Depict_25_24,O=S=P(Cl)(Cl)Cl,O=S=[PH](=S)([Co])[Co]
CDK_Depict_25_25,CCCC[C@@H]1C[C@@H]1O,CCCC[C@H]1C[C@@H](O)C1
CDK_Depict_25_26,C1=CN(C=N1)N2C=CN=C2,c1cn(n2ccnc2)cn1
CDK_Depict_25_27,C1(=NC(=NC(=N1)I)I)I,[3H]c1nc([3H])nc([3H])n1
CDK_Depict_25_28,C1=CN=C(N1)C(C2=NC=CN2)C3=NC=CN3,C1=CNc(C(c2ncc[nH]2)c2ncc[nH]2)n1
CDK_Depict_25_29,C1=CC=C(C=C1)N2N=PC=P2,c1pnN(c2ccccc2)P1
CDK_Depict_25_30,B(/C(=C/CCCCCC)/Br)(C(C)(C)C(C)C)Cl,CCCCCCCCCCCCCCCCCCCCCCCCCCCCCC
CDK_Depict_25_31,CC(=C[C@@H]1[C@H](C1(C)C)C(=O)O)C,CC(C)=C[C@@H]1[C@@H](C=O)C1(C)C
CDK_Depict_25_33,N(P)PNPN=PNP=S(=O)=O,O=S(=O)=PNP=NP[NH2+]P[NH2+]c1ccccc1
CDK_Depict_25_34,CC(=[Si]([SiH3])[SiH3])O[SiH3],CC(O[ScH3])[Sc]([ScH3])[ScH3]
CDK_Depict_25_35,CC[C@@]1([C@H]([C@H]2[C@H]3C[C@@H]4[C@@H]([C@H]2[C@]1(O4)Br)O3)/C=C\C#C)Br,C#C/C=C\[C@@H]1[C@@H]2(C)[C@@H]3(C)[C@@H](C)(O[C@]4(C)C[C@@]([H])(O[C@]43C)[C@@]42C)[C@@H]1(C)CC
CDK_Depict_25_36,CC1=CC(=CNP1SC)C,CSp1c(C)cc(C)CN1
CDK_Depict_25_37,C1(=NN=C(S1)Br)F,FC1=NN=C([Sr])S1
CDK_Depict_25_38,COC(=NC(=O)OC)OC,COC(=O)N=C(OC)OC
CDK_Depict_25_39,C([C@@H]1[C@H]([C@@H]([C@H](C(O1)O)O)O)O)O,OC[C@H]1OC(O)[C@H](O)[C@@H](O)[C@@H]1O
CDK_Depict_25_40,C(=O)(N)N(F)F,NC(=O)*(F)F
CDK_Depict_25_41,CC(=O)N[C@H]1CC(=O)[C@]1(C)OC,CC(=O)NC1CC(=O)C1C
CDK_Depict_25_42,C1=C(OC(=C1Cl)Cl)Cl,Cc1oc([U])Cc1Cl
CDK_Depict_25_43,C[C@@]1(CCC2C1(CCC3C2CC=C4C3(CCC(C4)O)C)C)O,CC12CCC(O)Cc1CCC1C2CCC2(C(C)(C)O)CCC12
CDK_Depict_25_44,CO[C@H]1C(=O)N([C@]12CCCCC2=O)CC3=CC=CC=C3,CO[C@H]1C(=O)N(Cc2ccccc2)[C@]12CCCCC2=O
CDK_Depict_25_45,COC(=O)[C@H]([C@@H](C(=O)OC)O)O,COC(=O)[C@@H](O)[C@H](O)C(=O)OC
CDK_Depict_25_46,C1=CSC(=C1)N2C=COC2=O,O=C1OC=CN1c1cccS1
CDK_Depict_25_47,CSN(P=C)P=C,C=PN(P=C)SC
CDK_Depict_25_48,CCOC(=O)[C@H](CC1=CC=C(C=C1)O)NC(=O)C,CCOC(=O)[C@H](Cc1ccc(O)cc1)NC(C)=O
CDK_Depict_25_50,C1C(OS(=O)O1)COS(=O)OCC2COS(=O)O2,O=S1OCC(COS(=O)SCC2COS(=O)O2)O1
CDK_Depict_27_2,OOS(=O)(=O)S(=O)(=O)OO,O=S(=O)(O[11OH2+])S(=O)(=O)=O
CDK_Depict_27_3,CN(C)[Si-]1N[Si](=[N+](C)C)N1,CN[Si+](C)(N[SH]=[N+](C)C)N(C)C
CDK_Depict_27_4,CCC[C@H]([C@@H](CN[C@@H](C)C(=O)OC)N(CC=C)CC=C)O,C=CCN(CCC)C(CC)C(C)CCC.CCNC(C)C(C)=O
CDK_Depict_27_5,CCOC([SiH](C)C)SSC(OCC)[SiH](C)C,CCC.CCCC(CCC(C)[SiH](C)C)[SiH](C)C
CDK_Depict_27_6,C1=CC(=P)C1=P,CC1CCC1=O
CDK_Depict_27_7,CS(=O)(=O)S[Se]SS(=O)(=O)C,CS(=O)(=O)F.CS[Cs](C)(=O)=O
CDK_Depict_27_8,CN1C=CC(=C1)P(Br)Br,CN1ccc(-c([Rf])[Rf])c1
CDK_Depict_27_9,CCCCCCC#C[C@H]1CCCC1OCCCCCC(=O)O,CCCCCCCCC1CCCC1CCCCCCC(=O)O
CDK_Depict_27_10,CC(C)C1=NSC(=O)O1,CC(=O)S/N=C(\C)C(C)C
CDK_Depict_27_11,CCCCCP(=S)(S)S,CCCCC*(S)(S)S
CDK_Depict_27_12,CON[P+](=O)[S-],C=[PH](=O)[S-]
CDK_Depict_27_13,C1P2C3(P2)P1P3,C1CC2CC12
CDK_Depict_27_14,COC1=C2CCC[C@@H](C2=C(C=C1)Cl)N,COC1ccc(C)c2c1CCC[C@@H]2[AlH2]
CDK_Depict_27_15,COC1OCC(=C(CO1)Cl)Cl,*C1=C(*)COC(C)OC1
CDK_Depict_27_16,C[C@@H]1CCCC[C@@H]1C,C[C@@H]1CCCC[C@H]1C
CDK_Depict_27_18,CCC(C)N=C1C(CC1(Cl)Cl)(Cl)Cl,CCC(C)NC1CCCC(C)(C)CC1(C)C
CDK_Depict_27_19,N(P)P=[P+]([O-])P,**(C)C.CN[PH]
CDK_Depict_27_20,CC(=O)CC(CSC(=O)C)C(=S)Cl,CC(=O)CC(CSC(C)=o)C(C)=S
CDK_Depict_27_22,C=CC(=C)CSNC1=CN=CC=C1,C=CC(=C)CC.CNC1C=NCCC1
CDK_Depict_27_23,C[C@@]12[C@@H](CCCO1)CC(=O)O2,C[C@]12CCCC[C@@H]1CC(=O)O2
CDK_Depict_27_24,CN(C)P(=C=P(N(C)C)(N(C)C)F)(N(C)C)F,CN(C)P(F)(=C=P(F)(N(C)C)N(C)C)N(C)C
CDK_Depict_27_25,CC12CC[C@@H](C[C@@H]1CCC3C2CCC4(C3CC[C@@H]4O)C)F,CC12CCC3C(CC[C@]4(F)C[C@@H](F)CCC34C)C1CC[C@@H]2O
CDK_Depict_27_26,COC(=O)C(=S)C(=S)C(=O)OC,CCC(=O)C(=S)C(=S)C(=O)CC
CDK_Depict_27_27,C1=CC=NC(=C1)O[C@H]2[C@@H]([C@H]([C@H]([C@H](O2)CO)O)O)O,*C[C@H]1C[C@H](C)C([1O])[C@H](*)[C@H]1*.CC(C)CcccN
CDK_Depict_27_28,CC1=CCCC(=C)[C@H]2CC([C@@H]2CC1)(C)C,C=C1CCCC(C)CCC(C)(C)CC1
CDK_Depict_27_29,CC(C)(C)OC(=O)N[C@@H](C1=CC=CC=C1)C2(CCCCC2)O,CC.CC(=O)N[C@H](C1CCCCC1)C1(O)CCCCC1
CDK_Depict_27_30,C[C@@]12CC[C@H](C[C@H]1C(=C)CC[C@H]2Br)C(C)(C)O,CC1CCC(C)[C@@]2(C)CC(C(C)(C)C)CCC12C
CDK_Depict_27_31,B(OCC(C)(C)C)(Cl)Cl,C.C*(C)C.CC(C)(C)C
CDK_Depict_27_33,C[C@]12CC[C@H]3[C@H]([C@@H]1CCC2=O)CCC4=C3C=CC(=C4)O,CC1(C)CC[C@]2(C)C(=O)CC[C@@]2([H])[C@@H]1CCc1cc([f1O])ccc1C2(C)C
CDK_Depict_27_35,C(S(=O)(=O)/C=C\S(=O)(=O)CCl)Cl,CCS(=O)(=O)/C=C\S(=O)(=O)CC
CDK_Depict_27_37,C1[C@H]([C@@H]([C@H]([C@H](O1)O)O)O)O,CC1(O)C(O)CCC(O)C1O
CDK_Depict_27_38,CC(C)[C@@H](C(=O)N)NP(=S)(O)O,C*(C)(C)=S.CC(=O)[C@H](N)C(C)C
CDK_Depict_27_39,C1=C(N=C(S1=N)N)O,N=S1cc(O)nc1N
CDK_Depict_27_40,CC[SiH](C(N)[SiH](CC)NC)NC,CC[S+](NC)C(N)[S+](CC)NC
CDK_Depict_27_41,C1=NN2C=NN=C2N=N1,C=C(N=NC=N)NCC.N
CDK_Depict_27_44,C(F)(F)(F)P(Cl)(Cl)(Cl)Cl,C*(C)(C)(C)(C)[FH]
CDK_Depict_27_45,C(C(C(=O)O)N)SC(C(Cl)Br)(F)F,*C(CSC(C)(F)F)C(C)=C
CDK_Depict_27_46,C1=NN=C(P1)C(=O)N,CC(=O)c1nncP1
CDK_Depict_27_50,C[C@H]([C@H]([C@H](CCO)OC)O[C@H]1[C@@H]([C@H]([C@@H]([C@H](O1)CO)O)O)O)O,CC(C)C(C)[C@H](C)C(O)C(C)C.CCCC(C)C(C)C(C)C(C)C(C)C
CDK_Depict_27_51,C(=S)C(=S)N,C=C(C)C=O
CDK_Depict_27_52,C[C@@]12CC[C@H](C[C@H]1[C@]([C@H](CC2)O)(C)O)C(=C)C(=O)O,[H][C@]12CC(C(=C)C(C)=O)CC[C@@]1(C)CCC(C)C2(C)OOOOOOOOOOOOOO
CDK_Depict_27_53,C1CN[C@@H]2CC3=C(C4=CC=CC1=C24)C(=C(C=C3)O)O,[H][C@@]12Cc3ccc([11O])C([1O])c3c3cCCC4CC[NH2+]2
CDK_Depict_27_54,B([B-](B(F)F)(B(F)F)[P+](F)(F)F)(F)F,*.F[2H][2H]([2H](F)F)([2H](F)F)[2H](F)(F)F
CDK_Depict_27_55,C[C@@H]1[C@@H]([C@@H]2[C@H]1[C@H]3CCC(N3O2)(C)C)C,CC.CC(C(C)C(C)(C)C)C(C)C(C)(C)C(C)(C)C(C)(C)CCC(C)(C)C
CDK_Depict_27_56,C(=C(Cl)Cl)(C(=C(Cl)Cl)Cl)N=O,C.CC(C)C(C)C(N=O)C(C)C
CDK_Depict_27_57,CN(C)S(N(C)C)(N(C)C)F,**(*)(N(C)C)N(C)C
CDK_Depict_27_58,CO[As](C)(C)(S[As](C)C)S[As](C)C,CO[As](C)(C)(C)S[As](C)C
CDK_Depict_27_59,COC1[C@H]2[C@H]3CC(=O)O[C@H]3C[C@]2(CO1)OC,*[C@@]12CC(=O)C[C@@]1([H])[C@]1([H])OC[C@@]1(OC)C2.CC
CDK_Depict_27_61,CC(C)(CO)[C@H](C(=O)NCCC(=O)O)O,C=C(C)CCNC(=C)C(C)(O)C(C)(C)CC
CDK_Depict_27_62,CC(=C=CC(C)(C)/C=N/N(C)C(=S)SC)C,CSC(=O)N(C)/N=C/C(C)(C)C=CC(C)C
CDK_Depict_27_63,COC(C(=O)Cl)OC,CC.COC(C)C(C)=O
CDK_Depict_27_64,CC1([C@@H]2[C@H]1C3C4C2C34)C,CC.CC
CDK_Depict_27_65,CCOC(=O)N1[C@@H]2[C@H]1C3C4C2C34,CCO.CN1[C@@]2(F)C3C4C5C4[C@@]12F
CDK_Depict_27_66,C1=C(C(=NC(=O)N1[C@H]2[C@H]([C@@H]([C@H](O2)CO)O)O)N)F,*[C@H]1[C@H](*)[C@@H](CC)O[C@H]1N1C=C(F)C(C)=NC1=O
CDK_Depict_27_67,C1(=C(C1=O)Cl)Cl,*c1c(=O)cC1C
CDK_Depict_27_69,CCN(CC)C(=S)OOCC(=C)Cl,C=C(C)CC.CC.CCN(CC)C(C)=S
CDK_Depict_27_70,C(=O)OC(F)(F)Br,*C(*)(*)OC=C
CDK_Depict_27_72,CC1=CC[C@@H]2CCC(C(=O)[C@@]2(C1)C)(C)C,Cc1cCC2(C)CCC(C)(C)C(=O)C2C1
CDK_Depict_27_73,CS(=O)(=O)N(S(=O)(=O)C)S(=O)(=O)C,CS(=O)(=O)N(S(C)(=O)=O)S(=O)(=O)O
CDK_Depict_27_75,C1=CSSC(S1)C2SC=CSS2,*1*C(C2CC=C*S2)*C=C1
CDK_Depict_27_76,[2H]C1(CSCC(S1)([2H])[2H])[2H],CC(C)(C)CCCC(C)(C)C
CDK_Depict_27_77,CCN1C=CSCC1=N,CCN1ccSCC1=N
CDK_Depict_27_81,C[C@H]1CC[C@@H](C(=O)C1)/C(=C/O[C@H]2[C@@H]([C@H]([C@@H]([C@H](O2)CO)O)O)O)/C,C/C=C(\C)[C@H]1CCC(C)CC1O.C=C(CC)[C@H]1CCC(C)CC1O.CO
CDK_Depict_27_82,NI([N+](=O)[O-])(F)(Cl)Br,C[N+](=O)O.C[N+](=O)O.F
CDK_Depict_27_83,C(P(=O)(CCl)[C@@H](C(Cl)(Cl)Cl)O)Cl,CCP(=O)(CC)C(C)(C)C(C)(C)C
CDK_Depict_27_84,C1=CP(=PP=P1)=S,S=O1ccppp1
CDK_Depict_27_85,CCCCCCCCCCCCCCCCCC(=O)OCC([C@@H]1[C@H]([C@@H](CO1)O)O)O,*[C@@H]1COC(C)(C(O)COC(=O)CCCCCCCCCCCCCCCCC)[C@@H]1OOOOOOOOOOOOOO
CDK_Depict_27_86,C[C@H]1[C@H](CCC2=CC[C@H]3[C@@H]([C@]12C)C3(C)C)O,[H][C@]12C(C)(C)C1(C)CC=C1CC[C@H](C)[C@H](C)[C@]12C
CDK_Depict_27_88,[PbH]#[PbH],[HH].[HH].[HH]
CDK_Depict_27_89,CC(C)[C@@]1(CC[C@]([C@H]1/C=C/C(=O)C)(C)CC(OC)OC)O,CC(C)C.CC(=O)/C=C/C1[C@@H]2(C)CC[C@@H]1(C(C)C)CC
CDK_Depict_27_90,C1C[C@H]([C@@H](C1)O)CCO,*[C@@H]1CCCC1CCC
CDK_Depict_27_91,C1[C@@H]([C@H](C2=CC=CC=C21)O)NC(=O)C(F)(F)F,O=C(N[C@H]1CC2CCCCC2C1Cl)C(F)(F)F
CDK_Depict_27_92,C1=CC(=NN=C1NN)I,*Nc1ccc(C)n[Al]1
CDK_Depict_27_93,CCCN1C=CNC(=O)C1=O,CCCN1CCNC(=O)C1=O
CDK_Depict_27_94,COP(=S)(C(=S)SC)OC,CC.CC.CSC(=S)[2H](C)C(C)=S
CDK_Depict_27_95,CC(C)(C)N[As](F)(F)[Si](C)(C)C,C*(C)(C)[As](F)(F)NC(C)(C)C
CDK_Depict_27_96,CC1=NN(P(C1)Cl)C(=O)C,**(C)CC(C)*C
CDK_Depict_27_97,C1=CSS(=C1)Br,[S-]=S1C=C=CS1
CDK_Depict_27_98,Cl[AsH]Cl,C.S
CDK_Depict_27_99,C(OC1=C(OC(O1)(F)F)F)F,C=O.CC(OCF)C(F)CC(F)(F)F
CDK_Depict_27_100,C(=NN)S(=O)O,CCCCCCCCCCCCCCCCS(=O)O
CDK_Depict_27_102,CCCC/C(=N/OC(=S)N1C=CN=C1)/N,*[Al]C(CCCC)=NC.CC(C)=S
CDK_Depict_27_104,C[C@@]12[C@H]3CC[C@@H]([C@@]1(C(=O)OC2=O)C)O3,C.CC(=O)[C@@]1(C)C2(CCC(C)(C)[C@]1(C)C(C)=O)C2
CDK_Depict_27_105,C1=CP2P1C=C2,CC.CCC.CCCC
CDK_Depict_27_107,[2H]C1=NC(=NC(=N1)[2H])[2H],[2H]C(C)CC(C)C
CDK_Depict_27_108,C1CN(I=N1)I,C/*=N\CCNC
CDK_Depict_27_110,CS/C(=N/C1=CN=CN1)/NC#N,N#C[NH14]C(S)=[NH14]c1CC[Al]1
CDK_Depict_27_111,CN1[C@H](CCC1=O)C2=CN=CC=C2,CN1C(=O)CC[C@H]1C1CCCNc1
CDK_Depict_27_112,CNP(=O)(C(F)(F)F)C(F)(F)F,CC.CC(C)(C)C(C)(C)C
CDK_Depict_27_114,C1=CC(=C(C(Cl)Cl)O)C=C1,CCCCCCCCC(=C1CCC[C+](C)C1)C(C)C
CDK_Depict_27_115,NP(=O)(O)SP(=O)(N)O,CC(C)(N)=O.CC(N)=O
CDK_Depict_27_116,CP(=S)(C)C(P(=S)(C)C)P(=S)(C)C,C=C=C=C=C=C(C)(C)C(C)C.CC.CC(C)(C)C
CDK_Depict_27_117,CCCCCCCCCCCCCCCC(=O)OCC([C@@H]1[C@H]([C@@H](CO1)O)O)O,CCCCCCCCCCCCCCCC(=O)CCC(O)C1CCC(O)[C@@H]1O
CDK_Depict_27_118,C[C@H]1CCCC(CCCCCC2=C(C(=CC(=C2)O)O)C(=O)O1)O,CC1CCCCCC2CC(O)CC(C)C2C(=O)OC(C)(C)CCC1
CDK_Depict_27_119,B1BBBBC2(BC(B2)(BBB1)S)S,BC([15C])([16C])[16CH2]C([15CH2])([16CH2])[27CH2][27H][17B][27H][27H]C
CDK_Depict_27_120,N(N(N(NBr)F)I)Cl,CNN(C)N(F)NS
CDK_Depict_27_121,CC1=C(C(=NS(=O)(=O)N1)C)Br,CC(=N)C(C)=C(C)N.O=S(=O)(=O)=O
CDK_Depict_27_122,CCCCC[C@@H](C=CC1[C@@H](CC(=O)[C@@H]1CCCCCCC(=O)O)O)O,CCCCCC(C)C=CC1[C@H](O)CC(=O)[C@H]1CCCCCCC(C)=O
CDK_Depict_27_123,CCC[C@@]1(CCC2C1(CCC3C2CCC4=CC(=O)CCC34)C)O,C=C1CCC2C(CCC3C2CCC2(C)C3CC(C)C2(C)CCC)C1
CDK_Depict_27_124,C[C@H]1[C@@H](O1)C,C.CC.CC.CC.CC.CC.CC.CC.CC.CC.CC.CC.CC.CC.CC.CC.CC.CC.CC.CC.CC.CC.CC.CC.CC.CC.CC.CC.CC.CC.CC.CC.CC.CC.CC.CC.CC.CC.CC.CC.CC.CC.CC.CC.CC.CCC
CDK_Depict_27_125,B(C1=CC=NN1)(O)O,CCCCCCCCCCCCCCCCCCCCCCCCCCCCCCCCCC
CDK_Depict_27_127,CC(=O)N[C@@H]1[C@H]([C@H]([C@H](OC1O)CO)O)O,*C1C[C@H](CO)[C@H](O)[C@@H](O)C1NC(C)=O
CDK_Depict_27_128,C[C@H]1C[C@@H]([C@@]2(O1)CCCCO2)S(=O)(=O)C3=CC=C(C=C3)C,C=C(c1ccc(C)cc1)[C@H]1CCCC12CCCCC2
CDK_Depict_27_129,C1=CC=C(C=C1)[Sb](N)Cl,**(C)C.CC1CC=CCC1
CDK_Depict_27_130,C1=CC=C2C(=C1)C=CC=C2OCCC3=CN=CN3,C1=NCC(CCOC2CCCC3CCCCC32)N1
CDK_Depict_27_131,[Ge](Br)(I)(I)I,CC.CCC
CDK_Depict_27_133,CC1=C[C@@H]2[C@](CC1)([C@]3([C@@H](C[C@H]([C@@]34CO4)O2)OC(=O)C)C)C,CC(C)=O.CC1CC[C@@]2(C)C(C)(C1)OC1(C)CCC2(C)C1(C)C
CDK_Depict_27_134,COC(=O)OC1=CC=CO1,CCC(=O)Cc1cccC1
CDK_Depict_27_135,C1=COC(=C1)S(=O)(=O)CC#N,N#CCS(=O)(=O)c1cccO1
CDK_Depict_27_136,CN[C@H]1[C@@H]([C@H]([C@@H]([C@H](O1)CO)O)O)O,CCC(C)[C@H](O)C(C)[C@H](C)C(C)NC
CDK_Depict_27_137,C(CN(CCC#N)CC#N)CO,C#C[NH](CCC#N)CCCO
CDK_Depict_27_141,C1=CC(=CC=C1[C@@H](C(=O)O)N)O,CC(=O)[C@H](N)C1CCC(C)CC1
CDK_Depict_27_142,C[C@@H]1C[C@@H]2[C@H](C[C@@H]3[C@H]1C=CC3=O)C(=C)C(=O)O2,CC1CC2(CC(C)C3(C)CCC(=O)[C@@]3([H])CC2([H])C1C
CDK_Depict_27_143,C[C@H]1[C@H]([C@H]([C@H](N1)CO)O)O,C[C@H]1[AlH][C@H](CO)[C@H](O)[C@@H]1O
CDK_Depict_27_144,C1=CC=C2C(=C1)OC(=N)C(=N)O2,Cc1cCCCc1CC(=N)C(=[NH2+])O
CDK_Depict_27_145,CC1=C(C=CO1)SSCC2=CC=CO2,CCc1cccn1.Cc1c(C)ccO1
CDK_Depict_27_146,C[C@@]12CC[C@@H]3[C@@](C1)(CC=C2)[C@H](CC3(C)C)OC,CC.CC1C=CCC[C@H]2C(C)(C)CC(C)(C)[C@@]2(C)CC1
CDK_Depict_27_150,CCN(CC)CC#CC(OCC)OCC,CCOC(C#CCN(CC)CC)OCC
CDK_Depict_27_151,C(CSC(=C(F)F)F)O,CCCC.[3H]C([3H])C([3H])C
CDK_Depict_27_152,CC(C)(C)C=[Re](#CC(C)(C)C)(Cl)Cl,CC(C)(C)C[Re](C)(C)CC(C)(C)C
CDK_Depict_27_153,C[C@]12CC[C@H]3[C@H]([C@@H]1CC[C@@H]2O)CCC4=C3C=CC(=C4)O,CC[C@H]1CC[C@@H]2[C@@]1(C)CC[C@@]1(C)C3CCC(Cl)=CC3CC[C@]21C
CDK_Depict_27_154,C(C(N(F)F)O)(N(F)F)O,*C(C(*)N(C)F)N(*)C
CDK_Depict_27_157,O=[Si]1O[Sb](O1)O[Si](=O)O[Sb]2O[Si](=O)O2,O=[Si]1O[Sb](OS(=O)O[Sb]2O[S+](=O)O2)O1
CDK_Depict_27_158,CN(C)P(=NC1=CC=CC=C1)(N(C)C)Br,CN(C)[PH]([Sc-])(=Nc1ccccc1)N(C)C
CDK_Depict_27_161,P12P345P16(P23(S4)S6)S5,C[c]123S[c]4s[c]1(S)[s]42
CDK_Depict_27_162,C[C@](CC1=CC(=C(C=C1)O)O)(C(=O)O)NN,*.*.*NC(CC1=CC(C)=C(O)Cc1)(C(=O)O)C(=O)O
CDK_Depict_27_163,CCOC(=O)SC1=C(SCCS1)S,CC(C)=O.CC1=C(S)SCCS1.CCC
CDK_Depict_27_164,CN(C)C1=NC=NC2=C1N=CN2[C@H]3[C@@H]([C@@H]([C@H](O3)CO)N)O,CC.CC1OC(N2CNC(N3CNC(N(C)C)C4C)C3C)[C@H](C)[C@@H]1[Al11]
CDK_Depict_27_165,CCOC(=O)[C@@H](CCC1=CC=CC=C1)N[C@@H](C)C(=O)OC(C)C,CCCC(=O)[C@H](CCc1ccccc1)NC(C)C(=O)OC(C)C
CDK_Depict_27_166,C=C=[Ni]Cl,C=C=N[CH2+]
CDK_Depict_27_167,C/C=C/PP/C=C/C,CCCC.CCCN
CDK_Depict_27_168,C(C[C@@H](C(=O)O)N)CN=C(N)N,*C(=*CCC[C@H](*)C(=O)O)[Al]=[Al][Al]=[Al][Al]=[Al][Al]=[Al][Al]=[Al][Al]
CDK_Depict_27_169,C1=CC2=NSN=C2C3=NSN=C31,CSNc1ccc2nSNc2c1
CDK_Depict_27_170,C[C@@H]1[C@@H]2CC[C@](O1)(C=C2C)C(C)C,CC.CC.CC1(C(C)C)CC[C@@](C)(C(C)C1)C(C)O2
CDK_Depict_27_171,[2H]C([2H])(C(F)(F)F)O[2H],CC.CC(C)(C)C(C)(C)C
CDK_Depict_27_172,CCCCN1CCC[C@@H](C1)OC(=O)NC2=C(C=CC=C2Cl)C,CCCCN1CCCC(CC(=O)NC2C(C)CCCC2C)C1
CDK_Depict_27_173,C1CCC(CC1)(CC2=N[S@](=O)ON2)CN,*CC1(CC2=NS(=C)CN2)CCCCC1
CDK_Depict_27_175,CC1=CC[C@@H](CC1)[C@](C)(CCC=C(C)C)N=C=O,C=C*C(C)(CCC=C(C)C)C(C)(CCC(C)=CC)C(C)(CC)CCC=C(C)C
CDK_Depict_27_176,C1C2=CC=CC=C2[C@@H]([C@@H](C3=CC=CC=C31)O)CCN,*CCC1C(C)C2CCCCC2CC2CCCCC21
CDK_Depict_27_177,C1O[C@@H]([C@@H]2[C@H](O1)[C@H](OCO2)CN)CN,*C[C@H](CCCC(C)(C)C(C)(C)C)C(C)(C)C(C)(C)C(C)C.CCC
CDK_Depict_27_179,C[C@@H]1CC[C@@H]([C@@H](C1)O)C(C)C,CC(C)C1CC[C@H](C)C[C@H]1C
CDK_Depict_27_180,C([C@@H]1[C@@H]([C@@H]([C@H]([C@@H](O1)O[C@@H]2[C@H](O[C@@]([C@H]2O)(CO)O)CO)O)O)O)O,CC.CC.CC[C@H]1OC(C)(C)[C@@H](Cl)[C@@H]1O[C@@H]1O[C@H](C[1CH2])[C@H](C)[C@H](C)C1C
CDK_Depict_27_181,CCOC1=CC(=C(C=C1O)OCC)O[C@H]2CCCC[C@H]2O,CCC.CCCC1C=C(C)C(C)CC1O[C@H]1CCCC[C@H]1C
CDK_Depict_27_182,C=C(C(=O)O)OS(O)(O)O,[CH]C.[CH]C(=C)C(C)C
CDK_Depict_27_183,CC[C@@H]1[C@@H](C[C@H](S[C@H]1C2=CC=CC=C2)C3=CC=CC=C3)N,CC[C@@H](C(N)CC(C)C1=CCCCc1)C(C)C1=CC=CC=C1
CDK_Depict_27_184,CC/C=C/1\C(=C/C)\SS1,CC=c1**C1CCC
CDK_Depict_27_185,CCOC1=NC=COC(=C1)C,CC1=CC(C)CCCC1
CDK_Depict_27_186,C1(=[Si]=P1)Cl,[C-]C1=S=p1
CDK_Depict_27_187,CCSP(=NC1=CC=CC=C1)(CCC#N)SCC,CCS*(CC#N)(=Nc1ccccc1)SCC
CDK_Depict_27_188,CN(C)SCl,C.CC.CCC
CDK_Depict_27_189,CCCCCP1OS1,CCCCCC.S
CDK_Depict_27_190,[2H]P=[Te]([3H])P(B=S)F,*/[2c]=[3c](\[H])*(*)[2c]=C
CDK_Depict_27_191,CC1(C[C@H]2C=C([C@@]3(CC3([C@H]2C1)C(=O)OC)C=O)C=O)C,CCC(=O)C12C[C@@]1(C=O)C(C=O)CC1(F)CC(C)(C)C[C@]12F
CDK_Depict_27_192,COCOC/C(=C(\Br)/I)/C(F)(F)F,*C(C)=C(COCOC)C(F)(F)F
CDK_Depict_27_193,CC(=O)CC[C@H]1C(=C)CC[C@@H]2[C@@]1(CCC[C@]2(C)C(=O)O)C,C=C1CC[C@H]2(C)[C@@](C)(CCC[C@H]2(C)C(=C)O)[C@H]1CCC(C)=O
CDK_Depict_27_194,CCOS(=[Si])(CC)(OCC)OCC,CCO[Si](C)(=[SH])(CC)OCC
CDK_Depict_27_196,C1C[C@H]2C[C@@H]1[C@H]([C@H]2C=O)CC3SCCS3,*[C@H]1[C@H](CC)[C@@]2([H])CCC1(C)C2.CC(C)SCCS
CDK_Depict_27_197,COC(=O)[C@@H]1CN2CCCC[C@@]2([C@H]1C3=CC=CC=C3)C(=O)OC,COC(=O)C1CN2CCCC[C@]2(C(=O)OC)[C@H]1c1ccccc1
CDK_Depict_27_198,C(C[C@@H](C(=O)O)N)CN=C(N)N[C@@H](CC(=O)O)C(=O)O,*C(=O)[C@@H](*)CCCN=C(*)N[C@H](CC(C)C)C(=O)O
CDK_Depict_27_200,C1=CSC2=C(S1)SC=CS2,CCCSC(C)C(C)C.S/C=C\S
CDK_Depict_28_2,C(SSCS(=O)(=O)O)S(=O)(=O)O,CS(=O)(=O)CSSCS(=O)(=O)O
CDK_Depict_28_4,C1CC(=O)O[C@H]1[C@@H](C2=CC=CC=C2)O,C#CC1([C@H](O)c2ccccc2)CCC(=O)O1
CDK_Depict_28_6,C1=CC=C(C=C1)COP(=O)(OCC2=CC=CC=C2)Cl,CP(=O)(O)OCc1ccccc1
CDK_Depict_28_7,C1(=O)O[Se]O1,O=CO[SeH]
CDK_Depict_28_8,C1CC[C@@H]([C@H](C1)Cl)[Te](I)(I)I,[3H][Te]([3H])([3H])[C@@H](C)[C@@H](C)CCC
CDK_Depict_28_9,C[C@]12CC[C@H](C[C@@H]1CC[C@@H]3[C@@H]2CC[C@]4([C@H]3CC[C@@H]4O)C)O,C[C@]12CC[C@@]3([H])[C@@]4(C)CC[C@@H](O)C[C@]4(C)CC[C@@]3(C)[C@@]1([H])CC[C@@]2(O)CC2
CDK_Depict_28_10,CC1=C(SC(=S)NN1)C,CC1=C(C)SC(=S)NN1
CDK_Depict_28_11,N1=NN1N2N(N2N3N=N3)N4N=N4,*1=NN1N1N(N2*=[nH]2)N1n1n[nH]1
CDK_Depict_28_12,B(N1C=CC=C1)(N2C=CC=C2)N3C=CC=C3,c1cN(P(N2cccc2)[n+]2cccc2)CC1
CDK_Depict_28_13,CCCCC[C@@H]1[C@@H](OC(O1)(C)C)[C@H]2COC(O2)(C)C,CCCCC[C@H]1OC(C)(C)O[C@@]1(C)[C@]1(C)COC(C)(C)O1
CDK_Depict_28_15,B1(N(CCC(=O)O1)C)C,CB1OC(=O)CCN1C
CDK_Depict_28_16,C[C@@H](/C=C/[C@@H]1[C@@](CC[C@]1(C(C)C)O)(C)CC(=O)OC)O,COC(=O)CC1(C)CCC(C(C)C)(C(C)C)[C@@H]1C=C[C@@H](C)O
CDK_Depict_28_17,COC(=O)P(=S)(OC)Cl,COC(=O)P(O)(=S)Cl
CDK_Depict_28_18,CCOC(=O)C1(C[C@@H]2[C@H](C1)O2)NC(=O)OC(C)(C)C,COC(=O)N(C(=O)O)C1(CCO[C@@]([W])(C1)CC2)CCO1
CDK_Depict_28_19,C1=CC=C(C=C1)C#C[C@@H](C(C(C(F)(F)F)(F)F)(F)F)O,[H]C([H])([H])C([H])([H])C([H])([H])[C@H](O)C#Cc1ccccc1
CDK_Depict_28_20,C12=C(SC(=N1)Cl)SC(=N2)Cl,Clc1nc2nc(Cl)sc2s1
CDK_Depict_28_21,CC1=C2C[C@@H](CC[C@]2([C@@H](CC1)O)C)C(=C)C(=O)O,C=C(C(=O)O)[C@H]1CCC2(C)CC(C)[C@@H](C1)C(=C)CC[C@@H]2O
CDK_Depict_28_22,C1=CC(=C(C=C1C[C@H](C(=O)O)O)Cl)O,Cc1cc(C[C@@H](O)C(=O)O)c(O)c1O
CDK_Depict_28_23,C(=C(F)F)(OC(=C(F)F)Br)Br,[H]C([H+])=C(Br)OC(CCC)=C([H])F
CDK_Depict_28_24,COC(=O)OC1CCN1,COC(=O)OC1CCN1
CDK_Depict_28_26,C\1=C/SS/C=C\SS/C=C\SS/C=C/SS1,C1=CSSCCSCSS/C=C\SS1
CDK_Depict_28_27,CN1C(=O)C(=NS1)Cl,C[n+]1[s-][n-]c(Cl)c1=O
CDK_Depict_28_28,COC1=CC=C(C=C1)N=C2CCC(CC2)F,COC1ccC(CN=C2CCCCC2)CC1
CDK_Depict_28_29,C1CC(C1)OP(=O)(N)N,NP(N)(=O)Oc1ccc1
CDK_Depict_28_31,CC(C)O[Tl](N=O)OC(C)C,CC(C)OC*=O
CDK_Depict_28_32,C(C(CF)(CF)N=C=O)F,*CC(CF)(CF)N=C=O
CDK_Depict_28_33,CC1CP(C(O1)C(C)(C)C)Cl,CC1CP(Cl)C(C)O1
CDK_Depict_28_34,C1C(=CC=CO1)S(=O)(=O)N,NS(=O)(=O)c1cccoC1
CDK_Depict_28_35,C(C(O)(F)Br)(O)F,*C([3H])C(F)[No]
CDK_Depict_28_36,CCCCCCCCCCCC(=O)OCC([C@@H]1[C@H]([C@@H](CO1)O)O)O,CCCCCCCCCCCC(=O)OCC(O)[C@H]1OC[C@H]([O-]C)[C@H]1O
CDK_Depict_28_37,[2H]C1(CC1)C#C,*C1(C#C)CC1
CDK_Depict_28_38,CCOC(=O)C(P(=O)(OC)OC)(Br)Br,COC(=O)C(Br)(Br)P(=O)([O-])OC
CDK_Depict_28_39,CN1CC[C@@]23CCCC[C@@H]2[C@H]1CC4=C3C=C(C=C4)OC,COC1=CC2[C@@]34CCCC[C@@]3(C)C(CC3CCC(OC)=C2)[C@@]4(C)CC(CN)C3
CDK_Depict_28_40,CP(C)/C=C/P(C)C,CP/C=C/P(C)C
CDK_Depict_28_41,CNP(=NC)(C)C,CN=[PH](C)NC
CDK_Depict_28_42,B(OC(=C(C)C)Br)(OC(=C(C)C)Br)OC(=C(C)C)Br,*C(*)O[2H](OC)OC(*)C
CDK_Depict_28_43,C1(=C(C(=NN=C1F)F)SC(F)(F)F)SC(F)(F)F,Fc1nnc(F)c(SC(F)(F)F)C1SC(F)(F)F
CDK_Depict_28_44,C[C@@H]1C[C@H]2CCCC[C@H]2C(=O)O1,[H][C@@]12CCCC[C@]1(C)C(=O)O[C@@H](I)C2
CDK_Depict_28_45,B1(OCCCS1)C(C)C,CC[SH]1OCCCS1
CDK_Depict_28_46,CS(=C(Cl)Cl)(=O)C,CS(C)(=O)=C(Cl)Cl
CDK_Depict_28_47,C#COS(=O)(=O)OOS(=O)(=O)OC#C,C#COS(=o)(=o)OOS(=o)(=O)oC
CDK_Depict_28_48,B([C@H](C)NC(=O)C)(O)O,CC(=O)N[C@@H](C)S(=O)(=O)=O
CDK_Depict_28_50,C1C(N=NS1)S,SC1CS*=N1
CDK_Depict_28_51,O=S=S(=O)=O,O=S=S(=O)=O
CDK_Depict_28_53,C1=C(C(=O)C(=CO1)Br)Br,CC1=COC=C(C)C1=O
CDK_Depict_28_56,C([C@H](C([C@H](CO)O)O)O)O,*C([C@@H]([O-])CO)[C@@H](O)CO
CDK_Depict_28_57,CC(=C1C(=O)C(=C(C)C)C1=O)C,CC(C)=C(C(=O)C(C)C)C(=O)C(C)C(=O)C(C)C(=O)C(C)C
CDK_Depict_28_58,C[C@@H]1CC[C@@]2(C[C@H]1CO2)C(C)C,C[C@]12CC[C@@H]3(CC1)[C@@](C)(CCO2)C2
CDK_Depict_28_59,CC(C)ON=C1SSC(=NOC(C)C)SS1,COCC1SSC(=NOC)SS1
CDK_Depict_28_60,C1(C(C(=C(C(=C1F)F)F)F)F)F,CC1C(F)C(F)C([K])C(F)C1(F)F
CDK_Depict_28_61,C1C[C@H]2CCCS[C@H]2C1,C[C@@]12CCCS[C@@]1(C)CCC2
CDK_Depict_28_63,B1(CNC(=O)NC1=O)C,C[SH]1C[V]C(=O)[V]C1=O
CDK_Depict_28_64,CC1=CN(ON1)C(=O)CBr,CC1=CN(C(=O)C[19I])O[nH]1
CDK_Depict_28_65,B1(OB(OB(O1)Cl)Cl)Cl,C.CB1OBoB(C)O1
CDK_Depict_28_67,CCCCS(CCCl)(CC=C)OS(=O)(=O)C,C=CCS(C)(CCCC)OS(C)(=O)=O
CDK_Depict_28_68,N(S(=O)(=O)Br)Cl,O=S(=O)([Br-])NCl
CDK_Depict_28_69,[Ge]=[Hf+2],[10H]=[Se+2]
CDK_Depict_28_70,CCCCCCCCCCCC[C@H]([C@H]1C=C(C(=O)O1)Br)O,*C1C(=O)O[C@H]([C@@H](O)CCCCCCCCCCCC)C1[H]
CDK_Depict_28_71,C[C@@H]1CC[C@H]([C@@H](C1)OC(=O)[C@]2([C@@H](O2)C)C)C(C)C,CC(C)C1CCC2CCC1OC(=O)[C@]1(C)CO[C@@H]1C
CDK_Depict_28_73,B(C1=COC=C1)(OC(C)C)OC(C)C,CO[2H](OC(C)C)c1cOcc1
CDK_Depict_28_74,COC(=O)O/N=C(/C#N)\C(=O)O,N#CC(=NOC=O)C(=O)O
CDK_Depict_28_75,C[C@H]1C[C@H]2CCCC[C@H]2C(=O)O1,C[C@H]1CCCCCC[C@](C)(C=O)C(=O)O1
CDK_Depict_28_76,C(P(=S)(CCl)N=C=S)Cl,[Li]CP(=S)(CCl)N=C=S
CDK_Depict_28_77,CC1CCC2[C@@H]1[C@H]3[C@H](C3(C)C)CCC2=C,CC1[C@@]2(C)C3C(=C)CCC[C@@]4([H])C(C)(C)CC2C
CDK_Depict_28_78,C(C(F)(F)I(F)(F)(F)F)(F)(F)F,FC(F)(F)C(F)(F)[I+](F)(F)F
CDK_Depict_28_79,CC(=O)O[C@H]1C[C@H]([C@@H]2CC/C=C\CC[C@@H]([C@H]1O2)O)I,[H]C12O[C@@](C)(CCC=CCC[C@@H]1O)[C@H](I)C[C@@H]2OC(C)=O
CDK_Depict_28_80,COP1P2[Se]P(P([Se]1)[Se]2)OC,CO[PH]1[Se][PH]2[se][PH]1[se][PH]2O
CDK_Depict_28_81,C(=O)(C1(OO1)F)O,O=C(O)C1(F)OO1
CDK_Depict_28_82,C1CCC(CC1)P(C2CCCCC2)I,C1CCCCC1.CC1CCCCC1
CDK_Depict_28_83,C([C@H]([C@H]([C@@H](C(=O)CO)O)O)O)O,O.O=C(CO)[C@@H](O)[C@H](O)C(O)O
CDK_Depict_28_84,C1=CSC(=C1)CNN2C(=NN=N2)N,C/C(N)=N\N=N\NCNCCc1sC=CC1
CDK_Depict_28_85,CC(C)(C(Cl)(Cl)Cl)OP(C1=COCCO1)Cl,CC(C)(Cl)Cl.Cl[PH](Cl)C1=COCCO1
CDK_Depict_28_87,C/C=C(\C)/C(C)(C)C(C)/C=C(\C)/CC=C,C=CC/C(C)=C/C(C)C(C)(C)/C(C)=C/C
CDK_Depict_28_88,C1=NN(N=N1)C(=O)N2N=CN=N2,CCNC(=O)N1N=cn=N1
CDK_Depict_28_90,C1CC(=C(C1)N=C=S)CCl,*CC1=C(N=C=S)CCC1
CDK_Depict_28_93,CN=C1N(C(=S)N(C(=S)N1C)C)C,CN=C1N(C)C(=S)N(C)C(=S)N1C
CDK_Depict_28_94,C1(=NN=NO1)S(=O)(=O)C(Br)(Br)Br,C/C=N\[V][V]O.O=[SH](=O)[W]
CDK_Depict_28_95,S1SSSSSS1,S1SSSSS1
CDK_Depict_28_96,CC/C(=C\1/C[C@H]2[C@H](O2)C[C@@H]([C@@H](O1)C/C=C\C#C)Cl)/Br,[H][C@@]12C[C@@H](Cl)[C@@H](C/C=C\C#C)OC(=C([Br-])CC)C[C@H]1O2
CDK_Depict_28_97,CN1C(=O)NS(=O)(=O)NC1=S,O=C1[N-]C(=S)NS(=O)(=O)N1
CDK_Depict_28_98,CC(N=C=O)OSOC(C)N=C=O,CC(N=C=O)OSSC(C)N=C=O
CDK_Depict_28_99,OOOS(=O)OS(=O)OOO,O=S(OoO)OS(=O)OOO
CDK_Depict_28_100,C1[C@@H]2C=C[C@H]1[C@@]3([C@]2(C(=NC3(Cl)Cl)Cl)Cl)Cl,ClC1=NC(Cl)(Cl)[C@]2(Cl)[C@@H]3C=C[C@@H](C3)[C@]12Cl
CDK_Depict_28_101,C1(=O)SOS1,O=c1SOS1
CDK_Depict_28_102,B1(N(N=NN1C)C)Cl,C[n-]1[n-][n-][n-]s1Cl
CDK_Depict_28_103,CC(=O)OI(C1=CSC=C1)OC(=O)C,CC(=O)C[IH](OC(C)=O)c1ccsc1
CDK_Depict_28_104,N(F)(S(=O)(=O)F)S(=O)(=O)F,O=S(=O)(F)N(F)S(=O)(=O)[K]
CDK_Depict_28_105,C(N(C(Cl)Cl)C(Cl)Cl)(Cl)Cl,CC(Cl)N(C(Cl)Cl)C(Cl)Cl
CDK_Depict_28_106,CCSC(C[C@@H]1[C@@H]2CC[C@@H](C2)[C@H]1/C=C/CCCC(=O)OC)SCC,[H][C@]12CC[C@](C)(C1)[C@@H](CC(SCC)SCC)[C@H]2/C=C/CCCC(=O)SC
CDK_Depict_28_107,C[C@@H]1C[C@@H]2[C@H]([C@@H]([C@]3([C@H]1CCC3=O)C)O)C(=C)C(=O)O2,C[C@H]1[C@@]2(C)CCC(=O)[C@]2(CC2)[C@H](O)[C@]2([H])C(C(O[C@]2([H])C1)=O)=C
CDK_Depict_28_108,CC(C)/C=N/[S@@](=O)C(C)(C)C,CCC[S@](=O)CC
CDK_Depict_28_109,C(C(F)(F)F)N=S(=O)(C(F)F)OF,O=[SH](*CC(F)(F)F)(OF)C(F)F
CDK_Depict_28_111,C[C@H]1CCCC[C@H]1O,CC1CCCC1.CO
CDK_Depict_28_112,CSC(=C(C#N)N)SC,CSC(SC)=C(N)C#N
CDK_Depict_28_114,C[C@H]1[C@@H]([C@@](C1=O)(C)OC)C,CC(C)=O
CDK_Depict_28_115,CC[C@@H]1[C@H](C[C@H]2[C@H](O2)C[C@@H](O1)[C@H]([C@@H](/C=C\C#C)Cl)O)Br,C#C/C=C\[C@@H](C)[C@H](O)C(C)(O)CC1(C)O[C@@H]1C[C@@H](O)C(C)C
CDK_Depict_28_116,C=COP1NP=NPN1Cl,ClN1PNp[nH]P1
CDK_Depict_28_117,C1=C(C=NN1S(=O)(=O)C(F)(F)F)I,O=S(=O)(N1CCcn1)C(F)(F)F
CDK_Depict_28_118,O=S(=O)=S(=O)=S(=O)=S(=O)=O,O=s(=O)s(o)s(o)s(o)o
CDK_Depict_28_119,C[C@H]1C[C@H]2CCCC[C@@H]2C(=O)O1,[H][C@@]12CCCCC1(C)C(=O)O[C@@H](C)C2
CDK_Depict_28_120,C(C(O)Cl)C(F)(Cl)Cl,CCC(C)O
CDK_Depict_28_121,C([C@@H]1[C@H]([C@@H]([C@H]([C@H](O1)O[C@@H]2[C@@H]([C@H]([C@@H]([C@H](O2)CO)O)O)O)O)O)O)O,OC[C@H]1O[C@H](O[C@H]2O[C@H](CO)[C@@H](O)C(O)(O)[C@H]2O)[C@H](O)C(O)(O)[C@@H]1O
CDK_Depict_28_122,CN(C)C=C(C(=O)Br)C(=O)Br,CN(C)CCCO.[2HH]
CDK_Depict_28_123,C[C@]12CC[C@H]3[C@H]([C@@H]1CC[C@]2(C)O)CC[C@@H]4[C@@]3(CC5=C(C4)NN=C5)C,C[C@]12[C@@]3(C)CC[C@]4([H])CC5=C(C=N)C[C@]4(C)[C@@H]3CC[C@]1(CN)[C@@](C)(O)CCC2
CDK_Depict_28_124,C(CCl)SSC(=C(Cl)Cl)Cl,ClCCSSC(Cl)Cl
CDK_Depict_28_125,CC=[S-](=CC)C(=S)C(=O)S,CC=[SH](=CC)C(=S)C(=O)S
CDK_Depict_28_126,B1=NN=CC2=CC=CC=C21,[2H]1=nncc2ccccc21
CDK_Depict_28_128,[Mg]=[Hg],O[Mo+]
CDK_Depict_28_129,C1[C@@H]([C@H](O[C@H]1N2C=C(C(=O)NC2=O)F)CO)O,C1[C@@H]2O[C@@H](N3C(=O)NC(=O)C(F)=C3)C[C@@H]2O
CDK_Depict_28_130,C1CC2C(CCC(C1C3=NC=CN3)S2)C4=NC=CN4,C1=CNc(C2CCC3CCCC2S3)N1.CN
CDK_Depict_28_131,CC/C(=C/1\[C@H]2[C@@H]([C@H]3C[C@H]([C@@H]2O3)O1)[C@@H](/C=C/C#C)Cl)/Br,[H][C@]12CC[C@]3(O)CO[C@]1(C)[C@@](C)(/C(=C\CC)O2)[C@]3(C)[C@H](C)/C=C/C#C
CDK_Depict_28_132,CN(C)P(N(C)C)SP(N(C)C)N(C)C,CN(C)*(SP(N(C)C)N(C)C)N(C)C
CDK_Depict_28_135,CC1=CC[C@@H](CC1=O)C(=C)C,C=C(C)[C@H]1Ccc(C)c(=O)C1
CDK_Depict_28_136,[2H]C(=S)N[2H],*NC([2H])=S
CDK_Depict_28_137,CC(=O)/C(=N/O)/S(=O)C,CC(=O)/C(=N\O)S(C)=O
CDK_Depict_28_138,CN(C)C1=CC(=S)SS1,CN(C)C1=CC(=S)SS1
CDK_Depict_28_139,CC(CNC(=O)SC)CNC(=O)SN,*SC(=O)NCC(C)CNC(=O)SC
CDK_Depict_28_140,C1C[C@@H](O[C@@H]1CO)N2C=CC(=NC2=O)N,C1[C@@H](C#NC(=O)Nc([H2V])ccCC(=O)NCCCC([H2V])=NC(=O)CCCCCCCC1)O[C@H](CO)C1
CDK_Depict_28_141,CC[C@@H](C)NC[C@H](C1=CC2=C(CCCC2)C=C1)O,CC1=CCc2c(c1)CCCC2.CCC1(C)CC1
CDK_Depict_28_142,C(P(Br)Br)P(Br)Br,*P.C[2H](Br)Br
CDK_Depict_28_143,CN(C)C(=CC(=S)SC)N(C)C,CSCC=C(N(C)C)N(C)C
CDK_Depict_28_144,CC(C)[C@H]1CC[C@@]2([C@@H]3[C@H]1[C@H](C2=C)[C@@H]([C@@H]3O)O)C,CCCCCCCCCCCCCCCCCCCCCCCCCCCCCCCCCCCCCCCCCCCCCCCCCCCCCCCCCCCCCCCCCCCCCCCCCCCCCCCCCCCCCCCCCCCCCCCCCCCCCCCCCCCCCCCCCCCCCCCCCCCCCCCC)CCCCCCCCCCCCCCCCCCCCCCCCCCCCCCCCCCCCCCCCCCCCCCCCCCCCCCCCCCCCCCCCCCCCCCCCCCC
CDK_Depict_28_145,S1[Bi]2S[Bi]3S[Bi]1S[Bi](S2)S3,C[Si]1(S)S[Si]2S[(p)][5][(p)](S)S2
CDK_Depict_28_146,C(C(=S)S)OCC(=S)S,S=C(S)COCC(S)S
CDK_Depict_28_148,C=C1CC2CC1OO2,C=c1cooc1
CDK_Depict_28_150,CC(C)(C)OC(=O)N[C@@H](C1=CC=CC=C1)C2(CCCC2)O,CCCC.CCCCC1(C)CCCC1
CDK_Depict_28_152,C[C@]12CC[C@H]3[C@H]([C@@H]1CC[C@@H]2O)CCC4=CC(=O)CC[C@H]34,C=C1C=C2CC[C@@H]3C(C)(CC[C@@]4(C)C(C)(C)CC[C@@]34C)[C@@]2(C)CC1
CDK_Depict_28_153,[SiH3][Si]1=[Si]([Si+]1[SiH3])[SiH3],[SiH3][SiH]1[SiH]([SiH3])=[SiH]1[SiH3]
CDK_Depict_28_154,CCP(=O)(CC)C1SCSCS1,CC[SH](=O)(CC)c1SCSCS1
CDK_Depict_28_155,B1(SB(SB(S1)Br)Br)Br,*b1*b(*)SbS1
CDK_Depict_28_156,C1=NC(=NC(=O)N1[C@H]2[C@@H]([C@@H]([C@H](O2)CO)O)O)N,C1[C@H](N2C(=O)N=C(N)[n]c2)[C@H](O)[C@@H](O)[C@H](CO)O[C@@H]1C2
CDK_Depict_28_157,CSP(=N)(N)F,[16H]=P(F)([W])SC
CDK_Depict_28_158,C1=CC(=CC(=C1)O)N2C=NN=C2,CCCCCCCCCCCCCCCCCCCCCCCCCCCCCCCCCCCCCCCCCCCCCCCCCCCCCCCCCCCCCCCCCCCCCCCCCCCCCCCCCCCCCCCCCCCCCCCCCCCCCCCCCCCCCCC)CCCCCCCCCCCCCCCCCCCCCCCCCCCCCCCCCCCCCCCCCCCCCCCCCCCCCCCC
CDK_Depict_28_159,C(Cl)[Sn]#CCl,ClC#[Sn]CCl
CDK_Depict_28_160,C/C=C/[C@H]([C@H]1C=C(C(=O)O1)Cl)O,CCC[C@@H](O)[C@@]1(C)C=C(Cl)C(=O)O1
CDK_Depict_28_161,C1(N(N1F)F)(N(F)F)F,FCN(F)NF.NF
CDK_Depict_28_165,C1[C@H]([C@@H]1C(=O)Cl)C2=CC=CC=C2,O=C(Cl)[C@H]1C[C@H]1c1ccccc1
CDK_Depict_28_166,CN(C)C1=PC(P1C(F)(F)F)(F)F,CN(C)c1PC(F)(F)P1F
CDK_Depict_28_169,CC(C)[C@@H]1C[C@H]2COC(=O)[C@]2(C=C1)C,CCCC.CCCOC(=O)C(C)C
CDK_Depict_28_170,C1=CC(=S=O)C=CC1=S=O,O=S=C1ccc(=S=O)cc1
CDK_Depict_28_171,CN=[P+](OI)I,[3H]/[P+](=N\C)OI
CDK_Depict_28_172,CC1([C@@H]2CC[C@]1(C2)CO)C,CC12CCC[C@]1(CO)C2
CDK_Depict_28_173,C1CSC(C(S1)Br)Br,[S-]C1SCCSC1Br
CDK_Depict_28_174,C1=CN=C(C2=C1N(C=N2)[C@H]3[C@@H]([C@@H]([C@H](O3)CO)O)O)N,C[C@@H]1O[C@@H](CO)[C@@H](O)[C@H]1O
CDK_Depict_28_175,CC1(CS[C@@H]2[C@H]1CCC2)C,CC.CCCCCC
CDK_Depict_28_176,CC1(O[C@H]2[C@@H](C[C@@H]([C@H]2O1)COC(=O)C(C)(C)C)CO)C,CC(=O)COC1C[C@@H]2C[C@@H]3C[C@@H](CO)[C@@H](N)[C@@H](OC(C)(C)C)[C@H](C3)C1
CDK_Depict_28_177,CCOC(=O)C1=NO[C@@H](C1)[C@H]2COC3(O2)CCCCC3,[H][C@@]1([C@@]2(C)CC(C(=O)OC)CO2)COC2(CCCCC2)O1
CDK_Depict_28_178,CC1[C@@H]2CC[C@]3(C=CC(=O)C(=C3[C@H]2OC1=O)C)C,CC1C(=O)C=C[C@@]2(C)C=1[C@@H]1OC(=O)C[C@@H](C)CC2
CDK_Depict_28_179,C1CSC#CSCSC#CSC1,C1#CSCSC#CSCCCS1
CDK_Depict_28_180,CCN[C@H]1CCCC2=C(C=CC(=C12)Cl)OC,CCN[C@H]1CCCC2=C(OC)C=CC(Cl)=C21
CDK_Depict_28_181,CC(C)[C@@]1(CC[C@]([C@H]1/C=C/C(=O)C)(C)CC=O)O,CC(=O)/C=C\[C@H]1[C@@](I)(CC=O)CC[C@@]1(O)C(C)C
CDK_Depict_28_182,COC(=O)[C@@H]1[C@H](CN2[C@@]1(CCC2)C(=O)OC)C3=CC=CC=C3,COC(=O)[C@@H]1N(C[C@@H](C2ccccc2)[C@H]1C(=O)OC)CCC2
CDK_Depict_28_183,COC(=O)[C@@H]1C[C@](CN1CC2=CC=CC=C2)(C(=O)OC)N,COC(=O)[C@H]1C[C@](N)(C(=O)OC)CN1Cc1ccccc1
CDK_Depict_28_184,CC1=CC(=O)O[C@]2(C1)CC3CCC2CN3C,Cc1cc(=O)O[C@@](C1)(CC1CCC1)OC(=O)C1
CDK_Depict_28_185,CC(C)P(=C(Cl)Cl)(N(C)C)Cl,CC(C)P(Cl)(=C(Cl)Cl)N(C)C
CDK_Depict_28_186,CC=[Sn]=CC,CC=C=[Co]=CC
CDK_Depict_28_189,C[Sn](C)(C)N(N([Sn](C)(C)C)[Sn](C)(C)C)[Sn](C)(C)C,C*(C)(C)C.C*(C)C.C*(C)C
CDK_Depict_28_190,CC(=O)I(C#N)[Si](C)(C)C,CC#N.C[Si](C)(C)C
CDK_Depict_28_191,[B-](C1=NN=CN=[N+]1C)C2=NN=CN=[N+]2C,C[n+]1ncn[nH]C1[2H]c1nncn[n+]1C
CDK_Depict_28_192,C1=[As]C=P[P-]1,*1=C[p-]Pc1
CDK_Depict_28_193,C1[Si](C[Si]1(Br)Br)Br,[18F][Si]1C[Si](Br)(Br)C1
CDK_Depict_28_194,[N-]=[N+]=NS(=O)(=O)S(=O)(=O)N=[N+]=[N-],[N-]=[N+]=NS(=O)(=O)S(=O)(=O)N=[N+]=[N-]
CDK_Depict_28_195,CCC[Si]=[S-](=[Si]CCC)C,CCC[Si]=[Si](C)=[Si]CCC
CDK_Depict_28_196,C(=[Si](F)F)(F)F,FC(F)=[Si](F)F
CDK_Depict_28_197,C(=C(OF)OF)(OF)OF,[3H]OC(=COF)O[3H]
CDK_Depict_28_198,Br[Re](#[Re](Br)Br)Br,*[7Ce](*)#[Ne]p
CDK_Depict_28_199,CO[Si](CS)(CS)OC,*C[Si](CS)(OC)OC
CDK_Depict_28_200,C1=NSPOP1,C1[nH]OPS[nH]1
CDK_Depict_29_1,C(=O)(N)O[Se](OC(=O)N)(OC(=O)N)OC(=O)N,NC(=O)O[Se](OC(N)=O)(OC(N)=O)OC(N)=O
CDK_Depict_29_2,[C-]#[N+][Si][N+]#[C-],[C-]#[N+][Si]=[N+]#[C-]
CDK_Depict_29_3,F[Xe](F)(F)(F)(F)F,F[Xe-2](F)(F)F
CDK_Depict_29_5,C[Sn](C)Cl,C[S-](=O)(=O)(=O)(=O)=O
CDK_Depict_29_6,C(#C[As](C#CC(F)(F)F)C#CC(F)(F)F)C(F)(F)F,CC#CC(F)(F)F.CC#CC(F)(F)F.F.F.F.FC(F)F
CDK_Depict_29_7,Br[U](Br)(Br)(Br)Br,Br[Cu](Br)(Br)(Br)Br
CDK_Depict_29_8,C[Sn]1(OCCNCCO1)Cl,C1CO[S+]2(C)OCCN1CC1
CDK_Depict_29_9,C=P(=C=C=C=P)F,F[PH]=C=C=C=[14P]
CDK_Depict_29_10,[B-](=NC#CC)(C#CC)C#CC,CC#C[SH](CC)N=CC
CDK_Depict_29_11,CCN(CC)[As](N(CC)CC)Cl,*[As](N(C)CC)N(CC)CC
CDK_Depict_29_13,CN1C(=C)N(C1=C)N,*N1CN(C)C1
CDK_Depict_29_14,CP(=[Pd]=P(C)(C)C)(C)C,C[PH](C)=[Pd]=P(C)(C)C
CDK_Depict_29_15,FS(Cl)(Br)I,Cl[SH-](Br)I
CDK_Depict_29_16,B1=CC=BN=N1,C1=nnnsc1
CDK_Depict_29_17,N1=[SiH]N=[S+]N=[SiH]N=[S+]1,C1N#[S+]#[N+][SiH2][N-]=[S+]=N[SiH2]1
CDK_Depict_29_18,C[Sb](C=C)(C=C)(C=C)I,C=CC.C=CC
CDK_Depict_29_19,F[Si](Cl)(Br)Br,CC#C[Si-](F)(F)Br
CDK_Depict_29_20,C1C=C(N=CC1=CBr)Cl,Clc1cCC(=CBr)cc1
CDK_Depict_29_21,COCO[Sb](OCOC)(OCOC)(OCOC)OCOC,COCO[Sb](OCOC)(OCOC)(OCOC)OCOC
CDK_Depict_29_22,CNSN(C)SNC,C[NH2+]SN(C)S[NH2+]C
CDK_Depict_29_23,CC[I+](CC)(CC)(CC)(Br)Br,CC.CC.CC[IH+](C)C
CDK_Depict_29_24,C1(N(N1F)F)(F)F,FN1N(F)C1(F)F
CDK_Depict_29_25,O=[U](=O)O[U](=O)(=O)O[U](=O)=O,O=[U](=O)O[U](=O)(=O)O[U](=O)=O
CDK_Depict_29_26,C1=C[Se][Se](=O)C=C1,O=[Se]1cccc[Se]1
CDK_Depict_29_27,CNSC1=NC=CN=C1Cl,C#Cc1nCC=Nc1S[NH2+]C
CDK_Depict_29_28,[2H]P(B([3H])[3H])[Se](=PP)[2H],[2H]P=[Se]([2H])P([2H])B([3H])[3H]
CDK_Depict_29_29,C(=[N+]=[N-])S(=O)(=O)C=S(=O)=O,[N-]=[N+]=CS(=O)(=O)C=S(=O)=O
CDK_Depict_29_30,[3H]C=NN=B[I-]P,[12P][IH]P=NCN=C[133P]
CDK_Depict_29_31,C(=N[Si](N=C=O)(N=C=O)O[Si](N=C=O)(N=C=O)N=C=O)=O,O=C=N[Si](N=C=O)(N=C=O)O[Si+](N=C=O)(N=C=O)N=C=O
CDK_Depict_29_32,C(=C(Br)Br)SP(=O)(Br)Br,O=P(Br)(Br)SC=C(Br)Br
CDK_Depict_29_33,CC1(C=CC=C1)[Bi](C2(C=CC=C2)C)C3(C=CC=C3)C,CC1(C)CCCC1.CCC1(CC2CCCC2)CCCCC1
CDK_Depict_29_34,CC[Sn](CC)(CC)S[Sn](CC)(CC)CC,CC[Sn](CC)(CC)S[Sn](CC)(CC)CC
CDK_Depict_29_35,C(F)[Si](CF)(CF)S(=O)(=O)O,O=S(=O)(O)[Si](CF)(CF)CF
CDK_Depict_29_36,[Mn](=[Te])=[Te],[Te]=[Mo]=[Te]
CDK_Depict_29_37,O=Br(=O)O[Sn](OBr(=O)=O)(OBr(=O)=O)OBr(=O)=O,O=[N+](=O)O[S+](O[N+](=O)=O)(O[N+](=O)=O)O[N+](=O)=O
CDK_Depict_29_38,C1=C[Te]C(=[Se])[Se]1,[se]c1ccc[se]1
CDK_Depict_29_39,B1(N(B(N(B(N1Cl)F)Cl)F)Cl)F,FB1NB(F)N(C[U])B(F)N1C[U]
CDK_Depict_29_40,[B]1[B]C([B]C1C(C)(C)C)C(C)(C)C,CC1bC(C(C)(C)C)bb1
CDK_Depict_29_41,C(=NN=C(F)Br)(F)F,*/C(C)=N/N=C(/F)[Sc]
CDK_Depict_29_42,O=Br(=O)OBr(=O)=O,O=[P-](=O)O[P-](=O)=O
CDK_Depict_29_43,C(=O)=[Si]1C(=O)N1,O=C=[Si]1[NH2+]C1=O
CDK_Depict_29_44,CNP1(=S)N(P(=S)(N1C)NC)C,CNP1(=S)N(C)P(=S)([NH2+]C)N1C
CDK_Depict_29_45,CSP1SP(S1)SS,CSP1SP(S[IH])S1
CDK_Depict_29_46,C[Si]([Si])[Te](C)(C)(C)(C)C,C[SiH]([SiH3])[Te](C)(C)(C)C
CDK_Depict_29_47,B(C(=O)C)(C(=O)C)OB(C(=O)C)C(=O)C,CC(=O)B(OCC(C(C)=O)C(C)=O)C(C)=O
CDK_Depict_29_48,[As](=[Se])(=[Se])[Se][As](=[Se])=[Se],[Se]=[As](=[Se])[Se][As](=[Se])=[Se]
CDK_Depict_29_50,CN1N=CC=S1N,Ns1ccnn1
CDK_Depict_29_51,COC=[N+]=COC,COC=[N+]=C[O-]
CDK_Depict_29_52,O([Se](F)(F)(F)(F)F)[Se](F)(F)(F)(F)F,F[Se](F)(F)(F)(F)O[Se](F)(F)(F)(F)F
CDK_Depict_29_53,Cl[Nb](=[Nb](Cl)(Cl)Cl)(Cl)Cl,Cl[No](Cl)(Cl)(Cl)Cl
CDK_Depict_29_54,B(=O)C1=C([C+]1B=O)B=O,O=*C1[C+]([SH]=o)C1B=O
CDK_Depict_29_55,N1[As]2N[As]3N[As]1N[As](N2)N3,CCCC1N[A5]2N[A5]3N[A5](N2)N1
CDK_Depict_29_56,CP1(=S)SSSSSSS1,C[PH]1(=S)SSSSSSS1
CDK_Depict_29_58,II(I)(I)(I)I(I)(I)(I)I,CC.CC.CC
CDK_Depict_29_59,B1(N(B(N(N1C)C)Br)C)Br,CBr.CN1NbNB1Br
CDK_Depict_29_60,C(=C(Cl)Cl)(N=P(Cl)(Cl)Cl)[P+](Cl)(Cl)Cl,*[PH](C)(C)N=C(C(C)C)[P+](C)(C)C
CDK_Depict_29_62,C(OC(C(OC(F)(F)F)(F)F)(F)F)F,*CC(*)(OCF)C(*)(*)OC
CDK_Depict_29_63,CN(C)CC1=NON=C1C#N,N#Cc1nONc1CN
CDK_Depict_29_64,[2H][Mo](=O)([2H])[2H],[2H][No]([2H])([2H])=O
CDK_Depict_29_65,C[Si](C)(C)SP(S[Si](C)(C)C)S[Si](C)(C)C,C[Si](C)(C)SP(S[Si](C)(C)C)S[Se](C)(C)C
CDK_Depict_29_66,C1NCN=C(N1)[P+](O)(O)O,[14H][P+]([14H])([14H])c1[nH2]C[NH2+]C[1H]1
CDK_Depict_29_67,[B-]=1=C=[B-]=[C]B=[C+]B=[C+]B=C1,b1[c+]bcb[c+]s[c+]s=[C+]1
CDK_Depict_29_68,[2H]B(P([3H])C)I(C)O,*B([2H])p(*)C.CC
CDK_Depict_29_69,[B]I(I)[I-][B]I([I-]I)[I-]I([B])I,***(***(*)p)**(*)p
CDK_Depict_29_70,C(#N)N(F)Cl,N#CN(F)[Cu]
CDK_Depict_29_71,CCP(=[Se])(CC)[Se]P(=[Se])(CC)CC,CC[PH](=S)(CC)[Se][PH](=S)(CC)CC
CDK_Depict_29_72,C(=O)OC1=NN=NO1,O=COc1nnno1
CDK_Depict_29_73,CS(C)(C)OCl(=O)(=O)=O,C[Si](C)(C)OCl(=O)(=O)=O
CDK_Depict_29_75,C(=C(F)F)(OBr)F,FC(F)=C(F)OBr
CDK_Depict_29_76,C=C[Pb](C=C)(Cl)Cl,C=C[Pb](C)(C)C=C
CDK_Depict_29_77,[B](C)[I-]C([B]I)C,CSC(C)CS
CDK_Depict_29_78,[B]B(C)S(=O)(=O)[B]C,bbS(=O)(=O)bC
CDK_Depict_29_79,C(F)(F)(F)[Si]OP(O[Si]C(F)(F)F)O[Si]C(F)(F)F,FC(F)(F)[SiH2]OP(O[SiH2]C(F)(F)F)O[SiH2]C(F)(F)F
CDK_Depict_29_80,CN=[Os](=O)(=O)=O,CN=[Os](=O)(=O)(=O)=O
CDK_Depict_29_81,CNC(=O)CN1SS1,CNC(=O)CN1CSS1
CDK_Depict_29_82,CS[As](=S)(C)O,*[As](C)(=S)SC
CDK_Depict_29_83,C=C1[Te]C=C[Te]1,C=C1ccc[Te]1
CDK_Depict_29_84,C(C([Si](Cl)(Cl)Cl)[Si](Cl)(Cl)Cl)[Si](Cl)(Cl)Cl,C[Si](C)(C)CC([Si](C)(Cl)Cl)[Si](Cl)(Cl)Cl
CDK_Depict_29_85,CO[Si](C=C)(C=C)[Si](C=C)(C=C)OC,C=CC.C=C[Si](C)(C=C)[SiH](O)(C=C)C=C
CDK_Depict_29_86,CCC[Bi](CCC)O[Bi](CCC)CCC,CCC*(CCC)O*(CCC)CCC
CDK_Depict_29_87,C(=O)=POP=C=O,O=C=POP=C=O
CDK_Depict_29_88,C1=NI=NI=C1,*1ncccn1
CDK_Depict_29_89,C1=CO[Te]2=C1C=CO2,c1cc2cco[Te-]2(Cl1)Cl2
CDK_Depict_29_90,CN(C)C(=S)S[Sn](C)(C)SC(=S)N(C)C,CN(C)C(=S)S*(C)(C)SC(=S)N(C)C
CDK_Depict_29_91,C(=[In])[In]F,*[1n]C=C
CDK_Depict_29_93,C(=S)(SSC(Cl)(Cl)Cl)SSC(Cl)(Cl)Cl,S=C(SSC(Cl)(Cl)Cl)SSC(Cl)(Cl)Cl
CDK_Depict_29_94,CCCC[Pb](OCCC)(OCCC)OCCC,CCCCC.CCCOC.CCCOC
CDK_Depict_29_95,B1=CN(C=C1)C(C)CC,CC(C)n1ccsc1
CDK_Depict_29_96,B(P)(SSC)I,*B(*)SSC
CDK_Depict_29_97,[2H]B([3H])I(=N[2H])(N([2H])I)I,**([2H])I(C)(=N[2H])N(*)[2H].CC
CDK_Depict_29_98,CC#[N+][Xe]F,CC#N[Xe]F
CDK_Depict_29_99,C(F)(F)(F)[Se](=O)(=O)O[Se](=O)(=O)C(F)(F)F,O=[Se](O[Se](=O)(=O)C(F)(F)F)(C(F)(F)F)C(F)(F)F
CDK_Depict_29_100,[N+](=[N+]([O-])O[N+](=[N+](O)[S-])[O-])(O)[S-],*[N+]([S-])=[N+]([O-])O/[N+]([O-])=[N+](\O)[S-]
CDK_Depict_29_101,B1=[Ti]=B1,[SH]1=[Ti]=[SH]1
CDK_Depict_29_102,C(=O)(ON1NNNNN1)ON2NNNNN2,O=C(ON1NNNNN1)ON1NNNNN1
CDK_Depict_29_103,C1(=S)ON(O1)C(=N)N,N=C(N(I)I)N1oC(=S)O1
CDK_Depict_29_104,C1=N[Se](N=PN1)Cl,Cl[Se]1n=P[NH4+]cn1
CDK_Depict_29_105,C[Si](C)(C)OC1=CO[Si](=O)O1,C[Si](C)(C)OC1=CO[Si](=O)O1
CDK_Depict_29_106,C1C[Si]#[Si][SiH]=N1,C1C[Sc]=[Sc][SH]=N1
CDK_Depict_29_107,CC(C)(C)OOCCCC(C)(C)OC1CCCCC1,CC(C)(C)OCOCCCC(C)(C)OCC1CCCCC1
CDK_Depict_29_108,[B-]1(=[Se+][B-](=[Se+][B-](=[Se+]1)F)F)F,Fb1=[Se]b(F)(F)=[Se+]b(F)=[Se]1
CDK_Depict_29_109,CP(C)[SiH2]N[SiH2]P(C)C,CP(C)[SiH2]N[SiH2]P(C)C
CDK_Depict_29_110,B12ON=C(N(O1)O2)N,NC1=NOB2ON1O2
CDK_Depict_29_111,C[Sn](C)(C#CCl)C#CCl,CC#C[Sc](C)(C)C#CCl
CDK_Depict_29_112,CN1N=CC(=N1)[Si](C)(C)C,Cn1ncc([Si](C)(C)C)n1
CDK_Depict_29_113,N(Cl)(Br)I(O)F,*I([Cd])N(Br)[Cd]
CDK_Depict_29_114,N(=N/OO/N=N/OOOO)\OO,OON=NOO/N=N/OOOO
CDK_Depict_29_115,OOOPOOOPOPOOPOOO,OOOPOOOPOPOOPOOO
CDK_Depict_29_116,CN1NN1P(=O)(N2NN2C)N3NN3C,CN1[nH]N1P(=O)(N1NN1C)N1NN1C
CDK_Depict_29_117,C[Sb](C)O[Sb](C)C,C[Sb](C)O[Sb](C)C
CDK_Depict_29_119,C(=[P+](O)[O-])N(C=[P+](O)[O-])C=[P+](O)[O-],C[PH](=O)=CN(C=[PH](O)O)C=[PH](O)O
CDK_Depict_29_120,C1=CN(N(C1=O)N)N,*[NH2+]N1C(=O)C=CN1[WH2]
CDK_Depict_29_121,C=[N+]([O-])O[Al](O[N+](=C)[O-])O[N+](=C)[O-],C=N(O)O[Al](O[N+](=C)O)O[N+](=C)O
CDK_Depict_29_122,B(N[Si](N)(N)N)(N[Si](N)(N)N)N[Si](N)(N)N,*[Si](N)(N)[1H][2H](N[Si](N)(N)N)N[Si](N)(N)NC
CDK_Depict_29_123,N1PN=PNP1Cl,ClP1*[Pt]N=P[1444c]1
CDK_Depict_29_125,B1=CN=BC=NB=CN=BC=NB=CN=BC=N1,b1csscnscnscnsC=Nncn1
CDK_Depict_29_126,[3H]P(F)P(F)P([B])C,CF(C)[PH](F)[PH](C)C
CDK_Depict_29_127,C1=NO[Se]2=C1C=NO2,c1c2[se](ON=1)ON=C2
CDK_Depict_29_128,C(NS(=O)(=S)NF)(Cl)Cl,*C(C)NS(=O)(=S)NF
CDK_Depict_29_129,C[Sb](C)(C)(F)Br,C[Sb](C)(C)(F)Br
CDK_Depict_29_130,C1(=C(C1=S)S)C(F)(F)F,FC(F)(F)c1C(=S)C1S
CDK_Depict_29_131,C1=CC=C(C=C1)[Bi]Br,*Brc1ccccc1
CDK_Depict_29_132,B(B(F)Cl)(F)Cl,CB(F)[SH](F)Cl
CDK_Depict_29_133,C(S(=O)(=O)Cl)(S(=O)(=O)Cl)Br,O=S(=O)(Cl)C(Br)S(=O)(=O)Cl
CDK_Depict_29_134,[SiH2]=[SiH2],[Si]=[Si+2]
CDK_Depict_29_135,C(F)(F)(P(O)O)Br,OP(O)C(F)Br
CDK_Depict_29_136,O=S(S(=O)Cl)Cl,*S(=O)S(=O)Cl
CDK_Depict_29_137,CCOSC1=NC(=NC(=N1)SOCC)SOCC,CCOSC1=Nc(SOCC)nc(SOCC)n1
CDK_Depict_29_138,C1CCC(CC1)[As](Br)Br,BrC[As](CBr)C1CCCCC1
CDK_Depict_29_139,C(=NCl)(C(F)(F)Cl)N(Cl)Cl,FC(F)(Cl)C(NCl)N(Cl)Cl
CDK_Depict_29_140,Cl[Re](#[Re](Cl)Cl)Cl,C.Cl[Re](Cl)[Re](Cl)Cl
CDK_Depict_29_141,CC=[Rh]=CC,CC=*=CC
CDK_Depict_29_142,[2H]B(C#CC)P(C#C)C#CC,[2H]B(C#C)P(C#C)C#CC
CDK_Depict_29_143,[As]1([As]([As]([As]([As]([As]1I)I)I)I)I)I,C.C.C.CC.CC.CC.CC.CC.CC.CC.CC.CC.CC.CC.CC.CC.CC.CC.CC.CC.CC.CC.CC.CC.CC.CC.CC.CC.CC.CC.CC.CC.CC.CC.CC.CC.CC.CC.CC.CC.CC.CC.CC.CC.CC.CC.CC.CC.CC.CC.CC.CC.CC.CC.CC.CC.CC.CC.CC.CC.CC.CC.CC.CC.CC.CC.CC.CC.CC.CC
CDK_Depict_29_144,CN(C#CSOOC#CBr)C#CSOOC#CBr,CN(C#CSoOC#Br)C#CSOOC#CBr
CDK_Depict_29_145,C1=PSC=P1,c1pcsp1
CDK_Depict_29_146,B(C)(C=NC)C=[N+](C)C,CN=CB(C)C=[N+](C)C
CDK_Depict_29_147,COO[Si](OOC)(OOC)OOC,COO[Si](C)(OC)OOO
CDK_Depict_29_148,B#[B-]B=BB=BB=BB=B[B-]=[B],p=p/p=p/p=p(p)/p=p/p=p/[p-]=p
CDK_Depict_29_149,C/C=C/[Si]1OO[Si]O1,Ccc[SiH]1OO[SiH2]O1
CDK_Depict_29_151,C1(=NSN=[S+]1)SBr,BrSc1c[s+]sn1
CDK_Depict_29_152,B(OCl)(OBr)I,C[SH](OCl)oBr
CDK_Depict_29_153,CN=C1N(N=NS1)C,CN=C1SnnN1C
CDK_Depict_29_154,N1(SSSS1)S,*N1SSSS1
CDK_Depict_29_155,C(=N[As](N=C=O)N=C=O)=O,O=C=N[As](n=C=O)n=C=O
CDK_Depict_29_156,C1=C(C1=S)C2=CC2=S,Sc1cc1-c1cc1S
CDK_Depict_29_157,S1[As]2S[As]1[As]3S[As]2S3,CCCCC1s[As]2s[As]1s2
CDK_Depict_29_158,C(=NP(F)F)=NP(F)F,FP(F)N=C=NP(F)F
CDK_Depict_29_159,[2H]I([3H])P=S(Cl)Cl,[2H]I([34H])P=S(Cl)Cl
CDK_Depict_29_160,C1=CN=P[N+](=C1)[O-],O[n+]1cccnP1
CDK_Depict_29_161,O=I(=O)O[In](OI(=O)=O)OI(=O)=O,O=*(=O)O*(O*(=O)=O)O*(=O)=O
CDK_Depict_29_162,CI=I(=I(=I(=C)C)C)C,*=*(C)=*(C)=*C
CDK_Depict_29_163,C(#N)[Hg]C(F)Br,***C#N
CDK_Depict_29_164,[C-]#[N+]S(=C=NN=[N+]=[N-])C#N,[C-]#[N+]S(=c=NN=[N+]=[N-])C#N
CDK_Depict_29_165,CC[Hg]S[Si]O,C[100H](=O)S[SiH2]O
CDK_Depict_29_166,CC(C)[Se](C(C)C)(N=[N+]=[N-])N=[N+]=[N-],CC(C)[Se](N=[N+]=[N-])(N=[N+]=[N-])C(C)C
CDK_Depict_29_167,CN=S(#P)[P+]#P,CN=[SH](=P)[p+]=P
CDK_Depict_29_168,CON=[N+](C([N+](=NOC)[O-])(Cl)Cl)[O-],CON=[N+]([O-])C(Cl)([Cd])/N([O-])=N/OC
CDK_Depict_29_169,C1=S(C(=O)NO1)(I)(I)I,O=C1NOC=[SH]1(I)I
CDK_Depict_29_170,N(=S=O)[Te](N=S=O)(Cl)Cl,O=S=N[Ta](Cl)(Cl)N=S=O
CDK_Depict_29_171,[Nb](I)(I)(I)(I)I,*[Nb](C)(C)I
CDK_Depict_29_172,[3H]P([B][B]P([3H])F)F,[3H]P([3H])BBP([3H])[3H]
CDK_Depict_29_173,[B][B]CSC[B][B],SPCSCSS
CDK_Depict_29_174,C[Te](C)(O[N+](=O)O)O[Te](C)(C)O[N+](=O)O,C[Te](C)(O[N+](=O)[O-])O[Te](C)(C)O[N+](=O)O
CDK_Depict_29_175,CCOOC(=O)N=NC(=O)OOCC,CCOOC(=O)N=NC(=O)OOCC
CDK_Depict_29_176,C1(=O)P=PC(=O)P=P1,O=C(*P)*P=CO
CDK_Depict_29_177,N(=P(Cl)(Cl)Cl)P(=N[P+](N=P(Cl)(Cl)Cl)(Cl)Cl)(Cl)Cl,CP(C)(C)=NP(Cl)(Cl)=N[P+](C)(Cl)n[PH](Cl)(Cl)Cl
CDK_Depict_29_178,C(#N)N1OC(=O)OSS1,N#Cc1oc(=O)OSS1
CDK_Depict_29_179,C[In](C)O[Re](=O)(=O)=O,CCCCCCCCCCCCCC
CDK_Depict_29_180,Br[Nd](Br)Br,Br[Nd](Br)Br
CDK_Depict_29_182,C(=O)=S(=[V]I)=[U]=S,O=c=S(=[S-]=[S-])=[V]I
CDK_Depict_29_183,CN(C)[Se](=O)(=O)N(C)C,CN[Se-](=O)(=O)NC
CDK_Depict_29_185,B1(SB(S1)N(CC)CC)N(CC)CC,CCN(CC)B1SP(N(CC)CC)S1
CDK_Depict_29_186,CC1S[Te]2(S1)SC(S2)C,CC1S[Ta]2(SCS2)S1
CDK_Depict_29_187,O([Si](F)(F)Cl)[Si](F)(F)Cl,F[Si](F)(Cl)O[Si](F)(F)[Cd]
CDK_Depict_29_189,C1=CC(=CC=C1Cl)[Te](C2=CC=C(C=C2)Cl)(Cl)Cl,Cc1ccc([Te](Cl)(Cl)c2ccc(Cl)cc2)cc1
CDK_Depict_29_190,[B-][B][PH+]([B])B([B])[B],*B[PH+](*)B(*)*
CDK_Depict_29_191,Cl[Sn](Br)(Br)Br,*[Sn](Cl)(Br)Br
CDK_Depict_29_192,C[Al](NCl)NCl,C[Al](NCl)NCl
CDK_Depict_29_193,C12=C(O1)C(=O)OC2=O,O=C1OC(=O)c2oc21
CDK_Depict_29_194,CS(N=C=O)(N=C=O)N=C=O,CS(N=C=O)(N=C=O)N=C=O
CDK_Depict_29_197,C[Si](C)(CO)O[Si](C)(C)CBr,CC[Si](C)(C)O[Si](C)(C)CO
CDK_Depict_29_198,C=[N+]1CCC[I-]C1,C#[N+]1CCC[NH+]C1
CDK_Depict_29_199,CC(C(Cl)Cl)POBr,O=C(OPCC(Cl)Cl)c1ccccc1
CDK_Depict_29_200,C12=C(O1)O2,O1c2OC12
CDK_Depict_29_201,CN(C)[Bi](N(C)C)Br,CN(C)[Br-](N)Br
CDK_Depict_29_202,C(F)(F)(F)[Se]P([Se]C(F)(F)F)[Se]C(F)(F)F,FC(F)(F)[Se]P([Se]C(F)(F)F)[Se]C(F)(F)F
CDK_Depict_29_203,C1=CC=C(C=C1)[Al]C2=CC=CC=C2[Al]C3=CC=CC=C3,CC1ccccc1.Cc1ccccc1C
CDK_Depict_29_205,C(P(=S)(Br)Br)P(=S)(Br)Br,S=P(Br)(Br)C[PH](=S)(Br)Br
CDK_Depict_29_206,C(CS(=O)(=O)F)C(CS(=O)(=O)F)S(=O)(=O)F,O=S(=O)([IH])CCC(CS(=O)(=O)[IH])S(=O)(=O)[IH]
CDK_Depict_29_207,C=P1=P2=PC12I,C=[PH]1[2H][2H]1
CDK_Depict_29_208,C(N(C(F)(F)F)C(F)(F)Br)(F)(F)F,C(F)(F)(F)(F)(F)(F)(F)(F)(F)(F)(F)(F)(F)(F)(F)(F)(F)(F)(F)(F)(F)(F)(F)(F)(F)(F)(F)(F)(F)(F)(F)(F)(F)(F)(F)(F)(F)(F)(F)(F)(F)(F)(F)(F)(F)(F)(F)(F)(F)(F)(F)(F)(F)(F)(F)(F)(F)(F)(F)(F)(F)(F)(F)(F)(F)(F)(F)(F)(F)(F)(F)(F)(F)(F)(F)(F)(F)(F)(F)(F)(F)(F)(F)(F)(F)(F)(F)(F)(F)(F)(F)(F)(F)(F)(F)([
CDK_Depict_29_209,C(C(=CCl)Cl)OC(C=CCl)O,CC=CC(O)OCC(Cl)=CCl
CDK_Depict_29_210,C1([Te]C([Te]1)(C(F)(F)F)Cl)(C(F)(F)F)Cl,CC.CC
CDK_Depict_29_211,C(O[P+](=O)O[P+](=O)[O-])(Cl)(Cl)Cl,O=[P+](O)O[P+](=O)OC(Cl)(Cl)Cl
CDK_Depict_29_212,Cl[Pa](Cl)(Cl)(Cl)Cl,Cl[Po](Cl)(Cl)Cl
CDK_Depict_29_213,C[Si](SC)(SC)SC,CS[Si](C)(SC)SC
CDK_Depict_29_214,C[Se][Te]C,C[Te][SeH]
CDK_Depict_29_215,CN(C)S1(CS(C1)(N(C)C)Cl)Cl,CN(C)S1(Cl)CS(Cl)(N(C)C)C1
CDK_Depict_29_217,[B-](OP(=O)(F)F)(OP(=O)(F)F)(OP(=O)(F)F)OP(=O)(F)F,*P(=O)(F)O[PH](OP(=O)(F)F)(OP(=O)(F)F)OP(=O)(F)F
CDK_Depict_29_219,C1CCC(=C2OOC(=C3CCCCC3)OO2)CC1,C1CCC(=C2OOC(=C3CCCCC3)OO2)CC1
CDK_Depict_29_220,C1=C2N=C(O1)[Se]2,c1cncO1
CDK_Depict_29_222,CCON1[Si]N([Si]1)OCC,CCON1[Sr]N(OC)[Sr]1
CDK_Depict_29_223,C(=O)(N)N(S(=O)[O-])S(=O)[O-],O=C([O-])N(S(=O)[O-])S(=O)[O-]
CDK_Depict_29_225,[3H][I-](C(F)(F)F)(C(F)(F)F)C(F)(F)F,CC(F)(F)[IH-](C)(F)(F)F
CDK_Depict_29_226,N[As](O)P,*[As](O)O
CDK_Depict_29_227,[3H][Sn]([3H])([3H])C,[H][SnH2+][SnH2+]
CDK_Depict_29_228,CN(C)C1=NPN=N1,CN(C)c1NP[PH]=[V]1
CDK_Depict_29_230,[2H]C(=O)N=IC(=O)[2H],[2H]C(=O)n*c([2H])o
CDK_Depict_29_231,C(F)(F)(F)[In](C(F)(F)F)C(F)(F)F,F.F.FC(F)(F)F
CDK_Depict_29_232,C(=O)(N)N(NC(=O)O)NC(=O)O,NNC=O.O=CO.O=CO
CDK_Depict_29_233,CCC[Si](CCC)([Si](CCC)(I)I)I,*[Si](C)(C)[Si](C)(CCC)CCC
CDK_Depict_29_234,C[SiH]1N=S=NS1,C[Si]1nsns1
CDK_Depict_29_235,OP1(=O)O[Sn]2(O1)OP(=O)(O2)O,O=[PH]1O[Sn]2(O1)OP(=O)(O)O2
CDK_Depict_29_236,C([Si](F)(F)F)([Si](F)(F)F)([Si](F)(F)F)[Si](F)(F)F,C[Si](F)(F)F.C[Si](F)(F)F.C[Si](F)(F)F
CDK_Depict_29_237,CP([As+](C)(C)C)[As+](C)(C)C,C*(C)(C)*(C)(C)C
CDK_Depict_29_238,C1CCC(CC1)[Pb](C2CCCCC2)(Br)Br,C1CCCCC1.C[Pb](Br)(Br)C1CCCCC1
CDK_Depict_29_239,N1NNNN(NN(NN1)S)S,SN1CNNNNNN(S)NN(S)C1
CDK_Depict_29_240,[B-](OC)(Cl)(Cl)Cl,CO[SH](Cl)(Cl)Cl
CDK_Depict_29_241,C(#N)[Te](=O)(=O)O,*O[Ta](=O)(=O)C#N
CDK_Depict_29_242,C(N(C(=C(Cl)Cl)Cl)C(=S)N)Br,*C(=S)N(CBr)C(Cl)=C(Cl)Cl
CDK_Depict_29_243,C/C(=N\O)/C(=N/OCOC)/C,COCO/N=C(\C)C(C)=NO
CDK_Depict_29_244,C(C(=S)N)N=NCC(=S)N,*C(=S)CN=NCC(*)=S
CDK_Depict_29_245,CN1[SiH2]N([SiH2]N([SiH2]1)[SiH3])[SiH3],CN1[SiH]*([13Si])[14Si]*([SiH3])[SiH2]1
CDK_Depict_29_246,O=Cl(=O)(=O)OI(OCl(=O)(=O)=O)OCl(=O)(=O)=O,O=Cl(=O)(=O)OI(OCl(=O)(=O)=O)OCl(=O)(=O)=O
CDK_Depict_29_247,O=S1(=O)O[Bi](O1)OS(=O)(=O)O[Bi]2OS(=O)(=O)O2,O=S1(=O)O[Si](OS(=O)(=O)O[Si]2OS(=O)(=O)O2)O1
CDK_Depict_29_248,C(=S)(N)NP(=O)(NC(=S)N)NC(=S)N,*C(=S)NP(=O)(NC([14NH2])=S)NC(=S)[V]C
CDK_Depict_29_249,B(C)(C)C[Se](=[Se])CB(C)C,CB(C)C[Se](=[Se])CB(C)C
CDK_Depict_29_250,[3H]P=S(=BO)([3H])N,[3H]S([34H])(=P[34H])=[SH][34H]
CDK_Depict_29_251,CN(C)C1=N[S+]=NSN=S=N1,CNc1nsnSN=[S+]=N1
CDK_Depict_29_252,[Si]([Si](Cl)(Cl)Cl)([Si](Cl)(Cl)Cl)[Si](Cl)(Cl)Cl,Cl[Si](Cl)(Cl)[SiH]([Si](Cl)(Cl)Cl)[Si](Cl)(Cl)Cl
CDK_Depict_29_253,C=C([Hg]Cl)[Hg]Cl,C=C(*Cl)*Cl
CDK_Depict_29_254,CC(C)(C)P1P(S1)C(C)(C)C,C*SPC
CDK_Depict_29_255,B(=S=[V])OO,OOP=S=[V]
CDK_Depict_29_256,C1=CO[As]2N1C=CO2,C1=CN2ccO*2O1
CDK_Depict_29_257,[B]CC(=O)NI(COC)COC,*CC(=O)NC(=O)COC
CDK_Depict_29_258,CO[Bi](OC)(OC)(OC)OC,CO[Si](OC)(OC)(OC)OC
CDK_Depict_29_259,B(O)(O)OB(O)OOC,*P(*)OP(*)OOC
CDK_Depict_29_260,CCSP(=O)(C=COCCOC)SCC,CCSP(=O)(C=CCOCCOC)SCC
CDK_Depict_29_262,B(OC)(OC)[Si](B(OC)OC)(B(OC)OC)B(OC)OC,COC(OC)[Si](C(OC)OC)(C(OC)OC)C(OC)(OC)OC
CDK_Depict_29_263,C(F)(F)(P(=O)(Cl)Cl)P(=O)(Cl)Cl,O=P(Cl)(Cl)Cl
CDK_Depict_29_264,N1(N(N(N(N1P(Cl)Cl)P(Cl)Cl)P(Cl)Cl)P(Cl)Cl)P(Cl)Cl,CP(Cl)N1N(P(Cl)Cl)NN(P(Cl)CCl)N(P(Cl)Cl)N1P(Cl)Cl.Cl.Cl.Cl.Cl.Cl
CDK_Depict_29_265,C[Si](C)(C)NP(=O)(C)N[Si](C)(C)C,CC.C[Si](C)(C)NP(C)(=O)N[Si](C)(C)C
CDK_Depict_29_266,NP(N)[Se]P(N)N,[W]P([W])[Se][pH]([W])[W]
CDK_Depict_29_267,CCC(=S(=O)=O)C(=S(=O)=O)C,CCC(=C(C)S(=O)(=O)=O)[SH](=O)=O
CDK_Depict_29_268,B(CO)(CO)C(B(CO)CO)B(CO)CO,*C[2H](CC)C([2H](CO)CO)[2H](CO)C[16O]
CDK_Depict_29_269,CN(C)C(=S)[Se](C(=S)N(C)C)(C(=S)N(C)C)C(=S)N(C)C,CN(C)C(=S)[Se](C(=S)N(C)C)(C(=S)N(C)C)C(=S)N(C)C
CDK_Depict_29_270,C(=O)(N1N(S1)C(=O)O)O,O=C(O)N1SN1C(=O)O
CDK_Depict_29_271,[Si]1(S[Si](S1)(Cl)Cl)(Cl)Cl,Cl[Si]1(Cl)S[Si](Cl)(Cl)S1
CDK_Depict_29_272,[B]P(=S)([B]P(=S)(C)O)O,*P(*)(=S)SP(C)(O)=S
CDK_Depict_29_273,C1=C(S(=C=O)N=N1)Cl,O=C=S1N=NC=C1Cl
CDK_Depict_29_274,CC[Hg]/N=C(\N)/NC#N,C1[18N]N=C(NC#N)N
CDK_Depict_29_275,C1C2CS[As](S1)SC2,C1S[AsH]2SCC1CS2
CDK_Depict_29_276,C[In](C1CCCC1)C2CCCC2,CC(C1CCCC1)C1CCCC1
CDK_Depict_29_277,C[Si](C)(C=S(=O)(C)C)C=S(=O)(C)C,C[Si](C)(C=S(C)(C)=O)C[SH](C)(C)=O
CDK_Depict_29_278,N1(N(N(N1P(Cl)Cl)P(Cl)Cl)P(Cl)Cl)P(Cl)Cl,ClP(Cl)N1N(P(Cl)Cl)N(P(Cl)Cl)N1P(Cl)Cl
CDK_Depict_29_279,CC1=NPC(=N1)C,Cc1nnc(C)n1
CDK_Depict_29_280,CCS(=N)(=S)I,CCS(=N)(=S)I
CDK_Depict_29_281,P1P2P1P2P3P4P3P4P5P6P5P6P7P8P7P8,[PH]1P2P(P3P4P(P5P6P5P5P6[PH]56)P34)P21
CDK_Depict_29_282,C1=NSN=C1C2=NSN=C2,C1=NSN=c1c1ccsn1
CDK_Depict_29_284,C1=C[SiH]=CC=[SiH]1,O=s1ccscc1
CDK_Depict_29_285,CC1=CP(C=C1C)OP2C=C(C(=C2)C)C,Cc1cP(Oc2cc(C)c(C)c2)cc1C
CDK_Depict_29_286,C1=C(OP(O1)Cl)I,ClP1occ(I)o1
CDK_Depict_29_287,NP(=N)(N)OP(=O)(N)N,*NP(=N*)(OP(N)([NH2-])=O)N(*)*
CDK_Depict_29_288,N1(N(PP1)Cl)Cl,ClN1PPN1Cl
CDK_Depict_29_289,C[Si](C)(C([Si](C)(C)I)([Si](C)(C)I)[Si](C)(C)I)I,*[SiH](C)C([SiH](C)C)[SiH](C)C
CDK_Depict_29_290,C#[N+][Kr]F,C#[N+][Kr]F
CDK_Depict_29_291,[2H]C1C(NC(C(N1)[2H])[2H])[2H],[2H]C1NC([2H])C([2H])[NH2+]C1[2H]
CDK_Depict_29_292,CC[Al](CC)O[Al](CC)O[Al](CC)CC,CCCCCCCCCCCCCCCC
CDK_Depict_29_293,[3H][P+]1=NN=S=C(CCC1)I,[3H][n+]1=n[n+]=s=c(I)CCC1
CDK_Depict_29_294,C(=C([XeH])[XeH])(C(=C([XeH])[XeH])[XeH])[XeH],CCCCCCCCCCCCCCCCCCCCCCCCCCCCCCCCCCCCCCCCCCCCCCCCCCCCCCCCCCCCCCCCCCCCCCCCCCCCCCCCCCCCCCCCCCCCCCCCCCCCCCCCCCCCCCCCCCCCCCCCCCCCCCCCCCCCCCCCCCCCCCCCCCCCCCCCCCCCCCCCCC
CDK_Depict_29_295,[2H]C([2H])([2H])[As](=O)(C([2H])([2H])[2H])O[2H],[2HH].[2HH].[2HH].[2HH]O[As]([2HH])(=O)=O
CDK_Depict_29_296,N([SiH3])([SiH3])[SiH2]O[SiH2]N([SiH3])[SiH3],[SiH3]N([SiH3])[SiH2]O[SiH2]N([SiH3])[SiH3]
CDK_Depict_29_297,C(F)(I)(I)[I-]Br,CC.C[Br-]
CDK_Depict_29_298,C1CC1[Sn](C2CC2)(I)I,C1CC1.C1CC1
CDK_Depict_29_299,C12N([As](S1)S2)N,[NH2-]N1*2SC21
CDK_Depict_29_300,C1(=C(SC(=C1Br)Br)Br)Br,[1*]c1sc([1*])c([1*])c1[1*]
CDK_Depict_29_301,C1C[As]2O[As]3CCC[As](O3)O[As](C1)O2,CC1(C)(=O)CCCC(C)(=O)(OC2(C)(=O)CCCC(C)(=O)(O)O2)O1
CDK_Depict_29_302,S1S[SbH]SS[SbH]1,S1S[SbH+]SS[SbH+]1
CDK_Depict_29_303,CP(#P)P=PP=PP=PP=PP=PP,*=PP=PPPPPPPPP(C)P
CDK_Depict_29_304,C1(=O)OC(=O)OOOO1,O=C1OOOOC(=O)O1
CDK_Depict_29_305,C1=C(SSSSSS1)S,SC1=CSSS1
CDK_Depict_29_306,CO[P+]1=PC1,CO[p+2]1[p+2]C1
CDK_Depict_29_307,B(=NSC#N)C(=O)C,C#N.CC(=O)/[SH]=N/S
CDK_Depict_29_308,[2H]P(COC)POCOC,CO.[2H]PPOCOC
CDK_Depict_29_310,B1=BC=CC=B1,b1pcccp=1
CDK_Depict_29_311,C(N=[N+]=[N-])(N=[N+]=[N-])(N=[N+]=[N-])F,[N-]=[N+]=NC(F)(N=[N+]=[N-])N=[N+]=N
CDK_Depict_29_312,CN[Al](NN)NN[Al](NN)NN[Al](NC)NN,*[NH2+][AlH2](N)N.C[NH2+][AlH2](N[AlH2][AlH2](N)N[14AlH2])[AlH2][12AlH2]
CDK_Depict_29_313,N(=[Al]OO)OO,OO*OO
CDK_Depict_29_315,C1(=O)C(=S(=O)=O)N1,O=C1CS(=O)(=O)N1
CDK_Depict_29_316,[2H]P(CSBr)Br,*P([2H])CS
CDK_Depict_29_317,N(S)([Hg])[Hg],SN([Ho])[Ho]
CDK_Depict_29_318,CCC[As](=S)(CCC)CCC,CCCC.CCCC(=S)CCC
CDK_Depict_29_319,[B-]([B-]([S+](C)C)(I)I)([S+](C)C)(I)I,C[S+](C)[PH](C)(C)[PH](C)(C)[S+](C)C
CDK_Depict_29_320,C1([Te][Te]C([Te][Te]1)([SiH3])[SiH3])([SiH3])[SiH3],[S1]C1([S1H])[Te][Te]C([S1H3])(C)[SH3+]
CDK_Depict_29_321,B(=O)O[Al](OB=O)OB=O,O=pO[Al](OSO)O[SH]=O
CDK_Depict_29_322,C([N+]1=NN=NN1)[N+](=O)[O-],O=[N+]([O-])C[N+]1N[nH]n[nH]1
CDK_Depict_29_323,CP=1=CC=CP=C1,C/C=C\cn(C)=C=P
CDK_Depict_29_324,N1=[SiH]N2N([SiH2]1)[SiH]=N[SiH2]2,n1[s+]N2[SH]=[nH][SH2+]N2[s+]1
CDK_Depict_29_325,C[Si-][Si](C)[Si](C)[Si](C)[Si](C)[Si](C)N,C[Si]S(C)[SiH][Si](C)[SiH][SiH](C)[NiH2]
CDK_Depict_29_326,O[P+](O)(O[Sn]F)F,O[P+2](O)(O)F
CDK_Depict_29_327,C(#N)P=C([SiH3])[SiH3],C=N.C=[SH](=O)=C(=P)=P
CDK_Depict_29_328,[2H]C([2H])(C1=CC=CC=C1C([2H])([2H])Br)Br,[2HH].[2HH].[2HH].[2HH].[Br-]
CDK_Depict_29_329,C1=C[Se]S2=C1C=C[Se]2,C1=Cc2cc[Se][sH]2s1
CDK_Depict_29_330,N(=[Ta](Cl)(Cl)Cl)N=[Ta](Cl)(Cl)Cl,Cl[Tc](Cl)(Cl)=NN=[Tc](Cl)(Cl)Cl
CDK_Depict_29_331,[3H]NI(F)[I-]P=S=S,*[NH2+]*(F)*p=S
CDK_Depict_29_332,C=CP(=O)(C=C)O[Al](OP(=O)(C=C)C=C)OP(=O)(C=C)C=C,C=CP(=O)(C=C)O*(OP(=O)(C=C)C=C)OP(=o)(C=C)C=C
CDK_Depict_29_334,C1=C2C(=NC=N1)C=NC(=N2)C(=O)O,O=C(O)c1ncc2ncncc2N=1
CDK_Depict_29_335,CC(CSC(CCSCC(CS)F)F)(F)F,CSCC(F)CSCCC(F)SCF
CDK_Depict_29_336,C(C(F)(Br)I)(F)(F)I,CBr.F
CDK_Depict_29_337,C[Si](=[Os]=[Si](C)C)C,C=[Sr]=[Os-]=SC
CDK_Depict_29_339,C/C(=N\SI)/OSI,CSO/C(C)=N/SI
CDK_Depict_29_340,[Mg]=[As][Mg][As]=[Mg],[Na]=[As][Mg][As]=[Mg]
CDK_Depict_29_341,O1[As](O[Hg]1)O[Hg]O[As]2O[Hg]O2,[16H][16H]1OC[As](CO*O*2O[16H]O2)O1
CDK_Depict_29_342,C(S)S[Sn](SCS)(SCS)SCS,SCS[Sr](SCS)(SCS)SCS
CDK_Depict_29_343,F[Si](F)(F)P([Si](F)(F)F)[Si](F)(F)F,F[Si](F)(F)P([Si](F)(F)F)[Si](F)(F)F
CDK_Depict_29_344,CCC[I-][Si](S)([I-]CCC)[I-]CCC,CCCC[Si](S)([IH]CCC)[IH]CCC
CDK_Depict_29_346,O([P+](OBr)(OBr)Br)Br,*O[P+](*)(O*)O*
CDK_Depict_29_347,C(=C/[As](=O)Cl)\Cl,O=*(Cl)C=CCl
CDK_Depict_29_348,P(=S)(P(=S)(I)I)(I)I,S=P(I)(I)[PH](=S)(I)I
CDK_Depict_29_349,C1=CSN=C1C(O)O,OCc1ccSN1
CDK_Depict_29_350,C(=S)(C(=S)I)I,S=C(I)C(=S)I
CDK_Depict_29_351,C1(N=NC(=[Se])S1)[Se],[SeH]c1nnc(=[SeH])s1
CDK_Depict_29_352,O=[Se](=O)(F)F,O=[Se](=O)(F)F
CDK_Depict_29_353,C[N+]1(C=[N+]=NCC#C1)C,CN1ccCCN=[NH+]c1
CDK_Depict_29_354,[2H]NN([2H])/N=N/N([2H])[2H],[2H]NN([2H])/N=N/N([2H])[2H]
CDK_Depict_29_356,C1=C([As]C=C1Br)F,Fc1cc(I)c[As]1
CDK_Depict_29_357,C1=NC(=N)SS1,N=C1N=CSS1
CDK_Depict_29_358,N1=S=NSS(=NS1)Cl,Cls1nsns=nS1
CDK_Depict_29_359,CCOC(=O)C[As](=O)(O)O,CCOC(=O)C[As](=O)(O)O
CDK_Depict_29_360,B(C(C)(C)C)(P(=O)(O)O)P(=O)(O)O,CB(P(=O)(O)O)P(=O)(O)O
CDK_Depict_29_361,CO[Sn](OC)(OC)Br,CO[Sr+](Br)(OC)OC
CDK_Depict_29_362,CCCN[Si](NCC)(OC)OC,CCCN[Si](O)(NC)OC
CDK_Depict_29_363,C([As](C[As](I)I)I)[As](C[As](I)I)I,C[As](I)(I)C[As](I)(I)C[As](I)(I)I
CDK_Depict_29_364,C(=N[P-](N=C=O)(N=C=O)(N=C=O)(N=C=O)N=C=O)=O,C=N[PH](C)(N=C=O)(N=C=O)(N=C=O)(N=C=O)N=C=O
CDK_Depict_29_365,O=I(=O)O[Bi](OI(=O)=O)OI(=O)=O,CO[SiH](OI(=O)=O)OI(=O)=O
CDK_Depict_29_367,B(=[S-](=O)I)C,C[SH]=S(=O)=[I-]
CDK_Depict_29_368,C=[N+](C(=S(=S)=S)N[S-])[S-],C=[N+]([S-])C([14NH][S-])=S(=S)=S
CDK_Depict_29_369,C1=C(N=C[Se]1)[N+](=O)[O-],O=[N+](O)c1c[Se]C=N1
CDK_Depict_29_370,[Si]([Si](Br)(Br)Br)([Si](Br)(Br)Br)(Br)Br,CC(C)[Si](C(C)C)[Si](Br)(Br)Br.[Br-]
CDK_Depict_29_371,CN(CO)C(=O)OSSOC(=O)N,*C(=O)OSSOC(=O)N(C)CO
CDK_Depict_29_372,B1(B(O1)Br)Br,Bb1OB1Br
CDK_Depict_29_373,C(=C(Cl)Cl)(OOC(=C(Cl)Cl)Cl)Cl,ClC(Cl)=C(Cl)OOC(Cl)=C(Cl)Cl
CDK_Depict_29_375,CCC1CC=[N+]=C1,CCC1ccn(C)c1
CDK_Depict_29_376,C1C=[Sb]C=[Sb]1,*1C=[Sb]Cc1
CDK_Depict_29_379,CCP(=NC)=[S-](=O)I,CC[PH](=NC)[SH](C)=O
CDK_Depict_29_380,C(=O)=[Os](=C=O)(=C=O)Cl,O=C=[Cs](=O)(=O)=O
CDK_Depict_29_381,CC(C#C)S(=C=C)(=C=C)C#C,C#CC(C)S(=C=C)(C#C)=C(=C)=C
CDK_Depict_29_384,C[Si](C)(C)/N=S(/C(F)(F)F)\Cl,C[Si](C)(C)N=S(Cl)Cl
CDK_Depict_29_385,P1(=[Se])([Se][Se]P(=[Se])([Se][Se]1)[Se-])[Se-],[S-][PH]1(=[Se])[Se][Se][PH](=[Se])(=[Se])[Se][Se]1
CDK_Depict_29_386,C(CCl)N(CCCl)NC(=S)NN(CCCl)CCCl,CCCN(CCCl)CNC(=S)NN(CCCl)CCCl
CDK_Depict_29_387,Cl[Zn-](Cl)Br,Cl[Zr-]([Cl-])[Br-].[Cl-]
CDK_Depict_29_388,[2H]P([3H])C(=C=C=C=C=C=C=C)[I-]C#CC#CC#C,C#CC#CC#CCC(=[(]ccccc)P([34])C)[IH]C#CC#CC#C
CDK_Depict_29_389,[B-]12(OCC(CO1)(CO2)C)C#CC,CC#C[SiH]12OCC(C)(CO1)O2
CDK_Depict_29_390,C[Si](C)(C)C[As](C)(C[Si](C)(C)C)(C[Si](C)(C)C)I,C[Si](C)(C)C[Si](C)(C)C[Si](C)(C)C
CDK_Depict_29_391,COC#COC#COC#COC#COC,CCOC#COC#COC#CO
CDK_Depict_29_392,[N-]=[N+]=N[P+](N=[N+]=[N-])(N=[N+]=[N-])Cl,[N-]=[N+]=N[P+](Cl)(N=[N+]=[N-])N=[N+]=[N-]
CDK_Depict_29_393,CSC(NN)(NN)NI,CNC(NN)(N[124NH])SC
CDK_Depict_29_394,CP1P(P(P(P1C)C)C)C,CP1ppp[pH]1
CDK_Depict_29_395,[B]1N[B]N[B]N[B]N[B]N1,B[Ar+]b[Ar+]bNb[sH][sH][sH]s
CDK_Depict_29_396,CN1[P+](=O)N([P+](=O)N([P+]1=O)C)C,CN1[P+](=O)N(C)[P+](=O)N(C)[P+]1=O
CDK_Depict_29_397,[3H][I-](O[N+](=O)[O-])(O[N+](=O)[O-])O[N+](=O)[O-],*[CH+]O[N+](=O)O[N+](=O)[O-].CO[N+](=O)O
CDK_Depict_29_398,CCCC[Se]C(=S)Br,CCCC[Se]C(=S)Br
CDK_Depict_29_399,[Fe](#[As])#[As],[As]#*#[As]
CDK_Depict_29_400,C[Sb](C)(C)(N=[N+]=[N-])N=[N+]=[N-],C*(C)(N=[N+]=[N-])N=[N+]=[N-]
CDK_Depict_30_1,C[Si](C)(C)C=[Mo](#[Mo](=C[Si](C)(C)C)Br)Br,C[SiH](C)C[Mo](=O)Br
CDK_Depict_30_2,CN(C)C(=[Cr])N=C=O,[C-]c([n+]=C=[O-])[n+]([C-])[n+]
CDK_Depict_30_3,B1(C=NB(C=N1)F)F,CCCCCCCCCCCCCCCCCCCCCCCCCCCCCCCCCCCCCCCCCCCCCCCCCCCCCCCCCCCCCCCCCCCCCCCCCCCCCCCCCCCCCCCCCCCCCCCCCCCCCCCCCCC)CCCCCCCCCCCCCCCCCCCCCCCCCCCCCCC)CCCCCCCCCCCC)CCCCCCCC)CCCC
CDK_Depict_30_4,C[Pb](I)(I)I,Cp(C)C
CDK_Depict_30_5,C1[Si][Si]SS1,CSS[S-]
CDK_Depict_30_6,[B]S(=S)(=S)N=S,S=S=S(=S)(=S)S
CDK_Depict_30_7,CON1C=NN=N1,CON.NN
CDK_Depict_30_8,O=P12OP3P(O1)P3O2,O.O.O.O
CDK_Depict_30_9,CCS[Al](C(C)C)SCC,CC(C)C.CCSC(C)SCC
CDK_Depict_30_10,C1(=S)SC(S1)(Br)Br,CCS
CDK_Depict_30_11,C1=C(OC(=O)S1)Br,C=CC.CCC.CCC
CDK_Depict_30_12,CC(C)/C(=C\[Se](C)(Cl)Cl)/Cl,C.CCC
CDK_Depict_30_13,C(=S)(N)OP(OC(=S)N)OC(=S)N,*C(=C)C.COC(N)=S
CDK_Depict_30_14,N1=P(N=P(N=P1(Br)Br)(Br)Br)(Br)Br,[2H][2H][2H][2H][2H]
CDK_Depict_30_15,C(CS[Se]SCCO)O,OCCSCCSCCO
CDK_Depict_30_16,P1(=S)(P(=S)(P(=S)(P1(=S)S)S)S)S,[2H][2H](=S)[2H]([Si+])=S.[2H][2H]([Si])[2H]([4H])=S
CDK_Depict_30_17,C(=O)(N)[Te]C(=O)N,CC(=O)CC(N)=O.N.N
CDK_Depict_30_18,C(F)(F)(F)[Sn](C(F)(F)F)(Br)Br,CCCCCCCl
CDK_Depict_30_20,CC(C)NOP(=O)(Cl)Cl,Cl.NO[PH](=O)Cl
CDK_Depict_30_25,C(CS[Ge](=O)O[Ge](=O)SCCN)N,CS[Ge-](=O)O[Ge-](=O)SCCN
CDK_Depict_30_26,C[Si](C)(C)[N+](=O)O[Si](C)(C)C,C*(C)*(=O)O*(C)(C)C
CDK_Depict_30_27,[B][B][Si](B([B])[B])(C)OC,CO[SiH2]OC
CDK_Depict_30_28,S([Tl])[Tl],CC.CC
CDK_Depict_30_29,C1=CN(C=C1)[Si](N2C=CC=C2)N3C=CC=C3,C1CCNC1.C1CCNC1.CN1cccc1
CDK_Depict_30_30,[2H]C(P)(S)S[2H],[2H]SC([2H])([2H])S
CDK_Depict_30_31,O=[Si](P)P=O,Cp=O.O=pp
CDK_Depict_30_32,[N-]=[N+]=N[Ge](=O)[O-],[N-]=[N+]=N[Ce](=O)[O-]
CDK_Depict_30_33,N[N+]1=NON=N1,[Zn+2][n+]1nnc[n+]1
CDK_Depict_30_34,C[Pb](C)(C)N([Pb](C)(C)C)[Pb](C)(C)C,C[Pb](C)(C)C
CDK_Depict_30_35,CS[Sb](C)Cl,CS*(C)Cl
CDK_Depict_30_36,CCCC[Sn]1(OOO1)OOO[Sn]2(OOO2)CCCC,CCCCCCCCCCCCCCCCCCCC
CDK_Depict_30_37,C(C(C([Al]Cl)(Cl)Cl)Cl)(C([Al]Cl)Cl)Cl,C.C.Cl
CDK_Depict_30_39,[B-]([P+](I)(I)I)(Br)(Br)Br,CC.CC.CC.CC.CC.CC.CC.CC.CC.CC.CC.CC.CC.CC.CC.CC.CC.CC.CC.CC.CC.CC.CC.CC
CDK_Depict_30_40,O=[Tb]O[Tb](=O)O[Tb](=O)O[Tb]=O,O=[Tb]O[Tb](=O)=O
CDK_Depict_30_42,CO/C=C(/P(Br)Br)\Br,CCOC.C[Rf].[Rf-]
CDK_Depict_30_43,C(=C(Cl)Br)(SSC(=C(Cl)Br)Br)Br,CC([S-])C([S-])SSC([S-])=C([S-])Cl
CDK_Depict_30_44,C(=O)OSOC(=O)SSC(=O)OSOC=O,C=O.C=O
CDK_Depict_30_45,N(=O)O[Tl](ON=O)ON=O,O=NO[Ti](ON=O)O[NH]=O
CDK_Depict_30_46,C(OF)[S-](#N)I,C[S-](#N)(I)COC(F)(F)F
CDK_Depict_30_47,C(C(OF)(OF)Cl)(OF)(OF)OF,COC(OC)(OC)C(Cl)(OF)OCF
CDK_Depict_30_48,CS(C)(C=C=C)Br,*SC=C=C
CDK_Depict_30_49,C1(=O)[Si]2=[Si]=[Si]12,O=C1*2c*21
CDK_Depict_30_50,B(=O)N=[U]=S,O=S=N=*=S
CDK_Depict_30_51,C(=O)=[Fe]=C(N)N,NC(N)=[c+]=C=O
CDK_Depict_30_52,C1=NC=NC(=N1)[N+](=N)N=N,[N-]=[N+][N+](=N)c1[n+]cnc[n+]1
CDK_Depict_30_53,C(S)S[Ge](SCS)(SCS)SCS,CSCS.SCSC[Ge+](CSCS)(CSCS)SCS
CDK_Depict_30_54,CC(=O)/C=[As](=C/C(=O)C)/[As](=C\C(=O)C)=C/C(=O)C,CC(=C)C=C1CC(=O)CC(C)=O
CDK_Depict_30_55,C(#CC(Br)(Br)Br)C(Br)(Br)Br,[Br-]C#CC([Br-])([Br-])[Br-]
CDK_Depict_30_56,[B]1C(C(=COO1)F)F,CCCC(F)C(F)*O
CDK_Depict_30_57,[3H]I([Si])[P+]([Si])(Cl)Cl,ClP(Cl)Cl
CDK_Depict_30_58,C1P2[Se]CP([Se]1)[Se]2,C[SeH]C.[2H][Se]CC
CDK_Depict_30_59,CPOPC1C(O1)(N)N,CPOCC1OC1(N)N
CDK_Depict_30_60,CN(C)/[SiH]=[SiH]/N(C)C,CN/[Si+]=*\N(C)C
CDK_Depict_30_61,C1=NNC(=N1)C2=NC=NN2,N=NN1C2=NC=NN21
CDK_Depict_30_62,C1([N+](=S)C([N+](=S)C([N+]1=S)O)O)O,[10H]C1[N+](=S)C[N+](=S)C([20H])[N+]1=S
CDK_Depict_30_63,P1=S=P(=S)S1,S=p1s=pS1
CDK_Depict_30_64,C(C#C[Hg]C#CCO)O,NOCC#C[N+](=O)C#CCO
CDK_Depict_30_65,CCOC(=C=C(N(C)C)OCC)N(C)C,CCOC(=C=C(OC)*(C)C)N(C)C
CDK_Depict_30_66,CS(C)(CS(C)(C)P)F,*[SH](C)(C)C[SH](C)F
CDK_Depict_30_67,S1SSS[S+](SS1)I,*[S+]1SS*SSS1
CDK_Depict_30_68,C[Se](I)(I)(I)(I)I,*[Se](C)(C)C
CDK_Depict_30_69,CC(C)(C)PS(=O)(=O)PC(C)(C)C,C[1H]S(=O)(=S)CC
CDK_Depict_30_70,C1=C[Se]C(S1)CSC#N,N#CSCc1[se]CcS1
CDK_Depict_30_71,[2H]C1=CON(N1[2H])[2H],[2H]N.[2H]ccon[2H]
CDK_Depict_30_72,[B]N1C=C[N-][N+]1=C,*N1CCNN1=C
CDK_Depict_30_73,C1=II=II=I1,*=**=*C.C/C=C\C
CDK_Depict_30_74,O(P(=S)(F)F)P(=S)(F)F,F.O[PH](F)=S.P=S
CDK_Depict_30_75,C1=CC2=C3N2C3=C1,c1cc2c(C1)N2
CDK_Depict_30_76,C[Si](C)(C)C=C1SC(=C[Si](C)(C)C)S1,CC(S)C[Si](C)(C)C
CDK_Depict_30_77,CN(C)N1C[Se]C=C1,CN(C)N1C=C[Se]C1
CDK_Depict_30_79,C1C[As]=N1,C1C[As]=N1
CDK_Depict_30_80,C[Te](C)(C)(C)(N=[N+]=[N-])N=[N+]=[N-],C[Te](C)(N=[N+]=[N-])(N=[N+]=[N-])N=[N+]=[N-]
CDK_Depict_30_81,B(PC)(P(C)C)P(C)C,C[1p][2p]([2H](C)I)P(C)C
CDK_Depict_30_82,[Mo](I)(I)(I)(I)(I)I,CC(C)C
CDK_Depict_30_83,C(F)(F)(F)[Bi](I)I,FC(F)(F)[Si](I)I
CDK_Depict_30_84,N1=[Si]=N[Si]12N=[Si]=N2,N1[s]=N[s]1(N=[s])N=[s]=N1
CDK_Depict_30_85,C(#N)C([N+](=O)[O-])(F)Br,CC(C)C(C#N)[N+](=O)O
CDK_Depict_30_86,CC[As]1N=S=NS1,CC[As]1Sn=s=s1
CDK_Depict_30_87,C[Si](C)(C)[Si](C)(C)N=C=N[Si](C)(C)[Si](C)(C)C,C[Si](C)(C)[Si](C)(C)N=cn[Si](C)(C)[Si](C)(C)C
CDK_Depict_30_88,CCP(#P)S(#CC)=P,C=[SH](=P)Cp(=P)CC
CDK_Depict_30_89,F[Ge](Cl)(Br)Br,C.[3H][Ge-](F)S
CDK_Depict_30_90,C[Si](C)(C)O[Ge](O[Si](C)(C)C)(Cl)Cl,C[Si](C)(C)O[Ge](Cl)(Cl)O[Si](C)(C)C
CDK_Depict_30_91,C(OOC(OF)(F)F)(OF)(F)F,FOC(F)(F)OOC(F)(F)OF
CDK_Depict_30_92,CN1CN(C[Ge](C1)(C)C)C,CN1CN(C)C[Ge](C)(C)C1
CDK_Depict_30_93,C(#C[Xe]C(F)(F)F)F,CC#C[Xe]F
CDK_Depict_30_94,CO[As](C[As](OC)OC)OC,C[G].CO[As](C[As]([G]C)[G]C
CDK_Depict_30_95,C(F)(F)(SS(C(F)(F)Cl)(F)F)Cl,F[s-](SC(F)(F)Cl)C(F)(F)Cl
CDK_Depict_30_96,[N+]1(=O)OP(O1)O,O=[N+]1OP(O)O1
CDK_Depict_30_97,C1=COOSN=N1,c1cOOSN1
CDK_Depict_30_99,C[SiH](C)[Si](=O)[Si](=O)[SiH](C)C,C[SiH2][SiH](=O)[Si](=O)=O
CDK_Depict_30_100,[Si]1(=S)[Si](=S)[Si](=S)[Si]1=S,S=[SiH]1[SiH](=S)[SiH](=S)[SiH]1=S
CDK_Depict_30_101,C[Si](C)(C)O/C=C/1\C=CC=CC1=C,CCCCC(=CO[Si](C)(C)C)CC
CDK_Depict_30_102,C(=NOOC(=S)I)=O,CC(=S)OON=C=O
CDK_Depict_30_103,[2H]P([3H])B(P)SC#N,*P[2H].*S.S
CDK_Depict_30_104,CC[Si][Si](N=[N+]=[N-])(N=[N+]=[N-])N=[N+]=[N-],CC[SiH2][Si](C)(N=[N+]=[N-])N=[N+]=[N-]
CDK_Depict_30_105,[3H]I(B(F)I)F,F[I-](F)F
CDK_Depict_30_106,C[Si](C)(C)/C(=C\[Se]/C(=C/Br)/[Si](C)(C)C)/Br,C[Si](C)(C)/C(Br)=C\[Se]/C(=C/Br)[Si](C)(C)C
CDK_Depict_30_107,C1C=CC=[Se][Se]=[Se]1,c1[se][Se]=[Se]CCC1
CDK_Depict_30_108,CP(C)P(C(F)(F)F)C(F)(F)F,CP(C)P(C)F
CDK_Depict_30_109,C(C(C(C(I)(I)I)(I)I)(I)I)(I)I,CCCCCCCCCCCCCCCCCCCCCCCCCCCCCCCCCCCCCCCCCCCCCCCCCCCCCCCCCCCCCCCCCCCCCCCCCCCCCCCCCCCCCCCCCCCCCCCCCCCCCCCCCCCCCCCCCCCCCCCCCCCCCCCCCCCCCCCCCCCCCCC)CCCCCCCCCCCC)CCCCCCC)CCCCCCCCCCCCCC)CC
CDK_Depict_30_110,C1OOOOP1Cl,ClP1COOOO1
CDK_Depict_30_111,C1#CI(O1)OC#CI,C#CO*1C#CO1
CDK_Depict_30_112,[3H]C([3H])(F)[Te][3H],F.[H][Te][H]
CDK_Depict_30_113,B(C)(CC)[Si](=[Si]=[Si](B(C)CC)B(C)CC)B(C)CC,CCB(C)[Si](=[Si]=[Si](B(C)C)C(C)CC)B(C)CC
CDK_Depict_30_114,CCCC[Ge](CCCC)(CCCC)C#CCCC,CCCCCCCCCCCCCCC
CDK_Depict_30_115,C(=[W]=[W])O,*=*cO
CDK_Depict_30_116,C1(=O)OC(=P1)P,O=C1OC(P)P1
CDK_Depict_30_117,N(F)(F)P(N(F)F)N(F)F,FN(F)P(N(F)F)N(F)F
CDK_Depict_30_118,CC1=C(C[P-](C1)(F)(F)(F)F)C,CC1CC[PH](F)(F)(F)(F)C1
CDK_Depict_30_119,CP1(=C)NP(=C)(NP(=C)(N1)C)C,C=[PH]1(C)*[PH](=C)(C)*[PH](=C)(C)*1
CDK_Depict_30_120,C1=CO[Al]=C1,c1cnoc1
CDK_Depict_30_121,B(N=C=O)(N=C=O)N=C=O,O=C=N[2H](n=C=O)nc=O
CDK_Depict_30_122,[2H]S(=P)([2H])(F)S,[2H][SH]([2H])(=P)S
CDK_Depict_30_123,CS(#P)=P#P=P#P,C[SH](=P)=[PH]=[PH]=[PH]=P
CDK_Depict_30_124,CC(C)CC1=C[Se]N=N1,CC(C)Cc1c[Se]N=*1
CDK_Depict_30_125,CN(ON)I(OC)ON,*ON(C)I(OC)O[NH2+]
CDK_Depict_30_126,C=S(N)S(=C)(=[Hg])N,*S(=C)S(=*)(=C)[W]
CDK_Depict_30_127,O=[As](=O)F,O=[As](=O)F
CDK_Depict_30_128,CON1C=CPC1=S,CON1cc[nH]C1=S
CDK_Depict_30_129,O=P(=O)P(=O)=S(=O)=O,O=[PH](o)o(o)s(o)o
CDK_Depict_30_130,CCCSC1=CC(=O)C1=O,CSc1cc(=O)C1=O
CDK_Depict_30_131,B(SS(=O)(=O)F)(SS(=O)(=O)F)SS(=O)(=O)F,o=S(=O)(F)S[2H](SS(=O)(=O)F)SS(=O)(=O)F
CDK_Depict_30_132,O=[Mo]O[Mo](=O)O[Mo]=O,O=[Mo]O[Mo](=O)O[Mo]=O
CDK_Depict_30_133,P1234[Se]P([Se]1)([Se]2)([Se]3)[Se]4,C[SeH]12[seH]p([seH2]1)[seH2]2
CDK_Depict_30_134,C([Si]Cl)[Hg]C[Si]Cl,Cl[SiH2]C*C[SiH2]Cl
CDK_Depict_30_135,[N+](=O)([O-])P([N+](=O)[O-])[N+](=O)[O-],C[N+](=O)P([N+](=O)[O-])[N+](=O)[O-]
CDK_Depict_30_136,C(C(CBr)(CBr)C(=O)N)Cl,NC(=O)C(CCl)CCBr.[Br-]
CDK_Depict_30_137,C[Si](C)(OS(=O)(=O)Cl)F,O=S(=O)(Cl)O[SiH2]F
CDK_Depict_30_138,[N-]=[N+]=N[Al](N=[N+]=[N-])N=[N+]=[N-],[N-]=[N+]=N[AlH](N=[N+]=[N-])N=[N+]=[N-]
CDK_Depict_30_139,C(C[Al](Cl)Cl)[Al](Cl)Cl,Cl[AlH2](Cl)CC[AlH2](Cl)Cl
CDK_Depict_30_140,CC(=S)S[Sb](SC(=S)C)SC(=S)C,CC(=S)S[Sb](SC(C)=S)SC(C)=S
CDK_Depict_30_141,CP1P(P(P1C)C)C,CP1P(C)P(C)P1C
CDK_Depict_30_142,CCCP([N+]#CCC)Cl,CC#[N+]P(Cl)CCC
CDK_Depict_30_143,O=Cl(=O)(=O)O[Bi](OCl(=O)(=O)=O)OCl(=O)(=O)=O,O=Cl(=O)(=O)O*(O)OCl(=O)(=O)=O
CDK_Depict_30_144,CP(C)P(#P)P(#N)[S-](=S)=S,C.C.C.C.C.C.C.C.C.C.C.C.C.C.C.C.C.C.C.C.C.C.C.C.C.C.C.C.C.C.C.C.C.C.C.C.C.C.C.C.C.C.C.C.C.C.C.C.C.C.C.C.C.C.C.C.C.C.C.C.C.C.C.C.C.C.C.C.C.C.C.C.C.C.C.C.C.C.C.C.C.C.C.C.C.C.C.C.C.C.C.C.C.C.C.C.C.C.C.C.C.C.C.C.C.C.C.C.C.C.C.C.C.C.C.C.C.C.C.C.
CDK_Depict_30_145,[2H][Si]C#C[Si]([2H])([2H])[2H],[2H][SiH2]C#C[Si]([2H])([2H])[2H]
CDK_Depict_30_146,O([Al](Cl)Cl)[Si](Cl)(Cl)Cl,Cl[Al](Cl)O[Si](Cl)(Cl)Cl
CDK_Depict_30_147,I[Ta](I)(I)(I)I,C[Fe](C)(C)[IH]
CDK_Depict_30_148,[B-](C1CC1C#N)(F)(F)F,N#CC1CC1[2H](F)(F)F
CDK_Depict_30_149,CCCN[Si]([Si](Cl)(Cl)Cl)(Cl)Cl,CCCN[Si](Cl)(Cl)[Si](Cl)(Cl)Cl
CDK_Depict_30_150,CO[Si](OC)(F)[Si](OC)(OC)F,CO[Si](O)(F)[Si](F)(OC)OC
CDK_Depict_30_151,C1=C[N+](=C=[N+]1F)F,F[n+]1cc[n+](F)c1
CDK_Depict_30_152,S=[Sb](=S)S[Sb](=S)=S,S=*(=S)S*(=S)=S
CDK_Depict_30_153,CP(=C([Si](Cl)(Cl)Cl)Cl)(C)Cl,C[PH](Cl)(Cl)=C(Cl)[Si](Cl)(Cl)Cl
CDK_Depict_30_154,C[Si](C)C[N+](=IC[Si](C)C)/N=N/N=N,C[Si](C)C[N+](=*C[Si](C)(C)C)N=[N+]=N=N
CDK_Depict_30_155,C(=N\S(F)(F)(F)(F)F)(\Cl)/C(=N/S(F)(F)(F)(F)F)/Cl,FS(F)(F)(F)(F)N=C(Cl)C(Cl)=NS(F)(F)(F)(F)F
CDK_Depict_30_156,B(C(=C(F)F)F)(C(=C(F)F)F)Cl,FC(F)=C(F)[F-](Cl)C([F-])=C(F)F
CDK_Depict_30_157,C1CC(=[Si](C1)Cl)Cl,Clc1s(Cl)cCC1
CDK_Depict_30_158,N1=[P+]=NSN=[P+]=NS1,n1[p+]NSn[p+]S1
CDK_Depict_30_159,B(C1=CC(=CC=C1)[As])(O)O,Cc1ccc([AsH2])c1
CDK_Depict_30_160,O=P(F)(Cl)Br,O=P(F)(Cl)CBr
CDK_Depict_30_161,C1(=NS[S+]=N1)C(Cl)(Cl)Cl,ClCl.n1[nH][sH]s1
CDK_Depict_30_162,O=[Si]1O[Si]1=O,O=[Si]1O[SiH]1=O
CDK_Depict_30_163,C1N(ON(ON1Cl)Cl)Cl,ClN1CN(Cl)ON(Cl)O1
CDK_Depict_30_165,C#[Si]OO[Ge]#C,C#[Si]OO[Ge]#C
CDK_Depict_30_166,C[Si]1(S[Si](S[Si](S1)(C)C=C)(C)C=C)C=C,C=C[Si]1(C)S[Si](C)(C=C)S[Si](C)(C=C)S1
CDK_Depict_30_167,[3H]CS(=O)(=[W])[B],*CS(=*)o
CDK_Depict_30_168,C=1=N[Al](N1)N=C=N[Al]2N=C=N2,c1=[n][n](N=C=N[n]2[n]c([n]2)=[n]2)[n]1
CDK_Depict_30_170,O=[P+]1OSO1,O=[P+]1COSO1
CDK_Depict_30_171,N[SiH](N([N+](=O)O)[SiH](N)[SiH3])[SiH3],*[SiH2]([SiH3])N([N+](=O)[o-4])[SiH2](N)[SiH2]
CDK_Depict_30_172,C1=C[Si]2=[Zr]=[Si]1C=C2,c1c[s+]2cc[s+][Zn-]2C1
CDK_Depict_30_173,C(=O)=[Ir]Cl,O=C=[Ir+]Cl
CDK_Depict_30_174,CC1=CC(=S(S1)I)C,Cc1cc(C)ss1
CDK_Depict_30_175,Cl[Pd](I)I,Cl[Pd](I)I
CDK_Depict_30_176,CCN(C)[Te](N(C)CC)(N(C)CC)N(C)CC,CCN(C)C[Ti](N(C)CC)(N(C)CC)N(CC)CC
CDK_Depict_30_177,CN1N=PC=P1,CN1npcp1
CDK_Depict_30_178,O=[Mn](=O)(=O)O[Mn](=O)(=O)=O,O=[Mn](=O)(=O)O[Mn](=O)(=O)=O
CDK_Depict_30_179,B1=CB=CB=C1,B1cscsc1
CDK_Depict_30_180,C=C1[Se]C(=C)[Se]1,C=C1C[Se]C(=C)[Se]1
CDK_Depict_30_181,CP(ON=C(F)Cl)(F)(F)Cl,FC(Cl)=NO[PH](F)(F)(F)Cl
CDK_Depict_30_182,B1=C(OC(=C1F)F)F,Fc1oC(F)sc1F
CDK_Depict_30_183,O[Te](=O)(=O)O[Te](=O)(=O)OP,O=[Tc](=O)(O)O[Tc](=O)(=O)O[18P]
CDK_Depict_30_184,[B]B(B(OC)OC)OC,COB(O)B(OC)OC
CDK_Depict_30_185,C1CC(=C=O)C1=C=O,O=C=C1CC1
CDK_Depict_30_186,C1CCC(CC1)[Sn](Br)(Br)Br,Br[Sn](Br)(Br)C1CCCCC1
CDK_Depict_30_187,C1(=NC(=O)N=N1)N=O,O=Nc1n=NC(=O)CN1
CDK_Depict_30_188,C=IC(N)[I-]I(=C)=PCI,C=IC([W])[IH]I(=C)=PCI
CDK_Depict_30_189,[3H]S(=[B])[Si](S(=[B])[3H])(S(=[B])[3H])S(=[B])[3H],[3H]S[Si](S([3H])=[3H])(S([3H])=[3H])[SH](=[3H])=[3H]
CDK_Depict_30_190,C[Se]C1=CC=CC(=C1)F,CSc1cccc(F)c1
CDK_Depict_30_191,O=I(F)(F)F,O=I(F)(F)F
CDK_Depict_30_192,C[Sn](OCl(=O)(=O)=O)(OCl(=O)(=O)=O)OCl(=O)(=O)=O,C[Sn](OCl(=O)(=O)=O)(OCl(=O)(=O)=O)OCl(=O)(=O)=O
CDK_Depict_30_193,[N-]=[N+]=NI(N=[N+]=[N-])N=[N+]=[N-],[N-]=[N+]=NI(N=[N+]=[N-])N=[N+]=[N-]
CDK_Depict_30_194,Br[Zr](Br)I,Br[Zr-](Br)Br
CDK_Depict_30_195,CO[Ge](OC)(Br)Br,COC[Ge](CBr)OC
CDK_Depict_30_196,C(F)(F)(F)P1P([Te]1)C(F)(F)F,FC(F)(F)P1CP(C(F)(F)F)[Fe]1
CDK_Depict_30_197,C[Si](C)(C)C[In](C[Si](C)(C)C)Cl,C[Si](C)(C)C[sH](Cl)C[Si](C)(C)C
CDK_Depict_30_198,O=S1(=S)O[Al](O1)OS(=O)(=S)O[Al]2OS(=O)(=S)O2,O=S1(=S)O[Al](OS(=O)(=S)O[AlH]2OS(=O)(=S)O2)O1
CDK_Depict_30_199,B(=NF)P(P)PP,[F-]N=BP(P)PP
CDK_Depict_30_200,CP(=S)(C)S[Sn](C)(C)SP(=S)(C)C,CP(C)(=S)S[Sn](C)(C)SP(C)(C)=S
CDK_Depict_30_201,C1CCC(=[Zr](Cl)Cl)C1,C=C(CCCCCCCCCCCCCCCCCCCl)CCCCl[Zr](Cl)Cl
CDK_Depict_30_202,[B]B=[S-](=PB([B])[B])B([B])[B],**=[s+](=p[2H](*)*)p(*)*
CDK_Depict_30_203,B1=BC(=BB=C1)C(C)(C)C,CC.Cc1b=bcsb1
CDK_Depict_30_204,C=C/[SiH]=[SiH]/[SiH]=[SiH]/[SiH]=[SiH]/C=C,C=C*=[Si]=*[SiH]=[SiH]=[SH]C=C
CDK_Depict_30_205,O(S(F)(F)(F)(F)F)S(F)(F)(F)(F)F,FS(F)(F)(F)(F)OS(F)(F)(F)(F)(F)F
CDK_Depict_30_206,CP(C)N=S(=NP(C)C)(C)C,CP(C)N=S(C)(C)=NP(C)C
CDK_Depict_30_207,CC1=PPP=P1,*1cpcp1
CDK_Depict_30_208,C1=CSC(=NO)S1,ON=C1SccS1
CDK_Depict_30_209,Cl[Mo](Cl)(Cl)(Cl)(Cl)I,Cl[Mo](Cl)(Cl)(Cl)(Cl)Cl
CDK_Depict_30_210,C(=C(Cl)[Hg]C(=C(Cl)Cl)Cl)(Cl)Cl,ClC(Cl)=C(Cl)Cl
CDK_Depict_30_211,C[Sn](O[N+](=O)[O-])(O[N+](=O)[O-])O[N+](=O)[O-],C[Sn](O[N+](=O)[O-])(O[N+](=O)[O-])O[N+](=O)[O-]
CDK_Depict_30_212,C1=[As]O[As]=CO1,C1=[As]O[As]cO1
CDK_Depict_30_213,[2H]C([2H])([2H])[O+]([2H])C([2H])([2H])[2H],[2H]*([2H])([2H])C([2H])([2H])[2H]
CDK_Depict_30_214,N(=[P-])P,[PH-]N=[PH-]
CDK_Depict_30_215,C(=[Si](P(=O)(O)O)P(=O)(O)O)(Cl)Cl,O.O=[2H](O)[Si](=C(Cl)Cl)P(=O)(O)O
CDK_Depict_30_216,CCC(N)[Si]1=CC=CC=C1,CCC(N)[s+]1ccccc1
CDK_Depict_30_217,C1#C[Se]C#C[Se]C#C[Se]1,C1#C[Se]C#C[Se]C#C[Se]1
CDK_Depict_30_218,CCC=[W](Cl)(Cl)(Cl)Cl,CCC=[W](Cl)(Cl)(Cl)(Cl)Cl
CDK_Depict_30_219,C1=CS(=S)NS1,S=S1ccSN1
CDK_Depict_30_220,F[Cr](F)(F)(Cl)(Cl)Cl,C[Cr-](F)(Cl)(Cl)Cl
CDK_Depict_30_221,CCSOP(O)OSCC,*C(OSC)oSCC
CDK_Depict_30_223,C(#P=O)[N+](C#P=O)(C#P=O)[O-],o=[2H]#CN(C#[2H]=o)(CO)CP=O
CDK_Depict_30_224,C1=C[GeH]=C[GeH]=C1,c1cc[Ge]c[Ge]1
CDK_Depict_30_225,C[I-][Si](Cl)(Cl)I,Cl[Si]([Cr])(I)I
CDK_Depict_30_226,B1(B(OOOB1C)C)C,Cb1cOcb(C)c1C
CDK_Depict_30_227,N(=[Re](F)(F)(F)(F)F)Cl,F*(F)(F)(F)=NCl
CDK_Depict_30_228,CCCCSSNC(=O)F,CCCCSSNC(=O)F
CDK_Depict_30_229,CS1(C[I-]1)OS(C)(C)[I-]C,C[SH](C)O.C[SH](C)O
CDK_Depict_30_230,C(=N\[As])(\N)/N([As])[As],NC(=N[AsH2])N([AsH2])[AsH2]
CDK_Depict_30_231,[C-]#[N+]C1=NS(=[Se])N=C1[N+]#[C-],[C-]#[N+]C1=NS(=[Se])N=C1[N+]#[C-]
CDK_Depict_30_232,C=C(O)SOSC(=C)O,C=C(O)SOSC(=C)O
CDK_Depict_30_233,C1=C[Si](C(=C1F)F)F,Fc1c(F)cc[SiH2]1
CDK_Depict_30_234,[Se]1[Se][Se][Se][Se][Se][Se]1,s1[se][se][se][se][se]1
CDK_Depict_30_236,CCN([Si](Br)(Br)Br)[Si](Br)(Br)Br,CCN[Si](Br)(Br)Br.N[Si](Br)(Br)Br
CDK_Depict_30_237,C1(=N[GeH2]1)F,FC1=[NH2+][GeH2]1
CDK_Depict_30_238,B(O)(O)SB(O)O,O[2H](O)S[2H](O)O
CDK_Depict_30_239,C(=O)[O+]1OO1,O=CO1Os1
CDK_Depict_30_240,CC[As](CC)(C[As](CC)(CC)(F)F)(F)F,CC[As](F)(F)(F)C[As](F)(F)(F)(CC)CC
CDK_Depict_30_241,C(C([SiH2]C(Cl)Cl)Cl)([SiH2]C(Cl)Cl)Cl,ClC(Cl)[SiH2]C(Cl)C(Cl)[SiH2]C(Cl)Cl
CDK_Depict_30_242,[2H]OP=S(=O)(O[2H])P=S,O.[2H]O.[2H]OP=[SH](=o)p=s
CDK_Depict_30_243,CCO[Ge](C[Si](C)(C)CCl)(OCC)OCC,CCO[Ge](C[Si](C)(C)CCl)(OC)OCC
CDK_Depict_30_245,C(C(F)(F)[Se][Se]C(C(F)(F)F)(F)F)(F)(F)F,FC(F)(F)C(F)(F)[Se][Se]C(F)(F)C(F)(F)F
CDK_Depict_30_246,N([N+](NF)(NF)[O-])F,O[N+]([NH2+]F)([NH2+]F)[NH2+]F
CDK_Depict_30_247,N12N3[Se]N([Se]1)N([Se]2)[Se]3,C([SeH])[Se]1[nH]2[sH]2[sH]1
CDK_Depict_30_248,C[Si](C)(C)[P+]([N-]N)([S-])Cl,[2H][P+]([S-])([AlH2+][AlH2])[SH2+]C
CDK_Depict_30_249,COS(=O)C([NH+]=[N-])OS(=O)C,COS(=O)C[nH+][nH-]
CDK_Depict_30_250,[Al-](Br)(Br)(Br)I,Br[Al-](Br)([Br-])I
CDK_Depict_30_251,C1C(=O)N[Si](=S)S1,O=C1CS[Si](=S)N1
CDK_Depict_30_252,C1C(OS(=O)O1)C#CF,C#CC1COCS(=o)O1
CDK_Depict_30_253,C(CN=O)C(CCN=O)N=O,O=C=NCCC(CCN=O)N=C=O
CDK_Depict_30_254,C[As](=S)(C)[As](=S)(C)C,C*(C)(=S)[As](C)(C)=S
CDK_Depict_30_255,C1(=NI=IN1)Cl,Clc1n**n1
CDK_Depict_30_256,C1(=S)OP(O1)OC(=S)OP2OC(=S)O2,S=C1OP(OC(=S)OP2OC(=S)O2)O1
CDK_Depict_30_257,CN(C)P(C(=C(F)F)F)C(=C(F)F)F,CN(C)FC(F)=C(F)F.FC(F)F
CDK_Depict_30_258,C(=N)(N)[Ga](C(=N)N)C(=N)N,N=C(N)[Gd]C(=N)N
CDK_Depict_30_259,C(=O)C([Hg]Br)([Hg]Br)[Hg]Br,O=CC(*[Br-])(*[Br-])*[Br-]
CDK_Depict_30_260,B(CC(B(O)O)B(O)O)(O)O,OB(O)CC(B(O)O)B(O)O
CDK_Depict_30_261,CCS(S(SI)(I)I)(I)I,*[SH](*)(*)[SH](*)(*)CC
CDK_Depict_30_262,N1=[S+][Te](=NS1)Cl,Cl[Te]1nSN=[S+]1
CDK_Depict_30_263,C1(=NC(=[N+](C(=N1)F)[Xe]F)F)F,F[Xe][n+]1c(F)nc(F)nc1F
CDK_Depict_30_264,CN[Sn](NC)(NC)NC,CN[Sn](NC)(NC)NC
CDK_Depict_30_265,C(/C=C/C#P)P(P)(P)(P)Br,*C=CC[PH](*)(P)(P)[Br-]
CDK_Depict_30_266,CC(C)N/C=C(/NC(C)C)\[Si],CC(C)NC=C([SiH3])NC(C)C
CDK_Depict_30_267,P12P3SP(S1)P(S2)S3,[s]1[p]2[p]3[p](s3)[p]1S3
CDK_Depict_30_268,[2H]P(O[3H])[Si],[2H]P([SiH3])O[3H]
CDK_Depict_30_269,N1=PP=NS1,n1snpP1
CDK_Depict_30_271,C[Si](C)(C)C[Pb](C[Si](C)(C)C)(C[Si](C)(C)C)Cl,C[Si](C)(C)C[Pb](Cl)(C[Si](C)(C)C)C[Si](C)(C)C
CDK_Depict_30_272,CC#C[Sb](C#CC)(C#CC)(C#CC)C#CC,C#C[Sb](C#CC)(C#CC)(C#CC)C#CC
CDK_Depict_30_273,CCC=[Si]1O[Si]O1,CC=[Si]1O[SiH3]O1
CDK_Depict_30_274,[B-]([N+](=O)[O-])([N+](=O)[O-])(F)F,O=[N+]([O-])[B-](F)(F)[N+](=O)[O-]
CDK_Depict_30_275,Cl[I-]1([Cl+][I-]([Cl+]1)(Cl)Cl)Cl,Cl[I-]1(Cl)[CH+][I-](Cl)(Cl)[CH+]1
CDK_Depict_30_276,C(#N)[Se](C#N)(F)F,N#C[Se](F)(F)F
CDK_Depict_30_277,CC(C)(C)N1N(O1)C(C)(C)C,CN1ON1C
CDK_Depict_30_278,COC1=C(OC(O1)(F)F)F,COC1=C(F)OC(C)(C)O1
CDK_Depict_30_279,N(=O)O[N+](=O)N1[N+](=O)O[N+]1=O,O=NO[N+](=O)N1[n+](=O)O[n+]1=O
CDK_Depict_30_280,CSC(=[N+]=C(SC)Cl)Cl,CSC(Cl)=[N+]=C(Cl)SC
CDK_Depict_30_281,C(=C(Cl)Cl)(SP(=S)(N)N)Cl,N[PH](N)(=S)SC(Cl)=C(Cl)Cl
CDK_Depict_30_282,CC(C)(C)N=[Cr](=NC(C)(C)C)(Cl)Cl,CC(C)(C)N=[Cr](Cl)(Cl)=NC(C)(Cl)Cl
CDK_Depict_30_283,C1=NNSS1(=[Fe])(S)S,S[SH]1(S)([Fe])C=NNS1
CDK_Depict_30_284,C#CP(=[Te])(O)[Te],C#CP([TeH])(=[TeH])OOOOOOOOOOOOOOOOOOOOOOOO
CDK_Depict_30_285,O=[Os]1(=O)O[Os](=O)(=O)O1,O=S1(=O)o[Os](=O)(=O)O1
CDK_Depict_30_286,F[P+](=S)[S-](=S=S)=[W],*=[SH](=ss)[P+](F)=S
CDK_Depict_30_287,CN(C)[SiH](N(C)C)[Si](N(C)C)(N(C)C)N(C)C,CN(C)[Si](N(C)C)(N(C)C)[Si](N(C)C)(N(C)C)N(C)C
CDK_Depict_30_288,C(OS(=O)Cl)(OS(=O)Cl)(OS(=O)Cl)OS(=O)Cl,O=S(Cl)OC(OS(=O)Cl)(OS(=O)Cl)OS(=O)[U]
CDK_Depict_30_289,CC=C1CN(C1)[N+](=O)O,CCC1CN([N+](=O)O)C1
CDK_Depict_30_290,B(F)([Si](F)(F)F)[Si](F)(F)F,FB([Si](F)(F)F)[Si](F)(F)F
CDK_Depict_30_291,CC(C)(C)[N+](C)(C)P(=N)(N(C)C)N(C)C,CN(C)P(=[NH2+])(N(C)C)N(C)(C)C
CDK_Depict_30_293,B(=S(=S)=S(=S)=S(=S)=S(=S)=S)CC,CCB=[SH](=S)s(s)ss(s)s
CDK_Depict_30_294,CCCC[Te](Br)(Br)Br,CCCC[Te](Br)(CBr)CBr
CDK_Depict_30_295,CC(C)OP(=S)(NC)Cl,CO[PH]([NH2+])(=S)Cl
CDK_Depict_30_296,S1[SnH2]S[SnH2]S[SnH2]1,S1[SnH]S[SnH]S[SnH]1
CDK_Depict_30_297,C1=NNN(N=C1)Cl,Cln1nccnn1
CDK_Depict_30_298,CS(N=O)(I)(I)(I)I,CS(I)(I)(I)(I)(I)(I)(I)(I)(I)(I)(I)(I)(I)(I)(I)(I)(I)(I)(I)(I)(I)(I)(I)(I)(I)(I)(I)(I)(I)(I)(I)(I)(I)(I)(I)(I)(I)(I)(I)(I)(I)(I)(I)(I)(I)(I)(I)(I)(I)(I)(I)(I)(I)(I)(I)(I)(I)(I)(I)(I)(I)(I)(I)(I)(I)(I)(I)(I)(I)(I)(I)(I)(I)(I)(I)(I)(I)(I)(I)(I)(I)(I)(I)(I)(I)(I)(I)(I)(I)(I)(I)(I)(I)(I)(I
CDK_Depict_30_299,C1C[In](N=C1)N,N[In]1CCC=N1
CDK_Depict_30_300,C1NC(=O)SC(=O)S1,O=C1SCNCS1
CDK_Depict_30_301,C1=ISI=C1,c1cccC1
CDK_Depict_30_302,[3H]/[W](=N/I)=S,Nn(=s)nI
CDK_Depict_30_303,B1(OB(OB(O1)C=C)C)C,C=CB1*bobo1
CDK_Depict_30_304,CS[P+](=S)OC(=C)O[P+](=S)SC,C=C(O[p+](=S)SC)o[p+](=S)SC
CDK_Depict_30_305,C[SiH]1[SiH](SC(=C2S[SiH]([SiH](S2)C)C)S1)C,C[SiH]1SC(C2S[SiH](C)[SiH](C)S2)S[SiH]1C
CDK_Depict_30_306,[B-]([N+](C)(C)C)(F)(F)Cl,CB(F)(F)[N+](C)(C)C
CDK_Depict_30_307,O=[Te](=O)(Cl)Cl,O=[Te](=O)(=O)[Gd]
CDK_Depict_30_308,CO[Al](OC)Br,CC[Al](Br)OC
CDK_Depict_30_309,CC1=CC(=[O+][Si]O1)C,Cc1cc(C)o[Si]o1
CDK_Depict_30_310,C1=C[Te]1(C(=O)O)(C(=O)O)(C(=O)O)C(=O)O,C1=C[Te](C(O)=O)(CC(O)=O)(C(O)=O)CC(=O)O
CDK_Depict_30_311,C(#P(F)P=C=O)N=[N+]=[N-],[N-]=[N+]=NC#[p+](F)P=C=O
CDK_Depict_30_312,[2H][B-]([2H])([2H])C#N,[2H][B-](O)(O)C#N
CDK_Depict_30_313,N1=[Si](N=[Si](N=[Si]1Cl)Cl)Cl,Cls1ns(Cl)ns(Cl)n1
CDK_Depict_30_314,C1=C[Ge](C=C[Ge]1(I)I)(I)I,*[Ge]1cc[Ge](*)(*)cc1
CDK_Depict_30_315,C(F)(F)(F)[Se]C(F)(SCl)Cl,FC(F)(F)[Se]C(F)(Cl)SCl
CDK_Depict_30_316,[2H]C([2H])([2H])[Si]([2H])(C)C([2H])([2H])[2H],[2H]C([2H])([2H])[Si](C)(O)C([2H])([2H])[2H]
CDK_Depict_30_317,CCOC1=NC=CN=C1OCC,CCOc1nccnc1OCC
CDK_Depict_30_318,SS(=S)(=S)S(=S)(=S)[I-]S(=S)(=S)S,CS(=S)(=S)S(=S)(=S)[SeH]
CDK_Depict_30_319,C(=O)(N)NO[Si]NC(=O)N,*C(=O)N[Si]ONC(N)=O
CDK_Depict_30_320,B1(NB(SS1)C)C,CB1[4]SC
CDK_Depict_30_321,CI(#C)OOS,*oOI(#C)C
CDK_Depict_30_322,O=[Sn]1O[Bi](O1)O[Sn](=O)O[Bi]2O[Sn](=O)O2,O=[Sn]1o[Sn](O[Sn](=O)O[Sn]2o[Sn](=O)o2)o1
CDK_Depict_30_323,[B](P)[I-]B([I-][B]P)[I-]P[I-][B]P,*B[IH]B([IH]B*)[IH][IH][IH]BP
CDK_Depict_30_324,N#[Ru-](Br)(Br)(Br)Br,N#[Ru](Br)(Br)(Br)Br
CDK_Depict_30_325,C1(=IC(=IC(=I1)Cl)Cl)Cl,Clc1nc(Cl)nc(Cl)n1
CDK_Depict_30_326,CC(CO)ONN(OC(C)CO)OC(C)CO,CC(CO)ONN(OC(C)CO)OC(C)CO
CDK_Depict_30_327,CCCO[Pr](OCCC)OCCC,CCCO[CH2](CC)(OC)OCC
CDK_Depict_30_328,C(C(Cl)(Cl)Br)(N=S(F)F)(Cl)Cl,FS(F)=NC(Cl)(Cl)Cl
CDK_Depict_30_329,C1(=[Se])[Se][Ba][Se]1,[Se]=c1[se][se][se]1
CDK_Depict_30_330,[3H]C1=CC(=[Si]C(=C1)[3H])[3H],[13H]c1cc([13H])sc([13H])c1
CDK_Depict_30_331,C[Si](C)(C)CSC([Si](C)(C)C)([Si](C)(C)C)Br,COC(SC[Si](C)(C)C)([Si](C)(C)C)[Si](C)(C)C
CDK_Depict_30_332,[2H]S(=BOOOON)(=C=O)OOOO,[2H]S(=c=o)(OOOO)=OCOOON=NN=N[W]
CDK_Depict_30_333,N1(P(N(P(N(P1Br)Br)Br)Br)Br)Br,Brn1p(Br)n(Br)p([Br-])n([Br-])p1Br
CDK_Depict_30_334,[Ca][Ca][Ca][Ca][Ca][Ca][Ca][Ca][Ca][Ca],C[Ga][Ga]**[Ca][Ga][Ca][Ga][Ga][Ga]
CDK_Depict_30_335,C1=C(C(=C(S1)I)P=O)P=O,O=Pc1cCSc(I)c1p=O
CDK_Depict_30_336,CI1(=C)C=C1,C=[IH](C)C
CDK_Depict_30_337,CCP(#SCC)I,CC[SH]=[PH](C)I
CDK_Depict_30_338,CNP(=C)(NCC#C)F,C#CNP(=C)(F)NC
CDK_Depict_30_339,B(O[Si]C)(O[Si]C)O[Si]C,C[SiH2]OB(O[SiH3])O[SiH2]C
CDK_Depict_30_340,CC(C)(C)P(=O)(CN=[N+]=[N-])C(C)(C)C,CP(C)(=O)CN=[N+]=[N-]
CDK_Depict_30_341,CCI(O)(O)(O)I(O)O,*I(*)(*)(O)I(O)O
CDK_Depict_30_342,CN(OC)[Al](C)Cl,CON(C)[Al](C)Cl
CDK_Depict_30_343,S1S[Se][Se][Se][Se][Se]S1,*1SSS[Se][Se][Se]1
CDK_Depict_30_344,CS=1(=CNC=NC1)C,Cs1(C)cnc[nH2+]c1
CDK_Depict_30_345,CCP(CC)C=C=C,C=C=CP(CC)CC
CDK_Depict_30_346,COCC(OCCI)I,COCC(CI)OCCI
CDK_Depict_30_347,C[Te]1(CCOCC1)OCl(=O)(=O)=O,C[Te]1(OCl(=O)(=O)=O)CCOCC1
CDK_Depict_30_348,O=[Ta](=O)O[Ta](=O)=O,O=[Ta](=O)O[Ta](=O)=O
CDK_Depict_30_349,C[P+](F)(F)F,C[P+](F)(F)F
CDK_Depict_30_350,O1[GeH2]O[Ge]2O[Ge]O[GeH2]O[Ge](O2)(O[Ge]1)O[GeH3],[GeH3]O[GeH3]1O[GeH3][GeH3]O[GeH3]2O[GeH3]O[GeH3]O[Ge](O[GeH3])(O1)O2
CDK_Depict_30_351,B(C#N)(OC#CC=O)F,N#CB(F)OC#CC=O
CDK_Depict_30_352,C=[U]=C(C#N)[N+]#[C-],[C-]#[N+]c(C#N)=o=C
CDK_Depict_30_353,C(=O)(N=S(=NC(=O)F)(F)F)F,O=C(F)N=S(F)(F)=NC(=O)F
CDK_Depict_30_354,B1(N(B(N(B(N1[AlH2])Cl)[AlH2])Cl)[AlH2])Cl,[AlH2]N1B(Cl)N([AlH2])B(Cl)N([AlH2])B1Cl
CDK_Depict_30_355,CC(=S(C)(F)(F)F)C,C[SH](F)(F)(F)F
CDK_Depict_30_356,C(=O)=[Cr](=C=O)=C=S,O=C=c(=c=O)=c=S
CDK_Depict_30_357,C[Si](C)(C)C[Al](C[Si](C)(C)C)I,C[Si](C)(C)C[Al](I)C[Si](C)(C)C
CDK_Depict_30_358,N=NN(OOO[Si])OOS,N=NN(OOS)OOO[SiH]
CDK_Depict_30_359,C(=C(/N(Br)Br)\Br)(\N)/Br,CON(Br)C(Br)=C(N)Br
CDK_Depict_30_360,P12P3[As]1[As]23,[A5]1[A5]2P12
CDK_Depict_30_361,C1(=C2[Se]C(=C([Se]2)I)I)[Se]C(=C([Se]1)I)I,CC1[Se]CC(I)[Se]1
CDK_Depict_30_362,CCN([Al](CC)CC)[Al](CC)CC,CC[AlH](C)N(C)[AlH](C)CC
CDK_Depict_30_363,CS(=O)(=O)[Si](O)(O)S(=O)(=O)C,*=[Si](=*)(C)[Si](O)([Ho])S(=*)(=*)C
CDK_Depict_30_364,C[Si](C)(C)C[Ga](C[Si](C)(C)C)Br,C[Si](C)(C)C[Ge](Br)C[Si](C)(C)C
CDK_Depict_30_365,C[Ge]1(C[Si](C1)(Cl)Cl)C,C[Se]1(C)C[Si](Cl)(Cl)C1
CDK_Depict_30_366,O(F)[Al-](F)(F)F,Fs[Al-](F)(F)F
CDK_Depict_30_367,C1(=C([Se]C(=S)[Se]1)S)S,S=C1[Se]C(S)C(S)[Se]1
CDK_Depict_30_368,C(F)(F)(F)[As](C(F)(F)F)O[As](C(F)(F)F)C(F)(F)F,FC(F)(F)[As](CO[As](C(F)(F)F)C(F)(F)F)C(F)(F)F
CDK_Depict_30_370,CC(C)P(=N[Si](C)(C)C)(Br)Br,CC(C)[PH](Br)(Br)n[Si](C)(C)C
CDK_Depict_30_371,C[S+](C)[Te](Cl)(Cl)Cl,CS[Te](Cl)(Cl)Cl
CDK_Depict_30_372,B(C(=C=O)[Si](C)(C)C)(Cl)Cl,CO(C)C(=C=O)[Si](C)(C)C
CDK_Depict_30_373,CCCS[In](SCCC)SCCC,CCCSC[nH](SCCC)SCCC
CDK_Depict_30_374,C(=O)=[SnH]O[SnH3],O=[Sn]O[SnH]
CDK_Depict_30_375,CN1N(SCCS1)C,CN1SCCSN1C
CDK_Depict_30_376,[B][B]C(P([B])[B])P([B])[B],CC(P(C)C)P(C)C
CDK_Depict_30_377,CS(=S)(=S)[S-](=O)=S,CS(=S)(=S)[SH](=S)=S
CDK_Depict_30_378,[SiH2]1[SiH2]P2[SiH2][SiH2]P([SiH2]1)[SiH2]2,[SnH2]1[SnH2][PH]2[SnH2][SnH2][PH][SnH2]2
CDK_Depict_30_379,B1=CC[SiH2][SiH2]C=C1,c1occ[sH2][SiH2]C1
CDK_Depict_30_380,CCSC=S=S(=S)=S(=S)=S,CSCss(s)s(s)s
CDK_Depict_30_381,C(C(C(F)Cl)(F)Cl)(F)Cl,FC(Cl)C(F)(Cl)C(F)Cl
CDK_Depict_30_382,CP(C)C[Bi](CP(C)C)CP(C)C,CP(C)C[Bi](CP(C)C)CP(C)C
CDK_Depict_30_383,CCC/C=S\1/SSSSS1=O,CCCCC=S(SsSC)S(=O)S
CDK_Depict_30_384,S1[Ga]S[Ga]1,*1Scs1
CDK_Depict_30_385,C1(=[Ge]=N1)Cl,Clc1ss1
CDK_Depict_30_386,B1=NC(=CC=C1)N(N([Si])[Si])[Si],[Si]N([Si])N([Si])c1cccon1
CDK_Depict_30_387,C1=CON(P=C1)OO,[nH]On1ocCcp1
CDK_Depict_30_388,C(=P(Cl)(Cl)Cl)[P+](Cl)(Cl)Cl,Cl[P+](Cl)(Cl)Cl
CDK_Depict_30_389,C[Si](C)(C)C(=O)N[In]NC(=O)[Si](C)(C)C,C[Si](C)(C)C(=O)*NC(=O)[Si](C)(C)C
CDK_Depict_30_390,N(P(=O)(Cl)Cl)P(=O)(Cl)Cl,*[PH](=c)(Cl)[NH2+][PH](=*)(Cl)Cl
CDK_Depict_30_391,[2H]C(I)I([2H])P,*C([2H])I(*)[2H]
CDK_Depict_30_392,CO[Si](O)(O)O[Si](O)(O)OC(O)O,CO[Si+](O)([Mo])O[Si](O)(O)OC(O)O
CDK_Depict_30_393,CN=S(=C=S(=NC)(C)C)(C)C,CN=S(C)(C)=C=S(C)(C)=NC
CDK_Depict_30_394,[B-]1C[N+]([B-](C[N+]1(C)C)C#N)(C)C,C[B-]1(C#N)C[N+](C)(C)[N+](C)(C)C[N+]1(C)C
CDK_Depict_30_395,B1(B(C=CC=C1)C)C,CB1ccccb1C
CDK_Depict_30_396,S1[Sb]S[Sb]2S[Sb]S[Sb]1S2,S1sss2ssss1s2
CDK_Depict_30_397,C(=NS(=O)(=O)OS(=O)(=O)N=C=O)=O,O=C=NS(=O)(=O)OS(=O)(=O)[N-]=C=O
CDK_Depict_30_398,B1(NB(NB(N1)CCCCCC)CCCCCC)CCCCCC,CCCCCCB1[NH+]CB(CCCCCC)[NH+](CCCCCC)[NH+]1
CDK_Depict_30_399,B(C(C)(C)C)(Br)Br,BBBr
CDK_Depict_30_400,C[Ge](C)(C)N(P(F)F)[Ge](C)(C)C,C[Ge](C)(C)N(P(F)F)[Ge](C)(C)C
CDK_Depict_31_1,[B]1B2B3B4B1OB3B24,C1CCC1
CDK_Depict_31_2,CS1(PC(P1)O)C,C[Si](C)(C)pc(O)[pH]
CDK_Depict_31_3,C[S+](C)OI(=O)(O)OI(=O)([O-])OI,*O*(=O)(O)O*(=O)(O)O[S+](C)C
CDK_Depict_31_4,[B](B1CB(C1=S=S)F)F,B.CSC(S)s=S
CDK_Depict_31_5,C(OCS(Cl)(Cl)(Cl)(Cl)Cl)S(Cl)(Cl)(Cl)(Cl)Cl,ClC(Cl)(Cl)(Cl)Cl.ClS(Cl)(Cl)(Cl)(Cl)Cl
CDK_Depict_31_6,O(OF)O[Sn](F)(F)F,FOOO[Sn](F)(F)F
CDK_Depict_31_7,F[Ru](F)(F)(F)(F)(F)(F)F,F.F.F[Po-](F)(F)(F)(F)F
CDK_Depict_31_8,B(C)(C)C1=NC(=NC(=N1)B(C)C)B(C)C,CB(C)C1nc(n(C)C)nc(s(C)C)n1
CDK_Depict_31_9,[2H][15N]=C([15N]([2H])[2H])O[2H],[2H]OC(=*O)*(O)O
CDK_Depict_31_10,C=NC1=CC=C(C=C1)N(C2=CC=C(C=C2)N=C)C3=CC=C(C=C3)N=C,C=C=Nc1ccc(N(c2ccc(N=C)cc2)c2ccc(N=C)cc2)cc1
CDK_Depict_31_11,P(P(Br)I)(Br)Br,*p(*)*
CDK_Depict_31_13,CC(C)(C)C[Si](=O)O[Si](=O)C,CC(C)C.C[Si](=O)O
CDK_Depict_31_14,CC#CC#CC(P)(P)P=N,*C([pH])C#CC#C
CDK_Depict_31_15,CN1C(=O)N(S1)C,C*1S*(C)C1=O
CDK_Depict_31_16,B#P(P)S(=O)C,*p(=O)S(C)=O
CDK_Depict_31_17,[N-]=[N+]=NS(=[V])N=[N+]=[N-],[N-]=[N+]=NS(=[V])N=[N+]=[N-]
CDK_Depict_31_18,CC[Pb](C1=CC=CC=C1)(Cl)Cl,Cl.c[2H](Cl)(Cl)c1ccccc1
CDK_Depict_31_19,[2H]I(=O)(B(C)P)N,[2H]n(=O)*[2H](C)[PH3]
CDK_Depict_31_20,CSC1=NOC(=N1)N,CSc1sOc(N)s1
CDK_Depict_31_21,COS[Si](N=C=O)SOC,COS.O=C=NSS.OS
CDK_Depict_31_22,CP(=S)(C)C#CP(=S)(C)C,CO(=S)C#CO(C)(C)=S
CDK_Depict_31_23,NP(=O)(N)NNP(=O)(N)N,*P(*)(=O)[W][AlH]P([NH2-])([14NH3])=O
CDK_Depict_31_24,C[Ge](C)(C)C(=[As](C)(C)C)[Ge](C)(C)C,C[Ge](C)(C)C([Ge](C)(C)C)=[Ge](C)(C)C
CDK_Depict_31_25,Cl[In-](I)(I)I,*.Cl
CDK_Depict_31_26,C(=O)=[Si](N[SiH3])Cl,C=C=[Si](Cl)N[SiH3]
CDK_Depict_31_27,B1=C(SC(=N1)N)N,C1[s][s]c(N)S
CDK_Depict_31_28,Br[Pd-2](Br)(Br)(Br)(Br)Br,C[Po-](Cl)(Cl)(Cl)(Cl)(Cl)(Cl)(Cl)(Cl)(Cl)(Cl)(Cl)(Cl)(Cl)(Cl)(Cl)(Cl)(Cl)(Cl)(Cl)(Cl)(Cl)(Cl)(Cl)(Cl)(Cl)(Cl)(Cl)(Cl)(Cl)(Cl)(Cl)(Cl)(Cl)(Cl)(Cl)(Cl)(Cl)(Cl)(Cl)(Cl)(Cl)(Cl)(Cl)(Cl)(Cl)(Cl)(Cl)(Cl)(Cl)(Cl)(Cl)(Cl)(Cl)(Cl)(Cl)(Cl)(Cl)(Cl)(Cl)(Cl)(Cl)(Cl)(Cl)(Cl)(Cl)(Cl)(Cl)(Cl)(Cl)(Cl)(Cl)(Cl)([Br)([Br)([Br])([Br)([Br)([Br])([
CDK_Depict_31_29,[2H]S[B]S(=[B])[2H],O=[SH][SH]=S(=O)=S
CDK_Depict_31_30,CN(C)C1=C(C1=N)N(C)C,CN(C)C1CCC1=N
CDK_Depict_31_31,P1PP2PPPP2P1,C1CCC1
CDK_Depict_31_32,CC1=C(OOC1=O)C,O=C1C=COO1
CDK_Depict_31_33,CC(C)(C)[As]([As](C(C)(C)C)I)I,CC.CC
CDK_Depict_31_34,O=[Te](Br)Br,C=[Te](Br)Br
CDK_Depict_31_35,CC(SC(C)(I)I)(I)I,CC.CSC(C)(C)C
CDK_Depict_31_36,[3H]C#CCCC#CS(=P[3H])I,[3H]p([3H])=[SH]C#CCCCCCCCC
CDK_Depict_31_37,B1(B(C(=C=C1F)F)F)F,F[2H]1=C(F)C=C(I)[2H](I)[2H]1
CDK_Depict_31_38,[2H]P(P[3H])P=O,*pp(p)p=O
CDK_Depict_31_39,C/C=[Ru](/Cl)\I,Cl[Po](Cl)Cl
CDK_Depict_31_40,C1(N=NNN1[O-])[Te],[O-][V]1[14NH][14NH]nC1[TeH]
CDK_Depict_31_41,C=C1[Te]C(=C)[Te]1,CCCCCCCCCCCCCCCCCCCCCCCCCCCCCCCCCCCCCCCCCCCCCCCCCCCCCCCCCCCCCCCCCCCCCCCCCCCCCCCCCCCCCCCCCCCCCCCCCCCCCCCCCCCCCCCCCCCCCCCCCCCCCCCCCCCCCCCCCCCCCCCCCCCC)CCCCCCCCCCCCC
CDK_Depict_31_42,C1=NC(=O)OC=P1,CC.COC(C)=O
CDK_Depict_31_43,C1CSP(=S)(S1)Cl,S=[o-]1(S)SCCS1
CDK_Depict_31_44,BrI(Br)(Br)(Br)Br,*C.*C.*C.*C.*C
CDK_Depict_31_45,C1(=S)O[N+](=[N-])S1,[N-]=[n+]1CSC(=S)O1
CDK_Depict_31_46,CP=C=NP=NP=C=NP=N,Cp=C=np=Np=C=pp[nH]
CDK_Depict_31_47,N1NNN(N1)N2NNNN2,C[C@H]1C[C@H](N[C@H](C)C)N[C@H]1C[C@H]1N[C@H](N)N[C@H]1C[C@H]1N[C@H]1C[C@H]1N[C@H]1C[C@H]1N[C@H]1C[C@H]1C[C@H]1)N[C@H]1
CDK_Depict_31_48,[B](B(NNC[P+](C)(C)C)Br)Br,[1H]F[2H]([1H])[1H]*C[P+](C)(C)C
CDK_Depict_31_49,C(C(SCl)(Cl)Br)(Cl)Br,Cl.SCl
CDK_Depict_31_50,C1=C[Te][Te]C1=CC=[Te],CCCCCCCCCCCCCCCCCCCCCCCCCCCCCCCCCCCCCCCCCCCCCCCCCCCCCCCCCCCCCCCCCCCCCCCCCCCCCCCCCCCCCCCCCCCCCCCCCCCCCCCCCCCCCCCCCCCCCCCCCCC)CCCCCCCCCCCCCCCC)CCCCCCCCC)CCCCCC)CCCCCC)CCCCCCC)C
CDK_Depict_31_51,CC(C)C(=PP=C1CCCCCC1)P=C,C=C(C)CCCCCC.C=CC(=C)C(C)C
CDK_Depict_31_52,CC(C)C(C)(C)[N+]1=[Si]OO1,CC*1=[Si]OO1
CDK_Depict_31_53,C[Si]1(C[Sn](C[Si](C[Sn](C1)(C)C)(C)C)(C)C)C,C[Si](C)(C)C[Sn](C)(C)C[Sn](C)(C)C[Sn](C)(C)C
CDK_Depict_31_54,C=C(C[Te](CC(=C)Cl)(Cl)Cl)Cl,Cl.ClCl.ClCl
CDK_Depict_31_56,C[CH-][P+](=S(=CC)=CC)N,C=S(=CC)=[P+](=N)[14CH2-]C
CDK_Depict_31_57,CP(C)C[Al](CP(C)C)Cl,CCCCCl
CDK_Depict_31_58,CSC1=CN=NN=N1,CSc1cnnnn1
CDK_Depict_31_59,CN(C)SP(=O)(SN(C)C)Cl,CN(C)S[PH](=O)S
CDK_Depict_31_60,CN1C=C[N+](=[Si]1C)C,C[N+](C)=[Si](C)C
CDK_Depict_31_61,[N+](=O)([O-])OP(=O)(O[N+](=O)[O-])OF,O=[V](O)O[V](=O)(OF)O[V](=O)O
CDK_Depict_31_62,C1(=NO)N=N1,[N-]=[N+]=N
CDK_Depict_31_63,OP1(OP(S1)(Cl)(Cl)Cl)(O)O,O.O.Op(Cl)(Cl)Cl
CDK_Depict_31_64,O=P1(O[Bi](O1)OP(=O)(O[Bi]2OP(=O)(O2)F)F)F,O.O=[PH](O)O.O=[PH](O)O[SH]O.O=[PH]1(F)O[SH]O1
CDK_Depict_31_65,N#S(N=S(F)F)(F)F,CS(F)(F)*=S(F)F
CDK_Depict_31_66,CN(P(#P)ON)I,*Op(=p)*C
CDK_Depict_31_67,C1=NN=N[N+]1=O,**c*(=O)N=C
CDK_Depict_31_68,B(=NSP)B=O,O*/*=[V]/SP
CDK_Depict_31_69,CI(=O)(N)I,*C(=O)I
CDK_Depict_31_70,C(C(=N)C(F)(F)F)C(=O)C(F)(F)F,*=C(C)CC(=O)C(F)(F)F.F.F.[Ti]
CDK_Depict_31_71,CS[S-](#C)P=C,C=P[S-](=C)SC
CDK_Depict_31_72,N([N+](=O)[O-])(O)S(=O)(=S)O,O=[V](O)[V](O)S(=O)(O)=S
CDK_Depict_31_73,C/C=C/[Bi](Br)(Br)(/C=C/C)/C=C/C,CCC[Si+](C)([SiH])CCC
CDK_Depict_31_74,C=CC[Ga](I)I,C=CCCCC
CDK_Depict_31_75,O[W](=O)(=O)O[W](=O)=O,O=*(o)O*(=O)=O
CDK_Depict_31_76,C(=O)(N=[Se])N1[Se][Se]1,O=C(N=[Se])N1[Se][Se]1
CDK_Depict_31_77,[2H]C(CC)C([2H])([2H])[2H],[2H]C(O)(O)CC(O)CC
CDK_Depict_31_78,C1(=S)OSS1,S=C1OSS1
CDK_Depict_31_79,C(S(=O)(=O)I)(Cl)Cl,CS(=O)(=O)C(Cl)Cl
CDK_Depict_31_80,C12(O[As](=O)(O1)O2)O[As]3(=O)O[Pb]O3,O=[As]1OC(O[2s]2(=O)O[2s]O2)O1
CDK_Depict_31_81,CC1=PC(=NS1)N,*c1cc(C)Sn1
CDK_Depict_31_82,[B]B([B])B(B=S)B([B])[B],BB(B)B1(B=S)B(B)BB1=S
CDK_Depict_31_83,[Si]([Si](I)(I)I)([Si](I)(I)I)(I)I,C[SiH](C)[SiH](C)[Si](C)(C)C
CDK_Depict_31_84,C[As]=C1C=C[CH+]C=C1,C=[SH]=C=c1cc[Cr+]cc1
CDK_Depict_31_85,C(N=NN(C(Cl)(Cl)Cl)C(Cl)(Cl)Cl)(Cl)(Cl)Cl,ClC(Cl)*(*=*C(Cl)(Cl)Cl)C(Cl)(Cl)Cl
CDK_Depict_31_86,C1C[Te][Te][Te][Te][Te]1,C1CCCCCCCCCCCCCC1
CDK_Depict_31_87,[3H][U]([3H])([3H])F,[HH]C(C)(C)C
CDK_Depict_31_88,C1=CSC(=C1)OP(OC2=CC=CS2)OC3=CC=CS3,C1=CSC(Op(Oc2cccS2)Oc2cccs2)=C1
CDK_Depict_31_89,C[Si]1([Te][Si]([Te][Si]([Te]1)(C)C)(C)C)C,C[SiH](C)C.C[SiH](C)[TeH].C[Si](C)(C)C.[TeH]
CDK_Depict_31_90,Cl[Hf](Cl)(Br)Br,Cl[123333333333333333333333333333333323333333333333332333333233Cl
CDK_Depict_31_91,C[Si](C)(CI)F,CCC[SiH](C)C.[3HH]
CDK_Depict_31_92,B1=BB1C(=O)O[Al](OC(=O)B2B=B2)OC(=O)B3B=B3,CC.CC.CC.CC.CC.CC.CC.CC.CC.CC.CC.CC.CC.CC.CC.CC.CC.CC.CC.CC.CC.CC
CDK_Depict_31_93,C=CC(F)[Si]N=C=O,CCC(F)S[V]=C=O
CDK_Depict_31_94,C(O[Hg])(O[Hg])(O[Hg])O[Hg],*1OCO1.O
CDK_Depict_31_95,P12[Se]P([Se][Se]1)[Se][Se]2,[SeH]P[SeH]
CDK_Depict_31_96,CC[Te]NC(=O)N([Te]CC)[Te]CC,CCC.CCC[Al](C)[Te]CC.[TeH]
CDK_Depict_31_97,[2H]N([3H])I([3H])N([2H])I,C[V](C)p.C[V](C)p
CDK_Depict_31_98,C[Si](C)(C)N1C=CC=[SiH]1,C[Si](C)(C)[AlH]1cccs1
CDK_Depict_31_99,CP(=[Si]1C[Si](=P(C)(C)C)C[Si](=P(C)(C)C)C1)(C)C,CP[SiH]C[SiH][PH](C)(C)C
CDK_Depict_31_100,C1(=O)C(=O)OP(O1)F,O=c1co[PH](F)o1
CDK_Depict_32_1,C(=O)(N1O[Si](=O)O1)N2O[Si](=O)O2,O=C(N1OS(=O)O1)[V]1O[Si](=O)O1
CDK_Depict_32_2,[Sb-](I)(I)(I)(I)(I)I,C*(C)(C)(C)(C)(C)C
CDK_Depict_32_3,OS(=O)S(=O)(=O)S(=O)O,OS(=O)S(=O)(=O)S(=O)[1O]
CDK_Depict_32_4,C1CS[Bi](O1)SCCO,OCCSs1OCCS1
CDK_Depict_32_5,C[Pb](F)(F)F,CC.COC
CDK_Depict_32_6,N(=P(Cl)(Cl)Cl)[Te](F)(F)F,C[PH](C)(C)=N[Te](C)(F)F
CDK_Depict_32_7,CP(=[N+]=P(C)(C)SC)(C)SC,CS[PH](C)(C)=N=[PH](C)(C)SC
CDK_Depict_32_8,O=[V]1O[V](=O)O1,O=[V]1O[V](=O)O1
CDK_Depict_32_9,OS(=P)(=S)I,*=S(=*)(O)=S
CDK_Depict_32_10,PP[I-]P[I-]P([I-]PP)[I-]PP,CPC.[2H][1H][3H][PH](*P[2H])CPC
CDK_Depict_32_11,B(=O)CNC(=S)NB(C)O,C[2H](O)NC(=S)NC*=O
CDK_Depict_32_12,O=S1(=O)O[Ge]2(O1)OS(=O)(=O)O2,O=S1(=O)O[se]2(O1)OS(=O)(=O)O2
CDK_Depict_32_13,CN(C)O[Ge](ON(C)C)(ON(C)C)ON(C)C,CN(C)O[(ce](ON(C)C)(ON(C)C)O[V](C)C)C
CDK_Depict_32_14,[B-]1(=N[B-](=N[B-](=N1)Cl)Cl)Cl,**1=[V]*(C)=[V]*(C)=[V]1
CDK_Depict_32_15,C1=CC=C2C(=C1)[Se]N=[Se+]2,C=[Se]c1ccccc1[Se]C
CDK_Depict_32_16,B(=PP(#P)[P+]#P)C,*=*([*+]=*C)[*+]#*
CDK_Depict_32_17,CCN[Al]O[Al](NCC)NCC,CC**C*(NCC)[NH+]CC
CDK_Depict_32_18,C(C[Tl](CCC#N)I)C#N,*.**(CCC#N)CCC#N
CDK_Depict_32_19,C(F)(F)(F)[Te](C(F)(F)F)(F)Cl,[(][[]([(])(C([)])([)])([)])C([f])([f])[f]
CDK_Depict_32_20,C(#N)[P-](C#N)(C#N)(F)(Cl)Cl,*.*.*.N#C*(F)(C#N)C#[V]
CDK_Depict_32_21,[2H]C([2H])([2H])[Sn](C)(C)C([2H])([2H])[2H],[2H]C([2H])([2H])[Sn](C)(C)(C)C([2H])([2H])C
CDK_Depict_32_22,B1=CO[Se]N1,*1=COsN1
CDK_Depict_32_23,F[W](F)(F)(F)(Cl)Cl,CC.CC.C[V](C)(C)C
CDK_Depict_32_24,CCCP(=S)(CCC)P(=S)(CCC)CCC,CCC*(=S)(CCC)CCC.CCC[PH](C)(=S)CCC
CDK_Depict_32_25,C(=O)(O)[Sb](C(=O)O)C(=O)O,*C(=C)C.CC(=O)CC(=O)O
CDK_Depict_32_26,C[Ge](C)(O[N+](=O)[O-])O[N+](=O)[O-],C[Ge](C)(O[N+](=O)[O-])O[N+](=O)[O-]
CDK_Depict_32_27,C[Ge](C)(C)C[Sn](C)(C[Ge](C)(C)C)C[Ge](C)(C)C,CC[Cr](C)(C*(C)(C)C)C[Cr](C)(C)C
CDK_Depict_32_28,CC1=CC=C(C=C1)SC(=O)C2=NC(=NC(=C2)C)Cl,CC(=O)c1cc(C)cc(C)*1.Cc1ccc(C)cc1
CDK_Depict_32_29,CC(C)(C)C([Si](C)C)Br,C[SiH](C)C([SiH])C(C)(C)C
CDK_Depict_32_30,C1COCC2C1=C(C(=O)N=N2)C(F)(F)F,CC1=C2CCOCC2**c1=O
CDK_Depict_32_31,C1=CON=C1NOP(=O)(ONC2=NOC=C2)ONC3=NOC=C3,CCCC1=[V]CCCC1.CP(=O)(C[14NH]C1=[V]CCC1)C[14NH]c1cCCN1
CDK_Depict_32_32,C1COC1CC(C(=O)O)Cl,*C(CC1CCC1)C(C)=O
CDK_Depict_32_33,CO[P+](OC)(Cl)Cl,CO[I+](C)(C)OC
CDK_Depict_32_34,C=CS(=O)(=O)N(C(=O)C1CC1)S(=O)(=O)C=C,C=C*(C)(=O)=O.C=CS(C)(=O)=O
CDK_Depict_32_35,CC1=CN=C(S1)/N=C\2/C=C(SS2)C3=CN=CC=C3,Cc1ccc(/N=C2/C=C(c3ccccc3)SS2)s1
CDK_Depict_32_36,C[Hg]Cl,C*C
CDK_Depict_32_37,CCC[C@H]1[C@@H](COC(=N1)C(Cl)(Cl)Cl)Br,*[C@@H]1CCC(C(C)(C)C)CC[C@H]1CCC
CDK_Depict_32_38,C/C=C/C(=O)OS[N+](=O)[O-],C/C=C/C(=O)OSC=O
CDK_Depict_32_39,CC(N)OC(=O)/C(=C/S(=O)(=O)C(F)(F)F)/C,*C(C)CC(=O)/C(C)=C/S(=O)(=O)C(C)(C)C
CDK_Depict_32_40,C1CNCCC12CNCC(O2)C3=NC=CO3,C1=Coc(C2CCCC3(CCCCC3)C2)C1
CDK_Depict_32_41,CC1=CSC(=C1)NC2=NCC(CN2)O,Cc1cSC(NC2CCC(O)C[(]2)CCC(O)C[(]2)c1
CDK_Depict_32_42,C1=CC=C(C=C1)CC(=NC2=NN=CS2)N,[Ar]1=CSc(=NC([Ar])=Nc2[Ar]1)[Ar]1.[Ar].[Ar].[Ar].[Ar]
CDK_Depict_32_43,C1C(C(NC(C1O)CP=O)CO)O,C=pCC1CC(CO)C(O)CC1O
CDK_Depict_32_44,OI(F)Br,CCOOOO.C[SH-]
CDK_Depict_32_45,[3H]B([O-])S,[H][2H](C)[O-]
CDK_Depict_32_46,[3H]B(C)C(=O)Cl,CC(=O)C(C)C
CDK_Depict_32_47,C(CO)C(=O)CC#CI,CC#CCC(=O)CCO
CDK_Depict_32_48,B([C@H](C)NC(=O)CNC)(O)O,C[NH2+]CC(=O)N[C@@H](C)[2H](O)OOOO
CDK_Depict_32_49,C=CC(F)[Si](O[Si])F,C=CC(C)C(C)C
CDK_Depict_32_50,CP(F)Cl,C*(C)C
CDK_Depict_32_51,C(=O)([Si])Cl,C=C(C)S
CDK_Depict_32_52,C1=NN=C(N1C(Cl)(Cl)Cl)C=N,CC(C)(C)N1c[W][W]c1C=[V]
CDK_Depict_32_53,CC(C)(C)P(CC=CC(C)(C=CCP(C(C)(C)C)C(C)(C)C)N)C(C)(C)C,*C(C)(C=CCC)C=CCC(C(C)(C)C)C(C)(C)C.CC(C)(C)C.CC(C)(C)C
CDK_Depict_32_54,C(=N)(Cl)[Se],*=C(C)[SeH].C
CDK_Depict_32_55,COC(=C1CSC=CC1=O)NOC,CC*C(OC)=C1CCC=CC1=O
CDK_Depict_32_57,CCCCCCCCCCCCCC#CC#CC#CC(=O)NC(COCC)O,CCCCCCCCCCCCCC#CC#CC#CC(=O)CC(O)CCCC
CDK_Depict_32_58,CP(#P)P(#P)P=C=C,C=C=pp(=p)p(C)=p
CDK_Depict_32_59,C[Sn](C)(C)F,C[Sc](C)(C)C
CDK_Depict_32_60,CN1C2=C(CN(C2)O)N=C1N3N=CN=N3,CN1c(-n2ccn*2)sc2c1CN(O)C2
CDK_Depict_32_61,C1C=COOS1,CCC.CCC
CDK_Depict_32_62,C(=O)[Al](C=O)C=O,O=C*(C=O)C=O
CDK_Depict_32_63,C1C[Se][Te]C1,CCCC
CDK_Depict_32_64,CC1(CC(=C1)N)C(F)F,Cc1cC(C)(C(C)F)C1
CDK_Depict_32_65,C(=C=[SiH2])F,C=C.C=C[IH]
CDK_Depict_32_66,C(=NN(N)Cl)=O,*N(C)*=*=C
CDK_Depict_32_67,CC1=CC=CC=C1C2SC=CS2=N,Cc1ccccc1C1SC=CC1=[IH]
CDK_Depict_32_68,[B][11CH](P)I,*C([2H])C
CDK_Depict_32_69,C/C=C(\C)/NC(NC(=NCC(F)(F)F)C)O,C/C=C(\C)NC(O)NC(C)=CCC(C)(C)C
CDK_Depict_32_70,B1=C2CCOCC2=CC=C1,C1CCc2c[3*]ccc2
CDK_Depict_32_71,B1=C(C=C(C=C1)NN2C=CC=C2C(=O)Cl)C,C=C(C)c1cccc1Nc1cccc(C)c1
CDK_Depict_32_72,C=C(NC(=C)F)F,C=C(F)N(C(=C)F)C(=C)F
CDK_Depict_32_73,B(C1=CSC=C1OCCCC)(O)O,CCCCOc1cscc1[2H](O)O
CDK_Depict_32_74,C[I-]SP,CCSC
CDK_Depict_32_75,C1=CN(N(N1[N+](=O)[O-])[N+](=O)[O-])[N+](=O)[O-],O=[N+]([O-])N1C=CN([N+](=O)[O-])N([N+](=O)[O-])N1
CDK_Depict_32_76,C1COC(O1)CSC2=NNN=N2,C1=NN=C(SCC2OCCO2)n1
CDK_Depict_32_77,C(CO[Se](=O)[O-])O[Se](=O)O,O=[Se](O)CCCO[Se](=O)[O-]
CDK_Depict_32_78,C(=C\I=O)\C(=O)O,C=*/C=C\C(C)=O
CDK_Depict_32_79,[2H]C([B])(P)P=S,[2H]C([2H])([2H])p=S
CDK_Depict_32_80,CC([C@@H](C(=O)O)N=C1C(C(=[N+](C)C2=CC=CC=C2)C1O)O)O,CC(O)[C@H](C=C1C(O)C(=Cc2c=CC=CC=2)C1O)C(=O)O
CDK_Depict_32_81,CCCCCCP(C)(C)(C)C(N)N,CCCCCC*(C)(C)(C)C([NH4+2])[12NH4+]
CDK_Depict_32_82,NOP1(=O)ONO1,*OP1(=O)O[AlH]O1
CDK_Depict_32_83,CCN(CC)[N+](=CC1=CC=CC=C1)N=C(N)N,CCN(CC)[N+](=Cc1ccccc1)N=C([N1112])[N112]
CDK_Depict_32_84,C1C(=NC(S1)C2=CC=NO2)CCl,CCC1=NC(c2cccc2)SC1
CDK_Depict_32_85,[B](CBr)Br,CSC[Rf]
CDK_Depict_32_86,CC(C#C)C#CC(C(C)C#C)OP(=O)(O)O,C#CC(C)C#CC(O[PH](=C)(O)O)C(C)C#C
CDK_Depict_32_87,CCI(C)C(C)(C1CCC1)N,CC.CCCC(C)(C)C1CCC1
CDK_Depict_32_88,CCOSNC(=O)N,*C(=O)[V]SOCC
CDK_Depict_32_89,B(N)(P)I,*[2H](C)C
CDK_Depict_32_90,C1C(CO1)CCC/C=C\C(=N)C=O,N=C(C=O)/C=C\CCCC1CCC1
CDK_Depict_32_91,CCC/C=C/CCC1(C(NN1C#N)CC(=O)O)C,C=C(O)CC1NCC1(C)CC/C=C/CCC
CDK_Depict_32_92,C/C(=C\C=C(/C#C)\P(=O)(Cl)Cl)/F,CP(C)(=O)/C(C#C)=C/C=C(C)C
CDK_Depict_32_93,C[Si](O)Br,C[SiH](O)[F-]
CDK_Depict_32_94,[B-](=S)(C)I,C[PH]=S
CDK_Depict_32_95,CCC/C=C/N=NN(C)C(C)N,*C(C)N(C)C=*/C=C/CCC
CDK_Depict_32_96,C(=C(F)F)[PH+]=O,CC(C)=C[PH+]=O
CDK_Depict_32_97,[2H]B=NCl,C/O=N/Cl
CDK_Depict_32_98,C[N+]1(CCCC1)COS(=O)(=O)C2=CC=CO2,C[N+]1(COS(=O)(=O)c2cccO2)CCCC1
CDK_Depict_32_100,C=CCONC1CNCC2=COC=C12,C=CCCNC1CNCc2cCCc21
CDK_Depict_33_1,C1=NNC2=NC(=O)ON=C21,O=C1[2H]=C2Nscc2=[U]O1
CDK_Depict_33_2,CC1=C(N(CC1)SF)C(=O)O,CS*1CCC(C)=C1C(=O)O
CDK_Depict_33_3,CCSC1=CC(=O)N(C1OC(=O)C)O,CCSC(CC(C)=O)C(C)COC(C)=O
CDK_Depict_33_4,[3H]N(S)I,CS.N.[HH]
CDK_Depict_33_5,CNCCNC(NC1CCC2C(CC(C1)N)SS2)O,*C1CC(NC(O)NCC[AlH]C)CCC2SSC2C1
CDK_Depict_33_6,C1=CC(=O)C(C(=C1)ON=CC(F)F)[N+](=O)[O-],cC(c)CNOC1Cccc(=O)C1[N+](=O)[O-]
CDK_Depict_33_7,[As-](I)(I)(I)(I)(I)I,CC.CC.CC
CDK_Depict_33_8,C1=C(OC=C(C1(C(=O)O)O)O)CCl,CCC1=CC(C)(C(=O)O)C(C)=CO1
CDK_Depict_33_9,C(#N)OOC(=O)N=N[O-],N#COOC(=O)N=N[O-]
CDK_Depict_33_10,CC(CN(C)S(=O)(=O)F)S(=O)(=O)F,*S(=O)(=O)C(C)C*(C)S(C)(=O)=O
CDK_Depict_33_11,[2H]C1=CC=C(N1)[2H],[2H]c1ccc([2H])*1
CDK_Depict_33_12,C[SiH2][N+]#N,C[SiH2][NH2+]=N
CDK_Depict_33_13,C1C2=C3C21C3N=C\4CSC/C4=C(\C#N)/N,CC1C2CC12.S.[1H]C(C#N)=C(CC)C(=N)CC
CDK_Depict_33_14,CN1C=C(C=N1)SC2=CC=CC=C2CCN,C[Li]1cc(C)cn1.Sc1ccccc1CC[VH2]
CDK_Depict_33_15,CCC(C=CC(C#C)(C(=O)N)N)N,*C(=O)C(C)(C)CCC(CC)N([At])[At]
CDK_Depict_33_16,C(O)(O)(O)S(F)(F)F,[CH2-]C(O)(O)[SH]([CH2-])([CH2-])[CH2-]
CDK_Depict_33_17,C(=[Se])[Se],[Sc]C=[Sc]
CDK_Depict_33_18,N=[P+](P)I,C*C.C=[Ni]
CDK_Depict_33_19,CCC1C(=NN)O1,CCCOC(C)=NN
CDK_Depict_33_20,C[Si](C)(C)CC[Si](O)(O)O,*[Si](*)(O)CC[Si](C)(C)C
CDK_Depict_33_21,C1=CN=C2C1=NC3=NN=CN23,CCC*C1*C(C)C[U]1
CDK_Depict_33_22,CC1=CC(=CC=C1)O/C=C/C=C(/C(=NC(=O)C)N)\S,CC(=O)N=C(N)C(S)C/C=C/CC1=Cccc(C)c1
CDK_Depict_33_23,C#CS(=O)CCl,C#CC.CCCl
CDK_Depict_33_24,CC1C=NC(=CC=C1CC(C)Cl)CC(Cl)(Cl)Cl,Cc1c[Al]C(CC(Cl)(Cl)Cl)=CC=C1CC(C)Cl
CDK_Depict_33_25,C[Si](C)(C)NC1=CC=CS1,CC1cccS1.C[Si](C)(C)C
CDK_Depict_33_26,[B](C)PI,CC.CCC
CDK_Depict_33_27,CCSSCSI,CCSSCSC
CDK_Depict_33_28,C(=C=C[Si](O)(O)O)[Si](O)(O)O,O[Si](O)(O)C=C=C[Si](O)(O)O
CDK_Depict_33_29,COC1=NN=C(O1)C2CCN(CC2)C3=CC=C(C=C3)NN,COC1=**=C(C2CC*(c3ccc(N[NH])cc3)CC2)O1
CDK_Depict_33_30,CC/C(=C(/N/N=C\C)\Br)/C,C/C=[U]\N.CCC(C)=C(C)Br
CDK_Depict_33_31,CCOC(C1SCCS1)O[Si](C)(C)C,CCOC(O[Si](C)(C)C)C1SCCS1
CDK_Depict_33_32,CC[N+](CC)(CC)S(=O)(=O)CNC(=O)OC,CC(=O)NC[SH](=O)=O.CCC.CCC.CCC
CDK_Depict_33_33,CC(=NCC(=O)NC)SC,CSC(C)=*CC(C)=O.C[V]C(C)=O
CDK_Depict_33_34,C/C=C/C(CN=C)N(N)N,C=*CC(/C=C/C)[NH2]N
CDK_Depict_33_35,[2H]C([2H])([2H])N1C(=CC(=N1)C(C)(C)N2N=CC=N2)N,*C1=CC(C(C)(C)[Li]2[Li]cc[Li]2)=[Li][Li]1C([2H])([2H])[2H]
CDK_Depict_33_36,C[C@@H](NC(=O)C(C(C)(C(F)F)O)F)OCC(F)(F)F,C[C@H](NC(=O)C(F)C(C)(O)C(F)F)OCC(F)(F)F
CDK_Depict_33_37,COC1=CN(NN(C1)OC)Cl,C*1**cc(O)C1.Cl.Cl.O
CDK_Depict_33_38,CO/C(=N\Cl)/CC=C,*/*=C(/CC=C)OC
CDK_Depict_33_39,CC(C)(C)C(=O)CC(C(F)(F)F)(Br)Br,*C(*)(*)C(*)(*)CC(=O)C(C)(C)C
CDK_Depict_33_40,[2H]I(C)CF,CC.CCC
CDK_Depict_33_42,Cl[Se](Cl)(Cl)Br,Cl[Se-](Cl)Cl
CDK_Depict_33_43,CC(C)(CCC(=O)Cl)[SiH2]Cl,CC(C)(C)CCC(=O)Cl.Cl
CDK_Depict_33_44,C[P+](=N)I,*=C.C[PH+](C)C
CDK_Depict_33_45,[B]I(CCC)CCC,CCCC.CCCC
CDK_Depict_33_46,COP=[Mo],COP=[Mo]
CDK_Depict_33_47,CC(C)(C)O[Ga]OC(C)(C)C,CC.CC(C)C.C[Ga]C.O
CDK_Depict_33_48,COC(O)OC(=O)N(OC)OCCCCOCC1CO1,COC(O)OC(=O)[Lv](OC)OCCCCOCC1CC1
CDK_Depict_33_49,COC(=O)N[Al]=C,CC.COC(C)=O.[2H]=C
CDK_Depict_33_50,CCS(=C)C1SCCCS1,C=S(CC)C1SCCCS1
CDK_Depict_33_51,CC(C)PC=NC=C,C=C*=CPC(C)C
CDK_Depict_33_52,O=[P+](F)P,C=*F
CDK_Depict_33_53,CC1=CNC(=O)C1(F)F,CC1=CNC(=O)C1(C)C
CDK_Depict_33_54,CN(C1=CN=NS1)NC(=O)C(=C(Cl)Cl)Cl,CC(Cl)=C(Cl)C(=O)NN(C)/C(C)=C/*[nH]S
CDK_Depict_33_55,C=CCNCC[N+]#[C-],C#NCCN.C=CCC
CDK_Depict_33_56,CC(=C(C(=O)C=C)Cl)C(=O)Cl,C=CC(=O)C(Cl)=C(C)C(C)=O
CDK_Depict_33_57,CCCCP(=O)(CCCC)/C(=N/O)/C=N/NC(=O)N,C/N=C/C(C)=N/O.CCCCC.CCCCC
CDK_Depict_33_58,[3H]C(=C)[BH],[H]C(=C)O
CDK_Depict_33_59,C[Si](=[Zr+2])Cl,C=[SiH](C)Cl
CDK_Depict_33_60,CCOC(=O)N/N=C(\C)/C(C(C1=CC=CC=C1)Br)OC,CCOC(C)=O.COC(/C(C)=N/N)C(C)c1ccccc1
CDK_Depict_33_61,CC1=CC(=NC(=S)N1N(C(=O)N)S)C,*C(=O)NC.CC(C)CC(N)=S
CDK_Depict_33_62,[B](C=O)N[C@@H](CC(=O)OC)CI,COC(=O)C[C@@H](CI)[NH2+]SC=O
CDK_Depict_33_63,CC(C)(C)CC(C)(C)C(=O)N1CCC(CC1)OP(=C)(C#N)OC(C)(C)CC(C)(C)C,C=*(C)(C#N)OC(C)(C)CC(C)(C)C.CC(=O)C(C)(C)CC(C)(C)C
CDK_Depict_33_64,CCC(C/C=C(\CN)/OC)Cl,*C/C(C)=C\CC(Cl)CC
CDK_Depict_33_65,C1CC(SC1)/C=C\CS(=O)(=O)Cl,CS(=O)(=O)C/C=C\C1CCCS1
CDK_Depict_33_66,C1=C2C(C(N(N2)N)(N)O)N=NC1=O,C1CC(=O)N=[N]C1C([W1L])([11C])[A]([W1L])[1CH]1
CDK_Depict_33_67,CC1=NCC(CS1)(C)I,*=C(C)SCC(C)(C)C
CDK_Depict_33_69,B1(C(C=C(B(C(=C1C)C)C)C)[Si](C)(C)C)C,COC(C)=CC(C)[Si](C)(C)C
CDK_Depict_33_70,CC=C(C)C(C(=O)NC)(N)N,*C(*)(C(C)=O)C(C)=CC
CDK_Depict_33_71,CC(C1=CN(N=N1)CSC2=CC=CC=C2)P(C3CCCCC3)C4CCCCC4,CC(C)C1=CNN=N1.CC1CCCCC1.CCSC1=CC=CC=C1
CDK_Depict_33_72,CC(C(=N)C(F)(F)F)N=NC,CC(C)C(=N)C(F)(F)F
CDK_Depict_33_73,C(=O)=[Os]=C=O,O=C=O=C=O
CDK_Depict_33_74,CCOC(=O)OC1=CC=C(N1)[N+](=O)[O-],CCOC(C)=O.O.[HH].[HH]
CDK_Depict_33_75,CN[Si](C)(C)N,C[NH+][Si](C)(C)N
CDK_Depict_33_76,C#CO[S-](=S)=S,C#CO[SH](=S)=S
CDK_Depict_33_77,C1=C[SiH2]C2=C1[SiH2]C=C2,C/C=C\C1[Si]C=CC1C
CDK_Depict_33_78,C1=CC(C(=CC1N)Cl)(F)Cl,C.ccC(N)CC(C)C
CDK_Depict_33_79,[B](C(=O)O)[C@](CC(=O)O)(C(=O)O)O,*C(C)C.C[C@@](O)(CC(=O)O)C(=O)O
CDK_Depict_33_80,C1CN(C2=C1N=NO2)C(=O)N,*C(=O)N1CCC2*=[V]OC21
CDK_Depict_33_81,CC(C)OP(=S)(OC(C)C)S[Sb](C1=CC=CC=C1)C2=CC=CC=C2,CC(C)O[Pc](C)(=O)=O.C1ccc([So](c2ccccc2)c2cc1)cc1
CDK_Depict_33_82,C1=COC=S=C1,C=C/C=C\OC=S
CDK_Depict_33_83,CCOC(=O)C(N=NC)Cl,CCOC(=O)C(Cl)*=NC
CDK_Depict_33_84,CC=C(OC(=C(F)F)F)I,C.C.CC(C)=C(C)C.CC=C(C)O
CDK_Depict_33_85,CC(C)(C)C1=CCC[In]1,CCCC(C)C
CDK_Depict_33_86,CS1(C=CC(=CC#N)C=C1)O,CC.CS1(O)C=CC(=CC#N)cc1
CDK_Depict_33_87,C=CS(=O)(=O)CC(Cl)I,C=CS(=O)(=O)CC(C)C
CDK_Depict_33_88,C(OP(=O)(CCl)OCP(=O)(O)O)P(=O)(O)O,CCOCP(=O)(O)O.O=P(O)(O)COP(=O)(O)CCl
CDK_Depict_33_89,CCC1=CC=CC=C1C#S(C)(C)C,CCc1ccccc1C#[Si](C)(C)C
CDK_Depict_33_90,C1CSCC1OC2=CNN=C2,C1CCSC1.C[Al]CC(C)C[Al]
CDK_Depict_33_91,C/C(=C(\CCCCl)/CI)/NC(C)(C)C,C*/C=C(\CC)CCCC
CDK_Depict_33_92,CC(C)(CN)CNC(=O)C(C)(C)O[N+](=O)[O-],*CC.*CC(C)(C)C[NH+]C(C)=O.CC
CDK_Depict_33_93,CC\1(CCC(=C(/C1=N\O)N=O)[Se])C,C=O.CC1=CC(C)(C)CCC1[SeH]
CDK_Depict_33_94,C/C(=N\NC(=O)N)/C(C(=O)N(C)C)OC=C(C1=CC=CC=C1)C2=CC=CC=C2,C/C(=N\NC(N)=O)C(CC=C(c1ccccc1)c1ccccc1)C(=O)N(C)C
CDK_Depict_33_95,C1=CC=C(C=C1)C(C#CNN=C(C2=CC=CC=C2)N)C3=CC=CC=C3,NC(=NNC#CC(C1=CC=CC=C1)c1ccccc1)c1ccccc1
CDK_Depict_33_97,CNCN(C)[N+](=NO)[O-],C[NH2+]CN(C)/*([O-])=[NH2+]/O
CDK_Depict_33_98,C(F)[Sb],*CC
CDK_Depict_33_99,CO[Si](C)S,CC.COC.CS
CDK_Depict_33_100,B1(C(=C1C)C)C,CC(C)C(C)C(C)C
CDK_Depict_33_101,C(=S)(Cl)Br,*=C(C)C.C
CDK_Depict_33_102,C1CCC(C(C1)F)P=O,O=*C1CCCCC1[K]
CDK_Depict_33_103,CCCC#[Mo],*#CCCC
CDK_Depict_33_104,CC(=C)C(=O)OCCC(CS(=O)(=O)C)N(C=CC1=CC=CC=C1)C(=O)O,CC(=O)C(=O)OCCC(CS(C)(=O)=O)N(/C=C/c1ccccc1)C(=O)O
CDK_Depict_33_105,CC=C(CCO)C(=CC)SSC(C)(C)CCC(=O)O,CC(=O)CCC(C)(C)C.CC=C(CCC)C(=CC)SC
CDK_Depict_33_106,C(CC#N)C/C(=C/Br)/I,C/C=C(\I)CCCC#N
CDK_Depict_33_107,C(CN=C=O)CN(F)F,CCCCCN=C=O
CDK_Depict_33_108,CC(=O)N(CCC(C1=NC=NC=N1)P(=O)(O)O)O,CC(=O)*(O)CCC(C(=O)O)C1=*C=[Au]C=[Au]1
CDK_Depict_33_109,[3H]S[I-]O,CSC
CDK_Depict_33_110,CCCC(=O)OCSCOC(=O)/C=C/C(=O)OC,CCCC(=O)OC*COC(=O)/C=C/C(=O)OC
CDK_Depict_33_111,C1CC=C(C=C1)/C=C/C(SCCO)SCCO,ClCCSC(/C=C/c1ccCCC1)SCCCl
CDK_Depict_33_112,[2H]C(CN)SSC([2H])CN,*CC([2H])SSC([2H])C*
CDK_Depict_33_113,CCCC[GeH2]OCCO[GeH2]CCCC,CCCCCCOCCC[Ce]CCCC
CDK_Depict_33_114,CC(C)[C@@](C(=O)S)(N)S,CC(C)[C@](S)([W])C(=O)S
CDK_Depict_33_115,CCCCCC(=O)OOC(=O)C(=[Fe])CCCC,CCCCC(=[Fe])C(C)=O.CCCCCC(=O)CC
CDK_Depict_33_116,CCCC(C)CP(=O)(CNC(=S)NC1=CC=CC=C1)O,CC(N)=S.CC(N)=S.CCCC(C)C[PH](C)(=O)=O
CDK_Depict_33_117,[B-]1(=[N+](C(C)C)C(C)C)C2=C3C1=CC=CC3=CC=C2,CC(C)N=*1c2cccc3cccc1c23
CDK_Depict_33_118,CCCS(O)(O)F,*C.*C.CCCC
CDK_Depict_33_119,B(C1=CN=C(N=C1)C)(O)S,**(S)/C(C=*)=C/*c(C)C
CDK_Depict_33_120,CC(C)CCN(C(=O)OCC1=CC=CC=C1)/N=C\2/CSC(=C2)CC(=O)O,CC(C)CCC(=O)OCc1ccccc1
CDK_Depict_33_121,C1CNCCC1C(=O)[AlH2],CC(=O)C1CC*CC1
CDK_Depict_33_122,C(C[Se])O,CCC[Se]
CDK_Depict_33_123,CC(C)(C)C(C(=O)Cl)[N+](=O)[O-],C.CC(=O)C(C)*(=O)O
CDK_Depict_33_125,[B]C(/C=C/Br)Br,*C(*)/C=C/C
CDK_Depict_33_126,CCO[C@](C)(C(=O)O)N(C1=CC=C(C=C1)Cl)Cl,C.COC(C)(*(C)C1=CC=C(C)C=C1)C(=O)O
CDK_Depict_33_127,C(=O)(NSCl)O,C.CC(=O)O
CDK_Depict_33_128,CC(C)(C)CSC(=O)CS(=O)(=O)O,CCSC(=O)CS(=O)(=O)O
CDK_Depict_33_129,C[Si](C)(C)/C(=C\CN([Si](C)(C)C)[Si](C)(C)C)/Br,*/C(=C/C[V]([Si](C)(C)C)[Si](C)(C)C)[Si](C)(C)C
CDK_Depict_33_130,CSO[Xe][Re],COC.CS
CDK_Depict_33_131,C#CCN1C(CC1=O)N=[N+]=[N-],*=*=[V]C1CC(=O)[U]1CC#C
CDK_Depict_33_132,C[N+](=C)C1C=C(C=CC1N=C)SC,C=*(C)C1CC(S)ccC1[V]
CDK_Depict_33_133,CC1CCC(CC1C2=NN=C(N=C(C=NN2)SC)N)(F)F,CSC1=CC([1H2A])=NC(=N)C2CC([c])([c])CCC2C
CDK_Depict_33_135,C\1=C\C(=N/N=N\N=C1)\[N+](=O)[O-],O=*([O-])c1ccc***1
CDK_Depict_33_136,C1(N=N1)(N(F)F)F,C=[V].CC
CDK_Depict_33_137,C(C(Cl)Cl)SF,ClC(Cl)CS[K]
CDK_Depict_33_138,C/C(=N/C(=S)/N=C(/N)\NN)/C=NC(=S)/N=C(/N)\NN,**C(*)NC(=S)N=C(C)/C=N/C(=S)N=C(*)[NH3+]
CDK_Depict_33_139,C(C[Ge])OC#C[Si],[Si]C#COCC[GeH3]
CDK_Depict_33_140,C=PP(P)P,*[PH](*)[PH]
CDK_Depict_33_141,N(=NCl)[O-],CC.CC
CDK_Depict_33_142,C(N)([Al+2])Cl,Cl.NC(Cl)Cl
CDK_Depict_33_143,CC(=O)[Tl],C.C=C(C)C
CDK_Depict_33_144,C1=CC(=S=O)C=NC1C=O,C=C1C=CC(CO)N=C1.C=S
CDK_Depict_33_145,CC1(C([N+](=O)N1[O-])Br)C,CCC([S-])*(=O)[V][O-]
CDK_Depict_33_147,CN(C1=CC=CC=C1)/C(=C/C=C)/SN(C2=CC=CC=C2)C3=CC=CC=C3,C=CC=C(C)[Li](C)c1ccccc1.CS.Cc1ccccc1.Cc1ccccc1
CDK_Depict_33_148,C(C(O)[In])O,CC(C)CO
CDK_Depict_33_149,CC(=O)[In],C=C(C)C.O
CDK_Depict_33_150,COCCOC(=NC=C)NC=O,C=C[(X]=C([Z1+]C=O)OCCOC)C
CDK_Depict_33_151,[N-]=[N+]=NN(F)F,N=[N+]=N[Al](F)F
CDK_Depict_33_152,N=[S-](=O)S,*=S=O.[HH]
CDK_Depict_33_153,C(#[Al])[Al](C#[Al])C#[Al],C#[K].C=CC
CDK_Depict_33_154,COC[Sn](=O)COC,COC[Sn](=O)COC
CDK_Depict_33_155,C1=CC(=C(C=C1S/C(=C(\C(=O)O)/NN)/N)F)F,*C(C)=C(C)C(C)=O.Cc1ccc(C)c(C)c1.N
CDK_Depict_33_156,OS(=S)Cl,C=S(O)Cl
CDK_Depict_33_157,N=S(O)Cl,Cl.O
CDK_Depict_33_158,C1CSC(=S)NCC(=O)N1,CCCNC(=O)CNC(=S)S
CDK_Depict_33_159,C[Si]1(C[Se]C[Si](C[Te]C1)(C)C)C,CC[Se]CC.CC[SiH](C)C.CC[SiH](C)C.[TeH]
CDK_Depict_33_160,C1CCC(C1)N([N+](=O)[O-])F,C*(=O)[O-].NC1CCCC1
CDK_Depict_33_161,C[C@@H](N1CCCCO1)I,*1CCCCO1.CC(C)C
CDK_Depict_33_162,CC(C)[Sn](C)N,CSC(C)C
CDK_Depict_33_164,[2H]C(=CCC(CC)Cl)Cl,CCC(Cl)CC=C(C)C
CDK_Depict_33_165,[B]C1C2(CC2)N=CO1,CC.CC(C)C1(C)CC1
CDK_Depict_33_166,C(CS)C(CC(S)S)CS,C.CCCC(C[Si])CC(C)S
CDK_Depict_33_167,C[Te](C)(C)F,CC.CC
CDK_Depict_33_168,C=NCN(C1CC1)I,C=N.CC.CC1CC1
CDK_Depict_33_169,CON/C=C\NN=C,C=N*(C=CN)COC
CDK_Depict_33_170,[B]=[S-](=S)C,C[SH](=S)=S
CDK_Depict_33_171,CCC1=NC=CN1CC2(CC2)CNC(=O)CC3=CC(=CC=C3)O,CC(=O)Cc1cccc(C)c1.CCC1=*C=CN1
CDK_Depict_33_172,C1=C(C=C(C2=NSC(=C21)Br)C(F)(F)F)C(F)(F)F,*C1=C2C=C(C(C)(C)C)cc(C)c2*S1
CDK_Depict_33_173,CN1C[I-]C=CC1=O,C=C/C=C\C
CDK_Depict_33_174,C/C(=N/O)/C(C)(N)Cl,*=C(C)C.C.CO
CDK_Depict_33_175,CC(=[N+]1CC(=O)N1)C,CC(C)=*1CC(=O)[V]1
CDK_Depict_33_176,C[C@]\1(CC/C1=C\[123I])C(=O)O,CCC1CC[C@@]1(C)C(=O)O
CDK_Depict_33_177,C=C([Si])[Ge],C=C(C)[Ce]
CDK_Depict_33_178,CC(O)OC1=[Al]C=CC=C1,CC(C)Cl.Oc1*cccC1
CDK_Depict_33_179,C[C@H](NC=O)NC(=O)P(CC1=CC2=CC=CC=C2C=C1)NC(=O)CN,*CC(=O)NC.CC(=O)N[C@@H](C)NC=O.CCC1=CC2=CC=CC=C2C=C1
CDK_Depict_33_180,CN(N=C)[N+](C)(C)P,C=N[NH](C)[N+](C)(C)[PbH2]
CDK_Depict_33_181,CC(C)(C)OC(=O)CN=S(=O)(C1=CC(=CC=C1)Cl)C2=CC(=CC=C2)Cl,*CS(=O)(=O)c1c=C(Cl)=CC=C1.CC1cccc(Cl)c1
CDK_Depict_33_182,C1COC(O1)C2(C=CC=CN2)Br,*C1(C2CCCO2)CCCC[V]1
CDK_Depict_33_183,CCO/N=C\C/C(=C(\C)/C=N)/N=C,C=[Li]/C(C/C=N\C)=C(/C)C=N.CCO
CDK_Depict_33_184,CN1C(OI(O1)C2=CC=CC=C2)C3=CC=CC=C3,CO[Al](C)C(C)c1ccccc1.Cc1ccccc1
CDK_Depict_33_185,CC#[N+]F,C#*[K]
CDK_Depict_33_186,CN(C)CC[SiH2][SiH3],CN(C)CC[SiH2][SiH3]
CDK_Depict_33_187,N=[S-](=O)P,[2HH].[2HH].[2HH]=O
CDK_Depict_33_188,C[N+](C)(C/C=C(\O)/OCl)CC(CCl)O,CC[N+](C)(CC(O)CCl)CC(O)CCl
CDK_Depict_33_189,CC1CC(=C=C=N)C(=O)O1,CC1CC(=C=C=N)C(=O)O1
CDK_Depict_33_190,CCCCOC(=S)OCI,CCCCOC(=S)OCC
CDK_Depict_33_191,[2H]C(=C([2H])C([2H])(CC)O)C=O,CCC.CCCCCCCCC
CDK_Depict_33_192,C(#CI)PP,CC#CC.[2HH]
CDK_Depict_33_193,CC(=O)OC(=S(=O)=O)C1CC=CCNC1C(=O)NO,CC(=O)C1[V]CCCCC1C(O)=S(=O)=O.CC(C)=O
CDK_Depict_33_194,CC(C(=O)C)/C(=C/N)/C=C\C(=C)Cl,C=C(C)/C=C\C(CN)C(C)C(C)=O
CDK_Depict_33_195,CC(=O)CC(=O)N=C=S(C1=C(C=C(C=C1)F)F)NNC(=O)CC2=CC=C(C=C2)F,CC(=O)CC(=O)N=C=S(C)C1=C(F)C=CC=C1.[H]C(=O)Cc1ccc(C)cc1
CDK_Depict_33_196,C1=CC=C(C=C1)C(C2=CC=CC=C2)(N(C(=S)NN)C(C3=CC=CC=C3)(C4=CC=CC=C4)P)P,*N(*)([Li])NC(=S)N(C(c1ccccc1)c1ccccc1)C(C)(C1=CC=CC=C1)c1ccccc1
CDK_Depict_33_197,C1=C(NN=C1)[Sn],CCCCCCC(C)C
CDK_Depict_33_198,CC1C=C/C(=C\N=CN)/C1(CSC2=CC=C(C=C2)SC(F)(F)F)O,CC(C)(C)Sc1ccc(S)cc1.CCC1([1O])/C(=C/[Au]=C[Au])C=CC1C
CDK_Depict_33_199,C=P(=S)S,C=C.C=S.CS
CDK_Depict_34_1,C[Si](C)(C)C(C#C)I,C=CC(C)C.C[SiH](C)C
CDK_Depict_34_2,CCCCCC1OCC(CO1)(C#N)OC(=O)Cl,CCCCCC1OCC(C#N)(OC(=O)Cl)CO1
CDK_Depict_34_3,CC(C)(C[Te]C)C#N,CC.CC
CDK_Depict_34_4,C1CC1C(=C2CN(C=N2)NN)C3CC3,C1CC1c1c2CNCn2C1CC1
CDK_Depict_34_5,CO[Si](C)(C)O[Si](C)(C)OO[Si](=O)OO[Si](C)(C)O,CO[Si](C)(C)O[Si](C)(C)OO[Si](=O)OO[Si](C)(C)O
CDK_Depict_34_6,C/C=S(/C1=CC(=C(C=C1)O)N)\C(F)(F)F,CC=S(=CC)(Cc1ccc(O)c([NH3+])c1)C(F)(F)F
CDK_Depict_34_7,CCCCCCCC(C(C(=O)C(N=NC1=C(C(=CC(=C1)Cl)Cl)C)(Cl)Cl)I)I,CCCCCCCC(I)C(I)CC(Cl)(Cl)N=C=Nc1cc(Cl)cc(Cl)c1C
CDK_Depict_34_8,CCC(=O)[C@@H](CO)/C(=C/[Si](C)(C)C)/COCOCC[Si](C)(C)C,CCC(=O)[C@@H](CCO)/C(=C/[Si](C)(C)C)COCOCC[Si](C)(C)C
CDK_Depict_34_9,[C-]#[N+]C1COC1,CC#[N+]C1COC1
CDK_Depict_34_10,C[P+]#C,CC.CC.CC.[2HH]
CDK_Depict_34_11,C1=CC(=PC(=C1)N)N,Nc1cccc(N)P1
CDK_Depict_34_12,C(#[N+][O-])[Hg]C#[N+][O-],[2H][N+]#C*CC#[N+][O-]
CDK_Depict_34_13,COC(C1=NOCC1)(O)O,COC(O)(O)c1=NOCC1
CDK_Depict_34_14,C1C(NC=CN1)O,OC1CNcc[NH2+]1
CDK_Depict_34_15,CCCCCCCCC(=C)C(NC(=O)Br)Br,*BC(NC(=O)O*)C(=C)CCCCCCCCCC
CDK_Depict_34_16,C1=CC=C(C=C1)CC2C=C3C=CC=C[C-]3[N+]#C2,CC12ccccc1cC(Cc1ccccc1)C#[N+]2
CDK_Depict_34_17,C1CN(CC1(F)P)I,FC1(F)CCCN(I)C1
CDK_Depict_34_18,C[Hg]SC1=CN=CN=C1,C[Hg]Sc1cncnc1
CDK_Depict_34_19,[B](CNC)Cl,C[NH2+]COCl
CDK_Depict_34_20,CC(C(C(C)(O)Br)[N+](=O)[O-])O,CC(O[Hf])C([N+](=O)[O-])C(C)(C)Br
CDK_Depict_34_21,C(CC[Se](=O)O)C[Se]SCCS[Se]CCCC[Se](=O)O,O=[Se](O)CCCCSCCSCCSSCCCC[Se](=O)O
CDK_Depict_34_22,CCOSSC(=O)CC(=O)C(=O)C,CCOSSC(=O)CC(=O)C(C)=o
CDK_Depict_34_23,CCC(/C=C(/C(C)C)\[Si])N(CC)CC,CCC(CC([SiH3])C(C)C)N(CC)CC
CDK_Depict_34_24,C=C([SiH3])Br,C=C([SiH3])Br
CDK_Depict_34_25,C/C=C/C1C(=N)SC(=S)N1,C/C=C/C1NC(=S)SC1=N
CDK_Depict_34_26,CC(C)OC1=C(C(=O)NNN1OC)C(=O)[O-],CCOC1=C(C(=O)[O-])C(=O)N[NH+]N1OC
CDK_Depict_34_27,C1C[Se][Se][Se]1,C1C[Se][Se][Se]1
CDK_Depict_34_28,C1C=CC(=NC2=C(C(=C(C(=C2S)N)S)S)S)CS1,*c1c(S)c(S[Hf])c(C)c(N=C2CCCSC2)c1[Hf]
CDK_Depict_34_30,B(C)(N=C1NC(=O)C(O1)C)O,CB(O)N=C1[NH2+]C(=O)C(C)O1
CDK_Depict_34_31,C(=O)(O)P(=O)(OF)OF,O=P(OF)(OF)C(O)=S
CDK_Depict_34_32,CCSC(C[Si]O[Si])O,CCSC(O)C[SiH2]O[SiH3]
CDK_Depict_34_33,[B]=[S-](=[W])C,C[S-](=N)=S
CDK_Depict_34_34,CC(C[As]CC(C)O)O,CC(O)C*CC(C)O[Hf]
CDK_Depict_34_35,CCCCCCCCN(CCCCCCCC=O)CCCC/C(=N/S(=O)N)/N(C)C,C=CCCCCCCCN(CCCCCCCC)CCCCC(=NS(=O)[NH2+]C)NCC
CDK_Depict_34_36,CC1=C(C(=IC(=N1)C)OC)F,COc1c(F)c(C)nc(C)[IH]1
CDK_Depict_34_37,C/C=C/C(=C=C(C)[C@H](CCCCCC(=O)OC)S/C=C\C(=O)OC)CO,CC=CC(=C=C(C)[C@H](CCCCCC(=O)OC)S/C=C\C(=O)OC)C[OH+]
CDK_Depict_34_38,CCCNC1=NSN=C1CC2=CC=NC=C2,CCCNc1n[SH]=Nc1Cc1ccncc1
CDK_Depict_34_39,C1=NN=CN1/N=C/C(=C(/C(=O)O)\Cl)/Cl,O=C(O)/C(Cl)=C(Cl)/C=N/n1cnnC1
CDK_Depict_34_40,C=CC(=C(C=C)OP1OC(OP(O1)O)C(=O)CO)C(=O)O,C=CC(OP1OC(C(=O)CO)OP(O)O1)C(=CC)C(=O)O
CDK_Depict_34_41,CP(C)C[SiH3],CPC[SiH3]
CDK_Depict_34_42,CCCCP(CCCC)(CCCC)(OC1=CC=CC=C1P(C2=CC=CC=C2)C3=CC=CC=C3)Br,CCCCCCCCCCCCCCCP(Br)(CCC)(CCC)OC1ccccc1P(c1ccccc1)c1ccccc1
CDK_Depict_34_43,CC1=C(OC(=C1)SSC)C,CSSc1cc(C)c(C)o1
CDK_Depict_34_44,C1(=C(SS(=C1Cl)Cl)Cl)Cl,Clc1ss(Cl)c(Cl)c1Cl
CDK_Depict_34_45,CN=[P+](OP)OP,CN=[P+](OP)OP([Ir])[Ir]
CDK_Depict_34_46,C(#P)NC#P,P#CNC#P
CDK_Depict_34_47,B(C=COC)(O)O,*[SH](O)C=COC
CDK_Depict_34_48,C=C(/N=N\C(=C)P)P,*C(C)N=NC(=C)C
CDK_Depict_34_49,CC(C)CN(CC(C)I)ON,CC(C)CN(CC(C)C)ON
CDK_Depict_34_50,CP(=O)(CC(=O)N(CC1=CC=CC=C1)C(=O)CP(=O)(C(F)(F)F)O)O,CP(=O)(O)CC(=O)N(Cc1ccccc1)C(=O)CP(=O)(O)CC(F)(F)F
CDK_Depict_34_51,CP(C#N)N=C,C=NP(I)C#N
CDK_Depict_34_52,CCOP(=O)(C(=C[NH-])C(=S)N=C1C=C[CH+]C=C1)OCC,CCOP(=O)(O)C(=C[NH+]C)C(=S)N=C1C=C[CH+]CC1
CDK_Depict_34_53,C1=C(C2=C(NN=C2N=N1)I)N,*c1cnnc2[nH][nH]c(I)c12
CDK_Depict_34_54,[B]B([B])[I-]I,C[IH](C)[IH]
CDK_Depict_34_55,C(=C(/F)\[Hg])\F,FC=C(F)[Hg]
CDK_Depict_34_56,C1CN(C(=S(=O)=O)N1C2C=CSC2=O)C(=O)Cl,O=C1SccC1N1CCN(C(=O)Cl)C1=S(=O)(=O)=O
CDK_Depict_34_57,CC1=CC=C(C=C1)OCOC(=O)N(OC2=CC=C(C=C2)C)OC3=CC=C(C=C3)C,Cc1ccc(OCC(=O)OCOc2ccC(C)cc2)cc1
CDK_Depict_34_58,CC(C(C)(C)C)SC(C#C)C(C)(C)C,C#CC(C)C(C)(C)C.CC(S)C(C)(C)C
CDK_Depict_34_59,C/C(=C\C(C(C#C)[Si](C)(C)C(C)(C)C)(O)[Si](C)(C)C)/C#C,*C(/C=C(\C)C#C)(C(C#C)[Si](C)(C)C(C)(C)C)[Si](C)(C)C
CDK_Depict_34_60,CCCCC1(CCCC1)OC(=O)C2(N[I-]2)C34NI3N4,CCCCC1(SC(C2(N[IH]2)[NH+][IH]2)=O)CCCC1
CDK_Depict_34_61,CC([Si]Cl)P,CC([SiH2]Cl)c1ccccc1
CDK_Depict_34_62,CCS(C)(C)C1(CCC1)C(=O)O,*C(=O)C1([SH](C)(C)CC)CCC1
CDK_Depict_34_63,[OH+]1[SiH2][SiH2][SiH2][SiH2][SiH2]1,C[SiH2][SiH2][SiH2][SiH2]
CDK_Depict_34_64,C1=C(C=NC(=O)O1)O,O=c1ccc(O)cn1
CDK_Depict_34_65,C1=CC(=CC(=C(C1Cl)N)Cl)C(F)(F)F,C[NH2+]c1c(Cl)ccc(C(F)(F)F)cc1Cl
CDK_Depict_34_66,C(NC(=S)N)N=[N+]=[N-],*C(=S)[NH2+]CN=[N+]=[N-]
CDK_Depict_34_67,C1CSC(=N1)SC2=CN=C(S2)N,Cc1cc(Sc2nccs2)cn1
CDK_Depict_34_68,CC(=NC(=[V])C)C(=[CH-])C(=O)C,C[Cf]=C(C(C)=O)C(C)=NC(C)=[V]
CDK_Depict_34_69,COC1=COPO1,COc1cPoC1
CDK_Depict_34_70,C/C(=C\C=C)/NCCl,C=C/C=C(\C)NCCl
CDK_Depict_34_71,C1C[Sb]N=C1,C1CC[Sg]c1
CDK_Depict_34_72,[B]B(N)P,N=S([PH])S
CDK_Depict_34_73,CCCN1C(=CN=N1)NCC2=NC(=NC=C2)C,CCCn1n[nH]cc1NCc1ccnc(C)n1
CDK_Depict_34_74,CC1=CC=C(C=C1)SCCNC(=O)/C=C/C2=CN=C(N=C2)N,*Cc1ccc(/C=C/C(=O)NCCSc2ccc(C)cc2)cn1
CDK_Depict_34_75,C1C(=C(C=CC1([N+](=O)[O-])O)SF)I,O=[N+]([O-])c1([N+](=O)[O-])ccc(SF)c(I)c1
CDK_Depict_34_76,CCCCCCC#[Ce],CCCCCCC#C[Ce]
CDK_Depict_34_77,CCCCO[Si](CC(COC1=CNC(=O)N1)O)(OCCCC)OCCCC,CCCCO[Si](C)(CC(O)COc1c[Nh]C(=O)[NH2+]1)OCCCC
CDK_Depict_34_78,[CH2-]CP=[Rh],[Tc]C([Tc])CP=[Rn]
CDK_Depict_34_79,CO[C@H]1C2[C@@H]([C@@H]2[I-]C)CO1,[H][C@@]12CO[C@@H](OC)C1[C@H]2*C
CDK_Depict_34_80,C(OC#N)SSOC#N,N#COCSSOC#N
CDK_Depict_34_81,C[C@H](CCC1=C(SC2=C(S1)C(=CC=C2)Br)I)N,C[C@@H]([NH3+])CCc1Sc2c(Br)cccc2SC1I
CDK_Depict_34_82,C1CCC(CC1)N(C(=O)N)S(=O)(=O)C2CNCCO2,*C(=O)N(C1CC2CC(C2)C1)S(=O)(=O)C1CNCCO1
CDK_Depict_34_83,C1NC2=CC=CC=C2NCP1(=S)C3=CC=CC=C3,S=P1(C2=CC=CC=C2)C[NH2+]c2ccccc2[NH2+]C1
CDK_Depict_34_84,C(C(=[Ni])S)S,*CC([Si])=[Ni]
CDK_Depict_34_85,C[N+]1(C=CC(=C1)N)N,*[N+]1(C)ccc([NH2+])c1
CDK_Depict_34_86,COCC(N=C=O)[SiH](OC)OC,COCC(N=C=O)[SiH](OC)OC
CDK_Depict_34_87,C=[O+]CC(=N)[O-],C=[O+]CC(=N)[O-]
CDK_Depict_34_88,CC(=O)NC1=NCC(S1)S(=O)(=O)NCC2=CC=C(C=C2)N=C(N)N,CC(=O)Nc1ncc(S(=O)(=O)NCc2ccc(N=C([NH3+])C[NH3+])cc2)s1
CDK_Depict_34_89,C1N(N2N(N1[N+](=O)O)N(N(N2[N+](=O)O)[N+](=O)O)[N+](=O)O)[N+](=O)O,O=[N+]([O-])N1CN([N+](=O)O)N2N1N([N+](=O)[O-])N([N+](=O)[O-])N2[N+](=O)[O-]
CDK_Depict_34_90,C([Si])([Si])([Si])P,CC([SiH3])([SiH3])[SiH3]
CDK_Depict_34_91,C1=CC=C(C=C1)CC[N+](O)([O-])OOC(=O)C2=CC=CC=C2,ON(CCc1ccccc1)OOC(=s)c1ccC=CC1
CDK_Depict_34_92,C1CN2C(N1)NSC2=S,S=C1SNc2[NH+]CCN12
CDK_Depict_34_93,C1=[Si]P1,[H]1=S=C1
CDK_Depict_34_94,C1=CC=C(C=C1)S(=O)CNP(=S)(N)O,*P(*)(=S)NCS(=O)c1ccccC1
CDK_Depict_34_95,[2H]C(=[B])C,CC(C)=O
CDK_Depict_34_96,CC#C[Al](C)C,CC#C[AlH](C)C
CDK_Depict_34_97,C(C(=NCO)[O-])Cl,CC([O-])=NC[OH4].Cl
CDK_Depict_34_98,CS(C)(C#C)Cl,C#CS(C)(Cl)Cl
CDK_Depict_34_99,C=CCSC(C=C)N(OC(=O)N)OC(=O)N,*C(=O)ON(OC(*)=O)C(C=C)SCC=C
CDK_Depict_34_100,CC1=NC=C(C=N1)N2CCOCS2(=O)=O,Cc1ncc(N2CCOCS2(=O)=O)cn1
CDK_Depict_35_1,C1C=CC=C(C1=O)OCC2=NC=NO2,O=C1CCccc1CCc1s*cs1
CDK_Depict_35_2,CPCC1CN(CCN(CCN(CCN1CCN=O)CCN=O)CC(=O)N)CC(=O)N,*=NCCN(CCN(CCC)CC(N)=O)CCN(CCN=*)C(CPC)CN(CC(N)=O)CC(N)=O.*=[W]C
CDK_Depict_35_3,C1=CC=C(C=C1)C=NCC#CC2=COC(=C2)F,FC1=CC(C#CCN=Cc2ccC=CC2)=CC1
CDK_Depict_35_4,CC#CP[SiH3],CC#CC.P.[SH-]
CDK_Depict_35_5,[B]C1C(=O)N1,Cc1cc1C
CDK_Depict_35_7,C1CN(CCN1)NNC2=CC=NC=C2,NC1=CC=NC=C1.NN1CCNCC1
CDK_Depict_35_8,COC1=C(C=NO1)C(CN)C(=O)O,COC1CNcc1C(CN)C(=O)O
CDK_Depict_35_9,C1C(C(C(=C1N(OC(=O)O)OC(=O)O)O)O)O,CCCN(CC(=O)[O-])C1CC(O)C(C)C1O
CDK_Depict_35_10,C[Al](N(C1=CC(=C(C(=C1F)F)F)F)F)N(C2=CC(=C(C(=C2F)F)F)F)F,CC1=C(F)C(F)=C(F)C(N(F)[Al](C)N(F)C2=CC(F)=C(F)C(F)=C2F)=C1
CDK_Depict_35_11,C(OC(C(F)Cl)(F)F)ON(C(F)(F)F)C(F)(F)F,CC(C)C(C)(C)CCCN(C(C)(C)C)C(C)(C)C
CDK_Depict_35_12,CCOOC(C(=O)O)(OCC1CC1)OCC2=NC=CS2,C=C=C=C=C=C=C(CC1CC1)C(C=O)(CCCC)CCC1=NC=CC1
CDK_Depict_35_13,C=COSCl,C=CC.CC.CC
CDK_Depict_35_15,CC(=O)C(C)(C)CP(C)SSC1=CC=CC=N1,CC1=CC=CC=C1.CCC.CCC(C)(C)C(C)C
CDK_Depict_35_16,C(=S)(N)P,CC(N)O
CDK_Depict_35_17,CC(N)/N=C\NC1=C(C=C(CC1)N)OC(F)(F)F,CC(C)[U]=CCC1CCC([V])CC1CC(F)(F)F
CDK_Depict_35_18,S(Cl)(Cl)(Cl)(Cl)(Cl)Cl,C.C.C.CC.CC
CDK_Depict_35_19,C(=O)(Cl)[Ge],CC(C)C
CDK_Depict_35_20,C(Cl)[Ge](Cl)Cl,CC.CC.CCC
CDK_Depict_35_21,CC1CC(CO1)C(=O)N=C=S,C=NC(=C)C1CCC(C)C1
CDK_Depict_35_23,COP([N+]#[C-])[N+]#[C-],C#[N+]P(OC)[V+]#C
CDK_Depict_35_24,CC[Al-](CC)(CC)F,CC.CCC.CCC
CDK_Depict_35_25,C1C=N[N+](=S)S1,CC.CCCCC
CDK_Depict_35_26,CC(=O)C1C(=CNC1=O)O,C=C(C)C1C(=C)NC=C1C
CDK_Depict_35_27,C(=S(N)Cl)(Cl)Cl,*C(=C)C.CCN
CDK_Depict_35_28,CC(O)SSSC(C)O,CC(O)CCCC(C)O
CDK_Depict_35_29,C[C@H](COS#P)C#C,C#C[C@H](C)CO[SH](=C)=O
CDK_Depict_35_31,[2H][P+](=S)C,CC.CC.[OH-]=S
CDK_Depict_35_32,C1[C@@H](CSO1)C(=O)O,CCC1CCCC1
CDK_Depict_35_33,CC(C)C1C(C(NCS1)N(C)C)(C)C,CC(C)C1SCNC(N(C)C)C1(C)C
CDK_Depict_35_34,C1OOC=CP1,C=C1CCCCO1
CDK_Depict_35_35,CC1CN=C(N1)I,CC(C)=*CC(C)N
CDK_Depict_35_37,C(=NF)NF,CNC=N
CDK_Depict_35_38,COC1(C=CC(C=C1)(OC)OC)N2C=CC=C2,CCC1(C)C=CC(CC)(OC)C=C1
CDK_Depict_35_40,C1=CC=C(C=C1)C=C2NNN=[N+]2[S-],[S-][N+]1=***C1=Cc1ccccc1
CDK_Depict_35_41,C(=O)(N(C(=O)F)C(=O)F)F,C=C(C)C.C=C(C)CC(=C)C
CDK_Depict_35_42,CP1CC2CCCC2C1C3=CC=CP3,CC(C1=CC=CO1)C1CCCC1.Cc1cccc1
CDK_Depict_35_43,C(C(=O)Br)[N+](=O)[O-],C=C(C)CC
CDK_Depict_35_44,CC(CC(=O)O)[N+](CC(=O)O)(CC(=O)O)O,C=C(C)CN(CC(=O)O)C(C)CC(C)=O
CDK_Depict_35_45,C(NC(=S)N)P=O,CC=[PH]CNC(N)=S
CDK_Depict_35_46,[B](OC[Si](C)(C)C)OC[Si](C)(C)C,CCCSCCC(C)(C)C
CDK_Depict_35_47,[B](CCOC(=O)C=C)P=N,C=CC(=O)CCCC.CC.N
CDK_Depict_35_48,CC(=O)N=C(P(=O)(OC)OC)[Se]C,C=C([Co]C)[O-](=C)(C)CC.CCC
CDK_Depict_35_49,CNC(C=S)N,C=CC(C)N.CC
CDK_Depict_35_50,CC(C)(C)C1=C(C2=C(C=C1)PC3=CC=CC=C3C2=O)C(C)(C)C,CC(C)(C)c1ccc2c(c1C(C)(C)C)Cc1ccccc1C2
CDK_Depict_35_51,CC1=CN=C2C(=N1)NNC(=N2)SC,CCC(C)=N/C(=N/NC(=N)NC)C(C)=N
CDK_Depict_35_52,O([Si]OCl)Cl,CC.CC.CCC
CDK_Depict_35_53,CNC(=O)C1CS1(C)N=O,C=NS1(C)CC1C(=O)NC
CDK_Depict_35_54,C(#CC(=O)NN)C(=O)NN,*.*.*.CC#CC(=O)NC
CDK_Depict_35_55,CNN(C)OO,CNNCO
CDK_Depict_35_56,[3H]B(P)I,CC.CC.CC.CC.CC.CC.CC.CC.CC
CDK_Depict_35_57,CC(C)(C)C1=C=C(P(C(=P1)C(C)(C)C)C(C)(C)C)C(C)(C)C,CC(C)(C)C.CC(C)(C)C.CC(CC(C)C(C)(C)C)C(C)(C)C
CDK_Depict_35_58,O=S(OS)OS,CCS(=O)OS.S.[HH]
CDK_Depict_35_60,[2H]C([2H])(CCCC)N(CCN1CCOCC1)CC(=O)N,CCCCCCCCCN(CCN)C(C)(C)CCCC
CDK_Depict_35_61,[C-](=O)O[SnH],C=C=O.CC
CDK_Depict_35_62,COC1(C(=O)C(=NC#N)C(=NC#N)C(=O)C1(OC)OC)OC,C#CCC1C(=O)C(OC)(OC)C(OC)(OC)C(=O)C1NCC
CDK_Depict_35_63,CCP=C=S,C=C.CCC.CCC
CDK_Depict_35_64,[B]C(C(=O)N)(F)F,CC(C)=O
CDK_Depict_35_65,B([O-])(OC)Br,CC.CC.CC
CDK_Depict_35_66,N[SiH]([SiH3])Cl,CC.CC
CDK_Depict_35_67,CC1CNP(O1)CCl,CC(C)CNO.CCC
CDK_Depict_35_68,C=C\1CCCC/C1=C/N2C=CC=CC2=O,C=C1C=CCCC1.CCCCCCC
CDK_Depict_35_69,C1=NON=C1C(C(=O)O)N,*C(C(=O)O)c1*C(=C=C=C=C=C=C)*=C1
CDK_Depict_35_70,CC(=O)NC(C)(C[Se][Se]CC(C)(C(=O)OC)NC(=O)C)C(=O)OC,C=C(C)C(C)(C[Se][Se]CC(C)(NC(C)C)C(=C)C)CC(C)C.CC.CC
CDK_Depict_35_71,CCN(C)N(CC)C(=N)/C(=N\NC1=NC=CS1)/C=O,C=CC(=N)C(=N)N(CC)N(C)C.CNc1nccS1
CDK_Depict_35_72,N(S(=O)O)(Br)Br,CC.CCCC
CDK_Depict_35_74,[3H][B]B([3H])P=S,*C.*C.C=C
CDK_Depict_35_75,C(#N)S[Sn],CC.CC.CCC
CDK_Depict_35_76,CCCC(C(OC(=O)C)Br)S(F)(F)(F)(F)F,CCCC(C(C)C)[SH](C)(C)C
CDK_Depict_35_77,C[SiH](C)C1(CCCCO1)OC(=O)OC2(CCCCO2)[SiH](C)C,CC(=O)CC1([SiH](C)C)CCCCO1.C[SiH](C)C1(C)CCCCO1
CDK_Depict_35_78,C1[C@@]23N1[C@@H]2O3,CC12CCCC1(C)C2
CDK_Depict_35_79,C(=S(=O)(N)O)C(F)(F)F,CC.CC.CC.CC.CC.CC.CC.CC.CC.CC.CC.CC.CC.CC.CC.CC(C)(C)C
CDK_Depict_35_80,CCC([Si](OCC)(OCC)OCC)SS(=S)(=S)C(CC)[Si](OCC)(OCC)OCC,CCCCC.CCC[S+](CCC)(CCC)C(S)CC.CCO[SH](C)C(CC)S(C)(=S)=S
CDK_Depict_35_81,[B](C#C)S,C=CC.CC.CC
CDK_Depict_35_82,CC#CC#C/C(=C/C=C(/C#C[Si](C)(C)C)\SCC1=CC=CC=C1)/SCC2=CC=CC=C2,CC#CC#C/C(=C/C=C(\C#C*(C)(C)C)CCC1ccccc1)CCC1ccccc1
CDK_Depict_35_83,[B]P(F)P,CC.CC.CC
CDK_Depict_35_85,CS(C)(COOO)O,CC.CCC[SH](C)(C)O
CDK_Depict_35_86,CC(C[N+](=O)[O-])N(C)C(=O)CSC(=O)C,**(=C)CC*(C)CCCC(C)=O
CDK_Depict_35_88,[B]C(=O)S,CC.CC.CCC
CDK_Depict_35_89,C1CCON(C1)CC2=CC=C(O2)Br,CC.ClC1=CC=C(CN2CCCCC2)C1
CDK_Depict_35_90,C1CN2CCN3CCN1C[Ga](C2)C3,CCC.CCC.CCCCC
CDK_Depict_35_91,CNC(=O)/C=C/C=N\NC,CC.CC.CC=C/C=C/C=N
CDK_Depict_35_92,C[Si]([SiH3])P,CC.CC.CC.CC
CDK_Depict_35_93,CNCC(=O)C1=C(SN=N1)Br,CC=C(CC)CC.CCCCC
CDK_Depict_35_94,C1=C(NSS1=S)N,C=S1CC(N)=NS1
CDK_Depict_35_95,CCCCN(CCCC)CC1C(=NC2=CC=CC=C2)C(=CC=N1)Cl,CCC(C)CC.CCCCCCC1N=CC=C(Cl)C1=NC1=CC=CC=C1
CDK_Depict_35_96,[2H]B(C)[P+](=O)PF,CC.CC.CC.CC.CC.CC
CDK_Depict_35_97,C[O+]=C1C=CC(=C(C(=O)C#CC2=CC=CC=C2)N=N)C=C1,CCC1CCC(=C(N=N)C(=O)C#CC2=CCCC=C2)CC1
CDK_Depict_35_98,C1=C[N-]C=NC1=[Si+],*.*.*.C1=[W]CCC[W]1
CDK_Depict_35_99,C1COC(=O)C1[As]C(=O)CO[N+](=O)OCC(=O)[As]C2CCOC2=O,CCC(C)CC1CCCC1=O.CCC1CCCC1
CDK_Depict_35_100,C(N)(Cl)I,CC.CC.CCC
CDK_Depict_36_1,CN/C(=C(/NCC1=CC=C(C=C1)Cl)\O)/N=C2CC2,Cc1ccc(CN/C(OOOOOOOOOOOOOO)=C(\N)N=C2CCC2)cc1
CDK_Depict_36_2,C1=C[N+](=O)N=N1,C/C=C\[n+](=O)[n+]=N
CDK_Depict_36_3,C(=[Pd])NNN,**[NH2+]C=C
CDK_Depict_36_4,B(C)(N)Cl,C[2H](N)Cl
CDK_Depict_36_5,CP(=O)=[Pd],C=CC.CC
CDK_Depict_36_6,CC1(C=CNO1)NC=O,C=CNC1(C)C=CNO1
CDK_Depict_36_7,B(C([Si](C)(C)C)([Si](C)(C)C)[Si](C)(C)C)(N=[N+]=[N-])N=[N+]=[N-],C[Si](C)(C)C([Si](C)(C)C)([Si](C)(C)C)[Si](C)(C)N=[N+]=N
CDK_Depict_36_8,[2H]C(=CC([2H])([2H])O)[2H],[2H]/C(O)=C/C([2H])([2H])O
CDK_Depict_36_9,CC(CC1OCOCO1)(C=O)[N+](=O)[O-],CC.CCCC(C)CC(C)(C=O)[N+](=O)[O-]
CDK_Depict_36_10,[2H]N=C[B],*N=CC
CDK_Depict_36_11,[2H][W](=N)I,C=*(C)C
CDK_Depict_36_12,C1N(CN(C(=O)N1Cl)Cl)Cl,CCN1CN(C)CN(C)C1=O
CDK_Depict_36_13,CC(C)(C)[SbH2],CC(C)(C)S
CDK_Depict_36_14,C1CCS(C1)(C2CCSC2Cl)Cl,CC1CCCC1C1(C)CCCC1
CDK_Depict_36_15,CCCCCCCCCCCCCC#C[C@@H]([C@@H](C(=O)OCC)O)N=[N+]=[N-],CCCCCCCCCCCCCC#C[C@H](N=[N+]=[N-])[C@H](O)C(=O)OCC
CDK_Depict_36_16,CCOC(=O)[C@@H](C)OP(=O)(Cl)Cl,CCOC(=O)[C@@H](C)OP(C)(C)=O
CDK_Depict_36_17,C(N)(N=O)I,*C(C)N=C
CDK_Depict_36_18,CCOC(C1=CSC=C1COCC(C(F)(F)F)(F)F)(F)F,CCCC(F)(F)c1cSCc1CCCC(F)(F)C(F)(F)F
CDK_Depict_36_19,CNC(CCCCNC(=O)OC/C=C/1\NNC=NN1)C(C(=O)O)N,CNC(CCCCNC(=O)CCC=C1CNC[14N][14NH]1)C(N)C(=O)O
CDK_Depict_36_20,C(C(/C(=N/N)/NSF)O)N,*CC(*)/C(=N/*)NSF
CDK_Depict_36_21,CSC1(CC1)C2NCCCS2,CSC1(C2CCCCN2)CC1
CDK_Depict_36_22,C(=C=O)C#CC=C=O,O=C=CC#CC=C=O
CDK_Depict_36_23,O[P+](O)(O)I,Cl[O+]([ClH])([ClH])[ClH]
CDK_Depict_36_24,S=S=S=S=[Mo],C=S=S=C=S
CDK_Depict_36_25,CC(C)(C)O[Si](C)(C)ON(C)C,CO[Si](C)(C)CN(C)C
CDK_Depict_36_26,C(=C[Al])[Al],*C=CC
CDK_Depict_36_27,COC(CCBr)(C(F)(F)Br)F,*CCC(C)(OC)C(C)(C)C
CDK_Depict_36_29,CC1=C(PC(=C1C)[Sn]C)C,C*c1cc(C)c(C)c1C
CDK_Depict_36_30,C=NC(CC(C(F)(F)F)N=C)C(F)(F)F,C=*C(CC(N=C)C(C)(C)C)C(C)(C)C
CDK_Depict_36_31,C1C(=P)C(=O)OC1=O,C=C1OC(=O)CC1=O
CDK_Depict_36_32,C(CCCCO)CCCC(=[P+]=O)O,CC=C(O)CCCCCCCCC
CDK_Depict_36_34,CC(C)(/C=C/Cl)C#CCl,CC#CC/C=C/C
CDK_Depict_36_35,C1=C(SC(=N1)NS(=O)[O-])Cl,CC1=CN=C(NC(=O)[O-])S1
CDK_Depict_36_36,CC(C)N1C=CN=NN1,CC(C)C.CC1ccCCC1
CDK_Depict_36_37,C1=CSC(=C1NCC2=CC(=NO2)Br)Cl,*c1cC(CNc2c(C)CC=C2)CN1
CDK_Depict_36_38,[2H]C([2H])(C#C)C#C[Si](C)(C)C,C#CC(C)(C)C#C[Si](C)(C)C
CDK_Depict_36_39,CC=CC(C=CC)(OS(=O)(=O)O)SO,C=CC(C=CC)(OS(=O)(=O)O)SO
CDK_Depict_36_40,CCCCNOC(=O)N=S(=O)=O,CCCNOC(=O)N=C(=O)=O
CDK_Depict_36_41,CC1=CC=C(C=C1)SC(OC(=O)C)P(=O)(OC)OC,C=[PH](CC)(OC)C(CC(C)=O)Sc1ccc(C)cc1
CDK_Depict_36_42,C1C2C(CN1)NOCN2,C1CC2NOC[V]C2C1
CDK_Depict_36_43,C=[SiH]PP,C=CCC
CDK_Depict_36_44,C/C(=N/N1C=CC=C1)/C2=CC=CO2,C/N=C(/C)c1cccc1.c1cccc1
CDK_Depict_36_45,CC1(CC(CC(=S)S1)N2CCOCC2)C,C=C1CC(N2CCCCC2)CC(C)(C)C1
CDK_Depict_36_46,C(C(O)(F)F)N=[N+]=[N-],CC(O)(F)CC=[N+]=N
CDK_Depict_36_47,C(F)[SiH](CF)CF,CC[SiH](CC)CC
CDK_Depict_36_48,C1=CC(=CC(=C1)C(F)(F)F)CN2C(=O)N=C(S2)N=C3C=CC(C(C=C3)Cl)Cl,CC1C=CC(=CC2=NC(=O)N(Cc3cccc(C(C)(C)C)c3)C2)C=CC1C
CDK_Depict_36_49,[B]C(=O)/C=C/N(C)C,CCCCC(=O)O
CDK_Depict_36_50,CN(C)C(=N)C(Br)Br,C=C(C)C(C)C.CC
CDK_Depict_36_51,C(=S)SNN,*CSC=S
CDK_Depict_36_52,CCC1(S(=O)(=O)C(S1(=O)=O)(CC)Br)Br,CCC1(Br)S(=O)(=O)C(CC)(CC)S1(=O)=O
CDK_Depict_36_53,[B][I-](F)(F)F,*C.*C.CF
CDK_Depict_36_54,C1=C(C(=CN1C=O)CBr)CBr,*Cc1cN(C=C)cc1C*
CDK_Depict_36_55,C1COC(N1)(C#N)C#N,N#CC1(C#N)CCCC1
CDK_Depict_36_56,C(C(N)SO)C(F)F,*C(CC([H])C)SC
CDK_Depict_36_57,C1=CC=[N+](C=C1)CC2=CC=CC3=NSN=C32,*1scc2cccc(C[n+]3ccC=CC=3)c21
CDK_Depict_36_58,C(CN(CCO)CN)N=C(N)/N=C\N,*CC(CCC)CCCC(N=NN=NN=NN=NN=NN=NN=NN=NN=NN=NN=NN=NN=NN=NN=NN=NN=NN=NN=NN=NN=NN=NN=NN=NN=NN=NN=NN=NN=NN=NN=NN=NN=NN=NN=NN=NN=NN=NN=NN=NN=NN=NN=NN=NN=NN=NN=NN=NN=NN=NN=NN=NN=NN=NN=NN=N[U])=NC=N
CDK_Depict_36_59,[3H][I-]CP,CCP.[HH]
CDK_Depict_36_60,CCC(C)(CC=C)OCC(C=C(C)NCCN1CCNC1=O)O,C=CCC(C)(CC)CCC(O)C=C(C)CCCC.O=C1CCCC1
CDK_Depict_36_61,C[Si](C)(C)[N+](=P(C)(C)C)[I-]Cl,CCl.C[2H](C)[N+](C)[Si](C)(C)C
CDK_Depict_36_62,B(CC(C1CCCN1)O)(O)OC,COP(O)CC(O)C1CCCN1
CDK_Depict_36_63,CCC1=C(OC(O1)(C)N)N,CCC1OC(C)C
CDK_Depict_36_64,C1CCN(CC1)COC2C=CC(=CO2)C(O)Cl,CC1CCC(C(Cl)Cl)CC1.CCC1CCCCC1
CDK_Depict_36_65,[N-]=P(=S)Cl,C=C(=C)C
CDK_Depict_36_66,C(C1=NON=C1N)OC2=NON=C2OCC3=NON=C3N,*c1c(CCC2[V]OCC2CCC2=NC*c2N)NC*1
CDK_Depict_36_67,C(=C(Cl)Cl)SBr,*SC=C(C)Cl
CDK_Depict_36_68,C#CC1(OSSO1)O,C#CC1(O)OSSO1
CDK_Depict_36_69,CC[C@H](CC=C)N(/C=N\CN)C(=C)N,*C/C=C\C[C@H](CC)CC=C
CDK_Depict_36_70,C1C(=O)NC(=CS1)CCN,CCCc1cSCC(=O)[V]1
CDK_Depict_36_71,CCC(CCCPC)C#C,C#CC(CC)CCC[PH2+]C
CDK_Depict_36_74,CC[Sn](CC)(CC)OO[Sn](CC)(CC)CC,CCC(CC)OO[S+](CC)(CC)CC
CDK_Depict_36_75,C1=CSC(=S)C=N1,S=C1cnccs1
CDK_Depict_36_76,[3H][V]([3H])I,CC.CC.[HH]
CDK_Depict_36_77,CCCSSOC(=O)C(Cl)(Cl)Cl,C.CC(=O)C(C)(C)C.CCCSSC
CDK_Depict_36_78,[B]N(C)F,[2H]N(C)C
CDK_Depict_36_79,CCCCCC(C)(C)OOC(=O)OCC(CC)[N+](=O)[O-],CCC(COC(=O)OC)[N+](=O)[O-].CCCCCC(C)(C)C
CDK_Depict_36_80,CCS(=S)(CC)(CC1=CC=CC=C1)C#N,CCS(=O)(C#N)(CC)Cc1ccccc1
CDK_Depict_36_81,B(C)(C)C1=CC(=CC2=C1C=NN2)C,Cc1cc2c(ccC2)c(C(C)C)c1
CDK_Depict_36_82,C[Te](C)(C)(C)(C)C,CF(C)(C)(C)C
CDK_Depict_36_83,C1CO[C@H](CN1CC2CC=C(C(=C2)Cl)Cl)CNC(=O)CSC3NNC(=S)S3,CC1=CCC(CN2CCCC(CNC(=O)CSC3CCC(=S)S3)C2)C=C1C
CDK_Depict_36_84,CS(=O)(=O)C1=CC(NC(=C1Cl)Cl)(Cl)Cl,CC1CC(S(C)(=O)=O)c([Cf])c([Cf])N1
CDK_Depict_36_85,CCN(CC)CCNC(=O)C(C)OC1=NN=C1,CCC(CC)CCNC(=O)C(C)OC1cnn1
CDK_Depict_36_86,[B]C[Si](CO)(CO)CO,CCS(CO)(CO)CO
CDK_Depict_36_87,CC(C(=O)O[Si](C)(C)C)C(=S)I,C=C(CC(C)=S)O[Si](C)(C)C
CDK_Depict_36_88,[B]C1=C(NC(=C1I)C=O)CI,[CH2-]c1c(CC)[NH4]c(C=O)c1C
CDK_Depict_36_89,CCCC[N+](=C(C)O)O,CC(O)=NO.CCCCCO
CDK_Depict_36_90,CCCC(/C(=C\C#CC#CC#N)/C#N)OC,CCCC(CC)/C(C#N)=C\C#CC#CC#N
CDK_Depict_36_91,[B][P+](=N)P,*[O+]([2H])=N
CDK_Depict_36_92,CCC(C(C)(C=N)F)NN=C,C=CNC(CC)C(F)C=[W]
CDK_Depict_36_93,C/C=C/C(CNC(C)C)(COC(C)(C)C)F,C/C=C/C(C)(CCC(C)C)CCC(C)(C)C
CDK_Depict_36_94,CC[Pb](Cl)(Cl)Cl,CC*(C)(C)C
CDK_Depict_36_95,CI(C)N1CCNCC1,C[IH](C)N1CCNCC1
CDK_Depict_36_96,O=S(=P)=S,C=S(=O)=S
CDK_Depict_36_97,CC=C(C=NC1=CC(=CC=C1)Cl)OO[Si](C)(C)C,*c1cccc(NCC(=CC)C[Si](C)(C)C)c1
CDK_Depict_36_98,C1=CN(C=C2C1=CN=C2)C(=O)OCC3=CC(=CC(=C3)Cl)Cl,Cc1cc(C)cc(CCC(=O)C2cccc(cc(C)cc2)c2)c1
CDK_Depict_36_99,CCCCO[Sn](=S)O[Sn](=S)OCCCC,CCCCCS(=S)C[Sn](=S)OCCCC
CDK_Depict_36_100,C1C(=N)N=NC2=CC=NN21,*=C1Cc2c(cN1)cc*2
CDK_Depict_36_101,CNC(=O)CP(C)C(=O)NCC(CO)O,CCC(=O)CC(C)C(=O)NCC(O)CC
CDK_Depict_36_102,CCCCCP=NPCl,CCCC/P=N/PC
CDK_Depict_36_103,CC1(N=NN=N1)C2=C(C=C(C=C2)O)F,Cc1cc(O)ccc1C1(C)*ncn1
CDK_Depict_36_104,C1(=S)NNC(=S)N=N1,C=C1CCC(=S)NC1
CDK_Depict_36_105,B1(NC(CO1)CCC)OCC2=CC=CC=C2C,CCCC1*C(CCc2ccccc2C)CC1
CDK_Depict_36_106,CC(O)S(=O)(=O)NN,*C(C)S(=O)(=O)*N
CDK_Depict_36_107,[O-]S(=O)(F)(F)F,CC(C)(=O)O
CDK_Depict_36_108,[2H]C([2H])([2H])NC(=O)SC[C@H](C(=O)O)N,*[C@H](CSC(=O)[V]C(C)(C)C)C(C)=O
CDK_Depict_36_109,N(N=[Pt]=O)F,O=c=sNF
CDK_Depict_36_111,[2H]C(C)(C)C[C@@H](CC(=O)O[2H])CN([2H])[2H],[2H]CC(=C)C[C@H](CCC)CC(C)(C)C
CDK_Depict_36_113,C1CS[Te]C1,*1CCCS1
CDK_Depict_36_114,C=CNC(=C)/N=C(/N)\NO,*/C(*[14O])=C/C(=C)CC=C
CDK_Depict_36_115,C(=O)(N(N)I)OP,*N(C)C(=O)OC
CDK_Depict_36_116,C1=CC=C(C=C1)CN(/C(=N/Cl)/NN)Cl,*NC(CCc1ccccc1)NC
CDK_Depict_36_117,[B](NCCOCC)PI,CCOCCNOPC
CDK_Depict_36_118,[B][B]B([B])I(B(B([B])[B])B([B])[B])I,***(*(*)*)*(C)*(*(*)*)*(*)*
CDK_Depict_36_119,C1=NSN=C1/C=N\O,*N=Cc1C=NS[V]1
CDK_Depict_36_120,CC(=O)OP(OC(=O)C)PP,CCC(CC(C)=O)CC(C)=O
CDK_Depict_36_121,C/C=C(/C(C1=COC=N1)O)\N=C,C/C=C(\C)C(O)c1*cCC1.C=C
CDK_Depict_36_122,CC(C)(C)S1=NC=CS1,*1C=*C=C1.CC
CDK_Depict_36_123,[2H]C1=C(SC(=C1[2H])Br)C([2H])(C([2H])([2H])[2H])C([2H])([2H])[2H],[2HH].[2HH].[2HH].[2HH].[2HH]
CDK_Depict_36_124,C1=CC(=CC=C1NC(=O)C(=S)NNCC2=C(C(=CC(=C2)Br)Br)O)F,O=C(Nc1ccc(F)cc1)C(=S)N*CC1=C(O)C(Br)=CC([Br-])=C1
CDK_Depict_36_126,C(=O)(NNC(F)(F)F)O,CC(C)(C)[V][V]C(=O)O
CDK_Depict_36_127,CCCCC(CC)C[Sb](SC1=C(C(=CC=C1)Cl)Cl)Cl,CCCCC(CC)C*(C)Sc1cccc(C)c1C
CDK_Depict_36_128,CS(=O)(=O)CCSC1=CC=CC(=C1C#N)F,C=*(C)(=O)CCCc1cccc(C)c1C#[V]
CDK_Depict_36_129,CCC1=C(N=C(S1)C)I2C[I-]2,CC.CC.CCC1=C(C)CC(C)C1
CDK_Depict_36_130,CCOC(=S)SCC[P+](=O)O,CCOC(=S)CCC[P+](C)=O
CDK_Depict_36_131,C1=CN=CC(C2=C1SC=C2)O,OC1ccccc2sccc21
CDK_Depict_36_132,CC1(CC=C(C=C1[N+](=CN(SC2=CC=C(C=C2)Cl)Cl)C)Cl)Cl,C.CC1=CC=C(SCCN(C)C2=CC(C)=CCC2C)C=C1
CDK_Depict_36_133,C(C(OCCl)P=O)Br,CCOC(C[2Sr])o=O
CDK_Depict_36_135,CCC(=C)NC1NCN=C(N1)C[C@H]2NCCN2C,C=C(CC)NC1CCCC(C[C@H]2NCCC2C)C1
CDK_Depict_36_136,CC(=N/N=C/OC(=O)CC1NCC(=O)N1C)C,CC(C)=N/*=C/CC(=O)CC1CCC(=O)N1C
CDK_Depict_36_137,C1=CC=C2C(=C1)N=C3N2[Se]3,*1c2ccccc2N2sC12
CDK_Depict_36_138,CC(CC(=S)CC(C=CC(=O)O)C(O)O)C=CC(=O)O,C=C(C)CCC(CC(=S)CC(C)/C=C/C(=O)O)C(C)C
CDK_Depict_36_139,[3H]C(=C)S,C=C(C)S
CDK_Depict_36_140,O=I(=O)OI,C=O.[CH2-]OC=O
CDK_Depict_36_141,C(=C(I)I)(C(I)(I)I)I,CC(C)=C(C)C(C)(C)C
CDK_Depict_36_142,C[Si](O)OS,C[SH](C)OS
CDK_Depict_36_144,CS(=O)(=O)C1=CC=CCN1C#N,C#CCc1ccccC1.C=*(C)(=O)=O
CDK_Depict_36_145,CC[Si](C)(C)N(/C=C/N1CCOCC1)[Si](C)(C)CC,CC[Si](C)(C)[Al](/C=C/C1CCCCC1)[Si](C)(C)CC
CDK_Depict_36_146,B(O)(F)Cl,*[2H](O)Cl
CDK_Depict_36_147,N1SS1(=O)=O,O=S1(=O)S[W]1
CDK_Depict_36_148,CCC#CP(=S)(C)C,CCC#C*(C)(C)=S
CDK_Depict_36_149,CO[Si](C=C)(OC)I,C=C[Si](C)(CC)CC
CDK_Depict_36_150,C(C(=O)N)SP=O,C=C(CSp=O)N=NN=NN=NN=NN=NN=NN=N
CDK_Depict_36_151,B(C)(C)C(C)(C)C#CC,CC#CC(C)(C)C(C)C
CDK_Depict_36_152,C1=C(N=CO1)N2C=NC(=N2)C(=O)O,O=C(O)C1=CC(CC2=CC=C2)=C1
CDK_Depict_36_153,CCCC(NO)S(=O)(=O)OS(=O)(=O)CCNO,CCCC(CO)S(=O)(=O)CS(=O)(=O)CCNO
CDK_Depict_36_154,CC(C)(C)OCC(CC(F)(F)Br)Br,CCCC([S-])CCC(C)(C)C
CDK_Depict_36_155,[B][P+](=O)F,**(C)S
CDK_Depict_36_156,CC(C)(N=C=O)S(=O)(=O)C,CC(C)(N=C=O)S(C)(=O)=O
CDK_Depict_36_157,COC(=S)C1=CC=CC12CC2,CC(=O)c1cccC12CC2
CDK_Depict_36_158,CN=C(Cl)I,C=C(C)C
CDK_Depict_36_159,CON=[Pt]=O,CCN=*=O
CDK_Depict_36_160,[B]N1CCN(CN(C1)[B])[B],CC.CCCCCCCCCCN(C)CCCCC
CDK_Depict_36_161,C1=C(NC(N1)S)CCC(=O)N=O,C=NC(=O)CCC1cCC(S)C1
CDK_Depict_36_162,CCS(=O)(C)(OC)Cl,C=[SH](C)(CC)CC
CDK_Depict_36_163,[B](C)OF,[H]O[SH2+]
CDK_Depict_36_165,C1C(CO1)(C(F)(F)F)OC(=O)Cl,C=C(C)CC1(C(C)(C)C)CCC1
CDK_Depict_36_166,N([SiH3])([SiH3])[SiH2]Cl,*[U](*)*C
CDK_Depict_36_167,CC(NCCS)NCCS,CC(CCCS)NCC[11CH3]
CDK_Depict_36_168,CC(=C)C(=O)OCCNC(=O)O[SiH2]CCC(C)(O[Si](C)(C)C)O[Si](C)(C)C,CC(C)C(=O)CCCCC(=O)O[SiH2]CCC(C)(C)C[Si](C)(C)C
CDK_Depict_36_169,C(N=O)OOO,C=CCCCO
CDK_Depict_36_170,COC(=O)C(N)ON(O)O,CCC(=O)C([U])C[Al]([U])[U]
CDK_Depict_36_172,[B]C(CC/C=N\NC(=O)CCNC)C#N,C*CCC(N)=O.[2H]C(C#[V])CCCC
CDK_Depict_36_173,CC(C1C(C1(Cl)Cl)(C)C)C2=CC=CC=C2S(=O)(=O)O,CC(CC(C)C(C)(C)C)C1=CC=CCc1S(=O)(=O)OOOO
CDK_Depict_36_174,CCO[Si](C)(C1CC(C1)[Si](C)(OCC)F)F,CCC[Si](C)(F)C1CC([Si+](C)(C)CCC)C1
CDK_Depict_36_175,C[Si](C)CC1CCC(C1)Br,CC(C)CC1CCC([FH+])C1
CDK_Depict_36_176,[B]C(=O)N1CCNC1=O,CC(=O)[V]1CC[1H]C1=O
CDK_Depict_36_177,CC(CSC1=NC=CS1)(C#N)NC2CC2,C#CC(C)(CSc1cccs1)CC1CC1
CDK_Depict_36_178,C[Sn]=CC1OCCO1,C[Sn]=CC1CCCO1
CDK_Depict_36_179,C1COC=C1[C@@H](C(F)(F)F)N,CC(C1CCCC1)C(C)(C)C
CDK_Depict_36_180,C(N)(F)Cl,*C(C)C
CDK_Depict_36_181,CCCCCCCCSC1=NC(=O)/C(=C/C(C)C)/[Se]1,CCCCCCCCCC1CC(=O)/C(=C/C(C)C)S1
CDK_Depict_36_182,[2H][B]S(=O)C,CSS(C)=O
CDK_Depict_36_183,C1=CN=CC=C1S(=C(Br)Br)(=O)Br,*cS(=O)(=C(*)*)c1ccncc1
CDK_Depict_36_184,CCP(CC)C1=CC=C(C1Br)C(C)N(C)C,CCC(CC)c1ccc(C(C)C(C)C)C1[O-]
CDK_Depict_36_185,C1=CC=C(C=C1)C2=CC3=[Se](S2)SC(=C3)C4=CC=CC=C4,[CH]1*2sc(-c3ccccc3)cc2cc1-c1ccCcc1
CDK_Depict_36_186,COCC/C(=C/C(=O)C(F)(F)F)/N=S(=O)(C)C,*C(*)(*)C(=O)C=C(CCOC)N=S(=C)(C)C
CDK_Depict_36_187,CPC1=C(C=NC=C1)N=C,C=CC.CPc1ccccc1
CDK_Depict_36_188,CC1=C(C(C(C(SC1(C)C)(C)C)(C)C)(C)[Ge])[Ge],*/C(=C\C)C(C)(C)C(C)(C)C(C)CC(C)C
CDK_Depict_36_189,CC(=N/C=C(/F)\S)Br,*C([IH])=CN=C(C)[IH]
CDK_Depict_36_190,CP(C)/C=N\OCC(=O)O,CC(=O)CO/N=C\C(C)C
CDK_Depict_36_191,CCCC(C(=O)O)NS(=O)(=O)NOCC1=CC=C(C=C1)OCC2=C3C=C(C3=O)C=C2,CCCC1NS(=O)(=O)NCCc2ccc(CCC3c(c)cc4cc3c4C)cc2
CDK_Depict_36_192,CC(=C(C=C)S(=N)C)C,C=CC(C(C)=N)=C(C)C
CDK_Depict_36_193,C1C[C@H](NC1)C(=S)OC(C2=NCCS2)O,CC(=S)[C@@H]1*CCC1.CC(O)OC(=S)[C@@H]1*CCC1
CDK_Depict_36_194,C1CP2CCC1N(CC2)N,C1CCCCCC1
CDK_Depict_36_195,C1C=CNC(=[N+]1N)N,*C1[4H]C=CC[NH+]1C
CDK_Depict_36_196,C1#[N+]SNS1,*1SC=[V+]S1
CDK_Depict_36_197,CCP(CC)OC1=NC2=C(C=C1)NC=CC2=O,CCC(CC)Cc1ccc2c(c1)C(=O)C=CC2
CDK_Depict_36_198,CNC1C(N=CN1)C(=O)NC=O,C*C1*c[V]C1C(=O)*C=O
CDK_Depict_36_199,C1C=C[N+]2=C(N=NC2=C1C(F)(F)F)C(F)F,Cc1ccc[n+]2c(C(C)C)ccc12
CDK_Depict_36_200,CC(C)C(=O)P=C,C=*C(=O)C(C)C
CDK_Depict_37_1,CN(CN)F,C*C
CDK_Depict_37_2,C1COOOOOS(=O)(=O)C1CN,*CC(CCC)S(=O)(=O)O
CDK_Depict_37_3,C[C@@H](C(=O)O)N(CCSC1CCCCC1)N=O,C=**(CCCC1CCCCC1)CC(C)=O
CDK_Depict_37_4,C(O)[Al](CO)CO,CCO.OC*CO
CDK_Depict_37_5,C[Si](C)(C)CC(N)N(C(C[Si](C)(C)C)N)C(C[Si](C)(C)C)N,*C(C)C[SiH2]C.CCC.CCC
CDK_Depict_37_6,CCCN[SiH]=[N+]=[N-],*=*=[SH+].CCCC
CDK_Depict_37_7,CCCC[Sn](CCCC)(CCCC)C1(C=CC=CN1)C(C)(C)C,CCCCCCC1(C(C)(C)C)CCCCC1.CCCCCCCCC
CDK_Depict_37_8,C1=CC2=CC(=C2C=C1)C(=O)Cl,CC(=O)c1ccc1
CDK_Depict_37_9,CN1C(=O)C(C(=O)N(C1=O)C)C2=CC=NN2,CC(=O)CC(C(C)=O)C1**=CC1.CC(C)=O
CDK_Depict_37_10,[B]C(=S)[B],S=C(S)[K]
CDK_Depict_37_11,C1=CC(=C(C=C1Br)OP(=S)(Cl)Cl)Cl,*.*=*(C)C.CCcccC(N)CCCC
CDK_Depict_37_12,C1=CC=C(C=C1)CCC(CCl)[Se]C(F)(F)F,CCC(CCC1ccccC1)[SH2+]C(C)(C)C
CDK_Depict_37_13,C1CC(=CS(=O)(=O)C=C1)[N+](=O)[O-],O=*(=O)c1cc(=O)(=O)ccCC1
CDK_Depict_37_14,[2H]B([3H])[B]P,*.*.*
CDK_Depict_37_15,CC1=CC(=CC(=C1)[N+]2=NP2)C,*=Nc1cc(C)cc(C)c1
CDK_Depict_37_16,[2H][N+](=P)C,C.CC
CDK_Depict_37_17,C1=CSC(=C1)/C(=C\[C@@H](C[N+](=O)[O-])O)/Cl,C=C(C)cccc.C=O
CDK_Depict_37_18,C1CN1OF,C.CCC
CDK_Depict_37_19,CCOC(N=N[Si](C)(C)C)O,CO.C[SiH](C)*=*CO
CDK_Depict_37_20,CCCS(#N)=S,*#C=S.CCC
CDK_Depict_37_21,[B]B(C)I,CC.CSC
CDK_Depict_37_22,CC[Al](N=[N+]=[N-])N=[N+]=[N-],*=*=*.*=*=N
CDK_Depict_37_23,CN[C@@H]1C(CC(=C)CO1)N,*C1CC(=C)CO[C@@H]1NC
CDK_Depict_37_25,CCCCS[N+]#CC,CC.CCC.CCCC
CDK_Depict_37_26,[2H]OOP,CC.CC
CDK_Depict_37_27,CN(C)[SiH2][SiH2]N(C)C,C*(C)*(C)C
CDK_Depict_37_28,CC#[N+]/C(=C/C=C\N)/C,*/C=C\C=C\C.CC
CDK_Depict_37_29,C(=C(F)P(Cl)Cl)(F)F,CC.CC=C(C)C
CDK_Depict_37_30,[2H]N=ICC(=O)O,O=C(O)C*=NS
CDK_Depict_37_31,[B]C(=[Zr])[CH2-],CC(C)C
CDK_Depict_37_32,C(F)[Al](CF)CF,CC[Al](CF)CF
CDK_Depict_37_33,S=[As]S[As]=S,CC.CC
CDK_Depict_37_34,C1C(CN(C1C(=O)N)C2=CN=NS2)F,*.*.*=*.*C1CCC(C(C)=O)C1
CDK_Depict_37_35,C[P+](=O)[Se],C=O.C=O
CDK_Depict_37_36,CCC1(NN=C(O1)C2=CC=CO2)CC(Cl)(Cl)Cl,CC(C)C.CCCCCCCCCC
CDK_Depict_37_37,C(=O)(Cl)Br,CCC
CDK_Depict_37_38,CCOC(=O)C=NN(CC(=O)CNC(=O)OC(C)(C)C)N,*[V](CC(=O)C[V]C(=O)OC(C)(C)C)[W]CC(=O)OCC
CDK_Depict_37_39,C[Si](C)(C)OC1(CCC1)C[N+](=O)[O-],C[Si](C)(C)CC1(C[N+](=O)[O-])CCC1
CDK_Depict_37_40,CC(C)(C)SC(=N)SC(C)(C)N,*C(C)(C)C.CSC(C)(C)C
CDK_Depict_37_41,CN=CC1C(O1)N,CCCCC(C)C
CDK_Depict_37_42,CC1(N([C@@H](CO1)C=CCCCBr)OC(=O)OC(C)(C)C)C,CCCCC=CC(CC)COC(=O)OC(C)(C)C
CDK_Depict_37_43,CC(C(=O)OF)(C(F)(F)F)F,CC(C)(C)C.CF
CDK_Depict_37_44,CCCCC[C-]1CCOC=[O+]1,CCC*C*CCCCC
CDK_Depict_37_45,C(=N/OI)\F,CC=N.COC
CDK_Depict_37_46,C1=COC=CC1(I)I,[IH-]C1ccccc1
CDK_Depict_37_48,CC(C)([CH2+])C#[O+],CCC(C)(C)C
CDK_Depict_37_49,C[Si](P)Br,*[Si](*)C
CDK_Depict_37_50,C1(=NC(=NC(=O)N1)N=O)[SiH3],O=[U]c1[U]c[U]C(=O)[U]1
CDK_Depict_37_51,[N-]=IPP,*=IP
CDK_Depict_37_52,C(C(Cl)(Cl)Cl)[Si][Si](Cl)(Cl)Cl,C.CC(C)(C)C.C[SiH3]
CDK_Depict_37_53,C1=COC(=N1)C2(N=NN=N2)C3=NNN=C3,*.*.*.*.*.*.*.*.*.*.Cc1cccc1
CDK_Depict_37_55,CC(C)(C)C(C(=NC)Cl)Br,CCC(C)C(C)C(C)(C)C
CDK_Depict_37_56,CN/C=C(\C(=O)I)/C(F)(F)F,CCC(C)C
CDK_Depict_37_57,B(NC1=NC(=NC(=N1)N)NB(O)O)(O)O,C=C.CC.C[AlH]*(O)O
CDK_Depict_37_58,CC1=C(C12C(C(=C2Cl)Cl)Cl)C,CCC.CCCC
CDK_Depict_37_59,[B]C[Si],CCC
CDK_Depict_37_60,C[N+](C)(C)CCSOCl(=O)(=O)=O,C=C(=C)CC.CC
CDK_Depict_37_61,C1COC(O1)C2OCC(O2)(CN(F)F)CN(F)F,C*(C)CC(CO)(CC(C)C)OC(C)C1OCCO1
CDK_Depict_37_62,CC(C)CCC1=PC1,C=CCCCC
CDK_Depict_37_63,CC#CC1=CSC[N+]1(C)C,CC.CC.CC.C[nH+]C
CDK_Depict_37_64,[2H]C(=C=C)C(C(=O)OCC)NNC(=O)C1=CC=CC=C1,*C(=C=C)C(CCC(=O)c1ccccc1)C(=O)CCC
CDK_Depict_37_65,C(CC(S)SCCCC(S)S)COC1(OS1)N,CC1([Glky])OS1.CC(S)CCCC1(C)CC1(C)OS1
CDK_Depict_37_66,CC1=NN(C(=S)O1)C(=O)Cl,CC(=O)N1*COC1=O
CDK_Depict_37_67,C1CSS(=O)(=S)SC1,O=S1(=S)*CCC*1
CDK_Depict_37_70,C1CN(C1=O)C=C(S)S,CCC.CCC(S)SSS
CDK_Depict_37_71,C1CC(=C(C(=C1)P)C=O)I,*C1CCCCC1CC
CDK_Depict_37_72,NP(O)OP(O)O,*[PH](Cl)OP(C)C
CDK_Depict_37_73,CC(C)(C)C(CCC(CO)C[P+](=O)O)O,*C(C)CCCC*=O
CDK_Depict_37_74,[CH-]=[N+]=CC=NC#C,C#CNCC=[V]=[CH+]
CDK_Depict_37_75,CC1=NC(=O)NN1C(=O)Cl,*=C(C)NC(C)=O
CDK_Depict_37_76,C1CN(C(=C1[N+](=O)[O-])N)OC(F)(F)F,C.Cc1NCCC1[N+](=O)[O-]
CDK_Depict_37_77,C1C(CC1Cl)C(=S)N,*C(C)C1CC(C)C1
CDK_Depict_37_78,CC[Te]Cl,C.CCC
CDK_Depict_37_79,C(#N)[Sb],C=CC
CDK_Depict_37_80,C(=C(N=C(N)N)N=C(N)N)C=NC(=N)N,[(].[(].[)].[(].[)].[(].[)].[(].[)].[(].[)].[(].[)].[(].[)]=C([)]C([)])=[(]
CDK_Depict_37_81,C1CCN(C1)C(=O)NOC2=CC=NC=C2,CC(=O)C1CCCC1.Cc1ccccc1
CDK_Depict_37_82,C#CCCCCOC(C(C#COCCCC#C)N)(OCC#C)OC(CCC#C)CC#CCCC#C,*[Al](*)C(C#COCCCC#C)C(OCC#C)(OCCCCC#C)OC(CC#CCCC#C)CCC#C
CDK_Depict_37_83,C=CC(=O)NCN(CCOP(=O)(O)O)NCCOP(=O)(O)O,**(*)(=O)OCCCCCNC(=O)C=C.*P(*)(=C)=O
CDK_Depict_37_84,CCC1=NC=NP1,CCC(C)CCCNC
CDK_Depict_37_85,CC(=O)CCN(C(=O)C)O,CC(C)=O.CC(C)C
CDK_Depict_37_86,C(C=N)S(=O)OO,C=CCS(C)=O
CDK_Depict_37_87,C[Se][PH+]=O,C*(C)(C)C
CDK_Depict_37_88,CCC(CC(=O)OCC(F)(F)F)(CC(F)(F)F)P(=O)(O)O,CCC(CC(C)=O)C(C(C)(C)C)P(=O)(O)O
CDK_Depict_37_89,CC(=C(CC(C=C)Cl)N)C,CC.CCC
CDK_Depict_37_90,CCCC[P+](CCCC)(CCCC)C/C(=C/C(=C/[C@H](C)NC(=O)/C(=C/CC)/OC)/C)/C,CCCCCCCCCCCCCCCCCCCCCCCCCCCCCCCCCCCCCCCCCCCCCC
CDK_Depict_37_91,C(CO)NCCOOI,CC.CCCO
CDK_Depict_37_92,[N-]=[N+]=NN(Br)Br,***C
CDK_Depict_37_94,CC(C1=CC=CC(=C1)/C=N/OCC2=C(C=CC=C2Cl)Cl)C(=O)O,CC.CCC1=C(C)C=CC=C1C
CDK_Depict_37_95,CC1=NN=C(S1)N2CSC(=C2)O,*C1=CC(C2=**c(C)S2)CS1
CDK_Depict_37_96,C1=COC(=N1)CNC2=CN=CO2,C*c1c[U]cO1
CDK_Depict_37_98,B(=N)C(C)(C)I,CC.CC.CC.CC.CC.CC.CC.CC.CC.CC.CC.CC.CC.CC.CC.CC.CC.CC.CC
CDK_Depict_37_99,B(C)(N)[18F],CC.CC.[2HH]
CDK_Depict_38_2,C/C(=N\OC(=O)N/C(=C/C=C)/C=C/Cl)/CCC1=CC=CS1,C=C/C=C(N)/C=C/Cl.CC(=O)O/N=C(\C)CCc1cccS1
CDK_Depict_38_3,CC1(CC([SiH2][Si]([SiH2][Si](C1)(C)Cl)(C)Cl)(C)Cl)Cl,*C1(C)CC(C)(C)C[Si](*)(C)[SiH2][Si](C)(C)[SiH2]1.C
CDK_Depict_38_4,COP(=S)(CCCCSSSSSSCCCCP(=S)(OC)OC)OC,COP(=S)(CCCCSSSSSSCCCC[PH](=S)(OC)OC)OC
CDK_Depict_38_5,CN(C)CCN(C)CCP(=S)(C)C,CN(C)CCN(C)CC*(C)(C)=S
CDK_Depict_38_6,C1/C=C/C=C/C=C\C=C\C=C\C=C/N(NOO1)C(=O)O,*[Ni]N/C=C\C=C\C=C\C=C/C=C/CCCC.CC(=O)O
CDK_Depict_38_7,C1CCCCCC(NCCCCC1)OC2=C(N=NN=C2Cl)Cl,Cl.Clc1c(OC2CCCCCCCCCCCN2)c(Cl)nn*1
CDK_Depict_38_8,C1CN(C(=C(C#N)C#N)N1)P(=S)(O)O,N#C/C(C#[V])=C1/[V]CC[V]1P(=S)([W])[W]
CDK_Depict_38_9,C(Br)(Br)(Br)I,CC(C)(C)[Br-]
CDK_Depict_38_10,B(C1CC1)(NC)O,CC1CC1.CNC
CDK_Depict_38_11,CC=C(C(=O)SC)N=C=O,CC=C([V]=C=O)C(=O)SC
CDK_Depict_38_12,CN(C)S(C)(C)I,*[Si](C)(C)C.C[V](C)C
CDK_Depict_38_13,CN(C)C1=NC(=NC(=N1)N\2C(=NC(=N/C2=N/O)N(C)C)N(C)C)N(C)C,C*(C)C(C)*C(=NC(=N)N(C)C)*1C(=NO)*c(*(C)C)*c1*(C)C
CDK_Depict_38_14,S=[Sb](I)(I)I,C[Sb](C)(C)=S
CDK_Depict_38_15,CC(=O)CC(=O)C[Sn](Cl)(Cl)Cl,CC(=O)CC(=O)C[Sn](Cl)(Cl)Cl
CDK_Depict_38_16,C[Se](C)(S)S,CC.CS.S
CDK_Depict_38_17,C[Si](=C)F,c[Si](C)C
CDK_Depict_38_18,C1CC/C=C(\C(CC1)OCCNC(=O)C(F)(F)F)/Br,O=C(NCCOC1CCCCC/C=C\1[F-])C(F)(F)F
CDK_Depict_38_19,C1(C(OC(=O)O1)(I)I)I,CC(O)C(C)O
CDK_Depict_38_21,N[SiH2]S[SiH2]N,CS.C[Ir].C[NH2+]N
CDK_Depict_38_22,B(C1=CC=CC=N1)(O)P,*1cccC1.CCO
CDK_Depict_38_23,[3H]S(I)(I)I,CS(C)(C)I
CDK_Depict_38_24,CN(C)NP1OCCO1,C[V](C)N[IH]1OCCO1
CDK_Depict_38_25,C1C2=CC(C=CC2=NC(O1)N)(CC3=NC=CS3)N,*C1nc2ccC(N)(Cc3=nC=CS3)cc2CO1
CDK_Depict_38_26,C[N+](C)(CCF)CBr,CCCC.CC[N+](C)(C)C
CDK_Depict_38_27,C(C(=O)O)O[Si](O)(O)O,O=C(O)CO[Si](O)(O)O
CDK_Depict_38_28,C(=O)(F)[Si],C.CC(=O)[S-]
CDK_Depict_38_29,C(=[N-])=[SiH+],[SiH+]=C=[V]
CDK_Depict_38_30,COC(CCNSC)C(F)(F)F,CC(CCN)C(F)(F)F.CSC
CDK_Depict_38_31,CCCCCCP(=S)(S)S,CCCCCCC.S=[2H](S)[16S]
CDK_Depict_38_32,[P-]1P=P1,C[2H]C
CDK_Depict_38_33,C/C=C(\C(=C)OCOC(C)N)/OC,C=C(OCC)/C(=C/C)OC.CC(C)O
CDK_Depict_38_34,C[Si](C)(C)[Se]CC1=CC=CC=C1,CCc1ccccc1.C[Si](C)(C)C
CDK_Depict_38_35,C1=CNC=C2C1=CN=CC2=[N+]=[N-],[N-]=[N+]=C1C=*C=C2cc[nH]Cc21
CDK_Depict_38_36,C(=P#P)P,*C=C.[2HH]
CDK_Depict_38_37,CC(CCNC)C(CBr)O,CNCCC(C)C(O)CBr
CDK_Depict_38_39,C=CN=C=[Se],C=CC.N=C=[SeH]
CDK_Depict_38_41,COC1=NOC(=C1)NOC,CONc1cc(OC)*O1
CDK_Depict_38_42,CC(=NC(=NCC1=CC(=CCC1)Cl)/C(=N/C(=O)O)/N)N,C.CC(=N)C(N=C(C)N)=NCC1=CC(C)=CCC1.CC(=O)O
CDK_Depict_38_43,C1=C(C2C(=C1)SC=N2)NC(=O)O,CC(C)=O.Cc1ccc2SC=*C12
CDK_Depict_38_44,C1NCNC(N1)C(N)(N)N,CC.CC[AlH]CC.[HH].[HH]
CDK_Depict_38_45,CC1=C(C1)SCC(=O)N,*C(=O)CSC1CC(C)C1
CDK_Depict_38_46,CC1(CN(CCS1)/C=C\N)O,CC=C[NH].CCCSC(C)(O)CC
CDK_Depict_38_47,C1CC(CCC1NP)ON,CNC1CCC(O)CC1.C[W]
CDK_Depict_38_48,C=C(/C=C\C1=CNC(C1)C=O)C(=N)N,C=C(/C=C\C1CNC(C=O)C1)C(=N)N
CDK_Depict_38_49,CCCCC=P1(C(C1CC)C)C,CCCCC=[PH]1(C)C(C)C1CC
CDK_Depict_38_50,CCCC=N/C(=C\SSCCNC(=O)CNN)/C,[2*]NNCC(=O)NCCSS/C=C(/C)N=CCCC
CDK_Depict_38_51,C1=CC=C(C=C1)C(CC2N(C=NN2Cl)Cl)N=O,O=[V]C(CC1N(Cl)C=[V][Al]1Cl)c1ccccc1
CDK_Depict_38_52,CC(=C)C(C(C(=C)C)OOC(C)(C)C)OOC(C)(C)C,C=C(C)C(C)C(O)C(=C)C.CC.CC
CDK_Depict_38_53,COP(C)N1CC1C#N,CC.COC.N#CC1C[Lv]1
CDK_Depict_38_54,CCOC(=O)C(=C=[N-])C[P+](C)(C)C1=CC=CC=C1,CC(=O)C(=C=[N-])C*(C)(C)C.CC1=CC=CC=C1.CCO
CDK_Depict_38_56,CCNC(=O)OC[C@H](C(C)(C)C)N=C=O,CC(C)(C)[C@H](*=C=O)CO.CC*C(C)=O
CDK_Depict_38_57,C1=CC=C(C=C1)[Te]/C(=C(\C2=CC=CC=C2I)/I)/I,CC(C)=C(C)c1ccccC1I.CC1CccCC1
CDK_Depict_38_58,C1C=NN(S1)NC(=S)N,CN1[NH]=CCS1
CDK_Depict_38_59,C1=C(NC(=S)N1)Cl,CC(C)CNC([AlH])=S
CDK_Depict_38_60,CCC1C=C(C(=CN=C1N)F)N,CCC1CC(N)=C(C)C[V]=C1[V]
CDK_Depict_38_61,CC(C)SOON(C)C,COOSC(C)C.C[V]C
CDK_Depict_38_62,C(=C(\S)/Cl)\I,C/C=C(/S)Cl
CDK_Depict_38_63,CP(C1=CC=CS1)SNCCCOC2=CC(=C(C=C2)Cl)Cl,CC1=CC=CS1.C[SH]S[SH]CCCOc1ccc(Cl)c(Cl)c1
CDK_Depict_38_64,CCCCC1(C=CC(C=C1)OCC(=O)N)N=C(N)NC(=O)N2C=C(NC(=C2Cl)N)N,*C(=O)CoC1ccC(CCCC)(N=C(*C)NC(=O)N2C=C(*)NC(*)=C2Cl)Cc1
CDK_Depict_38_65,CC(C1=CC=CC=C1)O[SiH2]COC2=CC=C(C=C2)OC[SiH2]OC(C)C3=CC=CC=C3,CC(O[Si](COC1=CC=C(OC[SiH2]OC(C)c2ccccc2)C=C1)C1=CC=CC=C1)C1=CC=CC=C1
CDK_Depict_38_66,C(=O)(C(C(OC(=O)C(F)(F)F)(F)F)(O)F)N,*C(*)(C(N)=O)C(C)(C)F.CC(=O)C(C)(C)C
CDK_Depict_38_67,CC(C1(CC=CC=C1)Cl)N=NC(C)C2(CC=CC=C2)Cl,CC(C)C1(C)CcccC1.CC(C)C1(Cl)CC=CCC1
CDK_Depict_38_68,N(=S(=O)(O)OO)O,*C.COO.O=S=O
CDK_Depict_38_69,COCCOCOC1=CC=CC(=C1)C#C[Si](C)(C)C,COCCOCOC1=CC=CC(C#C[Si](C)(C)C)=C1
CDK_Depict_38_70,C(NC(Cl)Cl)OP(=O)(OCNC(Cl)Cl)OCNC(Cl)Cl,ClC(Cl)Cl.NCO[PH](=O)(OCNC(Cl)Cl)OCNC(Cl)Cl
CDK_Depict_38_71,CC1(NN1C/C(=C/C(=C(\C=C)/Cl)/OCCCOC)/Br)C,C=C/C(Cl)=C(\C=C(/C)CN1[W]C1(C)C)OCCCOC
CDK_Depict_38_72,CNC(C/C=N\CCl)NCC(O)O,*C([1H])CNC(*C)C/C=N\CCl
CDK_Depict_38_73,CCOC(C)(/C=C/[Si])OCC,CCOC(C)(/C=C/[SiH3])OCC
CDK_Depict_38_74,CC(C)CN1CCC(C1)CNC(=O)NC(C)(CO)C2CC2,*CC(C)(NC(=O)NCC1CCNC1)C1CC1.CCC(C)C
CDK_Depict_38_75,C1C(=NN=CN1C2=CC=CC=C2)Cl,Clc1n*c*(c2ccccc2)C1
CDK_Depict_38_76,CC/C=C/1\CCC(C#CC(ONC1)/C(=C/C)/C=C\C=C/C)O,C/C=C/C=C\C(CC)C(C)CO.CC/C=C(\CN)CCC(O)/C=C\C(CO)C(CC)CC
CDK_Depict_38_77,C1CCC(CC1)ONC(=O)NCCCCCN(C2=CC(=O)C2=O)NC3=CC=NC=C3,CC(=O)NCCCCCNNC1=CC=CC=C1.CC1=CC(=O)C1=O.NOC1CCCCC1
CDK_Depict_38_78,CCCCOC(=O)/C=C/C1CC2CC1N(N2OC(=O)OC(C)(C)C)OC(=O)OC(C)(C)C,CC.CC(=O)O.CCCCOC(=O)/C=C/C1CC2*N(C)C1C2.CO
CDK_Depict_38_79,[2H]C1=C(C(=C(C(=C1[2H])[2H])C2=C(C(=C(C(=C2[2H])[2H])Br)Br)C3=C(C(=C(C(=C3[2H])[2H])[2H])[2H])[2H])[2H])[2H],[2H]C1=C([2H])C([2H])=C(C2=C(C3=C([2H])c([2H])c([2H])c([2H])c3[2H])C([2H])=C(O)C([2H])=C2[2H])C([2H])=C1[2H]
CDK_Depict_38_80,CCC(CC(C)OC)(N=N)OC,CCC(CC(C)C)(N=N)OC.O
CDK_Depict_38_81,CO[N+](=C(C#N)C1=CC=C(C=C1)CO)S(=O)O,CO[N+](C)=C(C#N)c1ccc(C[Cd])cc1
CDK_Depict_38_82,CC(NS(=O)(=O)C)N(C(=O)O)C(C)(C)C,CC(N)NC(=O)O.CS(C)(=O)=O
CDK_Depict_38_83,C1=CC(=C(C(=C1)C(F)(F)F)C(F)(F)F)C(OS(=O)(=O)Br)Br,*C(C)C1=C(c)c(C(c)(c)c)ccc1.O=S(=O)(=O)Br
CDK_Depict_38_84,C1=CC(=CN=C1)CC(CC(=O)O)C2=CC=CO2,CC(=O)CC(CC1ccc[U]C1)c1cccO1.O
CDK_Depict_38_85,COCC1CN(C1)CC#CCOI,CC.CCC1CN(CC#CCOC)C1.O
CDK_Depict_38_86,CP1(=O)C(=C2C=CC=CC2=C1C3=CC=CC=C3)C4=CC=CC=C4,O=C1c(-c2ccccc2)c2ccccc2c1c1ccccc1
CDK_Depict_38_87,C1=NN(N=C1)ON2N=CC=N2,CN1[V]cc[V]1.C[V]1[V]cc[V]1
CDK_Depict_38_88,CNC(=S)NNC1=CC=C(C=C1)NS(=O)(=O)S(=O)(=O)S(=O)(=O)S(=O)(=O)S(=O)(=O)S(=O)(=O)S(=O)[O-],CNC(=S)NNc1ccc(NS(=O)(=O)S(=O)(=O)S(=O)(=O)S(=O)(=O)S(=O)(=O)S(=O)(=O)S(=O)(=O)[SH](=O)(=O)[O-])cc1
CDK_Depict_38_89,C=C(OCl)Cl,C=C(Cl)OCl
CDK_Depict_38_90,CC(C)(CNCl)COC,CCC(C)(C)CCCl
CDK_Depict_38_91,C1=C(C(=C(S1)N)F)C(=O)O,*/C(C)=C(c)\C(=C\C)C(C)=O.S
CDK_Depict_38_92,C1C[N+](C(N1)C2=CC=CC=C2)(CCCl)[O-],CCC[Li]1([O-])CC[V]C1c1ccccc1
CDK_Depict_38_93,CC(C(=C)Cl)NC(=S)N,C=C(Cl)C(C)C.CC(N)=S
CDK_Depict_38_94,C1C(=CC(=CC1(NC2=CC=CC=C2)Br)O)O,CC1(Nc2ccccc2)C=C(O)C=C(O)C1
CDK_Depict_38_95,C(CON(OCCO)Br)O,**(O)OCCO.CCCO
CDK_Depict_38_96,CCC[Ge](CCC)(CCC)C(=COCC)CC,CCC[Ge](CCC)(CCC)C(=COCC)CC
CDK_Depict_38_97,C1CC[Si]([Si]([Si](C1)O)O)O,C[SiH]CCCC[SiH](O)[SiH2]O
CDK_Depict_38_98,C1CC=C(C1)SP(S)S,CC1=CCCC1.CS
CDK_Depict_38_99,C1NC2=C(N1)P=PC=C2,C/C=C\C(NC)C(C)N
CDK_Depict_38_100,CC(C)(C)[Si](C)(CS(=O)(=O)C(F)(F)F)NS(=O)(=O)C(F)(F)F,CC(C)(C)S(=O)(=O)C[Si](C)(C)NS(=O)(=O)C(F)(F)F
CDK_Depict_38_101,CC1=CC=C(S1)/C=C/C(=O)N2CCCCO2,C1CCOCC1.CC1=CC=C(/C=C/C(=O)[AlH]2CCCCO2)S1
CDK_Depict_38_102,C1CCOC(C1)OCN=CC2=CC3=C(C=C2)C=C(C=C3)O,C*CC.CC1CCCCO1.CCc1ccc2cc(Cl)ccc2c1.O
CDK_Depict_38_103,C[N+](=C(COC)O)C,CCC(C)=[N+](C)C.CO
CDK_Depict_38_104,CC(=COCCN=C=O)SC,CC.CC=C(C)C.CCC[U]=C=O
CDK_Depict_38_105,[B-](CCCC)[N+]1=CN(C=C1)[B-](CCCC)[N+](C)(C)CC,CCCC[O-]C.CCCC[O-][N+]1=CC[V]C1
CDK_Depict_38_106,C/C=C\C=C(\CCCN1CCN(CC1)C(=O)OC)/C(=C/N)/F,C/C=C\C=C(CCCN1CCN(C(=O)OC)CC1)/C(C)=C/C
CDK_Depict_38_107,B(N1C=CC=C1)(O)O,C1=CCCC1.CO
CDK_Depict_38_108,C1=CSC=CC1=[Se],C/C=C\C(=S)CCC
CDK_Depict_38_109,C1=CC=C(C=C1)SC(=NC2=CC=C(C=C2)C(F)(F)F)[Te]C3=CC=CC=C3,Cc1ccc(C(C)(F)F)cc1.N=C(Sc1ccccc1)[Te]c1ccccc1
CDK_Depict_38_110,C1=CC=C(C=C1)[P+]2(P3P4P3[P+](P2[P+]4(C5=CC=CC=C5)C6=CC=CC=C6)(C7=CC=CC=C7)C8=CC=CC=C8)C9=CC=CC=C9,CC1=CC=CC=C1.CCCC1=CC=C2C=C(C34C=C5C=CC=CC5)C=C1C2CCC1.C[P+]1(C2CCccc2)[PH]2[2H][D]3(C4=CC=CC=C4)[2H]12
CDK_Depict_38_111,C/C(=C\C[Si]1CCCCO1)/C(=O)OC,COC(=O)C(C)CC[Si+]1CCCCO1
CDK_Depict_38_112,C1=C[N+](=C(C=N1)F)[O-],Cc1c*cc[Li]1[O-]
CDK_Depict_38_113,CC(=O)O/C=C/NC(=S)NN(C)C,CC(=O)O/C=C/NC(C)=S.CNC
CDK_Depict_38_114,C1=CC=C(C=C1)CP2C=CC=C2,CCCCC(CC)CC.CCCCCC
CDK_Depict_38_115,CCP(=O)(CC(=O)N(C)CC(=O)N(C1=CN=CN1)O)O,*N(C(=O)CN(C)C(=O)CP(*)(=O)CC)C1=C*=C*1
CDK_Depict_38_116,CCOC(=O)C(=N)COOCC,CCC.CCC(=N)C(C)=O.CCOC
CDK_Depict_38_117,C/C(=N\NC1=CC=CC=C1)/C#CC#C[Si](C)(C)C,CC(=N)C#CC#C[Si](C)(C)C.Cc1ccccc1
CDK_Depict_38_118,CN/C(=C(\NNI)/I)/C(=O)OC,CN.CNC(C)=C([16NH]C)C(=O)OC
CDK_Depict_38_119,C1=CSC(=C1)S(=O)(=O)C([NH+]=[N-])S(=O)(=O)C(F)(F)F,cC(c)(c)S(=O)(=O)C([NH+]=[N-])S(=O)(=O)c1cccS1
CDK_Depict_38_120,CSC(=C(C#N)C#N)N[P+](=O)S,CSC(=C(C#N)C#N)N(N=NN=NN=NN=NN=N)[C+](=O)S
CDK_Depict_38_121,CCCCCCCCCCCCCCCCC(CN=[P+]([O-])[O-])O,CCCCCCCCCCCCCCCCC(O)CCN=C([O-])O
CDK_Depict_38_122,CC(C(F)(F)F)N1CCC(CC1)N=C(OC(C)(C)C)P,*C(=N)OC.CC1CC[NH+](C(C)C(F)(F)F)CC1
CDK_Depict_38_123,CC(=O)[C@@H]1CCCSP(=O)(N1)Cl,CC(=O)[C@H]1CCCS[PH](C)(=O)N1
CDK_Depict_38_124,C1[C@@H]2[C@@H](O2)CPO1,[H][C@@]12C*OC[C@@H]1O2
CDK_Depict_38_125,CS/C(=N/C1=CC(=O)NC=N1)/N=C/Cl,CC[U]C(=CC(C)=O)/N=C(\N=C/Cl)SC
CDK_Depict_38_126,C1C=CN=C([N+]1=O)N[N+](=O)[O-],O=[N+]([O-])Nc1[V]CCC[N+]1=O
CDK_Depict_38_127,C1=CC=C2C(=C1)O/C(=C\3/OC4=CC=CC=C4[Se]3)/[Se]2,CC(C)C(O)[Se].Cc1ccccc1C.Oc1ccccc1
CDK_Depict_38_128,C1/C=C\C=C/N=CC=N/C=C\N=C/C=C\OO1,C/C=C\N=C\C=N/C=C\C=C/CO
CDK_Depict_38_129,CC1=CC(=NO1)NC(=O)/N=C(/C(Cl)Cl)\N2CCSCC2,CC1=Cc(NC(=O)NC(C(Cl)Cl)=N2CCCCC2)*O1.Cl
CDK_Depict_38_130,C[C@H](C1(C=CC(=N1)CN2CC(C2)O)C)O,C=C(/C=C\C(C)(C)[C@@H](C)O)C[AlH]1CC(O)C1
CDK_Depict_38_131,C1CCC(CC1)(/C=C\CN2CCOCC2)O,OC1(/C=C\CN2CCOCC2)CCCCC1
CDK_Depict_38_132,C1=CON=C1CC(C(F)(F)F)N=C=O,*C(*)(*)C(Cc1ccO*1)N=C
CDK_Depict_38_134,CC(C)(C)C(C#C)Br,C=CC(C)C
CDK_Depict_38_135,CC(C)(C)N(C)N(C)OCCBr,CC.CC(C)(C)C.CN(C)C
CDK_Depict_38_136,CC1=CC=C(C=C1)[Se]2(OOO[Se](OO2)(C3=CC=C(C=C3)C)C4=CC=C(C=C4)C)C5=CC=C(C=C5)C,Cc1ccc(C)cc1.Cc1ccc([Ce]2(OCO[Ge](c3ccc(C)cc3)(c3ccc(C)cc3)OO2)COCO[Ge](c2ccc(C)cc2)(c2ccc(C)cc2)OO2)cc1
CDK_Depict_38_137,C/C(=C(/C(=N)CO)\N(C(C)(C)C)NC)/Cl,CCC(=N)C(C)=C(C)Cl.CN
CDK_Depict_38_138,CNC(=O)CC(CC1=CC=C(C=C1)COCC(C2=CC=C(C=C2)C(F)(P)P)O)SC=O,*C(O)(F)c1ccc(C(O)COCc2ccc(CC(CC(=O)NC)SC=O)cc2)cc1
CDK_Depict_38_139,C/C=C(/C)\C/C(=C\[C@H](C)C#N)/C(=N)N,*=C([AlH2])C(=C[C@H](C)C#*)C/C(C)=C\C
CDK_Depict_38_141,[B]CC(C)(C)C1CCCN1,CCC(C)(C)C(C)N
CDK_Depict_38_142,CCC(CCl)(P(O)O)Cl,CCC(C)(C)CC.OP
CDK_Depict_38_143,C/C(=C(\C#CCC(=C)CCN)/Cl)/Cl,*CCC(=C)CC#CC([U])=C(C)Cl
CDK_Depict_38_145,C(COC(=O)OCC(=C(I)I)I)OCCCl,CC(=O)O.CC(C)=C(C)C.CCCCl.CCCOCC
CDK_Depict_38_146,CC(C)(C)[Si](C)(C)C(C(C)(C)C(F)(F)F)O,CC(C)C(O)[SiH](C)C.CCC
CDK_Depict_38_148,C1CNOC1(F)F,CCCC(C)C
CDK_Depict_38_149,CN1C2=C(C(=CN=N2)Cl)N=CN1,C[V][V]/C=[V]\C1c(Cl)c[V][V]c1C
CDK_Depict_38_150,C(C(=O)O)(N)S#P,*C(C)C(C)=O.C#[SH]
CDK_Depict_38_151,CC(CN(C1CCC(CC1)OC)C(=N)[C@H](CCO)N)NOC(=C)C,*[C@H](CCO)C(=N)N(CC(C)C)C1CCC(OC)CC1.CC(C)C
CDK_Depict_38_152,CC1=NC2=C(O1)C=CC=C=C2,CC1CC2CCC=CCC2N1
CDK_Depict_38_153,C[Ge](C)(C)C(CCOPC1C=CC=C1)[Ge](C)(C)C,CC1C=CC=C1.C[Ge](C)(C)C(CCO)[Ce](C)(C)C
CDK_Depict_38_154,COC(=O)/C=C/N1C=CC=CC1=P(=O)CC(C2=CC=CC=C2)C3=CC=CC=C3,C/C=C/C.O=*(CC(c1ccccc1)C1ccccc1)c1ccccN1
CDK_Depict_38_155,CC1=CN=C(S1)N/C=C\[C@]2(CC2C/C=C\C=C(/C=C)\Br)C,CC/C(C)=C/C=C\CC1CC1(C)/C=C\[1444N]C1=NC=C(C)S1
CDK_Depict_38_156,CN(CCO)C1C=NCNC1O,*C1[V]C[U]=CC1C.CCCN
CDK_Depict_38_157,CCC/C=C(/OS(=O)(=O)C)\I,CC.CCCC=C(C)C.CS(=O)(=O)O
CDK_Depict_38_158,CC1/C(=N\C(=N)/N=C(\C(N=C(N1)N)C)/C)/C,*C.C=C(C)C(C)C.CC(=N)N
CDK_Depict_38_159,C/C=C\C(C)/C(=N/O)/N,*/C(=[U]\O)C(C)/C=C\C
CDK_Depict_38_160,CP(=O)(C)C12CC(C1)(C2)Br,C[PH](=o)(=O)C12CC([PH-])(C1)C2
CDK_Depict_38_161,C1=CC=C([C+]=C1)CCC=[Ru](Cl)Cl,Cl.Cl.[K+]=CCCC1=CC=CC=[CH2+]1
CDK_Depict_38_162,CS(=NC1=CC(=CN(C1)O)F)(=O)C,CC1C*(O)CC(N=S(C)(C)=O)C1
CDK_Depict_38_163,CO/C(=C(\NC1=NC=CN=C1)/N=C)/N=C,C=*C(OC)=C(*C1C=[Al]C=CC1)C=C
CDK_Depict_38_164,C1=C(SC(=C1)C(S(=O)[O-])S(=O)(=O)N)CCCCO,*S(=O)(=O)C(C1=CC=CS1)S(C)=O.CCCCCC
CDK_Depict_38_165,CC1CCOC(C1)C2=CC(=NC2)Br,CC1=NCc(C2CCCC(C)C2)c1
CDK_Depict_38_166,CC1=CC=C(N1)C(C2=CC=CC=C2)N(CC3=CC=CC=C3)O,CC1=CC=C(C(N)C2ccccc2)[AlH]1.O.[U]
CDK_Depict_38_167,COC1=C=C=C(O1)COS(=O)(=O)C(F)(F)F,*C(*)(*)C.CCc1ccC(OC)O1
CDK_Depict_38_168,CCCC[Sn](CCCC)(CCCC)/C=C/C(C)OC1=NC=C(C=N1)Cl,CCCC[Sn+](/C=C/C(C)O/C(C)=N/C=C(Cl)C=[Lu])(CCCC)CCCC
CDK_Depict_38_169,CC#C[N+]1=C(C=C(C=C1C)C)C,CC#CC.CC1=[NH+]c(C)cc(C)C1
CDK_Depict_38_170,C[C@@](C#C)([C@H](CO)O)N,C#C[C@@](C)(N)[C@@H](O)CC
CDK_Depict_38_171,CC(C)N(C(C)C)P(=O)(C)/C(=C/C1=CC=CC=C1)/C(C)(C)C,CC.CC(C)C.CC(C)C*(C)(=O)=O
CDK_Depict_38_172,C([C@@H](COC=O)OCP(=O)(O)O)NC(=O)N=C(N)N,*C[C@@H](CC)OC[PH](*)(*)*.CC(N)=O.CC=O
CDK_Depict_38_173,N(S(=O)(=O)Cl)(S(=O)(=O)Cl)S(=O)(=O)Cl,CS(=O)(=O)Cl.CS(=O)(=O)Cl
CDK_Depict_38_174,CCCC(C)CSP(=S)(CC)O,CC.CCC.CCCC(C)CC.S
CDK_Depict_38_175,C/C(=C/I)/C(C(C)(C)C(=O)N)O,*C(=O)C(C)(C)C(C)/C(C)=C\C
CDK_Depict_38_177,CN(C)[Si](C)(N=[N+]=[N-])N(C)C,CN(C)[Si](C)(N=[N+]=[V])N(C)C
CDK_Depict_38_179,C(=NC1(C(=O)NN=NO1)N=C=O)=O,O=C=[V]C1([V]=C=O)***[1H]C1=O
CDK_Depict_38_180,CN=NNI,CN=[V]NC
CDK_Depict_38_181,C(CCl)N(C(=O)NO[C@H]([C@H](C=O)O)[C@@H]([C@@H](CO)O)O)N=O,CCCN.CNC(=O)[C@H](O)[C@@H](O)C=O.Cl.N=O
CDK_Depict_38_182,CC(C)(C)CC(C)(C)[Si](C)(C)Cl,CC(C)(C)CC(C)(C)[Si](C)(C)C
CDK_Depict_38_183,CN(C1=CC=CC=C1N=C)OCC(=O)NC2CN(C2)SC,C=*c1ccccc1N(C)OCC(C)=O.CS
CDK_Depict_38_184,C(CC=NO)CC(=O)N,CCC(=O)CCCC=NO
CDK_Depict_38_185,CC(C)C1=CN=CC(=N1)S(F)(F)(F)(F)F,*[SH](*)(*)(*)c1c[V]cc(C(C)C)[V]1
CDK_Depict_38_186,C1C(CS1)(CN=[N+]=[N-])CN=[N+]=[N-],CCC1(C*=[N+]=[W-])CSC1.N=[N+]=N
CDK_Depict_38_187,CCON(N(CC1=CC=CC=C1)OCC(C)C)OC,CC(C)CO.CCc1ccccc1
CDK_Depict_38_188,CCCN(CCC)C1=CC(=N)N(C(N1)N)N=O,CCCC.CCCC.C[V].C[V]O
CDK_Depict_38_189,CCOC(=O)/C=C/NC1=C(C=C(C=C1)Cl)S,CCCCCCCCCCCCCCCCCl.O.[HH].[HH]
CDK_Depict_38_191,C=C(CCC1C=CS[N+]1=O)C(=O)[O-],C/C=C\C(CCC(C)C(=O)[O-])N(=O)S
CDK_Depict_38_194,CCCCCCCCCCCCCCCCCCCCCPOOON,CCCCCCCCCCCCCCCCCCCPOC.COOC
CDK_Depict_38_195,C[Si](C)(C)[SiH2]OCC1CCCOC1=O,C[Si](C)(C)[SiH2]OCC1CCCOC1=O
CDK_Depict_38_196,CC(=O)NN[C@H]1CC=C(C[C@@H]1NNC(=O)OC(C)(C)C)C(=O)N=O,CC(=O)NN[C@H]1CC=C(C(=O)[V]=O)C[C@H]1N.CC(C)C
CDK_Depict_38_197,C1=COC=C2C1=NC=N2,C=C/N=C1/C=COC=C1C
CDK_Depict_38_198,CS(=NP1(=C=CC=[C+]1)C2=CC=CC=C2)(=O)O,C=C=CC=C1=O(=O)[CH](=N)=O.Cc1ccccc1
CDK_Depict_38_199,B1(OCC(O1)COB2OCC(CO2)O)O,C[2H](O)OCC1C[2H][2H](O)O1
CDK_Depict_38_200,COC(=C(C#N)C#N)NC(=O)CC1=CC=CS1,CC(=O)Cc1cccS1.COC(C)=C(C#N)C#N
CDK_Depict_38_201,CCC#[S-](C)C,CCCC#S(C)(C)C
CDK_Depict_38_202,CCCCCCC1=CC=C(C=C1)N2C3=C(SC(=C3)I)SC4=C2C=C(S4)I,CCCCCCC1=CC=C(NC2=C(SC(C)=C(C)C=C(C)S)SC(C)=C2)cc1
CDK_Depict_38_203,C1=CC=C(C=C1)[S+]=C2C=CC(C=C2)C/C=C/C#N,N#C/C=C/CC1ccc(=[S+]c2ccccc2)cc1
CDK_Depict_38_204,CC1=NOC(=N1)OCN2C=CC=N2,C1=C[V][V]C1.CCOc1[V]Oc(C)[V]1
CDK_Depict_38_205,CC[N+](=CC)C(=CN=CC)C(=O)ON,*OC(=O)C(CN=CC)[N+](=CC)CC
CDK_Depict_38_206,C/C=C(/C=N)\C(=C/C)\N=CCl,C/C=C(/C)C(C=N)CC.C=CCl
CDK_Depict_38_207,C1CCC(CC1)OS(=O)COC2OCO2,CC1OCO1.CCO.COC1CCCCC1
CDK_Depict_38_208,C(=N[N+](=O)[O-])([S-])[S-],C=[N+]([O-])N=C([S-])[S-]
CDK_Depict_38_209,CC([NH+]1C=CN=N1)OC,CC(C)[NH+]1C=CN=[NH+]1
CDK_Depict_38_211,CC1=CC=NC2=NNC(=O)C12,Cc1cc*c2*[VH]C(=O)C12
CDK_Depict_38_212,CC(CC(C)OC(C(=C(C)N)C)O)N(C)C/N=C(\C1(CC(C1)N)O)/N,CCN(C)C(C)CC(C)OC(O)C(C)=C(C)N.COC1(C(=N)N)CC(N)C1
CDK_Depict_38_213,CCC(CC)(CC)C(C)(C)N=[Ta],*=NC(C)(C)C(CC)(CC)CC
CDK_Depict_38_214,CC(/C=C\C(=C)NCO)C(=C)N=CC(C)Cl,C=C(/C=C\C(=C)NCO)N=CC(C)Cl
CDK_Depict_38_215,CCCC(CCC)(C=NO)Cl,C=CC(C)(CCC)CCC
CDK_Depict_38_216,C1C(=C(C1=O)O)C2=C(C(=O)C2)O,O=C1CC(C2CC(=O)C2O)C1
CDK_Depict_38_217,CN1CCC2=NN(CC=C2C1)C3=CC=NC=C3,C*1CCC2=*N(c3cc*cc3)CC=C2C1
CDK_Depict_38_218,CCC1=NC(=CS1)C(=N)N2CCNC(C2=N)C,CCCN(C(=N)/C([V])=C/SC(C)CC)C(=N)C(C)C
CDK_Depict_38_219,CC1=C(C(C(=C1C)C)(C)[As](N([Si](C)(C)C)[Si](C)(C)C)Cl)C,CC1=C(C)C(C)(*(N)Cl)C(C)=C1C.C[Si](C)(C)C
CDK_Depict_38_220,C1CCOC(C1)ON=C(C(=NOC2CCCCO2)N=[N+]=[N-])N=[N+]=[N-],CC(O)CCCCO.CC1CCCCO1.CN=C(N=[N+]=[U])C(=N)N=[N+]=[N-]
CDK_Depict_38_221,C1=C(C(=O)NC(=N1)N)NC(=O)[C@@H](CO)OP(=O)(O)OC[C@H](C(=O)NC2=CN=C(NC2=O)N)OP(=O)(O)O,*C[C@H](OP(=O)(O)OC[C@@H](C)C(=O)NC1=CN=C(*)NC1=O)C(=O)Nc1cN=C(N)NC1
CDK_Depict_38_222,CC/C(=C\C=C/N=C(C(=O)OCC)SC=C)/C(F)(F)F,cC(c)(c)/C(=C/C=C\*=C(*C=C)C(C)=O)CC
CDK_Depict_38_223,CCC(=O)C(=C)C1=CC=[N+](C=CO1)C,C=C(C(=O)CC)c1cc*(C)ccO1
CDK_Depict_38_224,CCOC(=O)CC(C)(C)CC(C(C(F)(F)F)(Cl)Br)O,CCOC(=O)CC(C)(C)CC(O)C(Cl)C(F)(F)F
CDK_Depict_38_225,CC(=C(N(C)CNC)Cl)C,CC.CCNC(Cl)=C(C)C
CDK_Depict_38_226,CCC(C)S(C=C)(S)SC,*C(C=C)(SC)C(C)CC
CDK_Depict_38_227,CC[Al]1CC[C@@H](C1)CSC2=CC=CC=C2,CCP1CC[C@@H](CSc2ccccc2)C1
CDK_Depict_38_228,B(CC1=CC=CC=C1)(O[N+]2=CC=CC=C2)O[N+]3=CC=CC=C3,BCc1ccccc1.C[N+]1ccccc1.O[N+]1ccC=CC1
CDK_Depict_38_230,CC(C)[Si](C(C)C)(C(C)C)O/[N+](=C\C(=O)OC)/[O-],C/N=C\C(=O)OC.CC(C)C.CC(C)[SiH](C)C(C)C
CDK_Depict_38_231,C(C(C(C#CF)(F)F)(F)F)OC(C#N)(F)F,cC(c)(C#CF)C(c)(c)CC
CDK_Depict_38_232,CC/C(=C(\C=C)/F)/OCOO,C=C/C(C)=C(/C)CC.CCO[ClH]
CDK_Depict_38_233,CC(=O)N[C@H](C(=O)NCC1=CC=CC=C1)N2C=CC=C2,CC(=O)N[C@@H](C(C)=O)N1cccC1.Cl.Cl
CDK_Depict_38_234,CCOC(=O)/C(=C(/N)\Cl)/C(=NC)N,*C(C)=C(C(C)=O)C([Nh])=NC.CCO
CDK_Depict_38_235,CC1=CC(=O)NC(C1Br)(C)C,CC(=O)/C=C(/C)C(F)C(C)(C)C
CDK_Depict_38_236,CC(=C(CC(=O)C#C)C(=C)C)C,C#CC(=C)CC(C(=C)C)=C(C)C
CDK_Depict_38_237,CC1=CC=C2N1C(=NI=N2)C,CC1=NC=[V]c2ccc(C)*12
CDK_Depict_38_238,CC1=NSC(=C1)NC2=NN=C(S2)C,CC1=[U][U]=C(N)C1.Cc1cc(C)[V]c(C)S1
CDK_Depict_38_239,CNC/C(=C(/N=C)\O)/C=C,*/C([U]C=C)=C(/C=C)CNC
CDK_Depict_38_240,C[C@@H](C(=O)OC)NON(CC1=CC=CC=C1)S(=O)(=O)O,CCC(=O)[C@H](C)N.CNCC1=CC=CC=C1.CS(=O)(=O)O
CDK_Depict_38_241,[2H]C1=CC(=C2N1C=CC=C2)[2H],[2H]c1cc(C)c2cccc[AlH]12
CDK_Depict_38_242,C(=O)(C(N(Cl)Cl)(Cl)Cl)O[Al](OC(=O)C(N(Cl)Cl)(Cl)Cl)OC(=O)C(N(Cl)Cl)(Cl)Cl,Cl.Cl.Cl.O=C(O)C(Cl)(Cl)N(Cl)Cl.O=C(O)C(Cl)(Cl)N(Cl)Cl
CDK_Depict_38_243,C#CCCOC(F)F,C#CCCCOC(F)F
CDK_Depict_38_244,C1=CC=C(C=C1)COC(C(=O)O)[P+](=O)CCNC(=O)OCC2=CC=CC=C2,CC(=O)OCC1=CC=CC=C1.CC(C(=O)O)[S+](=O)CCNC(=O)OCC1=CC=CC=C1
CDK_Depict_38_245,CCCSCC(CSC1=NC(=NC(=N1)SCC(CSCCS)SCCC)SCC(CSCCC)SCCS)SCCC,CCCSCC(CSC1=NC(SCC(CSCCS)SCCC)=NC(SCC(CSCCC)SCCC)N1)SCCS
CDK_Depict_38_246,CC(C)(C)CN(CC(F)(F)F)C(=O)COCCOC1=CC=CC=C1,cC(c)(c)CN(CC(C)(C)C)C(=O)COCCOc1ccccc1
CDK_Depict_38_247,C1C=CC=CN1NC(C(O)(O)O)O,*1ccC=CC1.*C(O)(O)C(O)NC
CDK_Depict_38_248,[B]C(C(=O)NS(=O)(=O)C)NC,*C(NC)C(=O)[V]S(C)(=O)=O
CDK_Depict_38_249,C=CC(=O)OOOC1=NC(=NC(=N1)OOOC(=O)C=C)OOOC(=O)C=C,C=CC(=O)O.C=CC(=O)OOOC1=*C(C)=*C(C)=*1.C=CC(C)=O
CDK_Depict_38_250,CCC(=NOC(=S)NC1=CC=CC=C1NC(=S)ON=C(C)CC)C,CCC(C)=NOC(=S)NC1=CC=CCC1NC(O)=S.CN
CDK_Depict_38_251,CCS/C=C(\C)/C1(CC1)Cl,CCS/C=C(\C)C1(Cl)CC1
CDK_Depict_38_252,C[Si](C)(C)C1=CC=C(C(=O)C=C1)O,C[Si](C)(C)C1ccc(O)c(=O)cc1
CDK_Depict_38_253,CCC[Si]1(CCC(CC1)/C=C/C#CC2=CC(=C(C=C2)F)F)F,c[N+]1(CCC)CCC(/C=C/C#Cc2ccc(c)c(c)c2)CC1
CDK_Depict_38_254,CCCCCCCCCCCCCCCCCCC=C[SiH](CCl)OC1=CC=CC=C1,CCCCCCCCCCCCCCCCCCC=C[NH+](C)CCl.OC1=CC=CC=C1
CDK_Depict_38_255,C1C(S1)CC(CC2CS2)COCC(CC3CS3)CC4CS4,CCC(CC1CS1)CC1CS1.OCC(CC1CS1)CC1CS1
CDK_Depict_38_256,C1=CS[C@@H]2N1C(=S)C2CCF,[H][C@]12CCCN1C(=S)C2CCC
CDK_Depict_38_257,CC(=C1C=CC=NC(=N)S1)N,*C(C)=C1C=CC[U]C(=*)S1
CDK_Depict_38_258,CN1C(=NN=N1)SN2CCC2=O,CC1=*[U]=[U]N1C.O=C1CCN1S
CDK_Depict_38_259,CC(C)(C)PC(=O)/C=C/CC1CCCCC1,CCCC.CCCC1CCCCC1
CDK_Depict_38_260,B(=NC1=CC=CC=N1)C2=CC=CC=N2,C=Nc1cccc[Li]1.Cc1cccc[Li]1
CDK_Depict_38_261,C=C(C(C(F)(F)P(=O)(O)O)Cl)S(=O)(=O)P(=O)(O)O,CCC([Cr])C(F)(F)[PH](=O)(O)[Ho].C[PH](=O)(O)O
CDK_Depict_38_262,CNC(=O)N(C)SC1=CN=CC=C1,CNC(=O)N(C)Sc1cccnc1
CDK_Depict_38_263,C[Si](C)(C=C)OC(CO[Si])(C=C)O[Si](C)(C)C=C,**CC(C)(C=C)O[SiH](C)C=C.C=C*(C)(C)O
CDK_Depict_38_264,CCCC[Sn](CCCC)(CCCC)C(=NC1=C(C=CC=C1C)C)C(F)(F)F,CCCC[CH]1(CCCC)(CCCC)(C(=Nc2c(C)CCC=C2C)C(C)(F)F)CCCCC1
CDK_Depict_38_265,C1CC1C2=NN(N=C2)NC(=O)C34CC5CC(C3)CC(C5)C4,*1*cc(C2CC2)*1.NC(=O)C12CC3CC(CC(C3)C1)C2
CDK_Depict_38_266,CC(C)(CO)SC1=NC=CNC1=O,C/C=C\N=C(/C)C(N)=O.CC(C)(C)CO
CDK_Depict_38_267,CN1N=C(N=N1)C2=NSC=C2,CN1N=*c(-c2ccS[As]2)s1
CDK_Depict_38_268,C[Sn](C)(C)C#CC(F)(F)F,C[Sn](C)(C)C
CDK_Depict_38_269,[2H][C@@]1(SC2CC(C2)(S1)[2H])CC=C,[2H][C@@]1(CC=C)SC2CC(b)(C2)S1
CDK_Depict_38_270,CC[SiH](C=C)F,C=C[SiH](C)CCC
CDK_Depict_38_271,CC(C)(O[C@H](CCN)CC=O)OS,*CC[C@@H](CC=C)OC(C)(C)O*
CDK_Depict_38_272,CC1=CC(=CC=C1)CS(=NCC2=CC=CC=C2)(=O)CC(=O)O,Cc1cccc(CS(=O)(CC(=O)O)=[U]Cc2ccccc2)c1
CDK_Depict_38_273,CC(=CC(CC(C)(C)CN=C=O)N=C=O)C,CC(C)=CC(*=C=O)CC(C)(C)CN=C=O
CDK_Depict_38_274,C=CC/C(=C/Br)/N,C=CC/C([NH12])=C/[Cr]
CDK_Depict_38_275,CC(C)CC1=CSN=C=C1,CC(C)Cc1cc=NSC1
CDK_Depict_38_276,C1=CPC(=C1CS)CS,SCc1cccc1CS
CDK_Depict_38_277,C1(C(=O)C(=O)O1)N,NC1OC(=O)C1=O
CDK_Depict_38_278,C[Si](C)(CCCN=C(NC1CCCCC1)NC2CCCCC2)O[Si](C)(C)O[Si](C)(C)CCCN=C(NC3CCCCC3)NC4CCCCC4,C[Si](C)(CCCN=C(N)NC1CCCCC1)O[Si](C)(C)O[Si](C)(C)CCCN=C(NC1CCCCC1)NC1CCCCC1
CDK_Depict_38_279,CC1(CCNCC1S(=O)C)O,CS(=O)C1C[V]CCC1(C)O
CDK_Depict_38_280,CC1=C(C(=NN1)N=NCl)Cl,Cc1c(N=NCl)[V]NC1C
CDK_Depict_38_281,C1C=CC2(C=C1)OC=NO2,C=COC1(C)CCCCC1
CDK_Depict_38_282,C[N+]1(C(=C)C(=C)OC(=C)C1=C)[O-],C=C(C)C.C=C(C)C(C)C.O
CDK_Depict_38_283,CC(C)(C[C@H]([C@@H]1CCC=CO1)C2CC2)[S@](=O)N,*[S@](=O)C(C)(C)C[C@H](C1CC1)[C@H]1CCC=CO1
CDK_Depict_38_284,CC1C=C(C=CC(=C1)[Se](C)(C)C)CC/C=C\C2=CCCC=C2C=C,C=Cc1cCCCc1/C=C\CCC1ccc([Se](C)(C)C)cC(C)C1
CDK_Depict_38_285,C(CSSN=C(N)N)N=C(N)N,*C(*)=NC.*C(N)=NCCC
CDK_Depict_38_286,CCCC(C1=CC=NC=C1)OC(=NC=NC(C)(C)C)N,*C(=N)OC(CCC)c1cC=Ncc1
CDK_Depict_38_288,CCCCCCCCCCCCCCCCCC(=O)ONN1C=CN=C1,CCCCCCCCCCCCCCCCCC(C)=O.CN.CN.c1cncN1
CDK_Depict_38_289,CC(CC=CC(C(=O)O)Br)C(C(C)NC)O,*C(=O)C([Rf])C=CCC(C)C(*)C(C)NC
CDK_Depict_38_290,CC1=NSC(=C1)C#CC(=O)OC,COC(=O)C#Cc1cc(C)*S1
CDK_Depict_38_292,CC(/C(=C\C=C)/Cl)N=CC1=CCC(CC1)OC,C=C/C=C(/Cl)C(C)N=CC1CCC(C)CC1
CDK_Depict_38_294,C1=CC=C(C=C1)C2=CC=C(C=C2)CCN=C3C#CN=CN3,C1=NCCC(=NCCC2CCC(C3ccccc3)CC2)N1
CDK_Depict_38_296,CCCCCCCC(C(=C)SC(F)(F)F)(F)F,C=C(S)C(F)(F)CCCCCCC.CC(F)(F)F
CDK_Depict_38_297,CNCCSCC1=C(C=CC=N1)SSC(=C)C(=NC=C)CSCCNC,C=CN=C(CSCCNC)C(=C)SSc1ccc*c1CSCCNC
CDK_Depict_38_298,C1=CC=C(C=C1)C2=C(C(=[Pb](C=C2)Cl)Cl)C3=CC=CC=C3,ClC1c(-c2ccccc2)c(-c2ccccc2)cc[Pb]1Cl
CDK_Depict_38_299,CC(=O)[C@@H]1[C@@H](N(C1=O)C#C[Si](C)(C)C(C)(C)C)[Si](C)(C)C,CC.CC#CN1C(=O)C(C=O)[C@@H]1[Si](C)(C)C
CDK_Depict_38_300,CC(C)C1=C(OCC(CO1)(F)P)C(C)C,CC(C)C(C)C(OCC(C)(C)CO)C(C)C
CDK_Depict_39_2,CCC(CC)CC1C=CN(S1)C,CN1ccCS1
CDK_Depict_39_3,CC(=S)[N+](C)(CC=CCl)CC=CCl,CCC=CCN(C)(CCCC)C(C)=S
CDK_Depict_39_4,CC(OC)OCCOC1=CSC(=C1)Br,*C(C)SCC(C)O.CCCOC(C)OC
CDK_Depict_39_5,CCCC[Sn+2]I,CCCC[Sn+2][IH]
CDK_Depict_39_6,C1=CC(=S(=O)=S)N(C=C1)[O-],O=[SH](=S)c1cccc[n+]1[O-]
CDK_Depict_39_8,CC1CC2N(C(=O)C1OO2)CCC(C)C,CCCCN1C(=O)C2OOC1CC2C
CDK_Depict_39_9,C=C1CCCC1=CNC2CCCC2,C=C1CCCC1=CCCCNC1CCCC1
CDK_Depict_39_10,C=1=C(N=C=S1)C(F)(F)F,CC1C=scn1
CDK_Depict_39_11,C(CC(Br)(Br)Br)C(N)Br,NC([Sr-])CCC(Br)(Br)[Dy]
CDK_Depict_39_12,B1(NC2=CC=CC3=C2C(=CC=C3)N1)[C@H](CC(=O)OC)C4=CC(=CC=C4)C(OCC)OCC,CCOC(OCC)c1cccc([C@@H](CC(=O)OC)*(N)CC(=O)OC)c1
CDK_Depict_39_13,C1N(CN2C(=NN=N2)N1CN3CN(CN4C3=NN=N4)CC5=CC=CC=C5)CC6=CC=CC=C6,CCN1C(N2CN(Cc3ccccc3)CC3Ccccc3)CN[n]c21.C1N(Cc2ccccc2)CN(C(=N)[nH]1C)CN=N[nH]=C1
CDK_Depict_39_14,C[Si]([Si](Cl)(Cl)Cl)(Cl)Cl,C[Si](Cl)(Cl)[Si](Cl)(Cl)Cl
CDK_Depict_39_15,C(CN=C(N)N)C(C#P=O)(C#P=O)C(=O)O,CCC(C#p=o)(C#p=o)C(=O)p=O
CDK_Depict_39_16,CC(C=C)[Te]C,C=CC(C)C.CC
CDK_Depict_39_17,C1=CC(=CC(=C1)C(F)(F)F)CC2SC(=NS2(=O)=O)N,NC1=NS(=O)(=O)C(CC2=CC(C(F)(F)F)CC=C2)S1
CDK_Depict_39_18,CN(C)C1CCN1OC2CCO2,CN(C)C1CCN1OC1CCO1
CDK_Depict_39_19,C1=CC=C2C(=C1)C=CNNN2CC(=O)O,*C(=O)CN1N*CCc2c1=CC=CC=2
CDK_Depict_39_20,COC(=O)C(CNCCCCC1CCOCC1)I,*CCCCC1CCOCC1
CDK_Depict_39_21,C1(C(O1)(C(=O)O)N)O,*C1(C(=O)O)OC1O
CDK_Depict_39_23,C1=CC=C(C=C1)N2NN(C=CN2P(=O)(O)O)P(=O)(O)O,*P([20H])(=O)N1CCN(P([20H])(=O)O)N(C2=CC=CC=C2)C1
CDK_Depict_39_24,C1=NN=C(C1(CCO)N)N,NC1=NN=CC1(N)N
CDK_Depict_39_25,CC1=CC(=C2C(=C(/C(=C\3/C=CC(=C)C(=C3)C)/[Si]2(C)C)C)C)C=CC1=C,C=C1CC=C(C2CC(C)C(C)C2C)Cc1C.C=C1CCC(C(C)C(C)[Si](C)(C)C)CC1C
CDK_Depict_39_26,CCO/C(=C(/C)\C(=N/C=C(\C)/CC(=C)NCC1=CC=CC(=C1)C)C)/C=C,C=C/C(OCC)=C(C)/C(C)=N/C=C(\C)CC(=C)NCc1cccc(C)c1
CDK_Depict_39_27,C(=O)(C(C(C(=O)O)(Cl)Br)(Cl)Br)O,O=CC(Cl)(Cl)C(Cl)(Cl)C(=O)O
CDK_Depict_39_28,C1OC=C(O1)C(=O)NC(=O)NC2=CC(=CC=C2)Br,O=C(NC(=O)c1COCO1)Nc1cccc([O-])c1
CDK_Depict_39_30,F[Si]1([Si][Si][Si][Si]([Si]1(F)F)(F)F)F,C[Si]1(F)[SiH2][Si][SiH2][Si](F)(F)[SiH2]1F
CDK_Depict_39_31,CC(=CC(=C(C)C(NCC=CCOC)(F)F)F)Br,CCCCCCCCCCCCCCC=CCOC
CDK_Depict_39_32,[2H]C(C)(N=O)Cl,[2H]C(C)(Cl)Cl
CDK_Depict_39_33,CC(C)(C)[Si](C)C(=CC1=CC=CC=C1)S(=O)(=O)O,CC(C)[SiH](C)C(=Cc1ccccc1)S(=O)(=O)O
CDK_Depict_39_34,CC(C)C1(NCCN1)/N=N/C2(NCCN2)C(C)C,CCC1(N=NC2(C(C)C)NCC[V]2)NCCN1
CDK_Depict_39_35,C1=CC=C(C=C1)C2=C(SC(=C(S2)Br)C3=CC=CC=C3)[NH+](O)[O-],CC1SC(c2ccccc2)=C([NH+](=O)O)Sc1-c1ccCcc1
CDK_Depict_39_36,[2H]C1(CC1)C([2H])([2H])Br,CC1(C(C)(C)C1)CC1
CDK_Depict_39_37,CC1=NSC(=C1)C(C2=C(NN=C2)N)O,CC1CCCCC(C(O)C2CCCC(C)NC2)C1
CDK_Depict_39_38,[H][C@]([2H])([C@@]([2H])(C(=O)O)O)N,[H]C(N)(S)C(C)(O)C=O
CDK_Depict_39_39,C1=C(C(=C(N=C1N)C(F)F)Cl)Br,Nc1cc(Br)c(Cl)c(C(F)F)n1
CDK_Depict_39_41,C1=CC(=C(C=C1N)C(Cl)(Cl)Cl)S(=O)(=S)N,NC1CCC(S(N)(=O)=S)C(C(Cl)Cl)C1
CDK_Depict_39_42,[B]C1(CCC2N1C(CCC2)(C)C)[B],C1CCCCCC[pH]
CDK_Depict_39_43,C1=CC(C(C=C1)(O)F)C(=N)Cl,N=C(Cl)C1CCCCC1O
CDK_Depict_39_44,COC(=C=C)C#C,C#CC(=C=C)OC
CDK_Depict_39_45,CCN(CC)P(CP(N(CC)CC)OC)OC,CCN(C)P(C)O.CCN(CC)P(C)O
CDK_Depict_39_46,CC(C(O)(O)O)(N=[N+]=[N-])O,[N-]=[N+]=NC(O)(N=[N+]=[N-])C(O)(O)[Pd]
CDK_Depict_39_47,CCCCSNC(=S)S,CCCCSNC(=S)S
CDK_Depict_39_48,C(=O)(N)ON(N)S,CO[NH](N)S
CDK_Depict_39_49,CC(=O)NC1=CN=NS1=O,CCNc1cnns1=O
CDK_Depict_39_50,C1=CC=C(C=C1)C[C@H](C2=CC=C(C=C2)C3=CC=C(C=C3)Br)C4=CC5=C(C=C4)C6=CC=CC=C6C=C5,C1CCCCCCCCCCCCCCCCC(c1ccc(-c2ccc3cc4c(ccc5ccccc5c4)cc3)cc1)c1ccccc1
CDK_Depict_39_51,CC1NC(=C(N1)/N=C\N=C)C,C=[N+]/C=N\c1[nH]C(C)[nH]c1C
CDK_Depict_39_52,C1=CN=C(N1)CNC(=O)C(F)(F)Cl,C1CNCN1
CDK_Depict_39_53,C1=CC2C(=C(SC(=O)O2)N=NC3=C4C=CC=CC4OC(=O)S3)C=C1,O=C1OC2CCCC(=C(N=Nc3SC(=O)OC4CCCCC34)S1)C2CCCCC2
CDK_Depict_39_54,CONN(N)ON,CON[U](N)NCON
CDK_Depict_39_55,[2H]C1C(=O)C2CCN1CC2,[2H][A]1CCC(C(=O)c1)CC1
CDK_Depict_39_56,CS(=O)(=O)C1=CNC(S1)NC(=O)C2=CC(=CC=C2)O,CS(=O)(=O)C1=C[NH2+]C(NC(=O)c2cccc(O)c2)S1
CDK_Depict_39_57,CC(C)(C)C(COCCOCCOC1=C(C=C(C(=C1)N)N)ONC(=O)O)(C(C)(C)C)NC(=O)O,CC(C)(C)C(COCCOCCOC1=C(ONC(=O)O)C=C([IH4])C([IH4])=C1)C(C)(C)C
CDK_Depict_39_58,CS(=O)(=O)C1OCCCS1,CS(=O)(=O)C1OCCCS1
CDK_Depict_39_59,C/C(=C(\CN(C=C)C=C)/N)/SN1CCCCC1,C=CN(C=C)C/C(C)=C(\C)SN1CCCCC1
CDK_Depict_39_60,CN(C)/C=C(\C(=C)Cl)/C(=O)O,C=C(Cl)/C(=C\N(C)C)C(=O)O
CDK_Depict_39_61,CN(C)ON(C)CON(C)O,CN(C)ON(C)CON(C)O
CDK_Depict_39_62,C1=CC=C(C=C1)NC2=NC(=O)SS2,O=C1N=C(Nc2ccccc2)SS1
CDK_Depict_39_63,C1=CC=C(C=C1)[Se](=[Se])(=[Se])C2=CC=CC=C2,C(=[Se])[Se](c1ccccc1)(c1cccc(C1)CCC1)=[Se]
CDK_Depict_39_65,C1CCC2=C(C#CC1)C(C=CS2)(F)F,C1CCCCCC1CCCCCC1
CDK_Depict_39_66,CCN=[P+](C(C)C)[S-],CN=[P+](C)[S-]
CDK_Depict_39_67,C[C@@](C(C)(C)C)(N(C)C(=C)C(C)(C)C)P,C=C(C)C.CC(C)(C)P
CDK_Depict_39_68,CCCCCOC(=O)CC(C)NP(CO)OC1=CC=CC=C1,*C.CCCCCOC(=O)CC(C)NP.COc1ccccc1
CDK_Depict_39_69,C/C(=C\C(=C(/C=C)\OC)\OC)/CC(C)(/C(=N/NN)/N)NCCCS(=O)O,*N/[AlH]=C(\*)C(CC(C)CC(OC)=C(C=C)OC)NCCCCC
CDK_Depict_39_70,C1=CC(=CC=C1C#N)C2=C(SC(N2)Cl)Br,CC1ClClC1C(CS)c1ccc(C#N)cc1
CDK_Depict_39_71,C1=C(C(=O)NC1=O)[SiH2]C2=CC(=O)NC2=O,O=C1C=c([SiH2]C2CC(=O)NC2=O)c(=O)N1
CDK_Depict_39_72,CCOCC1=CN(C(=NC1=N)C)CC(=O)C2=CC=CS2,CCOCC1CN(CC(=O)c2cccs2)C2CCN(C2)C1=N
CDK_Depict_39_73,C[Si](C)(C)C(F)(F)[Se]C1=CC=CC=C1,C[Si](C)(C)[Se](c1ccccc1)C(F)F
CDK_Depict_39_74,C1CNCCC12CCSCS2,c1[nH]CCC2(C1)CCSCS2
CDK_Depict_39_75,CSC(CCOCC#CI)COC1=CN=CN=C1,[3H]C#CCOCCC[SH](C)COc1cnc[nH]c1
CDK_Depict_39_77,CC(C)(C)P(C1=CC=CN1C)Cl,CC(C)(C)C.C[n+]1cccc1OP(Cl)Cl
CDK_Depict_39_78,C1=CC=C(C=C1)[PH-](C[PH-]([C+]2C=C[CH+]C=C2)([C+]3C=C[CH+]C=C3)(F)F)(C4=CC=CC=C4)(F)F,C[PH+](F)(F)(CCP(F)(F)(c1ccccc1)(C1ccccc1)(F)(F)C1ccccc1)(F)(F)C1CC[CH](CC1)CC1
CDK_Depict_39_79,CS(C)(C#C)C#N,C#CS(C)(C)C#N
CDK_Depict_39_80,C1=CC=C(C=C1)[Se]S(=O)(=O)C(F)(F)F,O=S(=O)([Se]c1cCccc1)C(F)(F)F
CDK_Depict_39_81,CCC1=CC(=C[Se]1)Br,Cc1cc([Sr])c[se]1
CDK_Depict_39_82,C[C@H](C1=CC=CC=C1)N=C(NC#N)NC2=CN=CN=C2,N#CNC(N=C1CCC=CC1C1CCCCC1)NC1=CN=CN=C1
CDK_Depict_39_83,CC1(NC(OCO1)(C)C)C,COCOC
CDK_Depict_39_84,CC1=NC(=CN=C1C=C)N2C=NN=N2,C=CC1=[V]CC(N2cnnn2)N=C1C
CDK_Depict_39_85,CCCCCCC=S(=O)(C)N,CCCCCCC=S(C)(C)=O
CDK_Depict_39_86,B(C1=CC=CC=C1)(OC)OC(=C(C)C)/C=C/2\C(=C)CCO2,C=C1CCOC1.CC(C)=C(O)CC1CCO1.Cc1ccccc1
CDK_Depict_39_87,C1[C@@H]([C@@H](CN1)ON)O,NO[C@H]1C[NH2+]C[C@@H]1O
CDK_Depict_39_88,CI(C#N)(F)(Cl)Br,C[3H](F)(Cl)C#N
CDK_Depict_39_89,CC/C=C/CC[C@]12CS1(CCO2)CN=CC=C(NC(=O)C)N(C)CC,CC/C=C\CC[C@@H]1COCCS1(CNC=CC(N(CC)C)=O)CCO1
CDK_Depict_39_90,CC(C/C(=C\C(=C)C)/Cl)C(C)NC(=S)C,C=C(C)/C=C(/CCl)CC(C)C(C)NC(C)=S
CDK_Depict_39_91,B1(CC=CC=C1)C(F)F,FC(F)s1ccCcc1
CDK_Depict_39_92,C[Bi](C)C(C1=CC=CC=C1)C2=CC=CC=C2,CC(c1ccccc1)C1CCCCC1
CDK_Depict_39_93,CNC(C(=O)N(C)OC)Br,CNC(Br)C(=O)N(C)OC
CDK_Depict_39_94,CN1CCOC2(C1)CN(C2)SF,*SN1CC2(CN(C)CCO2)C1
CDK_Depict_39_95,CC(C)OP(=O)(C)CCCP(C)CCCPC,CC*CC[PH](CCCP(C)(C)=O)CCP(C)(C)=O
CDK_Depict_39_96,CC(CCCCN=C(N)N)(C(=O)I)N,*C(N)=NCCCCC(C)([V])C=O
CDK_Depict_39_97,C1=CC=C(C=C1)C(=C(NC2=CC=CC=C2)NNC(=O)C3=CC=CC=C3)C4=CC=CC=C4,O=C(NC(NCC(NC1=CC=CC=C1)=C(c1ccccc1)c1ccccc1)=C(c1ccccc1)c1CCCC1=C(c1ccccc1)c1ccccc1)c1ccccc1
CDK_Depict_39_98,C1(=C(C(C1(Br)Br)(Br)Br)Br)Br,CS.CS
CDK_Depict_39_99,C/C=C\C(=C)OC(C)(C)OC(C)CNC(=O)O,C/C=C\C(C)OC(C)(C)CC(C)CNC(=O)O
CDK_Depict_39_100,CCOC(=O)C(C)C(=C=C(C)C)Br,*C(=C=C)C(C)C(=O)O
CDK_Depict_39_101,C1SC=CN(S1)C2=CSC=C2,c1ccnccS1
CDK_Depict_39_102,C1CC1([C@H](N2CCNCC2)I)O,*C(C)(N1CC[Ni]CC1)C1(O)CC1
CDK_Depict_39_103,C=C/C(=C(\C(=C)Cl)/[N+](=O)[O-])/C(=O)O,C=C/C(C(=O)O)=C(/C(=C)Cl)[N+](=O)[O-]
CDK_Depict_39_104,CC(=O)NCCN/C(=C(/C=C)\Br)/N=C(\N)/Cl,CCC(C)=C(N=C(N)Cl)NCCNC(C)=O
CDK_Depict_39_105,CC(C)(C)N(S(=O)O)Cl,CN(Cl)S(=O)O
CDK_Depict_39_106,C1=CC(=C(C(=C1)[SiH2]O[SiH2]C2=CC(=C(C=C2)C(=O)O)C(=O)O)C(=O)O)C(=O)O,O=C(O)C1=C(C(=O)O)C=C([SiH2]O[SiH2]C2=CC=CC(C(=O)O)=C2C(=O)O)C=C1
CDK_Depict_39_107,CCC1=NN=CC1(OC)Br,CCc1nncC1OC
CDK_Depict_39_108,B(C(C)(C)C)N=C=S,C[PbH][nH]=C=S
CDK_Depict_39_109,CCCOP(P)P,CCCOP(P)P
CDK_Depict_39_110,CC1C2C(CCCC2=C)N(N1)I,*NCC1C(=C)CCCC1C
CDK_Depict_39_112,C1CCC(C1)(CC(=O)NC2=CC=CC(=C2)C3=NC=CN3)O,CC1CC[NH-]C(c2cccc(NC(=O)CC3(O)CCCC3)C2)=N1
CDK_Depict_39_113,CCSC(=S)SC1(CC1(C)C(=O)C)C,CCSC(=S)SC1(C)CC1(C)C(C)=O
CDK_Depict_39_114,C1=C(NC(O1)CN)CO,NCC1NC(CCO)CO1
CDK_Depict_39_115,CC(CCl)(CBr)OC1COC1,[O-]CC(C[O-])(CCl)OC1COC1
CDK_Depict_39_116,C1COCC1(C#N)C2=NC=CC=N2,N#Cc1ncccn1
CDK_Depict_39_117,C1=CC(=CC(=C1)[Pb](C2=CC=CC(=C2)[N+](=O)[O-])(C3=CC=CC(=C3)[N+](=O)[O-])C4=CC=CC(=C4)[N+](=O)[O-])[N+](=O)[O-],CCc1cccc([N+](=O)[O-])c1.Cc1cccc([N+](=O)[O-])c1.Cc1cccc([N+](=O)[O-])c1.Cc1cccc([N+](=O)[O-])c1
CDK_Depict_39_118,C1=CC(C(C=C1)(P(=S)(C2(C=CC=CC2Cl)Cl)S)Cl)Cl,S=P(Cl)(C1CCC(Cl)C(Cl)([PH](=S)(=S)S)C1)C1(Cl)CCCCC1Cl
CDK_Depict_39_119,CCCON1CCSC1S(=O)(=O)N=NC(=O)NC2=NC(=NC(=N2)OC)OC,CCCO*1CCSC1S(=O)(=O)N=NC(=O)NC1=NC(OC)=NC(O)=N1
CDK_Depict_39_120,CC(C)(C)N(C(C)(COC1=CC=CO1)C(=O)NC2=CC=CC=C2)O,CC(N(CO)C(C)(C)C)(C(Nc1ccccc1)=O)CCCc1ccc(OC1)cccc1
CDK_Depict_39_121,CP(=O)(OP)OP,CP(=O)(OP)OP
CDK_Depict_39_122,CC(CCC1CC(C1F)F)(O)OC,*C1C(F)CC1CCC(C)(O)OC
CDK_Depict_39_123,CC1=C(C[Ge]C(C1)(C(C)(C)C)O[Si](C)(C)C)C,CC1CCC(C)(O[Si](C)(C)C)CC1
CDK_Depict_39_124,C1C(=P)CO1,P=C1COC1
CDK_Depict_39_126,C[C@@H](CC(=O)O[C@@H](C)/C=N\O[Si](C)(C)C(C)(C)C)OC(=O)/C=C/[C@H]([C@H](C)O)OCOCCOC,COCCOCCO[C@H](/C=C/C(=O)O[C@@H](C)CC(=O)O[C@H](C)/C=N\O[Si](C)(C)C)C(C)C
CDK_Depict_39_127,CC1(CC(=C)O[Si](O1)(C)C=C)C,C=C[Si](C)(C)OC(=C)CC(C)OC
CDK_Depict_39_128,CC(C)C(C)(C=C(C=C(COC)C(C)N=C/C(=C\CCN1CCNCC1)/S(=O)(=O)C)Cl)OC,CCN1CCN(CC/C=C(\C=NC(C)/C(=C/[C@H](Cl)CC(C)(OC)C(C)C)COC)S(C)(=O)=O)CC1
CDK_Depict_39_129,CCCCN(CCC)C=CC(C)C1CCCC2(CC2C=C=CC1)F,CCCCC(C=CC(C)C1CCCC(C)(F)C1)CCCC
CDK_Depict_39_130,CCCP(CCCCCCCC/C=C\CCCCCCCCCCC(O)O)Br,*C(O)CCCCCCCCCCCC.*C(O)CCCCCCCCCCCCCCCCCCCCCC
CDK_Depict_39_131,C1=CC=C(C=C1)CS(CC2=CC=CC=C2)(C3=CC=CC=C3)F,C[Si](Cc1ccccc1)(C1C=CC=CC=1)CCc1cccc(C1)c1
CDK_Depict_39_132,C1N=C2C(=N2)O1,C1N=C2N=C2O1
CDK_Depict_39_133,B(C1=CC=C(C=C1)F)(C2=CC=C(C=C2)F)/C(=C(\CC)/C3CCCCC3)/C4=CC=C(C=C4)F,CC1=CC=C(C)C=C1.CCC(C)CC
CDK_Depict_39_134,CC1=NOC(C1)CNCC2=CC(=CC=C2)C#N,C=[N+](CC1=CC(C#N)=CC=C1)CC1CC(C)=NO1
CDK_Depict_39_138,COS(=O)(=O)CN1CCC(=CC1)C2=NC=NS2,COS(=O)(=O)CN1CC=C(C2=NC=NS2)CC1
CDK_Depict_39_139,C[Si](C)(C)/C=C/C(=C/C(=O)N)/C#C[Si](C)(C)C,C[Si](C)(C)C#CC(/C=C/[Si](C)(C)C)=C/C(N)=O
CDK_Depict_39_140,CC(C)(C)[Si](C)(C(C)(C)C)[Si]1S[Si](S1)[Si](C)(C(C)(C)C)C(C)(C)C,C[Si](C)(C)[SiH]1S[SiH]([Si](C)(C)C)S1
CDK_Depict_39_141,CC1C=CC(=CC1PC)PC,C[2H](C)C1=CCC(C)C=C1
CDK_Depict_39_142,CCC(C)/C(=C(/C#N)\I)/C(C(F)(F)F)(F)F,CCCC.CCCC.CCCCCCCCC(C)C(C)C(C)C(C)C
CDK_Depict_39_143,C1C(=C(CS1(=O)=O)SC2=CC=CC=C2)N=[N+]=[N-],[N-]=[N+]=NC1=C(Sc2ccccc2)CS(=O)(=O)C1
CDK_Depict_39_144,C1=CN(SC2=C1C=C(C=N2)F)I,CN1CCC2CC(F)c[nH]c2S1
CDK_Depict_39_145,CC(=O)NC(C)(C)NCCOCCOCC(C)(C)C(=O)N,CCCCCCCCCCCCCCCCCCCCCCCCCCCCCCCCCCCCCCCCCCCCCCCCCCCCCCCCCCCCCCCCCCCCCCCCCCCCCCCCCCCCCCCCCCCCCCCCCCCCCCCCCCCCCCCCCCCCCCCCCCCCCCC)CCCCCCCCCCCCCCCCCCCCCCCCCCCCCCCCCC
CDK_Depict_39_146,CCCCCOC(=C)N/C(=C(\CC)/C=C)/C=C/Cl,C=CC(CC)=C(C=CCl)NCCOCCCCC
CDK_Depict_39_147,C1=CC(=NS)C=CN=C1,C1CCNCC1
CDK_Depict_39_148,CC(S/C=C\N)I,CCS/C=C\N
CDK_Depict_39_150,C=CC(=O)OCC(=C)OS(=O)(=O)O,*S(=O)(=O)OC(=C)COC(=O)C=C
CDK_Depict_39_151,C1=CC(=CC=C1CBr)[Ar]I,CCCCCCCCCCCCCCCCCCCCCCCCCCCCCCCCCCCCCCCCCCCCCCCCCCCCCCCCCCCCCCCCCCCCCCCCCCCCCCCCCCCCCCCCCCCCCCCCCCCCCCCCCCCCCCCCCCCCCCCCCCCCCCCCCCCCCCCCCCCCCCCCCCCCCCCCCCCCCCCC
CDK_Depict_39_152,CCCCOC1C(=CC(=NN1)/C=C/C2CCCCC2)OCCCC,CCCCOCC1[AuH]N=C(C=CC2CCCCC2)C=C1OCCCC
CDK_Depict_39_153,C1=CC=C(C(=C1)C(O)(F)Br)F,Fc1ccccc1C(F)(F)[Br-]
CDK_Depict_39_154,C1=CPC(=C1)C2NO2,C1=CC(C2NO2)PC1
CDK_Depict_39_155,C1=CC=C2C=C(C=CC2=C1)OCC3=NS(=O)ON3,O=S1N=C(COCc2cC3=CC=CC=C3C=C2)NO1
CDK_Depict_39_156,CC(=O)C[C@@H](CC1=CC=CC=C1)C(=O)SCP(C2=CC=CC=C2)C3=CC=CC=C3,CC(Cc1ccccc1)C[C@@H](=O)C(SCP(c1ccccc1)c1ccccc1)c1ccccc1
CDK_Depict_39_158,C1=C(C(N(C(=O)N1Cl)Cl)(N(Cl)Cl)Cl)Cl,ClC1C2N(Cl)C(=O)N(Cl)C1(Cl)N(Cl)C
CDK_Depict_39_159,CC(C)(CCCC1=CC=CC=C1F)NC[C@H](CN(C)[Si]C2=CC(=CC(=C2)C(F)(F)F)CCCC(=O)O)O,CN(C[C@H](O)CNC(C)(C)CCC1CCCCC1F)[SH]=C1C=C(CCCC(N)=O)C=C(C(F)(F)F)C1
CDK_Depict_39_160,CC1=NC=C(N=CC=CC(=C1)N)C(F)(F)F,Cc1cc(C#N)ccc(C(F)(F)F)nc(C(F)(F)F)c(CN1)c(C(F)(F)F)CN=CCCCC(C#N)c1
CDK_Depict_39_161,CCCNN(C(C=C(NC)NCC)N)NC(C)C,CCCCCCNC(CC([AlH2])N(NCCC)NC(C)C)NCC
CDK_Depict_39_162,CCC(C)C(C(C)(C)C(N=C=O)(O)O)N=C=O,C=O=C=NC(O)(O)CC(N=C=O)C(C)C
CDK_Depict_39_163,CC1C(P1OC2=CN(N=C2)C(C)(C)OC)(C)C,CCCCCCCCCCCCCCCCC
CDK_Depict_39_164,CS1(=O)(CCCCCCCCC1C2CCCCCCCCC2)I,CC1CCCCCCCCCCC1.CS(=O)(=O)C1CCCCC1
CDK_Depict_39_165,CO/N=C\1/CN[C@H]1CN,COC/N=C1/CN[C@H]1CN
CDK_Depict_39_166,CC1C=C(C(=C[P+](=CC2=C(C=C(C=C2C)C)C)O[P+](=CC3=C(C=C(C=C3C)C)C)C=C4C(=CC(C=C4C)C)C)C(=C1)C)C,CC1=CC(C)C(=C[n+](C)=Cc2c(C)cc(C)cc2C)C(C)=C1.CCC(C)=Cc1c(C)cc(C)cc1C
CDK_Depict_39_167,CC(C(C(=O)NC1CC1)O)N(C(=O)O)C2(CCC2)I,CC(N1C(C)(CCC1)CCC2)C(O)C(NC1CC1)=O
CDK_Depict_39_168,CCN(CCOCCOCNN(C=C)C(=O)C)C(=O)C,C=CN(*COCCOCC*CC)C(C)=O
CDK_Depict_39_169,C=CCNC(=S)N1CCC2=C(C1)NNC2=O,C=CC[NH2+]CC(=S)N1CCC(C(C)=O)=C([NH2+]N)C1
CDK_Depict_39_170,C1=CC=C2C(=C1)C(=S)C3=CC=CC=[N+]3N2,S=Cc1ccccc1.[H]N(C)c1cccc[n+]1
CDK_Depict_39_171,[2H]C([2H])([2H])C(=O)N[C@@H](CS)C(=O)N,C1N[C@@H](C(N)=O)CS
CDK_Depict_39_172,CC(=O)/C(=C\C(=O)C=C)/SS,C=CC(=O)CC(SS)C(C)=O
CDK_Depict_39_173,C1=CC=C(C=C1)O[P+](C2NC3=CC=CC=C3C(=S)S2)([O-])OC4=CC=CC=C4,Cc1cccc2c1C(=S)SCCC(NC1CCCCC1)SC2=S.OC1=CC=CC=C1
CDK_Depict_39_174,CN1[C]=NC=NC1=S,CN1C=NC=NC1=S
CDK_Depict_39_175,C/C(=N\NC(=O)N=NC1=C(C=C(C=C1Cl)Cl)Cl)/CN2N=C(N=N2)[N+](=O)[O-],CC(CN1[nH][nH]([N+](C)=O)[nH]1)=NNNC(=O)NC(=O)N=NC1C(Cl)CC(C)CC1Cl
CDK_Depict_39_176,CC(=COCC1CCCO1)C(C(=O)C)C(=O)C,CC(=O)C(C(C)=O)C(C)=COCC1CCCO1
CDK_Depict_39_177,C1=CC=C(C=C1)C2=CC(=O)N(S2)NCC3=CC=C(C=C3)OC(F)F,CC(CCc1ccc(CC(F)F)cc1)CN1CC(=O)C=C(C2=CC=CC=C2)S1
CDK_Depict_39_178,CC(C)N(C(C)C)P([O-])OCC(CCC#N)N(C)CCP(=O)(OC)OC,CCCC(C)[NH+](C)C[O-].COC[PH](CCN(C)CCCC#N)(COC)OC.C[O-]
CDK_Depict_39_179,[B]N1CCN(CC1)C2=NNN=C2C3=NC=CS3,[2*]N1CCN(c2c(C3=NC=CS3)nN=N2)CC1
CDK_Depict_39_180,CC(C)N1CCN(P1C2N3CN4CN(C3)CP2C4)C(C)C,C1CN2CN3CCC1N(C2)C3
CDK_Depict_39_181,C(C(=O)C(C(=O)F)(F)F)C(F)(F)F,O=C(F)C(F)(F)C(=O)CC(F)(F)F
CDK_Depict_39_182,C1CC2(CCC1C2)SP(=S)(N)SC34CCC(C3)CC4,C1CCC(S[PH]([W])(=S)SC2CCC(CC2)CC2)CC1
CDK_Depict_39_183,[B-]12(OCC(CO1)(CO2)C)C3=C(ON=C3C)C,CC1=NC(C)C1C1COCC(C)CO1
CDK_Depict_39_184,C[Si](C)(C)C(CC(=C)C1=CC=CC=C1)(F)F,C[SiH](C)C(F)(F)F
CDK_Depict_39_185,CC(C(=O)O)(C(=O)S(=O)(=O)N)O,O=C(C([Ho])(CO)C(O)O)S(=O)(=O)[WH2]
CDK_Depict_39_186,NP(O)[Se-],OP[Se-]
CDK_Depict_39_187,C1C[In]N(C1=O)C2=CC=CC=C2,O=C1CC[Zn]N1c1ccccc1
CDK_Depict_39_188,C1=CC(=O)O[Hg]OC1=O,O=C1ccc(=O)O*O1
CDK_Depict_39_189,C(=O)(C(F)(Cl)Cl)OP(=O)(O)O,C.C.CC(F)(F)C(=O)OP(=O)(O)O
CDK_Depict_39_190,CCC(/C(=C/C)/C)(ONC)I,C[NH3+]
CDK_Depict_39_191,C1C=CC2=C(S1)N=NN=N2,C1ccnnnnc2s1
CDK_Depict_39_192,CNC(=O)C(=NO)C1=CSC(=N)N1O,CNC(=O)C(=NO)C1CSC(=N)N1o
CDK_Depict_39_194,CN(CCCl)C(CCl)P=O,CN(CCCl)C(CCl)[SH]=O
CDK_Depict_39_196,C1=CN=CN=C1C2(C=CN=N2)N,NC1(c2ccncn2)C=CN=N1
CDK_Depict_39_197,C1=CC=C(C=C1)NC2=C(C(=O)O[C@H]2NC(=O)N[C@H]3C(=C(C(=O)O3)Br)NC4=CC=CC=C4)Br,CC1C(=O)O[C@@H](C#NC(=O)N[C@@]23C(=C([R1])C(=O)O2)CN([H])Cc2ccccc2)C1Nc1ccccc1)C=1Nc1ccccc1
CDK_Depict_39_198,B1(CCCCN1C2=CC=CC=C2)OB3CCCC=[N+]3C4=CC=CC=C4,C1CCCCC1.C1CCNCC1.c1ccc(N2CCCCC2)cc1
CDK_Depict_39_199,CCOC(/C(=C(/C(NC(F)(F)F)(F)F)\F)/F)(F)F,CCOC(F)(CF)/C(F)=C(\F)C(F)(F)NC(F)(F)F
CDK_Depict_39_200,CCN(CC)C1=CC(=S)SC(C1)(C)C,CCN(C)C1CCSC(=S)C1
CDK_Depict_40_1,CC1(C=CC(N=NN1)(C)S)C,C[1H]1C=CC(C)(S)n=N1
CDK_Depict_40_2,C(C(C(Cl)Cl)(Cl)Cl)OCS,CC(COCS)(C(Cl)Cl)C(Cl)Cl
CDK_Depict_40_3,CC(=O)OCN(CCCC(C1=CN=CC=C1)O)N=O,CC*(CCCC(O)c1cccnc1)[N+]=O
CDK_Depict_40_4,C1CSC(=C1C=O)C2=NC=CC=N2,O=CC1=C(c2nccc*2)SCC1
CDK_Depict_40_5,C1COC(CN1)N(C2=NN=CC=C2)N3C=CC=C3,c1cnnc(N(C2C[NH2+]CCO2)n2cccc2)c1
CDK_Depict_40_6,C1CCC(CC1)(C(=NOS(=O)(=O)C(F)(F)F)C#N)C(F)(F)F,C#CC(=COS(=O)(=O)C(C)(C)C)C1(C(C)(C)C)CCCCC1
CDK_Depict_40_7,CC/C(=C\C=C(/C=C)\N(C)SC1=NC=NC(=C1)NCC)/F,C=C/C(=C\C=C(\C)CC)N(C)Sc1cc(NCC)[nH]c[nH]1
CDK_Depict_40_8,C([C@@H](C(=O)OSC[C@@H](C(=O)SS)N)N)S,CC(=O)N[C@H](CS)C(=O)SSC[C@@H](NC(C)=O)C(=O)SS#N
CDK_Depict_40_9,CCC1=C=CC2(C1(P2)C)C,CCC1C2(C)[n-]C(C)C=C1
CDK_Depict_40_10,CP(=O)(C[C@H](CN=[N+]=[N-])O)[O-],CP(=O)(C[C@@H](O)CN=[N+]=[N-])O[O-]
CDK_Depict_40_11,CCCC/C(=C(\C#N)/C(=O)N)/SOCC,CCCC/C(SOCC)=C(/C#N)C(=O)[NH](C)C
CDK_Depict_40_12,C1(C(SOP(=O)(O1)O)(Cl)Cl)(Cl)Cl,O=P1(O)OsC([Cd])C([Cd])([Cd])O1
CDK_Depict_40_13,C1C2C(=CC=NC1=O)OCO2,O=C1*ccc2OCOC2C1
CDK_Depict_40_14,CC(=NC(=N)C1=CC=CC=N1)C2=C(C=CC(=C2)F)F,CCC(=NC(=N)c1ccccn1)c1cc(F)ccc1F
CDK_Depict_40_15,CCS(CSOC1=CC(=C(C=C1)C)C)(NC2=CC(=C(C=C2)F)F)O,CCS(O)(CSOc1ccc(Cl)c(Cl)c1)Nc1ccc(F)c(F)c1
CDK_Depict_40_16,C=CC12C=CC1(O2)C=C,C=CC1(C)C=CC1(O)C=C
CDK_Depict_40_17,C1=CC=C(C=C1)N=N/C(=C/C(C(F)(F)F)(F)F)/F,CC(C)(C)C(C)(C)C(C)(C)C(C)(C)C
CDK_Depict_40_18,C1CS(CC1CC(=O)CBr)(O)O,ONS1([Mo])CCC(CC(=O)CO)C1
CDK_Depict_40_19,C(#N)ONS,[*H2+][NH2+]OC#N
CDK_Depict_40_20,C1=CC=C(C=C1)C2C=CC(C=C2)(P(=O)(O)O)P(=O)(O)O,O=P(O)(O)c1(P(=O)(O)O)ccc(-c2ccccc2)cc1
CDK_Depict_40_21,CS1(=NC(=O)NC(=C1)C(=O)O)=O,C[SH]1(=O)C=C(C(=O)O)[nH]C(=O)n1
CDK_Depict_40_23,C1=C(N=C2N1C=NN=C2)O,[NH]Oc1cn2c[nH]ncc2n1
CDK_Depict_40_24,[B]C(C)(C)C(=O)NC1CC(=NO1)C2(CCCC2)COC3CCCCO3,CC(C)(C)C(=O)NC1CC(C2(COC3CCCCC3)CCCC2)=NO1
CDK_Depict_40_25,C1=COC(O1)C2=C(C=NN2)C#N,N#Cc1cnnc1C1OC=CO1
CDK_Depict_40_26,CCC/C(=C(/C#N)\NC(C)(C)C)/OC,CCC/C(OC)=C(/C#N)NC(C)(C)C
CDK_Depict_40_27,CS(C)(C)(C1=CC=CC=C1)(C2=CC=CC=C2)C3=CC=CC=C3P=O,*Pc1ccccc1[Si](C)(C)(c1ccccc1)(c1ccccc1)c1ccccc1
CDK_Depict_40_28,CSC1=C(NN=C1)Br,CSc1cN[NH2]c1[O-]
CDK_Depict_40_29,[C-]#[N+]CC1CSCC1C[N+]#[C-],[C-]#[N+]CC1CSCC1C[N+]#[C-]C
CDK_Depict_40_30,CN/C(=C(\NC)/[N+](=O)[O-])/C1CCCO1,CN/C(=C(/C1CCCO1)N(C)N)[N+](=O)[O-]
CDK_Depict_40_31,CCNC(=O)C(=O)N(NCC)O,CCNC(=O)C(=O)N(O)NCC
CDK_Depict_40_32,CC1=C(C=CC=C1Cl)CI2CC2,C1CC1.CCCc1cccc(C[U])c1C
CDK_Depict_40_33,C1=NNN=C1CSOOO,*OOSCc1c[nH][nH]1
CDK_Depict_40_34,C[N+](C)(C)C(C=CCBr)Br,*CC=CC(Br)[N+](C)(C)C
CDK_Depict_40_35,C1(=NNN=C1P(=O)(C2=NNN=C2C(=O)O)C3=NNN=C3C(=O)O)C(=O)O,CC(=O)c1[nH][nH][nH]c1OC1n[nH]nc1C(=O)O
CDK_Depict_40_36,CC[Al](CC)C1(CCCCO1)[Si](CC)(CC)CC,CC[Al](CC)C1([Si](CC)(CC)CC)CCCCO1
CDK_Depict_40_37,C1C=NC2=C(C1=O)C(=CN(N2)Cl)Cl,*N1cc(Cl)c2c(n1)ncCC2=O
CDK_Depict_40_38,C[Al]1SCC(S1)C2=CC=CC=C2,CC1(=O)sC(C)(C)(=O)SC1c1ccccc1
CDK_Depict_40_39,CCO/C(=C(/NS(=O)(=O)C)\OCC)/C,CCO/C(C)=C(/NS(C)(=O)=O)OCC
CDK_Depict_40_40,CPC(CCCC(=O)O)(CC(=O)O)PC,CNC(CCCC(C)=O)(CC(C)=O)PC
CDK_Depict_40_41,CCCCCOC1=CC=C(C=C1)C=CC2=NC(=CN(N2)C(Cl)(Cl)Cl)C(Cl)(Cl)Cl,CCCCCCc1ccc(C=CC2=CNC(C(C)(C)C)=CN(C(C)(C)C)N2)cc1
CDK_Depict_40_42,CC[C@]1(C(=C(CSCC1=O)C)C)O,*[C@]1(CC)C(=O)CSCC(C)=C1C
CDK_Depict_40_43,CP(=O)(C([18F])(P(=O)(O)O)Br)O,CP(=O)(O)C(F)(Br)P(=O)(O)[OH4+]
CDK_Depict_40_44,CC(C)O[P+](C(C)(C)C)(O)[S-],CC(O[SH]([O-4])([SH])C)CCCCCCCCCCCCCCCCCCCCCCCCCCCCCCCCCCCCCCCCCCCCCCCCCCCCCCCCCCCCCCCCCCCCCCCCCCCCCCCCCCCCCCCCCCCCCCCCCCCCCCCCCCCCCCCCCCCCCCCCCCCCCCCC)CCCCCCCC)CCCCCCCCCCCCCCCCCCCCCCCCCCCCCCCCCCCCCCCCCCCCCCCCCCCCCCCCCCCCC
CDK_Depict_40_45,CCOC(=O)C(C(=O)C#CC1=CC=CC=C1)[N+](=O)[O-],CCOC(=O)C(C(=O)C#Cc1ccccc1)[N+](=O)[O-]
CDK_Depict_40_46,CC1(C(=C(NN1)OC2=CC=CC=C2)N)N,[He]N(C1=C([NH](C)C)C(C)([NH](C)C)NN1)c1ccccc1
CDK_Depict_40_47,CC(C)(C)CC1=NC2=NNN=C2N=C1,CC(C)(C)Cc1c=nc2n[nH]nc2n1
CDK_Depict_40_49,[2H]C([2H])([2H])C([2H])(C1=CN=C(N=C1)Br)C([2H])([2H])[2H],CC(C(C1ccc([2c])nc1)C(C)(C)C)C(C)(C)C
CDK_Depict_40_50,CC1=NC(=NC=C1C(=O)Cl)Br,CC(=O)C1cnc(Br)nc1C
CDK_Depict_40_51,CN=C(N)NCC(CCCCI)(C(=O)O)N,CNC(=O)C(N)(CCCI)C[NH2+]([NH2+])C(=NC)[NH](C)C
CDK_Depict_40_52,CC1=NC(=NN1O)C(=S)N,*N1nc(C(=S)[N+]([CH2-])=S)N=c1C
CDK_Depict_40_53,[2H]C([2H])([2H])C([2H])(C)C(C)(C([2H])(C)C([2H])([2H])[2H])F,[2H]C([2H])([2H])C([2H])(C)CC([2H])(C)C([2H])([2H])C([2H])([2H])[2H]
CDK_Depict_40_54,CCSC1=NC(=C(C)C)CS1=O,CCS/C(C)=*/C(CC)=C(C)C
CDK_Depict_40_55,B1=CC=C2CCN(C2=C1)C(C)C,CC(C)N1CCc2ccocc21
CDK_Depict_40_56,CC1=CC(=CC(=C1)S(=C)N(C)SC)CN2CCN(CC2)C(=N)N,C=S(c1cC(C)cc(CN2CCN(C(=N)N[Na])CC2)c1)N(C)SC
CDK_Depict_40_57,CCOC(=O)C1(CCNOC1)N,C*C1(C(=O)OCC)CC[nH]sC1
CDK_Depict_40_58,C1C(C(=O)C1Cl)C=C(Cl)Cl,C/C([Cd])=C\C1CC([Cf])C1=O
CDK_Depict_40_59,CC12CP(CC1O2)OC,COP1CC2OC2(C)C1
CDK_Depict_40_60,C/C(=C\C(=C)Br)/O/C(=C\C(=O)F)/C,CC(C)=CC(=O)F
CDK_Depict_40_61,CC1C(=C(N=N1)C#N)C(=O)C,CC(=O)c1c(C#N)n[nH]c1C
CDK_Depict_40_62,CC(=[S]CC1=CC=CO1)[O-],COC(C)=S
CDK_Depict_40_63,CCC1=COC(=C1)C/C=C\C(=NCC=CC2=CC=CC=C2)C=COC,CCC1=COC(CC=CC(C=COC)=NCC=Cc2ccccc2)C1
CDK_Depict_40_64,CC(C)(C=C)[SiH]1OO1,C=CC(C)(C)[Si]1(=C)OO1
CDK_Depict_40_65,CCN(CC)CCC(=C)C(=O)Br,C=C(CCN(CC)CC)C(C)=O
CDK_Depict_40_66,CC[Si](CC)(CC)OC(=O)C(C)(COS(=O)(=O)C)C(=O)C,CC[Si](CC)(CC)OC(=O)C(C)(COS(C)(=O)=O)C(C)=O
CDK_Depict_40_67,C/C=C(\C=C(/C)\S(=O)(=O)Cl)/C(=O)O,cS(=O)(=O)/C(C)=C\C(=C/C)C(=O)[Gd]
CDK_Depict_40_68,CC(COC)OC(=O)CCCSC1CCC(C(C1)[N+]#[C-])[N+]#[C-],[C-]#[N+]C1CC(SCCCC(=O)OC(C)COC)CCC1[N+]#C
CDK_Depict_40_69,CC1NC(=CC=N1)C2CC2=C,C=C1CC1c1ccnc(C)[nH]1
CDK_Depict_40_70,C(O)P(=O)(CO)C(C(F)(F)F)(C(F)(F)F)O,[2H]CP(=O)(C[2H])C(O)(C(F)(F)F)C(F)(F)F
CDK_Depict_40_71,CS/N=C/1\C(=C)C=CC=C1S(=O)[O-],C=C1Cccc([SH](=O)=O)/C1=N/SC
CDK_Depict_40_72,CC(C#CCCl)(OC(=O)C1=CC=CC=C1)[Si](C)(C)C,CC[Si](C)(C)C(C)(C#CCCl)OCC(=O)c1ccccc1
CDK_Depict_40_74,C=CN=C(C(F)(F)F)N=CC(C/C(=C(\N=C)/Br)/F)N,*C(C=NNC(=NC=C)C(F)(F)F)C/C(=C(/[Sc])N=C)C(C)C
CDK_Depict_40_75,C1C(=O)N=NN2N1C=CC=C2,O=C1CN2ccccN2N=N1
CDK_Depict_40_76,[2H]C([2H])([2H])S[O],[2H]C([2H])([2H])SO
CDK_Depict_40_77,B(OSC1=CC=CC=C1)(OSC2=CC=CC=C2)OSC3=CC=CC=C3,C1=CCc(SO[sH]2(OSc3ccccc3)OSc3ccccc3)cc1
CDK_Depict_40_78,C[Si](C(C(C(F)(F)F)(F)F)(F)F)(F)F,FC(F)(F)C(F)(F)C(F)(F)[Si](F)(F)F
CDK_Depict_40_79,CCP(=O)(CC)CCC(C#CC)C(=O)O,C#CC(CCP(=O)(CC)CC)C(C)=O
CDK_Depict_40_80,CN(CC(F)F)/C(=N\NC=O)/CO,CN(CC(F)F)/C(C[No])=N\NC=O
CDK_Depict_40_81,C1C(CC12CNC2C(=O)C(F)(F)F)C=O,CC(F)(F)C(=O)C1NCC12CC(C=O)C2
CDK_Depict_40_82,C1=CC=C2C(=C1)C=CC3=C(C2=O)C=C(C=C3)P(=O)(O)O,O=C1c2cc(P(=O)(O)O)ccc2C=cc2ccccc21
CDK_Depict_40_83,CC(C(C)(C)I)S(=O)(=O)C,CC(C)C(C)S(C)(=O)=O
CDK_Depict_40_84,CC(=NC(=C(C(=C)C)SC=C)Cl)C,C=CSC(C(=C)C)=C(Cl)N=C(C)C
CDK_Depict_40_85,CCCCOC1=CC(=C(C=C1)Br)N(C2=NC=CC=N2)Cl,CCCCOc1ccc(F)c(N(Cl)c2ncccn2)c1
CDK_Depict_40_86,C[N+]1(CCCC1)/C=C/CC[N+]2(CCCC2)/C=C/CCC[N+]3(CCCC3)C#C,C#C[N+]1(CCC/C=C/[N+]2(CC/C=C/[N+]3(C)CCCC3)CCCC2)CCCC1
CDK_Depict_40_87,C/C(=C\1/C=CN=C1N=CN)/N(C)C,CNC=CNc1[nH]cc/C1=C(\C)N(C)C
CDK_Depict_40_88,CC1(C(=C1[SiH3])[SiH3])C,*C1=C(*)C1(C)C
CDK_Depict_40_89,C[Si](C)(C)OON=CC=C,C=CC=NOO[Si](C)(C)C
CDK_Depict_40_90,CC(=O)NCC1(SS1)S,O=C[NH2+]CC1(S)SS1
CDK_Depict_40_91,C1=CC=C(C(=C1)NC2=C(OC=C2)N)Cl,*c1c([NH2+]c2ccccc2[Cu])ccO1
CDK_Depict_40_92,CC1=CC=C(C=C1)N/N=N/C2=NCCCCN2,Clc1ccc(N=C=Nc2nCCCCN2)cc1
CDK_Depict_40_93,B(/C=C(/C(CCCCC)O[Si](C)(C)C)\[Sn](C)(C)C)(OCC)OCC,CCCCCC(O[Si](C)(C)C)/C(=C/[Si](OCC)(OCC)OCC)[Sn](C)(C)C
CDK_Depict_40_94,C1=CC(=CC=C1NN2C=CN(C=C2)CC3=CC=NC=C3)Cl,Clc1ccc(Nn2cc[nH+](Cc3cc[nH+]cc3)cc2)cc1
CDK_Depict_40_95,CC(=O)O/C(=C\SC1=CC=C(C=C1)Br)/C(CC=C)C2=CC=CC=C2,C=CCC(/C(=C/Sc1ccc(C(=O)[O-])cc1)OC(C)=O)C1ccccc1
CDK_Depict_40_96,CC1=CC(=C(C=C1)N([Si](C)(C)CC2=CC=CC=C2)[Si](C)(C)CC3=CC=CC=C3)Br,CN([Si](C)(C)Cc1ccccc1)[Si](C)(Cc1ccccc1)C[Si](C)(C)Cc1ccccc1
CDK_Depict_40_97,CO[P+](NC1=CC=CC=C1)(N(CCCl)CCCl)[O-],OC[nH](CO)(N(CCCl)CCCl)[nH](c1ccccc1)c1ccccc1
CDK_Depict_40_98,C1=CC=C(C=C1)CONC(=O)C2=CC=C(O2)C#N,C#Nc1ccc(C(=O)NCCc2cccc2)o1
CDK_Depict_40_99,C1=CC=C(C=C1)C(C2=CC=CC=C2)(NC(=O)NS(=O)(=O)C(F)(F)F)NC(=O)NS(=O)(=O)C(F)(F)F,O=C(NC(NC(=O)NS(=O)(=O)C(F)(F)F)(c1ccccc1)C1ccccc1)NS(=O)(=O)C(F)(F)F
CDK_Depict_40_100,CC(C)C1C(O1)(C=C)C(F)(F)F,C=CC1(C(F)(F)F)OC1C(C)C
CDK_Depict_40_101,C1=N[Sn+2]N=C1,*1C=N[Sn+2]1
CDK_Depict_40_102,CCO[P+]1(OC(O1)C)C(C)S,CCO[P+]12(C(C)S)OC(C)O1
CDK_Depict_40_103,CCCN(C)C/N=C\NC(CC)/C=C(\C)/O/N=C/C,C/C=N/CCC(C)C=C(CC)N/C=N\CN(C)CCC
CDK_Depict_40_105,CC(=O)C1=CC(=C(C=C1)SSC2=C(C=C(C=C2)C(=O)C)S(=O)O)S(=O)O,CC(=O)c1ccc(SSc2ccc(C(C)C)cc2S(=O)O)c(S(=O)O)c1
CDK_Depict_40_106,B(C)(N1CCN(C(C1)CC(=O)O)F)O,C[2H](O)N1CCN(F)C(CC(=O)O)C1
CDK_Depict_40_107,C1COC(=C1)S(=O)(=O)C2=NNC(=O)C=C2,O=C1ccc(S(=O)(=O)c2cCCO2)nn1
CDK_Depict_40_108,CC(=C)C(=O)OOOCCCN1CCOCC1,C=C(C)C(=O)OCCCN1CCOCCCN2CCOCC2
CDK_Depict_40_109,C1=C(C(=O)ONOC1=O)O,O=C1c[nH]cc(=O)c(O)C1
CDK_Depict_40_110,COS(=O)C1=CC/C(=C(\C(=C/C=C)\N)/N)/C(=C1)O,*C(=C1CCc(S(=O)OC)cc1O)/C(N)=C\C=C
CDK_Depict_41_1,C=CC(NCCS)(Cl)Cl,C=CC(C)(C#N)NCCS
CDK_Depict_41_2,C(=CCl)N=N,C=CN=[W]
CDK_Depict_41_3,CC(C)S[SiH](SC(C)C)SC(C)C,CCS[S+](SC)SC(C)C
CDK_Depict_41_4,CC1=C(C=C(C=C1)Cl)N(C2=C(C=CC(=C2)Cl)C)NC(=O)N=N,Cc1ccc(Cl)cC1N(NC(=O)N=N)c1cc(C)ccc1C
CDK_Depict_41_5,CC(C)C(C(=O)C)SSOC(=O)O,CC(=O)C(SSOC(=O)O)C(C)C
CDK_Depict_41_6,CC(C)O[Si](C)(C)/C=C/C[Si](C)(C)C,CO[Si](C)(C)/C=C/C[Si](C)(C)C
CDK_Depict_41_7,C1CCN(CC1)C2C=C(N(C(=N)C2=N)O)N,N=C1C(=N)N(O)C(N)=CC1[NH+]1CCCCC1
CDK_Depict_41_8,CC(=O)C1C(SC2(C(N2I)(S1)C)C)C(=O)I,*N1C2(C)SC(C(C)=O)C(C(C)=O)SC12C
CDK_Depict_41_9,COC1=CN=C([N+](=C1)OC)NC(=O)CSC2=CC=CC=N2,COC1=C[NH+]=C(NC(=O)CSc2ccccn2)[N+](OC)=C1
CDK_Depict_41_10,C[Si](C)(C)/C(=C(/CNC1=CC=C(C=C1)Cl)\Cl)/SC,C#C/C(CNc1ccc(C#C)cc1)=C(/SC)[Si](C)(C)C
CDK_Depict_41_11,CN=CN(C1=NC(=CN=C1N)Br)N=C,C=[N+]N(C=N)C1=Nc(Br)cnC1[NH2+]C
CDK_Depict_41_12,B(C1=CC=CC=C1)(C2=CC=CC=C2)N=C(C3=CC=C(C=C3)C)C4=CC=C(C=C4)C,CC(OC1ccccc1)=C(c1ccc(C)cc1)c1ccc(C)cc1
CDK_Depict_41_13,C1=CC2=CN=C3C=CC=CC3=C4C(=C2C=C1)O4,C1C=Cc2c(c[n]c3c(COc2c2cc1)cccc3)C=1
CDK_Depict_41_14,C1=CC=C2C(=C1)C(=O)N=S2Cl,C#C[SH](C)c1ccccc1C(N)=O
CDK_Depict_41_15,C#CC1=C(C(=CC=C1)N(C(=O)NN)N)CS,C#Cc1cccc(N(C)C(=O)NN)c1CS
CDK_Depict_41_16,CC(C)N(C(C)C)P(=O)(OC)OP(N)OP(=O)(N(C(C)C)C(C)C)OC,CCC(C)N(C(C)C)P(=O)(OC)OP(C)OPN(C(C)C)C(C)C
CDK_Depict_41_17,C[N+]1(C[Si-]2([N+](N=CO2)(C)C)(OC=N1)C)C,C[N+]1(C)C[Si-2]2(C)(COCN1)COCN[N+]2(C)C
CDK_Depict_41_19,CC(CC(=NNO)C(=O)O)CN=C(N)N,C[NH2+]C(N)=NCC(C)CC(=NNO)C(=O)[OH2+]
CDK_Depict_41_20,C1CC(C2(CNC(N(C2)O)C(=O)N)C(C1)S)S,NC(=O)C1NCC2(CN1O)C(S)CCCC2S
CDK_Depict_41_21,CC(=O)ON(CC1CCCCC1)C(=N)NC(=O)OCCOC(=O)CCC2=CC=CC=C2,CC(=O)ON(CC1CCCCC1)C(=O)NCOCCOC(=O)CCc1ccccc1
CDK_Depict_41_23,COC1=CC(=NC=C1)CCC2=NC3=C(N2)C=ICN3,COc1cc[nH]c(CCC2CNc3c(c[nH]CN3)N2)c1
CDK_Depict_41_24,C1=C(NC=N1)NC(=O)NC2=NNN=N2,O=C(Nc1cnc[nH]1)Nc1n[nH]n[nH]1
CDK_Depict_41_25,C(CC(=O)O)C(=C=S)[C@@H](C(=O)O)N,*[C@](C)(C(=O)O)C(=C=S)CCC(=O)O
CDK_Depict_41_26,CC(N)NCC(C)(C1=CC=CC=C1)[Si](OC)(OC)OC,CO[Si](OC)(OC)C(C)(C[NH2+]C(C)[NH2+])c1ccccc1
CDK_Depict_41_29,C(C(C(=O)[Si]O[Si])F)F,O=C([Si]O[SiH3])C(F)CF
CDK_Depict_41_30,CSC1=NC(=NC(=C1Cl)C(=O)O)[Sn](C)(C)C,CSc1nc([Sn](C)(C)C)nc(C(=O)C#N)c1Cl
CDK_Depict_41_31,CC[C@@H](CCCCNC(=O)CSCC(CO)O)C(=O)C[C@@H](CCCCNC(=O)CSC(=C)SCCCN(C)OC)C(=O)C,CC([C@H](CC([C@H]1CCCCNC(CSCC(O)C[(H)])=O)=O)CCCC[NH2+]C(CSC(SCCCN(COC)C)=C)=O)=O
CDK_Depict_41_32,C1=CC=C(C=C1)CN(N=O)S(=O)(=O)C(F)(F)F,O=NN(Cc1ccccc1)S(=O)(=O)C(F)(F)F
CDK_Depict_41_33,CC1CN(CCN1C(=O)C)CCSC2=C(C(=NC=C2)CCl)C,CC(=O)N1CCN(CCSc2ccnc(CCCl)c2C)CC1C
CDK_Depict_41_34,CN(C)C(C#CC1=CCCCC1)(N(C)C)N(C)C,CN(C)C(C)(C#CC1CCCCC1)N(C)C
CDK_Depict_41_35,C1=COPOC(=C1)O,OC1=OPOC=C=C1
CDK_Depict_41_36,C(=O)(O)S(=S)O,O=C(O)S(O)=S
CDK_Depict_41_37,C1=CC=C(C=C1)C2=NN(N=N2)S(=O)(=O)C(F)(F)F,CN1N=NC(c2ccccc2)=N1
CDK_Depict_41_38,CN(C)CC1=CC=C(C=C1)C=C2CCN=C(C2)C=S,CN(C)Cc1ccc(C=C2CC(C=S)NCS2)cc1
CDK_Depict_41_39,C1CC2=C(CNC1CC3=CC=CC=C3)C=CO2,C1=COC2(C1)CCNC(Cc1ccCcc1)CC2
CDK_Depict_41_40,CC(C)[Si](C(C)C)(C(C)C)/C(=C/SC(F)(F)F)/OS(=O)(=O)C(F)(F)F,CC(C)[Si](/C(=C/SC(F)(F)F)OS(=O)(=O)C(F)(F)F)(C(C)C)C(C)C
CDK_Depict_41_41,CCC1(OC(=C(O1)F)O)C,CCC1(C)OC(O)=C(F)O1
CDK_Depict_41_42,CC(CC(=C[P+](=O)OCC1=CC=CC=C1)C2=CC=CC=C2)C(=O)O,CC(=O)O.CCc1ccccc1
CDK_Depict_41_43,CC(=CN(C1=NC=C(C=N1)OC2=CC=CC=C2)S(=O)(=O)OC3=CC=CC=C3)C,CC(C)=CN(C1=NC=c(OC2=CC=CC=C2)cn1)S(=O)(=O)Oc1ccccc1
CDK_Depict_41_44,[B-](CCCC)(CCCC)(CCCC)CS(=O)C,CCCC[S+](CCCC)(CCCC)CS(C)=O
CDK_Depict_41_45,CNCCCN1C(=C)CSC=C1COCC2=CC=C(C=C2)Cl,C=C1CSC=C(COCc2ccc(Cl)cc2)N1CCC[NH+]C
CDK_Depict_41_46,CC=S(=O)(C1=NC2=C(C=CC=N2)SN1)N,*[SH](=O)(CC)C1NSc2ccc[n+]c2N1
CDK_Depict_41_47,C=C(CN(CC(=C)Br)N)Br,*N(CC(=C)[18c])CC(=C)Br
CDK_Depict_41_48,CN(C=O)C1=CC(=CC=C1)[Si](C)(C)C[Si](C)(C)O[Si](C)(C=C)O[Si](C)(C)C,C=C[Si](C)(O[Si](C)(C)C)O[Si](C)(C)C[Si](C)(C)c1cccc(N(C)C=O)c1
CDK_Depict_41_49,C1C=C(C=CC1O/C(=C(/O)\F)/F)Cl,OC(F)=C(F)OC1ccc(Cl)cC1
CDK_Depict_41_50,CC(CO)C(C(CO)O)OOOC1=CC=CC=C1CO,CC(CCCO)C(OOOc1ccccc1CO)C(O)CO
CDK_Depict_41_51,C([C@H]([C@H]1[C@@H]([C@H](/C(=C(/F)\P(=O)(O)O)/O1)O)O)O)O,O=P(O)(O)C(F)C(O)[C@@H](O)[C@@H](O)[C@H](O)[C@@H](O)CO
CDK_Depict_41_52,CC(CN1CCCC1)C(C=O)OC(=O)N,*C(=O)OC(C=O)C(C)CN1CCCC1
CDK_Depict_41_53,C/C(=C(\C)/[Sb]C1=CC=CC1)/C(=[Sb])C,CC(=O)/C(C)=C(\C)[Sg]c1cccc1
CDK_Depict_41_54,C1=CC(=CC=C1C2=C(N=CN=C2N)C#CC3=CN=CN=C3)Cl,CN1cn=c(N)c(CC2ccc(Cl)cc2)c1C#Cc1c=ncnc1
CDK_Depict_41_55,CC12C(O1)C3=CC=CI=C23,CC12OC1c1ccc[3H]c12
CDK_Depict_41_56,CCSN/C(=C(\NC1=C(C=C(C=C1)C)Cl)/N(C)C=O)/C=C(C)C,CCSC/C(C=C(C)C)=C(/N)N(C)C=O.Cc1ccc(Cl)cc1Cl
CDK_Depict_41_57,C1=CC=C2C(=C1)C(=CC=C2S(=O)(=O)Br)S(=O)(=O)Br,O=S(=O)(Br)c1ccc(S(=O)(=O)Br)c2ccccc12
CDK_Depict_41_58,CC(=O)CC(=O)C(=O)O[Sb](OC(=O)C(=O)CC(=O)C)OC(=O)C(=O)CC(=O)C,CC(=O)CC(=O)C(=O)O[SbH](OC(=O)C(=O)CC(C)=O)OC(=O)C(=O)CC(C)=O
CDK_Depict_41_59,C1=COC(=C1)OP(=O)(C(=O)OC(F)(F)F)O,CC(=O)P(O)(=S)Oc1oC=CC1
CDK_Depict_41_60,CC(=C)C(C1CCNCC1)F,C=C(C)C(F)C1CCNCC1
CDK_Depict_41_61,C(=O)(C(C(N)(N)N)(N)N)ON,NC([NH3+])([NH3+])C(N)([NH3+])C(=O)O[NH3+]
CDK_Depict_41_62,CC(C)C(CS(=O)(=O)P)(F)F,CC(C)C(F)(F)CS(C)(=O)=O
CDK_Depict_41_63,CC(C)(C)C1C=CN(O1)N,C[NH12+][nH]1ccC(C)o1
CDK_Depict_41_64,C1C2=CN=CC3=CSC(=C23)CN1,c1c2cncc3c2c(CNC3)S1
CDK_Depict_41_65,CCC(=O)OC1=C(CCO1)[P+](CC2=CC=CC=C2)(O)O,CCC(=O)Oc1c([I+](O)(O)CC2=CC=CC=C2)CCO1
CDK_Depict_41_66,C=CC(=C(C=CC=[O+]ON)C(=O)NCNOCC1=C(C=C(C=C1)O)COO)C(=O)O,*OCc1cc(O)ccc1CONCNC(=O)/C(CC[N+]=[O+]O[W])=C(/N=C)C(=O)O
CDK_Depict_41_67,CCOC(=O)C1=CNS(=NC1=O)C,CCOC(=O)C1=C[NH2+]S(C)=NC1=O
CDK_Depict_41_68,COOCC(=O)OC=C,C=COC(=O)COOC
CDK_Depict_41_69,CP(C)(C#CC1=CC=CC=C1)(C2=CC=CC=C2)Br,C[PH](C)(C#Cc1ccccc1)C1C=CC=Cc1
CDK_Depict_41_70,COC(=CC(=CC(=O)OC)[O-])[O-],COCC(=O)C=C(O)C=C(O)OC
CDK_Depict_41_71,CC(C)(C(=O)S)OCC(F)(F)F,CC(C)(OCC(F)(F)F)C(=O)S
CDK_Depict_41_72,CC(=O)N(C(C1=CC=CC=C1Cl)O[Si](C)(C)C)[Si](C)(C)C,C#Cc1ccccc1C(O[Si](C)(C)C)N(C(C)C)[Si](C)(C)C
CDK_Depict_41_73,CC1=CC(=NN1)N/N=C(/C#N)\C(=O)N,*C(=O)C(C#N)N[NH2+]c1cc(I)NN=1
CDK_Depict_41_74,B(C1=NN=CC1)(O)O,OB(O)c1CcN=N1
CDK_Depict_41_75,C1=CC=C(C=C1)[P+](C2=CC=CC=C2)(C3=CC=CC=C3)OC(=NC4=CC=CC5=CC=CC=C54)C(F)(F)F,FC(F)(F)C(=NC1=CC=Cc2=CC=CC=C21)O[P+](C1=CC=CC=C1)(C1=CC=CC=C1)C1=CC=CC=C1
CDK_Depict_41_76,CC1=NC(N=C1Br)(CO)[N+](=O)[O-],Cc1nC(CO)([N+](=O)O)N=c1S#N
CDK_Depict_41_77,C=CCC(CCC(O)PC(CCN)O)O,C=CCC(O)CCC(O)[PH2+]C(O)CCN
CDK_Depict_41_78,CNP(=S)(NC(=O)C(Cl)(Br)Br)OC1=CC=CC=C1,CNP(=S)(NC(=O)C([S-])(Br)[Cd])Oc1ccccc1
CDK_Depict_41_79,CC(C)NP(=S)(NC(=O)C1=CC=CC=C1C(=O)O)OC,COP(=S)(NC(=O)c1cC=CC=c1C(=O)O)NC(C)C
CDK_Depict_41_80,C[Se]C1=C(SC(=S)S1)CCC2CCCCO2,CSC1=C(CCC2CCCCO2)SC(=S)S1
CDK_Depict_41_81,CC(C)(C)[Si](C)(C)C1=C2C(=CC=C1)S[Te](S2)(Cl)Cl,C[Si](C)(C)c1c=CC=C2S[No](Cl)(Cl)Sc12
CDK_Depict_41_82,C1=CC=C2C(=C1)C=C([N+](=O)O2)C(=O)CI,c1cc(/C=C\[N+](=O)Oc2cc1)c(O)cc1
CDK_Depict_41_83,COCC#C/C=C(/COCOC)\Br,COCC#C/C=C(\[Sr])COCOC
CDK_Depict_41_84,CC([C@@H]1CC1C(C)I)ON,*C(C)C1C[C@H]1C(C)ON
CDK_Depict_41_85,COCC(=O)C1=CCC(N=C1)Br,COCC(=O)c1cCc([O-])nc1
CDK_Depict_41_86,COC1C(=O)C(=CC2=CC=CO2)C=CO1,COC1CC(=Cc2ccco2)CcO1
CDK_Depict_41_88,C[Si](C)(C)C(=C(F)F)OC1CCCC=C1,CS(C)(C)C(OC1C=CCCC1)=C(F)F
CDK_Depict_41_89,CN(CC1=CC(=NN1)COC)OC2=CC=C(C=C2)CCNC[C@@H](C3=CC=C(C=C3)O)O,COCC1=N[NH+]C(CN(C)Oc2ccc(CC[NH2+]C[C@H](O)c3ccc(O)cc3)cc2)=C1
CDK_Depict_41_90,CC(C)C(C#C)N=C=S,C#CC(N=C=S)C(C)C
CDK_Depict_41_91,C[Si]1(C(C(O[Si]([Si]1(C)C)(C)C)O)O)C,C[Si]1(C)OC(O)C(O)[Si](C)(C)[Si]1(C)C
CDK_Depict_41_92,C[N+]1(C=CC(=N1)C(=O)N)C(=O)N,C[N+]1(C(N)=O)C=CC(C(N)=O)=N1
CDK_Depict_41_93,CCCC(C)(OCC1=CC=CC=C1)S[Si]CCCl,CCC[SiH2]SC(C)(CCC)OCc1ccccc1
CDK_Depict_41_94,B1=C(CCC(=O)N1CC2=CC=CC=C2)C3=CC=CC=C3,[2H]N(Cc1ccccc1)C(=O)CC
CDK_Depict_41_95,C1=NO1,C1=NO1
CDK_Depict_41_96,C(#N)NSN=[N+]=[N-],N#C[NH2+]SN=[N+]=[N-]
CDK_Depict_41_97,C1CSCCN1C(=O)CN=C2CNC(=O)N2,O=C1NCC(=NCC(=O)N2CCSCC2)N1
CDK_Depict_41_98,C1CCC(CC1)CNC(=O)CN2CCCCC(C2=O)P(N)S(=O)CC3=CC=CC=C3,NN=NP(C1CCCCN(CC(=O)NCC2CCCCC2)C1=O)S(=O)Cc1ccccc1
CDK_Depict_41_99,CC(=O)C(=[Se](C=C)C1=CC=CC=C1)C(=O)C,C=C[Se](=C=C(C(C)=O)C(C)=O)c1ccccc1
CDK_Depict_41_100,C1=NC(=O)N(N=N1)CCCl,*CCN1nnC=NC1=O
CDK_Depict_42_1,C1=CC=C(C=C1)C(C(P(=O)(O)O)Br)Br,*CP(=O)(O)[Ho]
CDK_Depict_42_2,CC1=C(OC=C1C(C)C)F,Cc1coc1C
CDK_Depict_42_3,C1C2CC1(C2)NF,C1C2CC1[NH][E]
CDK_Depict_42_4,CN1C2=C(C=C3C1=N[Se][Se]3)[Se][Se][N]2,CN1c2c(cc3c1=N[Se][Se]3)[Se][Se]N2
CDK_Depict_42_5,CC(/N=N\NC1=C(C=CC(=C1)F)N(C)C=N)OC,COC(C)/N=N\Nc1cc(F)ccc1NC=N
CDK_Depict_42_6,CCOC[C@@]1(C(=CCN1C)C(C)C)I,CCOC[C@]1(I)C(C(C)C)=CCN1C
CDK_Depict_42_7,B1(C(=C(B(S1)SC)CC)CC)SC,CCc1c(CC)o(SC)so1SC
CDK_Depict_42_8,[2H]C([2H])C([2H])([2H])C([2H])([2H])C(=C([2H])[2H])C(=O)O,[2H]C([2H])C(C(=O)O)C([2H])([2H])C(C)(C)C([2H])[2H]
CDK_Depict_42_10,C(C(CBr)OCC(CCl)(F)F)O,OCC(CBr)OCC(F)(F)CCl
CDK_Depict_42_11,C[As]1O[As](O1)C,C[As]1O[As](C)O1
CDK_Depict_42_12,C1=CC(=O)OOC(=O)C=C(OC1=O)C(=O)O,O=C1C=CC(=O)O/C(C(=O)O)=C\C(=O)OO1
CDK_Depict_42_13,C/C=C\C(=N/C(=O)NO)\C(C)(C)C,C/C=C\C(=NC(=O)NO)C(C)(C)C
CDK_Depict_42_14,CC1=C(N(CCC1)C)/N=C(\NC=O)/N2CCN(CC2)C(C)C3=NC=CC=N3,CC1=C(/N=C(/CN2CCN(C(C)C3nccCN3)CC2)NC=O)N(C)CCC1
CDK_Depict_42_15,[B](C)C(C)(C)CC(C)(C)O,CC(C)(O)CC(C)(C)S
CDK_Depict_42_16,C1N=C(NO1)C(=O)Cl,O=C(Cl)c1nCON1
CDK_Depict_42_17,C1=NOC(=C1SC#N)N,N#CSc1c(N)onC1
CDK_Depict_42_18,CC(C)(C)C1(C=CC(S1(=O)=O)(C(C)(C)C)Br)Br,*C1(C(C)(C)C)C=CC(C)(C)S1(=O)=O
CDK_Depict_42_19,C1=CC(C=NC=C1)(CN)Br,NCC1(Br)C=CC=CN=C1
CDK_Depict_42_20,CC(=O)C(C(C(=O)O)(S)S)(N)N,CC(=O)C(N)(N)N
CDK_Depict_42_21,C(#N)C1=C(OC(=C1S)C#N)C#N,N#Cc1oc(C#N)c(C#N)c1S
CDK_Depict_42_22,C1=CC=C(C=C1)CN2C(=CC=C2NCC(CO)O)N,OCC(O)CNc1=CC=C([MnH])N1Cc1ccccc1
CDK_Depict_42_23,CS1(=NC(=O)N2C=NN=C2C1)=O,CS1(=O)=NC(=O)N2C=CnnC2C1
CDK_Depict_42_24,C1=CC(=CC=C1N)S(=O)(=O)NC2NN=C(S2)S(=O)(=O)N,*S(=O)(=O)C(=NNC(S)NCS(C)(=O)=O)S(*)(=O)=O
CDK_Depict_42_25,CCCSC1=NCC(S1)(CBr)Cl,*CC(Cl)(Cl)C/N=C(\C)S
CDK_Depict_42_26,CCOC(C)C[Si](C)(C)C=[N+]=[N-],CCOC(C)C[Si](C)(C)C=[N+]=[N-]
CDK_Depict_42_27,C/C=C(\C=C/1\CCCCC1=C)/C(=O)/C(=N/NC2=CC(=CC(=C2)Cl)Cl)/C#N,C=C1CCCC/C1=C\C(=C/C)C(=O)/C(C#N)=N/Nc1cc(Cl)cc(Cl)c1
CDK_Depict_42_28,CC1=C(C(=C(S1)C)SC(F)(Cl)Cl)SC(F)(F)F,CC(C)=C(SC(F)(F)F)C(SC(F)(Cl)Cl)C(C)C
CDK_Depict_42_29,CCCOC1(C(O1)C)[Si](C)(O[Si])[Si]O[Si](C)C,CCCOC1(C[Si](C)(O[SiH3])[SiH2]O[SiH3]C)sC1C
CDK_Depict_42_30,C1C[C@H]2[C@H]([C@@H]2Cl)OC1,[H][C@@]12CCCO[C@]1([H])[C@@H]2Cl
CDK_Depict_42_31,CC/C(=N/NC(=O)N)/C=NCC(=O)N,CC/C(C=NCC(N)=O)=N/NC(N)=O
CDK_Depict_42_32,CC1C(=CC1(C)[C@H](C)OC[C@@H](C(=O)O)N)N,CC1C(N)=CC1(C)[C@H](C)OCC([NH4])(C(=O)O)C(=O)O
CDK_Depict_42_33,C1=CC2(C=CN=N2)C=C3C1=NN=C3,C1=CC2(C=Cc3n[nH]cc3c2)N=N1
CDK_Depict_42_34,CC(C)N=NF,CC(C)CN=C=N[12CH2]F
CDK_Depict_42_35,C/C=C\C=C(/C=C)\C(=N\CN1CCN(CC1)C(=O)OC(C)(C)N)\ON=C,C=C/C(=C/C=C\C)C(=NCN1CCN(C(=O)OC(C)(C)N)CC1)OCN=C
CDK_Depict_42_36,CC1(O[C@H]([C@@H](O1)C#C)CNN2COCCC2[Si](C)(C)C)C,C=C[C@@H]1OC(C)(C)O[C@H]1CNN1COCCC1[Si](C)(C)C
CDK_Depict_42_37,CC1=CC=C(C=C1)CS[P+](C(CC2=CC=CC=C2)N=[N+]=[N-])([O-])OCCOCC(=O)OC(C)(C)C,CC1ccc(CS[PH](C)(OCCOCC(OCC(C)(C)C)=O)CC(CC2ccc3c(C2)C=2)N=[N+]=[N-])=O)cc1
CDK_Depict_42_38,CC1=CC(=C(C=C1)[Si]NO[Si](C)(C)C(C)(C)C)C,Cc1ccc([SiH2]NO[Si](C)(C)C(C)(C)C)c(C)c1
CDK_Depict_42_39,C/C=C\N(C1CCCCC1)I(CC(=O)NC2=C(C=C(C=C2C)C)C)C=C,Cc1cc(C)c(NC(CI(C=C)N2C3CCCCC3)=O)c(C)c1
CDK_Depict_42_40,CC(C)(C)[P+]1=N[P+](=N[P+](=N1)C(C)(C)C)C(C)(C)C,CC(C)(C)C.C[P+]1=N[P+](C)=N[P+](C(C)(C)C)=N1
CDK_Depict_42_41,[2H]C([2H])([2H])C(C1=CC=C(C=C1)CC(C)(C(=O)O)C(=O)O)(C(=O)O)C(=O)O,[2H]C([2H])(P)C(C(=O)O)(C(=O)O)c1ccc(CC(C)(C(=O)O)C(=O)O)cc1
CDK_Depict_42_42,CC(C)C1=C(C=CC=N1)N2C=NN=N2,CC(C)c1ncccc1N1cnnn1
CDK_Depict_42_43,CCOP(=O)(C1=C(SC=C1)[N+](=O)[O-])OCC,CCOP(=O)(OCC)c1ccSc1[N+](=O)[O-]
CDK_Depict_42_44,CN1CCN2CCN(P3C1(C2)CN3C)C,C[NH+]1C23C[NH+](C)[p]2[nH+](C)CCN(C2)C1
CDK_Depict_42_45,C/C=C\C(=C/C=C)\OC(C)C(=O)N/N=C/C1=CC=CC=C1,C=CC=C(O)/C=C\C.CCC(N)=O
CDK_Depict_42_46,CC(C)C(/C=C\OCOC)O,*C(/C=C\C)C(C)C
CDK_Depict_42_47,CC(C)(C)P(C(C)(C)C)P1P(P(P1P(C(C)(C)C)C(C)(C)C)P(C(C)(C)C)C(C)(C)C)P(C(C)(C)C)C(C)(C)C,CCCCCCCCCCCCCCCCCCCCCCCCCCCCCCCCCCCCCCCCCCCCCCCCCCCCCCCCCCCCCCCCCCCCCCCCCCCCCCCCCCCCCCCCCCCCCCCCCCCCCCCCCCCCCCCCCCCCCCCCCCCCCCCCCCCCCCCCCCCCCCCCCCCCCCCCCCCCCCCC
CDK_Depict_42_48,C1CCC(=C(C1)NS(=O)(=O)C(F)(F)F)NS(=O)(=O)C(F)(F)F,O=S(=O)(NC1=C([NH2+]S(=O)(=O)C(F)(F)F)CCCC1)C(F)(F)F
CDK_Depict_42_49,C1CN(CCC1CCC(=O)C2=COC=CO2)CCCS(=O)(=O)N3CCOCC3,O=C(CCC1CCN(CCCS(=O)(=O)N2CCOCC2)CC1)C1=COC=CO1
CDK_Depict_42_50,CP(C)C1=C(C(=C(C1)P(C)C)P(C)C)P(C)C,CCP(C)c1cc(P(C)C)c(P(C)C)c1CP(C)C
CDK_Depict_42_51,CN(C)C1=NC=C(C=N1)CN2CCC(CC2)OC3=CC=CC=C3OC,COc1ccccc1COC1CCN(Cc2cnC(N(C)C)nc2)CC1
CDK_Depict_42_52,CC1=NNN=C1C2=CN=NC=C2Br,Cc1n[nH][nH]c1Cc1cN=Ncc1Br
CDK_Depict_42_53,C1=CSN(S1)SSN2SC=CS2,c1csN(SSN2SCCS2)S1
CDK_Depict_42_54,[2H]C#CC1=C(C(=C(C(=C1C#C[2H])O[2H])C)C)O[2H],[2H]C#Cc1c(C#C[2H])c(OC)c(C)c(C)c1OC
CDK_Depict_42_55,CC1=NCC(C(N1)C(O)O)O,*C(C)C1[NH2+]c(C)nCC1O
CDK_Depict_42_56,CCOC[Si]1(CCCN1[Si](C)(C)C)COCC,CCOC[Si]1(COCC)CCCN1[Si](C)(C)C
CDK_Depict_42_57,CC(=O)NC1NC(=CS1)C2=CC=CC=CC2,C1=C(c2cccccc2)[NH2+]CS1.CC=O
CDK_Depict_42_58,CCCCCCCCC=[N+]=NC(=CC)CCCC,CC=C(CCCC)N=[N+]=CCCCCCCCC
CDK_Depict_42_59,CCC(C#N)(C(C#N)(C#N)O)N(CCO)CCO,CCC(C#N)(N(CCO)CCO)C(O)(C#N)C#N
CDK_Depict_42_60,CCC1O[Bi](O1)OC(CC)O[Bi]2OC(O2)CC,CCC(O[Si]1OCCO1)O[Si]1OC(CC)O1
CDK_Depict_42_61,CCCC[Si](CCCC)(CCCC)C1=CC(=O)O[C@@H](C1)C(Cl)(Cl)Cl,CCCC[Si](CCC)(CCCC)c1c[C@@H](C(Cl)(Cl)[Cf])OC(=O)C=1
CDK_Depict_42_62,CCCC(C(=C(OC(F)(F)F)F)F)(OC(CCC)(C(=C(OC(F)(F)F)F)F)F)F,CCCC(OC(C(F)=C(C)OC(F)(F)F)C(F)=C(F)OC(F)(F)F)C(F)=C(F)OC(F)(F)F
CDK_Depict_42_63,CC(C)(C=C=O)OC(=O)NNOCC1=CC=CC=C1,CC(C)(C=C=O)OC(=O)NNOCc1ccccc1
CDK_Depict_42_64,CCOC(/C=C(/C(F)(F)F)\Br)OCC,CCOC(C=C([Sr])C(F)(F)F)OCC
CDK_Depict_42_65,CC1=CC=CN1N=NC(C)(C)C,CN=NN1cccc1C
CDK_Depict_42_66,C1=CC(=CC(=C1)NC(=C(C(=O)O)Cl)Cl)C(F)(F)F,CC(F)(F)c1cccc(NC(Cl)=C(Cl)C(=O)O)c1
CDK_Depict_42_67,CC(=O)OC/C(=C(/COC(=O)C)\Cl)/S(=O)CC[Si](C)(C)C,CC(=O)OC/C(Cl)=C(/COC(C)=O)S(=O)CC[Si](C)(C)C
CDK_Depict_42_68,C(=O)N(C(=O)O)N=C=O,O=C=NCN(C=O)C(=O)O
CDK_Depict_42_69,CN1CCN(CC1)C/C/2=C/C(CCC(=C=C2)Br)F,CN1CCN(Cc2ccc(OOO[Sr])ccc(F)c2)CC1
CDK_Depict_42_70,C1CCC(C1)ONCC(=O)NC(=O)N,*C(=O)NC(=O)C[NH2+]OC1CCCC1
CDK_Depict_42_71,C1[C@H]2[C@H]([C@@H]([C@@H]1Cl)[NH2+]C2(C(F)(F)F)C(F)(F)F)Br,[H][C@@]12[NH2+]C(C(F)(F)F)(C(F)(F)F)[C@]([H])(C[C@H]1Cl)[C@H]2Br
CDK_Depict_42_72,B1(N(B(N(N1C)C)Cl)C)C,CCN(C)N(C)C
CDK_Depict_42_73,CCC(CC)(/C(=N/O)/C)N,*N=C(C)C([Ni+4])(CC)CC
CDK_Depict_42_74,CNC1CC1NS,NC1CC1[NH2+]S
CDK_Depict_42_75,CCCCCCOP(=S)(N)NS(=O)(=O)CCCCCC,CCCCCS(=O)(=O)NP(N)(=S)OC
CDK_Depict_42_76,C1=NC(=C(N1)C#N)S,N#Cc1c(S)[nH]C[NH2+]1
CDK_Depict_42_77,C([SiH3])(SC(=S)N)SSC(=S)N,[NH4+]C(=S)SSC([SiH3])SC(=S)[Nh]
CDK_Depict_42_78,CC(=C1SCC(S1)CCl)C,Cc(C)c1SCCS1
CDK_Depict_42_79,CC[Si](OC)(OC)OCCS(=O)[O-],CC[Si](OC)(OC)OCCS(=O)[O-]
CDK_Depict_42_80,CCOC(=C(C(=O)CCC=C=C[C@@H]1COC(O1)(C)C)[N+]#N)O,CCOC(CO)=C([N+]#N)C(=O)CCC=C=C[C@@H]1COC(C)(C)O1
CDK_Depict_42_81,C(C1(C(=O)OC(=O)O1)F)C(F)(F)F,O=C1OC(=O)C(F)(CC(F)(F)F)O1
CDK_Depict_42_82,C#CCN(C(=O)CN)[O-],*CC(=O)N([O-])CC#C
CDK_Depict_42_83,C(CC(=S)N(CS)CS)C(=S)N(CS)CS,CCN(CS)C(=S)CCC(=S)N(CS)CS
CDK_Depict_42_84,CONCC(=N)/C=C\C=C,C=C/C=C\C(=[NH2+])CNOC
CDK_Depict_42_85,C(C(CO)(CO)C(N)S(=O)(=O)O)O,NC(C(CO)(CO)CO)S(=O)(=O)O
CDK_Depict_42_86,C1=CC=C(C=C1)COC=C2C(=O)NC(=O)N2,O=C1NC(=O)C(=COCc2ccccc2)N1
CDK_Depict_42_87,COC(C1=CC=CC=C1)(OC2=CC=CC=C2)OOC3=CC=CC=C3,COC(CO)(Oc1ccccc1)c1ccccc1.O
CDK_Depict_42_88,C1=CC=C(C=C1)C#CC2=NN=C(S2)C#CC3=CC=C(C=C3)C#CC4=NN=C(S4)C#CC5=CC=CC=C5,C(#Cc1ccccc1)c1nN=c(C#c2ccc(C#C3nnc(C#Cc4ccccc4)S3)cc2)S1
CDK_Depict_42_89,CCOC(=O)C(OS(=O)(=O)F)(F)F,CCOC(=O)C(F)(F)F
CDK_Depict_42_90,C[N+](C)(N=NC=C)N=NC=C,C=CN=N[N+](C)(C)[N+]=NC=C
CDK_Depict_42_91,CC(C)[N+]1=NOC(=C1)NP(=O)(Cl)Cl,CC(C)[n+]1cc(NP(=O)(Cl)Cl)on1
CDK_Depict_42_92,C#CC1CP(OC1C(F)(F)F)O,C#CC1Cp(O)oC1C(F)(F)F
CDK_Depict_42_93,CC(C)CC1=CN=C(C=C1)N2N=C(N2C)/N=C/N(C)C,CC(C)Cc1ccc(N2N=c(N=CN(C)C)N2C)[nH]c1
CDK_Depict_42_96,C/C(=C\OC)/CCC(=O)N,*C(=C)CC/C(C)=C/COCC
CDK_Depict_42_97,C1C(CN1)(C2=C(C=CS2)Cl)F,FC1(c2sccc2Cl)CNC1
CDK_Depict_42_98,CC(C)(C)S(=O)(=O)CCC1CSCC1Cl,*C1CSCC1CCS(C)(=O)=O
CDK_Depict_42_99,C[N+]1=C(C(CC(C1N)C(F)(F)F)Cl)OCC#C,C#CCSc1c(Cl)cc(C(F)(F)F)C([NH3+])[nH+]1C
CDK_Depict_42_100,C1CON=C1N(C(=O)O)SS(=O)(=O)C2=CC=CC=N2,O=C([Ho])N(SS(=O)(=O)c1ccccn1)C1=NOCC1
CDK_Depict_44_1,C1C2CC3CC1CC(C2)(C3)C(C4=CC=C[Se]4)(C56CC7CC(C5)CC(C7)C6)O,C1CCC1.CC1CCCC(C)C1.CCCCC
CDK_Depict_44_4,C(C(C(O)(I)I)(I)I)I,CC.CCC(C)C
CDK_Depict_44_5,CC(N(SC(F)(Cl)Cl)S(=O)(=O)O)Cl,*C(C)(C#N)SN(CC#C)S(=O)(=O)O
CDK_Depict_44_6,C[Si](C)(C)[Si]C1CCCCC1,[SiH2-][ScH2+]C1CCCCC1
CDK_Depict_44_7,C/C(=C/C(=O)C)/O[I-]I,CC(=O)/C=C(/C)O[IH]
CDK_Depict_44_8,CCC(C)/C(=C\N(C)C(C=C)C(C)C)/S,C/C=C(/S)C(C)CC.C=CC(C)C(C)C
CDK_Depict_44_9,CNC(/C(=C/C(=O)OC)/N)[OH2+],COC(=O)CC(N)C(C)O
CDK_Depict_44_10,CN(C(=O)Cl)C(C(=O)OC)(Br)Br,*C(*)(NC(=O)Cl)C(=O)OC
CDK_Depict_44_11,CNC(C=NC)C=O,CNC(C=N)C=O
CDK_Depict_44_14,CC(C)[C@@H](C(=O)N=S(=O)=O)N,CC[C@H](N)C(=O)Ns(=O)=O
CDK_Depict_44_15,C1[C@H](OC=C1Cl)[C@@H](C(=O)O)N,CC1COC(C(N)C(=O)O)C1
CDK_Depict_44_16,CCCCCC(OP(C1=CC=CC=C1)OC(CCCCC)[P+](=O)CCCOCCC)[P+](=O)CCCOCCC,CCCCCC(CC(OC(CCCCC)[P+](=O)CCCOCCCC)C1ccccc1)[P+](=O)CCCOCCC
CDK_Depict_44_17,CN1CN(S1(=O)=O)C,CN1CNS(C)(=O)=O
CDK_Depict_44_19,CCCC(=NCCNCCN)CP(=O)(CC(=NCCNCCN)CCC)CC(=NCCNCCN)CCC,*NCCNCCN=C(CCC)CCCC(=O)C(CCCC)CN(CCCC(CCC)=NCCNCCN*)CCC(CCC)=NCC[NH2+]CCN
CDK_Depict_44_20,CC1=CC(=C([N+](=C1)[O-])Cl)[N+](=O)[O-],CC.CC.CN(=O)c1cccn(=O)c1
CDK_Depict_44_21,CC=COC(=C)C1=CC=NO1,CCCCCC1CC=NO1
CDK_Depict_44_22,CCCCC(CCCN)/C=C(/C(=NCC)N(C)C)\SC=O,CCCCC(C)C=C(C)SC=O.N
CDK_Depict_44_23,[2H]C([2H])([2H])C(/C=C/C1=CC=C(C=C1)C)(C([2H])([2H])[2H])O[2H],CCC(C)(/C=C\C1CCCCC1)C(C)(C)C
CDK_Depict_44_24,C1CN(C=C1)P(=O)(SN)SN,CCN.CS
CDK_Depict_44_25,C(C/C=C/CC(F)(F)F)CNSI,CC.CCCC(C)C.CSC
CDK_Depict_44_26,C1CCN(CC1)CC(=C(C#N)C#N)N=S2CCCC2,C1CCCC1.N[SH]1CCCCC1
CDK_Depict_44_27,CC(=C)C(=O)OCCC1=C(C(=NNN1NC)Cl)Cl,CCC.CCC1CC(C)CN(C)N1
CDK_Depict_44_28,[2H]C([2H])([2H])C([2H])(C)C[C@H](CC)C(=O)NCCC(C)C,CC[C@H](CC(C)C(C)(C)C)C(=O)N(C)CCCC(C)C
CDK_Depict_44_30,B(C(C)C)(C(C)C)C(Cl)Cl,C.CC
CDK_Depict_44_31,C1NCNC(N1)C2SCSCS2,C.CC.CC
CDK_Depict_44_33,CC(/C=C(\C)/NC)OC(C)F,CNC(C)CC(C)OC(C)C
CDK_Depict_44_34,CP(C)(C)(SC)I,CC.CC
CDK_Depict_44_35,C1CC=C(C=C1)COCCCC2CC(=NO2)C(=O)N=O,CC1ccCCc1.CCCCC(CC)ONCC(=O)N=O
CDK_Depict_44_37,B(C1=CC=CC=C1COC2CC(CCO2)OC3=CC=C(C=C3)C#N)(O)O,CCCCCCCCCCCCCCCCCCCCCCCCCCCCCCCCCCCCCCCCCCCCCCCCCCCCCCCCCCCCCCCCCCCCCCCCCCCCCCCCCCCCCCCCCCCCCCCCCCCCCCCCCCCCCCCCCCCCCCCCCCCCCCCCCCCC)CCCCCCCCCCCCCCCCCCCCCCCCCCCCCCCCCCCCCCCCCCCCCCCCCCCCCCCCCCCCCCCCCCCCCCCCCCCCC
CDK_Depict_44_38,C(C(F)(F)F)N1N=C(N=N1)C(=O)N,CC.CC.CC.CC.CC.CC.CC.CC.CC.CC.CC.CC.CC.CC.CC.CC.CC.CC.CC.CC.CC.CC.CC.CC.CC.CC.CC.CC.CC.CC.CC.CC.CC.CC.CC.CC.CC.CC.CC.CC.CC.CC.CC.CC.CC.CC.CC.CC.CC.CC.CCC.CCC.CCC.CCC.CCC.CCC.CCC.CCC.CCC.CCC.CCC.CCC.CCCC
CDK_Depict_44_39,CC(CC(CC(=O)N)C(=O)N)(CSSCC(C)(CC(CC(=O)NC)C(=O)NC)Cl)Cl,*N(C)C(=O)CC(CC(C)(C)CC)C(N)=O.CCC(CC(C)CC(C)(C)CC(CC(C)N)C(N)=O)CC(C)(C)C
CDK_Depict_45_1,CC(C)(C)C(=NCC=O)CN(C)S(=O)(=O)N(C)C,CNS(=O)(=O)NCC(=NCCO)C(C)(C)C
CDK_Depict_45_5,CCC[C@@H](C(=O)C#CO)N[C@@H](C)C(=O)Cl,*C(=O)[C@H](C)N[C@@H](CCC)C(=O)C#C[O-2]
CDK_Depict_45_6,CC(=O)ON/C(=N/[As]=CC1=CC(=C(C=C1)F)Cl)/N,*C1=C(F)C=Cc(/C=[As]/N=C(/NOC(C)=O)[NH2+]C)c1
CDK_Depict_45_7,C/C(=C\C(=C(/N)\N[C@@H]1CCCC([C@@H]1N)(F)F)\F)/C#N,C*/C(N[C@@H]1CCCC(F)(F)[C@@]1(C)N)=C(F)\C=C(/C)C#N
CDK_Depict_45_8,C=CCN=C1N=NCS1,C=CCN=C1NNCS1
CDK_Depict_45_9,CC(=O)OCC1=NC2=C(CN=C2I)N=C1Cl,*c1ncc2nc([Cd])c(COCC)Nc12
CDK_Depict_45_10,CCC#CNCC1(CC1CCC(=O)C2CSC(N2)C3CCC(CC3Cl)Cl)CC,*C1CC(C)CCC1C1NC(C(=O)CCC2CC2(CC)C[NH+]([H])C#CCC)CS1
CDK_Depict_45_11,CCCCCC1(CC(CC(C1)(C)C)C)N(C(=O)S)NC(=S)OC2=CC=CC=C2,C1CCCCC2(N(NC(Oc3ccccc3)=S)C(S)=O)CC(C)(C)CC(C)C2
CDK_Depict_45_12,C1=CC=C(C=C1)SSC(C(C(F)(F)F)(F)F)(F)F,FC(F)C(F)(F)C(F)(F)SSc1ccccc1
CDK_Depict_45_13,CCOC(OCC)P(O)O[Si](C)(C)C,CCOC(OCC)PO[Si](C)(C)C
CDK_Depict_45_14,CCOC(=O)C(C)SC(=O)OC1=CC=CC=C1,CCOC(=O)C(C)SC(=O)Oc1ccccc1
CDK_Depict_45_15,C(C#N)C(=O)C(=C(C(=O)C#N)Cl)Cl,N#CCC(=O)C(Cl)=C([Cd])C(=O)C#N
CDK_Depict_45_16,CCOC(CS(=O)OC)OCC,CCOC(CS(=O)OC)OCC
CDK_Depict_45_17,C#CC1=COC(C1)S,C#Cc1cc(S)OC=1
CDK_Depict_45_18,CC(C)(C)OC(=O)C[C@@H](C#CS(=O)(=O)C)N,C[C@H](C#C*(C)(=O)=O)CC(=O)OC(C)(C)C
CDK_Depict_45_19,C1=CN2C(=CN[Se]2)C=C1Cl,CC.Cc1ccn2c(c[nH]*2)c1
CDK_Depict_45_20,C1=CNC(=C1)C(C2=C(C=CC(=C2)Br)I)O,[1*]c1ccc(I)c(C(O)c2cC=CN2)c1
CDK_Depict_45_21,CC1CC(NN1)N2C=C(N=N2)N,CC1CC(N2cc(N)N=N2)[nH]CN1
CDK_Depict_45_22,CC(C)C1=CN=C(N1)NC(=O)CCC2=NN=C(C2)CC3=CC=CC=C3,CC(C)C1=CN=C(NC(=O)CCC2=NN=c(Cc3ccccc3)C2)N1
CDK_Depict_45_23,CN1C(N(C(=N)C1=O)C=O)C(Cl)(Cl)Cl,CN1C(=O)C(=[W])N(C=O)C1C(Cl)(Cl)Cl
CDK_Depict_45_24,CC(=CCC1=C([N+](C=N1)(C)C)/C=C/C(=O)OC)C,COC(=O)C=Cc1c(CC=C(C)C)[nH]c[n+]1(C)C
CDK_Depict_45_25,COCCOC(=O)NC1=CC=CC(=C1)NC(=O)C2CC2[N+](=O)[O-],COCCOC(=O)Nc1cccc(NC(=O)C2CC2N(C)=O)c1
CDK_Depict_45_26,CCO/C(=C(\C(=C)OSC1CCC2CC2C1)/I)/I,C=C(OSC1CCCCCCCCCCCCCCCC)/C(I)=C(/I)CCCCCCCCCCCCCCCCCCCCCCCCCCCCCCCCCCCCCCCCCCCCCCCCCCCCCCCCCCCCCCCCCCCCCCCCCCCCCCCCCCCCCCCCCCCCCCCCCCCC)CCCCCCCCCCCCCCCCC)C)CCCCCCCCCCCCCCCCCCC
CDK_Depict_45_27,CNC1CC(CCN1CCCC#CC2=C(C=CC(=C2)Cl)Cl)N(CC=O)C(=O)O,[2H]C(=O)N(CC=O)C1CCN(CCCC#Cc2cc(Cl)ccc2Cl)C([NH2+]C)C1
CDK_Depict_45_28,CC(C)(CCC1=NNN=C1)NS(=O)(=O)C,CC(C)(CCc1c=NNn1)NS(C)(=O)=O
CDK_Depict_45_29,CCOC(=O)CSCCN=C1C=CC2=NCCN2N1,CCOC(=O)CSCCN=C1C=CC2=NCCN2N1
CDK_Depict_45_30,CCCCCCC(=O)OCSC1=NNN=C1,CCCCCCC(=O)OCSc1c=NNN=1
CDK_Depict_45_31,CC(=O)C1C=CC=NO1,CC(=O)C1cccno1
CDK_Depict_45_32,CCOC(=S)SCC(=O)N(CC#C)CC(=O)NC(C)(C)C,C#CCN(CC(=O)NC(C)(C)C)C(=O)CSC(=S)OCCl
CDK_Depict_45_33,CNC1(OC(=O)C(=O)O1)C(=O)N(C)C,CNC1(C(=O)N(C)C)OC(=O)C(=O)O1
CDK_Depict_45_34,CCOC1=NN=C(O1)NC#N,CCOc1nnc(NC#N)o1
CDK_Depict_45_35,C1=C(C=NC(=C1[Se]C2=C(N=CC(=C2)Br)Br)Br)Br,Cc1c([S-])ncc([S-])c1[Se-]c1c([Se-]c2cc([S-])cnc2[S-])cc([S-])c[Se-]1
CDK_Depict_45_36,C1C2=C(C=NNC=C2)OC1=O,O=C1Cc2cc[nH]ncC2O1
CDK_Depict_45_37,CCN(C(=C)C1=NC(=CC=C=C1)Br)/N=C/C(OC)OC,*c1cc=ccc(C(=C)N(CC)/N=C/C(OC)OC)n1
CDK_Depict_45_38,COC(=O)/C(=C/C(C1=CC=C(C=C1)Cl)N=[N+]=[N-])/N=[N+]=[N-],C#Cc1ccc(C(/C=C(\N=[N+]=[N-])C(=O)OC)N=[N+]=[N-])cc1
CDK_Depict_45_39,C1=CC=C(C(=C1)[P+](=S)S)Cl,S=[P+](S)c1ccccc1Cl
CDK_Depict_45_40,C/1(=N\O)\C(=O)C(=NC1=O)C(=O)O,CC(=O)C1=NC(=O)C(=NO)C1=O
CDK_Depict_45_41,COC1C=CN(C(N1[N+](=O)[O-])OC)[N+](=O)[O-],COC1ccN([N+]([NH-])=O)C(OC)N1[N+](=O)[O-]
CDK_Depict_45_43,CCCCCCCCCCS(=O)(=O)CC(=O)NNC1=CC=C(C=C1)Cl,CCCCCCCCCCS(=O)(=O)CC(=O)NNc1=CC=C(Cl)C=C1
CDK_Depict_45_44,CC/C=C\C/C=C\C/C=C\C=C\C=C\[C@H]([C@H](CCCC(=O)O)O)C(=O)CNSC[C@H](C(=O)O)N,CC/C=C\C/C=C\C/C=C\C=C\C=C\[C@@H](C(CNSC[C@@H](NC)C(O)=O)=O)[C@@H](O)CCCC(O)=O)C=C\C=C\C=C/C/C=C\C/C=C\CC
CDK_Depict_45_45,C1COCCN1C(C(C(F)(F)F)C(F)(F)F)(O)F,*C(F)(C(C(F)(F)F)C(F)(F)F)N1CCOCC1
CDK_Depict_45_46,CC1=NC(CC1=O)(C)CNCCNC(=S)NC,CNC(=S)NCCNCC1(C)CC(=O)C(C)=N1
CDK_Depict_45_47,C1=C(C=C(C=C1NCCC2=NC=NO2)F)N,C/N=C\N=C(O)CCNc1cc(I)cc([NH2+]C)c1
CDK_Depict_45_48,CC(C)(C)C1=CC=C(C=C1)CSC(=S)NCC2=CC(=C(C=C2)NSOC)F,CSNc1ccc(CNC(=S)SCc2ccc(C(C)(C)C)c2)cc1F
CDK_Depict_45_49,C[C@@H](C([C@](C)(CO)NN)S)C(F)(F)F,*C[C@](C)(N*)C(S)[C@H](C)C(F)(F)F
CDK_Depict_45_50,CC(=C)C(=O)OC1C[C@H](NC1)C(=O)[Si](OC)(OC)OC,C=C(C)C(=O)OC1C[NH2+][C@H](C(=O)[Si](OC)(OC)OC)C1
CDK_Depict_45_51,C1=C(N=NS1)C2=NC(=NO2)I,IC1=NOC(c2CSN=N2)=N1
CDK_Depict_45_52,C1CS1=NC#N,N#CN=S1CC1
CDK_Depict_45_53,C(C(=O)O)NP=O,O=PNCC(=O)O
CDK_Depict_45_56,CC[C@H]1C=C[C@H](O1)CN=O,CC[C@H]1C=C[C@@H](CN=O)O1
CDK_Depict_45_57,CNN(C(=O)O)N=O,CNN(N=O)C(=O)O
CDK_Depict_45_58,CCCCOP(=O)(CC(=NP(=O)(OCC(C)C)OCC(C)C)N(CC)CC)OCCCC,CCCCO[PH](=O)(=NP(OCC(C)C)OCC(C)C)OCCCC
CDK_Depict_45_59,C1CCC(C(C1)C(=O)C2CCC(CC2)SC3CCC(CC3)[S+](C4CCC(CC4)F)C5CCC(CC5)F)Cl,C#CC1CCCCC1C(=O)C1CCC(SC2CCC([S+](C3CCC(F)CC3)C3CCC(F)CC3)CC2)CC1
CDK_Depict_45_60,CC(N)S(=O)(=O)C(C)O,*C(C)S(=O)(=O)C(C)O
CDK_Depict_45_61,C1=CN2C(=CN=N2)C=NN1,C1=CN2nNcc2C=NN1
CDK_Depict_45_62,CC(C)OP(=O)(CS[C@H]1CO[C@H]2[C@@H]1OC(O2)(C)C)OC(C)C,[H][C@@]12OC[C@H](SCP(=O)(OC(C)C)OC(C)C)[C@@]1([H])OC(C)(C)O2
CDK_Depict_45_63,CN(C)OC(CCNO)O,CN(C)OC(O)CCNO
CDK_Depict_45_64,[2H]C(=C([2H])C1=CC=CC=N1)[2H],*C(C)=C(*)C1=CC=CCNC1
CDK_Depict_45_65,CC1=NC(=S)C(C(=C1)/C=C/C2=CC=C(C=C2)Br)C#N,Cc1cc(/C=C/c2ccc(Cl)cc2)C(C#N)C(=S)N1
CDK_Depict_45_66,C1=NON=C1NN=C2C(NON2)([N+](=O)[O-])[N+](=O)[O-],C1c(N[Z](N=C2NONC2([N+]([O-])=O)[N+](=O)[O-])N[Z](N=C2NONC2([N+]([O-])=O)[N+](=O)[O-])N1)=NON=1
CDK_Depict_45_67,C([C@H](C(=O)N)C(CS)(C(=O)N)OC(=O)C(F)(F)F)S,*C(=O)[C@H](CS)C(CS)(OC(=O)C(F)(F)F)C(N)=O
CDK_Depict_45_68,C1=CSC(=C1)C(=O)OC2=C(C=NC=C2)I,O=C(Oc1c(I)C=NC=C1)c1cccs1
CDK_Depict_45_69,CN(C)C(=NC(N(C)C)(Cl)Cl)Cl,CN(C)C(C#N)=NC(C#N)(C#N)N(C)C
CDK_Depict_45_70,[3H]C1=C(C(=C(C(=C1[3H])[3H])[Cl+]C2=CC=CC=C2)[3H])[3H],[H]C1=C([H])[C+](#[C+]c2ccCcc2)c([23H])c([H])c1[2H]
CDK_Depict_45_71,CCC(CC)(NS(=O)(=O)O)Br,CCC([Sr])(CC)NS(=O)(=O)O
CDK_Depict_45_72,C1=CC(=C(C(=C1C#N)CBr)Br)F,N#Cc1ccc(I)c([Sr-])c1C[Sr]
CDK_Depict_45_73,CC1=C(C(=CC=C1)C(N)(N)S)C,CC1=C(C)C(C(N)([IH])S[Hf])=CC=C1
CDK_Depict_45_74,CCOC(=O)OC1=NN(C=C1)N2CC=NC=C2,CCOC(=O)OC1=NN(N2C=CN=CC2)C=C1
CDK_Depict_45_75,C1=CC(=C(C(=C1)N=NN2C=CN=C2)C#N)C#N,N#Cc1cCcc(N=N=N2ccnc2)c1C#N
CDK_Depict_45_76,CCCC=NOS(=O)(=S)O,CCCC=NOS(=O)(O)=S
CDK_Depict_45_77,C1[C@@H](C(=O)N1OS(=O)(=O)ON2C[C@@H](C2=O)[As]C(=O)CC3=CC=CC=C3)[As]C(=O)CC4=CC=CC=C4,O=C(Cc1ccccc1)C[C@@H]1CN(OS(=O)(=O)CN2C[C@H](NC(=O)Cc3ccccc3)C2=O)C1=O
CDK_Depict_45_78,C[Al](C)NC1=NC=CS1,C[Al](C)NC1NCCS1
CDK_Depict_45_79,COC#CC(=O)C(Cl)Cl,CC#CC(C#C)C(=O)C#COC
CDK_Depict_45_80,B1(CC(C(C1)(C)C)(C)C)CCCCC(CN(CCC(=O)NCC2=CC=CC=C2)/N=N\N=C)NC[Pb]C3=CC=CC=C3,C=N/N=N\N(CCC(=O)NCC1CCCCC1)CC(CCCC[SH]1CC(C)(C)C(C)(C)C1)NCOc1ccccc1
CDK_Depict_45_81,C1N=NNN1O[N+](=O)[O-],C1N(ON2NN=NC2)=O
CDK_Depict_45_82,CC1=C(C=CC(=C1)F)C/[N+](=C(/O)\OC(C)(C)C)/C(=O)OC(C)(C)C,COC(=O)/[N+](Cc1ccC(F)=CC1C)=C(\O)OC(C)C
CDK_Depict_45_83,CC1=NC(=O)CCCNC1,CC(=O)/N=C(/C)C[NH+]1CCCC(=O)N1
CDK_Depict_45_84,C/C=C/CC(C)(C)/C=C/OC=O,C/C=C/CC(C)(C)/C=C/OC=O
CDK_Depict_45_85,B1(OB(OB(O1)C2=CC(=C(C(=C2)Cl)[Si](C)(C)C)Cl)C3=CC(=C(C(=C3)Cl)[Si](C)(C)C)Cl)C4=CC(=C(C(=C4)Cl)[Si](C)(C)C)Cl,C[Si](C)(C)C1C(Cl)=CC(B2O[SiH](c3cc(Cl)c([Si](C)(C)C)c(Cl)c3)O[SiH](C3C=C([CL])c([Si](C)(C)C)c(Cl)c3)O2)=CC=1[CL])=CC=1[CL]
CDK_Depict_45_86,CC(C)(CCC(F)(F)Br)C(=O)[O-],CC(C)(CCC(F)(F)[Sc])C(=O)[O-]
CDK_Depict_45_87,C1C(=CC2=C1NC3=C(S2)C=C(C3)Cl)Cl,N#CC1=Cc2c([nH]c3c(cc(Cl)C3)S2)C1
CDK_Depict_45_88,CCCCS[Sn](CCCC(SC)(SCC)SCCC)(SCCCC)SC(C)C,CCCCSCC(SCCCC)SCCCC(SC)(SCC)SCCC
CDK_Depict_45_91,CC1(CC=CC=C1SC)CC(CC(CC2=CC=CC=C2)C(=C)N)OCl,C=C(N)C(Cc1ccccc1)CC(CC1(C)CC=CC=C1SC)OC#N
CDK_Depict_45_92,C/C=C/1\C(=C(/N=C(\N)/SC)\Cl)\C(C[C@@]1(C)I)(C)C,C/C=C1C(=C(\C)C#N)/C(C)(C)CC/1(I)I
CDK_Depict_45_93,CC1C2C(N1C=C(C=N2)C(C)C)P,*c1c2ncc(C(C)C)CN(C1)C2C
CDK_Depict_45_94,CC(/C=C\I1CC1)C(=O)C,CC(=O)C(C)/C=C\*1CC1
CDK_Depict_45_95,C=CCOC(=O)C1C(=O)N(CCO1)Br,C=CCOC(=O)C1OCCN([S-])C1=O
CDK_Depict_45_96,C1=CN(N=N1)C2(C(O2)O)O,OC1OC1(O)N1C=CN=N1
CDK_Depict_45_97,C(C#CS(=O)(=O)O)S(=O)(=O)O,O=S(=O)(O)C#CCS(=O)(=O)O
CDK_Depict_45_98,C1COCC1(C(C2=CON=C2)N)O,*C(C1C=NOC1)C1(O)CCOC1
CDK_Depict_45_99,C1=CN=CC=C1OC2=NN=C(S2)N,ClNC1=NN=C(Oc2c=CN=CC2)S1
CDK_Depict_45_100,CC1(C(CO1)N(F)F)C,*N(F)C1COC1(C)C
CDK_Depict_46_1,C1C(N(N=N1)C=O)C(F)(F)F,C=CN1nnCC1C(C)C
CDK_Depict_46_2,COC(=O)C1=CSC(=S)C=C1,CCC(=O)c1ccc(=[U])[3H]C1
CDK_Depict_46_3,CCC(=C(N)N)/C=C(/C(=O)O)\N,*C(=O)C([NH])=CC(CC)C(C)C
CDK_Depict_46_4,CCC(N)OP(=O)(CC(C)Cl)O,*C(C)CC.C=[PH](C)(C)CC(C)C
CDK_Depict_46_5,C1(=C(N=NC1=[N+]=[N-])N)[N+](=O)[O-],*c1n[U]c(=[N+]=[W])c1C(=O)[O-]
CDK_Depict_46_6,CC(C)[Si](C(C)C)(C(C)C)OCC1CC(=CS(=O)(=O)C)C1(C)C,CC(C)[Si](OCC1CC(=CS(C)(=O)=O)C1(C)C)(C(C)C)C(C)C
CDK_Depict_46_7,C=C/C=C(\C=C/CC1=C(NN1)C(=C)C=C)/N2CCOCC2,C=C/C=C(/C=C\CC1=C(C(C)C=C)CC1)C1CCCCC1
CDK_Depict_46_8,C#CCCC1(N=N1)CCC(=O)NC2=CN3C=CN=C3N=C2,C#CCCC1(CCC(=O)Nc2ccc3nccc3c2)N=[V]1
CDK_Depict_46_9,C(C(CBr)Br)C(=CO[P+](=O)[O-])CC(CBr)Br,*CC([O-])CC(CO[P+](=O)[O-])CC(O)CC
CDK_Depict_46_10,CCCSP(=S)(O)OC1(C(=O)O1)C#N,CC1(C#N)OC1=O.CCCC*(O)=S
CDK_Depict_46_11,CCOC(=NC(=O)CCl)N,*CC(=O)C=C(*)CCC
CDK_Depict_46_12,C[N+](=C)O[N-][N+](=N)C,*=**O[N+](=C)C
CDK_Depict_46_13,[B](C1CC(C1)C)I,CCC1CC(C)C1
CDK_Depict_46_14,CC1(C=CC2=C(N=C1)OCO2)C,CC1(C)C=Cc2c(n=C1)OCO2
CDK_Depict_46_15,CCC(C)(C)OOC1=CC=CN1,CC1cccC1.CCC(C)(C)C
CDK_Depict_46_16,C1COC2C(O1)SC(=C3SC(C(=O)S3)C4[Se]CC[Se]4)S2,C=C1sC(=C2CC3CCCCC3S2)sC1C1[se]CC[se]1
CDK_Depict_46_17,C(=O)(N=S(Cl)Cl)F,CC(=O)N=C(C)C
CDK_Depict_46_18,CN(C)C1CCN(CC1)NC2C=C(C=CN2)CC3=CC=C(CC3F)N,CC(C)C1CCCCC1.CCC1CCC(C(C)C)CC1
CDK_Depict_46_19,[B][B]B([B])C(C(C1=CC=CC=C1)O)NB([B])B([B])[B],CCC(C)C(C)C(C)C1=CC=CC=C1.CCC(C)C(C)CC(C)C(C)C
CDK_Depict_46_20,CC(C(=[NH+]NP=S)C(=O)O)O[Si](C)(C)C(C)(C)C,CC(C[Si-](C)(C)C(C)(C)C)C(=CNP=S)C(=O)O
CDK_Depict_46_21,CC1=C(C2=NC(=O)N=C(N2C1)C)C,C=C1*c2c(C)c(C)c*2c(C)[U]1
CDK_Depict_46_22,CN1C(=O)C(CS1)N(Cl)Cl,C=C[V](C)C1CSN(C)C1=O
CDK_Depict_46_23,CN1C2=CC=CC=C2C(=O)O[Si]1(C)C,CN1c2ccccc2C(=O)O[Si]1(C)C
CDK_Depict_46_24,CCC1=CC2=C(S2(C)N(NCC3=CN=CC(=C3)C)F)C=C1,CCc1ccc2c(c1)C2(C)CCCc1cncc(C)c1
CDK_Depict_46_25,C1C=NC=C2N1C=CC=CS2,*1C=CC=C*C1.*1cccCC1
CDK_Depict_46_26,C[C@@H](C(=O)OC)NSP(=O)(OC1=CC=CC=C1)Cl,COC(=O)C(C)CSP(C)(=O)Cc1ccccc1
CDK_Depict_46_27,C(N1C(C(N(C1=S)CO)O)O)O,OCN1C(=S)N(CO)C(O)C1O
CDK_Depict_46_28,COC1=CC=CC=C1CNNC(=S)NCCC2=CCCCC2,CCc1ccccc1CCCC(=S)NCCC1CCCCC1
CDK_Depict_46_29,CCO[Si](CCCP(=O)(C1CCCCC1)C2CCCCC2)(C=C)OCC,C=CC(C)(CCC)CCC*(=O)(C1CCCCC1)C1CCCCC1
CDK_Depict_46_30,CN(C)CCCN(OCCCN(C)C)S,CCCCCCC(C)CCCC(C)C
CDK_Depict_46_31,CCCCNC(=O)/C(=C/Cl)/S(=O)CCCC,C/C=C(\C(=O)CCCC)C(=O)CCCCC
CDK_Depict_46_32,CN(C)P(=O)(CCOS(=O)(=O)C)N(C)C,CN(C)P(=O)(CCOS(C)(=O)=O)N(C)C
CDK_Depict_46_33,CCCC1C(P1)CF,CCCC1CC1CC.[HH]
CDK_Depict_46_34,C1=CC=C(C=C1)N(P(=O)(N)N)Cl,*C(=O)*(C)C.C*(C)p(C)=O
CDK_Depict_46_35,CCCCCNC1C(=S)NN=N1,CCCCC*C1C=*CC1=S
CDK_Depict_46_36,C1CSOC(C1[N+](=O)[O-])([N+](=O)[O-])[N+](=O)[O-],O=NC1CCSOC1.O=[N+]([O-])[O-]
CDK_Depict_46_37,B(B(N(C)C)N(C)C)(B(N(C)C)N(C)C)N(C)C,CC.CC[2H](C)N(C)C.CN(C)[2H](N(C)C)N(C)N(C)C
CDK_Depict_46_38,C[P+](=O)N1C2=C(C=C(C=N2)Br)C(=N1)I,*c1cCC2=C(c1)CCN2[P+](C)=O
CDK_Depict_46_39,CC1=CC(=O)CCC=C(N1)NC(=O)NCCC[N+](C)(C)CCCNC(=O)CC(CC(C(=O)NCCC[N+](C)(C)CCCN)O)O,CC1=CC(=O)CC=C(NC(=O)NCCC[N+](C)(C)CCCNC(=O)CC(O)CC(O)C(=O)NCCC[N+](C)(C)CCCN)N1
CDK_Depict_46_40,C1=CC(=C(C=C1CBr)Br)N2OC(=O)OC(=O)O2,*c1cC(CC)ccc1C.CC(=O)CCCC(C)=O
CDK_Depict_46_41,C=CC(=NC1=NN=CC(=C1)C(F)(F)F)NN=C,C=CN=C(C=C)NC.C=CNC(C=C)=NC
CDK_Depict_46_42,C=C/C=C(\C=C)/C=C(\COCC1=CC=CC=C1)/OI,C=C/C=C(C=C)/C=C(\CC)OC.CCc1ccccc1
CDK_Depict_46_43,CC(C)(C)N(C=C1C=NN=C1)O,CC(O)C=C1C=NN=C1
CDK_Depict_46_44,CC1(CNN(C1)/N=C\N)C2=C=CC=C(C=C2)C(F)(F)F,cC(C)(C)c1cccc(C2(C)CN*(/N=C\N)C2)cc1
CDK_Depict_46_45,CC=CN=CC(=C)C1(CCN1C)C,C=C(C=CC=CC)C1(C)CCC1
CDK_Depict_46_46,CCCCCCCC(=[NH+]CC(C(C)C)N(N=O)O)O,*C(C)C(CN=C(CCCCCCC)OOOO)N(C)C
CDK_Depict_46_47,CN(C)N1CCC(C1(OC)F)O,COC1(F)C(O)CC[V]1*(C)C
CDK_Depict_46_48,C=CC1=C(C(=CC=C1)NS(=O)C2=CSC=C2Br)N,*c1c(C=C)cccc1CS(=O)c1cSCc1C
CDK_Depict_46_49,CCO[C@]1(C(O1)F)[C@H](C)/C(=C(\C=C)/C(F)(F)F)/F,C=C/C(=C(\C)[C@@H](C)[C@@]1(C)CC1C)C(C)(C)C
CDK_Depict_46_50,C1CC(C(CC1NSC2C(CC(S2)Cl)C3CCC(S3)Cl)O)C(F)(F)F,CC1CCC(C2CC(C)sC2S[V]C2CCC(C(C)(F)F)C(O)C2)C1
CDK_Depict_46_51,C(=C/C(=C(\I)/C=C/C(=C/I)/I)/I)\C(=C\I)\I,C/C=C(C)/C=C/C(C)=C(I)/C=C/C(C)=C/C
CDK_Depict_46_52,C1CCN(CC1)C(=S)C(=O)O,CC(=O)C(=S)[V]1CCCCC1
CDK_Depict_46_53,CC(=CC=C)N=C1N=C(C(=N)S1)C(=O)N,*C(=O)c1c(=*)SC(=CC(C)=CC=C)N1
CDK_Depict_46_54,C(=O)NC(C(=O)O)N=[N+]=[N-],O=C[4NH]C([4NH]=[V]=[V])C(=O)O
CDK_Depict_46_55,C1=CC=C(C=C1)C(=O)S2(C=CN=C2)Br,CC(=O)c1ccccc1.CC(=O)c1ccccc1
CDK_Depict_46_56,CN(C)CCC1NNNN1,CN(C)CCC1*[V]NN1
CDK_Depict_46_57,CCOC(=O)C(=C)C(=O)ON(C)/C=C/CC(CCC=N)C=C,C=C(C(=O)OCC)C(=O)OCC.C=CC(C/C=C/CC)CCC=N
CDK_Depict_46_58,CCCC(O)(OC(C(=C)COCC=C)O)OPC(C)(C)OCCC,C=CCCCC(=C)C(O)CC(O)(CCC)CCC(C)(C)OCCC
CDK_Depict_46_59,C[C@@H](C(=O)OCC1=NC(=NC(=N1)N)N)OC2=CC=CC=C2,*c1cc(COC(=O)[C@H](C)Oc2ccccc2)nc(*)n1
CDK_Depict_46_60,CC(=C)C(C1(CC1)NC(=O)O)N,*C(=O)NC1(C(*)C(=C)C)CC1
CDK_Depict_46_61,CCOC(=O)/C=C(\C(F)(F)F)/OP(=NC1=CC=CC=C1)(OCC)OCC,CCCP(C/C(=C\C(=O)OCC)C(F)(F)F)(=Nc1ccccc1)OCC
CDK_Depict_46_62,CC1CCN(CC1)C(=O)[N+]2(CCC(CC2F)(C)F)OC(=O)O,*C(=O)O[V]1(C(=O)[V]2CCC(C)CC2)CCC(C)(C)CC1F
CDK_Depict_46_63,C1CCC(CC1)N=C(N)NC2=C(SC=C2Cl)Cl,CC1=CCC(Cl)=C1NC(=N)CC1CCCCC1
CDK_Depict_46_64,CC(C#N)(C(OC)OC)NCCCN=[N+]=[N-],COC(OC)C(C)(C#N)NCCCN=*=N
CDK_Depict_46_65,C1=CC=C(C=C1)CSCC(C2=NNN=N2)SC3=NNN=N3,*1=[V]C(SC(CSCc2cC=Ccc2)c2NNN=[W]2)=[W]N1
CDK_Depict_46_66,C/C/1=C(\C=C/C=C/OCO1)/CC(=O)C,CC(=O)CC1=C(C)OCCC=CC=C1
CDK_Depict_46_67,CC(C(=NO)N)NC1CC(C1(C)C)O,CC=C(N=NN=NN=NN=NN=NN=NN=N)C(C)NC1CC(C)C1(C)C
CDK_Depict_46_68,C[C@@H](/C=C/[C@H](C1C(CO[SiH2]O[SiH2]O1)O)O)O,*[C@H](C)/C=C/[C@@H](O)C1C*C[SiH2]OCC1O
CDK_Depict_46_69,C(CS)C(=O)OCCOCCNC(=O)OPF,O=C(CCSSSS)OCCOCCNC(=O)OSF
CDK_Depict_46_70,B(C1CCC1(C)C)(O)O,CC(C)CCCC(C)O
CDK_Depict_46_71,[B]1[B][B][B]C2[B][B]C([B]2)([B][B][B]1)C(CCN(C(=O)O)C(=O)O)(C(C)(C)C)C(C)(C)C,CC(=O)N(CCC1(C(C)(C)C)C(C)(C)C)C(=O)O.CC(=O)N(CCC1(C(C)(C)C)C23[g]C4[f][f][f][f][f][f][f]3)C(=O)O
CDK_Depict_46_72,C[N+]12C=CC1=C2,C[W]12ccc12
CDK_Depict_46_73,CC1(CC=CC1)CC=O,CC=CCC.CCC=O
CDK_Depict_46_74,C1=CC=C(C=C1)/C=C/C(N(CC2=CC=CS2)C3=CNN=C3)O,CC(/C=C/c1ccccc1)C(CC1=CC=CS1)C1=CCC=C1
CDK_Depict_46_75,CCCCN1PNP1,CCCCN1[1H][1H][1H]1
CDK_Depict_46_76,C1C(CN1NC(=O)C(=O)NN2CC(C2)([N+](=O)[O-])[N+](=O)[O-])([N+](=O)[O-])[N+](=O)[O-],O=C(CC1CC([N+](=O)[O-])([N+](=O)[O-])C1)C(=O)NC1CC([N+](=O)[O-])([N+](=O)[O-])C1
CDK_Depict_46_77,C=S(=O)(N)OC1=CC=CC(=C1)C2=CC=CC(=C2)CN3CC=NC=N3,C=C(=O)Oc1cccc(C2=CC=CC(CC3CC=NC=N3)=C2)c1
CDK_Depict_46_78,CN(C)[P@]1(=O)N(CCO1)N,*N1CC*p1(=O)N(C)C
CDK_Depict_46_79,C(SI)SI,CSCSC
CDK_Depict_46_80,C[Si](C)(C)NC(=O)C1=CC(=S)CC=C1,C[Si](C)(C)*C(=O)c1ccCC(=S)C1
CDK_Depict_46_81,C1=CC(=CC=C1OCC2=NC=C(N2)Br)Cl,CCCC1=CC=C(C)CC1.C[Re]
CDK_Depict_46_82,CCC=P(=O)C(C)(OCC)OCC,CCC=C(=O)C(C)(OCC)OCC
CDK_Depict_46_83,CNC(=O)N(C(=O)OC)OS(=O)(=O)NC1CCCCC1,CCC(=O)N(OS(=O)(=O)NC1CCCCC1)C(=O)OC
CDK_Depict_46_84,C1(C(=C(C(=NC1=O)F)Cl)N)Cl,C#CC1C(=O)*c(C)c(C)c1[Nd]
CDK_Depict_46_85,CCOC(=O)C(=O)C(=NC(C)(C)C)Cl,CCOC(=O)C(=O)C(C)=[V]C(C)(C)C
CDK_Depict_46_86,CCC(=NOC(=O)C(=O)ONC(=CC)C)C,CC=C(C)COC(=O)C(=O)C*=C(C)CC
CDK_Depict_46_87,CCOC(=O)C1=NC(=NC(=N1)C(=O)NCC2=CC(=C(C=C2)F)Cl)C=CN,CCCC(=O)C1=[V]C(C=C[V](C)C)=CC(C(=O)[V]CC2=CC(C)=C(F)cc2)=[V]1
CDK_Depict_46_88,CS(=O)(=O)O/C=C/C1=CSC=C1,CS(=O)(=O)O/C=C/c1ccsc1
CDK_Depict_46_89,CC1=CC(=CC=C1)C(C(=O)OP(OC(=O)C(C2=CC=CC(=C2)C)S)OC(=O)C(C3=CC=CC(=C3)C)S)S,CC1=CC(C(C)C(=O)OP(OC(=O)C(O)C2=CC=CC(C)=C2)OC(=O)C(O)c2cccc(C)c2)=CC=C1
CDK_Depict_46_90,C1(=C(C(=C(C(=C1Cl)I)Br)I)Cl)C2=C(C(=C(C(=C2I)I)I)Cl)I,*c1c(*)c(-c2c(*)c(*)c(C)c(C)c2C)c(*)c(C)c1C
CDK_Depict_46_91,C[C@@H](CC(=O)C1=CC(=NCC1=O)Cl)C(C)(C)O,Cc1cCC(=O)c(C(=O)C[C@H](C)C(C)(C)O)c1
CDK_Depict_46_92,CCC1CN=C(S1)NCC2=NOC=C2,CCC1C*C([W]CC2=C*C=C2)S1
CDK_Depict_46_93,C1C(ONC1=S)COC(=N)C(F)(F)F,[1H]=C(OCC1CC(=S)NO1)C(C)(F)F
CDK_Depict_46_94,C(C(P(=O)(C(C(O)Cl)(Cl)Cl)O)(Cl)Cl)(O)Cl,CC(C)C(C)(C)O(=O)(=O)C(C)(C)C(C)C
CDK_Depict_46_95,C[Si](C)(C)[Te]C,C[Si](C)(C)C
CDK_Depict_46_96,CC(C)(CO)C(=O)OP(=O)(CC=S)N,[12H]p(=O)(CC=S)OC(=O)C(C)(C)CC
CDK_Depict_46_97,CCS/C(=C(/C)\C(=NC1=CC(=NC=C1NC)SC(F)(F)F)C)/SC(=N)Br,CC(F)(F)F.CCSC(SC(=N)S)=C(C)/C(C)=N/C1=CC=NC=C1
CDK_Depict_46_98,CC(C)[Si](C#C/C=C(\OC)/O[Si](C(C)C)(C(C)C)C(C)C)(C(C)C)C(C)C,CC/C(=C\C#C[Si](C(C)C)(C(C)C)C(C)C)O[Si](C(C)C)(C(C)C)C(C)C
CDK_Depict_46_99,C#CC(=NC=N)CCO,C=C(CCOOOO)=[U]C=N
CDK_Depict_46_100,CC(=O)CNNCC(=O)C(=O)CNN[C@@H](CS)C(=O)SC1=C(C(=NC(=C1Cl)F)F)Cl,CC[C@H](NNCC(=O)C(=O)CNNCC(C)=O)C(=O)Sc1c(C)c(F)cc(F)c1C
CDK_Depict_47_1,C[Sn](C)(C)C#CC1CCCCC1,C*(C)(C)C#CCC1CCC[IH]CC1
CDK_Depict_47_2,CC(C(N1CCN=C1)SC)O,C1=C[V]CC1.CC
CDK_Depict_47_3,CC1(C=NN(C=N1)C(N)NC)NC,C[AlH2]C.C[AlH2]C([AlH2Z])[AlH2]1C=[AlH2]
CDK_Depict_47_4,C1NCN(C(=N1)N[N+](=O)[O-])OCCC2=CN=C(C=C2)Cl,CC1CC=C(CCOC2CCCCC2N[N+](=O)[O-])CC1
CDK_Depict_47_5,C1COC(O1)C2=CC3=C(C=C2)[Se]C(=C4SC5=C(S4)SCCS5)[Se]3,CC(C)=C(C)[Ce]C1=C(Cl)cc(C2OCCO2)cc1
CDK_Depict_47_6,CC(=O)N/C=C/CNC(=S)S,CC(=O)N/C=C/CCC(C)=S
CDK_Depict_47_8,C(C(C(C(=O)O)O)[N+](=O)[O-])C(=O)O,CCC(=O)O.CCC(C)C
CDK_Depict_47_9,CC1(CC(=O)C(C(=O)C1)N=NC2C(=O)OC(OC2=O)(C)C)C,C=C.CC(C)CC(=O)C(C)CC(C)C(=O)CC(C)C
CDK_Depict_47_10,CC1=C(OC(=CC1)C)C#N,CC1CCC(C)C(C#N)C1
CDK_Depict_47_11,CC(C)(C)[Si](C)(C)OCC1(CC=CSS1)CO,C[Si](OCC1(CCl)CCCSS1)C(C)(C)C
CDK_Depict_47_13,CCCCC1=CC=C(C=C1)OC2(OS2)N(S)S,*C(*)C1(Oc2ccc(CCCC)cc2)OS1
CDK_Depict_47_14,CCCC(=O)[C@H](C)NCP(=O)(CCCN)CN[C@@H](C)C(=O)CCC,C=C.CCC(C)=O.CCCC(=O)CC.CCN
CDK_Depict_47_15,CC1=C(C=C(C=C1)CCC(NC(=S)NCC2=CC=C(C=C2)NS(=O)(=O)C)OC(=O)C(C)(C)C)C,Cc1ccc(CCC(NC(=S)NCc2ccc(NS(C)(=O)=O)cc2)OC(=O)C(C)(C)C)cc1C
CDK_Depict_47_16,CC1=NC(N(N1C)C)[Si],C=C(C)C.C[Si]
CDK_Depict_47_17,CCCOCC(C)CN(CCP(=O)(C)C)CP(=O)(C)C,C*(C)(=O)=O.CC.CCCC.C[PH](C)=O
CDK_Depict_47_18,CC1C2C(C1OC=N2)N,CC1C2CCOC1CC2
CDK_Depict_47_19,[B-](O)(C1([I+]C1CC)CC)(/C(=C/CC)/CC)/C(=C/CC)/CC,CCC.CCC(C)C(C)CC.CCCC(C)CC.CCCC(CC)CC(CC)CCC
CDK_Depict_47_20,C1CC=C(C1)P(O)O,COC.Cc1cCCC1.O
CDK_Depict_47_21,C=CC1(CC(C1)C#N)Cl,C#CC(C)CC(C)C=C
CDK_Depict_47_22,C1[C@H](CC(=C(F)F)[C@H]1N)C2=NNN=N2,*C(C)=C1C[C@@H](C)C[C@@H]1*
CDK_Depict_47_23,CCCC[C@H](C(=C=C(CO)CO[Si](C)(C)C(C)(C)C)C)OCOC,CC(C)(C)[Si](C)(C)O.CCCC[C@H](OCCC)C(C)=C=C(CC)CO
CDK_Depict_47_24,CCN=C(C(=CCO)Cl)Cl,CC/C=C(/C)CCCC.CCC
CDK_Depict_47_25,CN(C)CCN(C)C(=O)NI,**C(=O)*(C)CCC
CDK_Depict_47_26,[B]C(C)C(C)C=O,C=CC(C)C(C)C
CDK_Depict_47_27,CC(=O)OC1(N=NC(O1)(C)C)CC2=CC=CC=C2,C=C(C)C.CCC(CC1ccccc1)CC(C)(C)C
CDK_Depict_47_28,CCCCN=C(C)C1C(=O)CSC1=O,CCCCCC(C)C1C(=O)CCC1C
CDK_Depict_47_29,CC(C)(/C=C/OC)C1=CC(=C(C=C1)OC)O[I-]C(=O)C2=CC=CC=C2,C/C=C/C(C)(C)C.CC.CC1CCCCC1OCC(=O)c1ccccc1
CDK_Depict_47_30,C1=CC=[N+](C=C1)C2=NC(=C(C(=N2)NC=CC=CC=O)Cl)N,C=CCCC=CCc1[nH]c(-[nH]2ccccc2)[nH]c(C)c1Cl
CDK_Depict_47_31,CC(C)(C)C(=O)OCOC(=O)CCC1=NN=CS1,CC(=O)C(C)C.CC(=O)CCC1CCCS1
CDK_Depict_47_32,CC(C)(C)[Si](C)(C)OC1=CC(=C(C=C1)OC)P(N(C)C)N(C)C,**(c1cc(O[Si](C)(C)C(C)(C)C)ccc1OC)C(C)C
CDK_Depict_47_33,COC1=CC(C(=CC1C([N+](=O)[O-])([N+](=O)[O-])[N+](=O)[O-])F)O,CCC1CC(C)C(C)CC1C(C)(C(=O)[O-])N(=O)[O-]
CDK_Depict_47_34,B1=CB=C1,CC.CCC
CDK_Depict_47_35,C[C@H]([C@@H]([C@H](CC(OC)OC)Cl)Cl)OC(=O)C(Cl)(Cl)Cl,CCC(C)CC(C)C(C)C(C)CC(C)CCCC(C)CCC(=O)C(C)(C)C
CDK_Depict_47_36,[B]1C(CCC1(C)CCCC)/C=C/C(=O)O,CCCCC(C)(C)CCC(C)/C=C/C(C)=O
CDK_Depict_47_37,CC(=O)NNC(=S)N/C=C(\C#N)/C(=O)OC,C#CC(CCC(N)=S)C(=O)OC.CC=O
CDK_Depict_47_38,C1=CC=C2C(=C1)C(=NC3=CC=NC=C3)C4=CC=CC=C4[Se]2,C=C(c1ccccc1C)c1ccccc1C
CDK_Depict_47_39,C1=CN=CC(=C1C2OC=CO2)N,*c1ccccc1C1OCCCO1
CDK_Depict_47_40,CC(C)(C)NC1=CN=C(N=C1)CC(C)(C)NC2=CC(=CN=C2)F,CCc1ccc(N)cc1.Cc1c*cc(Cl)c1
CDK_Depict_47_41,B(C(C)(C)C)(C(C)(C)C)N=S=NB(C(C)(C)C)C(C)(C)C,CC(C)(C)C.CC(C)(C)C.CC(C)(C)C
CDK_Depict_47_42,CC(C)(C)N(O)[Si](C)C,C[SiH](C)N(O)C(C)(C)C
CDK_Depict_47_43,CC(=O)N[C@H]1[C@@H](C=C[C@@H]1SC(=O)C)O,CC(C)=O.CC(C)C.C[C@H]1CC[C@H](C)C1
CDK_Depict_47_44,CC(C)(ONC)OS(=O)(=O)C,CCC(C)CS(C)(=O)=O
CDK_Depict_47_45,CC/C=C(\C=C(/C(=C=C)OC)\Cl)/Cl,C=C=C(C)C(C)CC(C)CC
CDK_Depict_47_46,C1=CN(NC(=O)N1)N[C@@H]2[C@H]([C@@H]([C@H](O2)CO)O)O,C=C[Zr]C(N)=O.CC[C@H]1CC(C)C(C)C1C
CDK_Depict_47_47,[B-]1(C#CC2=CC(=C[N+](=C2)[B-](C#CC3=CC(=C[N+](=C3)[B-](C#CC4=CC(=C[N+]1=C4)OC)(CC)CC)OC)(CC)CC)OC)(CC)CC,CC.CC[(S-](CC)(CC)[n+]1cc(C#C[n+](CC)(CC)[n+]2cc(OC)cc(C#C[S-](CC)(CC)[n+]3cc(C)cc(C#C[S-](CC)(CC)[n+]4cc(CC)cc(C#C[n+](CC)(CC)[n+](c2)c2)c1)c3)c2)c1
CDK_Depict_47_48,CC=NS(=O)OC(F)(F)F,CC=CS(=O)CC(C)(C)C
CDK_Depict_47_49,CCCSC(CO)C(CO)(CO)C(=S)S,CCC(C)(CO)C(=S)S.CCCC
CDK_Depict_47_50,CC(C)O[Si](C)(C)OC(C)(C)S,CCO[Si](C)(C)OC
CDK_Depict_47_52,CC/C=N\C(=N/C(=C)OC)\OC,C=C(C)C=C(C)*CC
CDK_Depict_47_53,COC(=C(C=C)NC(=O)C(=CCN1CC2C(C1)OCCO2)F)C=C,C=CC(CC)=C(C=C)C(C)=C(F)C(F)=CCN1CC2CCCCC2C1
CDK_Depict_47_54,C/C(=C(/NC)\F)/C(NC)Br,C[4H]/C(C)=C(\C)C(C)C
CDK_Depict_47_55,CC(CN1C=NN=C1)C(=O)N2CCNCC2,CC(C*1C=**C1)C(=O)*1CC[1H]CC1
CDK_Depict_47_56,B(=NC1=CC=CC=C1C2=CC=CC=C2)C3=CC=CC=C3C4=CC=CC=C4,Cc1ccccc1-c1ccccc1.Cc1ccccc1-c1ccccc1
CDK_Depict_47_57,CC(CN1C=CN=C1)NC2=NSN=C2Cl,CC1CS*c1*C*1C=*C=C1
CDK_Depict_47_58,C1(C(=C(N1F)F)F)C(=O)O,CC1C([Z])CC(=O)O
CDK_Depict_47_59,CC(C)(C/C=C\CCC(C(F)(F)F)(F)F)CC(C)(C)CCl,CCC/C=C\CCC(C)(C)C(C)(C)C
CDK_Depict_47_60,C1C(=O)C=CC(=C1C(=O)C[N+](=O)[O-])Br,CC*(=O)CC(=O)C1CC(C)CCC1SC
CDK_Depict_47_62,C1=C(SC(=C1OC(=O)Cl)S(=O)(=O)Cl)Cl,C=C(C)Oc1ccSc1O(C)(=O)=O
CDK_Depict_47_63,C(CBr)C(CC(=O)CC(CCBr)(S)S)(S)S,CCCC(C)(C)CCC.CCCC(C)S
CDK_Depict_47_64,CC(C)N(C(C)C)P(CCC(CCCNC(=O)C(F)(F)F)CCC#N)(N)(O)O,C#CCCC(CCCC)CC[(C]([Cd)])([Cd)z])([Cd)z])([Cd)z])([Cd)].CC(C)C
CDK_Depict_47_65,COCC(=S)C=C(C(F)(F)F)S,CC(=S)C=C(C)C(F)(F)F
CDK_Depict_47_66,C1CC(=C(C(=C1)F)C#N)I,C#Cc1c(I)CCcc1I
CDK_Depict_47_67,C1=CS(C(=C1)[N+](=O)[O-])(C(=O)N)Br,*C(=O)S1(*)C=CC=C1C(C)=O
CDK_Depict_47_68,CC1=C(NN=C1)CNC2=C(ON=C2)C,CC1=C(CCC2=C(C)CC=C2)[4H][U]=C1
CDK_Depict_47_69,CCNC1=NC(=NC(=N1)SC)[N+]2=C(CC(=N2)C)C,CCNC1=[(]C(CC)=[(]C(N2[(]C(C)=CC2C)=[(]1)=[(])=[(]
CDK_Depict_47_70,CC(C)(CONO)C(=O)NC(CSC(=O)C(C)(C)CO[N+](=O)[O-])SC,**CCC(C)(C)C(=O)NC(CCC(=O)C(C)(C)C*[N+](=O)[O-])SC
CDK_Depict_47_71,B(CC[Si](C)(C)C)(O)OCCNCCO,*CC*CCO[Si](O)CC[SiH](C)C
CDK_Depict_47_72,CN(CCC1CCOCC1)C(=O)NCN=C=O,CN(CCC1CCOCC1)C(=O)*C*=C=O
CDK_Depict_47_73,C1=CN=NC=C1C(=O)NNC(=O)N,CC(C)=O.CCCC(CC)CC
CDK_Depict_47_74,C1(=NC(=NN1)P)C2=NNC(=N2)Cl,*C.C=C(C)[U]*C(C)C
CDK_Depict_47_75,CC1=CC=C(O1)C(C)/C=C(/C=C/C(=O)OC)\OC(=O)C,CC(=O)CCC(C)CC(C)c1ccc(C)c1.CC(C)=O
CDK_Depict_47_76,CC1=C(C(=NN1C)F)I,CCCCCC.CCCCCCC
CDK_Depict_47_77,COP(=O)(C)OCC(=O)C1=COC=C1,C/C=C(\C)CC.CCC(C)=O
CDK_Depict_47_78,[2H]C([2H])([2H])C(=O)N([2H])I,C=CC
CDK_Depict_47_79,C(=N)(N)SNC(=S)N,CC(C)S.S
CDK_Depict_47_80,C1=C2NC(=N1)N2[N+](=O)[O-],O=*(=O)*1C2*C1C[U]C2
CDK_Depict_47_81,C1CCN(C1)N2N=CC(=CS2)C3=CC=CS3,*1cccc1C1CCCSC1.C1CCC1
CDK_Depict_47_82,CCCCCCCCCCC(=O)C(C(N)(Br)Br)N,*C(C(=C)CCCCCCCCCC)C(C)(C)C
CDK_Depict_47_83,CC(C)(C)ON(NC(C)(C)C=O)O,C=CC(C)(C)C.CC.CC(C)(C)C
CDK_Depict_47_85,CC(C)OP(=O)(C1=C(NN=C1SC)N)OC(C)C,CC(C)C.CCC.C[PH](C)(=O)=O.C[W]C
CDK_Depict_47_86,COP(=O)(C/C(=N/NC(=O)N)/COC1=CC(=CC=C1)Cl)OC,CC1=CC=CC(C)=C1.CCC(C*(=O)(O)CC)NC(C)=O
CDK_Depict_47_87,CC(C)(C)OO[Al](OC(C)(C)C)OC(C)(C)C,CC.CC.CC.CC(C)(C)C.CO
CDK_Depict_47_88,CCCCC1=C(N(C(=C1)O)C)SC,CCCC(C=CO)C(C)[O-]
CDK_Depict_47_89,CCSC(C1=C(C=CC(=C1)Br)N=[N+]=[N-])SCC,CCC.CCC.CCC(c1ccc([K])c1)C(C)C
CDK_Depict_47_90,CC(C)(C)C1NC(CO1)COC=O,CC(C)(C)C1COCC(COC=O)[U]1
CDK_Depict_47_91,CCOC(=O)CC1=NC=C(C(=C1Br)C(F)F)CBr,C.CC1ccccc1.CCC
CDK_Depict_47_92,C1COCC(N1NO)(NN)NNC2=CC=CC=C2,**[Al]1CCOCC1([Al][AlH]c1ccccc1)[AlH]*
CDK_Depict_47_93,CCOC(=C)C(CS)NCNC,CC.CC(O)CCS.CCC
CDK_Depict_47_94,CC(C)(C)C1=CC(=O)C=C(C1=S=S=C2C(=CC(=O)C=C2C(C)(C)C)C(C)(C)C)C(C)(C)C,C=C1cc(C(C)(C)C)c(C=CC2c(C(C)(C)C)cC(=O)Cc2C(C)(C)C)c(C(C)(C)C)C1
CDK_Depict_47_95,C1CN(CCN1)CCC2=CN=CN=N2,*1cC=*cc1CCC1CCNCC1
CDK_Depict_47_96,C[N+](C)(CCOO[PH+](C)OCC(CO)O)CC(CO)O,COCC(O)CO[P+](C)(CO)COCCN(C)(C)CC(O)CO
CDK_Depict_47_97,CC1=[N+](N=CC1=C)C,C=C1c**(C)c1C
CDK_Depict_47_98,C[Si](C)(C)OCCCOC(C1=CC=CC=C1)[N+]#[C-],C#[N+]C(CCCCC*(C)(C)C)c1ccccc1
CDK_Depict_47_99,C=C(N)[N+](=O)[S-],C=C.C=O
CDK_Depict_47_100,CCOCNC(/C=C\CC([C@@](C)(CF)C(C)NC)F)C#C,C#CC(/C=C\CC(C)C(C)(C)C(C)CC)CCCCC
CDK_Depict_47_101,[2H]C1=CC(=CC(=C1O)[2H])/C(=C/C(=O)O)/[2H],*c1cC(CCC(=C)C)cc(C)C1O
CDK_Depict_47_102,CC/C(=C(/C)\C=C)/OS(=O)(=O)N,C=CC(C)=C(C)O.C[SH](=O)=O
CDK_Depict_47_103,CS(=O)(=O)C1=CC=C(S1)S(C2=CC=CC=C2)(O)O,*S(*)(c1ccc(S(C)(=O)=O)c1)C1ccccc1
CDK_Depict_47_104,C1C(N(C(=S)O1)C2=NC=CC=N2)(N)[N+](=O)[O-],*.*.*.*.*.*.*.*.*.*.*.*.*.*.*.*.*.*.*
CDK_Depict_47_105,CC(OC)[SiH]1CCC(CC1)S,CCC(C)[SiH]1CCC(C)CC1
CDK_Depict_47_106,C=S1(=O)CC2=C(C=CC=C2O)C(=N1)N,*C1=*[SH](C)(=O)Cc2c(O)cccc21
CDK_Depict_47_107,CC(C)C1=NC/C(=C/COCC2=CC=CC=C2)/S1,CCCC1CCC(C(C)C)s1.CCc1ccccc1
CDK_Depict_47_108,CC(CO[Si](C)(C)C)(C#N)N=NC(C)(CO[Si](C)(C)C)C#N,C#CC(CC)[V]=*C(C)C=C.C[SiH](C)C
CDK_Depict_47_110,C/C=C/C(=C)P(C)C(C)C,C=C(C)CCC.CCC
CDK_Depict_47_111,B(O[C@H]([C@@H](COCC1=CC=CC=C1)C(C)C)N([Si](C)(C)C)[Si](C)(C)C)(O[C@H]([C@@H](COCC2=CC=CC=C2)C(C)C)N([Si](C)(C)C)[Si](C)(C)C)O[C@H]([C@@H](COCC3=CC=CC=C3)C(C)C)N([Si](C)(C)C)[Si](C)(C)C,CC(C)[C@@H](COCc1ccccc1)[C@@H](C)O[Si](C)(O[C@@H]([C@H](COCc1ccccc1)C(C)C)N([Si](C)(C)C)[Si](C)(C)C)N([Si](C)(C)C)[Si](C)(C)C)[C@@H](C)O[Si](C)(C)C
CDK_Depict_47_112,C/C=C(\C(C(C)CCl)O)/Br,C=C(N)CCCC
CDK_Depict_47_113,CC1=C(C(=O)CC2(C1)CCCC2)N=NC3=NC=NS3,CC(C)C(*=*c1S[U]c[U]1)C(=O)CC1CCCC1
CDK_Depict_47_114,CC(=O)OC(C)(C)C(C)(C)C(CBr)Br,CC.CC.CC.CC.CC
CDK_Depict_47_115,CI(C)(C)(C)OI,CC.CC
CDK_Depict_47_116,CC(C#N)(C(=O)Cl)F,CC(=O)CC#N
CDK_Depict_47_117,CN(C)CCCNCC(=N)C#N,*=C(C#C)CC.CCCCCC
CDK_Depict_47_118,C(C([N+](=O)[O-])(F)F)OC1=NC(=NC(=N1)OCC([N+](=O)[O-])(F)F)OCC([N+](=O)[O-])(F)F,CC1=CC(CCC(C)(C)[N+](=O)[O-])=*C(OCC(C)[N+](=O)[O-])=C1.CCC(C)(C)[N+](=O)[O-]
CDK_Depict_47_119,C[Si](C)(C)/C=C/[Ge](C)(C)C,C[Co]CC[Co](C)(C)C
CDK_Depict_47_120,C(=O)(C(F)(F)F)NN(N=[N+]=[N-])O,**(C)*=*.CC(=O)C(C)(F)F.F
CDK_Depict_47_121,CC(CN1C(=O)C=C(N1)Cl)OC2=CC=CC=C2,C=C1CCC(C)C1.CCC(C)C.Cc1ccccc1
CDK_Depict_47_122,CC(C)(C(=O)OCC[Si](C)(C)CCC1=CC=C(C=C1)C[N+](C)(C)C)Br,C=C(CCCC)C(C)(C)S.CCCC1ccC(CC)=CC1
CDK_Depict_47_123,C1=CC=C2C(=C1)C3=CC=CC=C3[Te]N2,CC.CCC1CCCCC1C1CCCCC1
CDK_Depict_47_124,CN(C)N1C=CC=C1SC,C*C.CSc1ccc*1
CDK_Depict_47_125,CCN(CC)C(=O)SCC1(CC=CC=C1)Cl,C=C(C)C.CCC.CCCCCCCCC
CDK_Depict_47_126,C=C/C=C(/C=N/NC(=O)N)\OC[N+](=O)[O-],*C(=O)**CC(=CC=C)CCC(=O)O
CDK_Depict_47_127,CN1C(=O)CC#CN=C1N,C1=CCC(=O)C(C)C(=C1
CDK_Depict_47_128,CC(C)N1C=C(N=C1SC2=NC(=CN2C(C)C)C(C)(C)C)C(C)(C)C,CC1=CN(C(C)C)C(CC2=NC(C(C)(C)C)=CN2C(C)C)=[U]1
CDK_Depict_47_129,CC(C)P(O)(O)(OCl)Cl,C.CC(C)C.CO
CDK_Depict_47_130,C1C[C@H](OC1)CNC(=O)CSC2=NC=NC=C2,CC.CC.CCC(=O)CCC1CCCO1
CDK_Depict_47_131,CC1C(=C=N)C(=CC=N1)SC,*=CC(C)C(S)CCC.CC
CDK_Depict_47_132,[2H]C(C(CC)C(=O)OP(=O)(O)ON)O,C*(=O)O.C=C(C)O.CC(C)O
CDK_Depict_47_134,CC(C)(C)[Sn]C1=CN=C(S1)[Si](C)(C)C,CCCCCCC(C)C
CDK_Depict_47_136,C1=NC(=CN=O)N=C1,C=NCCCC=C1CCCC1
CDK_Depict_47_137,C1COCC(N1[N+](=O)[O-])C(=O)COC2=CC=CC=C2,C1CCCCC1.CCC(C)C1CCCCC1.C[Al](C)=O
CDK_Depict_47_138,CC(C)(C)NCOOC,CC(C)(C)C.CCCN
CDK_Depict_47_139,C1C(=C(C(=N)CO1)C#N)N=N,*.*=*C1=C(C#C)C(=*)CCC1
CDK_Depict_47_140,CC[Si](CC)(CC)/C(=C/CO[Si](C(C)C)(C(C)C)C(C)C)/C=O,C=C/C(=C\CC)C(CC)CC.CC(C)C
CDK_Depict_47_141,C1=COC=C1N(CCl)O,CCc1c*cc1
CDK_Depict_47_142,C1COCC(N1)CSC2=CC=C(S2)Br,Cc1ccc(SCC2CCCCC2)S1
CDK_Depict_47_143,[B]PCC#C,C=CCC
CDK_Depict_47_145,CN1C(=O)N(N=N1)CC2=C(C=CC(=C2F)C(=O)O)Cl,CC(=O)O.CC1CCCCC1CN1CCNC1=O
CDK_Depict_47_146,CC(C1=CC=CC=C1Cl)(F)P,Cc1ccccc1C(C)([Cr])C[K]
CDK_Depict_47_147,C(=O)(NC(O)(O)O)O,O=C(O)NC(O)(O)O
CDK_Depict_47_148,C(CONC(CS)C(=O)O)C(=O)NCC(C(=O)O)S,CC(CS)C(=O)O.CCCC(=O)CCCC(C)=O
CDK_Depict_47_149,CC(C)C(=C)CCCCP(=C)(CCCCC(=C)C(=C)C)CCCOC(=C)C(=C)C,C=C(C)C(=C)CCCC*(CCCCC(=C)C(C)C)(CCCCC(C)C(C)C)CCCCC(C)C(C)C
CDK_Depict_47_150,CC1(C2C(O2)(N=N1)C)C,C=C.CCOC(C)(C)C
CDK_Depict_47_151,CCC(N)OP(=O)(OC(=O)CC1=CC=C(C=C1)OC2=CC=CC=C2)OS(=O)(=O)C3=CC=C(C=C3)Cl,C.CC.CC.CCOS(=O)(=O)c1ccc(C)cc1.CCOS(=O)(=O)c1ccc(C)cc1
CDK_Depict_47_152,C1=C(N=C(NC1=O)SCC(=O)N)N2SS2,CC(=O)CSC1=*C(*2**2)=CC(=O)C1
CDK_Depict_47_153,CC(=O)OC(C)(C)C(=C=C)OC,C=C=CCC.CC
CDK_Depict_47_154,C(NC(=S)N(CO)N)N(C(=S)N)N,*[U]C*C(=S)*(*)CO
CDK_Depict_47_155,C[C@@H]([Si](C)(C)C)[Ge](C)(C)F,CCC
CDK_Depict_47_156,CC1=NN=C(O1)CN2CCCN(CC2)S(=O)(=O)N3CCCC3,CCCC*CCCCCCCCCCCCCCC.CCc1**C(C)*1
CDK_Depict_47_157,C1C=C(C(=C1N=O)C=O)O,C=O.CCC1CCCc1O
CDK_Depict_47_158,C(C(C(C(F)(F)F)(F)F)F)(C(F)(F)F)N(O)P,CC(C)C(C)C(C)C(N)C(C)C
CDK_Depict_47_159,C1=CC=C(C=C1)C(=NO[P@@](=O)(N)N(CCCl)CCCl)C2=CC=CC=C2,CCC.CCCC.C[PH](C)(=O)OCC(c1ccccc1)c1ccccc1
CDK_Depict_47_160,C(=O)NOI,C=CC.CO
CDK_Depict_47_161,CS(=O)(=O)O[P+](=O)OC=C,C=CO[C+](=O)O[SH](C)=O
CDK_Depict_47_162,CC1=C(C=C(C(=C1Cl)OBr)C(OBr)(OBr)OBr)Cl,C.C.C.C.C.C.C.C.C.C.C.C.C.C.C.C.C.C.C.C.C.C.C.C.C.C.C.C.CC.CC.CC.CC.CC.CC.CC.CC.CC.CC.CC.CC.CC.CC.CC.CC.CC.CC.CC.CC.CC.CC.CC.CC.CC.CC.CC.CC.CC.CC.CC.CC.CC.CC.CC.CC.CC.CC.CC.CC.CC.CC.CC.CC.CC.CC.CC.CC.CC.CC.CC.CC.CC
CDK_Depict_47_163,CCCCNCCC(C)(C)COC(=O)OO,*CC(=O)OCC(C)(C)CC.CCCC
CDK_Depict_47_164,CC(C)(C)SC1=CC(=S)NN=C1C2=CC=CC=C2,CC(C)(C)N.S.c1ccc(-c2ccC(S)[U][(]2)cc2ccccc2
CDK_Depict_47_165,CCCCCCCC=CC(=O)C#CC#CC(C=C)O,C=CC(C#N)C#CCCC(=O)CCCCCCCCC
CDK_Depict_47_166,CC(C)N(C(C)C)P(N1C=NC(=C1C#N)C#N)OCC[N+]#[C-],C#Cc1c(C#N)ncN1*(C)N(C(C)C)C(C)C.C=C.C=C.CC*CCC
CDK_Depict_47_167,CC1CCCC(C1)SCC2=CC(=NC=C2)C#N,C#Cc1*C=CC(CCC2CCCC(C)C2)=C1
CDK_Depict_47_168,CC(C)(C)CC1=CI=C(C=C1)N,Cc1ccc(CC(C)(C)C)cc1
CDK_Depict_47_169,CCP(=[Se])(CC)[Se][Na],CC.CCC.C[SeH][Mo-]
CDK_Depict_47_170,C1=CC(=CC=C1CN2C(=O)N=C(C=N2)Cl)Cl,C.Cc1ccc(C*2[Al]cc*C2=O)cc1
CDK_Depict_47_171,[2H]/C(=C(\[C@H](C=O)O)/[C@@H]([C@@H](CO)O)O)/F,C=CC(C)C(=C(C)C)C(C)C(C)CO
CDK_Depict_47_172,CC(C(=O)OCC=C)SSP(=O)(O)O,*C.C=CCOC(=O)C(C)C.CS
CDK_Depict_47_173,CC1=CC(=C(S1)C)CS(=O)(=O)CC2=NC(=NO2)C(C)(C)C,CC(C)(C)C1=NOC(CC(=O)O)C1.CCc1cc(C)cc1C
CDK_Depict_47_174,CC(=C/C=C(/N)\N=N)C,C=C.CC(C)=CC=C(C)C
CDK_Depict_47_175,C1CC=C(C1)C2=NSCC2,*1cc(-c2cCCC2)CC1
CDK_Depict_47_176,C1=CC=C(C=C1)C#[N+][C-](C(F)(F)F)C(F)(F)F,cC(C)(C)C.cC(C)(C)CN#C.cC(c)(C)C
CDK_Depict_47_177,C1CN(CC2C1CNC2)/N=C(\C3=C(NC=C3)N)/N,CC1=C(C(=N)[W])C=C[W]1
CDK_Depict_47_178,C1CN(CCN1)NC(C#N)N=O,C=C=C.CCCCCCCCCC
CDK_Depict_47_179,CN=C1C2CN2C(N1)Cl,C=CCCCC.CCCCCCCCCCC
CDK_Depict_47_181,CCP(=S)(CC)SCSCC,C.CC.CC
CDK_Depict_47_182,COC(=O)NC1=NC=C(N1)SC2=CC=CC=N2,CC.CC.CSc1ccccn1
CDK_Depict_47_184,CCCC[Sn](CCCC)(CCCC)NC(=O)OCC,CCC.CCC.CCCC.CCCC[CH]1(C)(C)(C)CCCCC1
CDK_Depict_47_185,C(#N)NNC(=O)N,*.C#CNCC(C)=O
CDK_Depict_47_186,CCSCOP(=O)(N)N,CCSC.[CH]C
CDK_Depict_47_187,CC1=NN(C(C(=O)N1N)C(C)(C)C)S,CC.CC.CC.CC(C)n
CDK_Depict_47_188,CC(CN(C(=O)N)O)SC1=CC=CC=N1,CC(O)CCCCC1*CCCC1
CDK_Depict_47_189,C/C=C/SO[C@@H]1C(C([C@@H](S1)O)C)C,CCCCCCCC1CC1CCCCC1C
CDK_Depict_47_190,CS/N=C/C=N/SC,*=C.*=C.CCC*=[N+]=[N-]
CDK_Depict_47_191,C(C(COC(=O)N)N=[N+]=[N-])N=[N+]=[N-],CS/*=C/C=*/S
CDK_Depict_47_192,CC(C)N(C(C)C)P1(=CC(C)(C)C)N(P(=CC(C)(C)C)(N1C(C)(C)C)N(C(C)C)C(C)C)C(C)(C)C,CC(C)CN(C(C)C)[PH](=N)(=CC(C)(C)C)N(C(C)(C)C)[PH](=CC(C)(C)C)(N(C)C(C)(C)C)=N(C(C)C)C(C)C
CDK_Depict_47_193,CNS(=O)(=O)CCNS(=O)(=O)C1=CC=CC=C1C#CCN,CCCCC1=CC=CC=C1S(=O)(=O)NCCS(=O)(=O)NC
CDK_Depict_47_194,CN1C(=NN=N1)ON,CC1=[U]*=N1
CDK_Depict_47_195,CC1(CC[N+]2=C1C(CC2)C=C)CI,CCC1CCC[NH+]2CCC(C)(CI)C12
CDK_Depict_47_196,CCN(CC)S(C)(CC)S,CCC(C)(C)CC
CDK_Depict_47_197,CCCON(C)[SiH3],CCCCCC
CDK_Depict_47_198,C1C(N(N=N1)C2=CC=CO2)[N+](=O)[O-],**(*)C.*C.c1cc([U]2C[W]=[W]2)oC1
CDK_Depict_47_199,CCC1=CC(=C([CH+]C(=NC2=C(C=NC=C2C)C)N)N)[CH+]C=C1,C=C(C)[U]C1C(C)CCCC1C.CCC1CCCC(=C(C)C(C)C)C1
CDK_Depict_47_200,C=CCN=C(N)SN,*SC(*)=*CC=C
