image_id,reference_smiles,predicted_smiles,canonical_reference,canonical_prediction,reference_parseable,valid,exact_isomeric_match,exact_nonisomeric_match,tanimoto,token_edit_distance,atom_count,ring_count,stereocenter_count
CDK_Depict_1_2,C\1=C/C(=N\Br)/C(=C/C1=N/Br)Cl,C1C(=N[Br]C)C2CC(=N[Br])C1[CN],ClC1=CC(=N/Br)/C=CC/1=N\Br,,True,False,False,False,0.0,19,11.0,1.0,0.0
CDK_Depict_1_4,CSP1(=S)SP(=S)(S1)SC,CSP1(=S)SP(=S)(SC)S1,CSP1(=S)SP(=S)(SC)S1,CSP1(=S)SP(=S)(SC)S1,True,True,True,True,1.0,2,10.0,1.0,2.0
CDK_Depict_1_5,CCCCCCCCCCCCCCCCSCCCCPCOO,CCCCCCCCCCCCCCCCSCCCC[P+](C)(C)COC,CCCCCCCCCCCCCCCCSCCCCPCOO,CCCCCCCCCCCCCCCCSCCCC[P+](C)(C)COC,True,True,False,False,0.39473684210526316,10,25.0,0.0,1.0
CDK_Depict_1_6,C[C@@H]1CC[C@H]2[C@@]3(CO3)C(O[C@H]4[C@@]25[C@H]1CC[C@](O4)(OO5)C)O,C[C@H]1[C@@]2([H])CC[C@@]3(C)O[C@@](C)(OC([OMt])[C@@]45OC4)[C@@]2(OO3)[C@H](C)CC1,C[C@@H]1CC[C@@H]2[C@]34OO[C@](C)(CC[C@@H]13)O[C@H]4OC(O)[C@]21CO1,,True,False,False,False,0.0,46,21.0,6.0,8.0
CDK_Depict_1_7,C1C[C@H]([C@@H](C1)O)CCCO,OCCC[C@@H]1CCC[C@H]1O,OCCC[C@@H]1CCC[C@H]1O,OCCC[C@@H]1CCC[C@H]1O,True,True,True,True,1.0,16,10.0,1.0,2.0
CDK_Depict_1_8,C1=CC=NC(=C1)N2C=CSN2,c1cN(c2ccccn2)[NH+]S1,C1=CN(c2ccccn2)NS1,C1=CN(c2ccccn2)[NH+]S1,True,True,False,False,0.4594594594594595,19,11.0,2.0,0.0
CDK_Depict_1_9,CCSN1CCN(CC1)SCC,CCSN1CCN(S)CC1,CCSN1CCN(SCC)CC1,CCSN1CCN(S)CC1,True,True,False,False,0.7368421052631579,5,12.0,1.0,0.0
CDK_Depict_1_11,B(C(C(O)F)N(CCO)CCO)(F)F,OCCN(CCO)C(B(F)F)C(O)F,OCCN(CCO)C(B(F)F)C(O)F,OCCN(CCO)C(B(F)F)C(O)F,True,True,True,True,1.0,14,14.0,0.0,2.0
CDK_Depict_1_12,C1(=C(C(=O)SC1=O)Cl)Cl,*C1C(=O)SC(=O)C1C#N,O=C1SC(=O)C(Cl)=C1Cl,*C1C(=O)SC(=O)C1C#N,True,True,False,False,0.17857142857142858,10,9.0,1.0,0.0
CDK_Depict_1_13,CSC[C@@H](C(=O)O)N,CSC[C@](C)([WH2])C(=O)O,CSC[C@H](N)C(=O)O,CSC[C@](C)([WH2])C(=O)O,True,True,False,False,0.3103448275862069,11,8.0,0.0,1.0
CDK_Depict_1_15,[2H]C1=CC(=C(C=C1C([2H])([2H])[2H])[2H])C,*c1cc(C(P)(P)P)c(*)cc1C,[2H]c1cc(C([2H])([2H])[2H])c([2H])cc1C,*c1cc(C(P)(P)P)c(*)cc1C,True,True,False,False,0.12121212121212122,32,13.0,1.0,0.0
CDK_Depict_1_16,CN(C)C1=CC1=NC#N,CN(C)C1=CC1=NN#N,CN(C)c1cc1=NC#N,,True,False,False,False,0.0,1,9.0,1.0,0.0
CDK_Depict_1_17,CC(C)(C#N)[C@@H]1CC=C(C1)OS(=O)(=O)C(F)(F)F,CC(C#N)[C@@H]1CC=C(OS(=O)(=O)C(F)(F)F)C1,CC(C)(C#N)[C@@H]1CC=C(OS(=O)(=O)C(F)(F)F)C1,CC(C#N)[C@@H]1CC=C(OS(=O)(=O)C(F)(F)F)C1,True,True,False,False,0.6,9,18.0,1.0,1.0
CDK_Depict_1_18,CC(=C[C@@H]1[C@@H](C1(C)C)C(=O)O)C,CC(C)=C[C@H]1C[C@H]1C(=O)O,CC(C)=C[C@@H]1[C@H](C(=O)O)C1(C)C,CC(C)=C[C@H]1C[C@H]1C(=O)O,True,True,False,False,0.3870967741935484,14,12.0,1.0,2.0
CDK_Depict_1_19,CC(/C=C/C#N)C=O,CC(C=O)/C=C/C#N,CC(C=O)/C=C/C#N,CC(C=O)/C=C/C#N,True,True,True,True,1.0,8,8.0,0.0,1.0
CDK_Depict_1_20,C[C@@H](/C=C/[C@@]1([C@](CCCC1(C)C)(C)O)O)O,C[C@H](O)/C=C/C1(C)[C@@H](C)CCCC1(C)C,C[C@H](O)/C=C/[C@@]1(O)C(C)(C)CCC[C@@]1(C)O,C[C@H](O)/C=C/C1(C)[C@@H](C)CCCC1(C)C,True,True,False,False,0.47368421052631576,21,16.0,1.0,3.0
CDK_Depict_1_21,C(=NSN=C=O)=O,O=C=NSN=C=O,O=C=NSN=C=O,O=C=NSN=C=O,True,True,True,True,1.0,6,7.0,0.0,0.0
CDK_Depict_1_23,C([C@H]([C@H]([C@@H]([C@H](C(=O)O)O)O)O)O)O,O=C(O)[C@H](O)[C@@H](O)[C@@H](O)[C@@H](O)CO,O=C(O)[C@H](O)[C@@H](O)[C@H](O)[C@H](O)CO,O=C(O)[C@H](O)[C@@H](O)[C@@H](O)[C@@H](O)CO,True,True,False,True,1.0,24,13.0,0.0,4.0
CDK_Depict_1_24,CO/C(=C/C1=CC=CC=C1)/C#N,CO/C(C#N)=C/c1ccccc1,CO/C(C#N)=C/c1ccccc1,CO/C(C#N)=C/c1ccccc1,True,True,True,True,1.0,16,12.0,1.0,0.0
CDK_Depict_1_25,CSC(=S)C(SC)(SC)SC,CSC(=S)C(SC)(SC)SC,CSC(=S)C(SC)(SC)SC,CSC(=S)C(SC)(SC)SC,True,True,True,True,1.0,0,11.0,0.0,0.0
CDK_Depict_1_26,B(Cl)(/C=C/Cl)/C=C/Cl,C#CC=C[SH](C#C)/C=C/C,Cl/C=C/B(Cl)/C=C/Cl,C#CC=C[SH](C#C)/C=C/C,True,True,False,False,0.03333333333333333,13,8.0,0.0,0.0
CDK_Depict_1_27,C1=C(NC=N1)C[C@@H](C(=O)O)N,[NH3+][C@@H](CC1=CN=CN1)C(=O)O,N[C@@H](Cc1cnc[nH]1)C(=O)O,[NH3+][C@@H](Cc1cnc[nH]1)C(=O)O,True,True,False,False,0.6470588235294118,23,11.0,1.0,1.0
CDK_Depict_1_28,C[C@@H]1CCCC1C,CC1CCC[C@@H]1C,CC1CCC[C@H]1C,CC1CCC[C@@H]1C,True,True,False,True,1.0,10,7.0,1.0,2.0
CDK_Depict_1_29,C1=C(SC(=O)N1)CCl,*CC1=CNC(=O)S1,O=c1[nH]cc(CCl)s1,*Cc1c[nH]c(=O)s1,True,True,False,False,0.6153846153846154,9,8.0,1.0,0.0
CDK_Depict_1_30,C(=NC(C(F)(F)Br)(F)Br)=O,*C(*)(N=C=O)C([4c])([4c])[4c],O=C=NC(F)(Br)C(F)(F)Br,,True,False,False,False,0.0,21,10.0,0.0,1.0
CDK_Depict_1_31,B1BBB1,*1*****1,B1BBB1,*1*****1,True,True,False,False,0.0,6,4.0,1.0,0.0
CDK_Depict_1_32,CC(C)(C)OC(=O)NNC[C@@H]1CCOC1=O,COC(=O)NNC[C@@H]1CCOC1=O,CC(C)(C)OC(=O)NNC[C@@H]1CCOC1=O,COC(=O)NNC[C@@H]1CCOC1=O,True,True,False,False,0.7435897435897436,7,16.0,1.0,1.0
CDK_Depict_1_33,B(=C(C)CC)OC#N,C=S=C=S=N,CCC(C)=BOC#N,C=S=C=S=N,True,True,False,False,0.03225806451612903,11,8.0,0.0,0.0
CDK_Depict_1_34,B(CC)(CC)OS(=O)(=O)OB(CC)CC,CCB(C)OS(=O)(=O)OS(CC)(CC)CC,CCB(CC)OS(=O)(=O)OB(CC)CC,CCB(C)OS(=O)(=O)OS(CC)(CC)CC,True,True,False,False,0.4074074074074074,9,15.0,0.0,0.0
CDK_Depict_1_35,C1CCC(CC1)N=P(C(Cl)(Cl)Cl)(C(Cl)(Cl)Cl)Cl,CC(Cl)(Cl)P(Cl)(=NC1CCCCC1)C(Cl)(Cl)Cl,ClC(Cl)(Cl)P(Cl)(=NC1CCCCC1)C(Cl)(Cl)Cl,CC(Cl)(Cl)P(Cl)(=NC1CCCCC1)C(Cl)(Cl)Cl,True,True,False,False,0.7692307692307693,20,17.0,1.0,0.0
CDK_Depict_1_36,CC(C)(C)S/C(=C(\Cl)/Br)/Cl,CCSC(C)=C(S)Cl,CC(C)(C)S/C(Cl)=C(\Cl)Br,CCSC(C)=C(S)Cl,True,True,False,False,0.16666666666666666,14,10.0,0.0,0.0
CDK_Depict_1_37,C[C@@H]1CCC[C@H](C1C)C,CC1[C@H](C)CCC[C@@H]1C,CC1[C@H](C)CCC[C@H]1C,CC1[C@H](C)CCC[C@@H]1C,True,True,False,True,1.0,11,9.0,1.0,2.0
CDK_Depict_1_39,CCO[C@@H]1C[C@H]2[C@H]3CC[C@H](C3)[C@H]2CO1,[H][C@]12CC[C@H](C1)[C@@]1([H])C[C@@H](OCC)OC[C@]21[H],CCO[C@@H]1C[C@H]2[C@H]3CC[C@H](C3)[C@H]2CO1,CCO[C@@H]1C[C@@H]2[C@@H]3CC[C@@H](C3)[C@H]2CO1,True,True,False,True,1.0,28,14.0,3.0,5.0
CDK_Depict_1_40,CCCCOC(=O)[C@@H]([C@H](C(=O)OCCCC)O)O,CCCCOC(=O)[C@H](O)[C@@H](O)C(=O)OCCCC,CCCCOC(=O)[C@H](O)[C@@H](O)C(=O)OCCCC,CCCCOC(=O)[C@H](O)[C@@H](O)C(=O)OCCCC,True,True,True,True,1.0,10,18.0,0.0,2.0
CDK_Depict_1_41,CC(C)(C#N)N=S(C1=CC=C(C=C1)Cl)Cl,*S(=NC(C)(C)C#N)c1ccc(Cl)cc1,CC(C)(C#N)N=S(Cl)c1ccc(Cl)cc1,*S(=NC(C)(C)C#N)c1ccc(Cl)cc1,True,True,False,False,0.6764705882352942,24,15.0,1.0,1.0
CDK_Depict_1_42,CP(C)P(=O)(C)C,C[SH](=O)P(I)[IH](C)=O,CP(C)P(C)(C)=O,C[SH](=O)P(I)[IH](C)=O,True,True,False,False,0.125,14,7.0,0.0,0.0
CDK_Depict_1_43,[B](C(C)O)C(OCC)OCC,CCOC(OCC)OC(C)O,CCOC([B]C(C)O)OCC,CCOC(OCC)OC(C)O,True,True,False,False,0.4230769230769231,10,11.0,0.0,1.0
CDK_Depict_1_44,CCC(=O)C[C@H](C)C(C)C,CCC(=O)C[C@H](C)C(C)C,CCC(=O)C[C@H](C)C(C)C,CCC(=O)C[C@H](C)C(C)C,True,True,True,True,1.0,0,10.0,0.0,1.0
CDK_Depict_1_45,[C@H]([C@@H]([C@@H](C(=O)O)O)O)([C@H](C(=O)O)O)O,O=C(O)[C@H](O)[C@@H](O)[C@H](O)C(O)(O)C(=O)O,O=C(O)[C@@H](O)[C@@H](O)[C@H](O)[C@@H](O)C(=O)O,O=C(O)[C@H](O)[C@@H](O)[C@H](O)C(O)(O)C(=O)O,True,True,False,False,0.5238095238095238,26,14.0,0.0,4.0
CDK_Depict_1_46,C([C@@H]([C@H](C(=O)CO)O)O)O,C[C@@H](CO)[C@@H](O)C(=O)CO,O=C(CO)[C@H](O)[C@@H](O)CO,C[C@@H](CO)[C@@H](O)C(=O)CO,True,True,False,False,0.5652173913043478,12,10.0,0.0,2.0
CDK_Depict_1_47,CO[C@H]1C[C@H]2[C@H]3CC[C@H](C3)[C@H]2CO1,[H][C@@]12CC[C@]([H])(C1)[C@@]1([H])C[C@H](OC)OC[C@]21[H],CO[C@H]1C[C@H]2[C@H]3CC[C@H](C3)[C@H]2CO1,CO[C@H]1C[C@@H]2[C@@H]3CC[C@H](C3)[C@H]2CO1,True,True,False,True,1.0,30,13.0,3.0,5.0
CDK_Depict_1_48,C1CN[C@@H]1C(=O)O,O=C(O)[C@@H]1CCN1,O=C(O)[C@@H]1CCN1,O=C(O)[C@@H]1CCN1,True,True,True,True,1.0,10,7.0,1.0,1.0
CDK_Depict_1_49,C1=CN=C(N=C1)P(=O)(O)O,O=P(O)([OH2+])c1ncCc[n+]1,O=P(O)(O)c1ncccn1,,True,False,False,False,0.0,23,10.0,1.0,0.0
CDK_Depict_1_50,C[C@@H]([C@@H](CC1=CC=CC=C1)Br)O,C[C@H](O)[C@H]([NH])Cc1ccccc1,C[C@H](O)[C@H](Br)Cc1ccccc1,C[C@H](O)[C@H]([NH])Cc1ccccc1,True,True,False,False,0.5862068965517241,20,12.0,1.0,2.0
CDK_Depict_1_51,C1(=O)N=NC(=O)S1,O=C1N=nc(=O)s1,O=C1N=NC(=O)S1,O=C1N=NC(=O)S1,True,True,True,True,1.0,8,7.0,1.0,0.0
CDK_Depict_1_53,C=CN1C=CN=N1,C=CN1C=CN=N1,C=Cn1ccnn1,C=Cn1ccnn1,True,True,True,True,1.0,0,7.0,1.0,0.0
CDK_Depict_1_54,C[C@@]12CC[C@@H]3[C@@](C1)(CC[C@H]2Br)[C@H](CC3(C)C)OC,CO[C@H]1CC(C)(C)C[C@H]2CCC(C)C[C@@]12CC[C@@H](O)C(C)CC2,CO[C@H]1CC(C)(C)[C@@H]2CC[C@]3(C)C[C@]12CC[C@H]3Br,,True,False,False,False,0.0,26,18.0,3.0,5.0
CDK_Depict_1_55,C[C@@H]1CC[C@@]2([C@@H]3[C@@H]1CC[C@@]2(CC3(C)C)C)O,CC.CC.CC.CC.CC.CC.CC.CC.CC.CC.CC.CC.CC.CC.CC.CC.CC.CC.CC.CC.CC.CC.CC,C[C@@H]1CC[C@]2(O)[C@@H]3[C@@H]1CC[C@]2(C)CC3(C)C,CC.CC.CC.CC.CC.CC.CC.CC.CC.CC.CC.CC.CC.CC.CC.CC.CC.CC.CC.CC.CC.CC.CC,True,True,False,False,0.034482758620689655,53,16.0,3.0,5.0
CDK_Depict_1_56,CC1(CON(O1)C(=O)N(C)C)C,CN(C)C(=O)N1COCC(C)(C)O1,CN(C)C(=O)N1OCC(C)(C)O1,CN(C)C(=O)N1COCC(C)(C)O1,True,True,False,False,0.5294117647058824,14,12.0,1.0,0.0
CDK_Depict_1_57,C[C@@]1(CCC2C1(CCC3C2CCC4=C3CCC(=O)C4)C)O,CC1C(CCC2c3CCC(=O)Cc3CCC2)(C)[C@@H]2(O)CC1,CC12CCC3C4=C(CCC3C1CC[C@]2(C)O)CC(=O)CC4,,True,False,False,False,0.0,28,21.0,4.0,5.0
CDK_Depict_1_58,C(=N\OP(=O)(O)O)(\N)/OP(=O)(O)OP(=O)(O)O,*C(=NOP(=O)(O)O)OP(*)(=O)OP(=O)([Md])[Md],N/C(=N\OP(=O)(O)O)OP(=O)(O)OP(=O)(O)O,*C(=NOP(=O)(O)O)OP(*)(=O)O[P](=O)([Md])[Md],True,True,False,False,0.3684210526315789,18,17.0,0.0,1.0
CDK_Depict_1_60,C(=NP(=S)(N=C=S)N=C=S)=S,S=C=N[PH](=S)(N=C=S)N=C=S,S=C=NP(=S)(N=C=S)N=C=S,,True,False,False,False,0.0,9,11.0,0.0,1.0
CDK_Depict_1_61,CN(C)C(=O)SSC(=O)N(C)C,CN(C)C(=O)SSC(=O)N(C)C,CN(C)C(=O)SSC(=O)N(C)C,CN(C)C(=O)SSC(=O)N(C)C,True,True,True,True,1.0,0,12.0,0.0,0.0
CDK_Depict_1_62,C1[C@@H]([C@H](O[C@H]1N2C=C(C(=O)NC2=O)C(F)(F)F)CO)O,O=C1[NH2+]C(=O)C(C(F)(F)F)(C(F)(F)F)CN1[C@H]1C[C@H](O)[C@H](CO)O1,O=c1[nH]c(=O)n([C@H]2C[C@H](O)[C@@H](CO)O2)cc1C(F)(F)F,O=C1[NH2+]C(=O)C(C(F)(F)F)(C(F)(F)F)CN1[C@H]1C[C@H](O)[C@H](CO)O1,True,True,False,False,0.43859649122807015,48,20.0,2.0,3.0
CDK_Depict_1_63,C1=C(C=NN1C(=O)NC(=O)CCl)Br,N#CCC(=O)NC(=O)N1Cc(Br)C=N1,O=C(CCl)NC(=O)n1cc(Br)cn1,N#CCC(=O)NC(=O)N1CC(Br)C=N1,True,True,False,False,0.24528301886792453,17,13.0,1.0,0.0
CDK_Depict_1_65,CC(C1=PC=PC=P1)O,CC(O)c1cc*cc1,CC(O)c1pcpcp1,CC(O)c1cc*cc1,True,True,False,False,0.2857142857142857,12,9.0,1.0,4.0
CDK_Depict_1_66,CC(C)N(C(=O)F)SN(C(C)C)C(=O)F,CC(C)N(CSN(C(=O)F)C(C)C)C(=O)F,CC(C)N(SN(C(=O)F)C(C)C)C(=O)F,CC(C)N(CSN(C(=O)F)C(C)C)C(=O)F,True,True,False,False,0.5357142857142857,7,15.0,0.0,0.0
CDK_Depict_1_67,CCOC(=O)[C@H](CC(=O)C1=CC=CC=C1)N[C@@H](C)C(=O)OC,CCOC(=O)[C@@H](N)CC(=O)c1ccccc1,CCOC(=O)[C@H](CC(=O)c1ccccc1)N[C@@H](C)C(=O)OC,CCOC(=O)[C@@H](N)CC(=O)c1ccccc1,True,True,False,False,0.5581395348837209,30,22.0,1.0,2.0
CDK_Depict_1_68,CC(C)[C@H]1CC[C@@]2([C@@H]3[C@H]1[C@H](C24CO4)[C@@H]([C@@H]3O)O)C,CC(C)[C@H]1CC[C@@]2(C)C3(C)[C@H](C)[C@H](O)[C@@H](O)[C@@H](C)[C@@]12C,CC(C)[C@H]1CC[C@]2(C)[C@H]3[C@@H](O)[C@@H](O)[C@H]([C@H]31)C21CO1,,True,False,False,False,0.0,26,18.0,4.0,8.0
CDK_Depict_1_70,COC(=O)[C@H](CC1=CC(=C(C=C1)O)O)N,COC(=O)[C@@H](N)Cc1cc(O)c(O)C=C1,COC(=O)[C@@H](N)Cc1ccc(O)c(O)c1,COC(=O)[C@@H](N)Cc1ccc(O)c(O)c1,True,True,True,True,1.0,18,15.0,1.0,1.0
CDK_Depict_1_71,CC1=C(C1=O)C,CC1=CC(=O)C1,Cc1c(C)c1=O,CC1=CC(=O)C1,True,True,False,False,0.29411764705882354,3,6.0,1.0,0.0
CDK_Depict_1_72,C(OSC(=O)SO)F,*COSC(=O)SO,O=C(SO)SOCF,*COSC(=O)SO,True,True,False,False,0.5833333333333334,4,8.0,0.0,0.0
CDK_Depict_1_73,CCP1C(=C)[P-]P(C(=C)[P-]1)CC,C=C1*(C)*(CC)C(=C)*(C)*1CC,C=c1[p-]p(CC)c(=C)[p-]p1CC,C=C1*(C)*(CC)C(=C)*(C)*1CC,True,True,False,False,0.23076923076923078,16,12.0,1.0,4.0
CDK_Depict_1_74,CN(C)P(=NC(=O)C(Br)(Br)Br)(N(C)C)N(C)C,CN(C)P(=NC(=O)C(Br)(Br)Br)(N(C)C)N(C)C,CN(C)P(=NC(=O)C(Br)(Br)Br)(N(C)C)N(C)C,CN(C)P(=NC(=O)C(Br)(Br)Br)(N(C)C)N(C)C,True,True,True,True,1.0,0,17.0,0.0,0.0
CDK_Depict_1_75,COC(=O)/C(=N\Cl)/N(Cl)Cl,*N(*)C(=NC)C(=O)OC,COC(=O)/C(=N\Cl)N(Cl)Cl,*N(*)C(=NC)C(=O)OC,True,True,False,False,0.4482758620689655,14,10.0,0.0,0.0
CDK_Depict_1_76,C(=O)=S(F)P(P)PP,CCCCP(S(=C=O)CCC)[CH2]([n-])(CC)CCC,O=C=S(F)P(P)PP,,True,False,False,False,0.0,27,8.0,0.0,3.0
CDK_Depict_1_78,CC1(COCN1SSN2COCC2(C)C)C,CC1(C)COCN1SSN1COCC1(C)C,CC1(C)COCN1SSN1COCC1(C)C,CC1(C)COCN1SSN1COCC1(C)C,True,True,True,True,1.0,6,16.0,2.0,0.0
CDK_Depict_1_79,C1=C(SSSSS1)N,NC1=CSSSSS1,NC1=CSSSSS1,NC1=CSSSSS1,True,True,True,True,1.0,4,8.0,1.0,0.0
CDK_Depict_1_80,[2H]C([2H])([2H])OCOC,[2H]C([2H])([2H])OCOC,[2H]C([2H])([2H])OCOC,[2H]C([2H])([2H])OCOC,True,True,True,True,1.0,0,8.0,0.0,0.0
CDK_Depict_1_81,CCN1C(C(SCC1=O)Cl)Cl,CCN1C(=O)CSC(Cl)C1C[Cd],CCN1C(=O)CSC(Cl)C1Cl,CCN1C(=O)CSC(Cl)C1[CH2][Cd],True,True,False,False,0.6470588235294118,12,11.0,1.0,2.0
CDK_Depict_1_82,C1=C2C(=CC(=NC#N)S2)SC1=NC#N,N#*[N+]=C1C=C2SC(=[N+]=[N+]#N)C=C2S1,N#CN=C1C=C2SC(=NC#N)C=C2S1,,True,False,False,False,0.0,26,14.0,2.0,0.0
CDK_Depict_1_83,C(=N/OBr)\Cl,Cl/C=N/OBr,Cl/C=N/OBr,Cl/C=N/OBr,True,True,True,True,1.0,7,5.0,0.0,0.0
CDK_Depict_1_84,C1C(=NNC(=O)N)CSS1,NC(=O)NN=C1CSCSC1,NC(=O)NN=C1CSSC1,NC(=O)NN=C1CSCSC1,True,True,False,False,0.7037037037037037,11,10.0,1.0,0.0
CDK_Depict_1_85,CC12CC[C@H]3C([C@@H]1CC[C@H]2O)CCC4=C3C=CC(=C4)O,[H][C@@]12CC[C@@H](O)C1(C)CC[C@]1([Hf])C3ccc(O)cc3CCC12,CC12CC[C@@H]3c4ccc(O)cc4CCC3[C@@H]1CC[C@H]2O,,True,False,False,False,0.0,39,20.0,4.0,5.0
CDK_Depict_1_87,[2H]C([2H])([2H])C(C(=O)O)(C([2H])([2H])Cl)O,*C(*)(*)C(O)(C(=O)O)C(*)([CH])C#C,[2H]C([2H])([2H])C(O)(C(=O)O)C([2H])([2H])Cl,*C(*)(*)C(O)(C(=O)O)C(*)([CH])C#C,True,True,False,False,0.19444444444444445,23,13.0,0.0,1.0
CDK_Depict_1_88,[2H]/C(=C(\C)/O)/C(=O)C,*C(C(C)=O)=C(C)O,[2H]/C(C(C)=O)=C(\C)O,*C(C(C)=O)=C(C)O,True,True,False,False,0.2608695652173913,12,8.0,0.0,0.0
CDK_Depict_1_89,[SiH]#[Zr],[Sc]#[Zr],[SiH]#[Zr],[Sc]#[Zr],True,True,False,False,0.2,2,2.0,0.0,0.0
CDK_Depict_1_90,CC1=CCC(C[C@@H]1O)C(C)(C)O,CC1=CCC(C)C[C@@H]1O,CC1=CCC(C(C)(C)O)C[C@@H]1O,CC1=CCC(C)C[C@@H]1O,True,True,False,False,0.5862068965517241,11,12.0,1.0,2.0
CDK_Depict_2_1,CCOC(C)(OCC)OP(=O)(CC)CF,CCP(=O)(CF)OC(OC)(OC)OC,CCOC(C)(OCC)OP(=O)(CC)CF,CCP(=O)(CF)OC(OC)(OC)OC,True,True,False,False,0.5483870967741935,12,15.0,0.0,1.0
CDK_Depict_2_2,C[C@]12CCC(=O)C[C@@H]1CC[C@@H]3[C@@H]2CC[C@]4([C@H]3CC[C@@H]4O)C,CCCCCC1[C@@H](O)[C@@]2(C)CCC3[C@@]4(C)CC[C@]5(C)CC(=O)CC[C@]53CC4,C[C@]12CCC(=O)C[C@@H]1CC[C@@H]1[C@@H]2CC[C@]2(C)[C@@H](O)CC[C@@H]12,,True,False,False,False,0.0,38,21.0,4.0,7.0
CDK_Depict_2_3,C1=NNC2=C1SSSSS2,C1SSSSc2c1NNC2,c1n[nH]c2c1SSSSS2,C1SSSSC2=C1NNC2,True,True,False,False,0.15789473684210525,12,10.0,2.0,0.0
CDK_Depict_2_4,CC(=O)O[C@H]1CCCN2[C@@H]1C3=C(CC2)C4=CC=CC=C4N3,CC(O[C@@H]1[C@@H]2C(N([Ar])C3c(CCCN2CCC1)=CC=CC=3)=CCCN2CCC1)=O,CC(=O)O[C@H]1CCCN2CCc3c([nH]c4ccccc34)[C@H]12,,True,False,False,False,0.0,38,21.0,4.0,2.0
CDK_Depict_2_5,CCC/C=C(/SCC#C)\SOS(=O)Cl,C#CCS/C(=C/CCC)SOS(C)=O,C#CCS/C(=C/CCC)SOS(=O)Cl,C#CCS/C(=C/CCC)SOS(C)=O,True,True,False,False,0.7631578947368421,11,14.0,0.0,1.0
CDK_Depict_2_6,C(F)(F)(S(=O)S(=O)C(F)(F)Br)Cl,*C(F)(F)S(=O)S(=O)C(F)(F)Br,O=S(S(=O)C(F)(F)Br)C(F)(F)Cl,*C(F)(F)S(=O)S(=O)C(F)(F)Br,True,True,False,False,0.5454545454545454,5,12.0,0.0,2.0
CDK_Depict_2_7,O=[Sn]1O[Sn]2(O1)O[Sn](=O)O2,O=[Sc]1O[Sn]2(O1)O[Sc](=O)O2,[O]=[Sn]1[O][Sn]2([O]1)[O][Sn](=[O])[O]2,[O]=[Sc]1[O][Sn]2([O]1)[O][Sc](=[O])[O]2,True,True,False,False,0.2222222222222222,2,9.0,2.0,0.0
CDK_Depict_2_8,CC(C)[C@@H]1C[C@@H]([C@]2(CCCC(=C)[C@@H]2[C@H]1O)C)O,CCCCCCCCCCCCCCCCCCCC,C=C1CCC[C@@]2(C)[C@H]1[C@@H](O)[C@H](C(C)C)C[C@@H]2O,CCCCCCCCCCCCCCCCCCCC,True,True,False,False,0.024390243902439025,37,17.0,2.0,5.0
CDK_Depict_2_9,C1([Si]2=[Si]1C2(F)F)(F)F,FC1[SiH]2(F)[SiH2]12,FC1(F)[Si]2=[Si]1C2(F)F,,True,False,False,False,0.0,18,8.0,2.0,0.0
CDK_Depict_2_10,C/C=C(\C)/C/C(=N\Cl)/OC,C/C=C(\C)CC(=NC)OC,C/C=C(\C)C/C(=N\Cl)OC,C/C=C(\C)CC(=NC)OC,True,True,False,False,0.64,5,10.0,0.0,0.0
CDK_Depict_2_11,C(C(N)P(=O)(O)O)S(=O)(=O)O,[NH3+]C(CS(=O)(=O)[O-])[PH](=O)(=O)[O-],NC(CS(=O)(=O)O)P(=O)(O)O,,True,False,False,False,0.0,20,11.0,0.0,1.0
CDK_Depict_2_12,COS(#N)=P[P+]#P,N#S(O)=P[P+]#P,COS(#N)=P[P+]#P,N#S(O)=P[P+]#P,True,True,False,False,0.45454545454545453,4,7.0,0.0,2.0
CDK_Depict_2_13,CP(=S)(CC1=CC=CC=C1)P(=S)(C)CC2=CC=CC=C2,CP(=S)(Cc1ccccc1)P(C)(=S)Cc1ccccc1,CP(=S)(Cc1ccccc1)P(C)(=S)Cc1ccccc1,CP(=S)(Cc1ccccc1)P(C)(=S)Cc1ccccc1,True,True,True,True,1.0,24,20.0,2.0,2.0
CDK_Depict_2_14,CC1([C@@H]([C@H](CN1C)C(=O)OC)C(=O)OC)C(=O)OC,COC(=O)C1[C@H](C(=O)OC)[C@@H](C(=O)OC)C[NH+]1C,COC(=O)[C@H]1CN(C)C(C)(C(=O)OC)[C@@H]1C(=O)OC,COC(=O)C1[C@H](C(=O)OC)[C@@H](C(=O)OC)C[NH+]1C,True,True,False,False,0.3023255813953488,27,19.0,1.0,3.0
CDK_Depict_2_15,C[C@H]1C[C@H]2CC3=CC=CC=C3N2N1,CC[C@]12Cc3cC=CC=c3N1N[C@@H](I)C2,C[C@H]1C[C@H]2Cc3ccccc3N2N1,CC[C@]12Cc3ccccc3N1N[C@@H](I)C2,True,True,False,False,0.30612244897959184,24,13.0,3.0,2.0
CDK_Depict_2_16,C[S-](#C)OOOOO,C=[SH](C)(C)OOOO[12O],C#[S-](C)OOOOO,C=[SH](C)(C)OOOO[12O],True,True,False,False,0.0967741935483871,9,8.0,0.0,0.0
CDK_Depict_2_17,C[C@]12CC[C@H](C1(C)C)C[C@@H]2S(=O)C(=C)C3=CCCCC3,CC1(C)[C@H]2C[C@H](S(=O)C3CCCCCC3)[C@]1(C)C2(C)C,C=C(C1=CCCCC1)S(=O)[C@H]1C[C@@H]2CC[C@@]1(C)C2(C)C,CC1(C)[C@H]2C[C@H](S(=O)C3CCCCCC3)[C@]1(C)C2(C)C,True,True,False,False,0.23214285714285715,31,20.0,3.0,4.0
CDK_Depict_2_18,CC1=C(CCO1)OC(=O)Cl,*C(=O)Oc1CCOC1C,CC1=C(OC(=O)Cl)CCO1,*C(=O)OC1CCOC1C,True,True,False,False,0.21951219512195122,14,10.0,1.0,0.0
CDK_Depict_2_19,CC(C)(C)OC(=O)N[C@H]1CC[C@@H](C1)O,CC(=O)OC(C)(C)OC(C)=O,CC(C)(C)OC(=O)N[C@H]1CC[C@H](O)C1,CC(=O)OC(C)(C)OC(C)=O,True,True,False,False,0.23529411764705882,21,14.0,1.0,2.0
CDK_Depict_2_20,C=P(C1CC1)(C2CC2)C3=CC=CC=C3,C=P(CC1CC1)(c1ccccc1)c1cccc1,C=P(c1ccccc1)(C1CC1)C1CC1,,True,False,False,False,0.0,18,14.0,3.0,0.0
CDK_Depict_2_21,O=S(I(Cl)Br)I(Cl)Br,*[IH](Br)S(=O)[IH](C)Br,O=S(I(Cl)Br)I(Cl)Br,*[IH](Br)S(=O)[IH](C)Br,True,True,False,False,0.16666666666666666,15,8.0,0.0,0.0
CDK_Depict_2_22,C(N(COS(=O)(=O)O)COS(=O)(=O)O)OS(=O)(=O)O,O=S(=O)(O)OCN(COS(=O)(=O)O)COS(=O)(=O)O,O=S(=O)(O)OCN(COS(=O)(=O)O)COS(=O)(=O)O,O=S(=O)(O)OCN(COS(=O)(=O)O)COS(=O)(=O)O,True,True,True,True,1.0,11,19.0,0.0,0.0
CDK_Depict_2_23,[C@H]1([C@@H]2[C@@H](C(C(=O)O2)O)O[C@H]1O)O,CC1C(=O)O[C@@H](C)C[C@H](O)[C@H](O)CO[C@@H]1C,O=C1O[C@@H]2[C@@H](O)[C@H](O)O[C@@H]2C1O,CC1C(=O)O[C@@H](C)C[C@H](O)[C@H](O)CO[C@@H]1C,True,True,False,False,0.21428571428571427,27,12.0,2.0,5.0
CDK_Depict_2_24,CN(C(=C(C#N)C#N)C#N)OC,CON(C)C(C#N)CC#N,CON(C)C(C#N)=C(C#N)C#N,CON(C)C(C#N)CC#N,True,True,False,False,0.2727272727272727,9,12.0,0.0,0.0
CDK_Depict_2_25,N1NP2NNP1NN2,C1[NH]2[NH]3[PH]4[NH][NH]P1[NH]3,N1NP2NNP1NN2,,True,False,False,False,0.0,24,8.0,3.0,2.0
CDK_Depict_2_26,CNC(=O)ON=C1[C@H](C2C[C@@H](C1C2)C#N)Cl,CNC(=O)ON=C1C2CC(C[C@H]2C#N)[C@H]1C,CNC(=O)ON=C1C2CC(C[C@@H]2C#N)[C@@H]1Cl,CNC(=O)ON=C1C2CC(C[C@H]2C#N)[C@H]1C,True,True,False,False,0.75,17,16.0,2.0,4.0
CDK_Depict_2_27,CCOP(N1CCOC1=O)OCC,CCOP(OCC)N1CCOC1=O,CCOP(OCC)N1CCOC1=O,CCOP(OCC)N1CCOC1=O,True,True,True,True,1.0,8,13.0,1.0,0.0
CDK_Depict_2_28,C1[C@@H](O[C@@H](C1O)CO)N2C=C(C(=NC2=O)N)Br,Nc1c(O)cN([C@H]2CC(O)[C@@H](CO)O2)C(=O)N1,Nc1nc(=O)n([C@H]2CC(O)[C@@H](CO)O2)cc1Br,,True,False,False,False,0.0,29,17.0,2.0,3.0
CDK_Depict_2_29,[B][B]B(B([B])[B])C(=C(B([B])B([B])[B])C)C,*CC(C(*)*)C(C)C.CC(C)C(C)C(C)C(C)C,[B][B]B(B([B])[B])C(C)=C(C)B([B])B([B])[B],*CC(C(*)*)C(C)C.CC(C)C(C)C(C)C(C)C,True,True,False,False,0.02702702702702703,29,15.0,0.0,0.0
CDK_Depict_2_30,C1C2CN3C(CN=N3)CN2N=N1,C1N=NN2CC3CN=NN3CC12,C1N=NN2CC3CN=NN3CC12,C1N=NN2CC3CN=NN3CC12,True,True,True,True,1.0,13,12.0,3.0,2.0
CDK_Depict_2_31,C1(=S)S[Bi](S1)SC(=S)S[Bi]2SC(=S)S2,O=C(S[Si]1SCSC(=S)S1)S[Si]1SC(=S)S1,S=C1[S][Bi]([S]C(=S)[S][Bi]2[S]C(=S)[S]2)[S]1,O=C(S[Si]1SCSC(=S)S1)S[Si]1SC(=S)S1,True,True,False,False,0.1794871794871795,15,14.0,2.0,0.0
CDK_Depict_2_32,P1P(PSP1S)S,*p1[1H]Sp(S)[1H]1,Sp1[pH]sp(S)[pH]1,,True,False,False,False,0.0,13,7.0,1.0,4.0
CDK_Depict_2_33,C1CC(=[Hf](Cl)Cl)C1,C[Pd](C)C,[Cl][Hf]([Cl])=[C]1CCC1,[CH3][Pd]([CH3])[CH3],True,True,False,False,0.0,12,7.0,1.0,0.0
CDK_Depict_2_34,[PH2+](S)[S-],SPS,[S-][PH2+]S,SPS,True,True,False,False,0.1111111111111111,11,3.0,0.0,1.0
CDK_Depict_2_35,CC1=C2C(=O)[C@@H](CC[C@@]2(CCC1=O)C)C(=C)C,CC(C)C1CCC2CCC(=O)C(C)C2C1=O,C=C(C)[C@@H]1CC[C@]2(C)CCC(=O)C(C)=C2C1=O,CC(C)C1CCC2CCC(=O)C(C)C2C1=O,True,True,False,False,0.14814814814814814,26,17.0,2.0,2.0
CDK_Depict_2_36,C(NC1=NON=C1N)NC2=NON=C2N,Nc1c(NCNc2c(N)=NON=2)=NoN=1,Nc1nonc1NCNc1nonc1N,Nc1nonc1NCNc1nonc1N,True,True,True,True,1.0,19,15.0,2.0,0.0
CDK_Depict_2_37,C1(=NN=C([Se]1)[SeH])[SeH],[SeH]C1=NN=C([SeH])[Se]1,[SeH]c1nnc([SeH])[se]1,[SeH]c1nnc([SeH])[se]1,True,True,True,True,1.0,14,7.0,1.0,0.0
CDK_Depict_2_38,B(C#C)(C#C)N(C)C,C#CP(C#C)N(C)C,C#CB(C#C)N(C)C,C#CP(C#C)N(C)C,True,True,False,False,0.3,3,8.0,0.0,0.0
CDK_Depict_2_39,C(#N)N=C([Se][K])[Se][K],*[Se]C(=NC#N)[Se][K],N#CN=C([Se][K])[Se][K],*[Se]C(=NC#N)[Se][K],True,True,False,False,0.75,14,8.0,0.0,0.0
CDK_Depict_2_40,C[C@H]([C@@H](C=C)OO)C(=O)OC(C)C,C=C[C@@H](OO)[C@@H](C)COC(C)C,C=C[C@@H](OO)[C@@H](C)C(=O)OC(C)C,C=C[C@@H](OO)[C@@H](C)COC(C)C,True,True,False,False,0.4411764705882353,15,13.0,0.0,2.0
CDK_Depict_2_41,N1=S(N=S(N=S1Cl)Cl)Cl,Cls1n=s(Cl)ns(Cl)n=1,ClS1=NS(Cl)=NS(Cl)=N1,ClS1=NS(Cl)=NS(Cl)=N1,True,True,True,True,1.0,17,9.0,1.0,3.0
CDK_Depict_2_42,CS[C@H]1C(=O)N([C@]12CCCCC2=O)CC3=CC=CC=C3,CS[C@@H](C(=O)N(Cc1ccccc1)[C@@]1(CCCCC1=O)CCCCC1=O)[C@@H]1CCCCC1=O,CS[C@H]1C(=O)N(Cc2ccccc2)[C@]12CCCCC2=O,,True,False,False,False,0.0,32,20.0,3.0,2.0
CDK_Depict_2_43,[H][C@@]([2H])(CCCC)[C@@]([H])([2H])CI,[2H]C([2H])(CC)C([2H])(C)CCCC,[2H][C@H](CCCC)[C@@H]([2H])CI,[2H]C([2H])(CC)C([2H])(C)CCCC,True,True,False,False,0.2857142857142857,18,10.0,0.0,2.0
CDK_Depict_2_44,C[C@H]([C@H](C1=CC=CC=C1)O)N,C[C@@H]([NH3+])[C@@H](O)C1CCCC(C1)CCCCC1,C[C@@H](N)[C@@H](O)c1ccccc1,,True,False,False,False,0.0,20,11.0,1.0,2.0
CDK_Depict_2_45,CC(C)(C)OC(=O)N[C@H]1CC[C@H](C1)O,COC(=O)N[C@H]1CC[C@@H](O)C1,CC(C)(C)OC(=O)N[C@H]1CC[C@@H](O)C1,COC(=O)N[C@H]1CC[C@@H](O)C1,True,True,False,False,0.6774193548387096,12,14.0,1.0,2.0
CDK_Depict_2_46,CP(=S)(F)Cl,CP(F)(=S)Cl,CP(F)(=S)Cl,CP(F)(=S)Cl,True,True,True,True,1.0,4,5.0,0.0,1.0
CDK_Depict_2_47,C1(=O)C(=O)N1Cl,O=C1C(=O)N1[U],O=c1c(=O)n1Cl,O=c1c(=O)[n]1[U],True,True,False,False,0.38461538461538464,8,6.0,1.0,0.0
CDK_Depict_2_48,C1CCC2(CC1)[C@H]3CC=CC[C@H]3C(=O)O2,*C12CC=CC[C@@]1(C)C(=O)OC21CCCCC1,O=C1OC2(CCCCC2)[C@H]2CC=CC[C@@H]12,*C12CC=CC[C@@]1(C)C(=O)OC21CCCCC1,True,True,False,False,0.2826086956521739,24,15.0,3.0,2.0
CDK_Depict_2_49,C[C@@H]1CCC[C@H](C1)C,CC1CCCCCCC1,C[C@@H]1CCC[C@@H](C)C1,CC1CCCCCCC1,True,True,False,False,0.5333333333333333,12,8.0,1.0,2.0
CDK_Depict_2_50,B(NC)(NC)NC,CNB(NC)[14NH2]C,CNB(NC)NC,,True,False,False,False,0.0,8,7.0,0.0,0.0
CDK_Depict_2_51,CCOOP(=O)(OOCC)OCl,CCOOP(=O)(OC)OOCC,CCOOP(=O)(OCl)OOCC,CCOOP(=O)(OC)OOCC,True,True,False,False,0.6086956521739131,4,12.0,0.0,0.0
CDK_Depict_2_52,CC(C)(C)OC(=O)NC[C@H](CCCO)NC(=O)OC(C)(C)C,CC(=O)N[C@@H](CCCO)CNC(=O)COC(C)(C)C,CC(C)(C)OC(=O)NC[C@H](CCCO)NC(=O)OC(C)(C)C,CC(=O)N[C@@H](CCCO)CNC(=O)COC(C)(C)C,True,True,False,False,0.5454545454545454,12,22.0,0.0,1.0
CDK_Depict_2_53,COC1OC(OO1)OC,COc1ooC(OC)O1,COC1OOC(OC)O1,,True,False,False,False,0.0,6,9.0,1.0,2.0
CDK_Depict_2_54,B(C(C(F)(F)Br)(F)Br)(C(F)(F)F)C(F)(F)F,CC(F)(F)(F)(F)(F)(F)(F)(F)(F)(F)(F)(F)(F)(F)(F)(F)(F)(F)(F)(F)(F)(F)(F)(F)(F)(F)(F)(F)(F)(F)(F)(F)(F)(F)(F)(F)(F)(F)(F)(F)(F)(F)(F)(F)(F)(F)(F)(F)(F)(F)(F)(F)(F)(F)(F)(F)(F)(F)(F)(F)(F)(F)(F)(F)(F)(F)(F)(F)(F)(F)(F)(F)(F)(F)(F)(F)(F)(F)(F)(F)(F)(F)(F)(F)(F)(F)(F)(F)(F)(F)(F)(F)(F)(F)(F,FC(F)(F)B(C(F)(F)F)C(F)(Br)C(F)(F)Br,,True,False,False,False,0.0,257,16.0,0.0,1.0
CDK_Depict_2_55,C=P(Cl)(Cl)Cl,Cp(Cl)(Cl)Cl,C=P(Cl)(Cl)Cl,,True,False,False,False,0.0,2,5.0,0.0,0.0
CDK_Depict_2_56,C1[C@@H](S[C@@H](CC1N)C2=CC=CC=C2)C3=CC=CC=C3,N[C@@H]1C[C@@H](C2ccccc2)S[C@H](C2=CC=CC(=C2)C2)C1,NC1C[C@@H](c2ccccc2)S[C@@H](c2ccccc2)C1,,True,False,False,False,0.0,25,19.0,3.0,3.0
CDK_Depict_2_57,CCCC(S(=O)Cl)S(=O)Cl,CCC(S(C)=O)S(C)=O,CCCC(S(=O)Cl)S(=O)Cl,CCC(S(C)=O)S(C)=O,True,True,False,False,0.34782608695652173,9,10.0,0.0,3.0
CDK_Depict_2_58,CI(CN=O)S,C[N+]=O,CI(S)CN=O,C[N+]=O,True,True,False,False,0.10526315789473684,6,6.0,0.0,0.0
CDK_Depict_2_59,C(=O)(O)[As]S(=O)(=O)O,O=C([OH2+])*S(=O)(=O)=O,O=C(O)[As]S(=O)(=O)O,,True,False,False,False,0.0,12,8.0,0.0,1.0
CDK_Depict_2_60,C1CCC(CC1)([C@H](C2=CC=CC=C2)N)O,OC1(C(C2ccccc2)CCCCC1)CCCCC1,N[C@@H](c1ccccc1)C1(O)CCCCC1,,True,False,False,False,0.0,23,15.0,2.0,1.0
CDK_Depict_2_61,CC12CCC3C(C1CC[C@@H]2O)CCC4C3(C[C@](C4)(C#C)O)C,C=C[C@@]1(O)CC2CCC3C(CCC4(C)C3CC[C@@H]4C)C2(C)C1,C#C[C@@]1(O)CC2CCC3C(CCC4(C)C3CC[C@@H]4O)C2(C)C1,C=C[C@@]1(O)CC2CCC3C(CCC4(C)C3CC[C@@H]4C)C2(C)C1,True,True,False,False,0.47058823529411764,31,22.0,4.0,8.0
CDK_Depict_2_62,CC1=NSN=C1CC(=O)O,O=C(O)Cc1cnSN1,Cc1nsnc1CC(=O)O,,True,False,False,False,0.0,15,10.0,1.0,0.0
CDK_Depict_2_63,C[Si]1([Se][Si]([Se]1)(C)C)C,C[Si]1(C)[Se][Si](C)(C)[Se]1,C[Si]1(C)[Se][Si](C)(C)[Se]1,C[Si]1(C)[Se][Si](C)(C)[Se]1,True,True,True,True,1.0,12,8.0,1.0,0.0
CDK_Depict_2_64,C[C@H]1[C@@H]([C@H]([C@H](C(O1)O)O)O)O,OC1O[C@@H](I)[C@@H](O)[C@@H](O)[C@H]1O,C[C@@H]1OC(O)[C@H](O)[C@H](O)[C@H]1O,OC1O[C@@H](I)[C@@H](O)[C@@H](O)[C@H]1O,True,True,False,False,0.45454545454545453,21,11.0,1.0,5.0
CDK_Depict_2_65,CCC[C@]1(C(=N[C@H]([C@H](O1)C2=CC=CC=C2)C)C)O,CCC[C@@H]1O[C@H](C2=CC=CC=C2)[C@H](C)N=C1C,CCC[C@]1(O)O[C@H](c2ccccc2)[C@H](C)N=C1C,CCC[C@@H]1O[C@H](c2ccccc2)[C@H](C)N=C1C,True,True,False,False,0.4666666666666667,24,18.0,2.0,3.0
CDK_Depict_2_66,[B][B]B([B])I(B([B])[B])I,CC.ppp(p)pp(p)p,[B][B]B([B])I(I)B([B])[B],,True,False,False,False,0.0,21,9.0,0.0,0.0
CDK_Depict_2_67,CN(C)C1=NN=CO1,CNC1=NN=CO1,CN(C)c1nnco1,CNc1nnco1,True,True,False,False,0.4074074074074074,3,8.0,1.0,0.0
CDK_Depict_2_68,B(C1=CCCCC1)(O)O,O[2H](O)c1cCCCC1,OB(O)C1=CCCCC1,,True,False,False,False,0.0,15,9.0,1.0,0.0
CDK_Depict_2_69,CCC(N=C=O)(N=C=O)OC(CC)(N=C=O)N=C=O,CCC(N=C=O)(N=C=O)OCC(N=C=O)(N=C=O)N=C=O,CCC(N=C=O)(N=C=O)OC(CC)(N=C=O)N=C=O,CCC(N=C=O)(N=C=O)OCC(N=C=O)(N=C=O)N=C=O,True,True,False,False,0.5925925925925926,5,19.0,0.0,2.0
CDK_Depict_2_70,C(=O)(N)NC(=O)N(Cl)Cl,*C(=O)NC(=O)N(Cl)Cl,NC(=O)NC(=O)N(Cl)Cl,*C(=O)NC(=O)N(Cl)Cl,True,True,False,False,0.5454545454545454,4,9.0,0.0,0.0
CDK_Depict_2_71,CSN=C1SC2=C(S1)CCCC2,CSC=NC1Sc2CCCCC2S1,CSN=c1sc2c(s1)CCCC2,CSC=NC1SC2CCCCC2S1,True,True,False,False,0.21621621621621623,10,12.0,2.0,0.0
CDK_Depict_2_72,C(#N)C(=NF)C(C#N)(F)F,*N=C(C#N)C(F)F,N#CC(=NF)C(F)(F)C#N,*N=C(C#N)C(F)F,True,True,False,False,0.23333333333333334,10,10.0,0.0,0.0
CDK_Depict_2_73,C1=C2C(=CC(=C1Cl)Cl)N(C=N2)[C@H]3[C@@H]([C@@H]([C@H](O3)CO)O)O,CCC1CCN([C@@H]2O[C@H](CO)[C@@H](O)C[C@H]2O)c2c1,OC[C@H]1O[C@@H](n2cnc3cc(Cl)c(Cl)cc32)[C@H](O)[C@@H]1O,,True,False,False,False,0.0,37,20.0,3.0,4.0
CDK_Depict_2_74,CC[C@@]1(CC[C@@H]2[C@@]1(CC[C@H]3[C@H]2CCC4=CC(=O)CC[C@H]34)C)O,CC(C)(C)CCCCCCCC(=O)CCCCCCC(C)(C)CCCCC(=O)CCC(C)(C)C(C)(C)CCC(C)(C)C(C)(C)C,CC[C@]1(O)CC[C@H]2[C@@H]3CCC4=CC(=O)CC[C@@H]4[C@H]3CC[C@@]21C,CC(C)(C)CCCCCCCC(=O)CCCCCCC(C)(C)CCCCC(=O)CCC(C)(C)C(C)(C)CCC(C)(C)C(C)(C)C,True,True,False,False,0.057971014492753624,51,22.0,4.0,6.0
CDK_Depict_2_75,C[C@@H]1CCO[C@@]2(O1)[C@@H]([C@@H](CC([C@H]2Br)(C)C)C)Br,CC.CC,C[C@@H]1CCO[C@@]2(O1)[C@H](Br)[C@H](C)CC(C)(C)[C@H]2Br,CC.CC,True,True,False,False,0.03125,52,17.0,2.0,5.0
CDK_Depict_2_76,C/C=C/[C@H]1SCC[S@@]1=O,C/C=C/[C@H]1OCCC[S@]1=O,C/C=C/[C@H]1SCC[S@@]1=O,C/C=C/[C@H]1OCCC[S@]1=O,True,True,False,False,0.37142857142857144,3,9.0,1.0,2.0
CDK_Depict_2_77,C1=C(NC=N1)SCC(=O)N,NC(=O)CSC1=CN=CN1,NC(=O)CSc1cnc[nH]1,NC(=O)CSc1cnc[nH]1,True,True,True,True,1.0,14,10.0,1.0,0.0
CDK_Depict_2_78,CC(C)[C@H]1CC[C@@]2(C([C@H]1C=C2CO)CO)C,CCC1CCC(C)C(C(CO)CO)C1,CC(C)[C@H]1CC[C@@]2(C)C(CO)=C[C@@H]1C2CO,CCC1CCC(C)C(C(CO)CO)C1,True,True,False,False,0.18,22,16.0,2.0,4.0
CDK_Depict_2_79,C1CC(=C[C@@H]1CC#N)OS(=O)(=O)C(F)(F)F,N#CCC1CCC(OS(=O)(=O)C(F)(F)F)C1,N#CC[C@H]1C=C(OS(=O)(=O)C(F)(F)F)CC1,N#CCC1CCC(OS(=O)(=O)C(F)(F)F)C1,True,True,False,False,0.43478260869565216,16,16.0,1.0,1.0
CDK_Depict_2_80,C(=O)(C(F)(F)F)OI(C(F)(F)F)OC(=O)C(F)(F)F,O=C(O[IH](OC(=O)C(F)(F)F)(C(F)(F)F)C(F)(F)F)F(F)F,O=C(OI(OC(=O)C(F)(F)F)C(F)(F)F)C(F)(F)F,,True,False,False,False,0.0,21,19.0,0.0,0.0
CDK_Depict_2_81,C1=CC=C(C=C1)N2[C@@H]3[C@H]2C4C5C3C45,C1CC1.C1CC1.c1ccc(N2CCC2)cc1,c1ccc(N2[C@@H]3C4C5C4C5[C@@H]32)cc1,C1CC1.C1CC1.c1ccc(N2CCC2)cc1,True,True,False,False,0.3333333333333333,27,13.0,6.0,6.0
CDK_Depict_2_82,C1(=NSS(=C1Cl)Cl)Cl,Clc1n[s-]s(Cl)c1Cl,ClC1=NSS(Cl)=C1Cl,,True,False,False,False,0.0,13,8.0,1.0,1.0
CDK_Depict_2_83,C1=CN=NN=C1N2NN2,c1cc(N2NN2)NN=N1,c1cc(-n2[nH][nH]2)nnn1,,True,False,False,False,0.0,11,9.0,2.0,0.0
CDK_Depict_2_84,C1(=NN=C(S1)I)F,Ic1nncS1,Fc1nnc(I)s1,Ic1nncs1,True,True,False,False,0.28,13,7.0,1.0,0.0
CDK_Depict_2_85,C1=CP2N=CC1C=N2,c1cnccC1,C1=CP2N=CC1C=N2,,True,False,False,False,0.0,12,8.0,3.0,2.0
CDK_Depict_2_86,C1=C(C(=C(S1)S(=O)(=O)Cl)Br)Br,O=S(=O)(Cl)c1cc([Sr])cs1,O=S(=O)(Cl)c1scc(Br)c1Br,O=S(=O)(Cl)c1c[c]([Sr])cs1,True,True,False,False,0.3548387096774194,24,11.0,1.0,0.0
CDK_Depict_2_87,[B]=BB=S(#B)CC,CCS(=S)(=S)=[3H]s=s,[B]=BB=S(#B)CC,,True,False,False,False,0.0,16,7.0,0.0,0.0
CDK_Depict_2_88,C[C@@H]([C@H]1[C@@H]2[C@H]([C@H](C(=O)O1)O)OC(O2)(C)C)O,[H][C@]1(C)[C@H](OCC)[C@@H](O)C(=O)O[C@H]1[C@@H](C)O,C[C@H](O)[C@@H]1OC(=O)[C@H](O)[C@@H]2OC(C)(C)O[C@H]12,CCO[C@H]1[C@H](C)[C@H]([C@@H](C)O)OC(=O)[C@@H]1O,True,True,False,False,0.4418604651162791,32,16.0,2.0,5.0
CDK_Depict_2_89,CC#CC=NC#CC,C=C.CC#CC=N,CC#CC=NC#CC,C=C.CC#CC=N,True,True,False,False,0.30434782608695654,7,8.0,0.0,0.0
CDK_Depict_2_90,P12P3P1SP2S3,C[2H]1[2H][2H]2s1,s1p2sp3p1p23,,True,False,False,False,0.0,14,6.0,3.0,4.0
CDK_Depict_2_91,C(C[Hg]OCl(=O)(=O)=O)OCl(=O)(=O)=O,O=C(=O)OCCN(=O)OCl(=O)(=O)=O,[O-][Cl+3]([O-])([O-])OC[CH2][Hg][O][Cl+3]([O-])([O-])[O-],,True,False,False,False,0.0,14,13.0,0.0,0.0
CDK_Depict_2_92,CC[C@H]1C[C@H](C1(C)C)C(=O)C,CCC1CC(C(C)=O)C1C,CC[C@H]1C[C@@H](C(C)=O)C1(C)C,CCC1CC(C(C)=O)C1C,True,True,False,False,0.36363636363636365,15,11.0,1.0,2.0
CDK_Depict_2_93,C(P(=O)(CSC(=N)N)O)SC(=N)N,*C(=N)SC[P+](C)(=O)CSC(*)=N,N=C(N)SCP(=O)(O)CSC(=N)N,,True,False,False,False,0.0,17,13.0,0.0,1.0
CDK_Depict_2_94,C[C@@H]1CCC[C@@H]1C,C1CC1CCCC1O,C[C@@H]1CCC[C@@H]1C,,True,False,False,False,0.0,11,7.0,1.0,2.0
CDK_Depict_2_95,C(#N)C(C#N)C(C#N)C#N,N#CC(C#N)C(C#N)C#N,N#CC(C#N)C(C#N)C#N,N#CC(C#N)C(C#N)C#N,True,True,True,True,1.0,4,10.0,0.0,0.0
CDK_Depict_2_96,CCOP(=O)([Te]CC)[Te]CC,CCO.C[PH](C)=o,CCOP(=O)([Te]CC)[Te]CC,,True,False,False,False,0.0,15,11.0,0.0,0.0
CDK_Depict_2_97,CC(C)OP(=O)(C)C1=CC=NC=C1,CC(C)O.CP(C)(=O)c1ccncc1,CC(C)OP(C)(=O)c1ccncc1,CC(C)O.CP(C)(=O)c1ccncc1,True,True,False,False,0.5483870967741935,15,13.0,1.0,1.0
CDK_Depict_2_98,CP(C)(C)([Te]C)I,C[2H](C)(C)(C)C,C[Te]P(C)(C)(C)I,,True,False,False,False,0.0,9,7.0,0.0,0.0
CDK_Depict_2_99,N1=P(N=P(N=P(N=P1(O)O)(O)O)(O)O)(O)O,*[pH]1(O)[nH][PH](o)([14O])N=P([14O])([14O])[nH][pH](O)([14O])[nH]1,OP1(O)=NP(O)(O)=NP(O)(O)=NP(O)(O)=N1,,True,False,False,False,0.0,50,16.0,1.0,0.0
CDK_Depict_2_100,C/C=C/CCOC1NC(=O)NC1OCC/C=C/C,C/C=C/CCOC1NC(=O)CNC1OCCCCC,C/C=C/CCOC1NC(=O)NC1OCC/C=C/C,C/C=C/CCOC1NC(=O)CNC1OCCCCC,True,True,False,False,0.5476190476190477,4,18.0,1.0,2.0
CDK_Depict_3_1,[3H]CC([3H])(C)C(C)(C)NC(C)C,CC.[2H]CC(C)(C)CC,[3H]CC([3H])(C)C(C)(C)NC(C)C,CC.[2H]CC(C)(C)CC,True,True,False,False,0.1,13,12.0,0.0,1.0
CDK_Depict_3_3,C1CS(=O)(=O)CC1NC(=S)NN,*NC(=S)NC1CCS(=O)(=O)C1,NNC(=S)NC1CCS(=O)(=O)C1,*NC(=S)NC1CCS(=O)(=O)C1,True,True,False,False,0.6875,16,12.0,1.0,1.0
CDK_Depict_3_4,COC1=C(C2=C3[C@@H](CC4=CC=CC=C42)NCCC3=C1)O,[H][C@@]12Cc3c(c4c(O)c(OC)cc(c41)CCN2)=CC=CC3,COc1cc2c3c(c1O)-c1ccccc1C[C@H]3NCC2,,True,False,False,False,0.0,37,20.0,4.0,1.0
CDK_Depict_3_5,CC(C)N(C(C)C)P(=NC(C)(C)C)=NC(C)(C)C,CC(C)N(O=NC(C)(C)C)C(C)C,CC(C)N(C(C)C)P(=NC(C)(C)C)=NC(C)(C)C,,True,False,False,False,0.0,13,18.0,0.0,1.0
CDK_Depict_3_6,C1CCN(CC1)C(=O)[C@]2([C@@H](CCN2)C#N)C3=CC=CC=C3,N#C[C@@H]1CCC[NH+][C@]1(C(=O)C1CCCCC1)C1=CC=CC=C1,N#C[C@@H]1CCN[C@]1(C(=O)N1CCCCC1)c1ccccc1,N#C[C@@H]1CCC[NH+][C@]1(C(=O)C1CCCCC1)c1ccccc1,True,True,False,False,0.39655172413793105,29,21.0,3.0,2.0
CDK_Depict_3_7,CC[C@@]1(CC[C@@H]2C1(CC[C@H]3C2CC=C4C3CCCC4)C)O,CC[C@@H]1(O)C(C)CC[C@@]2(C)C3CC=C(C)C(CCCCC(C)C4)[C@@]3(C)CCC12C,CC[C@]1(O)CC[C@H]2C3CC=C4CCCCC4[C@H]3CCC21C,,True,False,False,False,0.0,34,21.0,4.0,6.0
CDK_Depict_3_8,[2H]C1=COC=COC=COC=COC(=COC=CO1)[2H],[2H]c1cOccOcCOccOc(O)cOC=CO1,[2H]C1=COC=COC=COC=COC([2H])=COC=CO1,[2H]C1=COC=COCCOC=COC(O)=COC=CO1,True,True,False,False,0.41379310344827586,20,20.0,1.0,0.0
CDK_Depict_3_9,C[C@@H]1[C@@]2([C@]1(C3=CC=CC4=C3C(=CC=C4)C2=C)C)C,C=C1C2CCCC3CCCC(C32)[C@H]2(C)[C@@H](C)[C@H]12C,C=C1c2cccc3cccc(c23)[C@@]2(C)[C@H](C)[C@@]12C,,True,False,False,False,0.0,38,18.0,4.0,3.0
CDK_Depict_3_10,B1(C(OB(C(O1)CC)CC)CC)CC,CCC1O[SH](CC)C(CC)OO1CC,CCB1OC(CC)B(CC)OC1CC,,True,False,False,False,0.0,15,14.0,1.0,2.0
CDK_Depict_3_11,C[C@@H]1CC[C@@H](C1)C,CC1CCC(C)C1,C[C@@H]1CC[C@H](C)C1,CC1CCC(C)C1,True,True,False,True,1.0,12,7.0,1.0,2.0
CDK_Depict_3_12,C1=CNC(=O)NC(=C1)Cl,O=C1[14NH]C=CC=C([Cd])[14NH]1,O=C1NC=CC=C(Cl)N1,O=C1[14NH]C=CC=[C]([Cd])[14NH]1,True,True,False,False,0.5555555555555556,21,9.0,1.0,0.0
CDK_Depict_3_13,CCCCCCCCCCCCC[C@H]([C@H](C)NC(=O)C)OC(=O)C,CCCCCCCCCCCCC[C@H](OC(C)=O)C(C)C,CCCCCCCCCCCCC[C@@H](OC(C)=O)[C@H](C)NC(C)=O,CCCCCCCCCCCCC[C@H](OC(C)=O)C(C)C,True,True,False,False,0.6764705882352942,12,24.0,0.0,2.0
CDK_Depict_3_14,CO/C=C(/C(OC)OC)\Br,CO/C=C(\O[V])C(OC)OC,CO/C=C(\Br)C(OC)OC,CO/C=C(\[O][V])C(OC)OC,True,True,False,False,0.46153846153846156,10,10.0,0.0,0.0
CDK_Depict_3_15,CN(C)C=S(=O)(N)O,[10H]S([10H])(=O)=CN(C)C,CN(C)C=S(N)(=O)O,[10H]S([10H])(=O)=CN(C)C,True,True,False,False,0.23076923076923078,17,8.0,0.0,1.0
CDK_Depict_3_16,CC(=O)C=C1SC(=CC(=O)C)S1,CC(=O)C=C(S)S.CC(S)=C[Mn](C)=O,CC(=O)C=c1sc(=CC(C)=O)s1,CC(=O)C=C(S)S.CC(S)=[CH][Mn]([CH3])=[O],True,True,False,False,0.21875,14,12.0,1.0,0.0
CDK_Depict_3_17,B(CC1(CC1)B(Cl)Cl)(Cl)Cl,CC#CB(C#C)C1(CB(C)C)CC1,ClB(Cl)CC1(B(Cl)Cl)CC1,C#CB(C#CC)C1(CB(C)C)CC1,True,True,False,False,0.23529411764705882,15,10.0,1.0,0.0
CDK_Depict_3_18,C(CC(=O)N)[C@@H](C(=O)O)N,N[C@@H](CCC(=O)[AlH2])C(=O)O,NC(=O)CC[C@H](N)C(=O)O,N[C@@H](CC[C](=O)[AlH2])C(=O)O,True,True,False,False,0.625,16,10.0,0.0,1.0
CDK_Depict_3_19,O1OP2OOP1O2,Op1oopo1.oo,o1op2oop1o2,,True,False,False,False,0.0,10,7.0,2.0,2.0
CDK_Depict_3_20,C1=C(C(=NC(=O)N1[C@H]2[C@@H]([C@@H]([C@H](O2)CO)O)O)N)F,C[C@H]1O[C@@H](N2C=C(F)C(N)=NC2=O)[C@H](O)[C@@H]1O,Nc1nc(=O)n([C@@H]2O[C@H](CO)[C@@H](O)[C@H]2O)cc1F,C[C@H]1O[C@@H](n2cc(F)c(N)nc2=O)[C@H](O)[C@@H]1O,True,True,False,False,0.6888888888888889,42,18.0,2.0,4.0
CDK_Depict_3_21,CCCCC(=O)P(=O)(N)SCC,*P(=O)(SCC)C(=O)CCCC,CCCCC(=O)P(N)(=O)SCC,*P(=O)(SCC)C(=O)CCCC,True,True,False,False,0.6129032258064516,14,12.0,0.0,1.0
CDK_Depict_3_22,[2H]C(=C1CCC(CC1)C)OS(=O)(=O)C,CC1CCC(=C(=O)OS(C)(=O)=O)CC1,[2H]C(OS(C)(=O)=O)=C1CCC(C)CC1,,True,False,False,False,0.0,16,14.0,1.0,1.0
CDK_Depict_3_23,C/C(=N\NC(=S)N)/C1=NN=CC=C1,CC(=NNC(N)=S)c1cccnn1,C/C(=N\NC(N)=S)c1cccnn1,CC(=NNC(N)=S)c1cccnn1,True,True,False,True,1.0,16,13.0,1.0,0.0
CDK_Depict_3_24,CC1=CN(C(=O)NC1=O)[C@H]2C[C@@H]([C@H](O2)CO)F,CC1=CN([C@H]2CC(F)(F)[C@@H](CO)O2)C(=O)NC1=O,Cc1cn([C@H]2C[C@H](F)[C@@H](CO)O2)c(=O)[nH]c1=O,Cc1cn([C@H]2CC(F)(F)[C@@H](CO)O2)c(=O)[nH]c1=O,True,True,False,False,0.5882352941176471,28,17.0,2.0,3.0
CDK_Depict_3_25,C(=O)(O)[Sn](C(=O)O)(C(=O)O)C(=O)O,CC(=O)*(C(=O)O)(C(=O)[16O])C(=O)[16O],O=[C](O)[Sn]([C](=O)O)([C](=O)O)[C](=O)O,CC(=O)*(C(=O)O)(C(=O)[16O])C(=O)[16O],True,True,False,False,0.19047619047619047,16,13.0,0.0,0.0
CDK_Depict_3_26,CC(C)N(C1=C(C1=S)N(C(C)C)C(C)C)C(C)C,CCN(C(C)C)C1C(=S)N(C(C)C)C(C)C,CC(C)N(c1c(N(C(C)C)C(C)C)c1=S)C(C)C,,True,False,False,False,0.0,14,18.0,1.0,0.0
CDK_Depict_3_27,C=CC[Sn]O[Sn](CC=C)(F)F,C=CC[Sn]O[Sn](C)(F)CC=C,C=C[CH2][Sn][O][Sn]([F])([F])[CH2]C=C,C=C[CH2][Sn][O][Sn]([CH3])([F])[CH2]C=C,True,True,False,False,0.6428571428571429,7,11.0,0.0,0.0
CDK_Depict_3_28,C1C=CSN=CC1=O,O=C1C=[U]SC=CC1,O=C1C=NSC=CC1,O=C1[CH]=[U][S]C=CC1,True,True,False,False,0.4,8,8.0,1.0,0.0
CDK_Depict_3_29,C1C(=O)NOC1(C(Cl)(Cl)Cl)O,*=C1[1H]OC([1H])(C([Cd])([Cd])[Cd])C1,O=C1CC(O)(C(Cl)(Cl)Cl)ON1,,True,False,False,False,0.0,23,11.0,1.0,1.0
CDK_Depict_3_30,B(=S)[Se]F,F[Se][2H]=S,F[Se]B=S,,True,False,False,False,0.0,9,4.0,0.0,0.0
CDK_Depict_3_31,C[C@]1([C@H]2C=CCC[C@H]2C1=O)OC,CO.[H][C@@]12CCC=C[C@@]1(C)C(=O)C2(C)O,CO[C@@]1(C)C(=O)[C@@H]2CCC=C[C@@H]21,CC1(O)C(=O)[C@]2(C)C=CCC[C@@H]12.CO,True,True,False,False,0.29545454545454547,21,12.0,2.0,3.0
CDK_Depict_3_32,C1=CS(=CS1)I,CS.c1cSC1,IS1=CSC=C1,C1=CSC1.CS,True,True,False,False,0.13043478260869565,9,6.0,1.0,1.0
CDK_Depict_3_33,P(P(I)I)(I)I,CC.CC.CPC,IP(I)P(I)I,CC.CC.CPC,True,True,False,False,0.0,12,6.0,0.0,0.0
CDK_Depict_3_34,CCOI=CI=NI=IC,*=*N=*C=*OC,CCOI=CI=NI=IC,*=*N=*C=*OC,True,True,False,False,0.1,10,10.0,0.0,0.0
CDK_Depict_3_35,COC(=O)C1=NNC(=N1)CBr,CCC1=NC(C(=O)OC)=NN1,COC(=O)c1n[nH]c(CBr)n1,CCc1nc(C(=O)OC)n[nH]1,True,True,False,False,0.71875,15,11.0,1.0,0.0
CDK_Depict_3_36,CC[C@@H]1[C@@H]2CCO[C@@]2(C1=O)C,CC#C[C@H]1C(=O)[C@H](C)(C)CCO,CC[C@H]1C(=O)[C@@]2(C)OCC[C@@H]12,,True,False,False,False,0.0,18,11.0,2.0,3.0
CDK_Depict_3_38,C(C(=O)P(PP)P(P)P)(O)P(P)P(P)P,O=C(C(O)P(P)P(P)P)P(P(P)P)P(P)P,O=C(C(O)P(P)P(P)P)P(PP)P(P)P,O=C(C(O)P(P)P(P)P)P(P(P)P)P(P)P,True,True,False,False,0.5555555555555556,8,15.0,0.0,4.0
CDK_Depict_3_39,CC[C@H]1[C@@H]2CC[C@@H](C2)[C@@H]1[C@@H](CO)O,*C[C@@H](O)C[C@@]1([H])[C@@H](CC)[C@H](C)CC1(C)CC,CC[C@H]1[C@@H]2CC[C@@H](C2)[C@@H]1[C@H](O)CO,*C[C@@H](O)C[C@H]1[C@@H](CC)[C@H](C)CC1(C)CC,True,True,False,False,0.23404255319148937,24,13.0,2.0,5.0
CDK_Depict_3_40,C[C@H]([C@@H](C=C)OO)C(=O)OC,C=C[C@H](OO)[C@@H](C)C(=O)OC,C=C[C@@H](OO)[C@@H](C)C(=O)OC,C=C[C@H](OO)[C@@H](C)C(=O)OC,True,True,False,True,1.0,10,11.0,0.0,2.0
CDK_Depict_3_41,CN1C=C(NC=C1Cl)Cl,CC1=C[nH]c([Cd])cn1C,CN1C=C(Cl)NC=C1Cl,CC1=CN[C]([Cd])=CN1C,True,True,False,False,0.3225806451612903,15,9.0,1.0,0.0
CDK_Depict_3_42,C123SS1(=N)(S2)S3,*=[SH]1(S)CS1,N=S123SC1(S2)S3,*=[SH]1(S)CS1,True,True,False,False,0.11764705882352941,13,6.0,3.0,1.0
CDK_Depict_3_43,C(=C=C(F)F)=C(F)F,F.FC=C=C=C(F)F,FC(F)=C=C=C(F)F,F.FC=C=C=C(F)F,True,True,False,False,0.4375,8,8.0,0.0,0.0
CDK_Depict_3_44,C1=NO[Si](=C1)O,Os1=CcnO1,O[si]1ccno1,OS1=CC=NO1,True,True,False,False,0.14285714285714285,12,6.0,1.0,0.0
CDK_Depict_3_45,N(=P(F)(F)Br)P(=S)(F)Cl,CC(C)P(F)(F)=NP(C)(F)=S,FP(=S)(Cl)N=P(F)(F)Br,CC(C)P(F)(F)=NP(C)(F)=S,True,True,False,False,0.25925925925925924,11,9.0,0.0,1.0
CDK_Depict_3_46,CCCCC[C@@H]1[C@H](OC(O1)(C)C)/C=C/C=O,CCCCC[C@H](O)[C@@H](/C=C/C=O)OC(C)(C)C,CCCCC[C@H]1OC(C)(C)O[C@@H]1/C=C/C=O,CCCCC[C@H](O)[C@@H](/C=C/C=O)OC(C)(C)C,True,True,False,False,0.27450980392156865,19,16.0,1.0,2.0
CDK_Depict_3_47,C1=CNC=C1SC#N,N#CSc1ccNC1,N#CSc1cc[nH]c1,,True,False,False,False,0.0,11,8.0,1.0,0.0
CDK_Depict_3_48,[CH2+]CN=S(=N)(O)[O],*=S(O)(O)=NCC,[CH2+]CN=S(=N)([O])O,*=S(O)(O)=NCC,True,True,False,False,0.23076923076923078,14,7.0,0.0,0.0
CDK_Depict_3_49,CCS[P+](C)(N(C)C)[O-],C[Al]([PH-]1(C)(C)SCC)C,CCS[P+](C)([O-])N(C)C,,True,False,False,False,0.0,16,9.0,0.0,1.0
CDK_Depict_3_50,CC1(/C(=C\I)/SC(=C)CO1)C,C=C1COC(C)(C)/C(=C\C)S1,C=C1COC(C)(C)/C(=C\I)S1,C=C1COC(C)(C)/C(=C\C)S1,True,True,False,False,0.7,13,11.0,1.0,0.0
CDK_Depict_3_51,CCCCNSN(CCCC)N(CCCC)SNCCCC,CCCCCCCCN(SN)N(CCCC)SNCCCC,CCCCNSN(CCCC)N(CCCC)SNCCCC,CCCCCCCCN(SN)N(CCCC)SNCCCC,True,True,False,False,0.7241379310344828,8,22.0,0.0,0.0
CDK_Depict_3_52,C[C@]12[C@H](COC1=O)[C@H]3CC[C@@]2(O3)CI,[H][C@]1(CC)C(C(C)=O)C(C)O[C@@]1([H])CC,C[C@@]12C(=O)OC[C@@H]1[C@H]1CC[C@]2(CI)O1,CC[C@@H]1OC(C)C(C(C)=O)[C@@H]1CC,True,True,False,False,0.09433962264150944,22,14.0,3.0,4.0
CDK_Depict_3_53,C(C(=O)O)N=C(NNC(=O)N)NNC(=O)N,CC(=O)[AlH]NC(=NCC(=O)O)NNC(N)=O,NC(=O)NNC(=NCC(=O)O)NNC(N)=O,C[C](=O)[AlH][NH]C(=NCC(=O)O)NNC(N)=O,True,True,False,False,0.6451612903225806,14,16.0,0.0,0.0
CDK_Depict_3_54,C[C@@]1(C[C@@H]2[C@H](N=C(N[C@]23[C@@H](C(=O)O[C@H]1C3O)O)N)O)O,C[C@@H]1(O)C[C@@H]2[C@@H](O)N=C([WH])[C@H](O)[C@@H]2[C@H](O)C(=O)O[C@@]12[H],C[C@]1(O)C[C@@H]2[C@@H](O)N=C(N)N[C@@]23C(O)[C@@H]1OC(=O)[C@H]3O,,True,False,False,False,0.0,35,20.0,3.0,7.0
CDK_Depict_3_55,C1(C(S1)(SC(Cl)(Cl)Cl)Cl)(SC(Cl)(Cl)Cl)Cl,CC(C)(Cl)SC1(Cl)SC(C)(SC(Cl)(Cl)Cl)CC1Cl,ClC(Cl)(Cl)SC1(Cl)SC1(Cl)SC(Cl)(Cl)Cl,CC(C)(Cl)SC1(Cl)SC(C)(SC(Cl)(Cl)Cl)CC1Cl,True,True,False,False,0.3235294117647059,16,15.0,1.0,2.0
CDK_Depict_3_56,C1=C(C(=S)NC(=S)N1N)Br,[AlH2][AlH2]1CC(B[V])C(=S)[AlH2]C1=S,Nn1cc(Br)c(=S)[nH]c1=S,,True,False,False,False,0.0,28,10.0,1.0,0.0
CDK_Depict_3_58,C1=C(C=[In]O1)O,Oc1c[1n]OC1,OC1=C[O][In]=[CH]1,,True,False,False,False,0.0,11,6.0,1.0,0.0
CDK_Depict_3_59,[2H]C1(CN(CCO1)N=O)O,[2H]C(O)C[V](CCO)N=O,[2H]C1(O)CN(N=O)CCO1,[2H]C(O)[CH2][V]([CH2]CO)[N]=O,True,True,False,False,0.1282051282051282,9,10.0,1.0,1.0
CDK_Depict_3_60,C(=C=C=O)=C=C=O,O=C=C=C=C=O,O=C=C=C=C=C=O,O=C=C=C=C=O,True,True,False,False,0.875,5,7.0,0.0,0.0
CDK_Depict_3_61,C=C(C(=C)C(=C)N)C(=C)N,C=C(C)C(=C)C(=C)C(=C)[W],C=C(N)C(=C)C(=C)C(=C)N,C=C(C)C(=C)C(=C)[C](=C)[W],True,True,False,False,0.21052631578947367,7,10.0,0.0,0.0
CDK_Depict_3_62,C[C@]12CC[C@H]3[C@H]([C@@H]1CC[C@@H]2N)CC=C4[C@@]3(CC[C@@H](C4)NC)C,CN.[H]C12CC[C@H](N)[C@@]1(C)CC[C@]1([H])[C@H](C)C(C)CCC21C,CN[C@H]1CC[C@@]2(C)C(=CC[C@H]3[C@@H]4CC[C@H](N)[C@@]4(C)CC[C@@H]32)C1,CC1CCC2(C)C3CC[C@H](N)[C@@]3(C)CC[C@@H]2[C@@H]1C.CN,True,True,False,False,0.3018867924528302,39,22.0,4.0,7.0
CDK_Depict_3_63,CCOP(=O)(C#N)ON(C)C,CCOP(=O)(C#N)O[Al](C)C,CCOP(=O)(C#N)ON(C)C,CCOP(=O)(C#N)[O][Al]([CH3])[CH3],True,True,False,False,0.5483870967741935,4,11.0,0.0,1.0
CDK_Depict_3_64,C(=O)(O)P(=O)=O,O=*(=O)C(=O)O,O=C(O)P(=O)=O,O=*(=O)C(=O)O,True,True,False,False,0.2857142857142857,7,6.0,0.0,0.0
CDK_Depict_3_65,CNN1C=NC(=O)NC1=O,C[AlH2]N1c[11NH]C(=O)[11NH]C1=O,CNn1cnc(=O)[nH]c1=O,,True,False,False,False,0.0,17,10.0,1.0,0.0
CDK_Depict_3_66,C1=CC=C(C=C1)CN2[C@@H]3[C@H]2C4C5C3C45,C[C@@]12N(Cc3ccccc3)[C@@]1([H])C1C3C4C2C14,c1ccc(CN2[C@@H]3C4C5C4C5[C@@H]32)cc1,,True,False,False,False,0.0,30,14.0,6.0,7.0
CDK_Depict_3_67,C=C[Tl](C=C)Br,C=CC.CCC.CS,C=[CH][Tl]([Br])[CH]=C,C=CC.CCC.CS,True,True,False,False,0.16666666666666666,9,6.0,0.0,0.0
CDK_Depict_3_68,CCN(CC)P(CC)P(CC)N(CC)CC,CCP(P(CC)[U](CC)CC)[V]1CCC1,CCN(CC)P(CC)P(CC)N(CC)CC,CC[P]([P](CC)[U]([CH2]C)[CH2]C)[V]1[CH2]C[CH2]1,True,True,False,False,0.15625,14,16.0,0.0,2.0
CDK_Depict_3_69,CCOC(=O)[C@H](C=NCCN(C(C)C)C(C)C)C#N,CCOC(=O)[C@@H](C#N)C=NCCN(C(C)C)C(C)C,CCOC(=O)[C@@H](C#N)C=NCCN(C(C)C)C(C)C,CCOC(=O)[C@@H](C#N)C=NCCN(C(C)C)C(C)C,True,True,True,True,1.0,9,19.0,0.0,1.0
CDK_Depict_3_70,B(C(=C=C(B(F)F)B(F)F)B(F)F)(F)F,FB(F)C(=C=C(B(F)(F)F)B(F)(F)F)[SH](F)F,FB(F)C(=C=C(B(F)F)B(F)F)B(F)F,,True,False,False,False,0.0,13,15.0,0.0,0.0
CDK_Depict_3_71,B(C(=C(B(F)F)B(F)F)B(F)F)(F)F,F[2H](F)C([2H](F)F)=C(B(F)F)B(F)F,FB(F)C(B(F)F)=C(B(F)F)B(F)F,,True,False,False,False,0.0,18,14.0,0.0,0.0
CDK_Depict_3_72,COC(=O)[C@H](CS)N,COC(=O)[C@@H]([AlH2])CS,COC(=O)[C@@H](N)CS,COC(=O)[C@@H]([AlH2])CS,True,True,False,False,0.5384615384615384,9,8.0,0.0,1.0
CDK_Depict_3_73,C1(=N)N(C(=N)N(C(=N)N1O)O)O,C[AlH](O)C(=N)[AlH](O)C(=N)[AlH](O)C(=N)[AlH](O)C(=N)[AlH](O)C(=N)[Al](O)C(=N)[Al](O)C[AlH],N=c1n(O)c(=N)n(O)c(=N)n1O,,True,False,False,False,0.0,68,12.0,1.0,0.0
CDK_Depict_3_74,CCC1C=NC=CN1,CCc1cncc[nH]1,CCC1C=NC=CN1,,True,False,False,False,0.0,9,8.0,1.0,1.0
CDK_Depict_3_75,S(=[V]I)(I)I=[Se],C/[V]=S(\C)*=[Sc],[Se]=I[S](I)=[V][I],[CH3]/[V]=[S](\C)[*]=[Sc],True,True,False,False,0.07692307692307693,9,6.0,0.0,1.0
CDK_Depict_3_76,C([C@@H]1[C@@H]([C@@H]([C@H](C(O1)O)N)O)O)O,OC[C@H]1OC(O)[C@H]([WH])[C@@H](O)[C@H]1O,N[C@H]1C(O)O[C@H](CO)[C@H](O)[C@@H]1O,OC[C@H]1OC(O)[C@H]([WH])[C@@H](O)[C@H]1O,True,True,False,False,0.5555555555555556,25,12.0,1.0,5.0
CDK_Depict_3_77,C(=C(C(=O)O)OP(=O)(O)O)C(=O)O,CC(=O)C(=CC(=O)O)OP(=O)(O)O,O=C(O)C=C(OP(=O)(O)O)C(=O)O,CC(=O)C(=CC(=O)O)OP(=O)(O)O,True,True,False,False,0.6923076923076923,12,13.0,0.0,0.0
CDK_Depict_3_78,O=[Mo](=[Mn])=[Co],O=[Mo](=O)=[Mo],[O]=[Mo](=[Mn])=[Co],[O]=[Mo](=[O])=[Mo],True,True,False,False,0.2727272727272727,5,4.0,0.0,0.0
CDK_Depict_3_79,C1CSCC(CS1)NS(=O)(=O)O,CCCSCC(CC)NS(=O)(=O)O,O=S(=O)(O)NC1CSCCSC1,CCCSCC(CC)NS(=O)(=O)O,True,True,False,False,0.2,3,12.0,1.0,0.0
CDK_Depict_3_80,CS(=O)(=O)OC[C@H]([C@@H](COS(=O)(=O)C)N)N,CS(=O)(=O)OC[C@@H](N)[C@@H]([AlH2])COS(C)(=O)=O,CS(=O)(=O)OC[C@@H](N)[C@H](N)COS(C)(=O)=O,CS(=O)(=O)OC[C@@H](N)[C@@H]([AlH2])COS(C)(=O)=O,True,True,False,False,0.7083333333333334,17,16.0,0.0,2.0
CDK_Depict_3_81,C[C@@H]1C(=O)O[C@@]([C@]1(C)O)(C)C(=O)O,CC(=O)C(C)(C)C(C)=O.CCC(=O)O.O,C[C@@H]1C(=O)O[C@@](C)(C(=O)O)[C@]1(C)O,CC(=O)C(C)(C)C(C)=O.CCC(=O)O.O,True,True,False,False,0.13157894736842105,22,13.0,1.0,3.0
CDK_Depict_3_82,C1[C@@H]2C=C[C@H]1[C@@H]3[C@H]2[C@H]4CO[C@@H](C3=O)O4,C1C[C@@H]2(C)[C@@]3([H])[C@@]4([H])C(=O)[C@]5([H])OC[C@@]3([H])O5,O=C1[C@@H]2OC[C@@H](O2)[C@@H]2[C@H]1[C@@H]1C=C[C@H]2C1,,True,False,False,False,0.0,34,14.0,4.0,6.0
CDK_Depict_3_83,C[C@@H]1CC[C@H]([C@@H](C1)O)C(C)C,CCCCCC1CCCC[C@H]1O,CC(C)[C@@H]1CC[C@@H](C)C[C@H]1O,CCCCCC1CCCC[C@H]1O,True,True,False,False,0.1891891891891892,20,11.0,1.0,3.0
CDK_Depict_3_84,CC(C)(C)P(C(C)(C)C)P=C(SC)SC,CC(C)(C)C.CC(C)(C)C.CSC(=O)SC,CSC(=PP(C(C)(C)C)C(C)(C)C)SC,CC(C)(C)C.CC(C)(C)C.CSC(=O)SC,True,True,False,False,0.2916666666666667,8,15.0,0.0,1.0
CDK_Depict_3_85,P1PPP1,O.P.P,P1PPP1,O.P.P,True,True,False,False,0.0,4,4.0,1.0,4.0
CDK_Depict_3_86,C[C@@H](C(C1=CC=CC=C1)O)NC,CN[C@H](C)C(O)c1ccccc1,CN[C@@H](C)C(O)c1ccccc1,CN[C@H](C)C(O)c1ccccc1,True,True,False,True,1.0,18,12.0,1.0,2.0
CDK_Depict_3_87,CCCCCCCC(=O)OC[C@@H]1C[C@@H]([C@@H]2[C@H]1OC(O2)(C)C)CO,CCCCCCCC(=O)OC[C@@H]1C[C@H](CO)[C@]2(C)OC(C)(C)O[C@]12C,CCCCCCCC(=O)OC[C@@H]1C[C@H](CO)[C@H]2OC(C)(C)O[C@@H]12,CCCCCCCC(=O)OC[C@@H]1C[C@H](CO)[C@]2(C)OC(C)(C)O[C@]12C,True,True,False,False,0.5686274509803921,20,23.0,2.0,4.0
CDK_Depict_3_88,CCC[C@@H]([C@@H](CN[C@@H](C)C(=O)OC)N(CC=C)CC=C)O,C=CCN(CC=C)[C@@H](CN[C@@H](C)C(=O)OC)[C@@H](O)CCC,C=CCN(CC=C)[C@H](CN[C@@H](C)C(=O)OC)[C@@H](O)CCC,C=CCN(CC=C)[C@@H](CN[C@@H](C)C(=O)OC)[C@@H](O)CCC,True,True,False,True,1.0,19,21.0,0.0,3.0
CDK_Depict_3_89,C1=NC(=C2C(=N1)N(C=N2)[C@H]3[C@H]([C@@H]([C@H](O3)CO)O)O)N,C1C2=C(N)[n]c[n]c2[n]2c[n]1C[C@@H]1O[C@H](CO)[C@@H](O)[C@@H]1O,Nc1ncnc2c1ncn2[C@@H]1O[C@H](CO)[C@@H](O)[C@@H]1O,,True,False,False,False,0.0,40,19.0,3.0,4.0
CDK_Depict_3_90,CCSSC(CN=C=S)N=C=O,CCSSC(CN=C=S)N=C=O,CCSSC(CN=C=S)N=C=O,CCSSC(CN=C=S)N=C=O,True,True,True,True,1.0,0,12.0,0.0,1.0
CDK_Depict_3_91,C1CC(CCC1N2N(O2)C3CCC(CC3)Cl)Cl,*C1CCC(N2ON2C2CCC(C)CC2)CC1,ClC1CCC(n2on2C2CCC(Cl)CC2)CC1,*C1CCC(n2on2C2CCC(C)CC2)CC1,True,True,False,False,0.4444444444444444,16,17.0,3.0,4.0
CDK_Depict_3_92,C(OOS(OC(F)(F)F)(F)(F)(F)F)(F)(F)F,FC(F)(F)OS(F)(F)(F)(F)(F)OC(F)(F)F,FC(F)(F)OOS(F)(F)(F)(F)OC(F)(F)F,,True,False,False,False,0.0,11,16.0,0.0,0.0
CDK_Depict_3_93,CC(C)(C)[Ge](=[Ge](C(C)(C)C)C(C)(C)C)C(C)(C)C,CC(C)(C)C.CC(C)(C)C,C[C](C)(C)[Ge](=[Ge]([C](C)(C)C)[C](C)(C)C)[C](C)(C)C,CC(C)(C)C.CC(C)(C)C,True,True,False,False,0.3333333333333333,27,18.0,0.0,0.0
CDK_Depict_3_94,C1C23C14N2N34,C1C2(C)[nH]n2,C1C23N4N2C143,,True,False,False,False,0.0,8,5.0,5.0,4.0
CDK_Depict_3_95,C(=C(/N/C(=N/P(=O)(Cl)Cl)/Cl)\Cl)\P(=O)(Cl)Cl,C/C(=C\P(=O)(Cl)Cl)N/C(C)=N/P(C)(C)=O,O=P(Cl)(Cl)/C=C(\Cl)N/C(Cl)=N/P(=O)(Cl)Cl,C/C(=C\P(=O)(Cl)Cl)N/C(C)=N/P(C)(C)=O,True,True,False,False,0.3888888888888889,21,15.0,0.0,0.0
CDK_Depict_3_96,C([C@@H]1[C@H]([C@@H](C(=O)O1)O)O)O,O=C1O[C@H](CO[Ir])[C@@H](O)[C@@H]1O,O=C1O[C@H](CO)[C@@H](O)[C@@H]1O,O=C1O[C@H](C[O][Ir])[C@@H](O)[C@@H]1O,True,True,False,False,0.5862068965517241,22,10.0,1.0,3.0
CDK_Depict_3_97,C(=O)(N(Cl)Cl)OC(Cl)(Cl)Cl,C#CN([CH])C(=O)OC([CH])(C)C,O=C(OC(Cl)(Cl)Cl)N(Cl)Cl,[CH]N(C#C)C(=O)OC([CH])(C)C,True,True,False,False,0.25,16,10.0,0.0,0.0
CDK_Depict_3_98,[2H]N([2H])C(CO[2H])(CO[2H])CO[2H],[2H]oCC(Co[2H])(Co[2H])*([2H])[2H],[2H]OCC(CO[2H])(CO[2H])N([2H])[2H],,True,False,False,False,0.0,12,13.0,0.0,0.0
CDK_Depict_3_99,CN(N)P(=S)(Cl)Cl,[CH][PH]([CH])(=S)N(C)[W],CN(N)P(=S)(Cl)Cl,,True,False,False,False,0.0,17,7.0,0.0,0.0
CDK_Depict_3_102,C(=[As](=C\Cl)\Cl)\Cl,CC#CC=[As](Cl)=CCl,Cl/C=[As](\Cl)=C\Cl,CC#CC=[As](Cl)=CCl,True,True,False,False,0.42105263157894735,11,6.0,0.0,1.0
CDK_Depict_3_103,C(/C(=C/Br)/Br)Br,*C=C(*)C*,Br/C=C(\Br)CBr,*C=C(*)C*,True,True,False,False,0.13043478260869565,13,6.0,0.0,0.0
CDK_Depict_3_106,CC12CC3C(C(=C)C1CCC([C@H]2O)O)C(=C)C(=O)O3,C=C1C(=O)OC2CC3(C)C(CCC(O)[C@H]3O)C(=C)C12,C=C1C(=O)OC2CC3(C)C(CCC(O)[C@H]3O)C(=C)C12,C=C1C(=O)OC2CC3(C)C(CCC(O)[C@H]3O)C(=C)C12,True,True,True,True,1.0,23,19.0,3.0,6.0
CDK_Depict_3_107,B(=O)OB1OB(OB(O1)OB=O)O,O=bOs1os(O)os(Ob=O)o1,O=BOB1OB(O)OB(OB=O)O1,,True,False,False,False,0.0,15,13.0,1.0,0.0
CDK_Depict_3_108,CC[C@@H]1CCC[C@H]1C,CCC1CCCC1C,CC[C@@H]1CCC[C@H]1C,CCC1CCCC1C,True,True,False,True,1.0,9,8.0,1.0,2.0
CDK_Depict_3_109,C1C(=O)N=[S-](=O)[Se]1,O=C1CS[SH](=O)=N1,O=C1C[Se][S-](=O)=N1,O=C1CS[SH](=O)=N1,True,True,False,False,0.2,13,7.0,1.0,0.0
CDK_Depict_3_110,CCN(CC)C(=S)SS(=O)(=O)N(C)C,CCN(CC)C(=S)SS(=O)(=O)N(C)C,CCN(CC)C(=S)SS(=O)(=O)N(C)C,CCN(CC)C(=S)SS(=O)(=O)N(C)C,True,True,True,True,1.0,0,14.0,0.0,0.0
CDK_Depict_3_111,CN1C=NC2=C(C1=N)N=CN2[C@H]3[C@@H]([C@@H]([C@H](O3)CO)O)O,CN1C=nC2c([U]=CN2[C@@H]2O[C@H](CO)[C@@H](O)[C@H]2O)C1=N,Cn1cnc2c(ncn2[C@@H]2O[C@H](CO)[C@@H](O)[C@H]2O)c1=N,CN1C=NC2[CH]([U]=[CH]N2[C@@H]2O[C@H](CO)[C@@H](O)[C@H]2O)C1=N,True,True,False,False,0.4067796610169492,25,20.0,3.0,4.0
CDK_Depict_3_112,CS([N-]S(C(F)(F)F)(O)O)(O)O,CS(C)(O)[N-]S(O)(O)C(F)(F)F,CS(O)(O)[N-]S(O)(O)C(F)(F)F,CS(C)(O)[N-]S(O)(O)C(F)(F)F,True,True,False,False,0.7368421052631579,16,12.0,0.0,0.0
CDK_Depict_3_113,C(CNC(=S)S)NC(S)S,*C(S)NCCNC(=S)S,S=C(S)NCCNC(S)S,*C(S)NCCNC(=S)S,True,True,False,False,0.68,9,10.0,0.0,0.0
CDK_Depict_3_115,CC12CCC3C(C1CC[C@@H]2O)CCC4=C3C=CC(=C4)OC,CC12CCC3c4ccc(OC)cc4CCC3C1CC[C@@]2(O)C1C,COc1ccc2c(c1)CCC1C2CCC2(C)C1CC[C@@H]2O,,True,False,False,False,0.0,27,21.0,4.0,5.0
CDK_Depict_3_117,C1=NP(N=C1)P2C=PPP2,c1nCP(P2cn[nH][nH]2)nC1,C1=PPPP1p1nccn1,C1=NCP(P2C=NNN2)NC1,True,True,False,False,0.06666666666666667,19,10.0,2.0,4.0
CDK_Depict_3_118,C(N(C(F)F)S(=O)(=O)F)(F)F,O=S(=O)(F)N(C(F)F)C(F)F,O=S(=O)(F)N(C(F)F)C(F)F,O=S(=O)(F)N(C(F)F)C(F)F,True,True,True,True,1.0,14,11.0,0.0,0.0
CDK_Depict_3_119,[N-]=[N+]=N[In]1N=[N+]=N1,[N-]=[N+]=N*1*=[s+]=[U]1,[N-]=[N+]=[N][In]1[N]=[N+]=[N]1,[N-]=[N+]=N[*]1=*=[S+]=[U]1,True,True,False,False,0.16129032258064516,9,7.0,1.0,0.0
CDK_Depict_3_120,C(=O)(NSNP=S)O,O=C(o)NSNP=S,O=C(O)NSNP=S,,True,False,False,False,0.0,7,8.0,0.0,1.0
CDK_Depict_3_121,C1CCC2(C1)[C@H]3CC=CC[C@H]3CO2,CC[C@]1(O)CC=CC[C@]1(C)C1(O)CCCC1,C1=CC[C@H]2[C@@H](C1)COC21CCCC1,CC[C@]1(O)CC=CC[C@]1(C)C1(O)CCCC1,True,True,False,False,0.16279069767441862,24,13.0,3.0,2.0
CDK_Depict_3_122,CP(P(=S)(C)C)SC,CSP(C)*(C)(C)=S,CSP(C)P(C)(C)=S,CSP(C)*(C)(C)=S,True,True,False,False,0.30434782608695654,8,8.0,0.0,1.0
CDK_Depict_3_123,CO/N=C\1/SS/C(=N/OC)/S1,CON=C1SSC(=NOC)S1,CO/N=c1/ss/c(=N/OC)s1,CON=c1ssc(=NOC)s1,True,True,False,True,1.0,6,11.0,1.0,0.0
CDK_Depict_3_124,C1=CC=C(C=C1)C#C[C@H](CF)O,O[C@H](C#Cc1ccccc1)CF,O[C@H](C#Cc1ccccc1)CF,O[C@H](C#Cc1ccccc1)CF,True,True,True,True,1.0,20,12.0,1.0,1.0
CDK_Depict_3_125,C(P(=O)(CBr)CBr)Br,*C[PH](=O)C*,O=P(CBr)(CBr)CBr,*C[PH](=O)C*,True,True,False,False,0.1111111111111111,14,8.0,0.0,0.0
CDK_Depict_3_126,C(=NN=CN=O)NO,O=NCNCCNCCNCO,O=NC=NN=CNO,O=NCNCCNCCNCO,True,True,False,False,0.15625,8,8.0,0.0,0.0
CDK_Depict_3_127,C(C[C@@H](C(=O)O)N)CN,CCCC.NCC(=O)O,NCCC[C@H](N)C(=O)O,CCCC.NCC(=O)O,True,True,False,False,0.2692307692307692,12,9.0,0.0,1.0
CDK_Depict_3_128,C[C@@](CC1=CC=C(C=C1)O)(C(=O)O)N,*[C@](C)(Cc1ccc(N[U])cc1)C(=O)O,C[C@@](N)(Cc1ccc(O)cc1)C(=O)O,*[C@](C)(Cc1ccc([NH][U])cc1)C(=O)O,True,True,False,False,0.4,20,14.0,1.0,1.0
CDK_Depict_3_130,CCP(=O)(CCC(=O)Cl)Cl,CCP(=O)(C#N)CCC(=O)[Cd],CCP(=O)(Cl)CCC(=O)Cl,CCP(=O)(C#N)CC[C](=O)[Cd],True,True,False,False,0.3142857142857143,9,10.0,0.0,1.0
CDK_Depict_3_131,B(C#N)(C(Cl)Cl)C(Cl)Cl,CC(Cl)B(C#N)C(Cl)Cl,N#CB(C(Cl)Cl)C(Cl)Cl,CC(Cl)B(C#N)C(Cl)Cl,True,True,False,False,0.6666666666666666,10,9.0,0.0,0.0
CDK_Depict_3_132,CC1(C2(P1C)CP2C)C,CP1CC12OC(C)(C)C2(C)C,CP1CC12P(C)C2(C)C,CP1CC12OC(C)(C)C2(C)C,True,True,False,False,0.3333333333333333,10,9.0,2.0,3.0
CDK_Depict_3_134,C1=NN=C2C1=NN=NC2=O,O=C1N=NN=c2c1=NN=C2,O=C1N=NN=C2C=NN=C12,O=C1N=NN=C2C=NN=C12,True,True,True,True,1.0,8,10.0,2.0,0.0
CDK_Depict_3_135,C1C=C[C@@H]2[C@H]1C(=O)NC(=O)N2,[H][C@@]12C=CC[C@@]1([H])C(=O)NC(=O)N2,O=C1NC(=O)[C@H]2CC=C[C@H]2N1,O=C1NC(=O)[C@@H]2CC=C[C@H]2N1,True,True,False,True,1.0,15,11.0,2.0,2.0
CDK_Depict_3_136,CN(C)C(F)SN(C)F,CN(F)SC(F)[U](C)C,CN(F)SC(F)N(C)C,CN(F)S[CH](F)[U]([CH3])[CH3],True,True,False,False,0.4782608695652174,6,9.0,0.0,1.0
CDK_Depict_3_137,[B-](C)([Si](C)(C)C)([Si](C)(C)C)[Si](C)(C)C,C[SiH](C)[2H-]([SiH](C)C)[Si](C)(C)C,C[B-]([Si](C)(C)C)([Si](C)(C)C)[Si](C)(C)C,,True,False,False,False,0.0,17,14.0,0.0,0.0
CDK_Depict_3_138,CC(=O)O[C@H]1C[C@H]2[C@@H](CC/C=C\CC[C@@H]([C@H]1O2)O)I,CC(=O)O[C@H]1CC[C@@H]2([H])O[C@@H]([H])[C@@H](O)CCC=CCC[C@H]2I,CC(=O)O[C@H]1C[C@@H]2O[C@@H]1[C@@H](O)CC/C=C\CC[C@H]2I,,True,False,False,False,0.0,31,19.0,2.0,5.0
CDK_Depict_3_139,CNC(COCCO)C=O,CCNC(C=C=O)COCCO,CNC(C=O)COCCO,CCNC(C=C=O)COCCO,True,True,False,False,0.4864864864864865,6,10.0,0.0,1.0
CDK_Depict_3_140,C([C@H]([C@@H](C(=O)C(=O)C(=O)O)O)O)O,*[C@@H](C[H])[C@@H](O)C(=O)C(=O)C(=O)O,O=C(O)C(=O)C(=O)[C@@H](O)[C@H](O)CO,*[C@@H](C)[C@@H](O)C(=O)C(=O)C(=O)O,True,True,False,False,0.48148148148148145,15,13.0,0.0,2.0
CDK_Depict_3_141,C(/C(=N/O)/N)C(=O)NN,*/C(CC(=O)NN)=N\O,NNC(=O)C/C(N)=N/O,*/C(CC(=O)NN)=N\O,True,True,False,False,0.56,12,9.0,0.0,0.0
CDK_Depict_3_142,CN(C)C=C(C#N)C(=S)N=CN(C)C,CN(C)C=NC(=S)C(C#[W])CN(C)C,CN(C)C=NC(=S)C(C#N)=CN(C)C,CN(C)C=NC(=S)C([C]#[W])CN(C)C,True,True,False,False,0.34146341463414637,10,14.0,0.0,0.0
CDK_Depict_3_143,CC(C)(C#N)O[C@H]1[C@@H]([C@H]([C@@H]([C@H](O1)CO)O)O)O,CC(C)(C#N)O[C@@H]1O[C@H](CO)[C@@H](O)[C@H](O)[C@H]1O,CC(C)(C#N)O[C@@H]1O[C@H](CO)[C@@H](O)[C@H](O)[C@H]1O,CC(C)(C#N)O[C@@H]1O[C@H](CO)[C@@H](O)[C@H](O)[C@H]1O,True,True,True,True,1.0,18,17.0,1.0,5.0
CDK_Depict_3_144,C1CC(CCC1Br)Br,*C1CCC([Dy])CC1,BrC1CCC(Br)CC1,*C1CC[CH]([Dy])CC1,True,True,False,False,0.16666666666666666,10,8.0,1.0,2.0
CDK_Depict_3_145,C12C(NSN1)NSN2,C1[NH]SNc1NS[nH]1,N1SNC2NSNC12,,True,False,False,False,0.0,11,8.0,2.0,2.0
CDK_Depict_3_147,C[C@]12CC[C@H]3[C@H]([C@@H]1CC[C@@H]2O)CC[C@@H]4[C@@]3(CC(=CC4)C=O)C,C=O.CCC1(C)[C@@H]2CC[C@@]3(C)[C@@H]4CC(C=O)[C@@H](C)CCC13[H],C[C@]12CC(C=O)=CC[C@@H]1CC[C@@H]1[C@@H]2CC[C@]2(C)[C@@H](O)CC[C@@H]12,,True,False,False,False,0.0,39,22.0,4.0,7.0
CDK_Depict_3_148,C(C(=NO)/C(=C/Br)/NO)Br,ON/C(=C\[Dy])C(CBr)=[Au]O,ON=C(CBr)/C(=C/Br)NO,ON/C(=[CH]\[Dy])[C](CBr)=[Au][OH],True,True,False,False,0.3235294117647059,18,10.0,0.0,0.0
CDK_Depict_3_149,CCCCC[C@@H](C=C[C@H]1[C@@H](CC(=O)[C@@H]1CC=CCCCC(=O)O)O)O,CCCCC[C@H](O)CC1=C[C@@H]2[C@H]3C(=O)C[C@H]2O,CCCCC[C@H](O)C=C[C@H]1[C@H](O)CC(=O)[C@@H]1CC=CCCCC(=O)O,,True,False,False,False,0.0,29,25.0,1.0,4.0
CDK_Depict_3_150,CCCCC/C=C\C[C@H]([C@H]1COC(O1)(C)C)OC(=O)C,[H][C@@]1([C@@H](C)C/C=C\CCCCC)COC(C)(C)O1,CCCCC/C=C\C[C@@H](OC(C)=O)[C@H]1COC(C)(C)O1,CCCCC/C=C\C[C@H](C)[C@@H]1COC(C)(C)O1,True,True,False,False,0.6382978723404256,29,20.0,1.0,2.0
CDK_Depict_3_152,CC1=CC=C(S1)/C(=C(/C2=CC=C(S2)C)\F)/F,*/C(C1=CC=C(C)S1)=C(/F)c1ccc(C)s1,Cc1ccc(/C(F)=C(\F)c2ccc(C)s2)s1,*/C(=C(/F)c1ccc(C)s1)c1ccc(C)s1,True,True,False,False,0.72,23,16.0,2.0,0.0
CDK_Depict_4_3,C[C@@H]([C@](C(C)C)(C(=O)OCC1=CCN2[C@@H]1CCC2)O)O,[H][C@]12CCCN1CCC2COC(=O)[C@@](O)(CC)[C@H](C)O,CC(C)[C@](O)(C(=O)OCC1=CCN2CCC[C@H]12)[C@H](C)O,CC[C@](O)(C(=O)OCC1CCN2CCC[C@H]12)[C@H](C)O,True,True,False,False,0.4067796610169492,32,20.0,2.0,3.0
CDK_Depict_4_4,C(C(C(=O)O)(C(=O)O)C(=O)O)P,O=C(O)C(CP)(C(=O)O)C(=O)O,O=C(O)C(CP)(C(=O)O)C(=O)O,O=C(O)C(CP)(C(=O)O)C(=O)O,True,True,True,True,1.0,10,12.0,0.0,0.0
CDK_Depict_4_5,B1BBC2BBBBC2BB1,b1bcc2cbbbc2[sH]b1,B1BBC2BBBBC2BB1,,True,False,False,False,0.0,14,11.0,2.0,2.0
CDK_Depict_4_6,C[C@@H]1CC[C@H](C[C@H]1O)C(C)(C)OC,COC(C)[C@@H]1CC[C@@H](C)[C@H](O)C1,COC(C)(C)[C@@H]1CC[C@@H](C)[C@H](O)C1,COC(C)[C@@H]1CC[C@@H](C)[C@H](O)C1,True,True,False,False,0.42857142857142855,16,13.0,1.0,3.0
CDK_Depict_4_7,C(=O)([O-])[I-](O)(Cl)Br,O=C([O-])[I-](O)(Cl)Cl,O=C([O-])[I-](O)(Cl)Br,O=C([O-])[I-](O)(Cl)Cl,True,True,False,False,0.625,6,7.0,0.0,1.0
CDK_Depict_4_8,CCCCCCCCCCCCCCC[C@H](C[C@H](CO)O)O,CCCCCCCCCCCCCCCC(O)C[C@@H](O)CO,CCCCCCCCCCCCCCC[C@@H](O)C[C@@H](O)CO,CCCCCCCCCCCCCCCC(O)C[C@@H](O)CO,True,True,False,True,1.0,9,22.0,0.0,2.0
CDK_Depict_4_9,CC(C(=NOC(=O)NC)C)S(=O)C,CNC(=O)ON=C(C)C(C)S(C)=O,CNC(=O)ON=C(C)C(C)S(C)=O,CNC(=O)ON=C(C)C(C)S(C)=O,True,True,True,True,1.0,14,13.0,0.0,2.0
CDK_Depict_4_10,C1=CC(=CC=C1C[C@@H](C(=O)O)N)OP(=O)(O)O,N[C@@H](Cc1ccc(OP(=O)(O)O)cc1)C(=O)O,N[C@@H](Cc1ccc(OP(=O)(O)O)cc1)C(=O)O,N[C@@H](Cc1ccc(OP(=O)(O)O)cc1)C(=O)O,True,True,True,True,1.0,28,17.0,1.0,1.0
CDK_Depict_4_11,C[C@H]1[C@H]([C@H]([C@H]([C@H](O1)OC)O)O)O,CO[C@H]1O[C@@H](C)[C@@H](O)[C@H]([Ho])[C@H]1O,CO[C@H]1O[C@@H](C)[C@@H](O)[C@@H](O)[C@H]1O,CO[C@H]1O[C@@H](C)[C@@H](O)[C@H]([Ho])[C@H]1O,True,True,False,False,0.6538461538461539,20,12.0,1.0,5.0
CDK_Depict_4_12,C=CCN1C(=CC(=C1Br)Br)Br,*c1cc(Br)c(Br)N1CC=C,C=CCn1c(Br)cc(Br)c1Br,*c1cc(Br)c(Br)n1CC=C,True,True,False,False,0.6551724137931034,20,11.0,1.0,0.0
CDK_Depict_4_13,C[C@@H]1[C@@H]([C@@H]2[C@H]1[C@H]3CCCN3O2)C,C1C[n]2O[C@]3([C@@H](C)[C@H](I)[C@@]3([H])[C@H]2C1)[C@H](C)O2,C[C@@H]1[C@H](C)[C@H]2ON3CCC[C@@H]3[C@@H]12,,True,False,False,False,0.0,34,12.0,3.0,5.0
CDK_Depict_4_14,C([C@@H]([C@H]([C@@H](C(=O)CO)O)O)O)O,O=C(CO)[C@@H](O)[C@H](O)[C@@H](O)CO,O=C(CO)[C@@H](O)[C@H](O)[C@@H](O)CO,O=C(CO)[C@@H](O)[C@H](O)[C@@H](O)CO,True,True,True,True,1.0,20,12.0,0.0,3.0
CDK_Depict_4_15,C1=CC(NC=C1)S(=O)(=O)O,O=S(=O)(O)c1cCC=CN1,O=S(=O)(O)C1C=CC=CN1,O=S(=O)(O)C1=CCC=CN1,True,True,False,False,0.2222222222222222,18,10.0,1.0,1.0
CDK_Depict_4_16,CCCCCCCCCCCCCC=C[C@H]([C@H](CO)N)O,CCCCCCCCCCCCCC=C[C@@H](O)[C@@H](N)CO,CCCCCCCCCCCCCC=C[C@@H](O)[C@@H](N)CO,CCCCCCCCCCCCCC=C[C@@H](O)[C@@H](N)CO,True,True,True,True,1.0,8,21.0,0.0,2.0
CDK_Depict_4_17,C1CCN[C@H](C1)[C@H](C2=CC(=C(C=C2)O)O)O,[H][C@]1([C@@H](O)c2ccc(O)c(O)c2)CCCC[NH2+]1,Oc1ccc([C@H](O)[C@H]2CCCCN2)cc1O,Oc1ccc([C@H](O)[C@H]2CCCC[NH2+]2)cc1O,True,True,False,False,0.5365853658536586,33,16.0,2.0,2.0
CDK_Depict_4_18,CC(N=C=O)N(C(C)N=C=O)C(C)N=C=O,CC(N=C=O)N(C(C)N=C=O)C(C)N=C=O,CC(N=C=O)N(C(C)N=C=O)C(C)N=C=O,CC(N=C=O)N(C(C)N=C=O)C(C)N=C=O,True,True,True,True,1.0,0,16.0,0.0,3.0
CDK_Depict_4_19,B1(NB(NB(N1)CCC)CCC)CCC,CCC[SH]1NB[NH+][SH](CC)N1,CCCB1NB(CCC)NB(CCC)N1,CCC[SH]1NB[NH+][SH](CC)N1,True,True,False,False,0.15151515151515152,20,15.0,1.0,0.0
CDK_Depict_4_20,CC(=O)O[C@@H]([C@H]1CCC(=O)O1)C2=CC=CC=C2,[H][C@@]1([C@@H](OC(C)=O)c2ccccc2)CCC(=O)O1,CC(=O)O[C@H](c1ccccc1)[C@H]1CCC(=O)O1,CC(=O)O[C@@H](c1ccccc1)[C@@H]1CCC(=O)O1,True,True,False,True,1.0,28,17.0,2.0,2.0
CDK_Depict_4_21,CC(C=C)(C#CBr)O,C=CC(C)(O)C#CBr,C=CC(C)(O)C#CBr,C=CC(C)(O)C#CBr,True,True,True,True,1.0,7,8.0,0.0,1.0
CDK_Depict_4_22,C(=NBr)(C(=NBr)F)F,*/N=C(\F)C(F)=NC,FC(=NBr)C(F)=NBr,*/N=C(\F)C(F)=NC,True,True,False,False,0.2631578947368421,15,8.0,0.0,0.0
CDK_Depict_4_23,CC(C)(C)NC[C@@H](COC1=CC=CC=C1C2CCCC2)O,CC(C)(C)NC[C@H](O)COc1ccccc1C1CCCC1,CC(C)(C)NC[C@H](O)COc1ccccc1C1CCCC1,CC(C)(C)NC[C@H](O)COc1ccccc1C1CCCC1,True,True,True,True,1.0,16,21.0,2.0,1.0
CDK_Depict_4_24,CCOC(=O)C(S(=O)(=O)Cl)Cl,CCOC(=O)C(Cl)S(=O)(=O)Cl,CCOC(=O)C(Cl)S(=O)(=O)Cl,CCOC(=O)C(Cl)S(=O)(=O)Cl,True,True,True,True,1.0,6,11.0,0.0,1.0
CDK_Depict_4_25,CN(C)[C@H]1CCCC2=C(C=CC(=C12)Cl)OC,COc1ccc(Cl)c2c1CCC[C@@H]2N(C)C,COc1ccc(Cl)c2c1CCC[C@@H]2N(C)C,COc1ccc(Cl)c2c1CCC[C@@H]2N(C)C,True,True,True,True,1.0,26,16.0,2.0,1.0
CDK_Depict_4_26,B(=O)/C=N/C(=C)NB(C)O,C=C(N=C[SH]=O)NB(C)O,C=C(/N=C/B=O)NB(C)O,C=C(N=C[SH]=O)NB(C)O,True,True,False,False,0.5625,12,10.0,0.0,0.0
CDK_Depict_4_27,C[C@]12CC[C@@H]3[C@H]1[C@H](C[C@@H]3C2)O,CC12CCC(O)(C[C@@H](O)CC(C1)C2)C1,C[C@]12CC[C@H]3[C@H](C[C@H](O)[C@H]31)C2,,True,False,False,False,0.0,23,11.0,3.0,5.0
CDK_Depict_4_28,CC(=O)N(C)[C@H]1[C@@H]([C@H]([C@@H](CO1)O)O)O,CC(=O)N(C)[C@@H]1OC[C@@H](O)[C@H](O)[C@H]1O,CC(=O)N(C)[C@@H]1OC[C@@H](O)[C@H](O)[C@H]1O,CC(=O)N(C)[C@@H]1OC[C@@H](O)[C@H](O)[C@H]1O,True,True,True,True,1.0,16,14.0,1.0,4.0
CDK_Depict_4_29,CCOSSOCC,CCOSSOCC,CCOSSOCC,CCOSSOCC,True,True,True,True,1.0,0,8.0,0.0,0.0
CDK_Depict_4_30,CC1NC(SC(O1)C)C,CC(C)SC(C)NCCCCl,CC1NC(C)SC(C)O1,CC(C)SC(C)NCCCCl,True,True,False,False,0.05405405405405406,9,9.0,1.0,3.0
CDK_Depict_4_31,B1BBBBBC(=C(BBBB1)CO)CO,*CC(C(CO)C[SH][SH](C)CS)C(C*)C(C*)C(C[Ho])C(C)C,OCC1=C(CO)BBBBBBBBBB1,*CC(C(CO)C[SH][SH](C)CS)C(C*)C(C*)C([CH2][Ho])C(C)C,True,True,False,False,0.06382978723404255,39,16.0,1.0,0.0
CDK_Depict_4_32,C1=CC=C(C=C1)C(C2=CC=CC=C2F)(Cl)Cl,Fc1ccccc1C(Cl)(Cl)c1ccccc1,Fc1ccccc1C(Cl)(Cl)c1ccccc1,Fc1ccccc1C(Cl)(Cl)c1ccccc1,True,True,True,True,1.0,29,16.0,2.0,0.0
CDK_Depict_4_33,C1[C@@H](C([C@H](CC1(C(=O)O)O)O)O)O,O=C(O)C1(O)C[C@@H](O)C(O)[C@@H](O)C1,O=C(O)C1(O)C[C@H](O)C(O)[C@@H](O)C1,O=C(O)C1(O)C[C@@H](O)C(O)[C@@H](O)C1,True,True,False,True,1.0,26,13.0,1.0,4.0
CDK_Depict_4_34,CC(C)(C#N)[C@@H]1CC=C(C1)I,CC(C)(C#N)[C@@H]1CC=C(I)C1,CC(C)(C#N)[C@@H]1CC=C(I)C1,CC(C)(C#N)[C@@H]1CC=C(I)C1,True,True,True,True,1.0,4,11.0,1.0,1.0
CDK_Depict_4_35,C1=CC=C(C=C1)[C@H](C(=O)O)O,O=C(O)[C@H](O)c1ccCC=C1,O=C(O)[C@H](O)c1ccccc1,,True,False,False,False,0.0,20,11.0,1.0,1.0
CDK_Depict_4_36,CCOC(=C)N(P=S)Cl,C=C(OCC)N(Cl)P=S,C=C(OCC)N(Cl)P=S,C=C(OCC)N(Cl)P=S,True,True,True,True,1.0,10,9.0,0.0,1.0
CDK_Depict_4_37,C1C(=NN=N1)N=CC=NN2C=NN=C2N,Nc1n[nH]cN1N=CC=NC1=N[nH]=NC1,Nc1nncn1N=CC=NC1=NN=NC1,,True,False,False,False,0.0,19,15.0,2.0,0.0
CDK_Depict_4_38,C1=CP2C=NC1N=C2,C1=COCnc1ncnc1,C1=CP2C=NC1N=C2,,True,False,False,False,0.0,10,8.0,3.0,2.0
CDK_Depict_4_39,CCOC(=N)N(C(=O)N(SC)SC)SC,CCOC(=N)N(SC)C(=O)N(SC)SC,CCOC(=N)N(SC)C(=O)N(SC)SC,CCOC(=N)N(SC)C(=O)N(SC)SC,True,True,True,True,1.0,6,15.0,0.0,0.0
CDK_Depict_4_40,[3H]P(C(=S)F)I,[3H]P(C)C(F)=S,[3H]P(I)C(F)=S,[3H]P(C)C(F)=S,True,True,False,False,0.5294117647058824,6,6.0,0.0,1.0
CDK_Depict_4_41,CCN(CC)C[C@@H](CP(=O)(O)O)P(=O)(O)O,CCN(CC)C[C@@H](CP(=O)(O)O)P(=O)(O)O,CCN(CC)C[C@@H](CP(=O)(O)O)P(=O)(O)O,CCN(CC)C[C@@H](CP(=O)(O)O)P(=O)(O)O,True,True,True,True,1.0,0,16.0,0.0,1.0
CDK_Depict_4_42,CCOC1=C(C1=O)OCC,CCOC1=C(OCC)C1=O,CCOc1c(OCC)c1=O,CCOc1c(OCC)c1=O,True,True,True,True,1.0,8,10.0,1.0,0.0
CDK_Depict_4_43,C1=CC2=CC3=CC=C4C3=C2C1=C4,c1cc2cc3ccc4c3c2c1,c1cc2cc3ccc4cc1C2=C43,,True,False,False,False,0.0,19,12.0,4.0,0.0
CDK_Depict_4_44,C[C@@]1(CC[C@@H]2C1(CC[C@H]3C2CC4=CC(=O)CCC34C)C)O,CC12CCC(=O)C=C1CC1[C@]3(C)CC[C@@](C)(O)C3(C)CC[C@@]12F,CC12CCC(=O)C=C1CC1[C@@H]2CCC2(C)[C@H]1CC[C@]2(C)O,CC12CCC(=O)C=C1CC1[C@]3(C)CC[C@@](C)(O)C3(C)CC[C@@]12F,True,True,False,False,0.38596491228070173,36,21.0,4.0,6.0
CDK_Depict_4_45,CCC[C@@H]([C@H]1CN[C@H](C(=O)N1)C(C)C)O,CCC[C@H](O)[C@@]1(N)CN[C@@H](C(C)C)C(=O)N1,CCC[C@H](O)[C@H]1CN[C@@H](C(C)C)C(=O)N1,CCC[C@H](O)[C@@]1(N)CN[C@@H](C(C)C)C(=O)N1,True,True,False,False,0.46808510638297873,17,15.0,1.0,3.0
CDK_Depict_4_46,C1=CS(=S(=O)=O)C=C1,O=S(=S)=s1cCcc1,O=S(=O)=S1C=CC=C1,,True,False,False,False,0.0,11,8.0,1.0,0.0
CDK_Depict_4_47,CC(C)(C(=N)N)N=NC(C)(CCl)C(=N)N,*C(=N)C(C)(CCl)N=CNC(C)(C)C(=N)N,CC(C)(N=NC(C)(CCl)C(=N)N)C(=N)N,*C(=N)C(C)(CCl)N=CNC(C)(C)C(=N)N,True,True,False,False,0.41025641025641024,12,15.0,0.0,1.0
CDK_Depict_4_48,B(CC)(CC)N1C=C(C=N1)Br,CC[2H](CC)n1cc(C)cn1,CCB(CC)n1cc(Br)cn1,,True,False,False,False,0.0,16,11.0,1.0,0.0
CDK_Depict_4_49,C[C@]12CC[C@@H](C[C@H]1C(=O)CC2)O,[H][C@]12C[C@@H](O)CCC1(C)CCC2=O,C[C@@]12CCC(=O)[C@@H]1C[C@@H](O)CC2,CC12CCC(=O)[C@H]1C[C@@H](O)CC2,True,True,False,True,1.0,14,12.0,2.0,3.0
CDK_Depict_4_50,CC(=O)C(=C=O)P(=S)(C(C)(C)C)C(C)(C)C,CC(=O)C(=C=O)P(C)(=S)C(C)(C)C,CC(=O)C(=C=O)P(=S)(C(C)(C)C)C(C)(C)C,CC(=O)C(=C=O)P(C)(=S)C(C)(C)C,True,True,False,False,0.6666666666666666,9,16.0,0.0,0.0
CDK_Depict_4_51,C[C@]12C[C@H](CS(=O)C1)C3=C(N2)C=CC(=C3)F,[H][C@@]1(c2cc(F)ccc2[nH])C[C@@H](C)CS(=O)C1,C[C@]12C[C@H](CS(=O)C1)c1cc(F)ccc1N2,,True,False,False,False,0.0,33,16.0,3.0,3.0
CDK_Depict_4_52,C([C@H]([C@H]([C@@H]([C@H]([C@H](C(=O)O)O)O)O)O)O)O,*C(=O)C(O)[C@@H](O)[C@@H](O)[C@H](O)[C@@H](O)CO,O=C(O)[C@H](O)[C@H](O)[C@@H](O)[C@H](O)[C@H](O)CO,*C(=O)C(O)[C@@H](O)[C@@H](O)[C@H](O)[C@@H](O)CO,True,True,False,False,0.64,30,15.0,0.0,5.0
CDK_Depict_4_53,C[C@]12CC[C@H]3[C@H]([C@@H]1CCC2=O)CCC4=CC=CC=C34,C[C@@H]1CC[C@]2([H])c3ccccc3CC[C@@]2([H])[C@]1([H])CCC(=O)[C@@H]2C,C[C@]12CC[C@@H]3c4ccccc4CC[C@H]3[C@@H]1CCC2=O,,True,False,False,False,0.0,40,19.0,4.0,4.0
CDK_Depict_4_54,[2H]C([2H])([2H])C1=NC(=NC(=N1)/C=C/C)C([2H])([2H])[2H],[2H]C([2H])([2H])c1nC(C([2H])([2H])[2H])[nH]c(/C=C/C)N1,[2H]C([2H])([2H])c1nc(/C=C/C)nc(C([2H])([2H])[2H])n1,,True,False,False,False,0.0,29,17.0,1.0,0.0
CDK_Depict_4_55,CO[C@@H]1C[C@@]23C(CCN2CCC4=C3CC(=O)OC4)C=C1,CO[C@H]1C=CC2CCN3CCc4c(CC(=O)OC4)[C@@]2(C1)N2CC4,CO[C@H]1C=CC2CCN3CCC4=C(CC(=O)OC4)[C@]23C1,,True,False,False,False,0.0,25,20.0,4.0,3.0
CDK_Depict_4_56,C1[C@H](C(=O)NO1)N,C[C@@H](N)C(=O)NO,N[C@@H]1CONC1=O,C[C@@H](N)C(=O)NO,True,True,False,False,0.09375,7,7.0,1.0,1.0
CDK_Depict_4_57,B1(CB(OB(O1)C)C)C,CB1Cb(C)ObO1,CB1CB(C)OB(C)O1,CB1CB(C)OBO1,True,True,False,False,0.42105263157894735,13,9.0,1.0,0.0
CDK_Depict_4_59,C(C(=O)O[Hg]OC(=O)CBr)Br,O=C(CBr)O[Hg]OC(=O)C[15Sr],O=C(CBr)[O][Hg][O]C(=O)CBr,O=C(CBr)[O][Hg][O]C(=O)[CH2][15Sr],True,True,False,False,0.7619047619047619,10,11.0,0.0,0.0
CDK_Depict_4_60,C(=O)(N)NNNNC(=O)N,NC(=O)[NH2+]N[NH2+]NC=O,NC(=O)NNNNC(N)=O,NC(=O)[NH2+]N[NH2+]NC=O,True,True,False,False,0.2222222222222222,14,10.0,0.0,0.0
CDK_Depict_4_61,C1CSC(=O)C(=O)SCCSCCSC(=O)C(=O)SCCS1,O=C1SCCSCCSC(=s)C(=O)SCCSCCSC1=s,O=C1SCCSCCSC(=O)C(=O)SCCSCCSC1=O,,True,False,False,False,0.0,19,22.0,1.0,0.0
CDK_Depict_4_62,CC(C)C1=CC2=C(C=C1)[C@@]3(CCC[C@]([C@H]3CC2)(C)C=O)C,CC(C)C1=CCC(C)[C@@]2(C)CCC[C@@](C)(C(N)=O)[C@@]2(C)CCCC1,CC(C)c1ccc2c(c1)CC[C@@H]1[C@@](C)(C=O)CCC[C@@]21C,CC(C)C1=CCC(C)[C@@]2(C)CCC[C@@](C)(C(N)=O)[C@@]2(C)CCCC1,True,True,False,False,0.23529411764705882,27,21.0,3.0,3.0
CDK_Depict_4_63,C[C@@H]1CC[C@]23[C@H]1CC[C@]2(C[C@@H]([C@]3(C)O)C)C,C[C@@H]1C[C@@]2(C)CC[C@@]3(C)[C@@H](C)CCC23C1(C)O,C[C@@H]1CC[C@]23[C@H]1CC[C@@]2(C)C[C@H](C)[C@]3(C)O,C[C@@H]1C[C@@]2(C)CC[C@@]3(C)[C@@H](C)CCC23C1(C)O,True,True,False,False,0.41025641025641024,21,16.0,3.0,6.0
CDK_Depict_4_64,C(OOC(Br)Br)(Br)Br,*C(*)OOC(*)*,BrC(Br)OOC(Br)Br,*C(*)OOC(*)*,True,True,False,False,0.23076923076923078,13,8.0,0.0,0.0
CDK_Depict_4_65,COC\1=C(SS/C1=C\N=O)SC,COc1c(SC)SSc1=CN=O,COC1=C(SC)SS/C1=C\N=O,COC1=C(SC)SSC1=CN=O,True,True,False,True,1.0,12,12.0,1.0,0.0
CDK_Depict_4_66,B(B(N(C)C)I)(N(C)C)I,CB(B(C)N(C)C)N(C)C,CN(C)B(I)B(I)N(C)C,CB(B(C)N(C)C)N(C)C,True,True,False,False,0.35714285714285715,8,10.0,0.0,0.0
CDK_Depict_4_67,C1[C@@H]([C@H](O[C@H]1N2C=CC(=NC2=O)N)CO)O,C*c1ccN([C@H]2C[C@H](O)[C@@H](CO)O2)C(=S)N1,Nc1ccn([C@H]2C[C@H](O)[C@@H](CO)O2)c(=O)n1,,True,False,False,False,0.0,27,16.0,2.0,3.0
CDK_Depict_4_68,C[C@@H]([C@@H](C1=CC(=CC=C1)O)O)N,CC(N)[C@H](O)c1cccc(O)c1,C[C@H](N)[C@H](O)c1cccc(O)c1,CC(N)[C@H](O)c1cccc(O)c1,True,True,False,True,1.0,23,12.0,1.0,2.0
CDK_Depict_4_69,C1=NN=NN1OC(=O)N,NC(=O)On1cnnn1,NC(=O)On1cnnn1,NC(=O)On1cnnn1,True,True,True,True,1.0,14,9.0,1.0,0.0
CDK_Depict_4_71,CC1([C@@H](N2[C@H](S1)[C@@H](C2=O)N)C(=O)O)C,[H][C@@]12SC(C)(C)[C@H](C(=O)O)N1C(=O)[C@H]2N,CC1(C)S[C@@H]2[C@H](N)C(=O)N2[C@H]1C(=O)O,CC1(C)S[C@H]2[C@H](N)C(=O)N2[C@H]1C(=O)O,True,True,False,True,1.0,25,14.0,2.0,3.0
CDK_Depict_4_72,COCCOCOOOCOCCOC,COCCOCOOOCOCCOC,COCCOCOOOCOCCOC,COCCOCOOOCOCCOC,True,True,True,True,1.0,0,15.0,0.0,0.0
CDK_Depict_4_73,C1(=NNN=N1)OC(=O)O,O=C(O)Oc1[nH+][nH+][nH+][nH+]1,O=C(O)Oc1nn[nH]n1,,True,False,False,False,0.0,28,9.0,1.0,0.0
CDK_Depict_4_74,C1=CN(N=N1)NC(=O)NN2C=CN=N2,O=C(NN1ccnn1)NN1ccnn1,O=C(Nn1ccnn1)Nn1ccnn1,O=C(Nn1ccnn1)Nn1ccnn1,True,True,True,True,1.0,18,14.0,2.0,0.0
CDK_Depict_4_75,C(O)P(=O)(CO)OP(=O)(CO)CO,CCP(=O)(CC)OP(=O)(CO)CO,O=P(CO)(CO)OP(=O)(CO)CO,CCP(=O)(CC)OP(=O)(CO)CO,True,True,False,False,0.7222222222222222,4,13.0,0.0,0.0
CDK_Depict_4_76,CN(C)[C-]=NC(=NC(=[W])C(=O)O)Cl,CN(C)[C-]=NC(Cl)=NC(=[W])C(=O)O,CN(C)[C-]=NC(Cl)=N[C](=[W])C(=O)O,CN(C)[C-]=NC(Cl)=N[C](=[W])C(=O)O,True,True,True,True,1.0,6,13.0,0.0,0.0
CDK_Depict_4_77,C(=N)(N)P(=O)=O,N=NC(=N)[PH](=O)=s,N=C(N)P(=O)=O,,True,False,False,False,0.0,8,6.0,0.0,0.0
CDK_Depict_4_78,C1[C@@H]([C@H](O[C@H]1N2C=CC(=NC2=O)N)COP(=O)(O)O)O,NC1=NC(=O)N([C@H]2C[C@H](O)[C@@H](COP(=O)(O)O)O2)C=C1,Nc1ccn([C@H]2C[C@H](O)[C@@H](COP(=O)(O)O)O2)c(=O)n1,Nc1ccn([C@H]2C[C@H](O)[C@@H](COP(=O)(O)O)O2)c(=O)n1,True,True,True,True,1.0,32,20.0,2.0,3.0
CDK_Depict_4_79,CCCCCCCCCCCC(=O)N[C@@H](C(C)C)C(=O)O,CCCCCCCCCCCC(=O)N[C@H](C(=O)O)C(C)C,CCCCCCCCCCCC(=O)N[C@H](C(=O)O)C(C)C,CCCCCCCCCCCC(=O)N[C@H](C(=O)O)C(C)C,True,True,True,True,1.0,7,21.0,0.0,1.0
CDK_Depict_4_80,CC(C)O/C(=C/P(=O)(Cl)Cl)/C(P(=O)(Cl)Cl)Cl,CCO/C(=C/P(=O)(Cl)Cl)C(Cl)P(=O)(Cl)Cl,CC(C)O/C(=C/P(=O)(Cl)Cl)C(Cl)P(=O)(Cl)Cl,CCO/C(=C/P(=O)(Cl)Cl)C(Cl)P(=O)(Cl)Cl,True,True,False,False,0.6060606060606061,10,16.0,0.0,1.0
CDK_Depict_4_81,CC(C)(C)NC[C@@H](COC1=NSN=C1N2CCOCC2)O,CNC[C@H](O)COc1nSnc1N1CCOCC1,CC(C)(C)NC[C@H](O)COc1nsnc1N1CCOCC1,CNC[C@H](O)COc1nsnc1N1CCOCC1,True,True,False,False,0.7708333333333334,20,21.0,2.0,1.0
CDK_Depict_4_82,COC(=O)CCC/C=C\C[C@H]1[C@H]2CC[C@H](C2)[C@@H]1C=O,[H][C@]12CC[C@@](N)(C1)[C@@H](C=O)[C@@H]2C/C=C\CCCC(=O)OC,COC(=O)CCC/C=C\C[C@H]1[C@H]2CC[C@H](C2)[C@@H]1C=O,COC(=O)CCC/C=C\C[C@@H]1[C@H]2CC[C@@](N)(C2)[C@H]1C=O,True,True,False,False,0.5660377358490566,39,19.0,2.0,4.0
CDK_Depict_4_83,C1CN(CCN1)C(C(N2CCNCC2)O)O,OC(C(O)N1CCNCC1)N1CCNCC1,OC(C(O)N1CCNCC1)N1CCNCC1,OC(C(O)N1CCNCC1)N1CCNCC1,True,True,True,True,1.0,16,16.0,2.0,2.0
CDK_Depict_4_84,CCOC=NC1=C(N=CN=C1Cl)Cl,CCOC=Nc1c(Cl)ncnc1Cl,CCOC=Nc1c(Cl)ncnc1Cl,CCOC=Nc1c(Cl)ncnc1Cl,True,True,True,True,1.0,12,13.0,1.0,0.0
CDK_Depict_4_86,C1=NC(=NN1[C@H]2[C@@H]([C@@H]([C@H](O2)CO)O)O)C(=O)N,*C(=O)c1=NN([C@H]2O[C@@H](CO)[C@H](O)[C@@H]2C)C=N1,NC(=O)c1ncn([C@@H]2O[C@H](CO)[C@@H](O)[C@H]2O)n1,*C(=O)c1ncn([C@H]2O[C@@H](CO)[C@H](O)[C@@H]2C)n1,True,True,False,False,0.6170212765957447,26,17.0,2.0,4.0
CDK_Depict_4_87,C(#N)C(C(Cl)(Cl)Cl)(N=S=O)Cl,N#CC(Cl)(n=s=O)C(Cl)(Cl)Cl,N#CC(Cl)(N=S=O)C(Cl)(Cl)Cl,,True,False,False,False,0.0,17,11.0,0.0,1.0
CDK_Depict_4_88,CCCC[SeH]=P(C(Cl)(Cl)Cl)([SeH])[SeH],CCCC[Se]=P([SeH])([SeH])C(Cl)(Cl)Cl,CCCC[SeH]=P([SeH])([SeH])C(Cl)(Cl)Cl,CCCC[Se]=P([SeH])([SeH])C(Cl)(Cl)Cl,True,True,False,False,0.43333333333333335,23,12.0,0.0,0.0
CDK_Depict_4_89,C1NC(=S)N=N1,S=C1N=NCN1,S=C1N=NCN1,S=C1N=NCN1,True,True,True,True,1.0,7,6.0,1.0,0.0
CDK_Depict_4_90,CNP(=O)(N(C)P(=O)(Cl)Cl)Cl,CN[PH](=O)(Cl)N[PH](=O)(Cl)Cl,CNP(=O)(Cl)N(C)P(=O)(Cl)Cl,,True,False,False,False,0.0,13,11.0,0.0,1.0
CDK_Depict_4_91,C1=CP=PP=C1C2=PP=PC=C2,c1cc(-c2ccppp2)pcp1,c1cc(-c2ccppp2)ppp1,c1cc(-c2ccppp2)pcp1,True,True,False,False,0.6521739130434783,21,12.0,2.0,6.0
CDK_Depict_4_92,CCN(CC)P(=O)(C#CCl)OC,CCN(CC)[PH](=O)(C#CCl)OC,CCN(CC)P(=O)(C#CCl)OC,,True,False,False,False,0.0,3,12.0,0.0,1.0
CDK_Depict_4_93,C[C@@H](C(=O)C)O[C@@H]1C[C@H]2[C@H]3CC[C@@]([C@H]2O1)(C3(C)C)C,C[C@H](O[C@H]1O[C@@]2(C)[C@@]3(C)CC[C@@]4(C)[C@@]2(C)C1C3(C)C)C(C)=O,CC(=O)[C@H](C)O[C@@H]1C[C@H]2[C@H]3CC[C@@](C)([C@H]2O1)C3(C)C,,True,False,False,False,0.0,31,19.0,3.0,6.0
CDK_Depict_4_94,C1CC(O[C@@H]1C(=O)O)C(=O)O,O=C(O[Hf])C1CC[C@@H](C(=O)O)O1,O=C(O)C1CC[C@@H](C(=O)O)O1,O=C([O][Hf])C1CC[C@@H](C(=O)O)O1,True,True,False,False,0.6521739130434783,18,11.0,1.0,2.0
CDK_Depict_4_95,OS1(OO1)(O)(O)O,O=[N+]([O-])S1([N+](=O)[O-])([N+](=O)[O-])([N+](=O)[O-])CO1,OS1(O)(O)(O)OO1,O=[N+]([O-])S1([N+](=O)[O-])([N+](=O)[O-])([N+](=O)[O-])CO1,True,True,False,False,0.1,45,7.0,1.0,0.0
CDK_Depict_4_96,CCCC1(N=C2C=CC=CC2=N1)N(C)C,CCCC1(N(C)C)nc2c(ccc(C2)CC2=N1)n1,CCCC1(N(C)C)N=c2ccccc2=N1,,True,False,False,False,0.0,19,15.0,2.0,0.0
CDK_Depict_4_97,C(=C(F)F)(C(=O)F)F,O=C(F)C(F)=C(F)F,O=C(F)C(F)=C(F)F,O=C(F)C(F)=C(F)F,True,True,True,True,1.0,8,8.0,0.0,0.0
CDK_Depict_4_98,C1C[C@@H]2C[C@H]1[C@H]3[C@@H]2[C@H]([C@@H]4OC[C@H]3O4)O,[H][C@@]12OC[C@@]([H])(O1)[C@]1([H])[C@]3([H])CC[C@]([H])(C3)[C@]1([H])[C@@H]2O,O[C@H]1[C@@H]2OC[C@@H](O2)[C@H]2[C@H]3CC[C@H](C3)[C@@H]12,O[C@@H]1[C@@H]2OC[C@@H](O2)[C@@H]2[C@@H]3CC[C@H](C3)[C@H]12,True,True,False,True,1.0,45,14.0,4.0,7.0
CDK_Depict_4_99,C[C@@H]1[C@@H]2C[C@](O1)(CC=C2C)C(C)C,[H][C@@]12C[C@@](C(C)C)(CC=C1C)O[C@H]2C,CC1=CC[C@]2(C(C)C)C[C@H]1[C@@H](C)O2,CC1=CC[C@]2(C(C)C)C[C@H]1[C@H](C)O2,True,True,False,True,1.0,20,13.0,2.0,3.0
CDK_Depict_4_100,N1[P+](N[P+](N[P+]1(F)F)(F)F)(F)F,F[P+]1(F)N[P+](F)(F)N[P+](F)(F)N1,F[P+]1(F)N[P+](F)(F)N[P+](F)(F)N1,F[P+]1(F)N[P+](F)(F)N[P+](F)(F)N1,True,True,True,True,1.0,19,12.0,1.0,0.0
CDK_Depict_5_1,C(#N)C(N(F)F)(F)Cl,*C(F)(C#N)N(F)F,N#CC(F)(Cl)N(F)F,*C(F)(C#N)N(F)F,True,True,False,False,0.45454545454545453,11,8.0,0.0,1.0
CDK_Depict_5_2,[Fe]=[Bi+],[Te+],[Fe]=[Bi+],[Te+],True,True,False,False,0.0,6,2.0,0.0,0.0
CDK_Depict_5_3,C[C@@H](CC1=CC=CC=C1)NC,CC.CCC.CCc1ccccc1,CN[C@@H](C)Cc1ccccc1,CC.CCC.CCc1ccccc1,True,True,False,False,0.37037037037037035,17,11.0,1.0,1.0
CDK_Depict_5_4,C(=O)C(=NN=[W])C(=[W])O,C=CC(=NN=[W])C(o)=[W],O=CC(=N[N]=[W])[C](O)=[W],,True,False,False,False,0.0,7,9.0,0.0,0.0
CDK_Depict_5_5,CC(C)[C@](C(C)OC)(C(=O)O)O,CCC(C)[C@@H](C(=O)O)C(C)[C@@H](C)C1,COC(C)[C@](O)(C(=O)O)C(C)C,,True,False,False,False,0.0,17,12.0,0.0,2.0
CDK_Depict_5_6,CC(C)[C@H]1CC[C@]2([C@@H]3COC(=O)[C@@H]3[C@@H]1C24CO4)C,CC[C@H]1CC[C@@H]2(C)[C@@H]3(C)CCC(=O)[C@@]3(C)[C@@]1(C)CO,CC(C)[C@H]1CC[C@@]2(C)[C@@H]3COC(=O)[C@@H]3[C@@H]1C21CO1,,True,False,False,False,0.0,22,18.0,4.0,6.0
CDK_Depict_5_7,CC(C)NN(NC(C)C)P(O)OCl,**P([4*])NNC(C)C,CC(C)NN(NC(C)C)P(O)OCl,**P([4*])NNC(C)C,True,True,False,False,0.17647058823529413,17,13.0,0.0,1.0
CDK_Depict_5_8,B(B(N(C)C)SC1=CC=CC1)(N(C)C)SC2=CC=CC2,CN(C)C.CN(C)C,CN(C)B(SC1=CC=CC1)B(SC1=CC=CC1)N(C)C,CN(C)C.CN(C)C,True,True,False,False,0.125,27,20.0,2.0,0.0
CDK_Depict_5_9,CNC(=S)N1CCNC1=S,C[V]C(=S)N1CC[V]C1=S,CNC(=S)N1CCNC1=S,[CH3][V][C](=S)N1C[CH2][V][C]1=S,True,True,False,False,0.25,6,10.0,1.0,0.0
CDK_Depict_5_10,CN1CC[C@@]23C=C[C@@H](C[C@@H]2OC4=C(C=CC(=C34)C1)OC)O,CC.CC.CC.CCN(C)Cc1ccc(C)c2c1[C@@]13CCC(C)C[C@@H]1O2,COc1ccc2c3c1O[C@H]1C[C@@H](O)C=C[C@@]31CCN(C)C2,,True,False,False,False,0.0,38,21.0,4.0,3.0
CDK_Depict_5_11,B1(C(B(C1(C)C)C)C)C,CCC,CB1C(C)B(C)C1(C)C,CCC,True,True,False,False,0.0625,16,9.0,1.0,0.0
CDK_Depict_5_12,C1[C@H](N(C[C@]12C(=O)NC(=O)N2)CC3=CC=CC=C3)CO,C([C@H]1N(Cc2ccccc2)CC[C@@]2(NC(=O)NC2=O)C1)[C@H]1,O=C1NC(=O)[C@@]2(C[C@@H](CO)N(Cc3ccccc3)C2)N1,,True,False,False,False,0.0,32,20.0,3.0,2.0
CDK_Depict_5_13,C12NC3NC(N1)NC(N2)N3,*.*.*.*,N1C2NC3NC1NC(N2)N3,*.*.*.*,True,True,False,False,0.0,20,10.0,4.0,4.0
CDK_Depict_5_14,N1SNS(=NS1)O,O=[SH]1=[N-]S[N-]S[N-]1,OS1=NSNSN1,,True,False,False,False,0.0,19,7.0,1.0,1.0
CDK_Depict_5_15,CNC(=NC)P(=O)(O)SC,CN=C(C)[N+](C)C.CO.CO.CSC,CN=C(NC)P(=O)(O)SC,CN=C(C)[N+](C)C.CO.CO.CSC,True,True,False,False,0.21875,14,10.0,0.0,1.0
CDK_Depict_5_16,C1C[C@@H]([C@@H](C2=CC=CC=C2C1)O)N,O[C@H]1CCCCC2CCCCC21,N[C@H]1CCCc2ccccc2[C@H]1O,O[C@H]1CCCCC2CCCCC21,True,True,False,False,0.16216216216216217,19,13.0,2.0,2.0
CDK_Depict_5_17,F[Mn](F)(F)(F)(Br)Br,[O-][Mn](F)(F)(F)(F)F,[F][Mn]([F])([F])([F])([Br])[Br],[O-][Mn]([F])([F])([F])([F])[F],True,True,False,False,0.3333333333333333,8,7.0,0.0,0.0
CDK_Depict_5_18,C(=O)(NO)P(=O)(O)O,O=C(NO[PH])[PH](=O)([oH2+])[oH2+],O=C(NO)P(=O)(O)O,,True,False,False,False,0.0,22,8.0,0.0,0.0
CDK_Depict_5_19,CCSCCSP(=O)(C)OC(C)(C)C(C)(C)O,CC(C)(OC(C)(O)C(C)(C)C)OC(C)(C)=O,CCSCCSP(C)(=O)OC(C)(C)C(C)(C)O,,True,False,False,False,0.0,12,17.0,0.0,1.0
CDK_Depict_5_20,C[C@@H]([C@@H]([C@H]([C@H](C=O)O)O)O)O,CC(C)(C=O)[C@H](O)[C@@H](O)[C@@H](O)C=O,C[C@H](O)[C@H](O)[C@@H](O)[C@@H](O)C=O,CC(C)(C=O)[C@H](O)[C@@H](O)[C@@H](O)C=O,True,True,False,False,0.46153846153846156,23,11.0,0.0,4.0
CDK_Depict_5_21,CC1(SCCS1)C#CCCCCC#CC2(SCCS2)C,CC1(C#CCCCCC#CC2(C)SCC[Sn]2)SCCS1,CC1(C#CCCCCC#CC2(C)SCCS2)SCCS1,CC1(C#CCCCCC#C[C]2(C)SC[CH2][Sn]2)SCCS1,True,True,False,False,0.6774193548387096,15,20.0,2.0,0.0
CDK_Depict_5_22,C1(NC(=C(N1)Br)Br)Br,OC1[NH+]C(Cl)C([K])[NH+]1,BrC1=C(Br)NC(Br)N1,OC1[NH+]C(Cl)[CH]([K])[NH+]1,True,True,False,False,0.03571428571428571,18,8.0,1.0,0.0
CDK_Depict_5_24,CC=[Zr](F)F,C=*C,C[CH]=[Zr]([F])[F],C=*C,True,True,False,False,0.07142857142857142,9,5.0,0.0,0.0
CDK_Depict_5_25,C1C#CC[C@@H]([C@H]1N=C=O)N=C=O,O=C=N[C@@H]1CC#CC[C@H]1N=C=O,O=C=N[C@H]1CC#CC[C@@H]1N=C=O,O=C=N[C@@H]1CC#CC[C@H]1N=C=O,True,True,False,True,1.0,17,12.0,1.0,2.0
CDK_Depict_5_26,CC[C@@H](CO)NCCN[C@@H](CC)CO,CCC(CC)N(CCN[C@@H](CC)CO)C(CC)CC,CC[C@@H](CO)NCCN[C@@H](CC)CO,CCC(CC)N(CCN[C@@H](CC)CO)C(CC)CC,True,True,False,False,0.6153846153846154,15,14.0,0.0,2.0
CDK_Depict_5_27,C[C@]12CC[C@H]3[C@H]([C@@H]1CC[C@@H]2O)CC=C4[C@@]3(CC[C@@H](C4)O)C,C[C@@H]1CC[C@@]2(C)C(=CC[C@]3(C)[C@H]2CC[C@]2(C)C(O)(O)CCC23C)C1,C[C@]12CC[C@H]3[C@@H](CC=C4C[C@@H](O)CC[C@@]43C)[C@@H]1CC[C@@H]2O,C[C@@H]1CC[C@@]2(C)C(=CC[C@]3(C)[C@H]2CC[C@]2(C)C(O)(O)CCC23C)C1,True,True,False,False,0.2711864406779661,38,21.0,4.0,7.0
CDK_Depict_5_28,C1=C2C(=NC=N1)PC=N2,C=n1cc2ncnc2n1,c1ncc2nc[pH]c2n1,,True,False,False,False,0.0,17,9.0,2.0,1.0
CDK_Depict_5_29,C[C@H]1CC2([C@H](CCC2C3C1C4=C(CC3)C=C(C=C4)O)O)C,C[C@@H]1CC2(C)C(CC[C@@H]2O)C2CCC3CC(O)CCC3C21,C[C@H]1CC2(C)C(CC[C@@H]2O)C2CCc3cc(O)ccc3C21,C[C@@H]1CC2(C)C(CC[C@@H]2O)C2CCC3CC(O)CCC3C21,True,True,False,False,0.375,27,21.0,4.0,6.0
CDK_Depict_5_30,C1=CN=NN=C1S(=O)(=O)Cl,CS(=O)(=O)c1ccnnn1,O=S(=O)(Cl)c1ccnnn1,CS(=O)(=O)c1ccnnn1,True,True,False,False,0.6296296296296297,18,10.0,1.0,0.0
CDK_Depict_5_31,C[Ge](C)(C)O[V](=O)(O[Ge](C)(C)C)O[Ge](C)(C)C,C=O.CO[Ge+](C)(C)C.CO[Ge](C)(C)C,[CH3][Ge]([CH3])([CH3])[O][V](=[O])([O][Ge]([CH3])([CH3])[CH3])[O][Ge]([CH3])([CH3])[CH3],,True,False,False,False,0.0,20,17.0,0.0,0.0
CDK_Depict_5_32,CC#CC#CC(C1=CC=C(O1)CCCO)O,CC#CC#CC(O)c1ccc(CCCO)o1,CC#CC#CC(O)c1ccc(CCCO)o1,CC#CC#CC(O)c1ccc(CCCO)o1,True,True,True,True,1.0,12,16.0,1.0,1.0
CDK_Depict_5_33,CC1=CC(=O)CC([C@]1(C=CC(=CC(=O)O)C)O)(C)C,CC(CCC1CCC(C)CC1C)CC(=O)O,CC(C=C[C@@]1(O)C(C)=CC(=O)CC1(C)C)=CC(=O)O,CC(CCC1CCC(C)CC1C)CC(=O)O,True,True,False,False,0.09523809523809523,24,19.0,1.0,1.0
CDK_Depict_5_34,C1CCN2CC3CC([C@H]2C1)CN4C3=CC=CC4=O,CCCC1(C)C2CC3CN1CCCCC21,O=c1cccc2n1CC1CC2CN2CCCC[C@H]12,,True,False,False,False,0.0,20,18.0,4.0,3.0
CDK_Depict_5_35,C[C@@]1(CCC2C1(CCC3C2CCC4C3CCC(=O)C4)C)O,CCC1C2CCC3CC(=O)CCC3C2CCC1(C)C(C)(C)O,CC12CCC3C4CCC(=O)CC4CCC3C1CC[C@]2(C)O,CCC1C2CCC3CC(=O)CCC3C2CCC1(C)C(C)(C)O,True,True,False,False,0.5,20,21.0,4.0,7.0
CDK_Depict_5_36,CC(C)(C)NP(=O)(CBr)Cl,CNP(C)(=O)CBr,CC(C)(C)NP(=O)(Cl)CBr,CNP(C)(=O)CBr,True,True,False,False,0.3333333333333333,10,10.0,0.0,1.0
CDK_Depict_5_37,C[C@@H]1[C@H](O[C@](C(=N1)C)(C)O)C2=CC=CC=C2,C=C(C)C(C)C.CC(C)C(C)C(C)C,CC1=N[C@H](C)[C@@H](c2ccccc2)O[C@]1(C)O,C=C(C)C(C)C.CC(C)C(C)C(C)C,True,True,False,False,0.047619047619047616,29,16.0,2.0,3.0
CDK_Depict_5_38,CC1=CP(C=C1C)CP2C=C(C(=C2)C)C,CC1=CC(C[IH]2CC(C)C(C)C2)CC1C,Cc1cp(Cp2cc(C)c(C)c2)cc1C,CC1=CC(C[IH]2CC(C)C(C)C2)CC1C,True,True,False,False,0.1388888888888889,13,15.0,2.0,0.0
CDK_Depict_5_40,CCOC(=NC1=NOC(=C1)C)C,CCOC(C)=Nc1cc(C)OCN1,CCOC(C)=Nc1cc(C)on1,,True,False,False,False,0.0,12,12.0,1.0,0.0
CDK_Depict_5_41,CN(CCP(C)C)CCP(C)C,CCCC(C)C.CCCC(C)C,CN(CCP(C)C)CCP(C)C,CCCC(C)C.CCCC(C)C,True,True,False,False,0.08695652173913043,6,12.0,0.0,0.0
CDK_Depict_5_42,CCCCCCCCCCCCC[C@@H]1[C@@H](NC(=O)O1)C,CCCCCCCCCCCCCC1(CCCCCCCCCCCCC)OC(=O)N[C@@H]1C,CCCCCCCCCCCCC[C@H]1OC(=O)N[C@H]1C,CCCCCCCCCCCCCC1(CCCCCCCCCCCCC)OC(=O)N[C@@H]1C,True,True,False,False,0.425,24,20.0,1.0,2.0
CDK_Depict_5_43,C(=O)[C@H]([C@@H]([C@H]([C@@H](C(=O)O)O)O)O)O,O=C[C@H](O)[C@H](O)[C@H](O)[C@@H](O)C(=O)O,O=C[C@@H](O)[C@H](O)[C@@H](O)[C@H](O)C(=O)O,O=C[C@H](O)[C@H](O)[C@H](O)[C@@H](O)C(=O)O,True,True,False,True,1.0,20,13.0,0.0,4.0
CDK_Depict_5_44,CC(C)(C)OC(=O)N[C@H](CC1CCCCC1)[C@@H](C(F)(F)F)O,[H]N(C#C[C@H](CC1CCCCC1)[C@H](O)C(F)(F)F)CC(=O)OC(C)(C)C,CC(C)(C)OC(=O)N[C@H](CC1CCCCC1)[C@H](O)C(F)(F)F,CC(C)(C)OC(=O)CNC#C[C@H](CC1CCCCC1)[C@H](O)C(F)(F)F,True,True,False,False,0.5370370370370371,29,22.0,1.0,2.0
CDK_Depict_5_45,COCN1CN(C(=C1O)O)COC,COCN1CCN(COC)C(O)=C1O,COCN1CN(COC)C(O)=C1O,COCN1CCN(COC)C(O)=C1O,True,True,False,False,0.7272727272727273,9,13.0,1.0,0.0
CDK_Depict_5_46,CC(C)(C)OOCC1(CO1)C#N,COCC1COC1,CC(C)(C)OOCC1(C#N)CO1,COCC1COC1,True,True,False,False,0.13157894736842105,13,12.0,1.0,1.0
CDK_Depict_5_47,CC(C)(C)N=P(Br)(Br)Br,CN=[2H](C)([Br-])[Br-],CC(C)(C)N=P(Br)(Br)Br,,True,False,False,False,0.0,16,9.0,0.0,0.0
CDK_Depict_5_48,CSC(=NC(=O)C(=O)N=C(SC)Cl)Cl,CSC(C)=NC(=O)C(=O)N=C(C)C,CSC(Cl)=NC(=O)C(=O)N=C(Cl)SC,CSC(C)=NC(=O)C(=O)N=C(C)C,True,True,False,False,0.44,7,14.0,0.0,0.0
CDK_Depict_5_49,[B]=[GeH2],[2H]=[SeH2],[B]=[GeH2],,True,False,False,False,0.0,3,2.0,0.0,0.0
CDK_Depict_5_50,CC1=CC[C@]2(CC[C@]3([C@@H]2[C@H](C1)OC(=O)O3)C(C)C)C,CC1C[C@@]2(C)OC(=O)OC(C)C2(C)C[C@@H]2(C)CCC(C)C2,CC1=CC[C@@]2(C)CC[C@]3(C(C)C)OC(=O)O[C@@H](C1)[C@H]23,,True,False,False,False,0.0,31,19.0,3.0,4.0
CDK_Depict_5_51,C[C@@]12CCO[C@@]1(C(=O)C2)CC3=CC=CC=C3,CCCCCCCOC(CC)CC1ccccc1,C[C@@]12CCO[C@]1(Cc1ccccc1)C(=O)C2,,True,False,False,False,0.0,26,16.0,3.0,2.0
CDK_Depict_5_54,C1=CN(N=N1)ON2C=CN=N2,C1=C[n+](ON2ccnn2)nn1,c1cn(On2ccnn2)nn1,,True,False,False,False,0.0,16,11.0,2.0,0.0
CDK_Depict_5_55,CC1=C(C=CP(C1)Cl)Cl,Cc1ccc(C)c(C)c1,CC1=C(Cl)C=CP(Cl)C1,Cc1ccc(C)c(C)c1,True,True,False,False,0.12903225806451613,13,9.0,1.0,1.0
CDK_Depict_5_56,C=CC[Sb](CC=C)(CC=C)(Cl)Cl,C=CCCCCCCCCCC,C=C[CH2][Sb]([Cl])([Cl])([CH2]C=C)[CH2]C=C,C=CCCCCCCCCCC,True,True,False,False,0.20833333333333334,14,12.0,0.0,0.0
CDK_Depict_5_57,CS/C(=C(/C(=C(/SC)\N)/C#N)\C#N)/N,*/C(SC)=C(C#N)/C(C#N)=C(/C)SC,CS/C(N)=C(C#N)/C(C#N)=C(\N)SC,*/C(SC)=C(C#N)/C(C#N)=C(/C)SC,True,True,False,False,0.39285714285714285,19,14.0,0.0,0.0
CDK_Depict_5_58,CS(C)(C)OS(=O)(=O)F,[2H][Si](=O)(=O)O[Si](C)(C)C,CS(C)(C)OS(=O)(=O)F,,True,False,False,False,0.0,19,9.0,0.0,0.0
CDK_Depict_5_59,B1=ISC[I-]C1,C*1CbcSC1,B1=ISC[I-]C1,C*1CB=CSC1,True,True,False,False,0.09375,9,6.0,1.0,0.0
CDK_Depict_5_61,COC(=O)[C@@H]([C@H](C(=O)OC)O)O,CO.COC(=O)[C@H](O)[C@@H](O)C(C)=O,COC(=O)[C@H](O)[C@@H](O)C(=O)OC,CO.COC(=O)[C@H](O)[C@@H](O)C(C)=O,True,True,False,False,0.7368421052631579,14,12.0,0.0,2.0
CDK_Depict_5_62,C12=C(C(=C(S1)I)I)SC(=C2I)I,Ic1sc2c(sc(I)c2I)C1I,Ic1sc2c(I)c(I)sc2c1I,,True,False,False,False,0.0,20,12.0,2.0,0.0
CDK_Depict_5_63,COC(=O)CCC/C=C\C[C@H]1[C@H]2CC[C@H](C2)[C@H]1C=O,COC(=O)CCC/C=C\C[C@H]1[C@@H]2(C=O)CC[C@@](C)(CC[C@@H]12C)[C@H]2C=O,COC(=O)CCC/C=C\C[C@H]1[C@H]2CC[C@H](C2)[C@H]1C=O,,True,False,False,False,0.0,20,19.0,2.0,4.0
CDK_Depict_5_64,C1=NNC(C1C#N)N,C[NH+]1N=CC(C#N)C1[NH2+],N#CC1C=NNC1N,C[NH+]1N=CC(C#N)C1[NH2+],True,True,False,False,0.30303030303030304,16,8.0,1.0,2.0
CDK_Depict_5_65,CC1=C(C=CC2=C1CCC3C2CCC4(C3CC[C@@H]4O)C)OC,COc1ccc2c(c1C)CCC1C2CCC2(C)C1CC[C@@H]2O,COc1ccc2c(c1C)CCC1C2CCC2(C)C1CC[C@@H]2O,COc1ccc2c(c1C)CCC1C2CCC2(C)C1CC[C@@H]2O,True,True,True,True,1.0,23,22.0,4.0,5.0
CDK_Depict_5_66,O1[Al]2OP1S2,p1psp1,[O]1[Al]2[O]P1[S]2,,True,False,False,False,0.0,10,5.0,3.0,0.0
CDK_Depict_5_67,C(#N)C1=C(C(=O)NC1=O)C#N,N#CC1C(=O)NC(=O)C1C#N,N#CC1=C(C#N)C(=O)NC1=O,N#CC1C(=O)NC(=O)C1C#N,True,True,False,False,0.34782608695652173,10,11.0,1.0,0.0
CDK_Depict_5_68,C1=CC=PC(=C1)Br,[K]c1cccco1,Brc1ccccp1,,True,False,False,False,0.0,14,7.0,1.0,1.0
CDK_Depict_5_69,CC1=NOC(S1)(SC)SC,CSC(C)(CSC(C)=[V]O)SC,CSC1(SC)ON=C(C)S1,CSC(C)(CS[C](C)=[V][OH])SC,True,True,False,False,0.07692307692307693,14,10.0,1.0,0.0
CDK_Depict_5_70,CSC1=NNC(=N1)N=C2SCS2,CSc1[nH][nH]c(N=C2SCS2)[nH]1,CSc1n[nH]c(N=C2SCS2)n1,,True,False,False,False,0.0,17,12.0,2.0,0.0
CDK_Depict_5_71,C[C@]12CCC(CC1CC[C@@H]3[C@@H]2CC[C@]4([C@H]3CCC4O)C)O,CC1CCC(C)CC1.CC1CCC2CC(C)C12,C[C@]12CCC(O)CC1CC[C@@H]1[C@@H]2CC[C@]2(C)C(O)CC[C@@H]12,CC1CCC(C)CC1.CC1CCC2CC(C)C12,True,True,False,False,0.1111111111111111,34,21.0,4.0,8.0
CDK_Depict_5_72,B([Si](C)(N(C)Cl)Cl)(Cl)Cl,*S[Si](C)(C)N(C)C,CN(Cl)[Si](C)(Cl)B(Cl)Cl,*S[Si](C)(C)N(C)C,True,True,False,False,0.2,12,9.0,0.0,1.0
CDK_Depict_5_73,C=S1C=NN=C1I=C,C=[IH]C1=NN=CS1=C,C=IC1=NN=CS1=C,C=[IH]C1=NN=CS1=C,True,True,False,False,0.42857142857142855,7,8.0,1.0,1.0
CDK_Depict_5_74,C1COC([C@@H](O1)Cl)Cl,C#CC1OCCO[C@H]1Cl,ClC1OCCO[C@H]1Cl,C#CC1OCCO[C@H]1Cl,True,True,False,False,0.5,12,8.0,1.0,2.0
CDK_Depict_5_75,CCOC(=C(F)Cl)F,CC.CCO,CCOC(F)=C(F)Cl,CC.CCO,True,True,False,False,0.2,10,8.0,0.0,0.0
CDK_Depict_5_76,C1=CC=C(C=C1)C#C[C@@H](C(F)F)O,CC(F)[C@@H](O)C#Cc1ccccc1,O[C@@H](C#Cc1ccccc1)C(F)F,CC(F)[C@@H](O)C#Cc1ccccc1,True,True,False,False,0.7407407407407407,24,13.0,1.0,1.0
CDK_Depict_5_77,C(=O)=[Pt]=C=O,O=C=O=C=O,O=[C]=[Pt]=[C]=O,,True,False,False,False,0.0,8,5.0,0.0,0.0
CDK_Depict_5_78,C[Se]12(OP(=O)(O1)O2)(C)C,C[Se](C)(C)OO=O,C[Se]12(C)(C)OP(=O)(O1)O2,,True,False,False,False,0.0,15,9.0,3.0,1.0
CDK_Depict_5_79,CN(C)CC[C@@H](C1=CC=C(C=C1)Br)C2=CC=CC=N2,CN(C)CC[C@H](c1ccc([Sc])cc1)c1ccccn1,CN(C)CC[C@@H](c1ccc(Br)cc1)c1ccccn1,CN(C)CC[C@H](c1cc[c]([Sc])cc1)c1ccccn1,True,True,False,False,0.75,25,19.0,2.0,1.0
CDK_Depict_5_80,C(=O)NS(=P(O)(O)Cl)NC=O,*O(*)(O)=C(NC=O)NC=O,O=CNS(NC=O)=P(O)(O)Cl,,True,False,False,False,0.0,14,11.0,0.0,0.0
CDK_Depict_5_81,C1=CN=C(C=N1)C(Br)(Br)Br,C1=C[V]CCN1,BrC(Br)(Br)c1cnccn1,C1=[CH][V][CH2]CN1,True,True,False,False,0.030303030303030304,17,10.0,1.0,0.0
CDK_Depict_5_82,N=[S-](=S=S=S=S=S=S=S=S=S=S=S=[Y]I)O,O[C+](=[Ti])=s=s=[s+]=s=[s+]=s=[s+]=[s+]=[s+]=[s+]=[s+]=[s+](I)I,N=[S-](O)=S=S=S=S=S=S=S=S=S=S=[S]=[Y][I],,True,False,False,False,0.0,45,16.0,0.0,0.0
CDK_Depict_5_83,CSC(=S)C1=C2SC(=C(SCCOCCOCCS1)C(=S)SC)S2,CSC(=O)C1SCCSCCOCCSC(C(=S)SC)=CSc1S,CSC(=S)C1=c2sc(s2)=C(C(=S)SC)SCCOCCOCCS1,CSC(=O)C1SCCSCCOCCSC(C(=S)SC)=CSC1S,True,True,False,False,0.3508771929824561,17,24.0,3.0,0.0
CDK_Depict_5_84,[B]P(NC(=O)NC)PC,[2H]N(C(=O)[2H]C)P([2H])[2H]C,[B]P(NC(=O)NC)PC,,True,False,False,False,0.0,18,9.0,0.0,2.0
CDK_Depict_5_85,C[C@@]12CCC[C@H]1[C@@H]3CCC4=C([C@H]3CC2)C=CC(=C4)O,C[C@@]12CCC[C@@]1(C)[C@@]1(C)CCc3cc(O)ccc3[C@@]1(C)CC2,C[C@@]12CCC[C@H]1[C@@H]1CCc3cc(O)ccc3[C@H]1CC2,C[C@@]12CCC[C@@]1(C)[C@@]1(C)CCc3cc(O)ccc3[C@@]1(C)CC2,True,True,False,False,0.32142857142857145,28,19.0,4.0,4.0
CDK_Depict_5_86,CCCCC(C(N)(O)O)N,*C(O)(O)C(N)CCCC,CCCCC(N)C(N)(O)O,*C(O)(O)C(N)CCCC,True,True,False,False,0.64,12,10.0,0.0,1.0
CDK_Depict_5_87,C[C@@]1(CCC2C1(CCC3C2CC[C@@H]4C3(CC[C@H](C4)OC)C)C)O,CCl.CC12C3CCC(C3)C1(C)C(CC[C@@H]2(C)O)C1CCC(C)C3(C)CCC(C)CC1,CO[C@@H]1CCC2(C)C3CCC4(C)C(CC[C@]4(C)O)C3CC[C@H]2C1,,True,False,False,False,0.0,33,23.0,4.0,8.0
CDK_Depict_5_88,[2H]S(=C(C)[O-])([2H])([2H])[2H],[2H][SH]([2H])([2H])([2H])c(C)O,[2H]S([2H])([2H])([2H])=C(C)[O-],,True,False,False,False,0.0,13,8.0,0.0,0.0
CDK_Depict_5_89,C(F)(F)(F)S(=O)NP(=S)(N)N,CC(C)S(=O)N[PH](N)([NH2-])=S,NP(N)(=S)NS(=O)C(F)(F)F,,True,False,False,False,0.0,19,11.0,0.0,1.0
CDK_Depict_5_90,C1[C@H]([C@@H]([C@H](O[C@@H]1O)CO)O)O,OC[C@H]1O[C@H](O)C[C@@H](O)[C@@H]1O,OC[C@H]1O[C@H](O)C[C@@H](O)[C@@H]1O,OC[C@H]1O[C@H](O)C[C@@H](O)[C@@H]1O,True,True,True,True,1.0,17,11.0,1.0,4.0
CDK_Depict_5_91,[2H]C12C3C1C4C2C4C3,C1CC2CC12,[2H]C12C3CC4C(C41)C32,C1CC2CC12,True,True,False,False,0.15789473684210525,13,8.0,5.0,6.0
CDK_Depict_5_92,CC(=O)OC/C=C(\F)/S(=O)CC=C(Cl)Cl,CC(=O)OCC=C(C)S(=O)CC=C(C)C,CC(=O)OC/C=C(\F)S(=O)CC=C(Cl)Cl,CC(=O)OCC=C(C)S(=O)CC=C(C)C,True,True,False,False,0.5263157894736842,6,15.0,0.0,1.0
CDK_Depict_5_93,[2H][C@@]12C[C@](NN1C3=CC=CC=C3C2([2H])[2H])(C)C(=O)OCC,CCOC(=O)[C@@H]1CC2[C@@H]1[C@@H]1[C@H]2Nc2ccccc2C(O)(O)[C@H]1O,[2H]C1([2H])c2ccccc2N2N[C@@](C)(C(=O)OCC)C[C@]21[2H],CCOC(=O)[C@@H]1CC2[C@@H]1[C@@H]1[C@H]2Nc2ccccc2C(O)(O)[C@H]1O,True,True,False,False,0.2714285714285714,44,21.0,3.0,2.0
CDK_Depict_5_94,C1=C[Se]P=C1,C1=C[Se]Pc1,c1cp[se]c1,C1=C[Se]PC1,True,True,False,False,0.08,2,5.0,1.0,1.0
CDK_Depict_5_95,C(C(SCl)Cl)(SCl)Cl,*SC([Cd])C(Cl)SC,ClSC(Cl)C(Cl)SCl,*S[CH]([Cd])C(Cl)SC,True,True,False,False,0.22727272727272727,10,8.0,0.0,2.0
CDK_Depict_5_96,B(CC(=C)C)(CC(=C)C)SC,C=C(C)CC(CC(C)C)SC,C=C(C)CB(CC(=C)C)SC,C=C(C)CC(CC(C)C)SC,True,True,False,False,0.3,6,11.0,0.0,0.0
CDK_Depict_5_97,CCOC1(OS1)SC,COC1(SC)OS1,CCOC1(SC)OS1,COC1(SC)OS1,True,True,False,False,0.5416666666666666,5,8.0,1.0,1.0
CDK_Depict_5_98,CN1CCC2=C3[C@H]1CC4=C(C3=CC=C2)C(=C(C=C4)O)O,*c1c(O)ccc2c1-c1cccc(c1)CC1CCN(C)[C@@](C)(C2)C1,CN1CCc2cccc3c2[C@H]1Cc1ccc(O)c(O)c1-3,*c1c(O)ccc2c1-c1cccc(c1)CC1CCN(C)[C@@](C)(C2)C1,True,True,False,False,0.2753623188405797,37,20.0,4.0,1.0
CDK_Depict_5_99,C(=[P+]([O-])F)C(=O)C=[P+]([O-])F,C(P(F)(F)[C@H]1O1)C(CP(F)[O-])=O,O=C(C=[P+]([O-])F)C=[P+]([O-])F,,True,False,False,False,0.0,22,10.0,0.0,2.0
CDK_Depict_5_100,C1=NNN=C1SP(=O)(O)O,CP(=O)(O)Sc1cnNN=1,O=P(O)(O)Sc1cn[nH]n1,CP(=O)(O)Sc1cn[nH]n1,True,True,False,False,0.7241379310344828,17,10.0,1.0,0.0
CDK_Depict_6_1,C=C(C(=O)O)O[C@@H]1C=C(C=C[C@H]1O)C(=O)O,CC(=O)C(C)C[C@H]1CC(C(=O)O)C=C[C@@H]1C,C=C(O[C@@H]1C=C(C(=O)O)C=C[C@H]1O)C(=O)O,CC(=O)C(C)C[C@H]1CC(C(=O)O)C=C[C@@H]1C,True,True,False,False,0.16981132075471697,23,16.0,1.0,2.0
CDK_Depict_6_2,C1=C[In]=NO1,CC.CCC,C1=[CH][In]=[N]O1,CC.CCC,True,True,False,False,0.0,10,5.0,1.0,0.0
CDK_Depict_6_3,C1C[C@@H]2C[C@H]1[C@H]3[C@@H]2CO[C@@H](C3)O,C[C@H]1CC[C@H]2[C@H]3C[C@](C)(CC[C@@H]3C)[C@H]2C1,O[C@@H]1C[C@H]2[C@H]3CC[C@H](C3)[C@H]2CO1,C[C@H]1CC[C@H]2[C@H]3C[C@](C)(CC[C@@H]3C)[C@H]2C1,True,True,False,False,0.14285714285714285,23,12.0,3.0,5.0
CDK_Depict_6_4,C1=CC=C2C(=C1)C(=CN2)C[C@@H](C(=O)O)N,O=C(O)[C@@H]([W])CC1CNc2ccccc21,N[C@@H](Cc1c[nH]c2ccccc12)C(=O)O,O=C(O)[C@@H]([W])CC1CNc2ccccc21,True,True,False,False,0.24528301886792453,30,15.0,2.0,1.0
CDK_Depict_6_5,C[Se][Se](C)(C)(C)(C)C,CC.CC,C[Se][Se](C)(C)(C)(C)C,CC.CC,True,True,False,False,0.1111111111111111,18,8.0,0.0,0.0
CDK_Depict_6_6,C[C@H]1CCO[C@]2(O1)[C@@H]([C@@H](CC([C@H]2Br)(C)C)C)Br,CC1CCC[C@H](C)C1.CCCC,C[C@@H]1CC(C)(C)[C@@H](Br)[C@]2(OCC[C@H](C)O2)[C@@H]1Br,CC1CCC[C@H](C)C1.CCCC,True,True,False,False,0.12195121951219512,36,17.0,2.0,5.0
CDK_Depict_6_7,CCOC(=O)C(C(=O)O)[C@@]1(CC1(C)C)O,CC.CC(C)(C)C(C(=O)O)C(=O)O,CCOC(=O)C(C(=O)O)[C@]1(O)CC1(C)C,CC.CC(C)(C)C(C(=O)O)C(=O)O,True,True,False,False,0.2,18,15.0,1.0,2.0
CDK_Depict_6_8,C1=CC(=C(C=C1Cl)C2=CC(=O)C2=O)Cl,CC1CCC(C)C(C2CC(=O)CC2=O)C1,O=c1cc(-c2cc(Cl)ccc2Cl)c1=O,CC1CCC(C)C(C2CC(=O)CC2=O)C1,True,True,False,False,0.0625,12,14.0,2.0,0.0
CDK_Depict_6_9,CC(=O)O[C@H]1[C@H](O[C@H]2[C@@H]1OC(O2)(C)C)[C@H]3CSC(=O)O3,CC(=O)O[C@H]1C(=O)OC(=O)[(]CC1C)OC(C)(C)O[C@]12C,CC(=O)O[C@@H]1[C@H]2OC(C)(C)O[C@H]2O[C@@H]1[C@H]1CSC(=O)O1,,True,False,False,False,0.0,31,20.0,3.0,5.0
CDK_Depict_6_10,C(=C(/F)\Br)\Cl,CCC(C)C,F/C(Br)=C/Cl,CCC(C)C,True,True,False,False,0.0,10,5.0,0.0,0.0
CDK_Depict_6_11,CCC(F)(F)P(=S)(O)O,CC(C)C(O)=S,CCC(F)(F)P(O)(O)=S,CC(C)C(O)=S,True,True,False,False,0.125,11,9.0,0.0,0.0
CDK_Depict_6_12,B1(OC(C(O1)C)C)SP(=S)(OCC)OCC,CCCC(=O)(CCC)C*1OCC(C)O1,CCOP(=S)(OCC)SB1OC(C)C(C)O1,,True,False,False,False,0.0,19,16.0,1.0,2.0
CDK_Depict_6_13,C[C@@H]1C[C@H]([C@@]2(O1)CCCCO2)S(=O)(=O)C3=CC=C(C=C3)C,CCCCCC1(C)CCC(C)CC1.Cc1ccc(*(=O)=O)cc1,Cc1ccc(S(=O)(=O)[C@@H]2C[C@@H](C)O[C@@]23CCCCO3)cc1,CCCCCC1(C)CCC(C)CC1.Cc1ccc(*(=O)=O)cc1,True,True,False,False,0.21875,40,21.0,3.0,3.0
CDK_Depict_6_14,C(=O)(C(C(C(=O)I)(F)F)(F)F)Br,CC(C)=O.CC(C)=O,O=C(Br)C(F)(F)C(F)(F)C(=O)I,CC(C)=O.CC(C)=O,True,True,False,False,0.15,21,12.0,0.0,0.0
CDK_Depict_6_15,C(C[C@@H](C(=O)O)N)CNC(=O)N,CC(N)=O.CCCC[C@H](C)C(C)=O,NC(=O)NCCC[C@H](N)C(=O)O,CC(N)=O.CCCC[C@H](C)C(C)=O,True,True,False,False,0.24324324324324326,20,12.0,0.0,1.0
CDK_Depict_6_16,B(=S(=BI)=S)I,CS=S=S,S=S(=BI)=BI,C[SH]=S=S,True,True,False,False,0.05555555555555555,9,6.0,0.0,0.0
CDK_Depict_6_17,CCCCCCC#CC1=NN(N=C1)CC=C,C=CCN1ncc(C#CCCCCCC)n1,C=CCn1ncc(C#CCCCCCC)n1,C=CCn1ncc(C#CCCCCCC)n1,True,True,True,True,1.0,18,16.0,1.0,0.0
CDK_Depict_6_18,C1C[C@H]2C[C@@H]1C[C@@H]2N(Cl)Cl,C1CC1.C1CC1,ClN(Cl)[C@H]1C[C@@H]2CC[C@H]1C2,C1CC1.C1CC1,True,True,False,False,0.047619047619047616,24,10.0,2.0,3.0
CDK_Depict_6_19,CC(C)(C)S(C)(C)NS(C)(C)C,CCC.CCC,CC(C)(C)S(C)(C)NS(C)(C)C,CCC.CCC,True,True,False,False,0.058823529411764705,18,12.0,0.0,0.0
CDK_Depict_6_20,CCCCC1=NC(=NC(=N1)Br)Br,*C(N)=NC(*)=NC(N)CCCC,CCCCc1nc(Br)nc(Br)n1,*C(N)=NC(*)=NC(N)CCCC,True,True,False,False,0.15,14,12.0,1.0,0.0
CDK_Depict_6_21,CS(C)(C)OI,COC.C[CH]1(C)(C)CCCCC1,CS(C)(C)OI,,True,False,False,False,0.0,15,6.0,0.0,0.0
CDK_Depict_6_22,C1N(O1)S(=O)(=O)N,*S(=O)(=O)N1CO1,NS(=O)(=O)N1CO1,*S(=O)(=O)N1CO1,True,True,False,False,0.5,11,7.0,1.0,1.0
CDK_Depict_6_23,CCC[C@]1(C(=N[C@@H]([C@H](O1)C2=CC=CC=C2)C)C)O,CCCCCCCCCCCCCCCCCCCCCCCC,CCC[C@]1(O)O[C@H](c2ccccc2)[C@@H](C)N=C1C,CCCCCCCCCCCCCCCCCCCCCCCC,True,True,False,False,0.10256410256410256,31,18.0,2.0,3.0
CDK_Depict_6_24,[2H]C([2H])([2H])OC1(N=NC(O1)(C)C)OC,CC.COC.[2H]C([2H])([2H])OC,[2H]C([2H])([2H])OC1(OC)N=NC(C)(C)O1,CC.COC.[2H]C([2H])([2H])OC,True,True,False,False,0.24,22,14.0,1.0,1.0
CDK_Depict_6_25,CN1C(=O)SC(=O)N1C,C=C(C)C.CN.CN.CN,Cn1c(=O)sc(=O)n1C,C=C(C)C.CN.CN.CN,True,True,False,False,0.05,12,9.0,1.0,0.0
CDK_Depict_6_26,CC(C)(C)N(C1=CSC=C1)C2=CSC=C2,CC(C)(C)C.CCCC(C)CC,CC(C)(C)N(c1ccsc1)c1ccsc1,CC(C)(C)C.CCCC(C)CC,True,True,False,False,0.08823529411764706,13,15.0,2.0,0.0
CDK_Depict_6_27,OP(=O)(O)S(=O)(=O)O,*=*(OOOO)S(=O)(=O)OOOO,O=P(O)(O)S(=O)(=O)O,*=*(OOOO)S(=O)(=O)OOOO,True,True,False,False,0.13793103448275862,9,8.0,0.0,0.0
CDK_Depict_6_28,C[C@H]1[C@H](O[C@](C(=N1)C)(C2=CC=CC=C2)O)C3=CC=CC=C3,CC(C)[C@@H](C)CC(C)(C)C(C)C.O.c1ccccc1,CC1=N[C@@H](C)[C@@H](c2ccccc2)O[C@@]1(O)c1ccccc1,CC(C)[C@@H](C)CC(C)(C)C(C)C.O.c1ccccc1,True,True,False,False,0.08333333333333333,35,21.0,3.0,3.0
CDK_Depict_6_29,C[C@H]([C@H](C=C)O)C(=O)OC(C)C,C=C[C@H](O)[C@@H](C)C=O.COC(C)C,C=C[C@H](O)[C@@H](C)C(=O)OC(C)C,C=C[C@H](O)[C@@H](C)C=O.COC(C)C,True,True,False,False,0.4375,12,12.0,0.0,2.0
CDK_Depict_6_30,N#S(N=S(=O)(O)F)(F)F,***(=*)N=C(C)(C)=N,N#S(F)(F)N=S(=O)(O)F,,True,False,False,False,0.0,15,9.0,0.0,1.0
CDK_Depict_6_31,C(=N/OC(=O)Cl)(\C(N(F)F)(F)F)/N,*C(*)C(N)=NOC(=C)Cl.*[NH+](C)C,N/C(=N\OC(=O)Cl)C(F)(F)N(F)F,*C(*)C(N)=NOC(=C)Cl.*[NH+](C)C,True,True,False,False,0.24390243902439024,24,13.0,0.0,0.0
CDK_Depict_6_32,CC(=O)SCC(=O)C1=CC=CN1,CC(=O)CCC(=O)c1cccN1,CC(=O)SCC(=O)c1ccc[nH]1,CC(=O)CCC(=O)c1ccc[nH]1,True,True,False,False,0.5882352941176471,7,12.0,1.0,0.0
CDK_Depict_6_33,C1C2=CC=CC=C2[C@@H]([C@@H](C3=CC=CC=C31)O)N,CC(C)C(O)c1ccccc1Cc1ccccc1,N[C@H]1c2ccccc2Cc2ccccc2[C@H]1O,CC(C)C(O)c1ccccc1Cc1ccccc1,True,True,False,False,0.13333333333333333,36,17.0,3.0,2.0
CDK_Depict_6_34,C[C@@H]1CC[C@H](CC1=O)C(=C)C,C=C(C)C1(CC)CCCC(C)C1,C=C(C)[C@@H]1CC[C@@H](C)C(=O)C1,C=C(C)C1(CC)CCCC(C)C1,True,True,False,False,0.21428571428571427,17,11.0,1.0,2.0
CDK_Depict_6_35,C(=O)(F)SCl,C#C*C(C)=O,O=C(F)SCl,C#C*C(C)=O,True,True,False,False,0.13043478260869565,8,5.0,0.0,0.0
CDK_Depict_6_36,COC(=O)/C=C\1/C=C[C@H]2CO[C@@H]1O2,CCC(=O)CC1CCC(C)(C)CC1(C)C,COC(=O)/C=C1/C=C[C@H]2CO[C@@H]1O2,CCC(=O)CC1CCC(C)(C)CC1(C)C,True,True,False,False,0.10714285714285714,20,13.0,2.0,2.0
CDK_Depict_6_37,CC[C@@H]1CCC[C@@H](C1)C,CCCCCCCCCCCCCCCCCCCCCCCCCCCCCCCCCCCCCCCCCCCCCCCCCCCCCCCCCCCCCCCCCCCCCCCCCCCCCCCCCCCCCCCCCCCCCCCCCCCCCCCCCCCCCCCCCCCCCCCCCCCCCCCCCCCCCCCCCCCCCCCCCCCCCCCCCCCCCCCC,CC[C@@H]1CCC[C@H](C)C1,CCCCCCCCCCCCCCCCCCCCCCCCCCCCCCCCCCCCCCCCCCCCCCCCCCCCCCCCCCCCCCCCCCCCCCCCCCCCCCCCCCCCCCCCCCCCCCCCCCCCCCCCCCCCCCCCCCCCCCCCCCCCCCCCCCCCCCCCCCCCCCCCCCCCCCCCCCCCCCCC,True,True,False,False,0.125,151,9.0,1.0,2.0
CDK_Depict_6_38,C[C@@H]1C[C@@H]2[C@H]([C@@H]([C@]3([C@H]1C=CC3=O)C)O)C(=C)C(=O)O2,CCC(=O)O[C@@H]1C[C@H](C)[C@@H]2(C)C=CC(=O)[C@]2(CC2)[C@H](O)[C@]1(C)CC(=O)O1,C=C1C(=O)O[C@@H]2C[C@@H](C)[C@@H]3C=CC(=O)[C@@]3(C)[C@@H](O)[C@H]12,,True,False,False,False,0.0,39,19.0,3.0,6.0
CDK_Depict_6_39,CCOCCON=O,CCOCCON=O,CCOCCON=O,CCOCCON=O,True,True,True,True,1.0,0,8.0,0.0,0.0
CDK_Depict_6_40,C1C([Se]C=P1)N,CCCC(C)CC,NC1CP=C[Se]1,CCCC(C)CC,True,True,False,False,0.0,11,6.0,1.0,2.0
CDK_Depict_6_41,CC1=CC[C@@H]2[C@H](C1)C(CCC2=O)(C)C,CC1CCC(C)(C)C(C)(C)CC(C)C,CC1=CC[C@H]2C(=O)CCC(C)(C)[C@H]2C1,,True,False,False,False,0.0,18,14.0,2.0,2.0
CDK_Depict_6_42,C(P(CP(Cl)Cl)Cl)P(CP(Cl)Cl)Cl,C*(C)C*([CH2])C*([CH2])C*([CH2])[CH2],ClP(Cl)CP(Cl)CP(Cl)CP(Cl)Cl,[CH2]*([CH2])C*([CH2])C*([CH2])C*(C)C,True,True,False,False,0.038461538461538464,25,13.0,0.0,2.0
CDK_Depict_6_43,[BH-]1=CBC2=C1B[CH+]B2,CC*C(C)C(C)C,B1C=[BH-]C2=C1B[CH+]B2,CC*C(C)C(C)C,True,True,False,False,0.0,18,8.0,2.0,0.0
CDK_Depict_6_44,B(C(B(Cl)Cl)B(Cl)Cl)(Cl)Cl,CC.CC.CC.CC.CC(C)C(C)C,ClB(Cl)C(B(Cl)Cl)B(Cl)Cl,CC.CC.CC.CC.CC(C)C(C)C,True,True,False,False,0.07692307692307693,16,10.0,0.0,0.0
CDK_Depict_6_45,CC12CCC3C(C1CO[C@H]2O)CCC4=C3C=CC(=C4)OC,CC1ccc2c(c1)CCC1CC(C)(C(O)O)CCC21,COc1ccc2c(c1)CCC1C2CCC2(C)C1CO[C@H]2O,,True,False,False,False,0.0,28,21.0,4.0,5.0
CDK_Depict_6_46,CC(C)(C)C1=PP=C(S1)C(C)(C)C,CC.CC(C)(C)C.CC(C)C(C)(C)C,CC(C)(C)c1ppc(C(C)(C)C)s1,CC.CC(C)(C)C.CC(C)C(C)(C)C,True,True,False,False,0.14285714285714285,10,13.0,1.0,2.0
CDK_Depict_6_47,C([C@@H](C(=O)O)N)C(=O)N,NC(=O)C[C@@H](N)C(=O)O,NC(=O)C[C@H](N)C(=O)O,NC(=O)C[C@@H](N)C(=O)O,True,True,False,True,1.0,13,9.0,0.0,1.0
CDK_Depict_6_48,CC(C)(C)C#[Mo](Cl)(Cl)Cl,CC#CC#CC(C)(C)C,CC(C)(C)[C]#[Mo]([Cl])([Cl])[Cl],CC#CC#CC(C)(C)C,True,True,False,False,0.23809523809523808,12,9.0,0.0,0.0
CDK_Depict_6_49,C([C@@H](C(=O)O)NC=O)S,*OC(=C)[C@H](CS)NC=O,O=CN[C@@H](CS)C(=O)O,*OC(=C)[C@H](CS)NC=O,True,True,False,False,0.5161290322580645,13,9.0,0.0,1.0
CDK_Depict_6_50,CC1(OCC(O1)[C@H]2[C@H]3[C@@H]([C@H](O2)O)OC(O3)(C)C)C,CC(C)(C)C.CC1OC(C)(C)O1,CC1(C)OCC([C@@H]2O[C@H](O)[C@H]3OC(C)(C)O[C@H]32)O1,CC(C)(C)C.CC1OC(C)(C)O1,True,True,False,False,0.22857142857142856,37,18.0,3.0,5.0
CDK_Depict_6_51,CN(C)NC(=S)N(C)N,*N(C)C.CN.N,CN(C)NC(=S)N(C)N,*N(C)C.CN.N,True,True,False,False,0.18181818181818182,9,9.0,0.0,0.0
CDK_Depict_6_52,CP(=NP(=O)(C)C)(C)C,C=C.CC.CC.CC.CC.CC,CP(C)(=O)N=P(C)(C)C,C=C.CC.CC.CC.CC.CC,True,True,False,False,0.06666666666666667,14,9.0,0.0,0.0
CDK_Depict_6_53,CN(/N=C(\N)/C(=N/N(C)C)/N)C,CN(C)C.CN(C)C,CN(C)/N=C(N)/C(N)=N/N(C)C,CN(C)C.CN(C)C,True,True,False,False,0.21428571428571427,16,12.0,0.0,0.0
CDK_Depict_6_54,CC1(OC[C@@H](O1)[C@H]2[C@@H](C(=O)NN2)CCO)C,[H]C1(C)C(CCO)C(=O)NNC(C)CCC1(C)C,CC1(C)OC[C@H]([C@@H]2NNC(=O)[C@H]2CCO)O1,CC1CCC(C)(C)C(C)C(CCO)C(=O)NN1,True,True,False,False,0.44,30,16.0,2.0,3.0
CDK_Depict_6_55,C1=CN(C(=O)NC1=O)[C@H]2[C@H]([C@@H]([C@H](O2)CO)O)O,C=C1CCCCNC(=O)C[C@@H]2(CN3C(=O)CCCC(=O)NC3=O)O[C@H](C)[C@@H](C)[C@@H]2C,O=c1ccn([C@@H]2O[C@H](CO)[C@@H](O)[C@@H]2O)c(=O)[nH]1,,True,False,False,False,0.0,44,17.0,2.0,4.0
CDK_Depict_6_56,C1=NNC(N1Br)[N+](=O)[O-],CN(=O)C1NCNN1,O=[N+]([O-])C1NN=CN1Br,,True,False,False,False,0.0,20,9.0,1.0,1.0
CDK_Depict_6_57,CC1NCC(C(N1)O)C(=O)NN,[1H]NC(=O)C(CN(C)C(C)C)C(O)CC(C)C,CC1NCC(C(=O)NN)C(O)N1,[1H]NC(=O)C(CN(C)C(C)C)C(O)CC(C)C,True,True,False,False,0.09259259259259259,22,12.0,1.0,3.0
CDK_Depict_6_58,CC12CC[C@@H](CC1CCC3C2CCC4(C3CCC4=O)C)O,CC12CCC3C(CCCC3(C)CCC3(C)CCC3(C)CC3)C1CCC2=O,CC12CCC3C(CCC4C[C@@H](O)CCC43C)C1CCC2=O,,True,False,False,False,0.0,22,21.0,4.0,7.0
CDK_Depict_6_59,C1(C(SSN1)Cl)Cl,C*NC(C)C(C)C,ClC1NSSC1Cl,C*NC(C)C(C)C,True,True,False,False,0.0,9,7.0,1.0,2.0
CDK_Depict_6_60,CN(C)C#[Se]C,CC.CC#[CH]1(C)CCCCC1,C[Se]#CN(C)C,,True,False,False,False,0.0,14,6.0,0.0,0.0
CDK_Depict_6_61,C[C@@]1([C@@H]2CC[C@H]3[C@@H]2C[C@@H]1C3)CO,CC.CC.CC.CC.CC.CC.CC.CC.CC.CC.CC.CC.CC.CC.CC.CC.CC.CC.CC.CC.CC,C[C@@]1(CO)[C@H]2C[C@H]3CC[C@@H]1[C@H]3C2,CC.CC.CC.CC.CC.CC.CC.CC.CC.CC.CC.CC.CC.CC.CC.CC.CC.CC.CC.CC.CC,True,True,False,False,0.037037037037037035,51,12.0,3.0,5.0
CDK_Depict_6_62,CCCCSNP(=O)(N1CC1(C)C)N2CC2(C)C,CCCC.CCCCCC(C)=O.CCCCCCCCCCCCC,CCCCSNP(=O)(N1CC1(C)C)N1CC1(C)C,CCCC.CCCCCC(C)=O.CCCCCCCCCCCCC,True,True,False,False,0.175,20,18.0,2.0,3.0
CDK_Depict_6_63,CN1C(=S)N(SC1=O)C,CN1CC(=S)N(C)C(=O)S1,Cn1sc(=O)n(C)c1=S,CN1CC(=S)N(C)C(=O)S1,True,True,False,False,0.28125,6,9.0,1.0,0.0
CDK_Depict_6_64,B(CCCB(I)I)(I)I,CCCCCC(C)C,IB(I)CCCB(I)I,CCCCCC(C)C,True,True,False,False,0.09090909090909091,10,9.0,0.0,0.0
CDK_Depict_6_65,C1=NN=NN1C2=NNN=N2,C/N=C(/[U]=NN)N1C=NN=[W]1,c1nnnn1-c1nn[nH]n1,C/N=[C](/[U]=[N]N)[N]1C=N[N]=[W]1,True,True,False,False,0.08,16,10.0,2.0,0.0
CDK_Depict_6_66,[B][B]NOI(C)C,CON,[B][B]NOI(C)C,CON,True,True,False,False,0.1,12,7.0,0.0,0.0
CDK_Depict_6_67,C1=COSC(C1=O)C(=O)Cl,C=C(C)C1SCCCC1=C,O=C(Cl)C1SOC=CC1=O,C=C(C)C1SCCCC1=C,True,True,False,False,0.14285714285714285,12,10.0,1.0,1.0
CDK_Depict_6_68,C1=CC(=CC=C1C[C@H](C(=O)O)N)N(CCCl)CCCl,CCCC.CCCNc1ccc(CC(C)(C)C(C)O)cc1,N[C@H](Cc1ccc(N(CCCl)CCCl)cc1)C(=O)O,CCCC.CCCNc1ccc(CC(C)(C)C(C)O)cc1,True,True,False,False,0.14285714285714285,26,19.0,1.0,1.0
CDK_Depict_6_69,CC(=O)NN(CC(=C)Cl)CC(=C)Cl,C=C(C)CC.CCC.CCC(C)C,C=C(Cl)CN(CC(=C)Cl)NC(C)=O,C=C(C)CC.CCC.CCC(C)C,True,True,False,False,0.1875,13,13.0,0.0,0.0
CDK_Depict_6_70,[Si]([P-][Si](Cl)(Cl)Cl)(Cl)(Cl)Cl,C*(C)(C)C.C*(C)C,Cl[Si](Cl)(Cl)[P-][Si](Cl)(Cl)Cl,C*(C)(C)C.C*(C)C,True,True,False,False,0.0,22,9.0,0.0,0.0
CDK_Depict_6_71,CS(=NC(=O)N)C,C=C(C)C.CC(N)=O,CS(C)=NC(N)=O,C=C(C)C.CC(N)=O,True,True,False,False,0.3157894736842105,10,7.0,0.0,0.0
CDK_Depict_6_72,C[Si](C)(C)I([SiH](I)I)[Si](C)(C)C,CC.CC.CC.CC.CC,C[Si](C)(C)I([SiH](I)I)[Si](C)(C)C,CC.CC.CC.CC.CC,True,True,False,False,0.07142857142857142,28,12.0,0.0,0.0
CDK_Depict_6_73,C(=N\SC(F)(F)F)(\F)/SSC(F)(F)F,*C(C)(C)C.CC.CC(C)C,F/C(=N\SC(F)(F)F)SSC(F)(F)F,*C(C)(C)C.CC.CC(C)C,True,True,False,False,0.034482758620689655,22,14.0,0.0,0.0
CDK_Depict_6_75,O=[Cr]1(=O)O[Cr](=O)(=O)O1,O=[C-]1(=O)O[C-](=O)(=O)O1,[O]=[Cr]1(=[O])[O][Cr](=[O])(=[O])[O]1,,True,False,False,False,0.0,2,8.0,1.0,0.0
CDK_Depict_6_76,C1=CC(C=C1)(/C=C/OCC(F)(F)F)C(F)(F)F,CCCC1(C(C)(C)C)CCCC1,FC(F)(F)CO/C=C/C1(C(F)(F)F)C=CC=C1,CCCC1(C(C)(C)C)CCCC1,True,True,False,False,0.07142857142857142,23,17.0,1.0,0.0
CDK_Depict_6_77,C1=COC(=C1)P(C2=CC=CO2)Cl,C1CCOC1.CC1CCCO1,ClP(c1ccco1)c1ccco1,C1CCOC1.CC1CCCO1,True,True,False,False,0.02857142857142857,14,12.0,2.0,0.0
CDK_Depict_6_78,CC(=O)[C@@H]([C@@H](C1=CC=CC=C1)O)C(C)(C)C,CC(=O)[C@@H](C(C)C1ccccC1)C(C)(C)C,CC(=O)[C@@H]([C@H](O)c1ccccc1)C(C)(C)C,CC(=O)[C@@H](C(C)C1C=CC=CC1)C(C)(C)C,True,True,False,False,0.32558139534883723,14,16.0,1.0,2.0
CDK_Depict_6_79,C[Si](=C1C=CC=CC1=[SiH2])C,C=C1ccccc1[2c](C)C,C[Si](C)=c1ccccc1=[SiH2],,True,False,False,False,0.0,18,10.0,1.0,0.0
CDK_Depict_6_81,C[C@H]1CCC(=O)[C@@]2([C@H]1CC(=CC2)C)C,CC1CC[C@@]2(C)C(=O)CC[C@H](C)[C@@]2(C)C1,CC1=CC[C@]2(C)C(=O)CC[C@H](C)[C@@H]2C1,CC1CC[C@@]2(C)C(=O)CC[C@H](C)[C@@]2(C)C1,True,True,False,False,0.2826086956521739,23,14.0,2.0,3.0
CDK_Depict_6_82,C1=NN=NS1=S,*.*=*1c=NN=N1,S=S1C=NN=N1,*.*=*1cnnn1,True,True,False,False,0.06896551724137931,9,6.0,1.0,1.0
CDK_Depict_6_83,C(C(CBr)Br)N=C(C(=N)N)N,*C(=N)C(*)=NCC(*)CC,N=C(N)C(N)=NCC(Br)CBr,*C(=N)C(*)=NCC(*)CC,True,True,False,False,0.21052631578947367,16,11.0,0.0,1.0
CDK_Depict_6_84,C1C(C1(Cl)Cl)(OC2(C(C2(Cl)Cl)(Cl)Cl)Cl)Cl,CC1(C)C(C)(C)C1(C)C,ClC1(Cl)CC1(Cl)OC1(Cl)C(Cl)(Cl)C1(Cl)Cl,CC1(C)C(C)(C)C1(C)C,True,True,False,False,0.05,24,15.0,2.0,1.0
CDK_Depict_6_85,C1=NN=C(O1)CBr,CCC1=NN=CO1,BrCc1nnco1,CCc1nnco1,True,True,False,False,0.5833333333333334,7,7.0,1.0,0.0
CDK_Depict_6_86,CCN(CC)P(=NCl)(C(Cl)(Cl)Cl)N(CC)CC,CCN(CC)[C(](=NC)N(CC)CC)C(C)(C)C,CCN(CC)P(=NCl)(N(CC)CC)C(Cl)(Cl)Cl,,True,False,False,False,0.0,15,17.0,0.0,0.0
CDK_Depict_6_88,C([C@H]([C@H](CBr)O)O)Br,CCC(O)[C@@H](C)CC,O[C@H](CBr)[C@@H](O)CBr,CCC(O)[C@@H](C)CC,True,True,False,False,0.2631578947368421,15,8.0,0.0,2.0
CDK_Depict_6_89,CN1CCN(CC1)[C@@H]2[C@@H](C3=CC=CC=C3CC4=CC=CC=C24)O,CN1CCN(C2C3CCCCC3CC3CCCCC3[C@H]2O)CC1,CN1CCN([C@H]2c3ccccc3Cc3ccccc3[C@H]2O)CC1,CN1CCN(C2C3CCCCC3CC3CCCCC3[C@H]2O)CC1,True,True,False,False,0.2708333333333333,30,23.0,4.0,2.0
CDK_Depict_6_90,C[C@@H](C(C(C)C)(C(=O)OCC1=CCN2[C@@H]1[C@H](CC2)O)O)O,CC(C)C(O)(C(=O)CCC1CCN2CC[C@@H](O)[C@@H]2(C)C)C(C)C,CC(C)C(O)(C(=O)OCC1=CCN2CC[C@H](O)[C@H]12)[C@H](C)O,,True,False,False,False,0.0,24,21.0,2.0,4.0
CDK_Depict_6_91,CCOC(=O)[C@H](CCC1=CC=CC=C1)N[C@@H](C)C(=O)OC(C)C,CCOC(=O)[C@H](CCc1ccccc1)N[C@@H](C)C(=O)OC(C)C,CCOC(=O)[C@H](CCc1ccccc1)N[C@@H](C)C(=O)OC(C)C,CCOC(=O)[C@H](CCc1ccccc1)N[C@@H](C)C(=O)OC(C)C,True,True,True,True,1.0,9,23.0,1.0,2.0
CDK_Depict_6_92,COC1=CC(=C2C(=C1)C=C(OC2=O)C[C@@H](CO)O)O,*c1cC(CC)cc2cCOC(=O)c12,COc1cc(O)c2c(=O)oc(C[C@H](O)CO)cc2c1,,True,False,False,False,0.0,29,19.0,2.0,1.0
CDK_Depict_6_93,CC1=C2CC=C([C@@H]2[C@@H]3[C@@H](C[C@H]1O)C(=C)C(=O)O3)CO,O.[H][C@@]12C(CC)=CCC1=C(C)[C@@H](O)C[C@@]1([H])C(=C)C(=O)O[C@@]21C,C=C1C(=O)O[C@@H]2[C@H]3C(CO)=CCC3=C(C)[C@H](O)C[C@@H]12,C=C1C(=O)O[C@@]2(C)[C@@H]3C(CC)=CCC3=C(C)[C@@H](O)C[C@@H]12.O,True,True,False,False,0.43548387096774194,39,19.0,3.0,4.0
CDK_Depict_6_94,NN1NN1N,[1H]N1[1H]N1N,Nn1[nH]n1N,,True,False,False,False,0.0,8,5.0,1.0,0.0
CDK_Depict_6_95,C1C(C(CN1N=O)Br)Br,CC1CN(N=O)CC1[Zr],O=NN1CC(Br)C(Br)C1,CC1CN(N=O)C[CH]1[Zr],True,True,False,False,0.48,11,9.0,1.0,2.0
CDK_Depict_6_96,C(=S=O)(C(F)(F)F)F,CC(C)(C)C=C=O,O=S=C(F)C(F)(F)F,CC(C)(C)C=C=O,True,True,False,False,0.08,13,8.0,0.0,0.0
CDK_Depict_6_97,B1(C(B(C(B(C1C)Cl)C)Cl)C)Cl,**1C(C)*C(C)*(*)C1C,CC1B(Cl)C(C)B(Cl)C(C)B1Cl,**1C(C)*C(C)*(*)C1C,True,True,False,False,0.13636363636363635,18,12.0,1.0,3.0
CDK_Depict_6_98,CC1(CS(=O)[C@@H]2[C@H]1CCC2)C,CC1(C)CC(=O)C2(C)CCCC12,CC1(C)CS(=O)[C@H]2CCC[C@H]21,CC1(C)CC(=O)C2(C)CCCC12,True,True,False,False,0.24324324324324326,16,11.0,2.0,3.0
CDK_Depict_6_99,CC(C)/C(=C(/OC)\Br)/P(Br)Br,CC.CCC(C)=C(C)C.CO.C[Zr],CO/C(Br)=C(/C(C)C)P(Br)Br,CC.CCC(C)=C(C)C.CO.[CH3][Zr],True,True,False,False,0.09375,18,11.0,0.0,0.0
CDK_Depict_6_100,CCC1=N[C@@H]([C@H](O[C@]1(CC)O)C2=CC=CC=C2)C,CC.CCC(N)[C@@H](O)CC.CC[C@@H](C)[C@H](C)O,CCC1=N[C@H](C)[C@@H](c2ccccc2)O[C@@]1(O)CC,CC.CCC(N)[C@@H](O)CC.CC[C@@H](C)[C@H](C)O,True,True,False,False,0.07692307692307693,28,18.0,2.0,3.0
CDK_Depict_7_1,C1(=NN(C(=N1)Cl)Cl)Cl,Cc1[nH][nH](C)C(Cl)=N1,Clc1nc(Cl)n(Cl)n1,,True,False,False,False,0.0,16,8.0,1.0,0.0
CDK_Depict_7_2,CN[C@H](CC(=O)O)C(=O)O,CN[C@H](CC(=O)O)C(C)=O,CN[C@H](CC(=O)O)C(=O)O,CN[C@H](CC(=O)O)C(C)=O,True,True,False,False,0.6956521739130435,3,10.0,0.0,1.0
CDK_Depict_7_4,C1=CC=C(C=C1)C[C@@H](C(=O)O)N,N[C@@H](Cc1ccccc1)C(=O)O,N[C@@H](Cc1ccccc1)C(=O)O,N[C@@H](Cc1ccccc1)C(=O)O,True,True,True,True,1.0,20,12.0,1.0,1.0
CDK_Depict_7_5,CC(=O)O[C@@H]1C[C@@H]([C@H]2[C@H](CC/C=C\CC[C@@H]1O2)O)OC(=O)C,[H][C@@]12O[C@@](C)(CCC=CCC[C@@H]1O)[C@H](OC(C)=O)C[C@@H]2OC(C)=O,CC(=O)O[C@H]1C[C@@H](OC(C)=O)[C@@H]2CC/C=C\CC[C@H](O)[C@H]1O2,CC(=O)O[C@H]1C[C@@H](OC(C)=O)[C@]2(C)CCC=CCC[C@H](O)[C@H]1O2,True,True,False,False,0.5625,37,22.0,2.0,5.0
CDK_Depict_7_6,B1(C2=CC=CC=C2B(C3=CC=CC=C31)Cl)Cl,CB1c2ccccc2b(C)c2ccccc21,ClB1c2ccccc2B(Cl)c2ccccc21,CB1c2ccccc2B(C)c2ccccc21,True,True,False,False,0.4444444444444444,28,16.0,3.0,0.0
CDK_Depict_7_7,C(=NP(=O)(Cl)Cl)=S,CCP(C)(=O)N=C=S,O=P(Cl)(Cl)N=C=S,CCP(C)(=O)N=C=S,True,True,False,False,0.4166666666666667,10,7.0,0.0,0.0
CDK_Depict_7_8,CCCC[Si](C(=O)O)(F)F,O=C(O)[Si](F)(F)F,CCCC[Si](F)(F)C(=O)O,O=C(O)[Si](F)(F)F,True,True,False,False,0.36363636363636365,11,10.0,0.0,0.0
CDK_Depict_7_11,C(=S)(N)NOCl(=O)=O,O=*(=O)ONC=S,NC(=S)NO[Cl+2]([O-])[O-],O=*(=O)ONC=S,True,True,False,False,0.10344827586206896,14,8.0,0.0,0.0
CDK_Depict_7_12,C1=CC2=NPP=C2C=C1,*1nc2ccccc2p1,c1ccc2p[pH]nc2c1,*1nc2ccccc2p1,True,True,False,False,0.3793103448275862,13,9.0,2.0,2.0
CDK_Depict_7_13,C[C@@H]1S[C@@H](SSS1)C,CS.CS.CSC(C)C,C[C@@H]1SSS[C@H](C)S1,CS.CS.CSC(C)C,True,True,False,False,0.047619047619047616,16,8.0,1.0,2.0
CDK_Depict_7_14,CN(C(=CF)F)I,CN(C)CC(F)=CF,CN(I)C(F)=CF,CN(C)CC(F)=CF,True,True,False,False,0.375,6,7.0,0.0,0.0
CDK_Depict_7_16,C[C@@H]([C@H]1[C@@H]2[C@H]([C@@H](C(=O)O1)O)OC(O2)(C)C)O,C[C@@H](C)[C@H]1OC(=O)[C@@](O)(C([H])(O)[C@H]1[H])[C@H](O)[C@H](O)C2,C[C@H](O)[C@@H]1OC(=O)[C@@H](O)[C@@H]2OC(C)(C)O[C@H]12,,True,False,False,False,0.0,38,16.0,2.0,5.0
CDK_Depict_7_17,CC(=O)OOS(=O)(=O)F,CC(=O)OOS(=O)(=O)F,CC(=O)OOS(=O)(=O)F,CC(=O)OOS(=O)(=O)F,True,True,True,True,1.0,0,9.0,0.0,0.0
CDK_Depict_7_18,C[C@@]1(CCC2C1CCC3C2CC[C@@H]4C3(CS(=O)CC4)C)O,CC12CS(=O)CC[C@]1(N)CCC1C3CC[C@]4(O)C3CCC21,CC12CS(=O)CC[C@@H]1CCC1C3CC[C@](C)(O)C3CCC12,,True,False,False,False,0.0,29,21.0,4.0,8.0
CDK_Depict_7_19,C[Tl](C)O[Zr](=O)O[Tl](C)C,C*(C)O*(=O)ON(C)C,[CH3][Tl]([CH3])[O][Zr](=[O])[O][Tl]([CH3])[CH3],C*(C)O*(=O)ON(C)C,True,True,False,False,0.10714285714285714,12,10.0,0.0,0.0
CDK_Depict_7_20,C1CS(=NC(=NC#N)CCl)CCO1,N#CCC(=N[SH]1CCOCC1)NC#N,N#CN=C(CCl)N=S1CCOCC1,N#CCC(=N[SH]1CCOCC1)NC#N,True,True,False,False,0.22916666666666666,16,13.0,1.0,0.0
CDK_Depict_7_22,C(C(=O)/C(=N/N)/Cl)Cl,*N=C(*)C(=O)CC#C,N/N=C(\Cl)C(=O)CCl,*N=C(*)C(=O)CC#C,True,True,False,False,0.1875,13,8.0,0.0,0.0
CDK_Depict_7_23,CCS(=C(C#N)C#N)CC,CCS(CC)=C(C#N)C#CN,CCS(CC)=C(C#N)C#N,CCS(CC)=C(C#N)C#CN,True,True,False,False,0.6521739130434783,6,10.0,0.0,0.0
CDK_Depict_7_24,C(C(C#N)Br)S(=O)(=O)CBr,N#CC(Br)CS(=O)(=O)CBr,N#CC(Br)CS(=O)(=O)CBr,N#CC(Br)CS(=O)(=O)CBr,True,True,True,True,1.0,7,10.0,0.0,1.0
CDK_Depict_7_25,CCOC1=C(N=NN1OCC)P,*c1nnN(OCC)c1OCC,CCOc1c(P)nnn1OCC,*c1nnn(OCC)c1OCC,True,True,False,False,0.625,14,12.0,1.0,0.0
CDK_Depict_7_26,CCCCNP(=NP(=S)(N)N)(N)N,*[PH](*)(*)C.*[PH](*)(=N)NC,CCCCNP(N)(N)=NP(N)(N)=S,,True,False,False,False,0.0,21,13.0,0.0,0.0
CDK_Depict_7_28,C1=CSC(=C1)P(=O)(Cl)Cl,CP(C)(=O)c1cccs1,O=P(Cl)(Cl)c1cccs1,CP(C)(=O)c1cccs1,True,True,False,False,0.6,15,9.0,1.0,0.0
CDK_Depict_7_29,CC1=IC(=O)ON1,CC(=O)NOC(C)=O,CC1=IC(=O)ON1,CC(=O)NOC(C)=O,True,True,False,False,0.06451612903225806,10,7.0,1.0,0.0
CDK_Depict_7_30,C[C@@]1(CCCCC1=C)CCC#N,C=C1CCCC[C@@]1(C)CCC#N,C=C1CCCC[C@]1(C)CCC#N,C=C1CCCC[C@@]1(C)CCC#N,True,True,False,True,1.0,10,12.0,1.0,1.0
CDK_Depict_7_31,C[C@@]1([C@@H]2CC[C@H]3[C@@H]2C[C@@H]1C3)O,C[C@@]1(O)[C@@H]2([H])[C@@H](N)CC[C@H]1N,C[C@@]1(O)[C@H]2C[C@H]3CC[C@@H]1[C@H]3C2,,True,False,False,False,0.0,16,11.0,3.0,5.0
CDK_Depict_7_32,CCP(CC)SSP(CC)CC,CCCCCCCC,CCP(CC)SSP(CC)CC,CCCCCCCC,True,True,False,False,0.1875,8,12.0,0.0,0.0
CDK_Depict_7_33,C[C@H](CC1=CC=CC=C1)N(C)CC#C,C#CCN(C)C(C)(C)Cc1ccccc1,C#CCN(C)[C@H](C)Cc1ccccc1,C#CCN(C)C(C)(C)Cc1ccccc1,True,True,False,False,0.47368421052631576,21,14.0,1.0,1.0
CDK_Depict_7_34,CCCCN(CCCC)ON(CCCC)CCCC,CCCCCN(CCCC)CCC[N+](C)(CCCC)CCCC,CCCCN(CCCC)ON(CCCC)CCCC,CCCCCN(CCCC)CCC[N+](C)(CCCC)CCCC,True,True,False,False,0.32142857142857145,10,19.0,0.0,0.0
CDK_Depict_7_35,C1C[C@H]2[C@@H](C=C1)[C@]3(C(=C([C@@]2(C3(Cl)Cl)Cl)Cl)Cl)Cl,C1C=C[C@@]2(Cl)[C@H]3C([CN])=C(Cl)[C@@H](Cl)(Cl)[C@@]2(Cl)C1,ClC1=C(Cl)[C@]2(Cl)[C@@H]3C=CCC[C@@H]3[C@@]1(Cl)C2(Cl)Cl,,True,False,False,False,0.0,32,17.0,3.0,4.0
CDK_Depict_7_37,C1=C2OC(=C1)OC(=O)OC(=O)O2,O=c1cc2ccc(c2)[Cn]C([Cn])O1,O=c1oc(=O)oc2ccc(o1)o2,O=C1C=C2C=C[C](=C2)[Cn][CH]([Cn])O1,True,True,False,False,0.13513513513513514,21,12.0,2.0,0.0
CDK_Depict_7_38,C=CC(=O)P1NP=N1,C=CC(=O)*1**=**1,C=CC(=O)p1np[nH]1,C=CC(=O)*1**=**1,True,True,False,False,0.21875,5,8.0,1.0,2.0
CDK_Depict_7_39,C(C(SI)(I)I)(I)I,*C(*)C(C)(C)C,ISC(I)(I)C(I)I,*C(*)C(C)(C)C,True,True,False,False,0.1,10,8.0,0.0,0.0
CDK_Depict_7_40,C(=S)([Se][Na])[Se][Na],CSC(=S)S[Na],[Na][Se]C(=S)[Se][Na],CSC(=S)[S][Na],True,True,False,False,0.21052631578947367,13,6.0,0.0,0.0
CDK_Depict_7_41,[2H]C1=CC=CN1N(C)C,CN(C)N1C=CC=C1O,[2H]c1cccn1N(C)C,CN(C)n1cccc1O,True,True,False,False,0.26666666666666666,13,9.0,1.0,0.0
CDK_Depict_7_42,B1(C=CC=CN1Br)Br,[12Pr]c1cccc[nH]1,BrB1C=CC=CN1Br,,True,False,False,False,0.0,16,8.0,1.0,0.0
CDK_Depict_7_43,CCC(CC)(CN)SN=O,CCC(CC)(C[W])SN=O,CCC(CC)(CN)SN=O,CCC(CC)([CH2][W])SN=O,True,True,False,False,0.6,3,10.0,0.0,0.0
CDK_Depict_7_44,C1C=C(OO1)C(=O)Cl,CC(=O)c1cco[o-]1,O=C(Cl)C1=CCOO1,,True,False,False,False,0.0,14,8.0,1.0,0.0
CDK_Depict_7_45,O=S(=O)(F)[SiH3],O=S(=O)(F)F,O=S(=O)(F)[SiH3],O=S(=O)(F)F,True,True,False,False,0.5555555555555556,6,5.0,0.0,1.0
CDK_Depict_7_46,C[C@@]1([C@@H]2CC[C@H]3[C@@H]2C[C@@H]1C3)C(=O)OC,C[C@@H]1[C@@]2(N)CC[C@@]3([H])CC([H])[C@@]2(C[C@@]1(N)[C@@H]2C(OC)=O)CC[C@@H]1C,COC(=O)[C@]1(C)[C@H]2C[C@H]3CC[C@@H]1[C@H]3C2,,True,False,False,False,0.0,43,14.0,3.0,5.0
CDK_Depict_7_47,C1=CC(=C2C=CC#S2)S#C1,C1#[S+]c(=C2ccc#[S+]2)cc1,C1#SC(=C2C=CC#S2)C=C1,C1#[S+]C(=C2C=CC#[S+]2)C=C1,True,True,False,False,0.21739130434782608,16,10.0,2.0,0.0
CDK_Depict_7_48,C(#N)OS[Se][Te]OC#N,N#CO*SSOC#N,N#COS[Se][Te]OC#N,N#CO*SSOC#N,True,True,False,False,0.25806451612903225,12,9.0,0.0,0.0
CDK_Depict_7_49,[O-][P+](=O)[Si]1[Si][Si][Si][Si][Si]1,OOP(=O)c1sssss1,O=[P+]([O-])[Si]1[Si][Si][Si][Si][Si]1,,True,False,False,False,0.0,30,9.0,1.0,1.0
CDK_Depict_7_51,[2H][Sb]([2H])([2H])([2H])[2H],*[Si](C)(C)C,[2H][Sb]([2H])([2H])([2H])[2H],*[Si](C)(C)C,True,True,False,False,0.0,23,6.0,0.0,0.0
CDK_Depict_7_52,B(CC)(CC)OCCN,CC[SH](C)OCCN,CCB(CC)OCCN,CC[SH](C)OCCN,True,True,False,False,0.34615384615384615,7,9.0,0.0,0.0
CDK_Depict_7_53,CCNN(NCC)NCC,CCNCCN(C)NCC,CCNN(NCC)NCC,CCNCCN(C)NCC,True,True,False,False,0.36363636363636365,3,10.0,0.0,0.0
CDK_Depict_7_54,[B]1[Se][B][Se][Se]1,*1[2H]*[2H][2H]1,[B]1[Se][B][Se][Se]1,,True,False,False,False,0.0,12,5.0,1.0,0.0
CDK_Depict_7_55,CC(C)(C)S(=O)(=O)SS(=O)(=O)C(C)(C)C,CC(C)(C)S(=O)(=O)SS(=O)(=O)C(C)(C)C,CC(C)(C)S(=O)(=O)SS(=O)(=O)C(C)(C)C,CC(C)(C)S(=O)(=O)SS(=O)(=O)C(C)(C)C,True,True,True,True,1.0,0,15.0,0.0,0.0
CDK_Depict_7_56,CC(C)C(C(C)O)(C(=O)OCC1=CCN2C1[C@H](CC2)O)O,*C(C)C(*)(C(=O)OCC1=CCN2CC[C@H](O)C12)C(C)C,CC(C)C(O)(C(=O)OCC1=CCN2CC[C@H](O)C12)C(C)O,*C(C)C(*)(C(=O)OCC1=CCN2CC[C@H](O)C12)C(C)C,True,True,False,False,0.6981132075471698,14,21.0,2.0,4.0
CDK_Depict_7_57,CO[C@@H]1C[C@@]23C(=CCN2CCC4=C3C=C(OC4)O)C=C1,CO[C@H]1C=CC(=C2c3cOc(O)cc32)CN2CCc3c2c1,CO[C@H]1C=CC2=CCN3CCC4=C(C=C(O)OC4)[C@]23C1,,True,False,False,False,0.0,29,20.0,4.0,2.0
CDK_Depict_7_58,CC1(CC1(F)Br)C=C,C=CC1(C)CC1(F)Br,C=CC1(C)CC1(F)Br,C=CC1(C)CC1(F)Br,True,True,True,True,1.0,8,8.0,1.0,2.0
CDK_Depict_7_59,CCC(=S)SCN1C2=CC=CC=C2N=N1,CCC(=S)[IH]C[n+]1nnc2ccccc21,CCC(=S)SCn1nnc2ccccc21,,True,False,False,False,0.0,19,15.0,2.0,0.0
CDK_Depict_7_60,C(Cl)(Cl)(Br)I,*C(C)C,ClC(Cl)(Br)I,*C(C)C,True,True,False,False,0.0,10,5.0,0.0,0.0
CDK_Depict_7_61,CP(=O)(C1=NC=CN1C=C)Cl,C=C[nH]1cc[nH]C1P(C)(=O)OC,C=Cn1ccnc1P(C)(=O)Cl,C=CN1C=CNC1P(C)(=O)OC,True,True,False,False,0.23404255319148937,21,11.0,1.0,1.0
CDK_Depict_7_62,C([C@H]([C@H]([C@@H]([C@@H](CO)O)O)O)O)O,C[C@@H](O)[C@H](O)[C@H](O)[C@@H](O)CO,OC[C@@H](O)[C@@H](O)[C@H](O)[C@H](O)CO,C[C@@H](O)[C@H](O)[C@H](O)[C@@H](O)CO,True,True,False,False,0.6875,18,12.0,0.0,4.0
CDK_Depict_7_63,CCCCCCCCCCCCCCOC(=O)CSC1=NN=C(O1)SC,CCCCCCCCCCCCCCOC(=O)CSC1C=NN=C(SC)O1,CCCCCCCCCCCCCCOC(=O)CSc1nnc(SC)o1,CCCCCCCCCCCCCCOC(=O)CSC1C=NN=C(SC)O1,True,True,False,False,0.48148148148148145,5,26.0,1.0,0.0
CDK_Depict_7_64,COC(C(C(OC)I)(F)F)I,COCCl.O.[Fl],COC(I)C(F)(F)C(I)OC,COCCl.O.[Fl],True,True,False,False,0.13043478260869565,13,11.0,0.0,2.0
CDK_Depict_7_65,C(/C(=C(\C#N)/Cl)/Cl)Cl,N#CCC(C#N)=C(C#N)C=O,N#C/C(Cl)=C(/Cl)CCl,N#CCC(C#N)=C(C#N)C=O,True,True,False,False,0.1935483870967742,14,8.0,0.0,0.0
CDK_Depict_7_66,C1[C@H]([C@H]([C@@H](C(O1)O)O)O)O,[18H][C@@H]1COC(o)[C@H]([18H])[C@@H]1C,OC1OC[C@@H](O)[C@@H](O)[C@@H]1O,,True,False,False,False,0.0,26,10.0,1.0,4.0
CDK_Depict_7_68,C1CS(=NC2=CC=C(C=C2)Cl)CCC1Cl,CC1CCS(=Nc2ccc(C#N)cc2)CC1,Clc1ccc(N=S2CCC(Cl)CC2)cc1,CC1CCS(=Nc2ccc(C#N)cc2)CC1,True,True,False,False,0.4358974358974359,17,15.0,2.0,2.0
CDK_Depict_7_69,CCOC1=NN=CS1,CCOc1n*cS1,CCOc1nncs1,CCOC1=N*CS1,True,True,False,False,0.2857142857142857,6,8.0,1.0,0.0
CDK_Depict_7_71,CSCC[C@@H](C(=O)O)N,CSCC[C@H](N)C(=O)O,CSCC[C@H](N)C(=O)O,CSCC[C@H](N)C(=O)O,True,True,True,True,1.0,5,9.0,0.0,1.0
CDK_Depict_7_73,CCNP1(=O)C(C(C1(C)C)C)(C)C,CC[N+]=[PH](C)(=O)C(C)(C)C(C)C,CCNP1(=O)C(C)(C)C(C)C1(C)C,,True,False,False,False,0.0,15,13.0,1.0,2.0
CDK_Depict_7_74,C1=NN(C=N1)OCSC#N,N#C[Si]CO[n+]1cnC[n-]1,N#CSCOn1cncn1,,True,False,False,False,0.0,19,10.0,1.0,0.0
CDK_Depict_7_75,B(CC)(CC)C#CB(CC)CC,CCC*(C#C*(CC)CC)CC,CCB(C#CB(CC)CC)CC,CCC*(C#C*(CC)CC)CC,True,True,False,False,0.17391304347826086,9,12.0,0.0,0.0
CDK_Depict_7_76,C(C(=N)N)(Br)Br,CCC(=N)N,N=C(N)C(Br)Br,CCC(=N)N,True,True,False,False,0.29411764705882354,8,6.0,0.0,0.0
CDK_Depict_7_77,C(=NOP(=S)(N=C=S)N=C=S)=S,S=C=[N+]P(=S)([N+]=c=[S-])[O-][N+]=C=[S-],S=C=NOP(=S)(N=C=S)N=C=S,,True,False,False,False,0.0,24,12.0,0.0,1.0
CDK_Depict_7_78,C1=CC(=CC=C1O)O[C@H]2C(C([C@@H](C(O2)CO)O)O)O,OCC1O[C@@H](Oc2ccc(O)cc2)C(O)C(O)[C@@H]1O,OCC1O[C@@H](Oc2ccc(O)cc2)C(O)C(O)[C@@H]1O,OCC1O[C@@H](Oc2ccc(O)cc2)C(O)C(O)[C@@H]1O,True,True,True,True,1.0,34,19.0,2.0,5.0
CDK_Depict_7_79,CC1=C(C(=O)NNC1=O)Br,CC1=C(C)c(=O)[nH][nH]C1=O,Cc1c(Br)c(=O)[nH][nH]c1=O,Cc1c(C)c(=O)[nH][nH]c1=O,True,True,False,False,0.6111111111111112,13,10.0,1.0,0.0
CDK_Depict_7_80,CS(=O)(=O)N(OS(=O)(=O)C)Cl,*=S(=*)(=*)ON(C)C,CS(=O)(=O)ON(Cl)S(C)(=O)=O,,True,False,False,False,0.0,15,11.0,0.0,0.0
CDK_Depict_7_81,C(C(=O)C(=O)C(Cl)(Cl)Cl)(Cl)Cl,C#CC(Cl)C(=O)C(=O)C(C)(C)C(C)C,O=C(C(=O)C(Cl)(Cl)Cl)C(Cl)Cl,C#CC(Cl)C(=O)C(=O)C(C)(C)C(C)C,True,True,False,False,0.28125,12,11.0,0.0,0.0
CDK_Depict_7_82,C#CC1=CS[P+](=O)O1,C#Cc1cs[n+2](=O)o1,C#Cc1cs[p+](=O)o1,,True,False,False,False,0.0,7,8.0,1.0,1.0
CDK_Depict_7_83,CC(C)N=C(C(F)Br)Br,*C(=NC(C)C)C(F)Br,CC(C)N=C(Br)C(F)Br,*C(=NC(C)C)C(F)Br,True,True,False,False,0.5416666666666666,9,9.0,0.0,1.0
CDK_Depict_7_84,CN1CC[C@]23CCCCC2[C@@H]1CC4=C3C=C(C=C4)OC,COc1ccc2c(c1)[C@@]13CC[C@]4(CC)C5CCCC13,COc1ccc2c(c1)[C@@]13CCCCC1[C@H](C2)N(C)CC3,,True,False,False,False,0.0,30,20.0,4.0,3.0
CDK_Depict_7_85,C(OC1=NSNC1=S)S,S=C1[14NH+]S[NH+]=C1OCS,S=c1[nH]snc1OCS,S=C1[14NH+]S[NH+]=C1OCS,True,True,False,False,0.3055555555555556,17,9.0,1.0,0.0
CDK_Depict_7_86,C1CC1(CO)CSC#N,N#CSCC1(COOOOOOOOOOOOOO)CC1,N#CSCC1(CO)CC1,N#CSCC1(COOOOOOOOOOOOOO)CC1,True,True,False,False,0.5,19,9.0,1.0,0.0
CDK_Depict_7_87,CC(=O)C(CBr)(OC)Br,*CC(Br)(OC)C(C)=O,COC(Br)(CBr)C(C)=O,*CC(Br)(OC)C(C)=O,True,True,False,False,0.64,11,9.0,0.0,1.0
CDK_Depict_7_88,COC(=O)/C(=N\S(=O)(=O)C)/C(F)(F)F,*C(*)(*)C(=N\S(C)(=O)=O)/C(=N/S(C)(=O)=O)C(=O)SC,COC(=O)/C(=N\S(C)(=O)=O)C(F)(F)F,*C(*)(*)C(=N\S(C)(=O)=O)/C(=N/S(C)(=O)=O)C(=O)SC,True,True,False,False,0.358974358974359,28,14.0,0.0,0.0
CDK_Depict_7_89,C1CC2=C3[C+]2CCC[C+]4C(=C4CCC3)C1,C1CCCCCCCCCCCCCCCCCCCCCCCCCCCCCCCCCCCCCCCCCCCCCCCCCCCCCCCCCCCCCCCCCCCCCCCCCCCCCCCCCCCCCCCCCCCCCCCCCCCCCCCCCCCCCCCCCCCCCCCCCCCCCCCCCCCCCCCCCCCCCCCCCCCCCCC)CCCCCCCC,C1Cc2c3[c+]2CCC[c+]2c(c2CCC3)C1,,True,False,False,False,0.0,145,15.0,5.0,0.0
CDK_Depict_7_90,C1CC=CN(C1)C2=CSN=N2,c1c[n+](-c2c[nH]nn2)CCC1,C1=CN(c2csnn2)CCC1,,True,False,False,False,0.0,22,11.0,2.0,0.0
CDK_Depict_7_91,C1C=CCC2=C1C(=O)C2=O,C1c2c(c(C(=O)C1)=O)CCc1,O=c1c2c(c1=O)CC=CC2,,True,False,False,False,0.0,14,10.0,2.0,0.0
CDK_Depict_7_92,C[C@]12C[C@H](CS(=O)C1)C3=CC=CC=C3N2,[H][C@]12CS(=O)C[C@](C)(C1)Nc1ccccc12,C[C@]12C[C@H](CS(=O)C1)c1ccccc1N2,C[C@]12C[C@H](CS(=O)C1)c1ccccc1N2,True,True,True,True,1.0,26,15.0,3.0,3.0
CDK_Depict_7_93,C([C@@]1(O[C@](OO1)(CCl)F)F)Cl,N#CC[C@@H]1O[C@@](CO)(CC#N)[C@@H](CC#N)S1,F[C@]1(CCl)OO[C@](F)(CCl)O1,N#CC[C@@H]1O[C@@](CO)(CC#N)[C@@H](CC#N)S1,True,True,False,False,0.07142857142857142,23,11.0,1.0,2.0
CDK_Depict_7_94,B1(N(B(N(B(N1OC)OC)OC)OC)OC)OC,CO*1*(OC)*(OC)N(OC)*(OC)*1OC,COB1N(OC)B(OC)N(OC)B(OC)N1OC,CO*1*(OC)*(OC)N(OC)*(OC)*1OC,True,True,False,False,0.2,20,18.0,1.0,0.0
CDK_Depict_7_95,CCOC(=O)C1=NO[C@@H](C1)[C@@H](CO)O,CCOC(=O)C1=NO[C@@](CC)(C(O)CO)CC1,CCOC(=O)C1=NO[C@H]([C@H](O)CO)C1,CCOC(=O)C1=NO[C@@](CC)(C(O)CO)CC1,True,True,False,False,0.45098039215686275,11,14.0,1.0,2.0
CDK_Depict_7_96,C(C([C@H]([C@@H](C=O)O)O)O)O,N[C@@H](C([Al])CC(O)Cl)[C@H](O)C=O,O=C[C@@H](O)[C@H](O)C(O)CO,N[C@@H]([CH]([Al])CC(O)Cl)[C@H](O)C=O,True,True,False,False,0.30303030303030304,23,10.0,0.0,3.0
CDK_Depict_7_97,C[C@]12CCCC(C3[C@@H]1CCC3C2=C)(C)C,CC.CC.CC,C=C1C2CC[C@H]3C2C(C)(C)CCC[C@]13C,CC.CC.CC,True,True,False,False,0.034482758620689655,28,15.0,3.0,4.0
CDK_Depict_7_98,C(=O)(C(OF)(OF)OF)C(F)(F)F,O=C(C(F)(F)F)C(OF)(OF)OF,O=C(C(F)(F)F)C(OF)(OF)OF,O=C(C(F)(F)F)C(OF)(OF)OF,True,True,True,True,1.0,10,13.0,0.0,0.0
CDK_Depict_7_99,CC12CCCC[C@@H]1CCC3C2CCC4(C3CC[C@@H]4O)C,CCCCC1CC[C@@H]2(C)CCCCC2(C)C1CCCC1,CC12CCCC[C@@H]1CCC1C2CCC2(C)C1CC[C@@H]2O,,True,False,False,False,0.0,20,20.0,4.0,7.0
CDK_Depict_8_1,C1=CN(NN1CCCO)N,*CCCCCCCCC,NN1C=CN(CCCO)N1,*CCCCCCCCC,True,True,False,False,0.058823529411764705,11,10.0,1.0,0.0
CDK_Depict_8_2,O[Te](O)(O[Te+]([O-])[O-])O[Te+]([O-])[O-],[O-][Te+](O)O[Te+](O)([OH4])O[Te+]([O-])O,[O-][Te+]([O-])O[Te](O)(O)O[Te+]([O-])[O-],,True,False,False,False,0.0,14,11.0,0.0,0.0
CDK_Depict_8_3,CCP(=O)(CC(=O)NN)CC(=O)NN,[H]NC(=O)CP(=O)(CC)CC(=O)CN,CCP(=O)(CC(=O)NN)CC(=O)NN,CCP(=O)(CC(N)=O)CC(=O)CN,True,True,False,False,0.45161290322580644,11,14.0,0.0,0.0
CDK_Depict_8_4,CCSP(=S)(N)F,**(*)(=S)SCC,CCSP(N)(F)=S,**(*)(=S)SCC,True,True,False,False,0.24,9,7.0,0.0,1.0
CDK_Depict_8_5,C1[C@H](C([C@@H](CC1(C(=O)O)O)O)O)O,*C(=O)C1(O)C[C@@H](C)C(O)C(O)(O)C1,O=C(O)C1(O)C[C@@H](O)C(O)[C@H](O)C1,*C(=O)C1(O)C[C@@H](C)C(O)C(O)(O)C1,True,True,False,False,0.3235294117647059,20,13.0,1.0,4.0
CDK_Depict_8_6,C[C@@]1(CCC2C1(CCC3C2CC=C4C3(C=CC(C4)O)C)C)O,*OC1(C)CCC2C3CCc4CC(O)ccC4(C)C3CCCC21C,CC12C=CC(O)CC1=CCC1C2CCC2(C)C1CC[C@]2(C)O,*OC1(C)CCC2C3CCC4CC(O)C=CC4(C)C3CCCC21C,True,True,False,False,0.2923076923076923,28,22.0,4.0,7.0
CDK_Depict_8_7,CCC(C(=O)O)[Ge](Cl)(Cl)Cl,*[Ge](*)(*)C(CC)C(=O)O,CC[CH](C(=O)O)[Ge]([Cl])([Cl])[Cl],[*][Ge]([*])([*])[CH](CC)C(=O)O,True,True,False,False,0.5833333333333334,19,10.0,0.0,1.0
CDK_Depict_8_8,C1C[C@H]2CCCS(=O)[C@H]2C1,O=S1CCCCCCCC1,O=S1CCC[C@@H]2CCC[C@@H]21,O=S1CCCCCCCC1,True,True,False,False,0.25,18,10.0,2.0,3.0
CDK_Depict_8_9,N(=O)N=I(=O)S,O=**=*(=O)S,O=NN=I(=O)S,O=**=*(=O)S,True,True,False,False,0.08333333333333333,6,6.0,0.0,0.0
CDK_Depict_8_10,C(OF)(OCl)(F)F,COC(C)(C)C,FOC(F)(F)OCl,COC(C)(C)C,True,True,False,False,0.10526315789473684,7,7.0,0.0,0.0
CDK_Depict_8_11,C1(=C(SN=C1Br)I)Br,CC1=CC(Br)=NC1,Brc1nsc(I)c1Br,CC1=CC(Br)=NC1,True,True,False,False,0.16666666666666666,11,8.0,1.0,0.0
CDK_Depict_8_12,C[C@@H]1CCC(=C)[C@@H](C1(C)C)C=CC(=O)C,C=C1CC[C@@H](C)C(C)(C)[C@H]1C=CC(C)=O,C=C1CC[C@@H](C)C(C)(C)[C@H]1C=CC(C)=O,C=C1CC[C@@H](C)C(C)(C)[C@H]1C=CC(C)=O,True,True,True,True,1.0,21,15.0,1.0,2.0
CDK_Depict_8_13,CC1=NN(C(=NC1=O)SC)C,C=C(C)C(=O)CC(C)SC,CSc1nc(=O)c(C)nn1C,C=C(C)C(=O)CC(C)SC,True,True,False,False,0.09523809523809523,12,11.0,1.0,0.0
CDK_Depict_8_14,C(=NNNN=C(N)N=NN=O)(N)N,*C(*)=CC(C)(=O)CCCC(C)(=O)CC=C,NC(N)=NNNN=C(N)N=NN=O,,True,False,False,False,0.0,22,13.0,0.0,0.0
CDK_Depict_8_15,CC(C)NC[C@H](C1=CC(=C(C=C1)O)O)O,Cc1ccc(C(C)(C)CCC(C)C)cc1C,CC(C)NC[C@@H](O)c1ccc(O)c(O)c1,Cc1ccc(C(C)(C)CCC(C)C)cc1C,True,True,False,False,0.17391304347826086,21,15.0,1.0,1.0
CDK_Depict_8_16,C1C[C@@H](O[C@@H]1CO)N2C=NC3=C(N=CN=C32)N,CC.CC1=C2C(CC=C1)C([C@H]1CC[C@H](CO)C1)CC2(C)=O,Nc1ncnc2c1ncn2[C@H]1CC[C@@H](CO)O1,,True,False,False,False,0.0,34,17.0,3.0,2.0
CDK_Depict_8_17,C1C[C@@H]([C@H]2C3=C(CCN2C1)C4=CC=CC=C4N3)O,O[C@@H]1CCCC2CCC3=C(CC4=Ccccc43)[C@@H]21,O[C@H]1CCCN2CCc3c([nH]c4ccccc34)[C@H]12,O[C@@H]1CCCC2CCC3=C(Cc4ccccc43)[C@@H]21,True,True,False,False,0.2413793103448276,28,18.0,4.0,2.0
CDK_Depict_8_18,C[C@@H]([C@H]1[C@@H]2[C@H]([C@H](C(=O)O1)O)OC3(O2)CCCCC3)O,CC1O[C@@](C)(C(C)O)[C@@H]2CC3(CCCCC3)C[C@@H]2[C@@H]1O,C[C@H](O)[C@@H]1OC(=O)[C@H](O)[C@@H]2OC3(CCCCC3)O[C@H]12,CC1O[C@@](C)(C(C)O)[C@@H]2CC3(CCCCC3)C[C@@H]2[C@@H]1O,True,True,False,False,0.26785714285714285,41,19.0,3.0,5.0
CDK_Depict_8_19,CN1/C(=C\N=O)/C=CS1,CN1SC=Cc1cn=O,CN1SC=C/C1=C/N=O,,True,False,False,False,0.0,12,9.0,1.0,0.0
CDK_Depict_8_20,CN(C)P(=O)(N(C)CO)N(C)CO,CC.CNP(C)(=O)C(C)CO,CN(C)P(=O)(N(C)CO)N(C)CO,CC.CNP(C)(=O)C(C)CO,True,True,False,False,0.22580645161290322,11,13.0,0.0,0.0
CDK_Depict_8_21,C1CC(N(C1)F)F,*C1CCCC1,FC1CCCN1F,*C1CCCC1,True,True,False,False,0.18181818181818182,8,7.0,1.0,1.0
CDK_Depict_8_22,B1(OC(C(O1)(C)C)(C)C)[C@H]2C[C@@H]2[C@H]3COC(O3)(C)C,CC(C)(C)O.CC1(C)CCC(C)(C)CC1,CC1(C)OC[C@H]([C@H]2C[C@@H]2B2OC(C)(C)C(C)(C)O2)O1,CC(C)(C)O.CC1(C)CCC(C)(C)CC1,True,True,False,False,0.10526315789473684,35,19.0,3.0,3.0
CDK_Depict_8_23,CC(C)OC(=S)Cl,[CH]C(=S)CC(C)C,CC(C)OC(=S)Cl,[CH]C(=S)CC(C)C,True,True,False,False,0.25,9,7.0,0.0,0.0
CDK_Depict_8_24,C1[C@@H](O[C@@H](C1O)CO)N2C=C(C(=NC2=O)N)F,CC[C@H]1OC(N2C=C(F)C(C)=CC2=O)CC1C,Nc1nc(=O)n([C@H]2CC(O)[C@@H](CO)O2)cc1F,CC[C@H]1OC(n2cc(F)c(C)cc2=O)CC1C,True,True,False,False,0.3559322033898305,23,17.0,2.0,3.0
CDK_Depict_8_25,CS1=NC(=NC(=N1)N)N,*C(=C)CCCC(=C)CCCC,CS1=NC(N)=NC(N)=N1,*C(=C)CCCC(=C)CCCC,True,True,False,False,0.02702702702702703,14,9.0,1.0,1.0
CDK_Depict_8_26,C(=O)NP(NC=O)O,O=C[V]p([U])[V]C=O,O=CNP(O)NC=O,,True,False,False,False,0.0,15,8.0,0.0,0.0
CDK_Depict_8_27,C(=O)(O)S(=N)(=O)O,C=C(O)CCCCCCCCCCCCCC,N=S(=O)(O)C(=O)O,C=C(O)CCCCCCCCCCCCCC,True,True,False,False,0.07407407407407407,17,7.0,0.0,1.0
CDK_Depict_8_28,C[C@]12CC[C@H]3[C@H]([C@@H]1CCC2=O)CC=C4[C@@]3(CC[C@@H](C4)O)C,[H][C@]12CC[C@]3(C)C(=O)CC[C@@]3([H])[C@]1(C)CC=C1C[C@@H](O)CC[C@@]12C,C[C@]12CC[C@H](O)CC1=CC[C@@H]1[C@@H]2CC[C@]2(C)C(=O)CC[C@@H]12,C[C@@]12CC=C3C[C@@H](O)CC[C@]3(C)[C@H]1CC[C@]1(C)C(=O)CC[C@@H]21,True,True,False,False,0.574468085106383,37,21.0,4.0,6.0
CDK_Depict_8_29,C(NN)(NN)NN,**C(**)*C,NNC(NN)NN,**C(**)*C,True,True,False,False,0.05263157894736842,9,7.0,0.0,0.0
CDK_Depict_8_30,CC(C)(C)OC(=O)NC[C@H]1CC[C@H](C1)O,CC(=O)CC[C@H]1CC[C@@H](O)C1,CC(C)(C)OC(=O)NC[C@H]1CC[C@@H](O)C1,CC(=O)CC[C@H]1CC[C@@H](O)C1,True,True,False,False,0.41025641025641024,14,15.0,1.0,2.0
CDK_Depict_8_31,C1COP(N1P(Cl)Cl)Cl,C*([Cd-])N1CCCC1C,ClP(Cl)N1CCOP1Cl,C[*]([Cd-])N1CCCC1C,True,True,False,False,0.10810810810810811,14,9.0,1.0,1.0
CDK_Depict_8_32,COC1=NN=C(C=C1)OCC(=O)O,CCC1=[Au]*c(CCC(=O)O)cc1,COc1ccc(OCC(=O)O)nn1,CC[C]1=[Au][*]=C(CCC(=O)O)C=C1,True,True,False,False,0.2222222222222222,15,13.0,1.0,0.0
CDK_Depict_8_33,C[C@H]([C@H](C1=CC=CC=C1)O)NC,C*C(C)[C@@H](O)c1ccccc1,CN[C@H](C)[C@@H](O)c1ccccc1,C*C(C)[C@@H](O)c1ccccc1,True,True,False,False,0.5172413793103449,21,12.0,1.0,2.0
CDK_Depict_8_34,B(O)(O)OOOB(O)O,OOOO[2H](OCO[2H](OOOO)OOOO)OOOO,OB(O)OOOB(O)O,,True,False,False,False,0.0,21,9.0,0.0,0.0
CDK_Depict_8_35,COC1=NC(=O)NC(=S)S1,COC(C)[V]C(=O)CC(=S)S,COc1nc(=O)[nH]c(=S)s1,CO[CH](C)[V][C](=O)CC(=S)S,True,True,False,False,0.10869565217391304,8,10.0,1.0,0.0
CDK_Depict_8_37,CCCCCCSSC(SC#N)SC#N,CCCCCCSSC(SC#N)SC#N,CCCCCCSSC(SC#N)SC#N,CCCCCCSSC(SC#N)SC#N,True,True,True,True,1.0,0,15.0,0.0,0.0
CDK_Depict_8_38,C(=O)(O/N=N/OC(=O)Br)Br,*C(=O)CC.*C(C)=O,O=C(Br)O/N=N/OC(=O)Br,*C(=O)CC.*C(C)=O,True,True,False,False,0.13636363636363635,16,10.0,0.0,0.0
CDK_Depict_8_39,C1=C[Te](=O)N=C1,C=O.c1ccc1,O=[Te]1C=CC=N1,C1=CC=C1.C=O,True,True,False,False,0.16666666666666666,13,6.0,1.0,0.0
CDK_Depict_8_40,C[C@]12CC[C@H]3[C@H]([C@@H]1CC[C@]2(C)O)CC[C@@H]4[C@@]3(CC=CC4)C,[H][C@@]12CC=CC[C@@]1(C)[C@@]1([H])CC[C@]3(C)[C@@]([H])(CC[C@]3(C)O)[C@@]1([H])CC2,C[C@]12CC=CC[C@@H]1CC[C@@H]1[C@@H]2CC[C@@]2(C)[C@H]1CC[C@]2(C)O,C[C@@]12CC=CC[C@H]1CC[C@H]1[C@@H]2CC[C@]2(C)[C@H]1CC[C@]2(C)O,True,True,False,True,1.0,44,21.0,4.0,7.0
CDK_Depict_8_41,[2H]P(=NI([2H])[3H])(I)I,CC.CC.CC.[2H]*(C)(C)C,[2H]I([3H])N=P([2H])(I)I,CC.CC.CC.[2H]*(C)(C)C,True,True,False,False,0.045454545454545456,17,8.0,0.0,0.0
CDK_Depict_8_42,B1(B(C=C1)N(C(C)C)C(C)C)N(C(C)C)C(C)C,CC(C)N(*1*C=C1)C(C)C.CC(C)N(C)C(C)C,CC(C)N(B1C=CB1N(C(C)C)C(C)C)C(C)C,CC(C)N(*1*C=C1)C(C)C.CC(C)N(C)C(C)C,True,True,False,False,0.2,17,18.0,1.0,0.0
CDK_Depict_8_43,B(OC)(OC)SC,CC[2H](OC)SC,COB(OC)SC,,True,False,False,False,0.0,6,7.0,0.0,0.0
CDK_Depict_8_44,CC1(OC[C@@H](O1)[C@H]2[C@@H](C(=O)NN2)CCCO)C,CC1(C)CC[C@@](C2(C)CC2)([C@@]2(C)NNC(=O)[C@H]2CCCO)O1,CC1(C)OC[C@H]([C@@H]2NNC(=O)[C@H]2CCCO)O1,CC1(C)CC[C@@](C2(C)CC2)([C@@]2(C)NNC(=O)[C@H]2CCCO)O1,True,True,False,False,0.3448275862068966,27,17.0,2.0,3.0
CDK_Depict_8_45,[Fe]=[Eu],CC.CC,[Fe]=[Eu],CC.CC,True,True,False,False,0.0,9,2.0,0.0,0.0
CDK_Depict_8_46,CO[C@H]1C[C@H](OO1)OO,CC[C@@H]1C[C@H](C)oO1,CO[C@H]1C[C@@H](OO)OO1,CC[C@@H]1C[C@H](C)OO1,True,True,False,False,0.1935483870967742,7,9.0,1.0,2.0
CDK_Depict_8_47,CCOP(=S)(NP(=S)(OCC)OCC)OCC,CCC.CCO*(=S)(=S)**(=S)(=S)OC,CCOP(=S)(NP(=S)(OCC)OCC)OCC,CCC.CCO*(=S)(=S)**(=S)(=S)OC,True,True,False,False,0.1935483870967742,17,17.0,0.0,0.0
CDK_Depict_8_48,C1=NS/C(=C/2\SC=NS2)/S1,C1=CSC(=C2SC=[V]S2)S1,C1=NS/C(=C2\SC=NS2)S1,C1=CSC(=C2S[CH]=[V][S]2)S1,True,True,False,False,0.18518518518518517,8,10.0,2.0,0.0
CDK_Depict_8_49,COC(=O)[C@@H]1C[C@@](CN1CC2=CC=CC=C2)(C(=O)OC)N,CC.CC(=O)[C@H]1CC(C)(N)CN1Cc1ccccc1,COC(=O)[C@@H]1C[C@](N)(C(=O)OC)CN1Cc1ccccc1,CC.CC(=O)[C@H]1CC(C)(N)CN1Cc1ccccc1,True,True,False,False,0.5294117647058824,31,21.0,2.0,2.0
CDK_Depict_8_50,CN(C(OC)(F)Cl)Br,CC.CN(C)[Sr],COC(F)(Cl)N(C)Br,CC.C[N](C)[Sr],True,True,False,False,0.13636363636363635,11,8.0,0.0,1.0
CDK_Depict_8_51,CC1=C(N=CS1)OC(=O)Cl,*C(=O)CC1=C(C)*C*1,Cc1scnc1OC(=O)Cl,*C(=O)CC1=C(C)*C*1,True,True,False,False,0.13636363636363635,14,10.0,1.0,0.0
CDK_Depict_8_52,C1CO[C@H]2[C@@H]1[C@@](NC2=O)(C(F)(F)F)O,CC1C(C)C(C)(C(C)(C)C)C2CCCC12C,O=C1N[C@@](O)(C(F)(F)F)[C@@H]2CCO[C@H]12,CC1C(C)C(C)(C(C)(C)C)C2CCCC12C,True,True,False,False,0.09803921568627451,31,14.0,2.0,3.0
CDK_Depict_8_53,OI(=O)(O)(O)(O)O,C=CC.C=CC.CC(C)Cl,[O-][I+](O)(O)(O)(O)O,C=CC.C=CC.CC(C)Cl,True,True,False,False,0.0,15,7.0,0.0,0.0
CDK_Depict_8_54,CC1(OC=C(C(=CO1)O)N)C,CC1=C(O)CCC(C)(C)CC1,CC1(C)OC=C(N)C(O)=CO1,CC1=C(O)CCC(C)(C)CC1,True,True,False,False,0.17647058823529413,13,11.0,1.0,0.0
CDK_Depict_8_55,C12=C(O1)OO2,C1c2c1OO2,O1c2ooc21,C1c2ooc21,True,True,False,False,0.21428571428571427,6,5.0,2.0,0.0
CDK_Depict_8_56,C1=CC=C(C=C1)N=NC2C(=O)NC(=S)S2,O=C1CC(=S)SC1N=[V]c1ccccc1,O=C1NC(=S)SC1N=Nc1ccccc1,O=C1CC(=S)SC1[N]=[V][c]1ccccc1,True,True,False,False,0.3191489361702128,24,15.0,2.0,1.0
CDK_Depict_8_57,C[C@@]12CC[C@H](C[C@H]1[C@@]([C@@H](CC2)O)(C)O)C(=C)C(=O)O,C=C(C(C)=O)[C@@H]1CC[C@@]2(C)CCC(C)C(C)(O)[C@@]2(C)C1,C=C(C(=O)O)[C@@H]1CC[C@@]2(C)CC[C@@H](O)[C@](C)(O)[C@@H]2C1,C=C(C(C)=O)[C@@H]1CC[C@@]2(C)CCC(C)C(C)(O)[C@@]2(C)C1,True,True,False,False,0.3076923076923077,37,19.0,2.0,5.0
CDK_Depict_8_58,C1C[C@@H]2C[C@H]1[C@H]3[C@@H]2C(=O)[C@@H]4OC[C@H]3O4,CC[C@@]12CC(C)(C)C(=O)[C@@]3(C)C4(C)CC[C@@](C)(C4)[C@@]13C,O=C1[C@@H]2OC[C@@H](O2)[C@H]2[C@H]3CC[C@H](C3)[C@@H]12,,True,False,False,False,0.0,35,14.0,4.0,6.0
CDK_Depict_8_59,C([C@@H](C(=O)O)N)O,*CC([Md])C(=O)OOOOOOOOOOOOOOOOOOOOOOOOOOOOOOOOOOOOOOOOOOOOOOOOOOOOOOOOOOOOOOOOOOOOOOOOOOOOOOOOOOOOOOOOOOOOOOOOOOOOOOOOOOOOOOOOOO,N[C@@H](CO)C(=O)O,*C[CH]([Md])C(=O)OOOOOOOOOOOOOOOOOOOOOOOOOOOOOOOOOOOOOOOOOOOOOOOOOOOOOOOOOOOOOOOOOOOOOOOOOOOOOOOOOOOOOOOOOOOOOOOOOOOOOOOOOOOOOOOOOO,True,True,False,False,0.14285714285714285,119,7.0,0.0,1.0
CDK_Depict_8_60,C[C@@H](CCC[C@@H](C)CCCC(=CCO)C)CCCC(C)C,CCCC(C)CCC[C@@H](C)CCC[C@@H](C)CCCC(C)C,CC(=CCO)CCC[C@H](C)CCC[C@H](C)CCCC(C)C,CCCC(C)CCC[C@@H](C)CCC[C@@H](C)CCCC(C)C,True,True,False,False,0.43333333333333335,13,21.0,0.0,2.0
CDK_Depict_8_61,C1=CNP(N1)P2C=CP=C2,C1CCCCC1.[2H]1CCCC1,C1=CNP(p2ccpc2)N1,,True,False,False,False,0.0,13,10.0,2.0,2.0
CDK_Depict_8_62,CC(C)OS(=O)(=O)NO,C[K]S(=O)(=O)CC(C)C,CC(C)OS(=O)(=O)NO,[CH3][K][S](=O)(=O)CC(C)C,True,True,False,False,0.20689655172413793,11,9.0,0.0,0.0
CDK_Depict_8_63,CCSC(C1=NNN=N1)SCC,CCSC(SCC)c1***=N1,CCSC(SCC)c1nn[nH]n1,CCSC(SCC)C1*=**=N1,True,True,False,False,0.23076923076923078,12,12.0,1.0,0.0
CDK_Depict_8_64,CC1=NC(=S)SS1,CC1=NC(=S)SS1,Cc1nc(=S)ss1,Cc1nc(=S)ss1,True,True,True,True,1.0,0,7.0,1.0,0.0
CDK_Depict_8_65,CS(=O)(=O)C(S(=O)Cl)(Cl)Cl,*C(*(=O)[Ce])S(=C)(C)=O,CS(=O)(=O)C(Cl)(Cl)S(=O)Cl,*C([*](=O)[Ce])S(=C)(C)=O,True,True,False,False,0.15625,15,10.0,0.0,1.0
CDK_Depict_8_66,[3H]I([3H])[I-]([3H])([3H])[3H],[H]C([3H])(C)C,[3H]I([3H])[I-]([3H])([3H])[3H],[3H]C(C)C,True,True,False,False,0.07692307692307693,20,7.0,0.0,0.0
CDK_Depict_8_68,C[C@]12CC[C@H]3[C@H]([C@@H]1CC[C@@H]2O)C=CC4=CC(=O)CC[C@]34C,CC1C=C2C=C[C@@]3(C)[C@H](CC[C@@]4(C)[C@@H](O)CC[C@@]34C)[C@@]2(C)CC1,C[C@]12CC[C@H]3[C@@H](C=CC4=CC(=O)CC[C@@]43C)[C@@H]1CC[C@@H]2O,CC1C=C2C=C[C@@]3(C)[C@H](CC[C@@]4(C)[C@@H](O)CC[C@@]34C)[C@@]2(C)CC1,True,True,False,False,0.23076923076923078,34,21.0,4.0,6.0
CDK_Depict_8_69,COP(=O)(NS(=O)(=O)C)O,CC(=O)N[PH](=O)(=O)Cl,COP(=O)(O)NS(C)(=O)=O,,True,False,False,False,0.0,9,10.0,0.0,1.0
CDK_Depict_8_70,CN(C)CI,CC.CC.CC,CN(C)CI,CC.CC.CC,True,True,False,False,0.1,5,5.0,0.0,0.0
CDK_Depict_8_72,CS(#CCl)=N,CS(=[V])#C[Cd],CS(=N)#CCl,C[S](=[V])#[C][Cd],True,True,False,False,0.2222222222222222,10,5.0,0.0,0.0
CDK_Depict_8_73,C[C@@H]1[C@@H]2CC[C@@]([C@@H]3CCC(=C)[C@@H]3[C@H]2OC1=O)(C)O,[H][C@]12C(C)CC[C@@]1(C)C(C)(O)CC[C@@]1(C)[C@H](C)C(=O)C[C@@]21C,C=C1CC[C@@H]2[C@H]1[C@H]1OC(=O)[C@H](C)[C@@H]1CC[C@@]2(C)O,CC1CC[C@]2(C)[C@H]1[C@]1(C)CC(=O)[C@@H](C)[C@]1(C)CCC2(C)O,True,True,False,False,0.22033898305084745,40,18.0,3.0,6.0
CDK_Depict_8_75,C(=O)(N)OP(=O)(O)OC(=O)N,*C(C)=O.COC(=O)[W][W],NC(=O)OP(=O)(O)OC(N)=O,*C(C)=O.CO[C](=O)[W][W],True,True,False,False,0.13333333333333333,18,11.0,0.0,0.0
CDK_Depict_8_76,CC(C)CNC1=CC(=O)C1=O,CC(C)CNc1cc(=O)C1=O,CC(C)CNc1cc(=O)c1=O,CC(C)CNc1cc(=O)c1=O,True,True,True,True,1.0,4,11.0,1.0,0.0
CDK_Depict_8_77,C1P2C(P1SS2)S,CC1CCCCOC1,SC1P2CP1SS2,CC1CCCCOC1,True,True,False,False,0.06666666666666667,11,7.0,3.0,3.0
CDK_Depict_8_78,[2H]N=C(C)S[2H],*SC(C)=N[2H],[2H]N=C(C)S[2H],*SC(C)=N[2H],True,True,False,False,0.3181818181818182,8,6.0,0.0,0.0
CDK_Depict_8_79,C(=N/Cl)\C=N\Cl,C/*=C/C=N/CC,Cl/N=C/C=N/Cl,C/*=C/C=N/CC,True,True,False,False,0.13636363636363635,9,6.0,0.0,0.0
CDK_Depict_8_80,C1(=NC(=NC(=N1)OCl)OCl)OCl,COc1*c(OC)*c(O[Cf])*1,ClOc1nc(OCl)nc(OCl)n1,COC1*C(OC)*C([O][Cf])*1,True,True,False,False,0.038461538461538464,21,12.0,1.0,0.0
CDK_Depict_8_81,B(/C=C/C(C)(C)C)(Br)Br,CC(C)(C)CC[2H]([Br-])[Br-],CC(C)(C)/C=C/B(Br)Br,,True,False,False,False,0.0,17,9.0,0.0,0.0
CDK_Depict_8_82,CC#[W](Br)(Br)Br,CC#CC.Cp.Cp,C[C]#[W]([Br])([Br])[Br],,True,False,False,False,0.0,13,6.0,0.0,0.0
CDK_Depict_8_83,B(C(C)(C)C)(C(C)(C)C)N,CC(C)(C)C,CC(C)(C)B(N)C(C)(C)C,CC(C)(C)C,True,True,False,False,0.2727272727272727,13,10.0,0.0,0.0
CDK_Depict_8_84,C(#N)C1C(=N)SSC1=S,*=C1SSC(=S)C1C#*,N#CC1C(=N)SSC1=S,*=C1SSC(=S)C1C#*,True,True,False,False,0.36666666666666664,13,9.0,1.0,1.0
CDK_Depict_8_85,C1(=NONC1=O)C2=NONC2=O,O=C1CO*c1c1[V]=C[1H]C1=O,O=c1[nH]onc1-c1no[nH]c1=O,,True,False,False,False,0.0,18,12.0,2.0,0.0
CDK_Depict_8_86,CCCCSC1=CC(=O)SS1,CCCCSC1=CC(=O)SS1,CCCCSc1cc(=O)ss1,CCCCSc1cc(=O)ss1,True,True,True,True,1.0,0,11.0,1.0,0.0
CDK_Depict_8_87,CC1=NNC(NC1=O)N,CC1=CCC(N)CC1=O,CC1=NNC(N)NC1=O,CC1=CCC(N)CC1=O,True,True,False,False,0.2222222222222222,6,9.0,1.0,1.0
CDK_Depict_8_88,CSC1(P(C(P1Cl)(SC)SC)Cl)SC,*p1C(CC)(CC)p(*)C1(CC)SC,CSC1(SC)P(Cl)C(SC)(SC)P1Cl,*P1C(CC)(CC)P(*)C1(CC)SC,True,True,False,False,0.2222222222222222,16,14.0,1.0,2.0
CDK_Depict_8_89,CCOC(=O)[C@@H]1C[C@@]12CC(=O)O2,C=C1C[C@@]2(C[C@@H]2C(=O)CCC)O1,CCOC(=O)[C@@H]1C[C@@]12CC(=O)O2,C=C1C[C@@]2(C[C@@H]2C(=O)CCC)O1,True,True,False,False,0.42857142857142855,17,12.0,2.0,2.0
CDK_Depict_8_90,C(C#CC#N)O,N#CC#CCO,N#CC#CCO,N#CC#CCO,True,True,True,True,1.0,5,6.0,0.0,0.0
CDK_Depict_8_91,C1(=O)O[Tl](O1)OC(=O)O[Tl]2OC(=O)O2,O=C(C[Ti]1OC(=O)O1)O[Ti]1OC(=O)O1,O=C1[O][Tl]([O]C(=O)[O][Tl]2[O]C(=O)[O]2)[O]1,O=C([CH2][Ti]1[O]C(=O)[O]1)[O][Ti]1[O]C(=O)[O]1,True,True,False,False,0.23529411764705882,16,14.0,2.0,0.0
CDK_Depict_8_92,CP(=O)(C)CP(=O)(C)CP(=O)(C)C,CP(C)(=O)CP(C)(=O)CP(C)(C)=O,CP(C)(=O)CP(C)(=O)CP(C)(C)=O,CP(C)(=O)CP(C)(=O)CP(C)(C)=O,True,True,True,True,1.0,12,13.0,0.0,0.0
CDK_Depict_8_93,C[C@H]1[C@H](OC(O1)(C)C)[C@@H]2[C@H]([C@@H](C(=O)O2)O)O,[H]C1(C2CC(C)(C)O[C@H]2C)OC(=O)[C@@H](O)[C@@H]1O,C[C@@H]1OC(C)(C)O[C@@H]1[C@H]1OC(=O)[C@@H](O)[C@@H]1O,C[C@@H]1OC(C)(C)CC1C1OC(=O)[C@@H](O)[C@@H]1O,True,True,False,False,0.5641025641025641,32,16.0,2.0,5.0
CDK_Depict_8_94,B1=NN=NC=C1,[2H]1=[V]CCC=C1,b1ccnnn1,,True,False,False,False,0.0,9,6.0,1.0,0.0
CDK_Depict_8_95,CC(=O)O[C@H]1CC(=O)[C@]1(C)OC,CCC1(C)[C@@H](CC(C)=O)C[C@H]1O,CO[C@@]1(C)C(=O)C[C@@H]1OC(C)=O,CCC1(C)[C@@H](CC(C)=O)C[C@H]1O,True,True,False,False,0.20454545454545456,15,12.0,1.0,2.0
CDK_Depict_8_96,C1=C[Te]C(=N1)C=CCl,CC=Cc1ncc[I+]1,ClC=Cc1ncc[te]1,CC=CC1=NC=C[I+]1,True,True,False,False,0.13513513513513514,16,8.0,1.0,0.0
CDK_Depict_8_97,CCC1=N[C@H]([C@H](O[C@]1(CC)O)C2=CC=CC=C2)C,CCC1C[C@@H](C)[C@H](C2=CC=CC=C2)C[C@@H]1CC,CCC1=N[C@@H](C)[C@@H](c2ccccc2)O[C@@]1(O)CC,CCC1C[C@@H](C)[C@H](c2ccccc2)C[C@@H]1CC,True,True,False,False,0.2765957446808511,24,18.0,2.0,3.0
CDK_Depict_8_98,C[C@@]1(CCC2C1(CCC3C2CC[C@@H]4C3(CCC(=O)O4)C)C)O,[H][C@@]12CCC3C4CC[C@@]5(C)O)C4(C)CCC3C1(C)CCC(=O)O2,CC12CCC(=O)O[C@@H]1CCC1C2CCC2(C)C1CC[C@]2(C)O,,True,False,False,False,0.0,31,22.0,4.0,7.0
CDK_Depict_8_99,B(N(C(C)(C)C)C(C)(C)C)(F)F,CC(C)(C)C.CC(C)(C)C.CP,CC(C)(C)N(B(F)F)C(C)(C)C,CC(C)(C)C.CC(C)(C)C.CP,True,True,False,False,0.1875,11,12.0,0.0,0.0
CDK_Depict_8_100,CCOC(=O)[C@H]1C=C2CCCCC2=C[C@H]1C(=O)OC,CCOC(=O)[C@H]1C=C2CCCCC2=C[C@H]1C(=O)OC,CCOC(=O)[C@H]1C=C2CCCCC2=C[C@H]1C(=O)OC,CCOC(=O)[C@H]1C=C2CCCCC2=C[C@H]1C(=O)OC,True,True,True,True,1.0,0,19.0,2.0,2.0
CDK_Depict_9_1,C(C(S)S)(S)S,C.CC(C)C.CC(C)CCC(C)C,SC(S)C(S)S,C.CC(C)C.CC(C)CCC(C)C,True,True,False,False,0.07142857142857142,14,6.0,0.0,0.0
CDK_Depict_9_2,[2H]C1C(C(=O)SC1=O)[2H],CC(C)C.CCC(C)C,[2H]C1C(=O)SC(=O)C1[2H],CC(C)C.CCC(C)C,True,True,False,False,0.0,17,9.0,1.0,2.0
CDK_Depict_9_3,CP(=O)(C(F)(F)P(=O)(O)F)F,CC.CC(C)C,CP(=O)(F)C(F)(F)P(=O)(O)F,CC.CC(C)C,True,True,False,False,0.047619047619047616,21,11.0,0.0,2.0
CDK_Depict_9_4,C1(=NON=C1C(=O)N)C(=O)N,CCCCC(C)=O.O,NC(=O)c1nonc1C(N)=O,CCCCC(C)=O.O,True,True,False,False,0.10344827586206896,16,11.0,1.0,0.0
CDK_Depict_9_5,CCOC(=O)C(N=NC1=NNN=N1)N=NC2=NNN=N2,CCOC(=O)C([W]C)[U]=[U]C1C[U]C(C)[U]1,CCOC(=O)C(N=Nc1nn[nH]n1)N=Nc1nn[nH]n1,CCOC(=O)[CH]([W][CH3])[U]=[U][CH]1[CH2][U][CH](C)[U]1,True,True,False,False,0.2033898305084746,24,20.0,2.0,1.0
CDK_Depict_9_7,CN(C)OS(=O)N(C)C,CC(C)C.CC(C)C.CS,CN(C)OS(=O)N(C)C,CC(C)C.CC(C)C.CS,True,True,False,False,0.05,11,9.0,0.0,1.0
CDK_Depict_9_8,CNC[C@@H]([C@H]([C@@H]([C@@H](CO)O)O)O)O,CCCCCCC,CNC[C@H](O)[C@@H](O)[C@H](O)[C@H](O)CO,CCCCCCC,True,True,False,False,0.08,33,13.0,0.0,4.0
CDK_Depict_9_9,CCOC1=NN=CC1=O,CC1CNNC1.CCC,CCOC1=NN=CC1=O,CC1CNNC1.CCC,True,True,False,False,0.08823529411764706,9,9.0,1.0,0.0
CDK_Depict_9_10,C(=N)(N)[SiH](C(=N)N)[SiH3],O=C([UH2])C[Si](Cl)(Cl)C(=O)[AlH2],N=C(N)[SiH]([SiH3])C(=N)N,O=[C]([UH2])C[Si](Cl)(Cl)[C](=O)[AlH2],True,True,False,False,0.03333333333333333,20,8.0,0.0,2.0
CDK_Depict_9_11,C[C@@H]1C[C@H]2CCCC[C@@H]2C(=O)O1,CCCCCCCCCCCCCCCCCCCCCCCCCCCCCCCCCCCCCCCCCCCCCCCCCCCCCCCCCCCCCCCCCCCCCCCCCCCCCCCCCCCCCCCCCCCCCCCCCCCCCCCCCCCCCCCCCCCCCCCCCCCCCCCCCCCCCCCCCCCCCCCCCCCCCCCCCCCCCCCC,C[C@@H]1C[C@H]2CCCC[C@@H]2C(=O)O1,CCCCCCCCCCCCCCCCCCCCCCCCCCCCCCCCCCCCCCCCCCCCCCCCCCCCCCCCCCCCCCCCCCCCCCCCCCCCCCCCCCCCCCCCCCCCCCCCCCCCCCCCCCCCCCCCCCCCCCCCCCCCCCCCCCCCCCCCCCCCCCCCCCCCCCCCCCCCCCCC,True,True,False,False,0.03125,150,12.0,2.0,3.0
CDK_Depict_9_13,CC(=O)OC[C@H]1[C@@H](C=C[C@@H]([C@H](O1)COC(=O)C)O)O,CC(=O)O.CC(=O)O.CC[C@H](O)[C@H](O)C=C[C@H](O)[C@@H](O)CC,CC(=O)OC[C@@H]1O[C@H](COC(C)=O)[C@@H](O)C=C[C@H]1O,CC(=O)O.CC(=O)O.CC[C@H](O)[C@H](O)C=C[C@H](O)[C@@H](O)CC,True,True,False,False,0.15384615384615385,31,19.0,1.0,4.0
CDK_Depict_9_14,CC(OOC=C)Br,C=COOCC,C=COOC(C)Br,C=COOCC,True,True,False,False,0.3333333333333333,6,7.0,0.0,1.0
CDK_Depict_9_15,CCOC(=O)[C@H](CS)N,CCC(C)=O,CCOC(=O)[C@@H](N)CS,CCC(C)=O,True,True,False,False,0.24,13,9.0,0.0,1.0
CDK_Depict_9_16,CC(C)(C)OOC(=O)C(Cl)(Cl)Cl,CC(=O)CC(C)(Cl)Cl,CC(C)(C)OOC(=O)C(Cl)(Cl)Cl,CC(=O)CC(C)(Cl)Cl,True,True,False,False,0.2962962962962963,11,12.0,0.0,0.0
CDK_Depict_9_17,CN1C(=O)N(P2N(C(=O)N(P1N2C)C)C)C,C[V]1*[V](C)C(=O)[V](C)[V](N)[V]1,Cn1c(=O)n(C)p2n(C)c(=O)n(C)p1n2C,[CH3][V]1[*][V]([CH3])[C](=O)[V]([CH3])[V]([NH2])[V]1,True,True,False,False,0.18181818181818182,26,16.0,2.0,2.0
CDK_Depict_9_18,CS(=O)(=O)C1N=NN=N1,C=S(C)(=O)C1[U][U][U][U]1,CS(=O)(=O)C1N=NN=N1,C=S(C)(=O)[CH]1[U][U][U][U]1,True,True,False,False,0.23076923076923078,15,9.0,1.0,0.0
CDK_Depict_9_19,C1=COPO1,*.C.CCC,C1=COPO1,*.C.CCC,True,True,False,False,0.0,7,5.0,1.0,0.0
CDK_Depict_9_20,COC(=O)C1=C(SC[C@H](C(=C1)C#N)C2=CC=CC=C2)N,COC(=O)C1=C(C)SC[C@H](c2ccccc2)C(C#N)=C1,COC(=O)C1=C(N)SC[C@@H](c2ccccc2)C(C#N)=C1,COC(=O)C1=C(C)SC[C@H](c2ccccc2)C(C#N)=C1,True,True,False,False,0.7659574468085106,20,20.0,2.0,1.0
CDK_Depict_9_21,C12=C(SC(=O)S1)SC3(S2)SC4=C(S3)SC(=O)S4,C.C.CC(C)C(C)C.CC1SC(=O)SC1S,O=c1sc2c(s1)SC1(S2)Sc2sc(=O)sc2S1,C.C.CC(C)C(C)C.CC1SC(=O)SC1S,True,True,False,False,0.12121212121212122,24,17.0,4.0,0.0
CDK_Depict_9_22,C1(N=C(N=N1)C(F)(F)F)OF,**C(C)*C(*)C,FOC1N=NC(C(F)(F)F)=N1,**C(C)*C(*)C,True,True,False,False,0.027777777777777776,18,11.0,1.0,1.0
CDK_Depict_9_23,OOCl(=O)=O,O.O=C=O,[O-][Cl+2]([O-])OO,O.O=C=O,True,True,False,False,0.0,6,5.0,0.0,0.0
CDK_Depict_9_24,CC1=C([C@@]2([C@]1(C3=CC=CC4=C3C2=CC=C4)C)C)C,CCCC1CCCc2c1c(ccc2)cc1,CC1=C(C)[C@]2(C)c3cccc4cccc(c34)[C@]12C,,True,False,False,False,0.0,35,18.0,4.0,2.0
CDK_Depict_9_25,O([Sn](Cl)(Cl)Cl)[Sn](Cl)(Cl)Cl,C.C.C.C,[Cl][Sn]([Cl])([Cl])[O][Sn]([Cl])([Cl])[Cl],C.C.C.C,True,True,False,False,0.0,27,9.0,0.0,0.0
CDK_Depict_9_26,C1C2(CSS1)CS(=S)C2,C=[SH](C)=S,S=S1CC2(CSSC2)C1,C=[SH](C)=S,True,True,False,False,0.043478260869565216,13,9.0,2.0,0.0
CDK_Depict_9_27,C1(=O)NC(=O)NP(=S)(N1)S,O=C1*CC[PH](=S)(S)N1,O=C1NC(=O)NP(=S)(S)N1,,True,False,False,False,0.0,16,10.0,1.0,0.0
CDK_Depict_9_28,B1P=CC=P1,*C.CC.CC,B1P=CC=P1,*C.CC.CC,True,True,False,False,0.0,7,5.0,1.0,2.0
CDK_Depict_9_29,C1=CSC=P1,CCC.S,c1cscp1,CCC.S,True,True,False,False,0.0,6,5.0,1.0,1.0
CDK_Depict_9_31,C1=C=NN=C(C=C1I)I,CCCCCCCCCC,IC1=CC(I)=NN=C=C1,CCCCCCCCCC,True,True,False,False,0.0,12,9.0,1.0,0.0
CDK_Depict_9_32,[2H][C@](CC1=CNC2=CC=CC=C21)(C(=O)OCC)N,*[C@@]([2H])(Cc1c2ccccc2NC=1)C(=O)OCC,[2H][C@](N)(Cc1c[nH]c2ccccc12)C(=O)OCC,*[C@@]([2H])(Cc1c[nH]c2ccccc12)C(=O)OCC,True,True,False,False,0.7333333333333333,24,18.0,2.0,1.0
CDK_Depict_9_34,C1=CC=[Se](C=C1)OCl(=O)(=O)=O,O=Cl(=O)(=O)O[Se]1ccccc1,[O-][Cl+3]([O-])([O-])O[Se]1=CC=CC=C1,,True,False,False,False,0.0,23,11.0,1.0,1.0
CDK_Depict_9_35,C1=C(ONON1)F,*C(CC)O*C,Fc1c[nH]o[nH]o1,*C(CC)O*C,True,True,False,False,0.0,10,7.0,1.0,0.0
CDK_Depict_9_36,C[N+](C)(C)CP(=[Au]Cl)(C)C,C=P(C)(C)C[N+](C)C,C[N+](C)(C)C[P](C)(C)=[Au][Cl],C=P(C)(C)C[N+](C)C,True,True,False,False,0.19230769230769232,12,10.0,0.0,0.0
CDK_Depict_9_37,C(=C(/F)\I)(\F)/I,CC.CC(C)C(C)C,F/C(I)=C(/F)I,CC.CC(C)C(C)C,True,True,False,False,0.0,12,6.0,0.0,0.0
CDK_Depict_9_38,N(NS(=O)(=O)F)S(=O)(=O)F,cS(=O)(=O)**S(=O)(=O)F,O=S(=O)(F)NNS(=O)(=O)F,,True,False,False,False,0.0,5,10.0,0.0,0.0
CDK_Depict_9_39,COP(=S)(CCl)NC(=S)N,CCC.CO*(C)=S,COP(=S)(CCl)NC(N)=S,CCC.CO*(C)=S,True,True,False,False,0.15625,13,10.0,0.0,1.0
CDK_Depict_9_40,C1=CC=C(C=C1)CN(NCNN(CC2=CC=CC=C2)N=O)N=O,O=C=N[Al](CC1=CC=CC=C1)[Al]C[Al][Al](C=O)CCc1ccccc1,O=NN(Cc1ccccc1)NCNN(Cc1ccccc1)N=O,O=C=[N][Al]([CH2]c1ccccc1)[Al][CH2][Al][Al]([CH]=O)[CH2]Cc1ccccc1,True,True,False,False,0.23529411764705882,37,23.0,2.0,0.0
CDK_Depict_9_41,CO[C@@H]1[C@@H]([C@@H]2[C@H](CO1)OC(=O)S2)O,C=C(C)CC.CC1CO[C@H](C)[C@H](C)C1,CO[C@H]1OC[C@@H]2OC(=O)S[C@@H]2[C@H]1O,C=C(C)CC.CC1CO[C@H](C)[C@H](C)C1,True,True,False,False,0.13725490196078433,28,13.0,2.0,4.0
CDK_Depict_9_42,CC(=C)[C@H]1CN[C@@H]([C@H]1CC(=O)O)C(=O)O,CC(=O)O.CCC.CCCCCC(C)CCC,C=C(C)[C@H]1CN[C@H](C(=O)O)[C@H]1CC(=O)O,CC(=O)O.CCC.CCCCCC(C)CCC,True,True,False,False,0.17777777777777778,28,15.0,1.0,3.0
CDK_Depict_9_43,CN(C)CC[C@@H](C1=CC=C(C=C1)Cl)C2=CC=CC=N2,CCC.CCCC(c1ccc(C)cc1)C1C=CC=CC1,CN(C)CC[C@@H](c1ccc(Cl)cc1)c1ccccn1,CCC.CCCC(c1ccc(C)cc1)C1C=CC=CC1,True,True,False,False,0.15,23,19.0,2.0,1.0
CDK_Depict_9_44,C[C@]1([C@H](CC1=O)C2=CC=CC=C2)OC,CCCCc1ccccc1,CO[C@@]1(C)C(=O)C[C@@H]1c1ccccc1,CCCCc1ccccc1,True,True,False,False,0.1794871794871795,28,14.0,2.0,2.0
CDK_Depict_9_45,CO[C@H]1[C@@H](CC(=O)C2=C1C(=CC=C2)OC)O,COc1cccc2c1C(OC)[C@@H]([IH])CC2=O,COc1cccc2c1[C@@H](OC)[C@H](O)CC2=O,COc1cccc2c1C(OC)[C@@H]([IH])CC2=O,True,True,False,False,0.717948717948718,29,16.0,2.0,2.0
CDK_Depict_9_46,C1=CC(=O)C2=C(C1=O)SNS2,CC1C(=O)C=CC(=O)C1S,O=c1ccc(=O)c2s[nH]sc1=2,CC1C(=O)C=CC(=O)C1S,True,True,False,False,0.13333333333333333,9,11.0,2.0,0.0
CDK_Depict_9_47,C(#N)SSC(=O)O,C#CCSSC(=O)O,N#CSSC(=O)O,C#CCSSC(=O)O,True,True,False,False,0.34615384615384615,3,7.0,0.0,0.0
CDK_Depict_9_48,O(P(Br)Br)Br,CC.CC,BrOP(Br)Br,CC.CC,True,True,False,False,0.0,12,5.0,0.0,0.0
CDK_Depict_9_49,C1=CN(C(=CN1Cl)CO)Cl,**1CCCN(C)CC1CC,OCC1=CN(Cl)C=CN1Cl,**1CCCN(C)CC1CC,True,True,False,False,0.044444444444444446,12,10.0,1.0,0.0
CDK_Depict_9_50,C(C(OC(C(Br)Br)(Cl)Cl)(Cl)Cl)(Br)Br,CC(C)C(C)CC(C)(C)C,ClC(Cl)(OC(Cl)(Cl)C(Br)Br)C(Br)Br,CC(C)C(C)CC(C)(C)C,True,True,False,False,0.08333333333333333,21,13.0,0.0,0.0
CDK_Depict_9_51,CCOC(=O)C1=NO[C@H](C1)[C@H]2COC3(O2)CCCCC3,C1CCCCC1.CCC(=O)C1=CO[C@@](C(C)(C)CO)(C1)CO1,CCOC(=O)C1=NO[C@@H]([C@H]2COC3(CCCCC3)O2)C1,,True,False,False,False,0.0,27,20.0,3.0,2.0
CDK_Depict_9_52,C[C@H]1C=C(C[C@H]2[C@@]1(C(=O)CC(C2)(C)C)C)C,C=CC1(C)CC=C(C)CC1CCC(C)(C)C,CC1=C[C@H](C)[C@@]2(C)C(=O)CC(C)(C)C[C@H]2C1,C=CC1(C)CC=C(C)CC1CCC(C)(C)C,True,True,False,False,0.20754716981132076,25,16.0,2.0,3.0
CDK_Depict_9_53,C1C2=CC=CC=C2[C@H]([C@@H](C3=CC=CC=C31)O)N,C[C@@H]1c2ccccc2Cc2ccccc2[C@@H]1O,N[C@@H]1c2ccccc2Cc2ccccc2[C@H]1O,C[C@@H]1c2ccccc2Cc2ccccc2[C@@H]1O,True,True,False,False,0.6,35,17.0,3.0,2.0
CDK_Depict_9_54,CSC(=O)SSC(=O)Cl,CC(=O)SS.CSC(C)=O,CSC(=O)SSC(=O)Cl,CC(=O)SS.CSC(C)=O,True,True,False,False,0.2916666666666667,8,9.0,0.0,0.0
CDK_Depict_9_55,C[C@]12CC[C@H]3[C@H]([C@@H]1CC[C@]2(C)O)CC[C@@H]4[C@@]3(CC5=CON=C5C4)C,C/C=C1\CC2(C)[C@@H](C)(CC[C@@]3(C)[C@@H]4(C)CC(C)(C)O)CC1C,C[C@]12Cc3conc3C[C@@H]1CC[C@@H]1[C@@H]2CC[C@@]2(C)[C@H]1CC[C@]2(C)O,,True,False,False,False,0.0,37,24.0,5.0,7.0
CDK_Depict_9_56,CC1(OC[C@@H]([C@@H](O1)COCC2=CC=CC=C2)OS(=O)(=O)C)C,CC[C@H]1CC(C)CC[C@H]1OS(C)(=O)=O,CC1(C)OC[C@H](OS(C)(=O)=O)[C@H](COCc2ccccc2)O1,CC[C@H]1CC(C)CC[C@H]1OS(C)(=O)=O,True,True,False,False,0.24561403508771928,30,22.0,2.0,2.0
CDK_Depict_9_57,C[Si]1(CN=NC12N=N2)C,C=[U].CC[C-](C)C.[U]=[U],C[Si]1(C)CN=NC12N=N2,CC[C-](C)C.[CH2]=[U].[U]=[U],True,True,False,False,0.03571428571428571,20,9.0,2.0,0.0
CDK_Depict_9_58,C1=CC=PC(=C1)C2=CC=CC=P2,C1CCC(C2CCCCC2)CC1,c1ccc(-c2ccccp2)pc1,C1CCC(C2CCCCC2)CC1,True,True,False,False,0.0,13,12.0,2.0,2.0
CDK_Depict_9_59,CC[C@H](C)[C@@H](C(=O)O)N,CCCCCCCCCC(=O)O,CC[C@H](C)[C@H](N)C(=O)O,CCCCCCCCCC(=O)O,True,True,False,False,0.2413793103448276,14,9.0,0.0,2.0
CDK_Depict_9_60,C[As](C)C(=[N+]=[N-])[Sn](C)(C)C,C=[U+]=C[Si](C)(C)C.CC,C[As](C)[C](=[N+]=[N-])[Sn]([CH3])([CH3])[CH3],CC.[CH2]=[U+]=[CH][Si](C)(C)C,True,True,False,False,0.03333333333333333,19,10.0,0.0,0.0
CDK_Depict_9_61,B1(C=CC=CC=C1)N,C/C=C\CCCC,NB1C=CC=CC=C1,C/C=C\CCCC,True,True,False,False,0.0,9,8.0,1.0,0.0
CDK_Depict_9_62,CS(=O)(=O)NN(S(=O)(=O)C)S(=O)(=O)C,CS(=O)(=O)[Al][Al](S(C)(=O)=O)S(C)(=O)=O,CS(=O)(=O)NN(S(C)(=O)=O)S(C)(=O)=O,C[S](=O)(=O)[Al][Al]([S](C)(=O)=O)[S](C)(=O)=O,True,True,False,False,0.2,16,14.0,0.0,0.0
CDK_Depict_9_63,C(=O)(C(C(F)(F)F)(NN)O)NN,**C(=O)C(C#CC#C)(C(*)=C=C=C)C(C)(C)C,NNC(=O)C(O)(NN)C(F)(F)F,**C(=O)C(C#CC#C)(C(*)=C=C=C)C(C)(C)C,True,True,False,False,0.0784313725490196,23,12.0,0.0,1.0
CDK_Depict_9_64,C1=CSN=CC1=O,C.C=C(CC)CCC,O=c1ccsnc1,C.C=C(CC)CCC,True,True,False,False,0.0,9,7.0,1.0,0.0
CDK_Depict_9_65,B1(C2B(C3B(C1B(C(B2CC)B3CC)CC)CC)CC)CC,CC.CCC.CCC.CCC.CCC,CCB1C2B(CC)C3B(CC)C1B(CC)C(B2CC)B3CC,CC.CCC.CCC.CCC.CCC,True,True,False,False,0.23076923076923078,25,22.0,4.0,4.0
CDK_Depict_9_66,CN(C)/C=C\1/C(=O)SC(=N1)SC,C=C(CC)SC(=O)/C(C)=C/CC,CSC1=N/C(=C\N(C)C)C(=O)S1,C=C(CC)SC(=O)/C(C)=C/CC,True,True,False,False,0.0851063829787234,15,12.0,1.0,0.0
CDK_Depict_9_68,OP(O)OP1OSSSSSSO1,O.O.O.POSSSSS.[1O]P,OP(O)OP1OSSSSSSO1,O.O.O.POSSSSS.[1O]P,True,True,False,False,0.02702702702702703,10,13.0,1.0,0.0
CDK_Depict_9_69,C[C@H]1CCC(=O)[C@@]2([C@H]1CC(=C[C@H]2C)C)C,CCCCCc1c(C)ccc(C)C1,CC1=C[C@@H](C)[C@]2(C)C(=O)CC[C@H](C)[C@@H]2C1,,True,False,False,False,0.0,32,15.0,2.0,4.0
CDK_Depict_9_70,B(CCCC)(NCCCC)NCCCC,CCCC.CCCC.CCCCC,CCCCNB(CCCC)NCCCC,CCCC.CCCC.CCCCC,True,True,False,False,0.3,7,15.0,0.0,0.0
CDK_Depict_9_71,P1P(P1(Cl)(Cl)Cl)(Cl)(Cl)Cl,C.C[PH](C)(C)(C)C,ClP1(Cl)(Cl)PP1(Cl)(Cl)Cl,,True,False,False,False,0.0,16,9.0,1.0,1.0
CDK_Depict_9_72,B(N(C)C)(Br)Br,C*(F)F.CC,CN(C)B(Br)Br,C*(F)F.CC,True,True,False,False,0.06666666666666667,12,6.0,0.0,0.0
CDK_Depict_9_73,CNC=C(C(=O)C(F)(F)F)Cl,CCCC(C)C(=O)CC(C)(C)C,CNC=C(Cl)C(=O)C(F)(F)F,CCCC(C)C(=O)CC(C)(C)C,True,True,False,False,0.1282051282051282,10,11.0,0.0,0.0
CDK_Depict_9_74,CN=S=NC,C*=S=*C,CN=S=NC,C*=S=*C,True,True,False,False,0.14285714285714285,2,5.0,0.0,0.0
CDK_Depict_9_75,C(F)(F)(F)P(C(F)(F)F)(C(F)(F)F)(F)F,C.C.CC,FC(F)(F)P(F)(F)(C(F)(F)F)C(F)(F)F,C.C.CC,True,True,False,False,0.0,32,15.0,0.0,0.0
CDK_Depict_9_76,C1(=C(OC(=C(O1)Cl)Cl)Cl)Cl,CC(C)C(C)CC(C)C(C)C,ClC1=C(Cl)OC(Cl)=C(Cl)O1,CC(C)C(C)CC(C)C(C)C,True,True,False,False,0.0,14,10.0,1.0,0.0
CDK_Depict_9_77,C1CC2(NC1=O)OS2,CCC.CCC,O=C1CCC2(N1)OS2,CCC.CCC,True,True,False,False,0.0,11,8.0,2.0,1.0
CDK_Depict_9_78,ClI(Cl)(Cl)(Cl)Cl,C.C.C[IH](C)C,ClI(Cl)(Cl)(Cl)Cl,C.C.C[IH](C)C,True,True,False,False,0.0,11,6.0,0.0,0.0
CDK_Depict_9_79,C1=CN(C=C1)P(=O)(N)N,C=O.CN1C=CCC1,NP(N)(=O)n1cccc1,C=O.CN1C=CCC1,True,True,False,False,0.1,15,9.0,1.0,0.0
CDK_Depict_9_80,CC(C)N1C(=O)C([C@@]12CCCCC2=O)(C)C,CC(C)C.CC1CCCCC1=O,CC(C)N1C(=O)C(C)(C)[C@@]12CCCCC2=O,CC(C)C.CC1CCCCC1=O,True,True,False,False,0.25,18,16.0,2.0,1.0
CDK_Depict_9_81,C1=CP(=NC(=O)N1)(N)O,**C.C=CC.C=O,NP1(O)=NC(=O)NC=C1,**C.C=CC.C=O,True,True,False,False,0.02857142857142857,16,9.0,1.0,1.0
CDK_Depict_9_82,CCCSC(=C(Cl)Cl)CC(=O)NC(C)(C)C,CC(C)=O.CCCCCCC(C)=O,CCCSC(CC(=O)NC(C)(C)C)=C(Cl)Cl,CC(C)=O.CCCCCCC(C)=O,True,True,False,False,0.175,18,16.0,0.0,0.0
CDK_Depict_9_83,CC(C(CS)CS)C(F)(F)F,CCC(CC)C(C)C(C)C,CC(C(CS)CS)C(F)(F)F,CCC(CC)C(C)C(C)C,True,True,False,False,0.2,8,11.0,0.0,1.0
CDK_Depict_9_84,C#CCCCSNNC(=O)N,**C(C)=O.CCCC.CCCCC,C#CCCCSNNC(N)=O,**C(C)=O.CCCC.CCCCC,True,True,False,False,0.1282051282051282,15,11.0,0.0,0.0
CDK_Depict_9_85,C1CC[C@H]([C@@H](C1)C(F)(F)I)I,CCCCCCCCCCCCCCCCCC,FC(F)(I)[C@@H]1CCCC[C@H]1I,CCCCCCCCCCCCCCCCCC,True,True,False,False,0.0,23,11.0,1.0,2.0
CDK_Depict_9_86,C(S)[Se](C(=O)O)N,*[Se](CC)C(C)=O,N[Se](CS)C(=O)O,*[Se](CC)C(C)=O,True,True,False,False,0.18518518518518517,11,7.0,0.0,0.0
CDK_Depict_9_87,CC(=O)C1=CC=C(C=C1)N[C@H]2C(C([C@H](CO2)O)O)O,CC(=O)c1ccc(*C2OC[C@H](O)C(O)C2Cl)cc1,CC(=O)c1ccc(N[C@@H]2OC[C@H](O)C(O)C2O)cc1,CC(=O)c1ccc(*C2OC[C@H](O)C(O)C2Cl)cc1,True,True,False,False,0.48936170212765956,26,19.0,2.0,4.0
CDK_Depict_9_88,CN(OC)P(N(C)OC)F,CO[Al](C)C(C)[Al](C)OC,CON(C)P(F)N(C)OC,C[O][Al]([CH3])[CH](C)[Al]([CH3])[O]C,True,True,False,False,0.125,15,10.0,0.0,0.0
CDK_Depict_9_89,CCOC(=O)[C@H]1C[C@@H]2CC3=CC=CC=C3N2N1,CCC.CCCC(C)Cc1ccccc1C,CCOC(=O)[C@H]1C[C@@H]2Cc3ccccc3N2N1,CCC.CCCC(C)Cc1ccccc1C,True,True,False,False,0.15789473684210525,29,17.0,3.0,2.0
CDK_Depict_9_90,CN(C)P(Br)Br,CC.CNC.CpC,CN(C)P(Br)Br,,True,False,False,False,0.0,10,6.0,0.0,0.0
CDK_Depict_9_91,B1(SB(SS1)C2=CC=CC=C2)C3=CC=CC=C3,CCCCCc1ccccc1.c1ccccc1,c1ccc(B2SSB(c3ccccc3)S2)cc1,CCCCCc1ccccc1.c1ccccc1,True,True,False,False,0.2,30,17.0,3.0,0.0
CDK_Depict_9_92,C1=CNC(=C1)C(=S)C2=CC=CN2,CC.CCC.CCCCC.CCS,S=C(c1ccc[nH]1)c1ccc[nH]1,CC.CCC.CCCCC.CCS,True,True,False,False,0.0,16,12.0,2.0,0.0
CDK_Depict_9_93,C1CCC(CC1)O[C@H]2C[C@@H]2N,CCCCCC,N[C@H]1C[C@@H]1OC1CCCCC1,CCCCCC,True,True,False,False,0.0,20,11.0,2.0,2.0
CDK_Depict_9_94,C1[C@@H]([C@H](O[C@H]1N2C=C(C(=O)NC2=O)Br)CO)O,CC(=O)CCC(=O)C([Fr])=CCC=O.C[C@@H]1C[C@H](O[Fl])[C@@H](C)O1,O=c1[nH]c(=O)n([C@H]2C[C@H](O)[C@@H](CO)O2)cc1Br,CC(=O)CCC(=O)[C]([Fr])=CCC=O.C[C@@H]1C[C@H]([O][Fl])[C@@H](C)O1,True,True,False,False,0.12162162162162163,44,17.0,2.0,3.0
CDK_Depict_9_95,B1(SC=CS1)N(B2SC=CS2)B3SC=CS3,C1=Css(ss2sC=Cs2)s1,C1=CSB(N(B2SC=CS2)B2SC=CS2)S1,,True,False,False,False,0.0,20,16.0,3.0,0.0
CDK_Depict_9_96,O[As](=O)(O)OS,C=O.CCl.CS,O=[As](O)(O)OS,C=O.CCl.CS,True,True,False,False,0.11764705882352941,12,6.0,0.0,0.0
CDK_Depict_9_97,C1=CN(C(=O)N=C1N)[C@H]2[C@@H]([C@@H]([C@H](O2)CO)O)O,C/C=C\C(N)=O.CC.CC=O.CCO,Nc1ccn([C@@H]2O[C@H](CO)[C@@H](O)[C@H]2O)c(=O)n1,C/C=C\C(N)=O.CC.CC=O.CCO,True,True,False,False,0.09433962264150944,39,17.0,2.0,4.0
CDK_Depict_9_98,CC[C@@H]1CCCC(=O)[C@H]1Cl,CC1CCCC(=O)[C@H]1C,CC[C@@H]1CCCC(=O)[C@H]1Cl,CC1CCCC(=O)[C@H]1C,True,True,False,False,0.3870967741935484,7,10.0,1.0,2.0
CDK_Depict_9_100,B1=C(NN=C1N)N,C=C(C)C.CC(C)C,Nc1bc(N)[nH]n1,C=C(C)C.CC(C)C,True,True,False,False,0.0,10,7.0,1.0,0.0
CDK_Depict_10_1,C(=N)(N)[Al](C(=N)N)C(=N)N,*C(C)=NN=NN=NN=NN=NN=NN=NN.CC(C)C,N=[C](N)[Al]([C](=N)N)[C](=N)N,*C(C)=NN=NN=NN=NN=NN=NN=NN.CC(C)C,True,True,False,False,0.06896551724137931,23,10.0,0.0,0.0
CDK_Depict_10_2,C[C@H]1[C@H]2[C@H](C[C@H](O1)OC)O[C@@H]3[C@H]([C@@H]([C@H](O[C@H]3O2)CO)O)O,COC1CC2(C)CC(C)C(O)C(C)C(C)CC(C)(C)C(C)C(C)C(C)C(C)CC2(C)CC21,CO[C@@H]1C[C@@H]2O[C@H]3[C@H](O[C@H]2[C@H](C)O1)O[C@H](CO)[C@@H](O)[C@@H]3O,,True,False,False,False,0.0,53,21.0,3.0,9.0
CDK_Depict_10_3,CC(C)(C)C1CCN=CC1,CC(C)(C)C1CCNCC1,CC(C)(C)C1CC=NCC1,CC(C)(C)C1CCNCC1,True,True,False,False,0.32142857142857145,1,10.0,1.0,1.0
CDK_Depict_10_4,B1(CB(CB(C1)I)I)I,CC.CCC.CCp(C)CC,IB1CB(I)CB(I)C1,,True,False,False,False,0.0,13,9.0,1.0,0.0
CDK_Depict_10_5,CC1=CSC(=C1C=O)C,C=Cc1c(C)CSC1C,Cc1csc(C)c1C=O,C=CC1=C(C)CSC1C,True,True,False,False,0.13513513513513514,10,9.0,1.0,0.0
CDK_Depict_10_6,CN1C(=S)N(P1N(C)C)C,CC.CN(C)C.cc(s)N(C)p,CN(C)p1n(C)c(=S)n1C,,True,False,False,False,0.0,14,10.0,1.0,0.0
CDK_Depict_10_7,CC[S@@](=NS(=O)(=O)Cl)(=O)C,CCS(=O)(=O)NS(C)(=O)=O,CC[S@](C)(=O)=NS(=O)(=O)Cl,CCS(=O)(=O)NS(C)(=O)=O,True,True,False,False,0.28,13,10.0,0.0,1.0
CDK_Depict_10_8,C1C[C@H]2CCCS(=O)[C@@H]2C1,C[C@]12CCCS(=O)[C@]1(C)CCC2,O=S1CCC[C@@H]2CCC[C@H]21,C[C@]12CCCS(=O)[C@]1(C)CCC2,True,True,False,False,0.18181818181818182,12,10.0,2.0,3.0
CDK_Depict_10_9,CC(C)ON(CC(C)O)N=O,CC(C)O.CCC(C)O.CN.O=[V],CC(O)CN(N=O)OC(C)C,CC(C)O.CCC(C)O.CN.[O]=[V],True,True,False,False,0.25806451612903225,9,11.0,0.0,1.0
CDK_Depict_10_10,C[C@H](/C=C/[C@@]1([C@](CCCC1(C)C)(C)O)O)O,CC(C)CC[C@]1(O)C(C)(C)CCC[C@@]1(C)O,C[C@@H](O)/C=C/[C@@]1(O)C(C)(C)CCC[C@@]1(C)O,CC(C)CC[C@]1(O)C(C)(C)CCC[C@@]1(C)O,True,True,False,False,0.40540540540540543,24,16.0,1.0,3.0
CDK_Depict_10_11,CC12CC[C@H]3C([C@@H]1CCC2=O)CCC4=C3C=CC(=C4O)O,*C1C(O)CCC2C3CCC4(C)C(=O)CCC4(s)C3CCC21,CC12CC[C@@H]3c4ccc(O)c(O)c4CCC3[C@@H]1CCC2=O,,True,False,False,False,0.0,28,21.0,4.0,4.0
CDK_Depict_10_12,C=C[Sn](I)(I)I,C=C[Si](C)(C)C,C=[CH][Sn]([I])([I])[I],C=C[Si](C)(C)C,True,True,False,False,0.2,4,6.0,0.0,0.0
CDK_Depict_10_13,C1C[C@@H]2C[C@H]1[C@H]3[C@@H]2CO[C@H](C3)O,[H]C1(CC(C)C)C2([W])CCC(C2)[C@@]1([H])CC,O[C@H]1C[C@H]2[C@H]3CC[C@H](C3)[C@H]2CO1,CC[C@@H]1C2CC[C]([W])(C2)C1CC(C)C,True,True,False,False,0.10869565217391304,31,12.0,3.0,5.0
CDK_Depict_10_14,CN(C)S(=O)(=O)N1CCN(CC1)N(CC#N)N=O,C*(C)*(=O)=O.CCC**(*=O)CC#N,CN(C)S(=O)(=O)N1CCN(N(CC#N)N=O)CC1,C*(C)*(=O)=O.CCC**(*=O)CC#N,True,True,False,False,0.12727272727272726,17,18.0,1.0,0.0
CDK_Depict_10_15,C(CP(O)O)P(O)O,CCC,OP(O)CCP(O)O,CCC,True,True,False,False,0.09090909090909091,12,8.0,0.0,0.0
CDK_Depict_10_17,C/C=C/[C@H]([C@@H]1C=C(C(=O)O1)Cl)O,C/C=C/C(C)(C)C(C)(C)C(C)C(C)CC,C/C=C/[C@@H](O)[C@@H]1C=C(Cl)C(=O)O1,C/C=C/C(C)(C)C(C)(C)C(C)C(C)CC,True,True,False,False,0.10869565217391304,21,12.0,1.0,2.0
CDK_Depict_10_18,C1C(C12CNC2)C3=NN=CO3,*1*2=COC(C3CC34CNC4)C12,c1nnc(C2CC23CNC3)o1,*1*2=COC(C3CC34CNC4)C12,True,True,False,False,0.26666666666666666,16,11.0,3.0,1.0
CDK_Depict_10_19,CN1P2N(P3N(P1N(P(=S)(N2C)N3C)C)C)C,CC.CC.CC(C)C(=S)N(C)p(C)(C)N(C)C,CN1P2N(C)P3N(C)P1N(C)P(=S)(N2C)N3C,,True,False,False,False,0.0,21,17.0,4.0,4.0
CDK_Depict_10_20,C[C@@H]([C@@H]([C@@H]1[C@H]([C@H](C(=O)O1)O)O)O)O,*[C@@H]1[C@@H](*)COC1(*)[C@H](*)C(C)(C)C,C[C@H](O)[C@H](O)[C@H]1OC(=O)[C@H](O)[C@@H]1O,*[C@@H]1[C@@H](*)COC1(*)[C@H](*)C(C)(C)C,True,True,False,False,0.0851063829787234,26,13.0,1.0,5.0
CDK_Depict_10_21,C[C@H]1CC[C@@H]2[C@H](/C=C(/CC/C=C(/CCC1=O)\C)\C)OC(=O)C2=C,C=C1O[C@]2(C)C[C@@H](C(=O)CCC(C)CCCC(C)C(C)CCC(=O)C3CC3)CC[C@]1(C)[C@@H](C)C2,C=C1C(=O)O[C@H]2/C=C(\C)CC/C=C(\C)CCC(=O)[C@@H](C)CC[C@@H]12,C=C1O[C@]2(C)C[C@@H](C(=O)CCC(C)CCCC(C)C(C)CCC(=O)C3CC3)CC[C@]1(C)[C@@H](C)C2,True,True,False,False,0.12195121951219512,46,23.0,2.0,3.0
CDK_Depict_10_22,C[C@]12C=C[C@H](C1(C)C)C[C@H]2C(=O)O,[4H]C(=O)C1C[C@H]2(C)CC[C@@H]1(C)C2(C)C,CC1(C)[C@H]2C=C[C@]1(C)[C@H](C(=O)O)C2,,True,False,False,False,0.0,22,13.0,2.0,3.0
CDK_Depict_10_23,CC(C)[C@@H](CO)NCC=C,CCC[NH2+][C@H](CO)C(C)C,C=CCN[C@H](CO)C(C)C,CCC[NH2+][C@H](CO)C(C)C,True,True,False,False,0.23529411764705882,11,10.0,0.0,1.0
CDK_Depict_10_24,B1(N(C=CN1C)C)C,CC.CN/C=C\N(C)C,CB1N(C)C=CN1C,CC.CN/C=C\N(C)C,True,True,False,False,0.04,9,8.0,1.0,0.0
CDK_Depict_10_25,CCP(CC)C1=NC=CN=C1,CC*(CC)c1ccccn1,CCP(CC)c1cnccn1,CC*(CC)c1ccccn1,True,True,False,False,0.2571428571428571,10,11.0,1.0,0.0
CDK_Depict_10_26,C([C@@H](C(=O)O)N)C(Cl)Cl,CC(C)C[C@H](N)C(=O)O,N[C@@H](CC(Cl)Cl)C(=O)O,CC(C)C[C@H](N)C(=O)O,True,True,False,False,0.5652173913043478,16,9.0,0.0,1.0
CDK_Depict_10_27,C1C(=NC(=NO)CN1)NO,N=C1CNCC(*O)=N1,ON=C1CNCC(NO)=N1,N=C1CNCC(*O)=N1,True,True,False,False,0.2777777777777778,11,10.0,1.0,0.0
CDK_Depict_10_28,C1C[C@@H]2C[C@H]1[C@@H]([C@H]2C3OCCO3)CCO,OCC[C@H]1C2CCC(C2)C1C1*CC*1,OCC[C@H]1[C@H]2CC[C@H](C2)[C@@H]1C1OCCO1,OCC[C@H]1C2CCC(C2)C1C1*CC*1,True,True,False,False,0.5294117647058824,27,15.0,3.0,4.0
CDK_Depict_10_29,CCCC[C@@H]1CCO[C@H]1C,CCCCC1CCOC12CC2,CCCC[C@@H]1CCO[C@H]1C,CCCCC1CCOC12CC2,True,True,False,False,0.37142857142857144,11,10.0,1.0,2.0
CDK_Depict_10_30,C1=CS(=CS1)OS(=O)(=O)O,*S(=O)(=O)O*1C=CSC1,O=S(=O)(O)OS1=CSC=C1,*S(=O)(=O)O*1C=CSC1,True,True,False,False,0.175,17,10.0,1.0,1.0
CDK_Depict_10_31,[2H]C(=C1CCC1([2H])[2H])[2H],[2H]C1([2H])CCC1=C(C)C,[2H]C([2H])=C1CCC1([2H])[2H],[2H]C1([2H])CCC1=C(C)C,True,True,False,False,0.32,17,9.0,1.0,0.0
CDK_Depict_10_32,C1(=NC(SS1)(Cl)Cl)N,*C1*C([W])SS1,NC1=NC(Cl)(Cl)SS1,*C1*[CH]([W])SS1,True,True,False,False,0.03125,15,8.0,1.0,0.0
CDK_Depict_10_34,C[Si](=S(=O)=O)C,C[Si](C)=S(=O)=O,C[Si](C)=S(=O)=O,C[Si](C)=S(=O)=O,True,True,True,True,1.0,4,6.0,0.0,0.0
CDK_Depict_10_35,C1[C@H]2[C@@H]([C@H]([C@@H](O1)OC3=CC=CC=C3)O)SC(=O)O2,C[C@@]12CO[C@@H](Cc3ccccc3)[C@H](O)[C@@]1(C)SC(=O)O2.Cc1ccccc1,O=C1O[C@H]2CO[C@@H](Oc3ccccc3)[C@H](O)[C@H]2S1,C[C@@]12CO[C@@H](Cc3ccccc3)[C@H](O)[C@@]1(C)SC(=O)O2.Cc1ccccc1,True,True,False,False,0.26153846153846155,38,18.0,3.0,4.0
CDK_Depict_10_36,CSC1SC(=C(S1)CO)CO,CSC(S)SC(C)C(C)C[1CH3],CSC1SC(CO)=C(CO)S1,CSC(S)SC(C)C(C)C[1CH3],True,True,False,False,0.10810810810810811,12,11.0,1.0,0.0
CDK_Depict_10_37,CC(C)(C)C#CN=[Pd]=NC#N,C#N.CCC.CCC,CC(C)(C)C#C[N]=[Pd]=[N]C#N,C#N.CCC.CCC,True,True,False,False,0.07692307692307693,17,11.0,0.0,0.0
CDK_Depict_10_38,[Si]=[Zn],C=[O-],[Si]=[Zn],,True,False,False,False,0.0,6,2.0,0.0,0.0
CDK_Depict_10_39,[2H][U](=N)=NC,**(=[V])=[V],[2H][U](=[NH])=[N]C,*[*](=[V])=[V],True,True,False,False,0.0,11,5.0,0.0,0.0
CDK_Depict_10_41,C(=C(I)[Hg]C(=C(I)I)I)(I)I,CC(C)C(C)C.CC(C)C(C)C,IC(I)=[C](I)[Hg][C](I)=C(I)I,CC(C)C(C)C.CC(C)C(C)C,True,True,False,False,0.0,16,11.0,0.0,0.0
CDK_Depict_10_42,CSC(=O)NC(=O)C1=CC=CC(=O)O1,CSC(=O)NC(=O)c1cccc(=O)C1,CSC(=O)NC(=O)c1cccc(=O)o1,CSC(=O)NC(=O)C1=CC=CC(=O)C1,True,True,False,False,0.38636363636363635,8,14.0,1.0,0.0
CDK_Depict_10_43,CN1CCC(=O)N(P1Cl)C,C*1C(=O)CCNp1C,CN1CCC(=O)N(C)P1Cl,C*1C(=O)CCNP1C,True,True,False,False,0.1891891891891892,10,10.0,1.0,1.0
CDK_Depict_10_44,C1(=C(C(=C(C(=C1I)I)I)I)I)Br,CC1C(C)C(C)C(C)C(C)C1C,Brc1c(I)c(I)c(I)c(I)c1I,CC1C(C)C(C)C(C)C(C)C1C,True,True,False,False,0.0,18,12.0,1.0,0.0
CDK_Depict_10_46,C1=CC=C(C=C1)SC2=CC=C(C=C2)S(=O)(=O)O,CC1=Ccccc1.Cc1ccc(S(=O)(=O)O)cc1,O=S(=O)(O)c1ccc(Sc2ccccc2)cc1,Cc1ccc(S(=O)(=O)O)cc1.Cc1ccccc1,True,True,False,False,0.5517241379310345,24,17.0,2.0,0.0
CDK_Depict_10_47,C1CC1=C2CC2Br,[Sr]C1CC1=C1CC1,BrC1CC1=C1CC1,[Sr][CH]1CC1=C1CC1,True,True,False,False,0.47368421052631576,8,7.0,2.0,1.0
CDK_Depict_10_48,C1=C(N=NC1=O)C=O,O=Cc1cc(=O)n*1,O=CC1=CC(=O)N=N1,O=CC1=CC(=O)N=*1,True,True,False,False,0.35714285714285715,11,8.0,1.0,0.0
CDK_Depict_10_50,CCCCC[C@@H](C=C[C@H]1[C@@H](C[C@@H]([C@@H]1CC=CCCCC(=O)O)O)O)O,CCCCCC(O)CC[C@H]1[C@@]2(C)C[C@@H](C)[C@@]13CCCCCCCCCCC(C)=O)[C@@H]3CCCCCCCCCCC,CCCCC[C@H](O)C=C[C@@H]1[C@@H](CC=CCCCC(=O)O)[C@@H](O)C[C@H]1O,,True,False,False,False,0.0,39,25.0,1.0,5.0
CDK_Depict_10_52,C1=CC(=CC(=C1)OC2=CC=C(C=C2)O)O,CC1CCC(O)CC1.CC1CCCC(C)C1,Oc1ccc(Oc2cccc(O)c2)cc1,CC1CCC(O)CC1.CC1CCCC(C)C1,True,True,False,False,0.025,17,15.0,2.0,0.0
CDK_Depict_10_53,CC(C)(C)[C@@H]1CCCC(=O)[C@H]1Cl,CC(C)C.CC(C)C.CC(C)C.CC1CCCC(=O)C1(C)C,CC(C)(C)[C@@H]1CCCC(=O)[C@H]1Cl,CC(C)C.CC(C)C.CC(C)C.CC1CCCC(=O)C1(C)C,True,True,False,False,0.2702702702702703,20,12.0,1.0,2.0
CDK_Depict_10_54,CC(=CC1=C(COC1)C(=O)C)C,CC(C)CC1COCC1C(C)O,CC(=O)C1=C(C=C(C)C)COC1,CC(C)CC1COCC1C(C)O,True,True,False,False,0.11627906976744186,10,12.0,1.0,0.0
CDK_Depict_10_55,CC(C)(C)C1COP(OC1)Cl,CC1C*p(C)CC1,CC(C)(C)C1COP(Cl)OC1,CC1C*P(C)CC1,True,True,False,False,0.15151515151515152,12,11.0,1.0,2.0
CDK_Depict_10_56,C1=CC(=O)NC(=C1)C(F)(F)F,C*C1=CCCC(=O)*1,O=c1cccc(C(F)(F)F)[nH]1,C*C1=CCCC(=O)*1,True,True,False,False,0.1,17,11.0,1.0,0.0
CDK_Depict_10_57,COC(=C(OC)OC)OC,CC.CC.COC(C)OC,COC(OC)=C(OC)OC,CC.CC.COC(C)OC,True,True,False,False,0.2,7,10.0,0.0,0.0
CDK_Depict_10_58,C[C@H]([C@H](C=C)O)C(=O)OCC(C)C,C=CC(Cl)[C@@H](C)C(=C)OCC(C)C,C=C[C@H](O)[C@@H](C)C(=O)OCC(C)C,C=CC(Cl)[C@@H](C)C(=C)OCC(C)C,True,True,False,False,0.45714285714285713,12,13.0,0.0,2.0
CDK_Depict_10_59,CC(C)(C)OC(=O)N1[C@@H]2[C@H]1C3C4C2C34,CC.CC(=O)N1C2(C)C3C4C3C4[C@]12C,CC(C)(C)OC(=O)N1[C@@H]2C3C4C3C4[C@@H]21,CC.CC(=O)N1C2(C)C3C4C3C4[C@]12C,True,True,False,False,0.2727272727272727,23,14.0,5.0,6.0
CDK_Depict_10_60,C[C@@H]1CC(=C(C[C@H]1OC2=CC=CC=C2)C)C,CC1CC(C)[C@H](CC2CCCCC2)CC1C,CC1=C(C)C[C@@H](Oc2ccccc2)[C@H](C)C1,CC1CC(C)[C@H](CC2CCCCC2)CC1C,True,True,False,False,0.14285714285714285,15,16.0,2.0,2.0
CDK_Depict_10_61,CC1(CS(=O)CC(C#C1)(C)C)C,CC1(C)C#CC(C)(C)CS(=O)C1,CC1(C)C#CC(C)(C)CS(=O)C1,CC1(C)C#CC(C)(C)CS(=O)C1,True,True,True,True,1.0,13,12.0,1.0,0.0
CDK_Depict_10_62,COCCOCOC(=C(F)F)COCC#C,*C(*)=C(COCC)C(C)COCCOC,C#CCOCC(OCOCCOC)=C(F)F,*C(*)=C(COCC)C(C)COCCOC,True,True,False,False,0.24,12,16.0,0.0,0.0
CDK_Depict_10_63,CCP(CC)(I)(I)I,CCC.CCCCC,CCP(I)(I)(I)CC,CCC.CCCCC,True,True,False,False,0.2,10,8.0,0.0,0.0
CDK_Depict_10_65,C1CC1C(C(Br)Br)(Br)Br,CC([Cs])C([Cs])([Cs])C1CC1,BrC(Br)C(Br)(Br)C1CC1,C[CH]([Cs])[C]([Cs])([Cs])C1CC1,True,True,False,False,0.28,20,9.0,1.0,0.0
CDK_Depict_10_66,C([C@@H](C(=O)O)N)C(=O)NS,C[NH2+][C@@H](CC(=O)[NH2+]S)C(=O)O,N[C@@H](CC(=O)NS)C(=O)O,C[NH2+][C@@H](CC(=O)[NH2+]S)C(=O)O,True,True,False,False,0.2647058823529412,16,10.0,0.0,1.0
CDK_Depict_10_67,CC(=O)O[C@H]1CCCC[C@H]1CC2=CC=C(C=C2)OCOC,CC(O[C@@]12CCCC[C@H]1Cc1ccc(OCOC)cc1)O,COCOc1ccc(C[C@@H]2CCCC[C@@H]2OC(C)=O)cc1,,True,False,False,False,0.0,20,21.0,2.0,2.0
CDK_Depict_10_68,C1CC(C(OC1)F)I,*C1OCCCC1I,FC1OCCCC1I,*C1OCCCC1I,True,True,False,False,0.52,8,8.0,1.0,2.0
CDK_Depict_10_69,[N-]=[N+]=N[Bi]1N=[N+]=N1,[N-]=[N+]=N[Si-]1N=[n+][n+]1,[N-]=[N+]=[N][Bi]1[N]=[N+]=[N]1,[N-]=[N+]=N[Si-]1N=[N+]=[N+]1,True,True,False,False,0.25,7,7.0,1.0,0.0
CDK_Depict_10_70,CC(C)SC(C)(C)C1CC1(Br)Br,CC(C)SC(C)(C)C1CC1([Sr])[Sr],CC(C)SC(C)(C)C1CC1(Br)Br,CC(C)SC(C)(C)C1C[C]1([Sr])[Sr],True,True,False,False,0.6296296296296297,6,12.0,1.0,1.0
CDK_Depict_10_71,[N-]=[N+]=NN=S(=O)=O,[N-]=[N+]=NN=S(=O)=O,[N-]=[N+]=NN=S(=O)=O,[N-]=[N+]=NN=S(=O)=O,True,True,True,True,1.0,0,7.0,0.0,0.0
CDK_Depict_10_72,C1=CN=C(N=C1)C2=NNC(=NN2)C3=NC=CC=N3,c1cnc(-c2nnc(-c3ncccn3)[nH]n2)nc1,c1cnc(C2=NNC(c3ncccn3)=NN2)nc1,,True,False,False,False,0.0,33,18.0,3.0,0.0
CDK_Depict_10_73,FP(F)(F)(F)P(F)(F)(F)F,F*(F)(F)(F)(F)(F)F,FP(F)(F)(F)P(F)(F)(F)F,F*(F)(F)(F)(F)(F)F,True,True,False,False,0.125,5,10.0,0.0,0.0
CDK_Depict_10_74,[2H]C(C=C)P(Br)Br,C=CC(O)P([n-])[n-],[2H]C(C=C)P(Br)Br,,True,False,False,False,0.0,15,7.0,0.0,1.0
CDK_Depict_10_75,[SiH]=[GeH],*=[SiH],[SiH]=[GeH],*=[SiH],True,True,False,False,0.2,7,2.0,0.0,0.0
CDK_Depict_10_76,CS(=S(=S(C)(C)(C)C)(O)O)C,*S(*)(=S(C)C)=S(C)(C)(C)C,CS(C)=S(O)(O)=S(C)(C)(C)C,*S(*)(=S(C)C)=S(C)(C)(C)C,True,True,False,False,0.4,10,11.0,0.0,0.0
CDK_Depict_10_77,C1C[C@H]2CCS[C@H]2C1,C[C@]12CCC[C@@]1(C)SCC2,C1C[C@H]2CCS[C@H]2C1,C[C@]12CCC[C@@]1(C)SCC2,True,True,False,False,0.125,13,8.0,2.0,2.0
CDK_Depict_10_79,C([C@@H]1[C@H]([C@@H]([C@@H](C(O1)O)O)O)O)O,OC[C@H]1OC(O)[C@@H](O)[C@@H](O)[C@@H]1O,OC[C@H]1OC(O)[C@@H](O)[C@@H](O)[C@@H]1O,OC[C@H]1OC(O)[C@@H](O)[C@@H](O)[C@@H]1O,True,True,True,True,1.0,21,12.0,1.0,5.0
CDK_Depict_10_80,CCO[C@H]1CC(=O)[C@]1(C)OC,CCO[C@H]1CC(=O)[C@]1(C)OC,CCO[C@H]1CC(=O)[C@]1(C)OC,CCO[C@H]1CC(=O)[C@]1(C)OC,True,True,True,True,1.0,0,11.0,1.0,2.0
CDK_Depict_10_81,CC=C(C=C)C(=N/N=C/N)C(=O)C,*C*CC(C(C)=O)C(C=C)CC,C=CC(=CC)C(=N/N=C/N)C(C)=O,*C*CC(C(C)=O)C(C=C)CC,True,True,False,False,0.16326530612244897,16,13.0,0.0,0.0
CDK_Depict_10_82,B(CCN(C)C)(C[SiH2]F)F,CN(C)CC[SH](F)C[S+2]F,CN(C)CCB(F)C[SiH2]F,CN(C)CC[SH](F)C[S+2]F,True,True,False,False,0.24242424242424243,14,10.0,0.0,1.0
CDK_Depict_10_83,CP1(=NS2=NS(=N1)N=S=N2)C,CO1[Z][s]2[s]=[s][s](C)=[s]1,CP1(C)=NS2=NS(=N1)N=S=N2,,True,False,False,False,0.0,24,11.0,2.0,2.0
CDK_Depict_10_84,[2H]C([2H])([2H])SSSC([2H])([2H])[2H],CC(C)C,[2H]C([2H])([2H])SSSC([2H])([2H])[2H],CC(C)C,True,True,False,False,0.07692307692307693,33,11.0,0.0,0.0
CDK_Depict_10_85,C1=CN(C=C1)SC(F)(F)Cl,CCC.CCCCC,FC(F)(Cl)Sn1cccc1,CCC.CCCCC,True,True,False,False,0.0,15,10.0,1.0,0.0
CDK_Depict_10_86,CCCOC1=NC(=NC(=N1)N)C(Cl)Cl,CC(C)C.CC(C)C.CC(C)[AlH].CCCC,CCCOc1nc(N)nc(C(Cl)Cl)n1,CC(C)C.CC(C)C.CCCC.C[CH](C)[AlH],True,True,False,False,0.14285714285714285,21,14.0,1.0,0.0
CDK_Depict_10_87,C[C@@]1([C@H]([C@@H](CN1C)C2=CC=CC=C2)C(=O)OC)C(=O)OC,COC(=O)[C@@H]1[C@@H](C2CCCCC2)C*(C)C1(C(=O)OC)C(=O)OC,COC(=O)[C@H]1[C@H](c2ccccc2)CN(C)[C@@]1(C)C(=O)OC,COC(=O)[C@@H]1[C@@H](C2CCCCC2)C*(C)C1(C(=O)OC)C(=O)OC,True,True,False,False,0.2807017543859649,19,21.0,2.0,3.0
CDK_Depict_10_88,CC[C@@H]1[C@H](C[C@H](S[C@H]1C2=CC=CC=C2)C3=CC=CC=C3)N,CC1CC(C(C)C2CCCCC2)C([ZW])CC(C)C2CCCCC2,CC[C@@H]1[C@@H](N)C[C@@H](c2ccccc2)S[C@H]1c1ccccc1,,True,False,False,False,0.0,35,21.0,3.0,4.0
CDK_Depict_10_89,CC(C)[C@@H]1CCCC(=O)[C@H]1Cl,CC(C)[C@@H]1CCCC(=O)C1(C)C,CC(C)[C@@H]1CCCC(=O)[C@H]1Cl,CC(C)[C@@H]1CCCC(=O)C1(C)C,True,True,False,False,0.37142857142857144,6,11.0,1.0,2.0
CDK_Depict_10_90,C(C(F)(F)F)(OC(Cl)(Cl)Cl)Cl,C.C.CC(C)C,FC(F)(F)C(Cl)OC(Cl)(Cl)Cl,C.C.CC(C)C,True,True,False,False,0.05,19,11.0,0.0,1.0
CDK_Depict_10_91,C[C@]12CC[C@H]3[C@H]([C@@H]1CC[C@H]2O)CCC4=CC(=O)CC[C@]34C,C[C@@]12CCC(=O)Cc1CC[C@@]13C2(CC[C@@]2(C)[C@H](O)CC[C@@]13C)C,C[C@]12CC[C@H]3[C@@H](CCC4=CC(=O)CC[C@@]43C)[C@@H]1CC[C@H]2O,,True,False,False,False,0.0,30,21.0,4.0,6.0
CDK_Depict_10_92,CC1([Se]CC([Se]1)Cl)Cl,CC1*C(C)(C)*C1,CC1(Cl)[Se]CC(Cl)[Se]1,CC1*C(C)(C)*C1,True,True,False,False,0.16129032258064516,15,8.0,1.0,2.0
CDK_Depict_10_93,CP(=C(S)SC(=S)S)(C)C,*C(SC(=S)S)[PH](C)(C)C,CP(C)(C)=C(S)SC(=S)S,*C(SC(=S)S)[PH](C)(C)C,True,True,False,False,0.27586206896551724,11,10.0,0.0,0.0
CDK_Depict_10_94,C([C@@H](C(=O)O)N[C@](CC(=O)O)(C(=O)O)N)C(=O)N,CC(=O)C(C)C[C@H](N[C@@]([1445O])(CC(=O)[145O])C(=O)O)C(C)=O,NC(=O)C[C@H](N[C@](N)(CC(=O)O)C(=O)O)C(=O)O,CC(=O)C(C)C[C@H](N[C@@]([1445O])(CC(=O)[145O])C(=O)O)C(C)=O,True,True,False,False,0.23529411764705882,34,18.0,0.0,2.0
CDK_Depict_10_95,C1=C(C(=CC(=C1O)O)O)C[C@@H](C(=O)O)N,*C(C)(Cc1cc(O)c(O)cc1O)C(=O)[O-],N[C@@H](Cc1cc(O)c(O)cc1O)C(=O)O,*C(C)(Cc1cc(O)c(O)cc1O)C(=O)[O-],True,True,False,False,0.358974358974359,23,15.0,1.0,1.0
CDK_Depict_10_96,CN(C)CCO[C@H]1[C@@H](CC2=CC=CC=C12)CC3=CC=CC=C3,CN(C)CCO[C@@H]1C2CCCCC2C[C@H]1CC1CCCCC1,CN(C)CCO[C@@H]1c2ccccc2C[C@H]1Cc1ccccc1,CN(C)CCO[C@@H]1C2CCCCC2C[C@H]1CC1CCCCC1,True,True,False,False,0.27586206896551724,20,22.0,3.0,2.0
CDK_Depict_10_97,C(C(S(=O)(=O)Br)(Br)Br)(Br)Br,*C(C)C(*)(*)S(*)(=O)=O,O=S(=O)(Br)C(Br)(Br)C(Br)Br,*C(C)C(*)(*)S(*)(=O)=O,True,True,False,False,0.18518518518518517,19,10.0,0.0,0.0
CDK_Depict_10_98,CC(=O)C(=[In]C)N,*C(=*C)C(C)=O,[CH3][In]=[C](N)C(C)=O,*C(=*C)C(C)=O,True,True,False,False,0.25,10,7.0,0.0,0.0
CDK_Depict_10_99,CC(=O)O[C@@H]1CCCC[C@H]1CC2=CC=C(C=C2)OCOC,COCOc1ccc(C[C@@H]23CCCCC2OC(C)=O)cc1,COCOc1ccc(C[C@@H]2CCCC[C@H]2OC(C)=O)cc1,,True,False,False,False,0.0,28,21.0,2.0,2.0
CDK_Depict_10_100,CC(=O)C(=[N+]=[N-])[Hg]C(=[N+]=[N-])C(=O)C,CC(=O)C(*C(=[N+]=N)C(C)=O)=[N+]=N,CC(=O)[C](=[N+]=[N-])[Hg][C](=[N+]=[N-])C(C)=O,CC(=O)C(*C(=[N+]=N)C(C)=O)=[N+]=N,True,True,False,False,0.25925925925925924,22,13.0,0.0,0.0
CDK_Depict_10_101,C[C@@H]([C@@H](C1=CC=CC=C1)O)NC,CC(C)[C@H](O)c1ccccc1,CN[C@@H](C)[C@H](O)c1ccccc1,CC(C)[C@H](O)c1ccccc1,True,True,False,False,0.6,22,12.0,1.0,2.0
CDK_Depict_10_103,CN1C(=NN=C(N1)SC)SC,CSC(C)**C(C)S,CSC1=NN=C(SC)N(C)N1,CSC(C)**C(C)S,True,True,False,False,0.08333333333333333,11,11.0,1.0,0.0
CDK_Depict_10_104,C1CCCCC[C@@H]([C@@H](CCCC1)C(C(F)(F)F)(C(F)(F)F)O)O,[3H]C(C)(C)C(C)(C1CCCCCCCCCCC1[C@H](C)C(C)(C([3H])(C)C)C(F)(F)F)C(F)(F)F,O[C@H]1CCCCCCCCCC[C@H]1C(O)(C(F)(F)F)C(F)(F)F,[3H]C(C)(C)C(C)(C1CCCCCCCCCCC1[C@H](C)C(C)(C([3H])(C)C)C(F)(F)F)C(F)(F)F,True,True,False,False,0.30952380952380953,41,23.0,1.0,2.0
CDK_Depict_10_105,CCCCC[C@H](/C=C/[C@@H]1[C@H]2CC[C@H](C2)[C@H]1CC(OCC)OCC)SCC,CCCCCC(CCC1[C@H](CC(OCC)OCC)C2CC[C@@]1(C)C2)SCC,CCCCC[C@H](/C=C/[C@@H]1[C@H]2CC[C@H](C2)[C@H]1CC(OCC)OCC)SCC,CCCCCC(CCC1[C@H](CC(OCC)OCC)C2CC[C@@]1(C)C2)SCC,True,True,False,False,0.4444444444444444,29,26.0,2.0,5.0
CDK_Depict_11_1,COP(#P)[P-][P+](=N)P,CO[PH](=P)P[PH+](=N)P,COP(#P)[P-][P+](=N)P,,True,False,False,False,0.0,8,8.0,0.0,3.0
CDK_Depict_11_2,CCCCC/C(=N\F)/N(F)F,CCCCC/C(=N/F)N(F)F,CCCCC/C(=N\F)N(F)F,CCCCC/C(=N/F)N(F)F,True,True,False,True,1.0,2,11.0,0.0,0.0
CDK_Depict_11_3,CC=[Lu]Cl,C/C=*/Cl,C[CH]=[Lu][Cl],C/C=*/Cl,True,True,False,False,0.38461538461538464,5,4.0,0.0,0.0
CDK_Depict_11_4,CCCCCC(C=C)O[C@H]1[C@@H]([C@H]([C@@H]([C@H](O1)CO)O)O)O,C=CC(CCCCC)O[C@@H]1O[C@H](CO)[C@@H](O)[C@H](O)[C@H]1O,C=CC(CCCCC)O[C@@H]1O[C@H](CO)[C@@H](O)[C@H](O)[C@H]1O,C=CC(CCCCC)O[C@@H]1O[C@H](CO)[C@@H](O)[C@H](O)[C@H]1O,True,True,True,True,1.0,22,20.0,1.0,6.0
CDK_Depict_11_5,C(=O)(C(=S(N)N)O)C(=S(N)N)O,*N(*)[sH](c(O)C(=O)C(O)s(N)N)N(*)*,NS(N)=C(O)C(=O)C(O)=S(N)N,,True,False,False,False,0.0,22,12.0,0.0,0.0
CDK_Depict_11_6,CC(C)(C)P(=CC(=O)C(F)(F)F)(C(C)(C)C)Cl,CC(C)(C)C(=O)C[PH](C)(C(C)(C)C)C(C)(C)C,CC(C)(C)P(Cl)(=CC(=O)C(F)(F)F)C(C)(C)C,CC(C)(C)C(=O)C[PH](C)(C(C)(C)C)C(C)(C)C,True,True,False,False,0.17142857142857143,16,17.0,0.0,0.0
CDK_Depict_11_7,C=C1C=C/C(=C/Br)/O1,Ccc1ccc(C)o1,C=c1cc/c(=C/Br)o1,,True,False,False,False,0.0,13,8.0,1.0,0.0
CDK_Depict_11_8,C(CCS(=N)C(=O)O)CN,N=[S+](CCCCN)C(=O)O,N=S(CCCCN)C(=O)O,N=[S+](CCCCN)C(=O)O,True,True,False,False,0.4,12,10.0,0.0,1.0
CDK_Depict_11_9,C(C(SF)(SF)SF)(O)(SF)SF,*SC(o)(SF)C(S*)(S*)SF,OC(SF)(SF)C(SF)(SF)SF,,True,False,False,False,0.0,10,13.0,0.0,0.0
CDK_Depict_11_10,C1CC[C@H]2COC(=S)[C@H]2CC1,C=C1*CC2(C)CCCCCC12,S=C1OC[C@@H]2CCCCC[C@H]12,C=C1*CC2(C)CCCCCC12,True,True,False,False,0.16666666666666666,17,11.0,2.0,2.0
CDK_Depict_11_11,C1=COC=C1NC(=O)O,O=C(O)Nc1ccoc1,O=C(O)Nc1ccoc1,O=C(O)Nc1ccoc1,True,True,True,True,1.0,13,9.0,1.0,0.0
CDK_Depict_11_12,CC(C)(CO)[C@H](C(=O)NCCCC(=O)O)O,CCC(C)(C)[C@H](O)C(=O)NCCCC(=O)O,CC(C)(CO)[C@@H](O)C(=O)NCCCC(=O)O,CCC(C)(C)[C@H](O)C(=O)NCCCC(=O)O,True,True,False,False,0.7647058823529411,6,16.0,0.0,1.0
CDK_Depict_11_13,CC(=C=C1CCC1)C,CC(C)=C=C1CCC1,CC(C)=C=C1CCC1,CC(C)=C=C1CCC1,True,True,True,True,1.0,4,8.0,1.0,0.0
CDK_Depict_11_14,CC12CC[C@@H]3C4=C(CCN3[C@@H]1CC[C@]2(C#C)O)C=C(C=C4)OC,C#C[C@@](C)(O)C1(C)CC[C@@]2(C)C3ccc(O)cc3CCN2[C@@]1(C)CC,C#C[C@]1(O)CC[C@H]2N3CCc4cc(OC)ccc4[C@H]3CCC21C,,True,False,False,False,0.0,38,23.0,4.0,4.0
CDK_Depict_11_15,CN1C=COC=C1,Cn1ccocc1,CN1C=COC=C1,CN1C=COC=C1,True,True,True,True,1.0,8,7.0,1.0,0.0
CDK_Depict_11_16,C1=C(C2=C(N=CN=C2N1[C@H]3[C@@H]([C@@H]([C@H](O3)CO)O)O)N)C#N,C#CC1=CN([C@@H]2o[C@H](CO)[C@@H](O)[C@H]2O)c2ncnc(N)c21,N#Cc1cn([C@@H]2O[C@H](CO)[C@@H](O)[C@H]2O)c2ncnc(N)c12,C#Cc1cn([C@@H]2O[C@H](CO)[C@@H](O)[C@H]2O)c2ncnc(N)c12,True,True,False,False,0.8,34,21.0,3.0,4.0
CDK_Depict_11_17,C(=O)=[Zr]=C=O,O=C=[Zr]=C=O,O=[C]=[Zr]=[C]=O,O=[C]=[Zr]=[C]=O,True,True,True,True,1.0,4,5.0,0.0,0.0
CDK_Depict_11_18,CCOP(=S)(OCC)P(=S)(OCC)OCC,CCo[K](=S)(oCC)OCC,CCOP(=S)(OCC)P(=S)(OCC)OCC,,True,False,False,False,0.0,13,16.0,0.0,0.0
CDK_Depict_11_19,CN(C(=O)Cl)SC(C(Cl)Cl)(Cl)Cl,*C(*)(SN(C)C(C)=O)C(C)C,CN(SC(Cl)(Cl)C(Cl)Cl)C(=O)Cl,*C(*)(SN(C)C(C)=O)C(C)C,True,True,False,False,0.3142857142857143,16,12.0,0.0,0.0
CDK_Depict_11_20,CC(C)(C)CS(=O)SC1=CC=CC=C1,CCS(=O)sc1ccccc1,CC(C)(C)CS(=O)Sc1ccccc1,,True,False,False,False,0.0,17,14.0,1.0,1.0
CDK_Depict_11_21,CC(C)(C)C1PPC(=P1)C(C)(C)C,CC1ppc(C(C)(C)C)p1,CC(C)(C)C1=PC(C(C)(C)C)PP1,CC1P=PC(C(C)(C)C)=P1,True,True,False,False,0.25,17,13.0,1.0,4.0
CDK_Depict_11_22,CC(=CCN1[C@@H]2[C@@](CCN2C)(C3=C1C=C(C=C3)Br)O)C,CCC=C(C)C.[H][C@@]12Nc3cc(C)ccc3[C@]1(C)CCN2C,CC(C)=CCN1c2cc(Br)ccc2[C@]2(O)CCN(C)[C@H]12,CCC=C(C)C.Cc1ccc2c(c1)N[C@H]1N(C)CC[C@@]21C,True,True,False,False,0.35384615384615387,31,20.0,3.0,2.0
CDK_Depict_11_23,C1[C@@H]2[C@H]([C@H]([C@@H](O2)N3C=CC(=NC3=O)N)O)OP(=O)(O1)O,CC1cc(C)(C)[C@H](C)[C@@H](C)[C@H](n2ccc(N)nc2=O)CC1,Nc1ccn([C@@H]2O[C@@H]3COP(=O)(O)O[C@H]3[C@H]2O)c(=O)n1,,True,False,False,False,0.0,37,20.0,3.0,5.0
CDK_Depict_11_24,CC(=C(C(=C(C)S)S)S)S,CC([SH]=S)C(C)C(S)C(C)[SH]=S,CC(S)=C(S)C(S)=C(C)S,CC([SH]=S)C(C)C(S)C(C)[SH]=S,True,True,False,False,0.08333333333333333,15,10.0,0.0,0.0
CDK_Depict_11_25,C(N(CP(=O)(N)O)CP(=O)(N)O)P(=O)(N)O,CP(N)(=o)CN(CP(N)(o)=O)CP(N)(=O)O,NP(=O)(O)CN(CP(N)(=O)O)CP(N)(=O)O,,True,False,False,False,0.0,18,16.0,0.0,3.0
CDK_Depict_11_26,C[SiH](C[Si](C)(CCl)Cl)Cl,CC[Si](C)(C)C[SiH](C)C,C[SiH](Cl)C[Si](C)(Cl)CCl,CC[Si](C)(C)C[SiH](C)C,True,True,False,False,0.2692307692307692,15,9.0,0.0,2.0
CDK_Depict_11_27,CCCN=P(CC)(CC)P(CC)CC,CCCN=p(CC)(CC)p(CC)CC,CCCN=P(CC)(CC)P(CC)CC,,True,False,False,False,0.0,2,14.0,0.0,0.0
CDK_Depict_11_28,O=S(=O)(F)Cl,*C=O.Cl,O=S(=O)(F)Cl,*C=O.Cl,True,True,False,False,0.07142857142857142,8,5.0,0.0,0.0
CDK_Depict_11_29,CCCCC(=O)OON1CCNC#C1,CCCCC(=O)OON1CCNCC1,CCCCC(=O)OON1C#CNCC1,CCCCC(=O)OON1CCNCC1,True,True,False,False,0.5609756097560976,1,14.0,1.0,0.0
CDK_Depict_11_30,[B-]1C[P+](C[B-][N+]1(C)C)(C)C,CN1(C)SC[O+](C)(C)C[SH]1,C[N+]1(C)[B-]C[P+](C)(C)C[B-]1,,True,False,False,False,0.0,22,10.0,1.0,0.0
CDK_Depict_11_31,C1(=O)C(=O)N2C(=N1)S2,O=c1c(O)nc2sn1S2,O=c1nc2sn-2c1=O,,True,False,False,False,0.0,14,8.0,2.0,0.0
CDK_Depict_11_32,CC(C(C)(C)C)OP(=S)(C)F,*[PH](C)(=S)(=S)OC(C)C,CC(OP(C)(F)=S)C(C)(C)C,,True,False,False,False,0.0,13,11.0,0.0,2.0
CDK_Depict_11_33,C1=NC(=C2C(=N1)N(C=N2)[C@H]3[C@@H]([C@@H]([C@H](O3)CO)O)O)NO,C[C@@H]1[C@H](C)[C@H](CO)O[C@@H]1C.ONc1ncnc2nCNc12,OC[C@H]1O[C@@H](n2cnc3c(NO)ncnc32)[C@H](O)[C@@H]1O,,True,False,False,False,0.0,42,20.0,3.0,4.0
CDK_Depict_11_34,B(C(C)(C)SC(=N)N)(O)O,CC(C)(C)[2H](O)O.N=C(N)S,CC(C)(SC(=N)N)B(O)O,,True,False,False,False,0.0,14,10.0,0.0,0.0
CDK_Depict_11_35,FSSS(F)(F)F,FSSS(F)(F)F,FSSS(F)(F)F,FSSS(F)(F)F,True,True,True,True,1.0,0,7.0,0.0,0.0
CDK_Depict_11_36,CC(C)(C1=CN=CN=C1)OCC#C,C=COC(C)(C)c1cncnc1,C#CCOC(C)(C)c1cncnc1,C=COC(C)(C)c1cncnc1,True,True,False,False,0.45714285714285713,17,13.0,1.0,0.0
CDK_Depict_11_37,CC1(OC[C@H]([C@@H](O1)COCC2=CC=CC=C2)O)C,CC1COC(C)(C)O[C@H]1COCc1ccccc1,CC1(C)OC[C@@H](O)[C@H](COCc2ccccc2)O1,CC1COC(C)(C)O[C@H]1COCc1ccccc1,True,True,False,False,0.7380952380952381,26,18.0,2.0,2.0
CDK_Depict_11_38,CC#CC1=CC=C(SS1=O)C#CC#CC=C,C=CC#CC#Cc1ccc(C#CC)S(=O)S1,C=CC#CC#CC1=CC=C(C#CC)S(=O)S1,C=CC#CC#CC1=CC=C(C#CC)S(=O)S1,True,True,True,True,1.0,19,16.0,1.0,1.0
CDK_Depict_11_39,B(C#N)(F)Br,C1CCCC1,N#CB(F)Br,C1CCCC1,True,True,False,False,0.0,10,5.0,0.0,0.0
CDK_Depict_11_41,C[C@H]1C[C@@H](C(=O)[C@@H](C1)[C@@H](CC2CC(=O)NC(=O)C2)O)C,CC1C[C@@H](C)C[C@@](C)(C)[C@H](O)CC2CC(=O)NC(=O)C2,C[C@@H]1C[C@@H]([C@H](O)CC2CC(=O)NC(=O)C2)C(=O)[C@@H](C)C1,,True,False,False,False,0.0,19,20.0,2.0,4.0
CDK_Depict_11_42,C[C@]12CC[C@H]3[C@H]([C@@H]1CC[C@@H]2O)CCC4=CC(=O)CC[C@]34C,CC1CC[C@]2(C)[C@@H](O)CC[C@@]2([H])[C@@]1([H])CCC1=CC(=O)CC[C@]12C,C[C@]12CC[C@H]3[C@@H](CCC4=CC(=O)CC[C@@]43C)[C@@H]1CC[C@@H]2O,,True,False,False,False,0.0,30,21.0,4.0,6.0
CDK_Depict_11_43,CN(C1=C(C=C(C=C1)Br)Br)C(=N)N,Cc1ccc(N(C)C(=N)N)c(Br)c1,CN(C(=N)N)c1ccc(Br)cc1Br,Cc1ccc(N(C)C(=N)N)c(Br)c1,True,True,False,False,0.71875,21,13.0,1.0,0.0
CDK_Depict_11_44,C1=PP=NSO1,c1osnpp1,C1=PP=NSO1,C1=PP=NSO1,True,True,True,True,1.0,8,6.0,1.0,2.0
CDK_Depict_11_45,C1=C(SC(=S)S1)Cl,C=Cc1cSC(=S)S1,S=c1scc(Cl)s1,C=Cc1csc(=S)s1,True,True,False,False,0.4230769230769231,7,7.0,1.0,0.0
CDK_Depict_11_46,C1=CN=CC2=C1C=CN=C2Br,*c1nccc2ccncc12,Brc1nccc2ccncc12,*c1nccc2ccncc12,True,True,False,False,0.5714285714285714,19,11.0,2.0,0.0
CDK_Depict_11_47,C(=O)(O[P+](OC(=O)F)(F)F)F,O=C(F)O[P+](F)(F)OC(=O)F,O=C(F)O[P+](F)(F)OC(=O)F,O=C(F)O[P+](F)(F)OC(=O)F,True,True,True,True,1.0,14,11.0,0.0,0.0
CDK_Depict_11_48,CC(=C)[C@@H]1CCC(C1)(C#N)C#N,C=C(C)[C@@H]1CCC(C#N)(C#N)C1,C=C(C)[C@@H]1CCC(C#N)(C#N)C1,C=C(C)[C@@H]1CCC(C#N)(C#N)C1,True,True,True,True,1.0,6,12.0,1.0,1.0
CDK_Depict_11_49,CC1=CNN(N1SCC(=O)C)C,CC(=O)CS[nH]1c(C)c[NH+]N1C,CC(=O)CSN1C(C)=CNN1C,CC(=O)CSN1C(C)=C[NH+]N1C,True,True,False,False,0.5405405405405406,19,12.0,1.0,0.0
CDK_Depict_11_50,CNC#CSOOO,CNC#CS(S)OOC,CNC#CSOOO,CNC#C[SH](S)OOC,True,True,False,False,0.24242424242424243,4,8.0,0.0,0.0
CDK_Depict_11_51,CC(C)(C)OC(=O)N1CCC[C@H]1C2(CCCCC2)O,CC(C)(C)OC(=O)N1CCC[C@H]1C1(O)ccccC1,CC(C)(C)OC(=O)N1CCC[C@H]1C1(O)CCCCC1,CC(C)(C)OC(=O)N1CCC[C@H]1C1(O)C=CC=CC1,True,True,False,False,0.5869565217391305,9,19.0,2.0,1.0
CDK_Depict_11_52,C(C(F)(F)F)OP(OCC(F)(F)F)(OCC(F)(F)F)(F)F,CC(C)(C)CO[PH](C)(C)(F)OCC(F)(F)F,FC(F)(F)COP(F)(F)(OCC(F)(F)F)OCC(F)(F)F,,True,False,False,False,0.0,19,21.0,0.0,0.0
CDK_Depict_11_53,CS(C)(NC(=O)N)OS(=O)(=O)O,C[Si](C)(NC(N)=O)OS(=O)(=O)O,CS(C)(NC(N)=O)OS(=O)(=O)O,C[Si](C)(NC(N)=O)OS(=O)(=O)O,True,True,False,False,0.41935483870967744,7,12.0,0.0,0.0
CDK_Depict_11_54,C[C@@]12CCC(=O)C[C@@H]1C(=O)CC2,C[C@@H]1CC(=O)CCC1CCC1=O,C[C@@]12CCC(=O)C[C@@H]1C(=O)CC2,,True,False,False,False,0.0,14,12.0,2.0,2.0
CDK_Depict_11_55,B(CC=C)(F)F,C=CCB(C)(F)F,C=CCB(F)F,,True,False,False,False,0.0,4,6.0,0.0,0.0
CDK_Depict_11_56,CC1(C[C@H]2CC=CC[C@H]2C1)OC=O,CC1(OC=O)CC2(C)CC=CC[C@]2(C)C1,CC1(OC=O)C[C@H]2CC=CC[C@H]2C1,CC1(OC=O)CC2(C)CC=CC[C@]2(C)C1,True,True,False,False,0.45161290322580644,15,13.0,2.0,3.0
CDK_Depict_11_57,C1[C@H]([C@H]1CSC2=CC=CC=C2)CC(=O)O,O=C(O)C[C@H]1C[C@H]1CSc1ccccc1,O=C(O)C[C@@H]1C[C@@H]1CSc1ccccc1,O=C(O)C[C@H]1C[C@H]1CSc1ccccc1,True,True,False,True,1.0,25,15.0,2.0,2.0
CDK_Depict_11_58,C[C@]12[C@H](COC1=O)[C@H]3CC[C@@]2(O3)CO,CC12CC[C@@](CO)(O1)[C@@H]1C(=O)OCC12,C[C@@]12C(=O)OC[C@@H]1[C@H]1CC[C@]2(CO)O1,CC12CC[C@@](CO)(O1)[C@@H]1C(=O)OCC12,True,True,False,False,0.375,24,14.0,3.0,4.0
CDK_Depict_11_59,C(=O)(C(I)(I)I)[Tl](C(=O)C(I)(I)I)C(=O)C(I)(I)I,CC(C)(C)C(=O)N(C(=O)C(C)(C)C)C(=O)C(C)(C)I,O=[C]([Tl]([C](=O)C(I)(I)I)[C](=O)C(I)(I)I)C(I)(I)I,CC(C)(C)C(=O)N(C(=O)C(C)(C)C)C(=O)C(C)(C)I,True,True,False,False,0.24,18,19.0,0.0,0.0
CDK_Depict_11_60,C([C@@H](C(=O)O)N)S,CC[C@H](C)C(=O)O,N[C@@H](CS)C(=O)O,CC[C@H](C)C(=O)O,True,True,False,False,0.2916666666666667,8,7.0,0.0,1.0
CDK_Depict_12_1,CC(=O)NN/C(=C/C#N)/N,CC(=O)NN/C(N)=C/C#N,CC(=O)NN/C(N)=C/C#N,CC(=O)NN/C(N)=C/C#N,True,True,True,True,1.0,5,10.0,0.0,0.0
CDK_Depict_12_3,C(CCNCC(C(=O)O)N)C[C@@H](C(=O)O)N,*C(CNCCCCC(N)(Cl)C(=O)OC)C(=O)ON,NC(CNCCCC[C@H](N)C(=O)O)C(=O)O,*C(CNCCCCC(N)(Cl)C(=O)OC)C(=O)ON,True,True,False,False,0.28,17,16.0,0.0,2.0
CDK_Depict_12_4,B1=[As]OC=C1,c1cs[sH]o1,B1=[As]OC=C1,,True,False,False,False,0.0,9,5.0,1.0,1.0
CDK_Depict_12_5,CCC1=CN(C(=O)NC1=O)[C@@H]2C[C@@H]([C@H](S2)CO)CO,CCC1=CCC(=O)N(Cl)C1=O.NC[C@@H]1C[C@H](CO)[C@@H](CO)S1,CCc1cn([C@@H]2C[C@H](CO)[C@@H](CO)S2)c(=O)[nH]c1=O,CCC1=CCC(=O)N(Cl)C1=O.NC[C@@H]1C[C@H](CO)[C@@H](CO)S1,True,True,False,False,0.3709677419354839,20,19.0,2.0,3.0
CDK_Depict_12_6,C1(=NC(=NN1)SF)C(F)(F)F,FSc1n[nH]c(C(F)(F)F)n1,FSc1n[nH]c(C(F)(F)F)n1,FSc1n[nH]c(C(F)(F)F)n1,True,True,True,True,1.0,17,11.0,1.0,0.0
CDK_Depict_12_7,C[C@@]1(C[C@H]2CC3=CC=CC=C3N2N1)C4=CC=CC=C4,C[C@@]1(C2=CC=CC=C2)CC[C@H]2c3c(cccc3)C[C@]([H])(C)C1,C[C@]1(c2ccccc2)C[C@H]2Cc3ccccc3N2N1,,True,False,False,False,0.0,34,19.0,4.0,2.0
CDK_Depict_12_8,B(N=[N+]=[N-])(I)I,[3H][2H](F)N=[N+]=[N-],[N-]=[N+]=NB(I)I,,True,False,False,False,0.0,15,6.0,0.0,0.0
CDK_Depict_12_9,C(=NC(C(N=C=O)(Cl)Cl)Cl)=O,*C(Cl)(N=C=O)C(Cl)N=C=O,O=C=NC(Cl)C(Cl)(Cl)N=C=O,*C(Cl)(N=C=O)C(Cl)N=C=O,True,True,False,False,0.6153846153846154,11,11.0,0.0,1.0
CDK_Depict_12_10,C1(=NSSC1=S=O)Cl,O=S=c1c(Cl)nSS1,O=S=c1ssnc1Cl,O=S=c1ssnc1Cl,True,True,True,True,1.0,14,8.0,1.0,0.0
CDK_Depict_12_12,C1=CC=C2C(=C1)C(=O)N(S2)N,O=C1c2ccccc2sN1[AlH2],Nn1sc2ccccc2c1=O,O=c1c2ccccc2s[n]1[AlH2],True,True,False,False,0.5862068965517241,21,11.0,2.0,0.0
CDK_Depict_12_13,[P+]12=[Se][Se]=[P+]([Se]1)[Se]=[Se]2,[s+]1[s+][s+][se][s+][s+]1,[Se]1[P+]2=[Se][Se]=[P+]1[Se]=[Se]2,,True,False,False,False,0.0,21,7.0,2.0,2.0
CDK_Depict_12_14,C[C@H](CC1=CC=CC=C1)N,C[C@@H](N)Cc1ccccc1,C[C@@H](N)Cc1ccccc1,C[C@@H](N)Cc1ccccc1,True,True,True,True,1.0,14,10.0,1.0,1.0
CDK_Depict_12_16,S(SSSSCl)SSSCl,ClSSSSSSSSCl,ClSSSSSSSSCl,ClSSSSSSSSCl,True,True,True,True,1.0,5,10.0,0.0,0.0
CDK_Depict_12_17,C1(=O)NC(=O)N(C(N1C(F)(F)F)(F)F)C(F)(F)F,O=C(NC(=O)N(C(F)(F)F)C(F)(F)F)NC(F)(F)F,O=C1NC(=O)N(C(F)(F)F)C(F)(F)N1C(F)(F)F,O=C(NC(=O)N(C(F)(F)F)C(F)(F)F)NC(F)(F)F,True,True,False,False,0.1111111111111111,12,18.0,1.0,0.0
CDK_Depict_12_18,CCCCC/C=C\C[C@H]1[C@H](O1)CO,CCCCC/C=C\C[C@@H]1O[C@@H]1CO,CCCCC/C=C\C[C@@H]1O[C@@H]1CO,CCCCC/C=C\C[C@@H]1O[C@@H]1CO,True,True,True,True,1.0,6,13.0,1.0,2.0
CDK_Depict_12_19,CSC1=NC(=NC(=N)S1)N,CSc1=NC([AlH2])=NC(=N)S1,CSc1nc(N)nc(=N)s1,CSc1n[c]([AlH2])nc(=N)s1,True,True,False,False,0.6071428571428571,10,10.0,1.0,0.0
CDK_Depict_12_20,C[C@@H]1CCCC[C@H]1C,C[C@@H]1CCCC[C@H]1C,C[C@@H]1CCCC[C@H]1C,C[C@@H]1CCCC[C@H]1C,True,True,True,True,1.0,0,8.0,1.0,2.0
CDK_Depict_12_21,C[C@]12CC[C@@H]([C@]([C@@H]1CCCC2=O)(C)C(=O)OC)OC,[H][C@@]12CCCC(=O)[C@]1(C)CC[C@H](OC)[C@@]2(C)C(=O)OC,COC(=O)[C@@]1(C)[C@@H](OC)CC[C@]2(C)C(=O)CCC[C@@H]12,COC(=O)[C@]1(C)[C@@H](OC)CC[C@@]2(C)C(=O)CCC[C@@H]12,True,True,False,True,1.0,27,19.0,2.0,4.0
CDK_Depict_12_22,C=C1C(=C)OC(=S)O1,C=C1oC(=S)OC1=C,C=c1oc(=S)oc1=C,C=c1oc(=S)oc1=C,True,True,True,True,1.0,7,8.0,1.0,0.0
CDK_Depict_12_23,CC1=NOCC(S1)Cl,Clc1ConcS1,CC1=NOCC(Cl)S1,ClC1CON=CS1,True,True,False,False,0.3548387096774194,11,8.0,1.0,1.0
CDK_Depict_12_24,C1CCC(CC1)N2NOC(=N2)N,O=[N+]([O-])c1n*(C2CCCCC2)[nH]o1,NC1=NN(C2CCCCC2)NO1,O=[N+]([O-])C1=N*(C2CCCCC2)NO1,True,True,False,False,0.2222222222222222,27,12.0,2.0,0.0
CDK_Depict_12_25,CC1(C(=O)C=C(C1=O)Br)C,CC1C(=O)C=C(Br)C1=O,CC1(C)C(=O)C=C(Br)C1=O,CC1C(=O)C=C(Br)C1=O,True,True,False,False,0.32142857142857145,9,10.0,1.0,0.0
CDK_Depict_12_26,C[C@@]12CC[C@H](C1(C)C)C[C@@H]2O,[H][C@]12CC(O)[C@](C)(C(O)C1)C2C,CC1(C)[C@H]2CC[C@@]1(C)[C@@H](O)C2,CC1[C@H]2CC(O)[C@]1(C)C(O)C2,True,True,False,False,0.3,18,11.0,2.0,3.0
CDK_Depict_12_27,[2H]C(C(C1N=N1)(F)F)(Cl)Br,[2H]C(Cl)(Br)C(F)(F)C1n[nH]1,[2H]C(Cl)(Br)C(F)(F)C1N=N1,,True,False,False,False,0.0,16,10.0,1.0,1.0
CDK_Depict_12_28,C(#N)C(=C1C(=NSS1)Cl)C#N,N#CC(C#N)=C1SSN=C1Cl,N#CC(C#N)=C1SSN=C1Cl,N#CC(C#N)=C1SSN=C1Cl,True,True,True,True,1.0,16,11.0,1.0,0.0
CDK_Depict_12_29,C[Si]1=[SiH][SiH]=C[SiH]=[SiH]1,Cs1[sH][sH]c[sH][sH]1,C[si]1[siH][siH]c[siH][siH]1,CS1=[SH][SH]=C[SH]=[SH]1,True,True,False,False,0.07142857142857142,16,7.0,1.0,0.0
CDK_Depict_12_30,CCCCC[C@H]1[C@H](OC(O1)(C)C)[C@H]2COC(O2)(C)C,[H]C1(C2(C)C[C@H](CCCC)OC(C)(C)O2)COC(C)(C)O1,CCCCC[C@@H]1OC(C)(C)O[C@@H]1[C@H]1COC(C)(C)O1,CCCC[C@H]1CC(C)(C2COC(C)(C)O2)OC(C)(C)O1,True,True,False,False,0.375,25,19.0,2.0,3.0
CDK_Depict_12_31,CN1CCC2=CC(=C(C3=C2[C@@H]1CC4=CC=CC=C43)O)OC,[H]C[C@@]12Cc3ccccc3-c3c(C)c(COC)cc(c31)CCN2C,COc1cc2c3c(c1O)-c1ccccc1C[C@@H]3N(C)CC2,COCc1cc2c3c(c1C)-c1ccccc1C[C@@]3(C)N(C)CC2,True,True,False,False,0.3181818181818182,37,21.0,4.0,1.0
CDK_Depict_12_32,C(=C(/C(F)(F)F)\P(F)F)(\C(F)(F)F)/P(F)F,FP(F)C(C(P(F)F)C(F)(F)F)C(F)(F)F,FP(F)/C(=C(/P(F)F)C(F)(F)F)C(F)(F)F,FP(F)C(C(P(F)F)C(F)(F)F)C(F)(F)F,True,True,False,False,0.2631578947368421,19,16.0,0.0,0.0
CDK_Depict_12_33,C(F)(F)(F)S(=NS(=O)(=O)C(F)(F)F)(=O)N,NS(=O)(=NS(=O)(=O)C(F)(F)F)C(F)(F)F,NS(=O)(=NS(=O)(=O)C(F)(F)F)C(F)(F)F,NS(=O)(=NS(=O)(=O)C(F)(F)F)C(F)(F)F,True,True,True,True,1.0,15,15.0,0.0,1.0
CDK_Depict_12_34,C1CC[Ga](CC1)N=[N+]=[N-],[N-]=[N+]=N[Ga]1CCCCC1,[N-]=[N+]=[N][Ga]1[CH2]CCC[CH2]1,[N-]=[N+]=[N][Ga]1[CH2]CCC[CH2]1,True,True,True,True,1.0,22,9.0,1.0,0.0
CDK_Depict_12_35,C1=C(N=C(C=N1)F)F,Cc1cncc(F)n1,Fc1cncc(F)n1,Cc1cncc(F)n1,True,True,False,False,0.631578947368421,14,8.0,1.0,0.0
CDK_Depict_12_36,CC1=PC1=PC,CP=C1*C1C,CP=c1pc1C,CP=C1*C1C,True,True,False,False,0.22727272727272727,6,6.0,1.0,2.0
CDK_Depict_12_37,CC1=C2C[C@@H](CC[C@]2([C@@H](CC1)O)C)C(=C)C(=O)OC,C=C(C(=O)OC)[C@H]1CC[C@]2(C)C(=C(C)CC[C@H]2O)C1,C=C(C(=O)OC)[C@@H]1CC[C@]2(C)C(=C(C)CC[C@H]2O)C1,C=C(C(=O)OC)[C@H]1CC[C@]2(C)C(=C(C)CC[C@H]2O)C1,True,True,False,True,1.0,28,19.0,2.0,3.0
CDK_Depict_12_38,C1(=C2N=C(C(=N2)Br)Br)N=C(C(=N1)Br)Br,CC1=NC(=C2N=C(Br)C(C(=O)O)=N2)N=C1Br,BrC1=NC(=C2N=C(Br)C(Br)=N2)N=C1Br,CC1=NC(=C2N=C(Br)C(C(=O)O)=N2)N=C1Br,True,True,False,False,0.34615384615384615,23,14.0,2.0,0.0
CDK_Depict_12_39,CN1C[C@H](CC1C(=O)OC)C(=O)OC,CCOC(=O)[C@H]1CC(C(=O)OC)N(C)C1,COC(=O)C1C[C@H](C(=O)OC)CN1C,CCOC(=O)[C@H]1CC(C(=O)OC)N(C)C1,True,True,False,False,0.75,13,14.0,1.0,2.0
CDK_Depict_12_40,CCOC(=O)[C@@]1(CCC=C[C@H]1N(C)C)C2=CC=CC=C2,CCOC(=O)[C@@]1(C2ccccc2)CCC=C[C@H]1N(C)C,CCOC(=O)[C@]1(c2ccccc2)CCC=C[C@H]1N(C)C,,True,False,False,False,0.0,21,20.0,2.0,2.0
CDK_Depict_12_41,COC1C(C(C(O1)OC)Br)Br,COC1oC(OC)C(Br)C1Br,COC1OC(OC)C(Br)C1Br,COC1OC(OC)C(Br)C1Br,True,True,True,True,1.0,9,11.0,1.0,4.0
CDK_Depict_12_42,N=NN(OO)OS,*=NN(OO)OS,N=NN(OO)OS,*=NN(OO)OS,True,True,False,False,0.6190476190476191,1,7.0,0.0,0.0
CDK_Depict_12_43,C(S(=O)(=O)Cl)(I)(I)I,O=S(=O)(Cl)C(F)(F)F,O=S(=O)(Cl)C(I)(I)I,O=S(=O)(Cl)C(F)(F)F,True,True,False,False,0.4666666666666667,9,8.0,0.0,0.0
CDK_Depict_12_44,C[C@@H]1CC[C@@H]2C13CC=C(C(C3)C2(C)C)C,Cc1ccc2c([H])(CCC2)C(C)(C)C1C2,CC1=CCC23CC1C(C)(C)[C@@H]2CC[C@H]3C,,True,False,False,False,0.0,24,15.0,3.0,4.0
CDK_Depict_12_45,C1=CN=C(C=N1)C2=CN=CC(=N2)C3=NC=CN=C3,c1ccc(-c2cncc(-c3cnccn3)n2)nc1,c1cnc(-c2cncc(-c3cnccn3)n2)cn1,c1ccc(-c2cncc(-c3cnccn3)n2)nc1,True,True,False,False,0.72,34,18.0,3.0,0.0
CDK_Depict_12_46,C=[Se]1C=C[Si]=C1,C=[Se]1cc[se]c1,C=[Se]1C=C[Si]=C1,,True,False,False,False,0.0,7,6.0,1.0,1.0
CDK_Depict_12_47,COCN(COC)O,COC[V](O)COC,COCN(O)COC,CO[CH2][V]([OH])[CH2]OC,True,True,False,False,0.3,7,8.0,0.0,0.0
CDK_Depict_12_48,CC(=O)C=PP,CC(=O)C=P[PH2+],CC(=O)C=PP,CC(=O)C=P[PH2+],True,True,False,False,0.5,5,6.0,0.0,1.0
CDK_Depict_12_50,CC(=CCSC[C@@H](C(=O)O)N)C,CC(C)=CCSC[C@H]([NH3+])C(=O)O,CC(C)=CCSC[C@H](N)C(=O)O,CC(C)=CCSC[C@H]([NH3+])C(=O)O,True,True,False,False,0.625,14,12.0,0.0,1.0
CDK_Depict_12_51,CC(C)(C)O/N=N/OC(C)(C)C,CCO/N=N/OC,CC(C)(C)O/N=N/OC(C)(C)C,CCO/N=N/OC,True,True,False,False,0.18181818181818182,13,12.0,0.0,0.0
CDK_Depict_12_52,CC/C(=C\1/[C@@H]2C=CC[C@@H](O2)[C@@H](O1)C/C=C/C#C)/Br,CC/C(/OC)=C1/O[C@@H](C/C=C/C#C)[C@@]2([H])C[C@@]([H])(C=CC2)O[C@@H]1C=CC2,C#C/C=C/C[C@@H]1O/C(=C(/Br)CC)[C@@H]2C=CC[C@H]1O2,,True,False,False,False,0.0,39,18.0,2.0,3.0
CDK_Depict_12_53,B1=CC=CC=C1,c1ccscc1,b1ccccc1,,True,False,False,False,0.0,9,6.0,1.0,0.0
CDK_Depict_12_54,[3H]B=S=BN=BO,*=[PH]=S=P/N=P/O,[3H]B=S=BN=BO,*=[PH]=S=P/N=P/O,True,True,False,False,0.09090909090909091,8,7.0,0.0,0.0
CDK_Depict_12_55,CCCC[Sb](CCCC)(OC)OC,CCCC*(C)(CCCC)OC,CCC[CH2][Sb]([CH2]CCC)([O]C)[O]C,CCCC*(C)(CCCC)OC,True,True,False,False,0.32,8,13.0,0.0,0.0
CDK_Depict_12_56,C[Si](C)(N=N[SiH3])Cl,CS(C)(Cl)n=N[SH2],C[Si](C)(Cl)N=N[SiH3],,True,False,False,False,0.0,12,7.0,0.0,1.0
CDK_Depict_12_57,CP1(=CP(=CP(=C1)(C)C)(C)C)C,Cp1(C)cp(C)(C)cp(C)(C)c1,CP1(C)=CP(C)(C)=CP(C)(C)=C1,CP1(C)=CP(C)(C)=CP(C)(C)=C1,True,True,True,True,1.0,14,12.0,1.0,0.0
CDK_Depict_12_58,CC(=O)SSC(C(C)(C(=O)Cl)Cl)Cl,CC(=O)SSC(Cl)C(C)(C)C(=O)Cl,CC(=O)SSC(Cl)C(C)(Cl)C(=O)Cl,CC(=O)SSC(Cl)C(C)(C)C(=O)Cl,True,True,False,False,0.6896551724137931,10,13.0,0.0,2.0
CDK_Depict_12_59,C[C@@]12CCC[C@]3(C1)C=CC([C@@H]3CC2)(C)C,CC1cc[C@]23CCC[C@H](C)CC[C@@]12CC3,CC1(C)C=C[C@@]23CCC[C@@](C)(CC[C@@H]12)C3,CC1C=C[C@]23CCC[C@H](C)CC[C@@]12CC3,True,True,False,False,0.2,21,15.0,3.0,3.0
CDK_Depict_12_60,CNC(=S)CN(C)P(=S)(C)S,C[N+](CC(N)=S)P(C)(=S)S,CNC(=S)CN(C)P(C)(=S)S,C[N+](CC(N)=S)P(C)(=S)S,True,True,False,False,0.2777777777777778,13,11.0,0.0,1.0
CDK_Depict_12_61,CS(=S)(=S)S(=S)(=S)S,CS(=S)(=S)S(=S)(=S)S,CS(=S)(=S)S(=S)(=S)S,CS(=S)(=S)S(=S)(=S)S,True,True,True,True,1.0,0,8.0,0.0,0.0
CDK_Depict_12_62,CC1=CC[C@H]2[C@H](C1)C(=O)CCC2(C)C,[H][C@]12CCCC(=O)[C@]1(C)CC(C)CC2,CC1=CC[C@H]2[C@H](C1)C(=O)CCC2(C)C,CC1CC[C@H]2CCCC(=O)[C@]2(C)C1,True,True,False,False,0.1875,23,14.0,2.0,2.0
CDK_Depict_12_63,C[P+](=C)SN(F)SP=C,C=PSNF,C=PSN(F)S[P+](=C)C,C=PSNF,True,True,False,False,0.21428571428571427,13,9.0,0.0,2.0
CDK_Depict_12_64,CC1=NN2C=NN=C2S1,Cc1nn2cnnc2s1,Cc1nn2cnnc2s1,Cc1nn2cnnc2s1,True,True,True,True,1.0,11,9.0,2.0,0.0
CDK_Depict_12_65,CC(=O)OP(=O)(F)F,CC(=O)OP(=O)(F)F,CC(=O)OP(=O)(F)F,CC(=O)OP(=O)(F)F,True,True,True,True,1.0,0,8.0,0.0,0.0
CDK_Depict_12_66,CC(=C=CSS(=O)(=O)C=C=C(C)C)C,CC=C=[SH]SS(=O)(=O)C=C=C(C)C,CC(C)=C=CSS(=O)(=O)C=C=C(C)C,CC=C=[SH]SS(=O)(=O)C=C=C(C)C,True,True,False,False,0.48484848484848486,7,14.0,0.0,0.0
CDK_Depict_12_67,CC(C)NC[C@H](COC1=CC=CC2=CC=CC=C21)O,CC(C)NC[C@@H](O)COc1cccc2ccccc12,CC(C)NC[C@@H](O)COc1cccc2ccccc12,CC(C)NC[C@@H](O)COc1cccc2ccccc12,True,True,True,True,1.0,21,19.0,2.0,1.0
CDK_Depict_12_68,O=[Ti](O[Zr](=O)O[Pb]O[La]=O)O[La]=O,O=[La]O[Tb]O[Ta](=O)O[Ta](=O)O[La]=O,[O]=[La][O][Pb][O][Zr](=[O])[O][Ti](=[O])[O][La]=[O],[O]=[La][O][Tb][O][Ta](=[O])[O][Ta](=[O])[O][La]=[O],True,True,False,False,0.11363636363636363,16,13.0,0.0,0.0
CDK_Depict_12_69,C1=CC=C(C=C1)[C@H]([C@@H]2C=C(C(=O)O2)Cl)O,[H][C@@]1([C@@H](O)C2([C@H](O)c3ccccc3)CC2)C=C(Cl)C(=O)O1,O=C1O[C@H]([C@H](O)c2ccccc2)C=C1Cl,O=C1O[C@H]([C@@H](O)C2([C@H](O)c3ccccc3)CC2)C=C1Cl,True,True,False,False,0.6,40,15.0,2.0,2.0
CDK_Depict_12_70,CCCCOC(=C(Br)Br)C#CCOC,COCC#CC(O)=C(Br)Br,CCCCOC(C#CCOC)=C(Br)Br,COCC#CC(O)=C(Br)Br,True,True,False,False,0.47058823529411764,12,14.0,0.0,0.0
CDK_Depict_12_71,C(=O)(/N=S(/C(F)(F)F)\F)F,O=C(F)N=S(F)C(F)(F)F,O=C(F)/N=S(\F)C(F)(F)F,O=C(F)N=S(F)C(F)(F)F,True,True,False,True,1.0,13,10.0,0.0,1.0
CDK_Depict_12_72,B(B(Cl)Cl)(Cl)Cl,Cl[2H](Cl)B(Cl)Cl,ClB(Cl)B(Cl)Cl,,True,False,False,False,0.0,8,6.0,0.0,0.0
CDK_Depict_12_73,COC1=NNC(=O)N1O,COc1nNC(=O)N1O,COc1n[nH]c(=O)n1O,COc1n[nH]c(=O)n1O,True,True,True,True,1.0,3,9.0,1.0,0.0
CDK_Depict_12_74,CO/C(=C(\OC)/SC)/SC,COC(SC)=C(OC)SC,CO/C(SC)=C(\OC)SC,COC(SC)=C(OC)SC,True,True,False,True,1.0,9,10.0,0.0,0.0
CDK_Depict_12_75,C(CCN)CC(N)(N=O)N=O,C[W]CCCCC(N=O)N=O,NCCCCC(N)(N=O)N=O,[CH3][W][CH2]CCCC(N=O)N=O,True,True,False,False,0.14285714285714285,8,11.0,0.0,0.0
CDK_Depict_12_77,C1[C@H]([C@@H]([C@@H](C=C1C(=O)O)O)O)O,O=C(O)C1=C[C@@H](O)[C@H](O)[C@H](O)C1,O=C(O)C1=C[C@@H](O)[C@@H](O)[C@H](O)C1,O=C(O)C1=C[C@@H](O)[C@H](O)[C@H](O)C1,True,True,False,True,1.0,25,12.0,1.0,3.0
CDK_Depict_12_78,CCCC/C(=C/Cl)/C(=C\Br)/CCCC,CCCCCCCCCCCCCCCCCCCCCCCCCCCCC/C(=C/Cl)CCCC,CCCCC(=C/Cl)/C(=C\Br)CCCC,CCCCCCCCCCCCCCCCCCCCCCCCCCCCC/C(=C/Cl)CCCC,True,True,False,False,0.4482758620689655,26,14.0,0.0,0.0
CDK_Depict_12_79,[2H]C([2H])(C([2H])(Cl)Cl)Cl,[2H]C([2H])(Cl)C([2H])(Cl)Cl,[2H]C([2H])(Cl)C([2H])(Cl)Cl,[2H]C([2H])(Cl)C([2H])(Cl)Cl,True,True,True,True,1.0,6,8.0,0.0,0.0
CDK_Depict_12_80,C(=C(S(F)(F)(F)(F)F)Br)=O,O=C(=C(F)Br)=C(Br)S(F)(F)(F)(F)F,O=C=C(Br)S(F)(F)(F)(F)F,,True,False,False,False,0.0,16,10.0,0.0,0.0
CDK_Depict_12_81,C1=CSC(=N1)P(C2=NC=CS2)C3=NC=CS3,c1cnc(-n(c2nccs2)c2nccs2)S1,c1csc(P(c2nccs2)c2nccs2)n1,,True,False,False,False,0.0,26,16.0,3.0,0.0
CDK_Depict_12_83,CC(=C1N(N=NN1C)C)C,CC(C)=C1N(C)nnN1C,CC(C)=C1N(C)N=NN1C,CC(C)=C1N(C)N=NN1C,True,True,True,True,1.0,10,10.0,1.0,0.0
CDK_Depict_12_84,C([C@H]([C@H]([C@@H]([C@H](CO)O)O)O)O)O,CC[C@H](O)[C@@H](O)[C@H](O)[C@@H](O)CCO,OC[C@@H](O)[C@@H](O)[C@H](O)[C@@H](O)CO,CC[C@H](O)[C@@H](O)[C@H](O)[C@@H](O)CCO,True,True,False,False,0.38095238095238093,19,12.0,0.0,4.0
CDK_Depict_12_85,CP(=S)(CNCCNCP(=S)(C)O)O,CP(O)(=S)CNCC[NH2+]CP(C)(O)=S,CP(O)(=S)CNCCNCP(C)(O)=S,CP(O)(=S)CNCC[NH2+]CP(C)(O)=S,True,True,False,False,0.6153846153846154,14,14.0,0.0,2.0
CDK_Depict_12_86,CC(C)[C@@H]1CCC2(CCCC(=O)C2(C1)C)C,CC(C)[C@@H]1CCC2(C)CCCC(=O)C2(C)C1,CC(C)[C@@H]1CCC2(C)CCCC(=O)C2(C)C1,CC(C)[C@@H]1CCC2(C)CCCC(=O)C2(C)C1,True,True,True,True,1.0,5,16.0,2.0,3.0
CDK_Depict_12_87,C[C@]12CC[C@H]3[C@H]([C@@H]1CC[C@]2(C#C)O)CCC4=C3CCCC4,[H][C@@]12CC[C@]3(C)[C@H](C)CC[C@H](O[C@H]3C#C)C1CCc1CCCCC12,C#C[C@]1(O)CC[C@H]2[C@@H]3CCC4=C(CCCC4)[C@H]3CC[C@@]21C,C#C[C@@H]1O[C@H]2CC[C@@H](C)[C@@]1(C)CC[C@H]1C3CCCCC3CCC12,True,True,False,False,0.1791044776119403,27,21.0,4.0,5.0
CDK_Depict_12_88,[Te]=[Tl],[Te]=[Te],[Te]=[Tl],[Te]=[Te],True,True,False,False,0.25,1,2.0,0.0,0.0
CDK_Depict_12_89,C1[C@H](NC[C@@]1(C(=O)O)N)C(=O)O,O=C(O)[C@@H]1C[V][C@@H](C(=O)O)C1,N[C@]1(C(=O)O)CN[C@H](C(=O)O)C1,O=C(O)[C@@H]1[CH2][V][C@@H](C(=O)O)C1,True,True,False,False,0.19444444444444445,20,12.0,1.0,2.0
CDK_Depict_12_90,CNC(=O)NCS(=O)O,C[NH2+]C(=O)[NH2+]CS(=O)CO,CNC(=O)NCS(=O)O,C[NH2+]C(=O)[NH2+]CS(=O)CO,True,True,False,False,0.2,11,9.0,0.0,1.0
CDK_Depict_12_91,F[Bi](F)(F)I,F[Se-](F)(F)F,[F][Bi]([F])([F])[I],F[Se-](F)(F)F,True,True,False,False,0.1111111111111111,4,5.0,0.0,0.0
CDK_Depict_12_92,C1[O+](C[O+](P[O+]1[O-])[O-])[O-],CO1CO(O)CO(=O)[11PH]1=O,[O-][O+]1C[O+]([O-])P[O+]([O-])C1,,True,False,False,False,0.0,24,9.0,1.0,0.0
CDK_Depict_12_94,CP(SC)Cl,SP(Cl)Cl,CSP(C)Cl,SP(Cl)Cl,True,True,False,False,0.23076923076923078,3,5.0,0.0,1.0
CDK_Depict_12_95,O=[Co]O[Pb](O[Co]=O)(O[Co]=O)O[Co]=O,O=[Co]O[Co](O[Co]=O)O[Co]=O,[O]=[Co][O][Pb]([O][Co]=[O])([O][Co]=[O])[O][Co]=[O],[O]=[Co][O][Co]([O][Co]=[O])[O][Co]=[O],True,True,False,False,0.29411764705882354,9,13.0,0.0,0.0
CDK_Depict_12_96,CCN(CC)C[C@@]1(C[C@]1(C)C#N)Br,CC*(CC)C[C@@]1(C)C[C@@]1(C)C#N,CCN(CC)C[C@]1(Br)C[C@]1(C)C#N,CC*(CC)C[C@@]1(C)C[C@@]1(C)C#N,True,True,False,False,0.35135135135135137,7,13.0,1.0,2.0
CDK_Depict_12_97,B1(OC(CC(O1)(C)C)C)OC(C)CN(C)C,CC(C[NH+](C)C)OB1COC(C)(C)CC(C)O1,CC(CN(C)C)OB1OC(C)CC(C)(C)O1,CC(C[NH+](C)C)OB1COC(C)(C)CC(C)O1,True,True,False,False,0.40816326530612246,19,16.0,1.0,2.0
CDK_Depict_12_98,CNCCC[C@]12C3=CC=CC=C3[C@H]([C@H](O1)C4=CC=CC=C24)O,[H][C@@]12OO[C@](CCCCC)(c3ccccc3[C@H]1C)c1ccccc12,CNCCC[C@]12O[C@H](c3ccccc31)[C@H](O)c1ccccc12,CCCCC[C@]12OO[C@@H](c3ccccc31)[C@H](C)c1ccccc12,True,True,False,False,0.39215686274509803,37,22.0,4.0,3.0
CDK_Depict_12_99,C[C@@H](CCC=C(C)C)CCO,CC(C)=CCC[C@@H](C)CCCO,CC(C)=CCC[C@H](C)CCO,CC(C)=CCC[C@@H](C)CCCO,True,True,False,False,0.76,12,11.0,0.0,1.0
CDK_Depict_13_1,C1=NN(C=N1)N(CCN)CCN,NCCN(CCN)CN1C=NC=N1,NCCN(CCN)n1cncn1,NCCN(CCN)Cn1cncn1,True,True,False,False,0.5,12,12.0,1.0,0.0
CDK_Depict_13_2,CC1=CC(=O)SO1,CC1=CC(=O)SO1,Cc1cc(=O)so1,Cc1cc(=O)so1,True,True,True,True,1.0,0,7.0,1.0,0.0
CDK_Depict_13_3,C[C@@H]1CC[C@@H](C(C1)O)C(C)C,CC(C)[C@H]1CCC(C)(C)CC1O,CC(C)[C@H]1CC[C@@H](C)CC1O,CC(C)[C@H]1CCC(C)(C)CC1O,True,True,False,False,0.41935483870967744,17,11.0,1.0,3.0
CDK_Depict_13_4,CCCCC[C@@H]1[C@H](OC(O1)(C)C)[C@H]2COC(O2)(C)C,CCCCC[C@H]1OC(C)(C)O[C@]1(C)C1(C)CC(C)(C)O1,CCCCC[C@H]1OC(C)(C)O[C@@H]1[C@H]1COC(C)(C)O1,CCCCC[C@H]1OC(C)(C)O[C@]1(C)C1(C)CC(C)(C)O1,True,True,False,False,0.3695652173913043,22,19.0,2.0,3.0
CDK_Depict_13_5,B1=NC(=CC=C1)N(CC)CC,CCN(CC)c1cccB=*1,CCN(CC)c1cccbn1,CCN(CC)c1*bccc1,True,True,False,False,0.4117647058823529,15,11.0,1.0,0.0
CDK_Depict_13_6,C1=CC=C2C=C(C=CC2=C1)P(O)O,CO.OP(O)c1ccc2ccCcc2c1,OP(O)c1ccc2ccccc2c1,,True,False,False,False,0.0,24,13.0,2.0,0.0
CDK_Depict_13_7,B1(N(B(N(P(N1C)Br)C)C)C)C,COP1N(C)B(C)N(C)B(C)N1C,CB1N(C)B(C)N(C)P(Br)N1C,COP1N(C)B(C)N(C)B(C)N1C,True,True,False,False,0.4782608695652174,16,12.0,1.0,0.0
CDK_Depict_13_8,C1=CP(C(=O)NC1=O)(O)(O)O,O=C1C=CP(O)(O)(O)C(=O)N1,O=C1C=CP(O)(O)(O)C(=O)N1,O=C1C=CP(O)(O)(O)C(=O)N1,True,True,True,True,1.0,14,11.0,1.0,0.0
CDK_Depict_13_9,C1CCC(C(C1)P(=O)(F)Cl)Cl,N#CC1CCCCC1P(=O)(O)F,O=P(F)(Cl)C1CCCCC1Cl,N#CC1CCCCC1P(=O)(O)F,True,True,False,False,0.3333333333333333,12,11.0,1.0,3.0
CDK_Depict_13_10,C1[C@H]2CC3CC1CC(C2)NC3=O,[H]C12CC3CC(CC(C3)NC1=O)C2,O=C1NC2CC3CC1C[C@H](C3)C2,O=C1NC2CC3CC(C2)CC1C3,True,True,False,True,1.0,12,12.0,4.0,4.0
CDK_Depict_13_11,CC(C)(C)C(C(/C=C/N(C)C)C#N)O,CC(O)C(C#N)/C=C/N(C)C,CN(C)/C=C/C(C#N)C(O)C(C)(C)C,CC(O)C(C#N)/C=C/N(C)C,True,True,False,False,0.6333333333333333,12,14.0,0.0,2.0
CDK_Depict_13_12,CCSC(C[C@@H]1[C@@H]2CC[C@@H](C2)[C@H]1/C=C\CCCC(=O)OC)SCC,CCSC(CC)SCC.COC(=O)CCC/C=C\[C@H]1[C@H]2[C@@H]3(N)CC[C@@]1([K])C3,CCSC(C[C@@H]1[C@@H]2CC[C@@H](C2)[C@H]1/C=C\CCCC(=O)OC)SCC,,True,False,False,False,0.0,42,24.0,2.0,4.0
CDK_Depict_13_13,CC(C)(C)C1(SSSS1)C(C)(C)C,CC(C)C1(C)SSSS1,CC(C)(C)C1(C(C)(C)C)SSSS1,CC(C)C1(C)SSSS1,True,True,False,False,0.2857142857142857,14,13.0,1.0,0.0
CDK_Depict_13_14,CC(C)C(=C(SC)SC)C(=O)N=C=O,CCC(C(=O)N=C=O)=C(SC)SC,CSC(SC)=C(C(=O)N=C=O)C(C)C,CCC(C(=O)N=C=O)=C(SC)SC,True,True,False,False,0.5151515151515151,16,14.0,0.0,0.0
CDK_Depict_13_15,C(CNS(CC(C(O)O)N)(O)O)N,[nH]S([Ho])(CNCCN)CC([NH3+])C(O)O,NCCNS(O)(O)CC(N)C(O)O,,True,False,False,False,0.0,24,13.0,0.0,1.0
CDK_Depict_13_16,C(CCN(Cl)Cl)CN(Cl)Cl,C[NH+](C)CCCC[V](C)C,ClN(Cl)CCCCN(Cl)Cl,C[NH+](C)CCC[CH2][V]([CH3])[CH3],True,True,False,False,0.08,13,10.0,0.0,0.0
CDK_Depict_13_17,B(C1=CC=C(S1)Cl)(O)O,*B(*)c1cC=C(C)S1,OB(O)c1ccc(Cl)s1,*B(*)c1ccc(C)s1,True,True,False,False,0.26666666666666666,14,9.0,1.0,0.0
CDK_Depict_13_18,C(=NNN=C=O)=O,O=C=NN[V]=C=O,O=C=NNN=C=O,O=C=N[NH][V]=[C]=O,True,True,False,False,0.42105263157894735,8,7.0,0.0,0.0
CDK_Depict_13_19,C[C@@H]([C@H]1[C@@H]2[C@H]([C@@H](C(=O)O1)O)OC3(O2)CCCCC3)O,C[C@@H](O)[C@@H]1([H])OC(=O)CC2[C@@](C#C)(COCC34CCCCC4)C(C)C21,C[C@H](O)[C@@H]1OC(=O)[C@@H](O)[C@@H]2OC3(CCCCC3)O[C@H]12,,True,False,False,False,0.0,36,19.0,3.0,5.0
CDK_Depict_13_20,CC1=NSC(O1)C(Cl)(Cl)Cl,CC1=NSC(C(Cl)(Cl)Cl)C1,CC1=NSC(C(Cl)(Cl)Cl)O1,CC1=NSC(C(Cl)(Cl)Cl)C1,True,True,False,False,0.375,6,10.0,1.0,1.0
CDK_Depict_13_21,C(CC(=O)O)[C@H](C(=O)O)N,*C(=O)[C@@](C)(N)CCC(=O)O,N[C@H](CCC(=O)O)C(=O)O,*C(=O)[C@@](C)(N)CCC(=O)O,True,True,False,False,0.2903225806451613,15,10.0,0.0,1.0
CDK_Depict_13_22,C[SiH](O)[SiH](O)[SiH](C)O,C[SiH](O)[SiH]([Ho])[SiH](C)O,C[SiH](O)[SiH](O)[SiH](C)O,C[SiH](O)[SiH]([Ho])[SiH](C)O,True,True,False,False,0.42857142857142855,4,8.0,0.0,3.0
CDK_Depict_13_23,CC(C)(C)C(=C(Cl)Cl)OP(Cl)(Cl)(Cl)Cl,COC(C)=C(Cl)Cl.Cl[P-](Cl)(Cl)Cl,CC(C)(C)C(OP(Cl)(Cl)(Cl)Cl)=C(Cl)Cl,COC(C)=C(Cl)Cl.Cl[P-](Cl)(Cl)Cl,True,True,False,False,0.20689655172413793,12,14.0,0.0,0.0
CDK_Depict_13_24,CN(C)N[Si](NN(C)C)(NN(C)C)Cl,CN(C)N[Si](C)(NN)NN(C)C.Cl,CN(C)N[Si](Cl)(NN(C)C)NN(C)C,CN(C)N[Si](C)(NN)NN(C)C.Cl,True,True,False,False,0.42857142857142855,7,14.0,0.0,0.0
CDK_Depict_13_25,CC/C(=C/1\[C@H]2[C@@H]([C@H]3C[C@H]([C@@H]2O3)O1)[C@@H](/C=C\C#C)Cl)/Br,CC/C(/O[C@@]1(C)[C@@H]2C[C@@]3(N)O[C@@](C)([C@@H](N)[C@H](C)/C=C\C#C)[C@H]2C1)=C(/O)/[C@@H]2(N)C1,C#C/C=C\[C@@H](Cl)[C@H]1[C@@H]2/C(=C(/Br)CC)O[C@@H]3C[C@H]1O[C@H]23,,True,False,False,False,0.0,54,19.0,3.0,6.0
CDK_Depict_13_26,C1CC[C@@H]2[C@H](C1)CCOC2=O,C[C@@]12CCCC[C@@]1(I)CCOC2=O,O=C1OCC[C@H]2CCCC[C@@H]12,C[C@@]12CCCC[C@@]1(I)CCOC2=O,True,True,False,False,0.2,13,11.0,2.0,2.0
CDK_Depict_13_27,C(C(F)(F)F)(N(F)Cl)(F)F,FN(Cl)C(F)(F)C(F)(F)F,FN(Cl)C(F)(F)C(F)(F)F,FN(Cl)C(F)(F)C(F)(F)F,True,True,True,True,1.0,11,10.0,0.0,0.0
CDK_Depict_13_28,[C-]#[N+]O[Hg]N=[N+]=[N-],[C-]#[N+]O[18F]N=[N+]=[N-],[C-]#[N+][O][Hg][N]=[N+]=[N-],,True,False,False,False,0.0,3,7.0,0.0,0.0
CDK_Depict_13_29,C[C@@H]1C[C@H]2C[C@H](CCC2(C3C1C4CC[C@@H](C4(CC3)C)O)C)O,C[C@@H]1C[C@@]2(N)C[C@@H](O)CCC2(C)C2CCC3(C)C(CC[C@H]3O)C21,C[C@@H]1C[C@H]2C[C@@H](O)CCC2(C)C2CCC3(C)C(CC[C@@H]3O)C21,C[C@@H]1C[C@@]2(N)C[C@@H](O)CCC2(C)C2CCC3(C)C(CC[C@H]3O)C21,True,True,False,False,0.5434782608695652,25,22.0,4.0,9.0
CDK_Depict_13_30,CC(=O)/C(=N/C1=CC=CO1)/NO,CC(=O)/C(=N/c1cccs1)N[No],CC(=O)/C(=N/c1ccco1)NO,CC(=O)/C(=N/c1cccs1)[NH][No],True,True,False,False,0.3409090909090909,11,12.0,1.0,0.0
CDK_Depict_13_31,C1=CN(C=C1)C2=NC=CN=C2,c1cccN1c1cnccn1,c1ccn(-c2cnccn2)c1,c1ccn(-c2cnccn2)c1,True,True,True,True,1.0,20,11.0,2.0,0.0
CDK_Depict_13_32,C(C1C(OOO1)CCl)Cl,CCC1OOOC1CCl,ClCC1OOOC1CCl,CCC1OOOC1CCl,True,True,False,False,0.7222222222222222,8,9.0,1.0,2.0
CDK_Depict_13_33,C1=C(C(=O)NC(=O)N1[C@H]2[C@@H]([C@@H]([C@H](O2)CO)O)O)F,*C[C@H]1s[C@@H](N2C=C(F)C(=O)NC2=O)[C@H]([NH14])[C@H]1C,O=c1[nH]c(=O)n([C@@H]2O[C@H](CO)[C@@H](O)[C@H]2O)cc1F,,True,False,False,False,0.0,42,18.0,2.0,4.0
CDK_Depict_13_34,CC(C)(C)C1C(=C(NN1)N)Cl,*C1=C(Cl)C(C)[NH2+][NH2+]1,CC(C)(C)C1NNC(N)=C1Cl,*C1=C(Cl)C(C)[NH2+][NH2+]1,True,True,False,False,0.17142857142857143,19,11.0,1.0,1.0
CDK_Depict_13_35,COP(=C)(C)CC[P+](C)([CH2-])OC,*[P+](C)(CCP(=C)(C)OC)OC,C=P(C)(CC[P+]([CH2-])(C)OC)OC,*[P+](C)(CCP(=C)(C)OC)OC,True,True,False,False,0.6,16,12.0,0.0,2.0
CDK_Depict_13_36,[3H]B(S(=P)I)I,*B(C)(I)I,[3H]B(I)S(=P)I,,True,False,False,False,0.0,9,6.0,0.0,1.0
CDK_Depict_13_37,C(=C\[In]=[In])\[In]C=O,O=C[In]C=C[In]=[IH],O=[CH][In]/[CH]=[CH]\[In]=[In],O=[CH][In][CH]=[CH][In]=[IH],True,True,False,False,0.5,11,7.0,0.0,0.0
CDK_Depict_13_38,C(O)(SF)SF,OC(SF)SF,OC(SF)SF,OC(SF)SF,True,True,True,True,1.0,3,6.0,0.0,0.0
CDK_Depict_13_39,C1(=C(C(=O)C1=S)S)O,*C1=C(S)C(=O)C1=S,O=c1c(S)c(O)c1=S,*c1c(S)c(=O)c1=S,True,True,False,False,0.4782608695652174,8,8.0,1.0,0.0
CDK_Depict_13_40,CCOC(=S)S[Pb]O[N+](=O)[O-],CCSC(=S)S[Pb]O[N+](=O)[O-],CCOC(=S)[S][Pb][O][N+](=O)[O-],CCSC(=S)[S][Pb][O][N+](=O)[O-],True,True,False,False,0.6,1,11.0,0.0,0.0
CDK_Depict_13_41,C[C@]12CCC[C@](C1CCC3=CC=CC=C23)(C)C(=O)OC,COC(=O)[C@]1(C)CCC[C@]2(C)c3ccccc3CCC12,COC(=O)[C@@]1(C)CCC[C@]2(C)c3ccccc3CCC12,COC(=O)[C@]1(C)CCC[C@]2(C)c3ccccc3CCC12,True,True,False,True,1.0,30,20.0,3.0,3.0
CDK_Depict_13_42,C(=S(=O)=O)C(=O)Cl,O=C(Cl)C=S(=O)=O,O=C(Cl)C=S(=O)=O,O=C(Cl)C=S(=O)=O,True,True,True,True,1.0,11,7.0,0.0,0.0
CDK_Depict_13_43,CC(=O)OC[C@H]1C[C@H]([C@H]2[C@@H]1OC(O2)(C)C)C#N,CC(=O)OC[C@H]1C[C@@H](C#N)[C@@]2(C)OC(C)(C)O[C@]12C,CC(=O)OC[C@H]1C[C@@H](C#N)[C@@H]2OC(C)(C)O[C@H]12,CC(=O)OC[C@H]1C[C@@H](C#N)[C@@]2(C)OC(C)(C)O[C@]12C,True,True,False,False,0.46938775510204084,20,17.0,2.0,4.0
CDK_Depict_13_44,C1COCCOCCOCC#CC(S(=O)CC#CCOCCOCCO1)Cl,O=S1CC#CCOCCOCCOCCOCCOCCOCC=CC1[Cu],O=S1CC#CCOCCOCCOCCOCCOCCOCC#CC1Cl,O=S1CC#CCOCCOCCOCCOCCOCCOCC=C[CH]1[Cu],True,True,False,False,0.4878048780487805,17,27.0,1.0,2.0
CDK_Depict_13_46,C1(=NNC(=NN1)C(F)(F)F)C(F)(F)F,FC(F)(F)C1=N[NH2+]C(C(F)(F)F)[NH2+][W]1,FC(F)(F)C1=NNC(C(F)(F)F)=NN1,FC(F)(F)[C]1=N[NH2+]C(C(F)(F)F)[NH2+][W]1,True,True,False,False,0.1875,25,14.0,1.0,0.0
CDK_Depict_13_47,N(=O)ON=O,CCN=O,O=NON=O,CCN=O,True,True,False,False,0.21428571428571427,6,5.0,0.0,0.0
CDK_Depict_13_48,CP(C)P(C(F)(F)F)P(C)C,CP(C)P(P(C)I)C(F)(F)F,CP(C)P(P(C)C)C(F)(F)F,CP(C)P(P(C)I)C(F)(F)F,True,True,False,False,0.6470588235294118,9,11.0,0.0,0.0
CDK_Depict_13_50,CN(P(F)F)P(F)(F)(F)F,CN(P(F)F)[PH](F)(F)F,CN(P(F)F)P(F)(F)(F)F,CN(P(F)F)[PH](F)(F)F,True,True,False,False,0.3333333333333333,4,10.0,0.0,0.0
CDK_Depict_13_51,CC(C)(C)[C@H]1CC[C@@H](C(=O)C1)Cl,C[C@H]1CC[C@H](Cl)C(=O)C1,CC(C)(C)[C@H]1CC[C@H](Cl)C(=O)C1,C[C@H]1CC[C@H](Cl)C(=O)C1,True,True,False,False,0.5357142857142857,14,12.0,1.0,2.0
CDK_Depict_13_52,CSN1C=CN(C1=C)SC,CSN1ccN(SC)C1=O,C=C1N(SC)C=CN1SC,CSn1ccn(SC)c1=O,True,True,False,False,0.28,9,10.0,1.0,0.0
CDK_Depict_13_53,C1(=C(S(=O)(=O)C(=C1Cl)Cl)Cl)Cl,C#CC1=C(Cl)S(=O)(=O)C(Cl)=C1Cl,O=S1(=O)C(Cl)=C(Cl)C(Cl)=C1Cl,C#CC1=C(Cl)S(=O)(=O)C(Cl)=C1Cl,True,True,False,False,0.55,15,11.0,1.0,0.0
CDK_Depict_13_54,C1[C@H]([C@H]([C@@H]([C@](O1)(CN)O)O)O)O,C[C@H]1[C@H](C)[C@@H]([nH])OC[C@H]1C.O,NC[C@@]1(O)OC[C@@H](O)[C@@H](O)[C@@H]1O,,True,False,False,False,0.0,18,12.0,1.0,4.0
CDK_Depict_13_55,CC(=C)[C@@H]1CCCC(=C)C1,CC(C)C1CCCCC1,C=C1CCC[C@@H](C(=C)C)C1,CC(C)C1CCCCC1,True,True,False,False,0.15625,10,10.0,1.0,1.0
CDK_Depict_13_57,CCCC[C@@H](C(=O)O)N,*CC(=O)[C@@H](N)CCCC,CCCC[C@H](N)C(=O)O,*CC(=O)[C@@H](N)CCCC,True,True,False,False,0.5925925925925926,13,9.0,0.0,1.0
CDK_Depict_13_58,COCOC1=CC=C(C=C1)C[C@@H]2CCCC[C@H]2O,COCOc1ccc(C[C@H]2CCCC[C@H]2O)cc1,COCOc1ccc(C[C@@H]2CCCC[C@H]2O)cc1,COCOc1ccc(C[C@H]2CCCC[C@H]2O)cc1,True,True,False,True,1.0,16,18.0,2.0,2.0
CDK_Depict_13_59,C(F)S(=O)(=O)Br,O=S(=O)(Br)CF,O=S(=O)(Br)CF,O=S(=O)(Br)CF,True,True,True,True,1.0,8,6.0,0.0,0.0
CDK_Depict_13_60,C[C@@]12CCC(=O)C=C1C(=O)CC2,C[C@@]12CCC(=O)C=C1C(=O)CC2,C[C@@]12CCC(=O)C=C1C(=O)CC2,C[C@@]12CCC(=O)C=C1C(=O)CC2,True,True,True,True,1.0,0,12.0,2.0,1.0
CDK_Depict_13_61,C1=C(C(=O)OC(=O)N1)I,O=C1NC=C(I)C(=O)O1,O=c1[nH]cc(I)c(=O)o1,O=c1[nH]cc(I)c(=O)o1,True,True,True,True,1.0,10,9.0,1.0,0.0
CDK_Depict_13_62,CCOP(C#N)Cl,CCOP(Cl)C#N,CCOP(Cl)C#N,CCOP(Cl)C#N,True,True,True,True,1.0,4,7.0,0.0,1.0
CDK_Depict_13_63,C[C@]12[C@@H]3CCC[C@@H]3[C@H]1C(=O)O[C@@H]2COC(=O)C(C)(C)C,C[C@H]1CCC[C@@H](N)[C@H](N)C(=O)O[C@H](COC(=O)C(C)(C)C)[C@@H]1N,CC(C)(C)C(=O)OC[C@H]1OC(=O)[C@@H]2[C@H]3CCC[C@H]3[C@@]21C,C[C@H]1CCC[C@@H](N)[C@H](N)C(=O)O[C@H](COC(=O)C(C)(C)C)[C@@H]1N,True,True,False,False,0.4166666666666667,25,20.0,3.0,5.0
CDK_Depict_13_65,CO[Si](C)N([Si](C)C)[Si](C)OC,CO[Si](C)N([SiH](C)C)[SiH](C)OC,CO[Si](C)N([Si](C)C)[Si](C)OC,CO[Si](C)N([SiH](C)C)[SiH](C)OC,True,True,False,False,0.36,2,12.0,0.0,0.0
CDK_Depict_13_66,C(=O)(N1NN=N1)O,O=C(o)n1[nH]n[nH]1,O=C(O)n1nn[nH]1,,True,False,False,False,0.0,16,7.0,1.0,0.0
CDK_Depict_13_67,CO[Si](Br)(I)I,C[Si](C)(C)C.I.I.I.I,CO[Si](Br)(I)I,C[Si](C)(C)C.I.I.I.I,True,True,False,False,0.14285714285714285,12,6.0,0.0,0.0
CDK_Depict_13_68,CCO/C(=N/S(=O)(=O)C)/NO,[111H]N/C(=N\S(C)(=O)=O)OCC,CCO/C(=N/S(C)(=O)=O)NO,[111H]N/C(=N\S(C)(=O)=O)OCC,True,True,False,False,0.48484848484848486,15,11.0,0.0,0.0
CDK_Depict_13_69,CCN(CC)P(C1=NC=CN1)N(CC)CC,CC1=[NH]C=CN1.CCN(C)CC.CCN(C)CC,CCN(CC)P(c1ncc[nH]1)N(CC)CC,,True,False,False,False,0.0,18,16.0,1.0,0.0
CDK_Depict_13_70,C1[C@H](N(C[C@@]1(C(=O)O)N)CC2=CC=CC=C2)C(=O)O,C[C@]1(C([nH])=O)C[C@H](C([nH])=O)C[NH+](CC2=CC=CC=C2)C1,N[C@@]1(C(=O)O)C[C@@H](C(=O)O)N(Cc2ccccc2)C1,,True,False,False,False,0.0,30,19.0,2.0,2.0
CDK_Depict_13_71,CC(=O)C1CCC2[C@@]1(CCC3C2CC[C@H]4[C@@]3(CC[C@@H](C4)O)C)C,CC(=O)C1CCC2C3CC[C@]4(C)C[C@H](O)CC[C@]4(C)C3CC[C@]12C,CC(=O)C1CCC2C3CC[C@@H]4C[C@@H](O)CC[C@]4(C)C3CC[C@]12C,CC(=O)C1CCC2C3CC[C@]4(C)C[C@H](O)CC[C@]4(C)C3CC[C@]12C,True,True,False,False,0.5957446808510638,30,23.0,4.0,8.0
CDK_Depict_13_72,C(SC#N)Cl,N#CSCCl,N#CSCCl,N#CSCCl,True,True,True,True,1.0,6,5.0,0.0,0.0
CDK_Depict_13_73,CCCCCCCCCC(=O)N1OO1,O1N2ON12,CCCCCCCCCC(=O)n1oo1,o1n2on12,True,True,False,False,0.08,16,14.0,1.0,0.0
CDK_Depict_13_74,C(=N[Pb](N=C=O)(N=C=O)N=C=O)=O,O=C=N[Pb](N=C=O)N=C=O,O=C=[N][Pb]([N]=C=O)([N]=C=O)[N]=C=O,O=C=[N][Pb]([N]=C=O)[N]=C=O,True,True,False,False,0.29411764705882354,13,13.0,0.0,1.0
CDK_Depict_13_75,B(N=O)(O)O[N+](=O)[O-],O.O=NB(O)O.O=[N+]O,O=NB(O)O[N+](=O)[O-],O.O=NB(O)O.O=[N+]O,True,True,False,False,0.2692307692307692,15,8.0,0.0,0.0
CDK_Depict_13_76,C1[C@@H]([C@H](O[C@H]1N2C=NC3=C(N=C(N=C32)Cl)N)CO)O,*C[C@H]1O[C@@H](CN2C=[V]C3=c(N)nc(Cl)N=C32)C[C@@H]1C,Nc1nc(Cl)nc2c1ncn2[C@H]1C[C@H](O)[C@@H](CO)O1,*C[C@H]1O[C@@H](CN2[CH]=[V][c]3c(N)nc(Cl)nc32)C[C@@H]1C,True,True,False,False,0.28169014084507044,30,19.0,3.0,3.0
CDK_Depict_13_77,B(B(C(C)(C)C)Cl)(C(C)(C)C)Cl,BBC.CC.CCl.CCl,CC(C)(C)B(Cl)B(Cl)C(C)(C)C,BBC.CC.CCl.CCl,True,True,False,False,0.1875,17,12.0,0.0,0.0
CDK_Depict_13_78,CC1=C(CS(=O)SC1)C,CC1=C(C)CS(=O)SC1,CC1=C(C)CS(=O)SC1,CC1=C(C)CS(=O)SC1,True,True,True,True,1.0,4,9.0,1.0,1.0
CDK_Depict_13_79,CC(C)(C)P(P(Br)Br)Br,*P(*)[b-][Br-].CC,CC(C)(C)P(Br)P(Br)Br,,True,False,False,False,0.0,16,9.0,0.0,1.0
CDK_Depict_13_80,CCC(C(C(=O)O)S)(C(C(=O)O)S)C(C(=O)O)S,CCC(C(C)C(=O)O)(C(S)C(=O)O)C(S)C(=O)O,CCC(C(S)C(=O)O)(C(S)C(=O)O)C(S)C(=O)O,CCC(C(C)C(=O)O)(C(S)C(=O)O)C(S)C(=O)O,True,True,False,False,0.75,12,18.0,0.0,4.0
CDK_Depict_13_81,C(C(N=S(F)F)(F)F)Cl,*CC(C)(F)F,FS(F)=NC(F)(F)CCl,*CC(C)(F)F,True,True,False,False,0.16666666666666666,12,9.0,0.0,0.0
CDK_Depict_13_82,C([C@@H]1[C@H]([C@@H]([C@](O1)(COP(=O)(O)O)O)O)O)OP(=O)(O)O,C#C[C@]1(O)O[C@H](COP(=O)([Ho])[Ho])[C@@H](O)[C@@H]1O,O=P(O)(O)OC[C@H]1O[C@](O)(COP(=O)(O)O)[C@@H](O)[C@@H]1O,C#C[C@]1(O)O[C@H](CO[P](=O)([Ho])[Ho])[C@@H](O)[C@@H]1O,True,True,False,False,0.4444444444444444,41,20.0,1.0,4.0
CDK_Depict_13_83,CN(S(=O)OC(F)(F)F)S(=O)OC(F)(F)F,CN(S(=O)OC(F)(F)F)S(=O)OC(F)(F)F,CN(S(=O)OC(F)(F)F)S(=O)OC(F)(F)F,CN(S(=O)OC(F)(F)F)S(=O)OC(F)(F)F,True,True,True,True,1.0,0,16.0,0.0,2.0
CDK_Depict_13_84,C(#N)N1C(=N)OO1,N#CN1OOC1=N,N#Cn1ooc1=N,N#Cn1ooc1=N,True,True,True,True,1.0,11,7.0,1.0,0.0
CDK_Depict_13_85,C1=CN(C(=O)N=C1N)[C@H]2[C@@H]([C@@H]([C@H](O2)COP(=O)(O)O)O)O,*Nc1ccN([C@@H]2o[C@H](CO[P+](=O)(O)O)[C@@H](O)[C@H]2O)C(=O)N1,Nc1ccn([C@@H]2O[C@H](COP(=O)(O)O)[C@@H](O)[C@H]2O)c(=O)n1,,True,False,False,False,0.0,43,21.0,2.0,4.0
CDK_Depict_13_86,[2H]OC1=CC=C(S1)O[2H],[2H]Oc1ccc(O[2H])s1,[2H]Oc1ccc(O[2H])s1,[2H]Oc1ccc(O[2H])s1,True,True,True,True,1.0,12,9.0,1.0,0.0
CDK_Depict_13_89,C1=CC=C(C=C1)ON2C=CC=CN2,C1=C[NH2+]N(Oc2ccccc2)c=C1,C1=CNN(Oc2ccccc2)C=C1,C1=C[NH2+]N(Oc2ccccc2)C=C1,True,True,False,False,0.42857142857142855,20,13.0,2.0,0.0
CDK_Depict_13_90,C1[C@H](C2=C(NC=N1)N(C=N2)[C@H]3[C@@H]([C@@H]([C@H](O3)CO)O)O)O,CC1=c([C@H](C)CN=C[NH])N=CN1.[18H][C@@H]1[C@@H](C)[C@@H](C[nH])o[C@@H]1C,OC[C@H]1O[C@@H](n2cnc3c2NC=NC[C@H]3O)[C@H](O)[C@@H]1O,,True,False,False,False,0.0,36,20.0,3.0,5.0
CDK_Depict_13_91,C(P(=O)(CCl)O)Cl,O=P(O)(CCl)CCCCl,O=P(O)(CCl)CCl,O=P(O)(CCl)CCCCl,True,True,False,False,0.5789473684210527,6,7.0,0.0,0.0
CDK_Depict_13_94,C(=C(/N=C(/N=P(Cl)(Cl)Cl)\Cl)\Cl)\Cl,ClC=C(Cl)N=C(Cl)N=P(Cl)(Cl)Cl,Cl/C=C(Cl)/N=C(\Cl)N=P(Cl)(Cl)Cl,ClC=C(Cl)N=C(Cl)N=P(Cl)(Cl)Cl,True,True,False,True,1.0,17,12.0,0.0,0.0
CDK_Depict_13_95,[2H]C1C(=O)OC(C(=O)O1)([2H])[2H],[2H]C(C)C(=O)OC([2H])([2H])C(=O)O,[2H]C1OC(=O)C([2H])([2H])OC1=O,[2H]C(C)C(=O)OC([2H])([2H])C(=O)O,True,True,False,False,0.05714285714285714,16,11.0,1.0,1.0
CDK_Depict_13_96,CC(C)N(C(C)C)P(/C=N/CN(C)C)C#N,CC(C)N(C(C)C)P(C#N)C=NCN(C)C,CC(C)N(C(C)C)P(C#N)/C=N/CN(C)C,CC(C)N(C(C)C)P(C#N)C=NCN(C)C,True,True,False,True,1.0,9,16.0,0.0,1.0
CDK_Depict_13_97,C[C@]12CC[C@@H](C1(C)C)C[C@H]2O,CC1CCC(C)CC1,CC1(C)[C@@H]2CC[C@]1(C)[C@H](O)C2,CC1CCC(C)CC1,True,True,False,False,0.16,20,11.0,2.0,3.0
CDK_Depict_13_98,C[C@@H]1CC[C@H]([C@@H]1C2=C(CC(=O)O2)C(C)C)C(=O)C,*C[C@@H]1CC[C@@H](C)[C@H]1C.CC(C)C1=COC(=O)C1,CC(=O)[C@@H]1CC[C@@H](C)[C@H]1C1=C(C(C)C)CC(=O)O1,*C[C@@H]1CC[C@@H](C)[C@H]1C.CC(C)C1=COC(=O)C1,True,True,False,False,0.2909090909090909,19,18.0,2.0,3.0
CDK_Depict_13_100,B(O)(OS(N(CC)CC)(F)F)F,CCN(CC)[S-](F)(F)OB(O)F,CCN(CC)S(F)(F)OB(O)F,CCN(CC)[S-](F)(F)OB(O)F,True,True,False,False,0.375,17,12.0,0.0,0.0
CDK_Depict_14_1,CNC(=O)C1=C(SN=N1)Cl,CNC(=O)c1csN=n1,CNC(=O)c1nnsc1Cl,CNC(=O)c1csnn1,True,True,False,False,0.4,9,10.0,1.0,0.0
CDK_Depict_14_2,COOPP(=O)(O)POOC,COO*[PH](=O)O,COOPP(=O)(O)POOC,COO*[PH](=O)O,True,True,False,False,0.21428571428571427,10,11.0,0.0,3.0
CDK_Depict_14_4,CS(=O)NOCCCCONS(=O)C,CCCCCONC.CNSC,CS(=O)NOCCCCONS(C)=O,CCCCCONC.CNSC,True,True,False,False,0.2903225806451613,12,14.0,0.0,2.0
CDK_Depict_14_5,CS(=C)C(C=O)S(=C)C,C=[SH-]C(C=O)S(=C)C,C=S(C)C(C=O)S(=C)C,C=[SH-]C(C=O)S(=C)C,True,True,False,False,0.5,6,9.0,0.0,3.0
CDK_Depict_14_7,C1(P(=P1(N)N)(N)N)[SiH3],C1([SiH2])O([HLvN])([NH2+])[NH2+][NH2+],NP1(N)=P(N)(N)C1[SiH3],,True,False,False,False,0.0,27,8.0,1.0,1.0
CDK_Depict_14_10,CCCC[SiH2]N[SiH](CCCC)N[SiH](CCCC)N[SiH2]CCCC,CCCCC[SiH2]N[SiH2](CCCC)N[SiH2](CCCC)N[SiH2]CCCC,CCCC[SiH2]N[SiH](CCCC)N[SiH](CCCC)N[SiH2]CCCC,,True,False,False,False,0.0,3,23.0,0.0,4.0
CDK_Depict_14_12,CC1=PC2=CC=CC=C2S1,C.CC(C)C.c1ccccc1,Cc1pc2ccccc2s1,C.CC(C)C.c1ccccc1,True,True,False,False,0.11538461538461539,14,10.0,2.0,1.0
CDK_Depict_14_15,C(C(Br)(Br)Br)(OC(C(Br)(Br)Br)Cl)Cl,CCOC(C)C(C)(C)C,ClC(OC(Cl)C(Br)(Br)Br)C(Br)(Br)Br,CCOC(C)C(C)(C)C,True,True,False,False,0.11538461538461539,23,13.0,0.0,2.0
CDK_Depict_14_16,CC(=O)OC(=C)OC(=C)OC(=O)C,C=C(OC(C)=O)OC(C)OC(C)=O,C=C(OC(=C)OC(C)=O)OC(C)=O,C=C(OC(C)=O)OC(C)OC(C)=O,True,True,False,False,0.5416666666666666,11,13.0,0.0,0.0
CDK_Depict_14_17,CN(C)C(=O)C=S(C)C,CC(C)=CC(=O)N(C)C,CN(C)C(=O)C=S(C)C,CC(C)=CC(=O)N(C)C,True,True,False,False,0.43478260869565216,6,9.0,0.0,0.0
CDK_Depict_14_18,C1=C[Se]N[Se]1,N.[Se]/C=C\[SeH],C1=C[Se]N[Se]1,N.[Se]/C=C\[SeH],True,True,False,False,0.0,11,5.0,1.0,0.0
CDK_Depict_14_20,C1[C@@H]([C@H](O[C@H]1N2C=C(C(=O)NC2=O)I)CO)O,CC.C[C@@H]1CC[C@@H](CN2C=C(I)C(=O)NC2=O)O1,O=c1[nH]c(=O)n([C@H]2C[C@H](O)[C@@H](CO)O2)cc1I,CC.C[C@@H]1CC[C@@H](Cn2cc(I)c(=O)[nH]c2=O)O1,True,True,False,False,0.375,20,17.0,2.0,3.0
CDK_Depict_14_21,CC[C@]1(C(=N[C@H]([C@H](O1)C2=CC=CC=C2)C)C)O,C=CC.CC(C)c1ccccc1,CC[C@]1(O)O[C@H](c2ccccc2)[C@H](C)N=C1C,C=CC.CC(C)c1ccccc1,True,True,False,False,0.15555555555555556,37,17.0,2.0,3.0
CDK_Depict_14_22,C1CCC2=C[C@H]([C@H](C=C2C1)C#N)C3=CC=CC=C3,C#C[C@H]1Cc2c(c[C@H]1C1ccccc1)CCCC2,N#C[C@H]1C=C2CCCCC2=C[C@H]1c1ccccc1,,True,False,False,False,0.0,27,18.0,3.0,2.0
CDK_Depict_14_24,C1[C@@H]([C@H](O[C@H]1N2C=CC(=O)NC2=O)CO)O,CC.CC.CCC(O)N1C=CC(=O)N(C)C1=O,O=c1ccn([C@H]2C[C@H](O)[C@@H](CO)O2)c(=O)[nH]1,CC.CC.CCC(O)n1ccc(=O)n(C)c1=O,True,True,False,False,0.17857142857142858,24,16.0,2.0,3.0
CDK_Depict_14_25,C12[SiH2][SiH2]C([SiH2][SiH2]1)[SiH2][SiH2]2,[SiH2]C1[SiH2]C[SiH2]1,[SiH2]1[SiH2]C2[SiH2][SiH2]C1[SiH2][SiH2]2,[SiH2]C1[SiH2]C[SiH2]1,True,True,False,False,0.14285714285714285,25,8.0,3.0,8.0
CDK_Depict_14_26,C1=CC=C(C=C1)CC[C@H](C[C@H](CCC2=CC=CC=C2)O)O,CCCCCCCCC(C)CCC1ccccc1,O[C@H](CCc1ccccc1)C[C@@H](O)CCc1ccccc1,,True,False,False,False,0.0,31,21.0,2.0,2.0
CDK_Depict_14_29,C(=O)(O)OC(=O)OBr,CCCC(C)O,O=C(O)OC(=O)OBr,CCCC(C)O,True,True,False,False,0.037037037037037035,12,8.0,0.0,0.0
CDK_Depict_14_30,C1=NNN(C(=O)C1=O)N,CC=NCCCCCCCCCCCCCCCCCCCCCCCCCCCCCCCCCCCCCCCCCCCCCCCCCCCCCCCCCCCCCCCCCCCCCCCCCCCCCCCCCCCCCCCCCCC)CCCCCCCCCCCCCCCCCCCCCCCCCCCC)CC1,Nn1[nH]ncc(=O)c1=O,,True,False,False,False,0.0,121,9.0,1.0,0.0
CDK_Depict_14_31,CCC(=O)NCOP(=C)(C)OC,CC.CC.CN.COC(C)C,C=P(C)(OC)OCNC(=O)CC,CC.CC.CN.COC(C)C,True,True,False,False,0.08571428571428572,11,12.0,0.0,1.0
CDK_Depict_14_32,[2H]C1=C(OC(=C1[2H])[2H])[2H],Cc1c(C)c(C)cC1,[2H]c1oc([2H])c([2H])c1[2H],CC1=CCC(C)=C1C,True,True,False,False,0.041666666666666664,24,9.0,1.0,0.0
CDK_Depict_14_33,C1C[C@H](CC=C1)C(=O)C(=O)O,CC(=O)C(=O)C1CC=CCC1,O=C(O)C(=O)[C@H]1CC=CCC1,CC(=O)C(=O)C1CC=CCC1,True,True,False,False,0.6666666666666666,17,11.0,1.0,1.0
CDK_Depict_14_34,C1(=NSC(=N1)SSC2=NC(=NS2)Br)Br,*c1nsc(Ssc2nc(*)ns2)n1,Brc1nsc(SSc2nc(Br)ns2)n1,,True,False,False,False,0.0,25,14.0,2.0,0.0
CDK_Depict_14_35,CCOC(C(O)SC(C(OCC)OCC)O)OCC,*C(C)C(CCC)OCC.CCO,CCOC(OCC)C(O)SC(O)C(OCC)OCC,*C(C)C(CCC)OCC.CCO,True,True,False,False,0.28125,13,19.0,0.0,2.0
CDK_Depict_14_36,CN(C)OP(ON(C)C)ON(C)C,CN(C)C.CNC.CON,CN(C)OP(ON(C)C)ON(C)C,CN(C)C.CNC.CON,True,True,False,False,0.21052631578947367,11,13.0,0.0,0.0
CDK_Depict_14_37,[C@@H](C(C(=O)O)O)(C(=O)O)O,O=CC(O)[C@H]([CoH])C(=O)[O-],O=C(O)C(O)[C@@H](O)C(=O)O,O=CC(O)[C@H]([CoH])C(=O)[O-],True,True,False,False,0.20833333333333334,20,10.0,0.0,2.0
CDK_Depict_14_38,C[C@]12CC[C@H](C[C@H]1CC[C@@H]3[C@@H]2CC[C@]4([C@H]3CCC4=O)C)O,CCC(=O)[C@@]12CC[C@@H]3C(=C4C[C@@H](O)C[C@]4(C)CC[C@@H](C(=O)CC1)[C@@H]23C)CC[C@@]13C,C[C@]12CC[C@@H](O)C[C@H]1CC[C@@H]1[C@@H]2CC[C@]2(C)C(=O)CC[C@@H]12,,True,False,False,False,0.0,44,21.0,4.0,7.0
CDK_Depict_14_39,CCCCC#C[C@@H](C(C(F)(F)F)(F)F)O,CCCCC#C[C@H](C)C(F)(F)C(F)(F)F,CCCCC#C[C@H](O)C(F)(F)C(F)(F)F,CCCCC#C[C@H](C)C(F)(F)C(F)(F)F,True,True,False,False,0.6451612903225806,6,15.0,0.0,1.0
CDK_Depict_14_40,N(N(F)F)(F)F,*N(*)N(*)*,FN(F)N(F)F,*N(*)N(*)*,True,True,False,False,0.1111111111111111,7,6.0,0.0,0.0
CDK_Depict_14_41,CC(C)[C@H](C(=O)OC)NCC=C,CCC.COC(C)=O,C=CCN[C@@H](C(=O)OC)C(C)C,CCC.COC(C)=O,True,True,False,False,0.25806451612903225,15,12.0,0.0,1.0
CDK_Depict_14_42,C1=CC=C(C=C1)C2=NC(=NC(=N2)F)F,*C1[nH]cnc(-c2ccccc2)[nH]1,Fc1nc(F)nc(-c2ccccc2)n1,,True,False,False,False,0.0,28,14.0,2.0,0.0
CDK_Depict_14_44,CCSC(C[C@@H]1[C@@H]2CC[C@@H](C2)[C@@H]1C(CO)O)SCC,CC.CCO.CCO.CCO.CCSC(C)SCC,CCSC(C[C@@H]1[C@@H]2CC[C@@H](C2)[C@@H]1C(O)CO)SCC,CC.CCO.CCO.CCO.CCSC(C)SCC,True,True,False,False,0.2631578947368421,33,19.0,2.0,5.0
CDK_Depict_14_45,C(=N/F)(\C(N(Cl)Cl)(F)F)/C(F)(F)F,CN(C)C(F)(F)C(F)(F)NP,F/N=C(\C(F)(F)F)C(F)(F)N(Cl)Cl,CN(C)C(F)(F)C(F)(F)NP,True,True,False,False,0.125,17,13.0,0.0,0.0
CDK_Depict_14_47,CC1([C@H](O[C@@H](CC1=O)C#N)CCCCl)C,CCC[C@H]1O[C@H](C)CC(C)(C)C1(C)C,CC1(C)C(=O)C[C@@H](C#N)O[C@@H]1CCCCl,CCC[C@H]1O[C@H](C)CC(C)(C)C1(C)C,True,True,False,False,0.2,14,15.0,1.0,2.0
CDK_Depict_14_49,B(CC)(CC)C1=CN=CC=C1,CCOc1cccnc1,CCB(CC)c1cccnc1,CCOc1cccnc1,True,True,False,False,0.4375,16,11.0,1.0,0.0
CDK_Depict_14_51,C([C@@H]([C@H](CBr)O)O)Br,*C[C@H](C)[C@@H](C)CC,O[C@@H](CBr)[C@@H](O)CBr,*C[C@H](C)[C@@H](C)CC,True,True,False,False,0.09090909090909091,14,8.0,0.0,2.0
CDK_Depict_14_53,C1[Se][Se][Se][Se][Se][Se]1,C1[SeH][SeH][SeH][SeH]1,C1[Se][Se][Se][Se][Se][Se]1,C1[SeH][SeH][SeH][SeH]1,True,True,False,False,0.0625,10,7.0,1.0,0.0
CDK_Depict_14_54,C1=COC(=C1)C2=COC=C2,cc(cccC)-c1ccoc1,c1coc(-c2ccoc2)c1,,True,False,False,False,0.0,18,10.0,2.0,0.0
CDK_Depict_14_55,C[C@]12C(=O)[C@H](C1(C)C)CCO2,C1CO[C@@H]2(C(C)(C)C)C(=O)C1,CC1(C)[C@@H]2CCO[C@@]1(C)C2=O,,True,False,False,False,0.0,18,11.0,3.0,2.0
CDK_Depict_14_59,C[C@@H]1[C@@H]([C@@H]([C@H](C(O1)O)O)O)O,C.C.C.C.CC.CC.CC.CC.CC.CC.CC.CC.CC.CC.CC.CC.CC.CC.CC.CC.CC.CC.CC.CC.CC.CC.CC.CC.CC.CC.CC.CC.CC.CC.CC.CC.CC.CC.CC.CC.CC.CC.CC.CC.CC.CC.CC.CC.CC.CC.CC.CC.CC.CC.CC.CC.CC.CC.CC.CC.CC.CC.CC.CC.CC.CC.CC.CC.CCC,C[C@H]1OC(O)[C@H](O)[C@@H](O)[C@H]1O,C.C.C.C.CC.CC.CC.CC.CC.CC.CC.CC.CC.CC.CC.CC.CC.CC.CC.CC.CC.CC.CC.CC.CC.CC.CC.CC.CC.CC.CC.CC.CC.CC.CC.CC.CC.CC.CC.CC.CC.CC.CC.CC.CC.CC.CC.CC.CC.CC.CC.CC.CC.CC.CC.CC.CC.CC.CC.CC.CC.CC.CC.CC.CC.CC.CC.CC.CCC,True,True,False,False,0.047619047619047616,197,11.0,1.0,5.0
CDK_Depict_14_60,CO[C@H]1[C@@H]([C@H]([C@H](O[C@@H]1C(=O)O)O[C@@H]2[C@H]([C@@H](CO[C@H]2O)O)O)O)O,[6H]C(C)[C@H]1C[C@H](O[C@H]2CsCC(C)[C@H]2C)[C@H](C)C(C)[C@H]1C,CO[C@H]1[C@H](O)[C@@H](O)[C@@H](O[C@@H]2[C@@H](O)[C@H](O)CO[C@H]2O)O[C@@H]1C(=O)O,[6H]C(C)[C@H]1C[C@H](O[C@H]2CSCC(C)[C@H]2C)[C@H](C)C(C)[C@H]1C,True,True,False,False,0.07575757575757576,40,23.0,2.0,9.0
CDK_Depict_15_1,CCSC(=S)C(C)(C)Br,CC(=S)C(C)(C)C.CCC,CCSC(=S)C(C)(C)Br,CC(=S)C(C)(C)C.CCC,True,True,False,False,0.3333333333333333,7,9.0,0.0,0.0
CDK_Depict_15_2,CCN(CC)[Sn](CC)(CC)N(CC)CC,CCN(CC)*(CC)(CC)N(CC)CC,CC[N](CC)[Sn]([CH2]C)([CH2]C)[N](CC)CC,CCN(CC)*(CC)(CC)N(CC)CC,True,True,False,False,0.23809523809523808,4,15.0,0.0,0.0
CDK_Depict_15_3,C[C@H]1CC2=C([C@H](O1)C)C(=O)C3=C(C2=O)C=CC=C3OC,COc1cccc2c1C(=O)C1C(C[C@H](C)C[C@@H]1C)C2=O,COc1cccc2c1C(=O)C1=C(C[C@H](C)O[C@@H]1C)C2=O,COc1cccc2c1C(=O)C1C(C[C@H](C)C[C@@H]1C)C2=O,True,True,False,False,0.39622641509433965,37,20.0,3.0,2.0
CDK_Depict_15_4,CCCNC/C(=C/1\CCNC1C#N)/F,*C(CNCCC)=C1CCNC1C,CCCNC/C(F)=C1\CCNC1C#N,*C(CNCCC)=C1CCNC1C,True,True,False,False,0.4888888888888889,11,14.0,1.0,1.0
CDK_Depict_15_5,[Si](SS[Si](Br)(Br)Br)(Br)(Br)Br,C[SiH2-](C)[sH2-].C[Si](C)(C)[SiH2-],Br[Si](Br)(Br)SS[Si](Br)(Br)Br,,True,False,False,False,0.0,28,10.0,0.0,0.0
CDK_Depict_15_6,CC12CCC3C(C1CC[C@@H]2O)CCC4=C3CCC(C4)O,CC12CCC3C4CCC(O)Cc4CCC3C1CC[C@@H]2O,CC12CCC3C4=C(CCC3C1CC[C@@H]2O)CC(O)CC4,CC12CCC3C4CCC(O)CC4CCC3C1CC[C@@H]2O,True,True,False,False,0.40816326530612246,20,20.0,4.0,6.0
CDK_Depict_15_7,C1=C(N=CS1)C(N=C(N)N)S,CCc1c(C)[N1]=C([N1])[N1],NC(N)=NC(S)c1cscn1,,True,False,False,False,0.0,18,11.0,1.0,1.0
CDK_Depict_15_8,C[C@@H]1CC[C@H]([C@@H](C1)O)C(C)(C)O,*C(C)C.[CH]C(C)C1CCC(C)C[C@H]1C,C[C@@H]1CC[C@@H](C(C)(C)O)[C@H](O)C1,*C(C)C.[CH]C(C)C1CCC(C)C[C@H]1C,True,True,False,False,0.24324324324324326,25,12.0,1.0,3.0
CDK_Depict_15_9,C[C@@]12CC[C@H](C1=CC(=O)CC2)O,C[C@@H]1CC[C@@]2(C)CCC(=O)C=C12,C[C@]12CCC(=O)C=C1[C@H](O)CC2,C[C@@H]1CC[C@@]2(C)CCC(=O)C=C12,True,True,False,False,0.6875,10,12.0,2.0,2.0
CDK_Depict_15_10,C1C[C@H]2CCS(=O)[C@H]2C1,CC1C[C@]2(C)CCC[C@]2(C)S1=O,O=S1CC[C@@H]2CCC[C@@H]21,CC1C[C@]2(C)CCC[C@]2(C)S1=O,True,True,False,False,0.16216216216216217,14,9.0,2.0,3.0
CDK_Depict_15_11,CP(=S)(C)N1C=CN(C=C1)P(=S)(C)C,C=C(C)(C)n1ccN(C(C)(C)=S)cc1,CP(C)(=S)N1C=CN(P(C)(C)=S)C=C1,,True,False,False,False,0.0,17,14.0,1.0,0.0
CDK_Depict_15_12,CC(C)[C@@H]1C2=C(CCCC2)NC3=N[C@H]4CCCC[C@@H]4N13,CC.[H][C@]12CCCCC1N1C(=N2)CC2CCCCC2C1C(C)C,CC(C)[C@@H]1C2=C(CCCC2)NC2=N[C@H]3CCCC[C@@H]3N21,CC.CC(C)C1C2CCCCC2CC2=N[C@H]3CCCCC3N21,True,True,False,False,0.3584905660377358,28,20.0,4.0,3.0
CDK_Depict_15_13,C1=CO[N+](=PC1=S)[S-],*=C1**([S-])OC=C1,S=c1cco[n+]([S-])p1,*=C1**([S-])OC=C1,True,True,False,False,0.10526315789473684,17,8.0,1.0,1.0
CDK_Depict_15_14,C(=O)(O)OI,C#CC#CC#CC#CC#CC#CC#CC(=O)OC,O=C(O)OI,C#CC#CC#CC#CC#CC#CC#CC(=O)OC,True,True,False,False,0.14814814814814814,23,5.0,0.0,0.0
CDK_Depict_15_15,CCSC1=NN=NC1Cl,CCSC1=NNNC1C,CCSC1=NN=NC1Cl,CCSC1=NNNC1C,True,True,False,False,0.35294117647058826,2,9.0,1.0,1.0
CDK_Depict_15_16,COC1=NC(N=CN1)Cl,CC(C)/N=C\NC(C)C.CO,COC1=NC(Cl)N=CN1,CC(C)/N=C\NC(C)C.CO,True,True,False,False,0.024390243902439025,12,9.0,1.0,1.0
CDK_Depict_15_17,C=C1C=CC(=C2C=CC(=C)C=C2)C=C1,C=C1CCc(C2CCCCC(C)CC2)CC1,C=c1ccc(=c2ccc(=C)cc2)cc1,C=C1CCC(C2CCCCC(C)CC2)CC1,True,True,False,False,0.0967741935483871,8,14.0,2.0,0.0
CDK_Depict_15_18,N(=S=N[Te]F)N(N=S=N[Te]F)N=S=N[Te]F,C[Tc]N=S=NN(C)*=S=N[Tc]F.N=S=*[Tc][FH],F[Te]N=S=NN(N=S=N[Te]F)N=S=N[Te]F,,True,False,False,False,0.0,21,16.0,0.0,0.0
CDK_Depict_15_19,C1[C@@H]([C@H](C2=CC=CC=C21)O)O,C[C@H]1Cc2ccccc2C1O,O[C@H]1Cc2ccccc2[C@@H]1O,C[C@H]1Cc2ccccc2C1O,True,True,False,False,0.6296296296296297,20,11.0,2.0,2.0
CDK_Depict_15_20,C[C@H]([C@H]1CC[C@@H]2[C@@]1(CC[C@H]3[C@H]2CCC4=CC(=O)CC[C@H]34)C)O,CC(O)[C@@]1(C)CC[C@@]2(C)[C@@]3(C)CCC4=CC(=O)CC[C@]4(C)[C@@]3(C)CC[C@]21C,C[C@@H](O)[C@H]1CC[C@H]2[C@@H]3CCC4=CC(=O)CC[C@@H]4[C@H]3CC[C@]12C,CC(O)[C@@]1(C)CC[C@@]2(C)[C@@]3(C)CCC4=CC(=O)CC[C@]4(C)[C@@]3(C)CC[C@]21C,True,True,False,False,0.27419354838709675,40,22.0,4.0,7.0
CDK_Depict_15_21,CCOC(=O)[C@]1(C[C@H]2CC3=CC=CC=C3N2N1)C,[H][C@]1(CCC(=O)CCC)Cc2ccccc2N1,CCOC(=O)[C@@]1(C)C[C@H]2Cc3ccccc3N2N1,CCCC(=O)CC[C@H]1Cc2ccccc2N1,True,True,False,False,0.2833333333333333,25,18.0,3.0,2.0
CDK_Depict_15_22,C[C@]12CC[C@@H]3[C@H](CC3(C)C)[C@](C1)(CC[C@H]2O)O,[H]C12CC[C@@]3(C)CC(C)CCC(O)(C3)[C@]1([H])CC2(C)C,CC1(C)C[C@H]2[C@H]1CC[C@@]1(C)C[C@]2(O)CC[C@H]1O,CC1CCC2(O)C[C@@](C)(CCC3[C@H]2CC3(C)C)C1,True,True,False,False,0.5405405405405406,28,17.0,3.0,5.0
CDK_Depict_15_24,CC(C)(C)C(=S)P,CC(P)=S,CC(C)(C)C(P)=S,CC(P)=S,True,True,False,False,0.46153846153846156,8,7.0,0.0,0.0
CDK_Depict_15_25,CC12CCCC[C@@H]1CCC3C2C(CC4(C3CC[C@@H]4N)C)O,O.[H][C@@]12CCCCC1(C)C1C(C)CC3(C)C(CC[C@@H]3C)C1CC2,CC12CCCC[C@@H]1CCC1C2C(O)CC2(C)C1CC[C@@H]2N,CC1CC2(C)C(CC[C@@H]2C)C2CC[C@@H]3CCCCC3(C)C12.O,True,True,False,False,0.5319148936170213,29,21.0,4.0,8.0
CDK_Depict_15_26,[2H]C([2H])([2H])C([2H])(C([2H])([2H])[2H])NC(=S)N,[2H]C(C)(C)C(C)([W]C(=S)[W])C(C)(C)C,[2H]C([2H])([2H])C([2H])(NC(N)=S)C([2H])([2H])[2H],[2H]C(C)(C)[C](C)([W][C](=S)[W])C(C)(C)C,True,True,False,False,0.2,29,14.0,0.0,0.0
CDK_Depict_15_27,C(=N\N=C(N)N)\C(=N/N=C(N)N)\C(F)(F)F,*C(C)=N/N=C(\CC)C(F)(F)F.CC(C)=NN,NC(N)=N/N=C\C(=N/N=C(N)N)C(F)(F)F,*C(C)=N/N=C(\CC)C(F)(F)F.CC(C)=NN,True,True,False,False,0.1951219512195122,23,16.0,0.0,0.0
CDK_Depict_15_28,C[C@H]1C=C(C[C@H]2[C@@]1(C(=O)C(CC2)(C)C)C)C,C=C1C(C)(C)CC[C@@]2(C)CC(C)=CC(C)C12C,CC1=C[C@H](C)[C@@]2(C)C(=O)C(C)(C)CC[C@H]2C1,C=C1C(C)(C)CC[C@@]2(C)CC(C)=CC(C)C12C,True,True,False,False,0.32608695652173914,23,16.0,2.0,3.0
CDK_Depict_15_29,C1#C[Te]C#C[Te]C#C[Te]C#C[Te]C#C[Te]C#C[Te]1,CC.CC.CC.CC.CC.CC.CC.CCC.CCC,C1#C[Te]C#C[Te]C#C[Te]C#C[Te]C#C[Te]C#C[Te]1,CC.CC.CC.CC.CC.CC.CC.CCC.CCC,True,True,False,False,0.0,32,18.0,1.0,0.0
CDK_Depict_15_30,CN[C@H](C(=O)N)C(=S)S,CN[C@H](C(C)=O)C(=S)S,CN[C@H](C(N)=O)C(=S)S,CN[C@H](C(C)=O)C(=S)S,True,True,False,False,0.64,4,9.0,0.0,1.0
CDK_Depict_15_31,CCOC(=O)C(=O)NC1=NC(=S)SS1,CCC.CSC(=N)NC(=O)C(C)=O,CCOC(=O)C(=O)Nc1nc(=S)ss1,CCC.CSC(=N)NC(=O)C(C)=O,True,True,False,False,0.1702127659574468,14,14.0,1.0,0.0
CDK_Depict_15_32,C(C(Cl)(Cl)Cl)SC(=O)Cl,*C(=O)SCC(C)(C)C,O=C(Cl)SCC(Cl)(Cl)Cl,*C(=O)SCC(C)(C)C,True,True,False,False,0.2962962962962963,13,9.0,0.0,0.0
CDK_Depict_15_34,CCC[C@@H](C)C1(C(=O)NC(=O)NC1=O)CC=C,C=CCC(C(C)=O)(C(C)=O)[C@H](C)CCC,C=CCC1([C@H](C)CCC)C(=O)NC(=O)NC1=O,C=CCC(C(C)=O)(C(C)=O)[C@H](C)CCC,True,True,False,False,0.32558139534883723,20,17.0,1.0,1.0
CDK_Depict_15_36,C(F)(F)(F)[Sb]N([Sb]C(F)(F)F)[Sb]C(F)(F)F,CC(F)(F)CF.CC(F)(F)F.CN(C)[SH]C(F)(F)F,F[C](F)(F)[Sb][N]([Sb][C](F)(F)F)[Sb][C](F)(F)F,CC(F)(F)CF.CC(F)(F)F.CN(C)[SH]C(F)(F)F,True,True,False,False,0.14814814814814814,19,16.0,0.0,0.0
CDK_Depict_15_37,CC1=CSC(=S)N1OC2CCCC2,Cc1cSC(=S)N1CC1CCCC1,Cc1csc(=S)n1OC1CCCC1,Cc1csc(=S)n1CC1CCCC1,True,True,False,False,0.48717948717948717,6,13.0,2.0,0.0
CDK_Depict_15_38,C[C@@H]1CC[C@@H]([C@@H]1C2C(=CC(=O)O2)C(C)C)C(=O)C,CC(=O)C=C(C(C)C)C(C)C1[C@@H](C(C)=O)CC[C@@H]1C,CC(=O)[C@H]1CC[C@@H](C)[C@H]1C1OC(=O)C=C1C(C)C,CC(=O)C=C(C(C)C)C(C)C1[C@@H](C(C)=O)CC[C@@H]1C,True,True,False,False,0.3269230769230769,34,18.0,2.0,4.0
CDK_Depict_15_39,CC1=CC[C@@]2([C@H](C1)CCC(C2=O)(C)C)C,[H]C12CCC(C)(C)C(=O)[C@@]1([H])CC=C(C)C2,CC1=CC[C@@]2(C)C(=O)C(C)(C)CC[C@H]2C1,CC1=CC[C@@H]2C(=O)C(C)(C)CCC2C1,True,True,False,False,0.42857142857142855,27,15.0,2.0,2.0
CDK_Depict_15_40,C1[C@H]([C@H]1OC2=C(C=CC=C2Cl)Cl)N,*c1cccc(*)c1C[C@H]1C[C@H]1N,N[C@@H]1C[C@@H]1Oc1c(Cl)cccc1Cl,*c1cccc(*)c1C[C@H]1C[C@H]1N,True,True,False,False,0.3055555555555556,27,13.0,2.0,2.0
CDK_Depict_15_41,CP(C)OSP(C)C,C*(C)CCP(C)C,CP(C)OSP(C)C,C*(C)CCP(C)C,True,True,False,False,0.125,3,8.0,0.0,0.0
CDK_Depict_15_42,C(O)P(CO)(CO)(CO)Cl,*CC(C)(C*)CC,OCP(Cl)(CO)(CO)CO,*CC(C)(C*)CC,True,True,False,False,0.09523809523809523,11,10.0,0.0,0.0
CDK_Depict_15_43,[2H][C@](CC(=O)C1=CC=CC=C1NC(=O)C)(C(=O)O)N,*C([2H])(CC(=O)C1CCCCC1[10N]C(C)=O)C(C)=O,[2H][C@](N)(CC(=O)c1ccccc1NC(C)=O)C(=O)O,*C([2H])(CC(=O)C1CCCCC1[10N]C(C)=O)C(C)=O,True,True,False,False,0.22413793103448276,21,19.0,1.0,1.0
CDK_Depict_15_44,CC1=C(C=NOC1)C,Cc1c(C)cncC1,CC1=C(C)CON=C1,,True,False,False,False,0.0,9,8.0,1.0,0.0
CDK_Depict_15_46,CC(C)(C#CC(=O)SC)N(C)C,CSC(=O)C#CC(C)(C)N(C)C,CSC(=O)C#CC(C)(C)N(C)C,CSC(=O)C#CC(C)(C)N(C)C,True,True,True,True,1.0,7,12.0,0.0,0.0
CDK_Depict_15_47,C1=C(C(N=C(N1)Cl)Cl)F,*C1*=C(C)CC=C1C,FC1=CNC(Cl)=NC1Cl,*C1*=C(C)CC=C1C,True,True,False,False,0.075,14,9.0,1.0,1.0
CDK_Depict_15_48,C1(=C(S[Si]=C1F)F)F,CC1**C([Ti])C1,FC1=[Si]SC(F)=C1F,CC1**[CH]([Ti])C1,True,True,False,False,0.0,11,8.0,1.0,0.0
CDK_Depict_15_49,CN[C@H]1[C@@H]([C@H]([C@@H](CO1)O)O)O,[CH][C@H](C(C)[NH2]C)C(O)[C@H](O)CC,CN[C@@H]1OC[C@@H](O)[C@H](O)[C@H]1O,,True,False,False,False,0.0,24,11.0,1.0,4.0
CDK_Depict_15_50,C1=NC(=C(N1[C@H]2[C@@H]([C@@H]([C@H](O2)CO)O)O)N)C(=O)N,*[C@@H]1[C@H]([121O])[C@@H](CO)O[C@H]1C.CC(=O)C1=C([121N])NC=N1,NC(=O)c1ncn([C@@H]2O[C@H](CO)[C@@H](O)[C@H]2O)c1N,*[C@@H]1[C@H]([121O])[C@@H](CO)O[C@H]1C.CC(=O)c1nc[nH]c1[121N],True,True,False,False,0.24242424242424243,39,18.0,2.0,4.0
CDK_Depict_15_51,C1CC(C=C(C1)SC2=CC=CC=C2)SC3=CC=CC=C3,C1=C(SC2CCCCC2)CCCC1SC1CCCCC1,C1=C(Sc2ccccc2)CCCC1Sc1ccccc1,C1=C(SC2CCCCC2)CCCC1SC1CCCCC1,True,True,False,False,0.4,18,20.0,3.0,1.0
CDK_Depict_15_52,COC(=O)C(=C1NSC(=C(C#N)C(=O)OC)NS1)C#N,CC.CCC(=O)C(C#N)C1sSC(=C(C#N)C(C)=O)sS1,COC(=O)C(C#N)=c1[nH]sc(=C(C#N)C(=O)OC)[nH]s1,CC.CCC(=O)C(C#N)C1SSC(=C(C#N)C(C)=O)SS1,True,True,False,False,0.23529411764705882,18,20.0,1.0,0.0
CDK_Depict_15_53,C[C@H]1CC[C@@H]2[C@H]([C@]3([C@@]1(CCC3=O)O)C)OC(=O)C2=C,CC(C)[C@]1(C)CCC(=O)C(C)(C)[C@H](C)CC[C@H](C)C1(C)C,C=C1C(=O)O[C@@H]2[C@H]1CC[C@H](C)[C@@]1(O)CCC(=O)[C@@]21C,CC(C)[C@]1(C)CCC(=O)C(C)(C)[C@H](C)CC[C@H](C)C1(C)C,True,True,False,False,0.3018867924528302,37,19.0,3.0,5.0
CDK_Depict_15_54,C(C1=NNC(=S)N1N)C2=NNC(=S)N2N,NN1C(=S)[NH]N=C1Cc1[NH14][NH14]=C1[NH14]1[NH14],Nn1c(Cc2n[nH]c(=S)n2N)n[nH]c1=S,,True,False,False,False,0.0,36,15.0,2.0,0.0
CDK_Depict_15_55,C=S1C(SC(SC1(Cl)Cl)(Cl)Cl)(Cl)Cl,CC(C)(C)*C(C)(C)C.CC(C)(C)C,C=S1C(Cl)(Cl)SC(Cl)(Cl)SC1(Cl)Cl,CC(C)(C)*C(C)(C)C.CC(C)(C)C,True,True,False,False,0.0,18,13.0,1.0,0.0
CDK_Depict_15_56,CCCCN=S(=O)(C)N1CCCCC1,CCCCN=S(C)(=O)N1CCCCC1,CCCCN=S(C)(=O)N1CCCCC1,CCCCN=S(C)(=O)N1CCCCC1,True,True,True,True,1.0,4,14.0,1.0,1.0
CDK_Depict_15_57,C1=CP(=O)(C=CO1)Cl,C=*1(C)ccCCC1,O=P1(Cl)C=COC=C1,C=*1(C)C=CCCC1,True,True,False,False,0.030303030303030304,12,8.0,1.0,0.0
CDK_Depict_15_58,CC(C)(C)C1=C(P=P1)C(C)(C)C,CC(=C(C)C(C)(C)C)C(C)(C)C,CC(C)(C)C1=C(C(C)(C)C)P=P1,CC(=C(C)C(C)(C)C)C(C)(C)C,True,True,False,False,0.17647058823529413,9,12.0,1.0,2.0
CDK_Depict_15_59,CC12CCC3C(C1CC[C@@H]2O)CCC4=C3C(=CC(=C4)O)O,CC12CCC3C4c(O)cc(Cl)cc4CCC3C1CC[C@H]2O,CC12CCC3c4c(O)cc(O)cc4CCC3C1CC[C@@H]2O,,True,False,False,False,0.0,25,21.0,4.0,5.0
CDK_Depict_15_60,C(OP(=O)(O)O)(OP(=O)(O)O)(Cl)Cl,CC(C)(C)O.C[PH](=O)(OOOOOOOOOOOOOO)OOOOOOOOOOOOOO.C[PH](C)(=O)O,O=P(O)(O)OC(Cl)(Cl)OP(=O)(O)O,,True,False,False,False,0.0,45,13.0,0.0,0.0
CDK_Depict_15_61,[B]C(CSSC(CN)O)(N)O,CC(N)(N)CSS.CN,[B]C(N)(O)CSSC(O)CN,CC(N)(N)CSS.CN,True,True,False,False,0.17647058823529413,14,11.0,0.0,2.0
CDK_Depict_15_62,C[C@H]1[C@H]2CCCC[C@@H]2CC(=O)O1,[H][C@]12CCCC[C@@]1(C)C(C)C,C[C@@H]1OC(=O)C[C@H]2CCCC[C@@H]21,,True,False,False,False,0.0,14,12.0,2.0,3.0
CDK_Depict_15_63,C1=C(C(=CSS1)O)O,C/C=C(\O)C(O)=CS,OC1=CSSC=C1O,C/C=C(\O)C(O)=CS,True,True,False,False,0.043478260869565216,11,8.0,1.0,0.0
CDK_Depict_15_64,CCCCC[C@@H](C=C[C@H]1[C@@H](CC2C1CC(=CCCCC(=O)O)O2)O)O,CCCCC[C@@H](O)CC[C@@H]1C2CC(=CCCCCC(=O)O)OC2C[C@H]1O,CCCCC[C@H](O)C=C[C@@H]1C2CC(=CCCCC(=O)O)OC2C[C@H]1O,CCCCC[C@@H](O)CC[C@@H]1C2CC(=CCCCCC(=O)O)OC2C[C@H]1O,True,True,False,False,0.6721311475409836,20,25.0,2.0,5.0
CDK_Depict_15_65,C1CSP2N1CCS2,CP1NCCS1,C1CN2CCSP2S1,CP1NCCS1,True,True,False,False,0.2,6,8.0,2.0,0.0
CDK_Depict_15_66,CC(C)C(C(=N)N)SP(=O)(O)O,**(C)=O.*C(=N)C(S)C(C)C,CC(C)C(SP(=O)(O)O)C(=N)N,**(C)=O.*C(=N)C(S)C(C)C,True,True,False,False,0.21621621621621623,15,12.0,0.0,1.0
CDK_Depict_15_67,CP(S(F)(F)F)S(F)(F)F,*[SH](*)(*)C(C)C,CP(S(F)(F)F)S(F)(F)F,*[SH](*)(*)C(C)C,True,True,False,False,0.05555555555555555,14,10.0,0.0,0.0
CDK_Depict_15_68,C(C(F)(F)F)I(Cl)Cl,CC(C)CC(C)(C)C,FC(F)(F)CI(Cl)Cl,CC(C)CC(C)(C)C,True,True,False,False,0.08695652173913043,9,8.0,0.0,0.0
CDK_Depict_15_69,C1(=O)PC(=O)P1,O=C1*C(=O)*1,O=C1PC(=O)P1,O=C1*C(=O)*1,True,True,False,False,0.23076923076923078,7,6.0,1.0,2.0
CDK_Depict_15_70,CSC1=NC=NC2=C1N=CN2[C@H]3[C@@H]([C@@H]([C@H](O3)CO)O)O,CSC1=NC=*C2=C1*=C*2[C@@H]1OC(CO)C(O)(O)[C@H]1O,CSc1ncnc2c1ncn2[C@@H]1O[C@H](CO)[C@@H](O)[C@H]1O,CSc1nc*c2*([C@@H]3OC(CO)C(O)(O)[C@H]3O)c*c12,True,True,False,False,0.2571428571428571,26,20.0,3.0,4.0
CDK_Depict_15_72,N1=NN=NN=N1,N1=N[NH2+]=[NH2+][NH2+]=N1,n1nnnnn1,,True,False,False,False,0.0,15,6.0,1.0,0.0
CDK_Depict_15_73,C1(=S)NN(C(=S)S1)NNC(=O)N,CC(=S)SC(C)=S.CNC(C)=O,NC(=O)NNn1[nH]c(=S)sc1=S,CC(=S)SC(C)=S.CNC(C)=O,True,True,False,False,0.125,13,12.0,1.0,0.0
CDK_Depict_15_74,C[C@@H]1CC2=CC(=O)CCC2C3C1C4CCC(C4(CC3)C)O,CC1CCC2C(=C1)CC1CCC3C2CCC2(C)C(O)CCC32,C[C@@H]1CC2=CC(=O)CCC2C2CCC3(C)C(O)CCC3C21,,True,False,False,False,0.0,23,21.0,4.0,7.0
CDK_Depict_15_75,C1=CC(=CC=C1[C@H]2[C@@H](S2)C3=CC=C(C=C3)Cl)Cl,Cc1ccC([C@@H]2C[C@@H]2c2ccc(C)cc2)CC1,Clc1ccc([C@@H]2S[C@H]2c2ccc(Cl)cc2)cc1,,True,False,False,False,0.0,28,17.0,3.0,2.0
CDK_Depict_15_76,C[C@H]1C(=O)CCC2=CC[C@H]3[C@@H]([C@]12C)C3(C)C,CC.[H]C12CCc3CCC(=O)[C@H](C)[C@@]3(C)C1C2(C)C,C[C@H]1C(=O)CCC2=CC[C@H]3[C@H](C3(C)C)[C@@]21C,CC.C[C@H]1C(=O)CCC2CCC3C(C3(C)C)[C@@]21C,True,True,False,False,0.38636363636363635,24,16.0,3.0,4.0
CDK_Depict_15_77,C[C@@H](CC1=CC=CC=C1)N,CC([Nl)1])(Cc1ccccc1,C[C@H](N)Cc1ccccc1,,True,False,False,False,0.0,18,10.0,1.0,1.0
CDK_Depict_15_78,CC(=O)O[C@H]1[C@H](O[C@H]2[C@@H]1OC(O2)(C)C)[C@@H]3COC(=O)S3,CC(=O)OC1[C@H](C)C(C)(F)CC1(C)C(C)(C)COC(C)C.CC(C)(C)C,CC(=O)O[C@@H]1[C@H]2OC(C)(C)O[C@H]2O[C@@H]1[C@@H]1COC(=O)S1,CC(=O)OC1[C@H](C)C(C)(F)CC1(C)C(C)(C)COC(C)C.CC(C)(C)C,True,True,False,False,0.2028985507246377,34,20.0,3.0,5.0
CDK_Depict_15_79,O1OSSS1,C1OSSS1,o1osss1,C1OSSS1,True,True,False,False,0.10526315789473684,1,5.0,1.0,0.0
CDK_Depict_15_80,S(Br)(Br)(Br)(Br)(Br)Br,CC(C)([Rf])([Rf])([Rf])[Rf],BrS(Br)(Br)(Br)(Br)Br,,True,False,False,False,0.0,21,7.0,0.0,0.0
CDK_Depict_15_81,COC(=O)C1=C(SS1)C(=O)OC,COC(=O)C1=C(C(C)=O)SS1,COC(=O)c1ssc1C(=O)OC,COC(=O)c1ssc1C(C)=O,True,True,False,False,0.8,8,12.0,1.0,0.0
CDK_Depict_15_82,C(/C=C\C(C(F)(F)Br)(F)F)O,CC/C=C\C(F)(F)C(F)(F)F,OC/C=C\C(F)(F)C(F)(F)Br,CC/C=C\C(F)(F)C(F)(F)F,True,True,False,False,0.3333333333333333,8,11.0,0.0,0.0
CDK_Depict_15_83,CC1(OC[C@H]([C@@H](O1)COCC2=CC=CC=C2)OC(=S)SC)C,CCc1ccccc1.CSC(=S)OC1COC(C)(C)O[C@H]1CO,CSC(=S)O[C@@H]1COC(C)(C)O[C@H]1COCc1ccccc1,CCc1ccccc1.CSC(=S)OC1COC(C)(C)O[C@H]1CO,True,True,False,False,0.7037037037037037,34,22.0,2.0,2.0
CDK_Depict_15_84,B(C1CCC(C1)(C(=O)O)N)(O)O,CC(=O)C1(C)CCC(*(O)OOOOOOOOOOOOOO)C1,NC1(C(=O)O)CCC(B(O)O)C1,CC(=O)C1(C)CCC(*(O)OOOOOOOOOOOOOO)C1,True,True,False,False,0.17647058823529413,24,12.0,1.0,2.0
CDK_Depict_15_85,CN1C(=O)[C@H]([C@@H](N1)[C@H]2COC3(O2)CCCCC3)CCO,[H][C@]1([C@H](C)COC2(C)CCCCC2)NN(C)CC1CCC,CN1N[C@@H]([C@H]2COC3(CCCCC3)O2)[C@H](CCO)C1=O,CCCC1CN(C)N[C@@H]1[C@H](C)COC1(C)CCCCC1,True,True,False,False,0.22058823529411764,30,20.0,3.0,3.0
CDK_Depict_15_88,C[C@@H]1CC[C@H]([C@@H](C1)OC(=O)[C@@]2([C@H](O2)C)C)C(C)C,CCC(C)(C)C(C)=O.C[C@H]1CC[C@H](C(C)(C)C)[C@H](C)C1,CC(C)[C@@H]1CC[C@@H](C)C[C@H]1OC(=O)[C@@]1(C)O[C@@H]1C,CCC(C)(C)C(C)=O.C[C@H]1CC[C@H](C(C)(C)C)[C@H](C)C1,True,True,False,False,0.2222222222222222,35,18.0,2.0,5.0
CDK_Depict_15_89,B1(P(B(P(B(P1C)C)C)C)C)C,C[2H](C)[2H](C)[2H](C)[2H](C)P(C)[2H](C)C,CB1P(C)B(C)P(C)B(C)P1C,,True,False,False,False,0.0,30,12.0,1.0,3.0
CDK_Depict_15_90,C1=CN=CN=C1OS(=O)(=O)O,CS(=O)(=O)Cl.Cc1ccncn1,O=S(=O)(O)Oc1ccncn1,CS(=O)(=O)Cl.Cc1ccncn1,True,True,False,False,0.4,20,11.0,1.0,0.0
CDK_Depict_15_91,B(CC)(Cl)Br,[3H][2H](C)CC,CCB(Cl)Br,,True,False,False,False,0.0,11,5.0,0.0,0.0
CDK_Depict_15_92,[N-]=[N+]=NO[I-](F)(Cl)Br,CCN=[N+]=[N-]=[NH-],[N-]=[N+]=NO[I-](F)(Cl)Br,,True,False,False,False,0.0,16,8.0,0.0,1.0
CDK_Depict_15_93,CCN(CC)C(=NC(C)(C)C)C(=C)Cl,C=C(C)C(=N)N(CC)CC,C=C(Cl)C(=NC(C)(C)C)N(CC)CC,C=C(C)C(=N)N(CC)CC,True,True,False,False,0.3125,13,14.0,0.0,0.0
CDK_Depict_15_94,N(=S=O)[Ge](N=S=O)(N=S=O)N=S=O,C=S=n*(*=S=O)(N=S=O)nc=O,O=S=[N][Ge]([N]=S=O)([N]=S=O)[N]=S=O,,True,False,False,False,0.0,12,13.0,0.0,1.0
CDK_Depict_15_95,C=CCN(CC=C)SSSN(CC=C)CC=C,C=CCN(CC=C)SSSN(CC=C)CC=C,C=CCN(CC=C)SSSN(CC=C)CC=C,C=CCN(CC=C)SSSN(CC=C)CC=C,True,True,True,True,1.0,0,17.0,0.0,0.0
CDK_Depict_15_96,B(C1=CC=CO1)(C2=CC=CO2)C3=CC=CO3,C/C=C\C=C(/C)C(c1ccco1)c1ccco1,c1coc(B(c2ccco2)c2ccco2)c1,C/C=C\C=C(/C)C(c1ccco1)c1ccco1,True,True,False,False,0.2571428571428571,25,16.0,3.0,0.0
CDK_Depict_15_97,B1(NB(SN1C)C)C,CN(S)[SH](C)N.[2HH]C,CB1NB(C)N(C)S1,,True,False,False,False,0.0,15,8.0,1.0,0.0
CDK_Depict_15_98,C[C@@H]1CC[C@@H]2C13CCC(C(C3)C2(C)C)(C)OC(=O)C,CC(C)=O.[H][C@@]12CC[C@H](C)C13CCC(C)(C)C(C3)C2(C)C,CC(=O)OC1(C)CCC23CC1C(C)(C)[C@@H]2CC[C@H]3C,CC(C)=O.C[C@H]1CC[C@H]2C(C)(C)C3CC12CCC3(C)C,True,True,False,False,0.6756756756756757,27,19.0,3.0,5.0
CDK_Depict_15_99,CN(C=O)/N=N/N(C)C=O,C=CN(C)/N=N/N(C)C=O,CN(C=O)/N=N/N(C)C=O,C=CN(C)/N=N/N(C)C=O,True,True,False,False,0.7222222222222222,4,10.0,0.0,0.0
CDK_Depict_15_100,CC1([C@@H](O1)COC2=C3C(=CC4=C2OC=C4)C=CC(=O)O3)C,CC1C(CCO)CC2CCC(=O)OC2C1CCC1OC1(C)C,CC1(C)O[C@H]1COc1c2occc2cc2ccc(=O)oc12,CC1C(CCO)CC2CCC(=O)OC2C1CCC1OC1(C)C,True,True,False,False,0.18309859154929578,27,21.0,4.0,1.0
CDK_Depict_16_1,C1=C[Sb]C(=[N+]1O)O,O.O.O=[SH]1C=C[NH2+]1,O[C]1=[N+](O)C=[CH][Sb]1,O.O.O=[SH]1C=C[NH2+]1,True,True,False,False,0.03571428571428571,15,7.0,1.0,0.0
CDK_Depict_16_2,CC1=CC(=P(C=C1C)(Br)Br)P(Br)Br,CC1CC(C)[2H](C)(Br)CC1C,CC1=CC(P(Br)Br)=P(Br)(Br)C=C1C,,True,False,False,False,0.0,18,13.0,1.0,0.0
CDK_Depict_16_3,C[C@H](/C=C/[C@@H]1[C@@](CC[C@]1(C(C)C)O)(C)CC(=O)OC)O,CCC(C)(CCC(C)(C)CC(C)=O)C[C@H](C)CC[C@H](C)O,COC(=O)C[C@@]1(C)CC[C@@](O)(C(C)C)[C@@H]1/C=C/[C@@H](C)O,CCC(C)(CCC(C)(C)CC(C)=O)C[C@H](C)CC[C@H](C)O,True,True,False,False,0.12307692307692308,35,20.0,1.0,4.0
CDK_Depict_16_4,C(CNC(=S)N)C=C(F)F,NC(=S)NCCC=C([FH])[K],NC(=S)NCCC=C(F)F,,True,False,False,False,0.0,11,10.0,0.0,0.0
CDK_Depict_16_5,C1=CSSC(C1C#N)/C=C\C#N,N#C/C=C\C1SSC=CC1C#N,N#C/C=C\C1SSC=CC1C#N,N#C/C=C\C1SSC=CC1C#N,True,True,True,True,1.0,13,12.0,1.0,2.0
CDK_Depict_16_6,COP(=O)(N1C=CN=C1)O,C1=CNC=N1.CO[2H](=O)O,COP(=O)(O)n1ccnc1,,True,False,False,False,0.0,16,10.0,1.0,1.0
CDK_Depict_16_7,C(C(F)(Cl)Br)Cl,CCC(C)C,FC(Cl)(Br)CCl,CCC(C)C,True,True,False,False,0.05263157894736842,9,6.0,0.0,1.0
CDK_Depict_16_8,CO[Te](OC)(OC)Cl,CC.CC,CO[Te](Cl)(OC)OC,CC.CC,True,True,False,False,0.09090909090909091,12,8.0,0.0,0.0
CDK_Depict_16_11,CO[C@@]12C[C@H]3[C@@H]([C@@H]1C(OC2)O)CC(=O)O3,CCCCCCCCCCCCCCCCCCCCCCCCCCCCCCCCCCCCCCCCCCCCCCCCCCCCCCCCCCCCCCCCCCCCCCCCCCCCCCCCCCCCCCCCCCCCCCCCCCCCCCCCCCCCCCCCCCCCCCCCCCCCCCCCCCCCCCCCCCCCCCCCCCCCCCC)CCCCCCCCCCCCCCCCCC,CO[C@]12COC(O)[C@H]1[C@H]1CC(=O)O[C@H]1C2,,True,False,False,False,0.0,159,15.0,3.0,5.0
CDK_Depict_16_12,COC1=[Al]C=CC=C1,C=C/C=C\C(=*C)OC,CO[c]1ccc[cH][Al]1,C=C/C=C\C(=*C)OC,True,True,False,False,0.0,12,,,
CDK_Depict_16_13,C[C@]12CCC(=O)C=C1CC[C@@H]3[C@@H]2CC[C@]4([C@H]3CC[C@]4(C)O)C,CCCC[C@@H]1C(CC[C@@]1(C)O)C(C)C(C)[C@@H]1CCC(=O)CC1CCC(C)(C)C1,C[C@]12CCC(=O)C=C1CC[C@@H]1[C@@H]2CC[C@@]2(C)[C@H]1CC[C@]2(C)O,,True,False,False,False,0.0,41,22.0,4.0,6.0
CDK_Depict_16_14,C1CC[C@H]2COC(=O)[C@H]2CC1,CC(=O)C1CCCCCC1,O=C1OC[C@@H]2CCCCC[C@H]12,CC(=O)C1CCCCCC1,True,True,False,False,0.22580645161290322,17,11.0,2.0,2.0
CDK_Depict_16_16,C1=NC(=NO1)C(Cl)(Cl)Cl,C=C(C)C(C)(C)C.C=N,ClC(Cl)(Cl)c1ncon1,C=C(C)C(C)(C)C.C=N,True,True,False,False,0.03333333333333333,12,9.0,1.0,0.0
CDK_Depict_16_17,C(=O)=[Pb]=C=O,C=[Pb]=C=O,O=[C]=[Pb]=[C]=O,[CH2]=[Pb]=[C]=O,True,True,False,False,0.4166666666666667,4,5.0,0.0,0.0
CDK_Depict_16_18,CC(=C=C=C(C(C)(C)C)P(C)C=C)C,C=C[2H](C)C(=C=C=C(C)C)C(C)(C)C,C=CP(C)C(=C=C=C(C)C)C(C)(C)C,,True,False,False,False,0.0,14,14.0,0.0,1.0
CDK_Depict_16_19,CC(=O)OC[C@@H]1[C@H]2[C@@H]([C@H]([C@H](O1)OC)OC(=O)C)OC(=O)S2,CO[C@H]1O[C@H](COC(C)=O)[C@@]2(C)SC(=O)(=O)O[C@@]2(C)[C@H]1OC(C)=O,CO[C@H]1O[C@H](COC(C)=O)[C@@H]2SC(=O)O[C@@H]2[C@H]1OC(C)=O,,True,False,False,False,0.0,44,21.0,2.0,5.0
CDK_Depict_16_20,CC(=C=CP(=O)(/C(=C/Br)/CBr)O)C,*/C=C(\CC)[pH](=O)C(C)=O.C=CC.Co,CC(C)=C=CP(=O)(O)/C(=C/Br)CBr,,True,False,False,False,0.0,24,13.0,0.0,1.0
CDK_Depict_16_21,C(CCN=C(N)N)C[C@@H](C(=O)O)N,C=C([NH112])[NH12].CCCCC[C@H]1[NH2]1,NC(N)=NCCCC[C@H](N)C(=O)O,,True,False,False,False,0.0,28,13.0,0.0,1.0
CDK_Depict_16_23,CN(C)C(=PP=C(N(C)C)N(C)C)N(C)C,CN(C)C(=p)N(C)C.Cp=C(N(C)C)N(C)C,CN(C)C(=PP=C(N(C)C)N(C)C)N(C)C,,True,False,False,False,0.0,10,16.0,0.0,2.0
CDK_Depict_16_24,CC(C)(C)S(=S)O,CC(C)(C)[SH]=S,CC(C)(C)S(O)=S,CC(C)(C)[SH]=S,True,True,False,False,0.25,5,7.0,0.0,1.0
CDK_Depict_16_26,C[C@@H]1CC[C@H]2[C@@H]([C@H](O[C@H]3[C@@]24[C@H]1CC[C@](O3)(OO4)C)O)O,CC1CCC2[C@H](C)CC[C@@]3([H])[C@H](O)[C@H](O)C[C@@H](O)[C@@H]23[O-],C[C@@H]1CC[C@H]2[C@H](O)[C@@H](O)O[C@@H]3O[C@@]4(C)CC[C@@H]1[C@]32OO4,,True,False,False,False,0.0,41,20.0,5.0,8.0
CDK_Depict_16_27,C([C@@H](C(=O)O)N)C(=O)O,*C(=O)[C@@H]([Ni])CC(C)=O.O,N[C@@H](CC(=O)O)C(=O)O,*C(=O)[C@@H]([Ni])CC(C)=O.O,True,True,False,False,0.2,14,9.0,0.0,1.0
CDK_Depict_16_28,COC[C@@H]1[C@@H]2[C@@H]([C@H](OCO2)COC)OCO1,CCC.CC[C@@H](C)[C@]1(C)OCO[C@H](COC)[C@@H]1O,COC[C@H]1OCO[C@H]2[C@@H]1OCO[C@@H]2COC,CCC.CC[C@@H](C)[C@]1(C)OCO[C@H](COC)[C@@H]1O,True,True,False,False,0.375,25,16.0,2.0,4.0
CDK_Depict_16_29,C(ON)(ON)(ON)ON,*OC(C)(O*)O[14N],NOC(ON)(ON)ON,*OC(C)(O*)O[14N],True,True,False,False,0.1,10,9.0,0.0,0.0
CDK_Depict_16_30,C1=CSC(=N1)S(=O)(=O)F,O=S(=O)([K])c1sCcs1,O=S(=O)(F)c1nccs1,,True,False,False,False,0.0,17,9.0,1.0,0.0
CDK_Depict_16_31,CO[N+](=O)O[N+](=O)OC,CO[N+](=O)O[N+](=O)OC,CO[N+](=O)O[N+](=O)OC,CO[N+](=O)O[N+](=O)OC,True,True,True,True,1.0,0,9.0,0.0,0.0
CDK_Depict_16_32,CCCCN1CCC[C@H](C1)OC(=O)NC2=C(C=CC=C2Cl)C,*C1=CC=CC(C)=C1NC.CC1CCCNC1.CCCCC,CCCCN1CCC[C@@H](OC(=O)Nc2c(C)cccc2Cl)C1,*c1cccc(C)c1NC.CC1CCCNC1.CCCCC,True,True,False,False,0.2876712328767123,25,22.0,2.0,1.0
CDK_Depict_16_33,COC(=O)[C@@H]1CCN[C@@]1(C2=CC=CC=C2)C(=O)N3CCCCC3,CC.CC(=O)[C@@H]1CCN[C@]1(C(=O)N1CCCCC1)c1ccccc1,COC(=O)[C@@H]1CCN[C@]1(C(=O)N1CCCCC1)c1ccccc1,CC.CC(=O)[C@@H]1CCN[C@]1(C(=O)N1CCCCC1)c1ccccc1,True,True,False,False,0.75,23,23.0,3.0,2.0
CDK_Depict_16_34,C[C@H]1C[C@@H]2CC3=CC=CC=C3N2N1,CC1C[C@@H](C)(C)CC2C[CH+]=[CH+]C[1]2C,C[C@H]1C[C@@H]2Cc3ccccc3N2N1,,True,False,False,False,0.0,23,13.0,3.0,2.0
CDK_Depict_16_35,C([C@H](C(=O)O)N)SC[C@@H](C(=O)O)N,N[C@H](CS)C(=O)O,N[C@H](CSC[C@H](N)C(=O)O)C(=O)O,N[C@H](CS)C(=O)O,True,True,False,False,0.5,20,13.0,0.0,2.0
CDK_Depict_16_37,C1=NC2[Se]C(=N1)[Se][Se]2,C.C[Sc]CC(=[V])[Se]C,C1=NC2[Se][Se]C(=N1)[Se]2,C.[CH3][Sc][CH2][C](=[V])[Se]C,True,True,False,False,0.0,13,8.0,2.0,1.0
CDK_Depict_16_38,CC1=NC=C(C(=O)C1)O,CC(=N)CCO,CC1=NC=C(O)C(=O)C1,CC(=N)CCO,True,True,False,False,0.09375,11,9.0,1.0,0.0
CDK_Depict_16_39,C(C(=O)NC(=C(Cl)Cl)C#N)F,*CC(C*)=C(C#N)NC(=O)CC,N#CC(NC(=O)CF)=C(Cl)Cl,*CC(C*)=C(C#N)NC(=O)CC,True,True,False,False,0.3888888888888889,17,11.0,0.0,0.0
CDK_Depict_16_40,C([C@H]([C@@H]([C@@H]([C@H](CO)O)O)O)O)O,CC[C@H](O)[C@H](O)[C@@H](O)[C@H](O)CO[Hf],OC[C@@H](O)[C@H](O)[C@H](O)[C@@H](O)CO,CC[C@H](O)[C@H](O)[C@@H](O)[C@H](O)C[O][Hf],True,True,False,False,0.2916666666666667,17,12.0,0.0,4.0
CDK_Depict_16_42,CC(=O)N1CCC(CC1)(N(F)F)N(F)F,**C1(*(*)*)CCN(C(C)=O)CC1,CC(=O)N1CCC(N(F)F)(N(F)F)CC1,**C1(*(*)*)CCN(C(C)=O)CC1,True,True,False,False,0.42857142857142855,22,15.0,1.0,0.0
CDK_Depict_16_44,C12=C(N=N1)SSNC2=S,CNC(=S)C1[nH][nH]c1SC,S=c1[nH]ssc2nnc1=2,,True,False,False,False,0.0,18,9.0,2.0,0.0
CDK_Depict_16_45,CN1C=CS(#C1)=O,CC#S(=O)/C=C\N(C)C,CN1C#S(=O)C=C1,CC#S(=O)/C=C\N(C)C,True,True,False,False,0.05714285714285714,14,7.0,1.0,0.0
CDK_Depict_16_47,CC1=C2C=C(CC[C@]2([C@@H](CC1)O)C)C(C)C,CC(C)C.CC12CCCCC1C(I)CCC2(O)C1,CC1=C2C=C(C(C)C)CC[C@@]2(C)[C@H](O)CC1,,True,False,False,False,0.0,24,16.0,2.0,2.0
CDK_Depict_16_48,C[C@@H]1CC[C@H]2[C@]3(CO3)C(=O)O[C@H]4[C@@]25[C@H]1CC[C@](O4)(OO5)C,CC(=O)C(C)C(CCC(C)C(C)CCC(C)(C)COC(C(C)(C)OC(C)(C)CCC(C)(C)C(C)CCC(C(C)(C)C)C(C)(C)C(C)=O)C(C)(C)C(C)(C)C(C)=O)C(C)(C)CCC(C)(C)CCCC(C)(C)OC(C)(C)C,C[C@@H]1CC[C@@H]2[C@]34OO[C@](C)(CC[C@@H]13)O[C@H]4OC(=O)[C@@]21CO1,CC(=O)C(C)C(CCC(C)C(C)CCC(C)(C)COC(C(C)(C)OC(C)(C)CCC(C)(C)C(C)CCC(C(C)(C)C)C(C)(C)C(C)=O)C(C)(C)C(C)(C)C(C)=O)C(C)(C)CCC(C)(C)CCCC(C)(C)OC(C)(C)C,True,True,False,False,0.04672897196261682,119,21.0,6.0,7.0
CDK_Depict_16_49,CC(C)(C#N)N(CN(C(C)(C)C#N)O)O,CC(C)(C#N)N(O)CN([GdH])C(C)(C)C#N,CC(C)(C#N)N(O)CN(O)C(C)(C)C#N,CC(C)(C#N)N(O)C[N]([GdH])C(C)(C)C#N,True,True,False,False,0.7083333333333334,12,15.0,0.0,0.0
CDK_Depict_16_51,CCCCCCCCC[C@H](CCCCCCCC(=O)O)O,CCCCCCCCCC(C)(O)CCCCCCCC(=O)O,CCCCCCCCC[C@@H](O)CCCCCCCC(=O)O,CCCCCCCCCC(C)(O)CCCCCCCC(=O)O,True,True,False,False,0.53125,8,21.0,0.0,1.0
CDK_Depict_16_52,CCC(C1=NC=NN1)S(=O)(=O)N,CCC(C1=*C=N*1)S(N)(=O)=O,CCC(c1ncn[nH]1)S(N)(=O)=O,CCC(c1*cn*1)S(N)(=O)=O,True,True,False,False,0.4146341463414634,6,12.0,1.0,1.0
CDK_Depict_16_57,N1=S=NS(=O)(=O)N=S1(=O)O,O=[SH]1=ns(=O)(O)n=s=*1,O=S1(=O)N=S=NS(=O)(O)=N1,,True,False,False,False,0.0,16,10.0,1.0,1.0
CDK_Depict_16_58,C=C[C@H]1[C@H]2CC[C@H](C2)[C@@H]1C3OCCO3,C1COCO1.CC[C@H]1[C@H](C)C2(C)CC[C@@]1(C)C2,C=C[C@H]1[C@H]2CC[C@H](C2)[C@@H]1C1OCCO1,C1COCO1.CC[C@H]1[C@H](C)C2(C)CC[C@@]1(C)C2,True,True,False,False,0.08163265306122448,23,14.0,3.0,4.0
CDK_Depict_16_59,CC(C)[C@H]1C2=C(CCCC2)NC3=N[C@H]4CCCC[C@@H]4N13,CC.CC.CC1CCCCC1.CC1CCCCCC(C)N=C(N)C1,CC(C)[C@H]1C2=C(CCCC2)NC2=N[C@H]3CCCC[C@@H]3N21,CC.CC.CC1CCCCC1.CC1CCCCCC(C)N=C(N)C1,True,True,False,False,0.16666666666666666,30,20.0,4.0,3.0
CDK_Depict_16_61,C[C@@H]1C=C(C[C@H]2[C@@]1(C(=O)CC(C2)(C)C)C)C,C=C.CC1C[C@]2(C)CC(C)(C)CC(=O)[C@H]2(C)[C@@H]2(CC2)C1,CC1=C[C@@H](C)[C@@]2(C)C(=O)CC(C)(C)C[C@H]2C1,,True,False,False,False,0.0,34,16.0,2.0,3.0
CDK_Depict_16_63,C1CCC(CC1)[Ge](I)(I)I,C*(C)(C)C.C1CCCCC1,[I][Ge]([I])([I])[CH]1CCCCC1,C*(C)(C)C.C1CCCCC1,True,True,False,False,0.16666666666666666,16,10.0,1.0,0.0
CDK_Depict_16_64,C[C@]12CC[C@H]3[C@H]([C@@H]1CC[C@]2(C#C)O)CCC4=C3C=CC(=C4)OC,C#C[C@@]1(O)CC[C@]2(C)[C@]3(C)CCc4cc(OC)ccc4[C@]3(C)CC[C@]21C,C#C[C@]1(O)CC[C@H]2[C@@H]3CCc4cc(OC)ccc4[C@H]3CC[C@@]21C,C#C[C@@]1(O)CC[C@]2(C)[C@]3(C)CCc4cc(OC)ccc4[C@]3(C)CC[C@]21C,True,True,False,False,0.42857142857142855,41,23.0,4.0,5.0
CDK_Depict_16_65,CCC(=O)O[C@H]1CCC2C1(CCC3C2CC[C@@H]4C3(CCCC4)C)C,CCC(=O)O[C@H]1CCC(C)C1(C)C.[H]C1(CCCCC)CCCCC1C,CCC(=O)O[C@H]1CCC2C3CC[C@H]4CCCCC4(C)C3CCC21C,CCC(=O)O[C@H]1CCC(C)C1(C)C.CCCCCC1CCCCC1C,True,True,False,False,0.36065573770491804,19,24.0,4.0,7.0
CDK_Depict_16_67,C1C[C@@H]2C[C@H]1[C@@H]([C@@H]2CO)C/C=C\CCCC(=O)O,CC[C@H]1[C@@H]2CC[C@@](C)(C2)[C@@H]1C/C=C\CCCC(=O)O,O=C(O)CCC/C=C\C[C@H]1[C@H]2CC[C@H](C2)[C@H]1CO,CC[C@H]1[C@@H]2CC[C@@](C)(C2)[C@@H]1C/C=C\CCCC(=O)O,True,True,False,False,0.46938775510204084,19,18.0,2.0,4.0
CDK_Depict_16_68,CC(=O)O[C@H]1[C@H](O[C@H]2[C@@H]1OC(O2)(C)C)[C@H]3COC(=O)S3,[H][C@]1(C)O[C@]([H])([C@]2([H])COC(=O)S2)[C@H](OC(C)=O)[C@]1([H])O,CC(=O)O[C@@H]1[C@H]2OC(C)(C)O[C@H]2O[C@@H]1[C@H]1COC(=O)S1,CC(=O)O[C@@H]1[C@H](O)[C@@H](C)O[C@@H]1[C@@H]1COC(=O)S1,True,True,False,False,0.6122448979591837,43,20.0,3.0,5.0
CDK_Depict_16_69,CON(OC)P=O,CO.C[2H]=O,CON(OC)P=O,,True,False,False,False,0.0,6,7.0,0.0,1.0
CDK_Depict_16_70,C1=CN=C(N2C1O2)N,C1=Cc2oc[u]1,NC1=NC=CC2ON12,,True,False,False,False,0.0,11,8.0,2.0,1.0
CDK_Depict_16_72,C1=C(C(=N)C(=CN1O)Cl)Cl,*c1c[n+](C)C=C(C)C1,N=c1c(Cl)cn(O)cc1Cl,,True,False,False,False,0.0,16,10.0,1.0,0.0
CDK_Depict_16_73,C(N)(N)(ON)ON,CC(C)(C)C,NOC(N)(N)ON,CC(C)(C)C,True,True,False,False,0.08333333333333333,8,7.0,0.0,0.0
CDK_Depict_16_74,C[C@@H]1CC[C@]23[C@H]1CC[C@]2(C[C@]([C@@H]3C)(C)O)C,CCCC[C@@]12CCCC1(C)CC(C)(C)[C@H]2C,C[C@@H]1CC[C@@]23[C@@H](C)[C@@](C)(O)C[C@]2(C)CC[C@@H]13,CCCC[C@@]12CCCC1(C)CC(C)(C)[C@H]2C,True,True,False,False,0.2127659574468085,31,16.0,3.0,6.0
CDK_Depict_16_75,C(N)(N)(O)O,*C(*)([H])[H],NC(N)(O)O,*C*,True,True,False,False,0.1111111111111111,9,5.0,0.0,0.0
CDK_Depict_17_1,C[C@@H]1CCC[C@H]1O,C.CCCCCCC,C[C@@H]1CCC[C@H]1O,C.CCCCCCC,True,True,False,False,0.043478260869565216,12,7.0,1.0,2.0
CDK_Depict_17_2,CC1=C(ON=C1)NS(=O)(=O)N,CC.CC1CCCCC1NC(=O)(=O)=O,Cc1cnoc1NS(N)(=O)=O,,True,False,False,False,0.0,11,11.0,1.0,0.0
CDK_Depict_17_3,C[C@@]12[C@@H](CCO1)CC2=O,CCC(C)(C)CC(C)C,C[C@]12OCC[C@H]1CC2=O,CCC(C)(C)CC(C)C,True,True,False,False,0.027777777777777776,18,9.0,2.0,2.0
CDK_Depict_17_4,CCC1=C(C(=NS1)OC)C,CCC1*[U]C(OC)C1C,CCc1snc(OC)c1C,CCC1[*][U][CH](OC)C1C,True,True,False,False,0.12195121951219512,10,10.0,1.0,0.0
CDK_Depict_17_5,CC1=C(N=C(O1)SC)SC,CC.CC(C)CC(C)CC(C)C(C)C,CSc1nc(SC)c(C)o1,CC.CC(C)CC(C)CC(C)C(C)C,True,True,False,False,0.02857142857142857,14,10.0,1.0,0.0
CDK_Depict_17_6,CC(=O)O[C@@H](CSC#N)SC#N,C#CC.C#CCC(CC)CC(C)=O,CC(=O)O[C@@H](CSC#N)SC#N,C#CC.C#CCC(CC)CC(C)=O,True,True,False,False,0.18181818181818182,19,12.0,0.0,1.0
CDK_Depict_17_7,C1P(=S)(OP1(=S)S)S,SP1(=S)C[PH](=S)(=S)C1,S=P1(S)CP(=S)(S)O1,,True,False,False,False,0.0,11,8.0,1.0,2.0
CDK_Depict_17_8,C=C=C=[Ru]=C=C=C,C=C=C=[Cu]=C=C=C,C=C=[C]=[Ru]=[C]=C=C,C=C=[C]=[Cu]=[C]=C=C,True,True,False,False,0.25,1,7.0,0.0,0.0
CDK_Depict_17_9,CC(C)P(=NP(=S)(C(C)C)C(C)C)(C(C)C)S,CC.CC.CC.CC(C)C,CC(C)P(=S)(N=P(S)(C(C)C)C(C)C)C(C)C,CC.CC.CC.CC(C)C,True,True,False,False,0.15,23,17.0,0.0,0.0
CDK_Depict_17_10,B1(CCCB(N1C)Cl)Cl,CC1CCCC(C)C(C)C1,CN1B(Cl)CCCB1Cl,CC1CCCC(C)C(C)C1,True,True,False,False,0.10714285714285714,9,9.0,1.0,0.0
CDK_Depict_17_11,C1=COC=C1C(=O)C(F)(F)F,C=C(C)c1cccc1.CC,O=C(c1ccoc1)C(F)(F)F,,True,False,False,False,0.0,17,11.0,1.0,0.0
CDK_Depict_17_12,CSCS(C)(C)Cl,C.CCC,CSCS(C)(C)Cl,C.CCC,True,True,False,False,0.11764705882352941,8,7.0,0.0,0.0
CDK_Depict_17_13,CC(=O)C(CSC(=S)N(C)C)SC(=S)N(C)C,CC(=O)C(C)C(C)C,CC(=O)C(CSC(=S)N(C)C)SC(=S)N(C)C,CC(=O)C(C)C(C)C,True,True,False,False,0.21212121212121213,17,17.0,0.0,1.0
CDK_Depict_17_14,FI(F)(F)(F)F,CC.CC.CC.CC.CC.CC.CC.CC.CC.CC.CC.CC.CC.CC.CC.CC.CC.CC.CC.CC.CC.CC.CC.CC.CC.CC.CC.CC.CC.CC.CC.CC.CC.CC.CC.CC.CC.CC.CC.CC.CC.CC.CC.CC.CC.CCC,FI(F)(F)(F)F,CC.CC.CC.CC.CC.CC.CC.CC.CC.CC.CC.CC.CC.CC.CC.CC.CC.CC.CC.CC.CC.CC.CC.CC.CC.CC.CC.CC.CC.CC.CC.CC.CC.CC.CC.CC.CC.CC.CC.CC.CC.CC.CC.CC.CC.CCC,True,True,False,False,0.0,138,6.0,0.0,0.0
CDK_Depict_17_15,C[Si]NN([Si]C)[Si]C,CS[Al](SC)S[SH]C,C[Si]NN([Si]C)[Si]C,C[S][Al]([S]C)[S][SH]C,True,True,False,False,0.038461538461538464,10,8.0,0.0,0.0
CDK_Depict_17_16,C[C@@H]1[C@H](O[C@](C(=N1)C)(C2=CC=CC=C2)O)C3=CC=CC=C3,C1CCCCC1.CC1=CC(C)(C)C(C2CCCCC2)O[C@@H]1C,CC1=N[C@H](C)[C@@H](c2ccccc2)O[C@@]1(O)c1ccccc1,C1CCCCC1.CC1=CC(C)(C)C(C2CCCCC2)O[C@@H]1C,True,True,False,False,0.1509433962264151,32,21.0,3.0,3.0
CDK_Depict_17_17,CC(=C[C@H]1[C@H](C1(C)C)C(=O)O)C,CCCCC(C)=O,CC(C)=C[C@H]1[C@@H](C(=O)O)C1(C)C,CCCCC(C)=O,True,True,False,False,0.15625,22,12.0,1.0,2.0
CDK_Depict_17_18,C1=CON(P=C1)N,*[V]1[2H]CC=CO1,NN1OC=CC=P1,,True,False,False,False,0.0,13,7.0,1.0,1.0
CDK_Depict_17_19,C1[C@@H]([C@H]([C@@H]([C@H](N1)CO)O)O)O,CCCCCCCCCCCCCCCCCCCCCCCCCCCCCCCCCCCCCCCCCCCCCCCCCCCCCCCCCCCCCCCCCCCCCCCCCCCCCCCCCCCCCCCCCCCCCCCCCCCCCCCCCCCCCCCCCCCCCCCCCCCCCCCCCCCCCCCCCCCCCCCCCCCCCCCCCCCCCCCC,OC[C@H]1NC[C@H](O)[C@@H](O)[C@@H]1O,CCCCCCCCCCCCCCCCCCCCCCCCCCCCCCCCCCCCCCCCCCCCCCCCCCCCCCCCCCCCCCCCCCCCCCCCCCCCCCCCCCCCCCCCCCCCCCCCCCCCCCCCCCCCCCCCCCCCCCCCCCCCCCCCCCCCCCCCCCCCCCCCCCCCCCCCCCCCCCCC,True,True,False,False,0.037037037037037035,154,11.0,1.0,4.0
CDK_Depict_17_20,CCC#S(=S)S,C=C(S)#CCC,CCC#S(=S)S,,True,False,False,False,0.0,7,6.0,0.0,0.0
CDK_Depict_17_21,CC1=CC2=C(C=C1)N[C@]3(C[C@@H]2CS(=O)C3)C,CC1CCC(C)C(C)CC1.O=C1CCCCCCCCC1,Cc1ccc2c(c1)[C@H]1CS(=O)C[C@](C)(C1)N2,CC1CCC(C)C(C)CC1.O=C1CCCCCCCCC1,True,True,False,False,0.09433962264150944,26,16.0,3.0,3.0
CDK_Depict_17_22,C(=NC(=O)Cl)=S,CC(C)C,O=C(Cl)N=C=S,CC(C)C,True,True,False,False,0.0,9,6.0,0.0,0.0
CDK_Depict_17_23,CCC(O)(OC(CC)(O)S(=O)(=O)O)S(=O)(=O)O,CCC(O)(OC(O)(CC)C(=O)(=O)O)C(=O)O,CCC(O)(OC(O)(CC)S(=O)(=O)O)S(=O)(=O)O,,True,False,False,False,0.0,10,17.0,0.0,2.0
CDK_Depict_17_24,C1[C@H]2CNC[C@@H]1C3=CC=CC(=O)N3C2,C1=CC(N)=O.CC1CCCCCC(C)CC1,O=c1cccc2n1C[C@@H]1CNC[C@H]2C1,,True,False,False,False,0.0,21,14.0,3.0,2.0
CDK_Depict_17_25,C1CSN(O1)P(=O)(SN)SN,CSP(=O)(S)*1CCCCS1,NSP(=O)(SN)N1OCCS1,CSP(=O)(S)*1CCCCS1,True,True,False,False,0.16666666666666666,15,11.0,1.0,0.0
CDK_Depict_17_26,C1(N(O1)F)(F)F,CC.CCC,FN1OC1(F)F,CC.CCC,True,True,False,False,0.0,13,6.0,1.0,1.0
CDK_Depict_17_27,C1=NC(SN1)S(=O)(=O)N,*C(=C)C.CC1CCCC1,NS(=O)(=O)C1N=CNS1,*C(=C)C.CC1CCCC1,True,True,False,False,0.02631578947368421,17,9.0,1.0,1.0
CDK_Depict_17_28,C[C@]12CC[C@H]3[C@H]([C@@H]1C[C@H]([C@@H]2O)O)CCC4=C3C=CC(=C4)O,Cc1ccc2c(c1)CCC1C2CCC2C1CCC2(C)C,C[C@]12CC[C@@H]3c4ccc(O)cc4CC[C@H]3[C@@H]1C[C@@H](O)[C@@H]2O,Cc1ccc2c(c1)CCC1C2CCC2C1CCC2(C)C,True,True,False,False,0.42592592592592593,47,21.0,4.0,6.0
CDK_Depict_17_29,C1C=CCN[C@@H]1C2=CN=CC=C2,CC1CCCCCCCCCCCCCCCCCNCC1,C1=CC[C@@H](c2cccnc2)NC1,CC1CCCCCCCCCCCCCCCCCNCC1,True,True,False,False,0.06818181818181818,16,12.0,2.0,1.0
CDK_Depict_17_30,CCC(CC)(C(=C(F)F)Cl)O,C.CC.CC,CCC(O)(CC)C(Cl)=C(F)F,C.CC.CC,True,True,False,False,0.05,16,11.0,0.0,0.0
CDK_Depict_17_32,C[C@H](/C=C/[C@@H]1[C@@](CC[C@]1(C(C)C)O)(C)CC=O)O,CCCC1(CC)CCC(C)(CC)[C@H]1CCC(C)C,CC(C)[C@]1(O)CC[C@](C)(CC=O)[C@H]1/C=C/[C@@H](C)O,CCCC1(CC)CCC(C)(CC)[C@H]1CCC(C)C,True,True,False,False,0.2,30,18.0,1.0,4.0
CDK_Depict_17_33,B1(C(=O)OC1=O)N,CCC.CCCCCC,NB1C(=O)OC1=O,CCC.CCCCCC,True,True,False,False,0.0,13,7.0,1.0,0.0
CDK_Depict_17_34,[2H]B(P)P(B([3H])[B])C([3H])F,CC(C)C(C)C(C)C,[2H]B(P)P(B([3H])[B])C([3H])F,CC(C)C(C)C(C)C,True,True,False,False,0.0,22,10.0,0.0,2.0
CDK_Depict_17_35,B1(O[Hg]O1)O[Hg]OB2O[Hg]O2,*1C[2c](O[15c]O[2c]2O*O2)O1,[O]1[Hg][O]B1[O][Hg][O]B1[O][Hg][O]1,,True,False,False,False,0.0,19,11.0,2.0,0.0
CDK_Depict_17_36,B1(N(B(N(B(N1C)F)C)F)C)F,CN1C(I)N(C)C(I)N(C)C1I,CN1B(F)N(C)B(F)N(C)B1F,CN1C(I)N(C)C(I)N(C)C1I,True,True,False,False,0.17647058823529413,17,12.0,1.0,0.0
CDK_Depict_17_37,N[Hg]N(Cl)Cl,C.CC.CC,[NH2][Hg][N](Cl)Cl,C.CC.CC,True,True,False,False,0.0,10,5.0,0.0,0.0
CDK_Depict_17_38,C1=CNC(=S)C=C1C(=O)O,*=C1cccc(C(C)=O)C1,O=C(O)c1cc[nH]c(=S)c1,*=C1C=CC=C(C(C)=O)C1,True,True,False,False,0.15,14,10.0,1.0,0.0
CDK_Depict_17_41,P(=S)(P(=S)(S)S)(S)S,CC.CC,S=P(S)(S)P(=S)(S)S,CC.CC,True,True,False,False,0.0,20,8.0,0.0,0.0
CDK_Depict_17_42,CCC[C@H](C)C1(C(=O)NC(=O)NC1=O)CC=C,C=CCC1(C)C(=O)*C(=O)*C1=O,C=CCC1([C@@H](C)CCC)C(=O)NC(=O)NC1=O,C=CCC1(C)C(=O)*C(=O)*C1=O,True,True,False,False,0.2926829268292683,15,17.0,1.0,1.0
CDK_Depict_17_44,B(NNCCC)(NNCCC)NNCCC,CCCC.CCCCCCCCCCC,CCCNNB(NNCCC)NNCCC,CCCC.CCCCCCCCCCC,True,True,False,False,0.2,11,16.0,0.0,0.0
CDK_Depict_17_45,C1=CC=NC(=C1)P(C2=CC=CC=N2)C3=CC=CC=N3,CC1CCCCC1.CC1CCCCC1,c1ccc(P(c2ccccn2)c2ccccn2)nc1,CC1CCCCC1.CC1CCCCC1,True,True,False,False,0.0,25,19.0,3.0,0.0
CDK_Depict_17_47,C(=[Mo](=O)=O)P,CC[Mo](C)(=O)=O,[O]=[Mo](=[O])=[CH]P,C[CH2][Mo]([CH3])(=[O])=[O],True,True,False,False,0.05555555555555555,7,5.0,0.0,0.0
CDK_Depict_17_48,C1CN(C(=O)NC1O)[C@H]2[C@@H]([C@@H]([C@H](O2)CO)O)O,O=C1NC(O)CCCN1[C@@]1(N2CCCC(O)N1)O[C@H](CO)[C@@H](O)[C@H]1O,O=C1NC(O)CCN1[C@@H]1O[C@H](CO)[C@@H](O)[C@H]1O,,True,False,False,False,0.0,34,17.0,2.0,5.0
CDK_Depict_17_49,C=C(S(=O)(=O)CF)S(=O)(=O)CF,CC(S(C)(=O)=O)S(=O)(=O)C[IH],C=C(S(=O)(=O)CF)S(=O)(=O)CF,CC(S(C)(=O)=O)S(=O)(=O)C[IH],True,True,False,False,0.14285714285714285,9,12.0,0.0,0.0
CDK_Depict_17_50,CC(/C(=N\O)/N1CC1)(/C(=N\O)/N2CC2)C,C/C(C/C(=C/O)N1CC1)=N/O,CC(C)(/C(=N\O)N1CC1)/C(=N\O)N1CC1,C/C(C/C(=C/O)N1CC1)=N/O,True,True,False,False,0.3125,19,15.0,2.0,0.0
CDK_Depict_17_53,CC1=C(N2[C@@H]([C@@H](C2=O)N)SC1)C(=O)O,CC(=O)C1C(C)CSC2(C)[C@H](N)C(=O)N12,CC1=C(C(=O)O)N2C(=O)[C@@H](N)[C@H]2SC1,CC(=O)C1C(C)CSC2(C)[C@H](N)C(=O)N12,True,True,False,False,0.24528301886792453,27,14.0,2.0,2.0
CDK_Depict_17_54,C1C2(CN=N1)CN=NC2,CC.CC.CC.CC.CC.CC.CC,C1N=NCC12CN=NC2,CC.CC.CC.CC.CC.CC.CC,True,True,False,False,0.0,15,9.0,2.0,0.0
CDK_Depict_17_56,CCCCC/C=C\C[C@H]([C@H]1COC(O1)(C)C)O,CCCCC/C=C\C[C@H](Cl)C(C)(C)C,CCCCC/C=C\C[C@@H](O)[C@H]1COC(C)(C)O1,CCCCC/C=C\C[C@H](Cl)C(C)(C)C,True,True,False,False,0.35555555555555557,11,17.0,1.0,2.0
CDK_Depict_17_57,B1(CCCB(O1)OC)OC,CCC1CCCC(CC)C1,COB1CCCB(OC)O1,CCC1CCCC(CC)C1,True,True,False,False,0.10714285714285714,11,10.0,1.0,0.0
CDK_Depict_17_58,CC1(OC[C@@H]([C@@H](O1)COCC2=CC=CC=C2)OC(=S)SC)C,CC.CCC(=O)CC1CCCCC1.CCc1ccccc1,CSC(=S)O[C@H]1COC(C)(C)O[C@H]1COCc1ccccc1,CC.CCC(=O)CC1CCCCC1.CCc1ccccc1,True,True,False,False,0.19696969696969696,33,22.0,2.0,2.0
CDK_Depict_17_59,CCCCOP1C=CC(C=C1)(C)OC,COC1(C)*=C*(C)C=C1,CCCCOP1C=CC(C)(OC)C=C1,COC1(C)*=C*(C)C=C1,True,True,False,False,0.19047619047619047,14,14.0,1.0,2.0
CDK_Depict_17_60,C[C@@H]1CC[C@H](C1)C,CC.CC1CCCCCC(C)CCCC1,C[C@@H]1CC[C@@H](C)C1,CC.CC1CCCCCC(C)CCCC1,True,True,False,False,0.375,14,7.0,1.0,2.0
CDK_Depict_17_61,C1=NC=IC(=N1)N,CC.CCC.C[V]C(C)C,NC1=NC=NC=I1,CC.CCC.[CH3][V][CH](C)C,True,True,False,False,0.0,12,7.0,1.0,0.0
CDK_Depict_17_62,C[C@@]1(CCC2C1(CCC3C2CC[C@H]4C3(CCC(=O)C4)C)C)O,CC1CCC2(C)C3CCC4(C)C(CCC4(C)C)C3CCC2(C)C1,CC12CCC(=O)C[C@H]1CCC1C2CCC2(C)C1CC[C@]2(C)O,CC1CCC2(C)C3CCC4(C)C(CCC4(C)C)C3CCC2(C)C1,True,True,False,False,0.2692307692307692,27,22.0,4.0,7.0
CDK_Depict_17_63,C[C@]1([C@@H]([C@H](CN1C)C(=O)OC)C2=CC=CC=C2)C(=O)OC,CC.CC.CC.CC.CC.CC.CC.CC.CC.CC,COC(=O)[C@H]1CN(C)[C@](C)(C(=O)OC)[C@@H]1c1ccccc1,CC.CC.CC.CC.CC.CC.CC.CC.CC.CC,True,True,False,False,0.02564102564102564,36,21.0,2.0,3.0
CDK_Depict_17_64,C1=C[Te]C(=S)S1,CC.CC,S=c1scc[te]1,CC.CC,True,True,False,False,0.0,12,6.0,1.0,0.0
CDK_Depict_17_65,C1=CN=C(N1)C2=NC=CN2,C1CCCC1.CC1CCCCC1,c1c[nH]c(-c2ncc[nH]2)n1,C1CCCC1.CC1CCCCC1,True,True,False,False,0.0,12,10.0,2.0,0.0
CDK_Depict_17_67,CN[C@H]1CC2=C(C=C(C=C2)F)[C@H](O1)C3=CC=CC=C3,CN[C@@]1(C)CC2ccc(C)cc2[C@@H](C2ccccc2)C1,CN[C@H]1Cc2ccc(F)cc2[C@@H](c2ccccc2)O1,,True,False,False,False,0.0,27,19.0,3.0,2.0
CDK_Depict_17_69,C1=NNC(=S)NC1=S,S=C1**CC(=S)*1,S=c1cn[nH]c(=S)[nH]1,S=C1**CC(=S)*1,True,True,False,False,0.09375,9,8.0,1.0,0.0
CDK_Depict_17_70,CN(C)/C=N/C1=C(C(=NN1)N=CN(C)C)C#N,CC.CC.C[A(](C)C)C[A)]C1[A)][A1]=C([A1])C1,CN(C)C=Nc1n[nH]c(/N=C/N(C)C)c1C#N,,True,False,False,False,0.0,31,17.0,1.0,0.0
CDK_Depict_17_71,C[C@@H](/C=C/[C@@H]1[C@@](CC[C@]1(C(C)C)O)(C)CC=O)O,CCC.CCC(C)C(C)CCC(C)C,CC(C)[C@]1(O)CC[C@](C)(CC=O)[C@H]1/C=C/[C@H](C)O,CCC.CCC(C)C(C)CCC(C)C,True,True,False,False,0.0851063829787234,34,18.0,1.0,4.0
CDK_Depict_17_72,CCCCC#C[C@H](CF)O,CCCCCCC(C)(C)CC,CCCCC#C[C@@H](O)CF,CCCCCCC(C)(C)CC,True,True,False,False,0.17647058823529413,8,10.0,0.0,1.0
CDK_Depict_17_73,OOOOOOOOOOOOOOOOOOOOOOOOOOOOOI(=O)(=O)=O,O=S(=O)(O)OOOOOOOOOCOOOOOOOOOOOOOOOOOOO,[O-][I+3]([O-])([O-])OOOOOOOOOOOOOOOOOOOOOOOOOOOOO,O=S(=O)(O)OOOOOOOOOCOOOOOOOOOOOOOOOOOOO,True,True,False,False,0.25806451612903225,16,33.0,0.0,0.0
CDK_Depict_17_74,B(CN=[N+]=[N-])(OPP)OPP,[[].[[].[[].[[].[[][[][[].[[H][[]C[(](C)C[[][(])C[(][)],[N-]=[N+]=NCB(OPP)OPP,,True,False,False,False,0.0,49,11.0,0.0,2.0
CDK_Depict_17_75,C(=O)=[Re](=C=O)(=C=O)Br,O=C=[Co](=C=O)=C=O,O=[C]=[Re]([Br])(=[C]=O)=[C]=O,O=[C]=[Co](=[C]=O)=[C]=O,True,True,False,False,0.2,10,8.0,0.0,0.0
CDK_Depict_17_76,CC(=O)O[C@H]1CC[C@@]2(C([C@]1(C(=O)O2)C)C(=O)OC)C,C=C(C)C[C@H]1CCC2(C)CC(=O)C1C2C(=O)CC,COC(=O)C1[C@@]2(C)CC[C@H](OC(C)=O)[C@]1(C)C(=O)O2,C=C(C)C[C@H]1CCC2(C)CC(=O)C1C2C(=O)CC,True,True,False,False,0.22950819672131148,20,19.0,2.0,4.0
CDK_Depict_17_77,C[C@@]12CC[C@@H](C1(C)C)[C@H]([C@H]2O)N3CCOCCOCCOCCOCC3,CCCCCCOCCOCCCN(CCO)[C@H]1C(C)[C@@]2(C)CC(C)[C@@H]1C2,CC1(C)[C@@H]2CC[C@@]1(C)[C@H](O)[C@@H]2N1CCOCCOCCOCCOCC1,CCCCCCOCCOCCCN(CCO)[C@H]1C(C)[C@@]2(C)CC(C)[C@@H]1C2,True,True,False,False,0.10294117647058823,34,26.0,3.0,4.0
CDK_Depict_17_78,[Mn]=[Pb],CC.CC.CC,[Mn]=[Pb],CC.CC.CC,True,True,False,False,0.0,9,2.0,0.0,0.0
CDK_Depict_17_79,COCON1OC(=O)O1,C=C(C)C.CCCC,COCOn1oc(=O)o1,C=C(C)C.CCCC,True,True,False,False,0.06896551724137931,11,9.0,1.0,0.0
CDK_Depict_17_80,C(C(F)(F)S(=O)(=O)Cl)(F)(F)S(=O)(=O)Cl,C.CC(=O)C(C)(C)S(C)(=O)=O,O=S(=O)(Cl)C(F)(F)C(F)(F)S(=O)(=O)Cl,C.CC(=O)C(C)(C)S(C)(=O)=O,True,True,False,False,0.16,20,14.0,0.0,0.0
CDK_Depict_17_81,C1C2CC3CC1CC(C2)(C3)N4C=NN=C4,*1*CC(C23CC4CCC(CC(CC4)C2)C3)*1,c1nncn1C12CC3CC(CC(C3)C1)C2,*1*CC(C23CC4CCC(CC(CC4)C2)C3)*1,True,True,False,False,0.18421052631578946,20,15.0,5.0,4.0
CDK_Depict_17_82,C1=CC2=CC=CC3=CC(=O)C(=C1)N23,C1CC2CC(C)C(CCCc2c1)C2,O=c1cc2cccc3cccc1N32,,True,False,False,False,0.0,15,13.0,3.0,0.0
CDK_Depict_17_83,CN(C)S(=O)(=O)N1C=CN=C1,CN(C)*(=O)(=O)n1cNCC1,CN(C)S(=O)(=O)n1ccnc1,,True,False,False,False,0.0,6,11.0,1.0,0.0
CDK_Depict_17_84,CC1=CSC(=C(O1)C)C,CC1=CSC(C)C(C)C1,CC1=CSC(C)=C(C)O1,CC1=CSC(C)C(C)C1,True,True,False,False,0.1875,6,9.0,1.0,0.0
CDK_Depict_17_85,CN1C=CC=CC1=C(P(Cl)Cl)P(Cl)Cl,C*1CCCCC1C(C)C(C)(C)C,CN1C=CC=CC1=C(P(Cl)Cl)P(Cl)Cl,C*1CCCCC1C(C)C(C)(C)C,True,True,False,False,0.044444444444444446,12,14.0,1.0,0.0
CDK_Depict_17_86,C([C@@H]1[C@H]([C@@H]([C@H](C(O1)O)O)O)O)OP(=O)(O)O,C[C@@H]1[C@@H](CCP(C)(C)=O)OC([Cf])[C@H](C)[C@]1(C)O,O=P(O)(O)OC[C@H]1OC(O)[C@H](O)[C@@H](O)[C@@H]1O,C[C@@H]1[C@@H](CCP(C)(C)=O)O[CH]([Cf])[C@H](C)[C@]1(C)O,True,True,False,False,0.20833333333333334,31,16.0,1.0,5.0
CDK_Depict_17_87,[2H]C(=C\1C=CC=C/C1=C(/C)\O[2H])[2H],CC(C)C1CCCCC1C(C)C,[2H]O/C(C)=c1\ccccc1=C([2H])[2H],CC(C)C1CCCCC1C(C)C,True,True,False,False,0.05714285714285714,23,13.0,1.0,0.0
CDK_Depict_17_88,CC1(C(=C1Cl)Cl)COC,CC1CC(C)C(C)C1C,COCC1(C)C(Cl)=C1Cl,CC1CC(C)C(C)C1C,True,True,False,False,0.038461538461538464,7,9.0,1.0,0.0
CDK_Depict_17_90,C1(=C(C(=O)C1=O)P(=O)(O)O)O,CO(=O)C1=C(O)C(=O)C1=O,O=c1c(O)c(P(=O)(O)O)c1=O,,True,False,False,False,0.0,14,11.0,1.0,0.0
CDK_Depict_17_91,C[C@]12CC[C@H]3[C@H]([C@@H]1CC[C@]2(C#C)O)CCC4=C3C=CC(=C4)O,CCCCC1C(C(C)(Cl)Cl)CC[C@@]2(C)C3CCC(CC)CC3CCC12,C#C[C@]1(O)CC[C@H]2[C@@H]3CCc4cc(O)ccc4[C@H]3CC[C@@]21C,CCCCC1C(C(C)(Cl)Cl)CC[C@@]2(C)C3CCC(CC)CC3CCC12,True,True,False,False,0.11688311688311688,34,22.0,4.0,5.0
CDK_Depict_17_92,C1=CC=C(C=C1)[C@H]2[C@H](N2)C3=CC=CC=C3,C1CCC(C2CC2)CC1,c1ccc([C@H]2N[C@H]2c2ccccc2)cc1,C1CCC(C2CC2)CC1,True,True,False,False,0.041666666666666664,26,15.0,3.0,2.0
CDK_Depict_17_93,C1=C[Si](=[Si](C=C1)[Si])[Si],[Si]*1=[Si]([SiH3])CCCC1,[Si][si]1cccc[si]1[Si],[Si]*1=[Si]([SiH3])CCCC1,True,True,False,False,0.07692307692307693,18,8.0,1.0,0.0
CDK_Depict_17_94,CN=C(NP(=O)(F)F)OC,C=C(**(C)(C)(C)C)CC,CN=C(NP(=O)(F)F)OC,C=C(**(C)(C)(C)C)CC,True,True,False,False,0.05555555555555555,10,10.0,0.0,0.0
CDK_Depict_17_95,CCSCC[C@@H](C(=O)O)N,C=C(C)[C@H](C)CCSCC,CCSCC[C@H](N)C(=O)O,C=C(C)[C@H](C)CCSCC,True,True,False,False,0.40625,11,10.0,0.0,1.0
CDK_Depict_17_96,C(#N)O[In](OC#N)OC#N,C#COn(OC#N)OC#N,N#C[O][In]([O]C#N)[O]C#N,,True,False,False,False,0.0,6,10.0,0.0,0.0
CDK_Depict_17_97,N12N3N4N1N5N2N6N3N4N56,CC.CC.CC.CC.CC.CC.CC.CC.CC,N12N3N4N1N1N2N2N3N4N12,CC.CC.CC.CC.CC.CC.CC.CC.CC,True,True,False,False,0.0,26,10.0,5.0,0.0
CDK_Depict_17_98,CN(C(Cl)(Br)I)F,CC.CC.CC,CN(F)C(Cl)(Br)I,CC.CC.CC,True,True,False,False,0.0625,12,7.0,0.0,1.0
CDK_Depict_17_99,C[C@@]1([C@@H]2CC[C@H]3[C@@H]2C[C@@H]1C3)OC,CC.CC.CC.CC.CC.CC.CC.CC.CC.CC.CC.CC.CC.CC.CC.CC.CC.CC.CC.CC.CC.CC.CC.CC.CC.CC.CC.CC.CC.CC.CC.CC.CC,CO[C@]1(C)[C@H]2C[C@H]3CC[C@@H]1[C@H]3C2,CC.CC.CC.CC.CC.CC.CC.CC.CC.CC.CC.CC.CC.CC.CC.CC.CC.CC.CC.CC.CC.CC.CC.CC.CC.CC.CC.CC.CC.CC.CC.CC.CC,True,True,False,False,0.038461538461538464,87,12.0,3.0,5.0
CDK_Depict_17_100,C(OC(OCF)(OCF)OCF)F,CCC.CCCC(C)(CCC)CCC,FCOC(OCF)(OCF)OCF,CCC.CCCC(C)(CCC)CCC,True,True,False,False,0.09523809523809523,13,13.0,0.0,0.0
CDK_Depict_18_1,CN1C(=O)N(OC1=O)SC,CSN1CN(C)C(=O)O1,CSn1oc(=O)n(C)c1=O,CSN1CN(C)C(=O)O1,True,True,False,False,0.30303030303030304,10,10.0,1.0,0.0
CDK_Depict_18_2,C[C@@H]1CC[C@@](C1=C)(C)C2=C(C=C(C=C2)C)O,Cc1cccc(O)c1,C=C1[C@H](C)CC[C@@]1(C)c1ccc(C)cc1O,Cc1cccc(O)c1,True,True,False,False,0.24390243902439024,37,16.0,2.0,2.0
CDK_Depict_18_3,CC(C)(C)C1=C(P=C(P1)C(C)(C)C)C(C)(C)C,Cc1cc(C)c(C(C)(C)C)s1,CC(C)(C)c1pc(C(C)(C)C)c(C(C)(C)C)[pH]1,Cc1cc(C)c(C(C)(C)C)s1,True,True,False,False,0.14705882352941177,23,17.0,1.0,2.0
CDK_Depict_18_4,CC(C)OCN=C1SCS1,CCOC[V]=C1SCS1,CC(C)OCN=C1SCS1,CCO[CH2][V]=[C]1SCS1,True,True,False,False,0.25,5,10.0,1.0,0.0
CDK_Depict_18_5,B1N=S=NBN=S=N1,*1nnnnnn1,B1N=S=NBN=S=N1,*1N=NN=NN=N1,True,True,False,False,0.058823529411764705,12,8.0,1.0,0.0
CDK_Depict_18_6,N(=S=S)SS,S=S=[V]SS,S=S=NSS,S=[S]=[V][S]S,True,True,False,False,0.2631578947368421,5,5.0,0.0,0.0
CDK_Depict_18_7,CC1=CC(CN(O1)O)(C)C,CCO*(O)[CH]C(C)(C)CC,CC1=CC(C)(C)CN(O)O1,CCO*(O)[CH]C(C)(C)CC,True,True,False,False,0.046511627906976744,13,10.0,1.0,0.0
CDK_Depict_18_8,C=CC#CCl,C=CCC,C=CC#CCl,C=CCC,True,True,False,False,0.16666666666666666,3,5.0,0.0,0.0
CDK_Depict_18_9,B12[As]3[As]1[As]23,CC.CC.CCCCC,B12[As]3[As]1[As]23,CC.CC.CCCCC,True,True,False,False,0.0,19,4.0,4.0,3.0
CDK_Depict_18_10,C=CP(=O)(N)N,*[PH](N)(=O)C=C,C=CP(N)(N)=O,,True,False,False,False,0.0,12,6.0,0.0,0.0
CDK_Depict_18_11,CN(CP(=O)(CN(C)S(=O)(=O)C)O)S(=O)(=O)C,CN(CP(=O)(O)CN(C)S(C)(=O)=O)S(C)(=O)=O,CN(CP(=O)(O)CN(C)S(C)(=O)=O)S(C)(=O)=O,CN(CP(=O)(O)CN(C)S(C)(=O)=O)S(C)(=O)=O,True,True,True,True,1.0,10,17.0,0.0,0.0
CDK_Depict_18_12,CC1=C2C=C(CC[C@]2([C@@H](CC1)OC(=O)C)C)C(C)C,CCO[C@H]1CCC=C2C=C(C)CC[C@@]21C,CC(=O)O[C@@H]1CCC(C)=C2C=C(C(C)C)CC[C@]21C,CCO[C@H]1CCC=C2C=C(C)CC[C@@]21C,True,True,False,False,0.2982456140350877,29,19.0,2.0,2.0
CDK_Depict_18_13,C[C@H]1CC[C@@](C12CO2)(C)C3=C(C=C(C=C3)C)O,CC1cccc(O)c1.CCCCC(C)C,Cc1ccc([C@]2(C)CC[C@H](C)C23CO3)c(O)c1,,True,False,False,False,0.0,28,17.0,3.0,3.0
CDK_Depict_18_14,CC(=O)[C@H]1CC[C@@H]2[C@@]1(CC[C@H]3[C@H]2CC[C@H]4[C@@]3(CC[C@H](C4)O)C)C,CC(=O)[C@H]1CC[C@@]2(C)[C@@H](C)CC[C@@]3(C)[C@@H](C)[C@@H](C)C[C@H](C)CC[C@H]3C,CC(=O)[C@H]1CC[C@H]2[C@@H]3CC[C@@H]4C[C@H](O)CC[C@]4(C)[C@H]3CC[C@]12C,,True,False,False,False,0.0,31,23.0,4.0,8.0
CDK_Depict_18_15,CC(C)SP(=S)(NC=NC)OC,CN=CNP(=S)(OC)SC,CN=CNP(=S)(OC)SC(C)C,CN=CNP(=S)(OC)SC,True,True,False,False,0.6451612903225806,9,12.0,0.0,1.0
CDK_Depict_18_16,CC1=CC=C([Te]1)N,CN(C)c1cCc[Te]1,Cc1ccc(N)[te]1,CN(C)C1=CCC[Te]1,True,True,False,False,0.12903225806451613,10,7.0,1.0,0.0
CDK_Depict_18_17,C1=CC=C2C(=C1)C=CC=C2OI=O,O=IOC1CCCc2ccccc21,[O-][I+]Oc1cccc2ccccc12,[O-][I+]OC1CCCc2ccccc21,True,True,False,False,0.24390243902439024,20,13.0,2.0,0.0
CDK_Depict_18_18,CCOC(=O)C1=NO[C@H](C1)[C@@H](CO)O,CCOC(=O)C1C[C@@]([W])([C@@H](O)CO)ON1,CCOC(=O)C1=NO[C@@H]([C@H](O)CO)C1,CCOC(=O)C1C[C@@]([W])([C@@H](O)CO)ON1,True,True,False,False,0.3090909090909091,12,14.0,1.0,2.0
CDK_Depict_18_19,CCP(CC)NCC(C)C,CC[NH2+][2H](CC)CC,CCP(CC)NCC(C)C,,True,False,False,False,0.0,12,10.0,0.0,0.0
CDK_Depict_18_20,C1CCC2(C1)[C@H]3CC=CC[C@H]3C(=O)O2,C=CCC(C)(C(C)=O)C(C)C,O=C1OC2(CCCC2)[C@H]2CC=CC[C@@H]12,C=CCC(C)(C(C)=O)C(C)C,True,True,False,False,0.02040816326530612,21,14.0,3.0,2.0
CDK_Depict_18_21,C(C(Cl)(Cl)[Hg]C(Br)(Br)Br)(Cl)(Cl)Cl,CC(C)(C)C(C)(C)C(C)(C)C,ClC(Cl)(Cl)[C](Cl)(Cl)[Hg][C](Br)(Br)Br,CC(C)(C)C(C)(C)C(C)(C)C,True,True,False,False,0.05,17,12.0,0.0,0.0
CDK_Depict_18_22,CC(C)(C)CPPC(=O)OC(C)(C)C,COC(=O)PPCC(C)(C)C,CC(C)(C)CPPC(=O)OC(C)(C)C,COC(=O)PPCC(C)(C)C,True,True,False,False,0.6923076923076923,11,14.0,0.0,2.0
CDK_Depict_18_23,CC1=NC2=C(O1)C=NN2,CC1=Nc2nncc2O1,Cc1nc2[nH]ncc2o1,,True,False,False,False,0.0,12,9.0,2.0,0.0
CDK_Depict_18_25,CC1=C([C@H]2CC[C@@]3(C[C@@]2(C1)CC[C@H]3OC(=O)C)C)C,CC=O.CCC(C)C.CCCCC,CC(=O)O[C@@H]1CC[C@@]23CC(C)=C(C)[C@H]2CC[C@]1(C)C3,CC=O.CCC(C)C.CCCCC,True,True,False,False,0.03773584905660377,36,19.0,3.0,4.0
CDK_Depict_18_26,CC(C)[C@@H]1CCCC(=C)C1,C=C1CCCC(C(C)C)C1,C=C1CCC[C@@H](C(C)C)C1,C=C1CCCC(C(C)C)C1,True,True,False,True,1.0,12,10.0,1.0,1.0
CDK_Depict_18_27,CN1CC2=C(C=C(C=C2)OC)[C@H]([C@@H]1C3=CC=CC=C3)O,CC1=Cc2c(cc1)CN(C)[C@@H](C)[C@@H]2(OC)CO2,COc1ccc2c(c1)[C@@H](O)[C@H](c1ccccc1)N(C)C2,,True,False,False,False,0.0,29,20.0,3.0,2.0
CDK_Depict_18_28,C1=CC=C(C=C1)O[C@H]2[C@@H]([C@H]([C@H](O2)[C@@H](CO)O)O)O,C[C@H](O)[C@]1([V])S[C@]2(OC3=CC=CC=C3)[C@H](O)[C@@H](O)[C@]1(O)[C@H]2O,OC[C@@H](O)[C@H]1O[C@@H](Oc2ccccc2)[C@H](O)[C@H]1O,C[C@H](O)[C@]1([V])S[C@]2(Oc3ccccc3)[C@H](O)[C@@H](O)[C@]1(O)[C@H]2O,True,True,False,False,0.24561403508771928,42,18.0,2.0,5.0
CDK_Depict_18_29,[As]1=[As][Ba][Ba][Ba]1,C*p*ppC,[As]1=[As][Ba][Ba][Ba]1,,True,False,False,False,0.0,23,5.0,1.0,2.0
CDK_Depict_18_30,C1=C(NN=C1)C2=CC=NN2,*1N=CC=C1c1ccnN1,c1cc(-c2ccn[nH]2)[nH]n1,*1nccc1-c1ccn[nH]1,True,True,False,False,0.5416666666666666,14,10.0,2.0,0.0
CDK_Depict_18_31,N=[AsH],N=[AsH],N=[AsH],N=[AsH],True,True,True,True,1.0,0,2.0,0.0,0.0
CDK_Depict_18_32,CC12CCC3C(C1CC[C@@H]2O)CC[C@@H]4C3(C[C@H](C(=O)C4)F)C,C[C@@H]1CC(C)(C)C(=O)C[C@H](C)C(=O)CC(C)(C)CC2(C)CCC[C@H]2O,CC12C[C@@H](F)C(=O)C[C@@H]1CCC1C2CCC2(C)C1CC[C@@H]2O,,True,False,False,False,0.0,39,22.0,4.0,8.0
CDK_Depict_18_33,C1(=S)C(=S=NS1)Cl,Cc1snsc1=S,S=C1SN=S=C1Cl,,True,False,False,False,0.0,14,7.0,1.0,0.0
CDK_Depict_18_34,C1=CNC=C(C1=S)Br,CC1=C[V]ccc1,S=c1cc[nH]cc1Br,,True,False,False,False,0.0,12,8.0,1.0,0.0
CDK_Depict_18_35,C1(ON(P1Cl)Cl)(Cl)Cl,CC(C)P.CN.CP,ClN1OC(Cl)(Cl)P1Cl,CC(C)P.CN.CP,True,True,False,False,0.0,14,8.0,1.0,1.0
CDK_Depict_18_36,CC1=NOC[C@@]1(C(F)(F)F)O,CC1=NOC[C@]1(O)C(C)[K],CC1=NOC[C@]1(O)C(F)(F)F,CC1=NOC[C@]1(O)[CH](C)[K],True,True,False,False,0.4411764705882353,9,11.0,1.0,1.0
CDK_Depict_18_37,CCON=C=C1C=CC(C=C1)C(=O)O,C=C1ccc(C(=O)O)cc1.CCSC,CCON=C=C1C=CC(C(=O)O)C=C1,,True,False,False,False,0.0,20,14.0,1.0,1.0
CDK_Depict_18_38,C1=CN=NN=C1NC2=NN=NC=C2,*1*=*C=Cc1.C[H]c1cc*nn1,c1cc(Nc2ccnnn2)nnn1,,True,False,False,False,0.0,19,13.0,2.0,0.0
CDK_Depict_18_39,CC(C)S(=O)C1=CN=NS1,CS(=O)c1cN=*S1,CC(C)S(=O)c1cnns1,CS(=O)c1cn*s1,True,True,False,False,0.2777777777777778,8,10.0,1.0,1.0
CDK_Depict_18_40,CP1#CP(N=C1)C,C[2b]1cocn1,CP1C#P(C)C=N1,,True,False,False,False,0.0,11,7.0,1.0,2.0
CDK_Depict_18_41,C[Sn](C)(C)O[Se]O[Sn](C)(C)C,C[Sn](C)(C)O[Se]O[Sn](C)(C)C,[CH3][Sn]([CH3])([CH3])[O][Se][O][Sn]([CH3])([CH3])[CH3],[CH3][Sn]([CH3])([CH3])[O][Se][O][Sn]([CH3])([CH3])[CH3],True,True,True,True,1.0,0,11.0,0.0,0.0
CDK_Depict_18_42,[2H]C([2H])(P(=O)(C)Cl)Cl,CP(=O)([Co])C#N,[2H]C([2H])(Cl)P(C)(=O)Cl,C[P](=O)([Co])C#N,True,True,False,False,0.22727272727272727,17,8.0,0.0,1.0
CDK_Depict_18_43,CS1(CS(C1)(I)I)I,*[SH]1C[SH](I)C1,CS1(I)CS(I)(I)C1,*[SH]1C[SH](I)C1,True,True,False,False,0.09090909090909091,13,8.0,1.0,0.0
CDK_Depict_18_44,COCC(C(=N)N)Cl,C#CC(COC)C(=N)N,COCC(Cl)C(=N)N,C#CC(COC)C(=N)N,True,True,False,False,0.5357142857142857,8,8.0,0.0,1.0
CDK_Depict_18_45,C(C(F)(Cl)Cl)(F)(F)SSC(C(F)(Cl)Cl)(F)F,CC(C)(F)C(F)(F)SSC(F)(F)C(C)(C)F,FC(Cl)(Cl)C(F)(F)SSC(F)(F)C(F)(Cl)Cl,CC(C)(F)C(F)(F)SSC(F)(F)C(C)(C)F,True,True,False,False,0.4117647058823529,13,16.0,0.0,0.0
CDK_Depict_18_46,C1=CC2=CC=CN2C(=C1)O,Oc1cCcc2cccn12,Oc1cccc2cccn12,,True,False,False,False,0.0,17,10.0,2.0,0.0
CDK_Depict_18_47,CCCCC[C@@H]([C@@H](/C=C/C=O)O)O,CCCCCC(C)(O)[C@H](O)/C=C/C=O,CCCCC[C@H](O)[C@H](O)/C=C/C=O,CCCCCC(C)(O)[C@H](O)/C=C/C=O,True,True,False,False,0.4864864864864865,14,13.0,0.0,2.0
CDK_Depict_18_48,C1=C(C=C(C(=C1F)F)F)Br,[Rb-]c1cc([(F])c(F)c(F)c1)[(F],Fc1cc(Br)cc(F)c1F,,True,False,False,False,0.0,23,10.0,1.0,0.0
CDK_Depict_18_49,O=S(=O)(OI(OS(=O)(=O)F)OS(=O)(=O)F)F,O=S(=O)(F)C[IH](OS(=O)(=O)F)oS(=O)(=O)F,O=S(=O)(F)OI(OS(=O)(=O)F)OS(=O)(=O)F,,True,False,False,False,0.0,9,16.0,0.0,0.0
CDK_Depict_18_50,C[C@]12CC[C@H]3[C@H]([C@@H]1CCC2=O)C=CC4=CC(=O)CC[C@]34C,C[C@]12C(=O)CC[C@]1([H])[C@@H]1[C@@H]3CC4[C@@](C)([C@@]1([H])CC2)CCC(=O)C=4,C[C@]12CCC(=O)C=C1C=C[C@@H]1[C@@H]2CC[C@]2(C)C(=O)CC[C@@H]12,,True,False,False,False,0.0,39,21.0,4.0,5.0
CDK_Depict_18_51,CN1CC[C@H](C1C(=O)OC)C(=O)OC,COC(=O)C1[C@@H](C(=O)OC)CCN1C,COC(=O)C1[C@H](C(=O)OC)CCN1C,COC(=O)C1[C@@H](C(=O)OC)CCN1C,True,True,False,True,1.0,15,14.0,1.0,2.0
CDK_Depict_18_52,C1C[C@H](C[C@H](C1)Cl)Cl,CCC.CCCC(C)C,Cl[C@@H]1CCC[C@H](Cl)C1,CCC.CCCC(C)C,True,True,False,False,0.0,15,8.0,1.0,2.0
CDK_Depict_18_53,C(=N)(C(Cl)(Cl)Cl)N=C(C(Cl)(Cl)Cl)Cl,CC(C)(C)C.CC(C)C,N=C(N=C(Cl)C(Cl)(Cl)Cl)C(Cl)(Cl)Cl,CC(C)(C)C.CC(C)C,True,True,False,False,0.043478260869565216,21,13.0,0.0,0.0
CDK_Depict_18_54,C[C@H]1[C@H]([C@@H]([C@@H]([C@H](O1)OC)O)O)O,COC[C@H]1CCO[C@@]2([C@H](O)C[C@H](COC)O[C@@H](C)[C@@H]2CO)[C@@H](CO)[C@H](C)O1,CO[C@H]1O[C@@H](C)[C@@H](O)[C@H](O)[C@@H]1O,COC[C@H]1CCO[C@@]2([C@H](O)C[C@H](COC)O[C@@H](C)[C@@H]2CO)[C@@H](CO)[C@H](C)O1,True,True,False,False,0.22916666666666666,41,12.0,1.0,5.0
CDK_Depict_18_55,CC(=O)O[C@@H]1CCCN2[C@@H]1C3=C(CC2)C4=CC=CC=C4N3,O=CO[C@H]1CCCN2CCCC(NC3CCCCC3)C12[W],CC(=O)O[C@@H]1CCCN2CCc3c([nH]c4ccccc34)[C@H]12,O=CO[C@H]1CCCN2CCCC(NC3CCCCC3)[C]12[W],True,True,False,False,0.1232876712328767,26,21.0,4.0,2.0
CDK_Depict_18_56,C1(=NC(=NC(=O)N1)P)Cl,Cc1NC(=O)[V]c(P)[V]1,O=c1nc(P)nc(Cl)[nH]1,C[CH]1N[C](=O)[V][CH](P)[V]1,True,True,False,False,0.13513513513513514,15,9.0,1.0,0.0
CDK_Depict_18_57,N1=[Se]=N[Se]N=[Se]=N[Se]1,[Se]1=[nH][nH][sH][nH][s]=n,N1=[Se]=N[Se]N=[Se]=N[Se]1,,True,False,False,False,0.0,21,8.0,1.0,0.0
CDK_Depict_18_58,C[C@H]1CCC[C@@]2([C@@]1(CCCC2)O)C,CCC1(O)C(C)(C)CCCC1(C)C,C[C@H]1CCC[C@@]2(C)CCCC[C@]12O,CCC1(O)C(C)(C)CCCC1(C)C,True,True,False,False,0.25,21,13.0,2.0,3.0
CDK_Depict_18_59,[2H]C([2H])(C(C)C)C(=N)C(=O)O,*C(=O)C(=[V])C([2H])([2H])CC,[2H]C([2H])(C(=N)C(=O)O)C(C)C,*C(=O)[C](=[V])C([2H])([2H])CC,True,True,False,False,0.21212121212121213,24,11.0,0.0,0.0
CDK_Depict_18_60,C1=C(C(=O)NC(=O)N1)[C@H]2[C@@H]([C@@H]([C@H](O2)CO)O)O,O=C1NC=C(CO[C@H](CO)[C@H](O)[C@H](O)[C@H](O)[C@@H](O)CO)C(=O)N1,O=c1[nH]cc([C@@H]2O[C@H](CO)[C@@H](O)[C@H]2O)c(=O)[nH]1,O=c1[nH]cc(CO[C@H](CO)[C@H](O)[C@H](O)[C@H](O)[C@@H](O)CO)c(=O)[nH]1,True,True,False,False,0.3090909090909091,29,17.0,2.0,4.0
CDK_Depict_18_61,C1=CC(=C(C=C1C[C@@H](C(=O)O)O)Br)O,Cc1cc(C[C@H](C)C(=O)O)ccc1O.O,O=C(O)[C@@H](O)Cc1ccc(O)c(Br)c1,Cc1cc(C[C@H](C)C(=O)O)ccc1O.O,True,True,False,False,0.43902439024390244,20,14.0,1.0,1.0
CDK_Depict_18_62,CC(C)[C@@]1(CC[C@]2([C@@H](CCC(=C)[C@@H]2C1)Br)C)O,C=C1CCC(C)C(=C)C(C)(C)CC(=C)CC,C=C1CC[C@@H](Br)[C@]2(C)CC[C@@](O)(C(C)C)C[C@@H]12,,True,False,False,False,0.0,33,17.0,2.0,4.0
CDK_Depict_18_63,C[C@@H]([C@H](C1=CC=CC=C1)O)NC,CN[C@@H](C)C(CO)(C(=O)O)C1=CC=CCc1,CN[C@@H](C)[C@@H](O)c1ccccc1,CN[C@@H](C)C(CO)(C(=O)O)C1=CC=CCC1,True,True,False,False,0.22916666666666666,19,12.0,1.0,2.0
CDK_Depict_18_66,CC1(COC(=N1)C2=COC=C2)C,CC(C)C.Nc(O)c1cOcc1,CC1(C)COC(c2ccoc2)=N1,,True,False,False,False,0.0,17,12.0,2.0,0.0
CDK_Depict_18_67,C[C@H]1C[C@@H]2CCC[C@@H]2S1,CC.CC.CC.CCC,C[C@H]1C[C@@H]2CCC[C@@H]2S1,CC.CC.CC.CCC,True,True,False,False,0.041666666666666664,20,9.0,2.0,3.0
CDK_Depict_18_68,CC(C)(C)OC(=O)NOOC1=CC=CC=C1,COC(=O)NOOc1ccccc1,CC(C)(C)OC(=O)NOOc1ccccc1,COC(=O)NOOc1ccccc1,True,True,False,False,0.6875,16,16.0,1.0,0.0
CDK_Depict_18_69,CN1N2CN3CN(C2)N(P1N3C)C,CN1*CN(C)*1,CN1N2CN3CN(C2)N(C)P1N3C,CN1*CN(C)*1,True,True,False,False,0.16666666666666666,14,13.0,4.0,4.0
CDK_Depict_18_70,CC(=O)OC#CC(=O)OC,COC(=O)C#COC(C)=O,COC(=O)C#COC(C)=O,COC(=O)C#COC(C)=O,True,True,True,True,1.0,7,10.0,0.0,0.0
CDK_Depict_18_71,CCSP(=O)(OC)Cl,CCSC.COP(=O)=O,CCSP(=O)(Cl)OC,CCSC.COP(=O)=O,True,True,False,False,0.3076923076923077,8,8.0,0.0,1.0
CDK_Depict_18_72,CC1(/C(=N\OC)/C(=N/OC)/C(C1)(C)C)C,CON=C(C)C(=NOC)C(C)C,CO/N=C1/C(=N/OC)C(C)(C)CC1(C)C,CON=C(C)C(=NOC)C(C)C,True,True,False,False,0.15625,17,15.0,1.0,0.0
CDK_Depict_18_73,C1C[C@@]2(C[C@H]3C[C@H]3[C@H]1[C@H]4[C@@H]2C4)O,CCCCCCCCCCCCCCCCCCCCCCCCCCCCCCCCCCCCCCCCCCCCCCCCCCCCCCCCCCCCCCCCCCCCCCCCCCCCCCCCCCCCCCCCCCCCCCCCCCCCCCCCCCCCCCCCCCCCCCCCCCCCCCCCCCCCCCCCCCCCCCCCCCCCCCCCCCCCCCCC,O[C@@]12CC[C@@H]([C@@H]3C[C@@H]3C1)[C@@H]1C[C@@H]12,CCCCCCCCCCCCCCCCCCCCCCCCCCCCCCCCCCCCCCCCCCCCCCCCCCCCCCCCCCCCCCCCCCCCCCCCCCCCCCCCCCCCCCCCCCCCCCCCCCCCCCCCCCCCCCCCCCCCCCCCCCCCCCCCCCCCCCCCCCCCCCCCCCCCCCCCCCCCCCCC,True,True,False,False,0.0,149,12.0,5.0,6.0
CDK_Depict_18_75,C1=C(C=C(C(C1O)O)O)O,OC1=CC(O)C(O)C(O)=C1,OC1=CC(O)C(O)C(O)=C1,OC1=CC(O)C(O)C(O)=C1,True,True,True,True,1.0,12,10.0,1.0,2.0
CDK_Depict_18_78,CN(C)[Sb](N(C)C)(N(C)C)N(C)C,CN.N,C[N](C)[Sb]([N](C)C)([N](C)C)[N](C)C,CN.N,True,True,False,False,0.09090909090909091,25,13.0,0.0,0.0
CDK_Depict_18_79,C/C(=N\O)/[C@H]1[C@H]2[C@H](C2(C)C)CC1=NO,CC.CC.CC.CC.CC.CC.CC.CC.CC.CC.CC.CC.CC.CC.CC.CC.CC.CC.CC.CC.CC.CC.CC.CC.CC.CC.CC.CC.CC.CC.CC.CC.CC.CC.CC.CC.CC.CC.CC.CC.CC.CC.CC.CC.CC.CC.CC.CC.CC.CC.CC.CC.CC.CC.CC.CC.CC.CC.CC.CC.CC.CC.CC.CCC.CCC.CCC.CCC,C/C(=N\O)[C@@H]1C(=NO)C[C@@H]2[C@H]1C2(C)C,CC.CC.CC.CC.CC.CC.CC.CC.CC.CC.CC.CC.CC.CC.CC.CC.CC.CC.CC.CC.CC.CC.CC.CC.CC.CC.CC.CC.CC.CC.CC.CC.CC.CC.CC.CC.CC.CC.CC.CC.CC.CC.CC.CC.CC.CC.CC.CC.CC.CC.CC.CC.CC.CC.CC.CC.CC.CC.CC.CC.CC.CC.CC.CCC.CCC.CCC.CCC,True,True,False,False,0.03225806451612903,194,14.0,2.0,3.0
CDK_Depict_18_80,CC(C)(C)OC(=O)C[C@]1(CC[C@@H]1N)O,CC(C)(C)OC(=O)C[C@H]1CC[C@H]1N,CC(C)(C)OC(=O)C[C@@]1(O)CC[C@@H]1N,CC(C)(C)OC(=O)C[C@H]1CC[C@H]1N,True,True,False,False,0.46153846153846156,5,14.0,1.0,2.0
CDK_Depict_18_81,B(NCCBr)(NCCBr)NCCBr,*CCNCC(NCC*)NCCC,BrCCNB(NCCBr)NCCBr,*CCNCC(NCC*)NCCC,True,True,False,False,0.09090909090909091,10,13.0,0.0,0.0
CDK_Depict_18_82,C1CPCC(C1N)C#N,C#CC(CC)C([NH])CC,N#CC1CPCCC1N,C#CC(CC)C([NH])CC,True,True,False,False,0.02564102564102564,10,9.0,1.0,3.0
CDK_Depict_18_83,C[C@@H]1CC[C@H]2[C@@]3(CO3)[C@H](O[C@H]4[C@@]25[C@H]1CC[C@](O4)(OO5)C)OO,[H][C@@]12CC[C@H](C)[C@H]3CC(C)CC[C@H](C)[C@]31[C@H](C)O[C@@H](OO)[C@]21CO1,C[C@@H]1CC[C@H]2[C@@]3(CO3)[C@@H](OO)O[C@@H]3O[C@@]4(C)CC[C@@H]1[C@]32OO4,CC1CC[C@H](C)[C@@]23[C@H](C)O[C@@H](OO)[C@]4(CO4)[C@@H]2CC[C@H](C)[C@H]3C1,True,True,False,False,0.4406779661016949,37,22.0,6.0,8.0
CDK_Depict_18_84,C1=CSS(C1=O)(Cl)Cl,C=OS1(C=O)SC=CC1=O,O=C1C=CSS1(Cl)Cl,,True,False,False,False,0.0,10,8.0,1.0,0.0
CDK_Depict_18_85,C(CO)[C@@H](C(=O)O)N,N[C@H](CCO)C(=O)O,N[C@@H](CCO)C(=O)O,N[C@H](CCO)C(=O)O,True,True,False,True,1.0,12,8.0,0.0,1.0
CDK_Depict_18_86,CC1(OCC[C@H](O1)COCC2=CC=CC=C2)C,CC1OCC[C@@H](COCc2ccccc2)O1,CC1(C)OCC[C@@H](COCc2ccccc2)O1,CC1OCC[C@@H](COCc2ccccc2)O1,True,True,False,False,0.5813953488372093,16,17.0,2.0,1.0
CDK_Depict_18_87,C(C(=C(I)I)I)SC#N,CC(I)SC#N,N#CSCC(I)=C(I)I,CC(I)SC#N,True,True,False,False,0.2222222222222222,8,9.0,0.0,0.0
CDK_Depict_18_88,CP(=C(P(C)(C)(C)I)P(C)(C)(C)I)(C)C,*[2H](C)(C)C(=[PH](C)(C)C)[SH](C)(C)C,CP(C)(C)=C(P(C)(C)(C)I)P(C)(C)(C)I,,True,False,False,False,0.0,20,15.0,0.0,0.0
CDK_Depict_18_89,CO[C@@H]1C[C@]23C4=C(CCN2CC=C3C=C1)COC(=O)C4,C1CC[C@@]2(C3=C(COC(=O)C3)CCN2C1)C[C@H](OC)C=CC2,CO[C@H]1C=CC2=CCN3CCC4=C(CC(=O)OC4)[C@]23C1,,True,False,False,False,0.0,30,20.0,4.0,2.0
CDK_Depict_18_90,CC(=O)[C@H]1CC[C@@H]2[C@@]1(CC[C@H]3[C@H]2CC=C4[C@@]3(CC[C@@H](C4)O)C)C,CC(C)[C@@H]1(C(C)C)CC[C@@H]2[C@@]3(C)CCC4C[C@@]5(C)CC[C@@]4(C)[C@@]3(C)CC[C@@]21C,CC(=O)[C@H]1CC[C@H]2[C@@H]3CC=C4C[C@@H](O)CC[C@]4(C)[C@H]3CC[C@]12C,,True,False,False,False,0.0,35,23.0,4.0,7.0
CDK_Depict_18_91,CC(=O)N[C@H]1[C@@H]([C@H]([C@@H]([C@H](O1)CO)O)O)OC(=O)C,*C[C@H]1O[C@@H](NC(C)=O)[C@H](OC(C)=O)[C@@H](O)C1(O)O,CC(=O)N[C@@H]1O[C@H](CO)[C@@H](O)[C@H](O)[C@H]1OC(C)=O,*C[C@H]1O[C@@H](NC(C)=O)[C@H](OC(C)=O)[C@@H](O)C1(O)O,True,True,False,False,0.48936170212765956,31,18.0,1.0,5.0
CDK_Depict_18_92,CC(C)C1=CC2=C(CC[C@H]3[C@]2(CCC[C@@]3(C)CN)C)C=C1,CC(C)C.CC1(CN)CCC[C@@]2(C)c3ccccC3CC[C@]12C,CC(C)c1ccc2c(c1)[C@]1(C)CCC[C@@](C)(CN)[C@H]1CC2,,True,False,False,False,0.0,29,21.0,3.0,3.0
CDK_Depict_18_93,C1=C(NN(N=C1)NCCO)F,[1H]CCNN1N=CC=C([3H])N1,OCCNN1N=CC=C(F)N1,[1H]CCNN1N=CC=C([3H])N1,True,True,False,False,0.23404255319148937,15,11.0,1.0,0.0
CDK_Depict_18_94,C(=C(\N)/N=O)(\N)/NO,NC(N)=C(N)N=O,N/C(N=O)=C(\N)NO,NC(N)=C(N)N=O,True,True,False,False,0.47368421052631576,11,8.0,0.0,0.0
CDK_Depict_18_95,C1CSC2=N[C@H](CN21)C3=CC=CC=C3,CCN1CCSc1N[C@@H](C)CN1CCSC1,c1ccc([C@H]2CN3CCSC3=N2)cc1,CCN1CCSC1N[C@@H](C)CN1CCSC1,True,True,False,False,0.1,17,14.0,3.0,1.0
CDK_Depict_18_96,C1C[C@@H]([C@@H](C1)O)CCCO,OCCC[C@H]1CCC[C@H]1O,OCCC[C@H]1CCC[C@H]1O,OCCC[C@H]1CCC[C@H]1O,True,True,True,True,1.0,16,10.0,1.0,2.0
CDK_Depict_18_97,CS1(=C(O1)S(=O)(=O)C)=O,C[SH](=O)=O.C[SH]1(=O)CO1,CS(=O)(=O)C1=S(C)(=O)O1,C[SH](=O)=O.C[SH]1(=O)CO1,True,True,False,False,0.10344827586206896,16,9.0,1.0,1.0
CDK_Depict_18_98,C[Si](C#C)([Si](C)(C#C)Cl)Cl,*[Si-](C)[Si](*)(#C)C,C#C[Si](C)(Cl)[Si](C)(Cl)C#C,,True,False,False,False,0.0,11,10.0,0.0,2.0
CDK_Depict_18_99,CC(C)(C)NS(=O)C1=CSC=C1,CC.O=[SH](=O)c1ccSC1,CC(C)(C)NS(=O)c1ccsc1,,True,False,False,False,0.0,13,12.0,1.0,1.0
CDK_Depict_18_100,[2H]C([2H])(CC)OC([2H])([2H])C=C,[2H]C([2H])([2H])OC([2H])([(Q])C=C)CC,[2H]C([2H])(C=C)OC([2H])([2H])CC,,True,False,False,False,0.0,9,11.0,0.0,0.0
CDK_Depict_19_1,CS(=O)(O)(OS(=O)(=O)O)S(=O)(=O)O,CS(=O)(=O)O.CS(=O)(=O)OS(=O)(=O)O,CS(=O)(O)(OS(=O)(=O)O)S(=O)(=O)O,CS(=O)(=O)O.CS(=O)(=O)OS(=O)(=O)O,True,True,False,False,0.3076923076923077,5,13.0,0.0,0.0
CDK_Depict_19_2,C1C[C@@]([C@H]1N)(CC(=O)O)O,C[C@H]1CC[C@@](C)(CCC(=O)O)[C@@H](C)C1,N[C@H]1CC[C@]1(O)CC(=O)O,C[C@H]1CC[C@@](C)(CCC(=O)O)[C@@H](C)C1,True,True,False,False,0.2682926829268293,21,10.0,1.0,2.0
CDK_Depict_19_3,COC1=C=C=CC=C1,COC1ccccc1,COC1=C=C=CC=C1,,True,False,False,False,0.0,9,8.0,1.0,0.0
CDK_Depict_19_4,C1C[C@H]([C@@H]1C#N)C(=O)N,CCCCCCCCCCCCCCCCCCCCCCC,N#C[C@@H]1CC[C@H]1C(N)=O,CCCCCCCCCCCCCCCCCCCCCCC,True,True,False,False,0.0,20,9.0,1.0,2.0
CDK_Depict_19_5,C1=NC2(C(=N1)C(=NC=N2)N)N,CC.CC,NC1=NC=NC2(N)N=CN=C12,CC.CC,True,True,False,False,0.0,21,11.0,2.0,1.0
CDK_Depict_19_7,COC(=O)CC(C(=O)NC1=CC=CC=C1)SC[C@@H](C(=O)O)N,*N(*)(*)C(CC)CC.CC(=O)CC(C)C(=O)NC1CCCCC1,COC(=O)CC(SC[C@H](N)C(=O)O)C(=O)Nc1ccccc1,,True,False,False,False,0.0,33,22.0,1.0,2.0
CDK_Depict_19_8,C1CC[C@@H]([C@H](C1)CC2=CC=C(C=C2)O)O,CC1CCC(CC2CCCC[C@H]2O)CC1,Oc1ccc(C[C@H]2CCCC[C@@H]2O)cc1,CC1CCC(CC2CCCC[C@H]2O)CC1,True,True,False,False,0.35135135135135137,24,15.0,2.0,2.0
CDK_Depict_19_9,CC(=O)O[C@H]1[C@@H](CN[C@H]1CC2=CC=C(C=C2)OC)O,CC(C)=O.COC1CCC(C[C@@H]2NC[C@@H](O)[C@@H]2O)CC1,COc1ccc(C[C@@H]2NC[C@@H](O)[C@@H]2OC(C)=O)cc1,CC(C)=O.COC1CCC(C[C@@H]2NC[C@@H](O)[C@@H]2O)CC1,True,True,False,False,0.3333333333333333,30,19.0,2.0,3.0
CDK_Depict_19_10,C1=CC=C(C=C1)P(=S)(C2=CC=CC=C2)F,F[PH](=S)C1CCCCC1.c1ccCCC1,FP(=S)(c1ccccc1)c1ccccc1,,True,False,False,False,0.0,26,15.0,2.0,0.0
CDK_Depict_19_11,N(NN=O)N=O,O=*[N+]*[N+]=O,O=NNNN=O,O=*[N+]*[N+]=O,True,True,False,False,0.05,10,6.0,0.0,0.0
CDK_Depict_19_12,C(#N)I(C#N)OS(=O)(=O)C(F)(F)F,FC(F)F.O=S(=O)(Cl)C(F)(F)F.[V]#CI,N#CI(C#N)OS(=O)(=O)C(F)(F)F,FC(F)F.O=S(=O)(Cl)C(F)(F)F.[V]#[C]I,True,True,False,False,0.24242424242424243,19,13.0,0.0,0.0
CDK_Depict_19_13,C1(NC(NC(N1)N)N)N,*C.*C(C)C.[Lv]C([Lv])[Lv],NC1NC(N)NC(N)N1,*C.*C(C)C.[Lv][CH]([Lv])[Lv],True,True,False,False,0.058823529411764705,19,9.0,1.0,3.0
CDK_Depict_19_14,CC(C)(C)P1(=S)SP(=S)(S1)C(C)(C)C,CC.CC(C)(C)C.CC(C)(C)C.CCC,CC(C)(C)P1(=S)SP(=S)(C(C)(C)C)S1,CC.CC(C)(C)C.CC(C)(C)C.CCC,True,True,False,False,0.16666666666666666,18,14.0,1.0,2.0
CDK_Depict_19_15,OS(=S)SS,[O-2]S(=S)S[S-2],OS(=S)SS,,True,False,False,False,0.0,8,5.0,0.0,1.0
CDK_Depict_19_16,B1=C(N=C(O1)C)N,*C(*)[V]C(C)C,Cc1nc(N)bo1,*[CH](*)[V][CH](C)C,True,True,False,False,0.03571428571428571,11,7.0,1.0,0.0
CDK_Depict_19_17,B12OC(O1)(O2)NC(O)(O)O,CC(O)(O)O,OC(O)(O)NC12OB(O1)O2,CC(O)(O)O,True,True,False,False,0.15,13,10.0,3.0,0.0
CDK_Depict_19_18,B1[P+](B[P+]1([SiH3])[SiH3])([SiH3])[SiH3],CC.CC.C[P+](C)[S-],[SiH3][P+]1([SiH3])B[P+]([SiH3])([SiH3])B1,CC.CC.C[P+](C)[S-],True,True,False,False,0.0,33,8.0,1.0,6.0
CDK_Depict_19_19,CC(C)N1C(=O)[C@@H]([C@@]12CCCCC2=O)C3=CC=CC=C3,CC(=O)[C@H](C1=CC=CC=C1)[C@]12(CCC)C(=O)CC,CC(C)N1C(=O)[C@H](c2ccccc2)[C@@]12CCCCC2=O,,True,False,False,False,0.0,28,20.0,3.0,2.0
CDK_Depict_19_20,C[C@H]([C@H](C1=CC(=C(C=C1)O)O)O)N,CCCCCCCCC(CCCC(O)CCCCC)C(C)C,C[C@@H](N)[C@@H](O)c1ccc(O)c(O)c1,CCCCCCCCC(CCCC(O)CCCCC)C(C)C,True,True,False,False,0.14634146341463414,22,13.0,1.0,2.0
CDK_Depict_19_21,C1COCCN1S/N=C(/C#N)\Cl,*#C/C(Cl)=N/S[NH+]1CC*CC1,N#C/C(Cl)=N/SN1CCOCC1,*#C/C(Cl)=N/S[NH+]1CC*CC1,True,True,False,False,0.2,18,12.0,1.0,0.0
CDK_Depict_19_23,[2H]C1=C(C(=C(C(=C1[2H])[2H])N([2H])[2H])[2H])[2H],[2HH].[2HH].[2HH].[2HH],[2H]c1c([2H])c([2H])c(N([2H])[2H])c([2H])c1[2H],[2HH].[2HH].[2HH].[2HH],True,True,False,False,0.0,32,14.0,1.0,0.0
CDK_Depict_19_24,C1=CSC2=C1SC(=N2)Br,CC1CC=CS1,Brc1nc2sccc2s1,CC1CC=CS1,True,True,False,False,0.05714285714285714,13,9.0,2.0,0.0
CDK_Depict_19_25,CC1(CN(C1=S)N2CC(C2=S)(C)C)C,CC1(C)CNC1.CC1(C)CNC1=S,CC1(C)CN(N2CC(C)(C)C2=S)C1=S,CC1(C)CNC1.CC1(C)CNC1=S,True,True,False,False,0.2962962962962963,17,14.0,2.0,0.0
CDK_Depict_19_26,C[C@H]1[C@@H]2CCC3C4CC[C@@H](C4(CCC3C2(CCC1=O)C)C)O,C=C1CCC2(C)C(CCC3C2CCC2(C)C3CC[C@H]2C)C1C,C[C@@H]1C(=O)CCC2(C)C3CCC4(C)C(CC[C@@H]4O)C3CC[C@@H]12,C=C1CCC2(C)C(CCC3C2CCC2(C)C3CC[C@H]2C)C1C,True,True,False,False,0.5111111111111111,30,22.0,4.0,8.0
CDK_Depict_19_27,[Ti+2]=[Ge],C=C.[CH+]C,[Ti+2]=[Ge],C=C.[CH+]C,True,True,False,False,0.0,11,2.0,0.0,0.0
CDK_Depict_19_28,CCC(=O)OC1(C[C@@H](N(C[C@H]1C)C)C)C2=CC=CC=C2,CCCCCC1(C2=Ccccc2)C[C@H](C)CCC1C,CCC(=O)OC1(c2ccccc2)C[C@H](C)N(C)C[C@H]1C,CCCCCC1(c2ccccc2)C[C@H](C)CCC1C,True,True,False,False,0.3090909090909091,26,20.0,2.0,3.0
CDK_Depict_19_29,CC(C)N1P(P1C(C)(C)C)C(C)(C)C,CC.CC(C)(C)C.CCC.P,CC(C)n1p(C(C)(C)C)p1C(C)(C)C,CC.CC(C)(C)C.CCC.P,True,True,False,False,0.14285714285714285,14,14.0,1.0,2.0
CDK_Depict_19_30,CNC[C@@H](C1=CC(=CC=C1)O)O,CCC[C@H](O)c1cccc(O)c1,CNC[C@H](O)c1cccc(O)c1,CCC[C@H](O)c1cccc(O)c1,True,True,False,False,0.6060606060606061,17,12.0,1.0,1.0
CDK_Depict_19_31,C(=O)=[Ni]I,O=C=[Li]I,O=[C]=[Ni][I],O=[C]=[Li][I],True,True,False,False,0.2857142857142857,5,4.0,0.0,0.0
CDK_Depict_19_32,CN1C[C@@H]([C@H]([C@H]1C(=O)OC)C2=CC=CC=C2)C(=O)OC,COC([C@H]1C[NH+](C)[C@@](C(OC)=O)(C2C=CC=CC=2)C=O)=O,COC(=O)[C@H]1CN(C)[C@H](C(=O)OC)[C@@H]1c1ccccc1,,True,False,False,False,0.0,23,20.0,2.0,3.0
CDK_Depict_19_34,C[C@@H]1CC[C@H](C(=O)C1)C(C)C,CC1CCC(C(C)C)C(=O)C1,CC(C)[C@@H]1CC[C@@H](C)CC1=O,CC1CCC(C(C)C)C(=O)C1,True,True,False,True,1.0,15,11.0,1.0,2.0
CDK_Depict_19_35,C1(=NNN=C1Cl)C2=[15N]NN=N2,Clc1***C1,Clc1n[nH]nc1-c1nn[nH][15n]1,ClC1*=**C1,True,True,False,False,0.027777777777777776,22,11.0,2.0,0.0
CDK_Depict_19_37,COC1=C(C=CC(=C1)C[C@@H](C(=O)O)N)O,*[C@@H](Cc1ccc(C)cc1)C(=C)C,COc1cc(C[C@H](N)C(=O)O)ccc1O,*[C@@H](Cc1ccc(C)cc1)C(=C)C,True,True,False,False,0.23404255319148937,27,15.0,1.0,1.0
CDK_Depict_19_38,C1=NC(N=C1)(CN)N,*CC1(*)[V]=CC=[V]1,NCC1(N)N=CC=N1,*C[C]1(*)[V]=[CH][CH]=[V]1,True,True,False,False,0.15384615384615385,15,8.0,1.0,0.0
CDK_Depict_19_40,C1CC(=O)NC1C(=O)N[C@H]2CC2C3=CC=CC=C3,O=C1CCC(C(=O)N[C@@H]2CC2C2ccCCC2)N1,O=C1CCC(C(=O)N[C@H]2CC2c2ccccc2)N1,O=C1CCC(C(=O)N[C@@H]2CC2C2C=CCCC2)N1,True,True,False,False,0.5,17,18.0,3.0,3.0
CDK_Depict_19_41,C/1C[C@H]2COC(=O)[C@H]2CC/C=C1,CC12CC/C=C\CCC1(C)C(=O)OC2,O=C1OC[C@@H]2CC/C=C\CC[C@H]12,CC12CC/C=C\CCC1(C)C(=O)OC2,True,True,False,False,0.25,23,12.0,2.0,2.0
CDK_Depict_19_43,COCCOC(=O)/C(=C(/C(=O)OCCOC)\Br)/Br,CCCOC.COCCO,COCCOC(=O)/C(Br)=C(\Br)C(=O)OCCOC,CCCOC.COCCO,True,True,False,False,0.2857142857142857,25,18.0,0.0,0.0
CDK_Depict_19_45,C[C@H]([C@@H](C)OC(=O)CI)OC(=O)CI,CCC(=O)OC(C)C(C)C.CCC(C)=O,C[C@@H](OC(=O)CI)[C@@H](C)OC(=O)CI,CCC(=O)OC(C)C(C)C.CCC(C)=O,True,True,False,False,0.48148148148148145,20,14.0,0.0,2.0
CDK_Depict_19_46,CO[C@H]1CC=C2CCN3[C@]2(C1)C4=C(CC3)COC(=O)C4,COC1CCN2CCN3CCC4C(CC(=O)[o]C4)[C@]23(C1)C1,CO[C@H]1CC=C2CCN3CCC4=C(CC(=O)OC4)[C@]23C1,,True,False,False,False,0.0,27,20.0,4.0,2.0
CDK_Depict_19_48,C1[C@@H]([C@H]1OC2=CC=CC=C2)N,*[C@@H]1C[C@@H]2OC12.CC1cccCC1,N[C@H]1C[C@@H]1Oc1ccccc1,,True,False,False,False,0.0,15,11.0,2.0,2.0
CDK_Depict_19_49,C1=CC=C(C=C1)[C@@H]2[C@H](N2)C3=CC=CC=C3,C1CCC(C2N[C@@H]2C2CCCCC2)CC1,c1ccc([C@H]2N[C@@H]2c2ccccc2)cc1,C1CCC(C2N[C@@H]2C2CCCCC2)CC1,True,True,False,False,0.11538461538461539,19,15.0,3.0,2.0
CDK_Depict_19_50,CN=C1N=C(SS1)N,C*=C1*c(N)SS1,CN=c1nc(N)ss1,C*=C1*C(N)SS1,True,True,False,False,0.1111111111111111,8,8.0,1.0,0.0
CDK_Depict_19_51,CC/C(=C\1/C/C=C\C[C@@H]([C@@H](O1)C/C=C/C#C)Cl)/Br,C#C/C=C/CCC(Cl)Cl.CCCC,C#C/C=C/C[C@@H]1O/C(=C(/Br)CC)C/C=C\C[C@@H]1Cl,C#C/C=C/CCC(Cl)Cl.CCCC,True,True,False,False,0.25,33,18.0,1.0,2.0
CDK_Depict_19_52,B(=NC(C)C)C(C)C,CC(C)*=S.CC(C)C,CC(C)B=NC(C)C,CC(C)*=S.CC(C)C,True,True,False,False,0.15,9,8.0,0.0,0.0
CDK_Depict_19_53,CC(CCN)C(N)(I)I,*CCC(C)C(C)(C)N,CC(CCN)C(N)(I)I,*CCC(C)C(C)(C)N,True,True,False,False,0.3333333333333333,7,9.0,0.0,1.0
CDK_Depict_19_54,C[C@H]1[C@H](OC(O1)(C)C)[C@@H]2[C@@H]3[C@H](C(=O)O2)OC(O3)(C)C,CC1(C)O[C@@]2([*])C(=O)O[C@@H](C)(C2[*])C([*])([*])[*]C(C)(C)[*],C[C@@H]1OC(C)(C)O[C@@H]1[C@H]1OC(=O)[C@@H]2OC(C)(C)O[C@H]12,,True,False,False,False,0.0,44,19.0,3.0,5.0
CDK_Depict_19_55,CC(C)C[C@@H](C(=O)O)N,CC(C)CC(C)C(=O)O,CC(C)C[C@H](N)C(=O)O,CC(C)CC(C)C(=O)O,True,True,False,False,0.5454545454545454,8,9.0,0.0,1.0
CDK_Depict_19_56,B(=S(#P)OC)S,CO[SH](=P)=S,COS(#P)=BS,CO[SH](=P)=S,True,True,False,False,0.13043478260869565,9,6.0,0.0,0.0
CDK_Depict_19_57,C1[C@@H]([C@H]1N)C2=CC=CC=C2,C1CCCCC1.C[C@@H]1C[C@@H]1C,N[C@H]1C[C@@H]1c1ccccc1,C1CCCCC1.C[C@@H]1C[C@@H]1C,True,True,False,False,0.125,18,10.0,2.0,2.0
CDK_Depict_19_58,CNN(C)P(C)N,*P(C)[N+](C)NC,CNN(C)P(C)N,*P(C)[N+](C)NC,True,True,False,False,0.2,8,7.0,0.0,1.0
CDK_Depict_19_59,B(CC(B(Cl)Cl)[Sn](Cl)(Cl)Cl)(Cl)Cl,Cl.Cl.Cl.Cl.Cl,ClB(Cl)C[CH](B(Cl)Cl)[Sn]([Cl])([Cl])[Cl],Cl.Cl.Cl.Cl.Cl,True,True,False,False,0.0,24,12.0,0.0,1.0
CDK_Depict_19_60,C1=CC(=[Tl]C=C1)OI(=O)(=O)=O,CC(C)=O.CCCCC(C)C,[O-][I+3]([O-])([O-])O[C]1=[Tl][CH]=CC=C1,CC(C)=O.CCCCC(C)C,True,True,False,False,0.02564102564102564,21,11.0,1.0,0.0
CDK_Depict_19_61,CS(=O)(=O)OC1=COC=C1,CS(=O)(=O)sc1ccsc1,CS(=O)(=O)Oc1ccoc1,,True,False,False,False,0.0,8,10.0,1.0,0.0
CDK_Depict_19_62,N/N=N/N=N/N,[Li+2]/N=N/N=N/N,N/N=N/N=N/N,[Li+2]/[N]=N/N=N/N,True,True,False,False,0.5833333333333334,6,6.0,0.0,0.0
CDK_Depict_19_63,C[Si]1(NC=CN1)Br,C[Si]1(C[25c+])[NH2+]C=C[NH2+]1,C[Si]1(Br)NC=CN1,,True,False,False,False,0.0,19,7.0,1.0,0.0
CDK_Depict_19_64,C1=CC=C(C=C1)[C@H](C(C(=O)O)N)O,*C(C(=O)O)[C@@H](Cl)C1C=CCCC1,NC(C(=O)O)[C@H](O)c1ccccc1,*C(C(=O)O)[C@@H](Cl)C1C=CCCC1,True,True,False,False,0.18181818181818182,21,13.0,1.0,2.0
CDK_Depict_19_65,C(=NP)(N)N,*N=C(C)N,NC(N)=NP,*N=C(C)N,True,True,False,False,0.25,6,5.0,0.0,0.0
CDK_Depict_19_66,COOS(=S)(=S)SSSSSS,COOS(=S)(=S)SSSSSS,COOS(=S)(=S)SSSSSS,COOS(=S)(=S)SSSSSS,True,True,True,True,1.0,0,12.0,0.0,0.0
CDK_Depict_19_67,C1C[C@@]([C@@H]1N)(CC(=O)O)O,*C1CC[C@]1(C)CC(=C)[O-],N[C@@H]1CC[C@]1(O)CC(=O)O,*C1CC[C@]1(C)CC(=C)[O-],True,True,False,False,0.2,15,10.0,1.0,2.0
CDK_Depict_19_68,CC(=S)NOC(=O)NCSCNC(=O)ONC(=S)C,***C(=O)*CSC*C(=O)*NC(C)=S,CC(=S)NOC(=O)NCSCNC(=O)ONC(C)=S,***C(=O)*CSC*C(=O)*NC(C)=S,True,True,False,False,0.26666666666666666,15,19.0,0.0,0.0
CDK_Depict_19_69,CCC1C[C@H]2C3CCC4=CC(=O)CCC4[C@H]3CCC2([C@H]1O)C,CCC1C[C@@]2(C)C(CCC3CC(=O)CCC3[C@@]3(C)CCC2(C)C)CC3,CCC1C[C@H]2C3CCC4=CC(=O)CCC4[C@H]3CCC2(C)[C@H]1O,,True,False,False,False,0.0,19,22.0,4.0,7.0
CDK_Depict_19_70,CC(=O)N[C@@H](CS)C(=O)O,[4H]C[C@H](NC(C)=O)C([4H])=O,CC(=O)N[C@@H](CS)C(=O)O,[4H]C[C@H](NC(C)=O)C([4H])=O,True,True,False,False,0.30303030303030304,19,10.0,0.0,1.0
CDK_Depict_19_72,CN1NP(CP1Cl)Cl,C*1[1N]N(C)[2N]1.Cl,CN1NP(Cl)CP1Cl,C*1[1N]N(C)[2N]1.Cl,True,True,False,False,0.1,12,8.0,1.0,2.0
CDK_Depict_19_73,P1=PP(P=P1)P2P=PP=P2,CP(P=PP=P)P1p=pp=P1,p1ppp(-p2pppp2)p1,CP(P=PP=P)p1pppp1,True,True,False,False,0.2,11,10.0,2.0,10.0
CDK_Depict_19_74,CC1=CN(C(=O)N=C1N)[C@H]2CC([C@H](O2)CO)O,*C1NC(=O)N(C(C)CC(O)C(C)CO)C=C1C,Cc1cn([C@H]2CC(O)[C@@H](CO)O2)c(=O)nc1N,*C1NC(=O)N(C(C)CC(O)C(C)CO)C=C1C,True,True,False,False,0.16176470588235295,23,17.0,2.0,3.0
CDK_Depict_19_75,C(=O)=[Mn](=C=O)(=C=O)Br,O=C=[Mn]([Dy])(=C=O)=C=O,O=[C]=[Mn]([Br])(=[C]=O)=[C]=O,O=[C]=[Mn]([Dy])(=[C]=O)=[C]=O,True,True,False,False,0.3333333333333333,12,8.0,0.0,0.0
CDK_Depict_19_76,C1(=NNSO1)OC2=NNSO2,C(c1nNSO1)c1n[nH]SO1,N1=C(OC2=NNSO2)OSN1,C(C1=NNSO1)C1=NNSO1,True,True,False,False,0.44,12,11.0,2.0,0.0
CDK_Depict_19_77,CN1N(P1C2=CC=CC=C2)C,CN(C)C.Cc1ccccc1,Cn1n(C)p1-c1ccccc1,CN(C)C.Cc1ccccc1,True,True,False,False,0.2916666666666667,15,11.0,2.0,0.0
CDK_Depict_19_78,CP=S(#N)N=NN=NN=NN,CN[NH]=[NH]=[NH]=C=[NH]=N=[SH](=N)=PC,CP=S(#N)N=NN=NN=NN,,True,False,False,False,0.0,28,11.0,0.0,1.0
CDK_Depict_19_79,CC1=CSC(=O)NC1=O,CC1CNC(=O)SC1,Cc1csc(=O)[nH]c1=O,CC1CNC(=O)SC1,True,True,False,False,0.17142857142857143,5,9.0,1.0,0.0
CDK_Depict_19_80,[2H][C@](CC(=O)C1=CC=CC=C1N)(C(=O)O)N,C1CC([v111)2])CC(=O)C[C@]([2H])([s1Al])C(C)=O,[2H][C@](N)(CC(=O)c1ccccc1N)C(=O)O,,True,False,False,False,0.0,33,16.0,1.0,1.0
CDK_Depict_19_81,C(=O)(O)[As](C(=O)O)/N=N/[As](C(=O)O)C(=O)O,*C(=O)[As]([As]C(=O)[As](C)C(=O)O)[As]=[N-].CC(=O)O,O=C(O)[As](/N=N/[As](C(=O)O)C(=O)O)C(=O)O,*C(=O)[As]([As]C(=O)[As](C)C(=O)O)[As]=[N-].CC(=O)O,True,True,False,False,0.17647058823529413,27,16.0,0.0,0.0
CDK_Depict_19_82,CC[C@@H]1[C@@H]2CCO[C@]1(C2=O)C,CC(=O)CC1CC1.CCC,CC[C@@H]1[C@@H]2CCO[C@@]1(C)C2=O,CC(=O)CC1CC1.CCC,True,True,False,False,0.21621621621621623,23,11.0,3.0,3.0
CDK_Depict_19_84,C1C=C2C(=CO1)NC=N2,CC.Cc1c(C)c[CH]CC1,C1=c2nc[nH]c2=COC1,,True,False,False,False,0.0,15,9.0,2.0,0.0
CDK_Depict_19_85,C(C(C(F)(F)F)(F)F)C(F)(F)Cl,CC(C)(C)CC(F)(F)C(F)(F)F,FC(F)(Cl)CC(F)(F)C(F)(F)F,CC(C)(C)CC(F)(F)C(F)(F)F,True,True,False,False,0.47368421052631576,9,12.0,0.0,0.0
CDK_Depict_19_86,[2H]S([3H])(P([3H])Br)P([3H])Br,CC.CC.P.S.[2HH].[BH2-]PC,[2H]S([3H])(P([3H])Br)P([3H])Br,CC.CC.P.S.[2HH].[BH2-]PC,True,True,False,False,0.045454545454545456,28,9.0,0.0,3.0
CDK_Depict_19_87,CCCCCC1=CC(=C(C(=C1)O)C2C=C(CC[C@H]2C(=C)C)C)O,C=C(C)[C@@H]1CCC(C)CC1c1c([O-])cC(CCCCC)=CC1C,C=C(C)[C@@H]1CCC(C)=CC1c1c(O)cc(CCCCC)cc1O,,True,False,False,False,0.0,32,23.0,2.0,2.0
CDK_Depict_19_89,CC(C)(C[Se](=O)O)C[Se](=O)O,CC(C)(C[Se](=O)Cl)C[Se](=O)Cl,CC(C)(C[Se](=O)O)C[Se](=O)O,CC(C)(C[Se](=O)Cl)C[Se](=O)Cl,True,True,False,False,0.5,4,11.0,0.0,2.0
CDK_Depict_19_91,C[C@]12CCC3C(C1CC[C@]2(C#C)O)CCC4=C3C=CC(=C4)O,C#CC(C)(C)CCC1CCc2cc(Cl)ccc2C1CCC,C#C[C@]1(O)CCC2C3CCc4cc(O)ccc4C3CC[C@@]21C,C#CC(C)(C)CCC1CCc2cc(Cl)ccc2C1CCC,True,True,False,False,0.2608695652173913,31,22.0,4.0,5.0
CDK_Depict_19_92,C1=CN=CC=C1/C(=N/N=C2N=NN=N2)/Br,CC.CC.CC(=N)[IH].CC(=N)[V]=N[V]=[V]=[V]=[V],Br/C(=N\N=C1N=NN=N1)c1ccncc1,CC.CC.CC(=N)[IH].C[C](=N)[V]=[N][V]=[V]=[V]=[V],True,True,False,False,0.04081632653061224,31,15.0,2.0,0.0
CDK_Depict_19_93,CCO/C(=N/SOC(=O)NCC(=O)C)/C,CCO/C(C)=N/SOC(=O)[NH2+]CC(C)=O,CCO/C(C)=N/SOC(=O)NCC(C)=O,CCO/C(C)=N/SOC(=O)[NH2+]CC(C)=O,True,True,False,False,0.55,12,15.0,0.0,0.0
CDK_Depict_19_94,CC(=O)N(C)[C@H]1[C@@H]([C@H]([C@@H]([C@H](O1)CO)O)O)O,C=C(C)N(C)[C@@H]1C[C@H](CO)[C@@H]([4O])[C@H](O)[C@H]1[4O],CC(=O)N(C)[C@@H]1O[C@H](CO)[C@@H](O)[C@H](O)[C@H]1O,C=C(C)N(C)[C@@H]1C[C@H](CO)[C@@H]([4O])[C@H](O)[C@H]1[4O],True,True,False,False,0.2391304347826087,24,16.0,1.0,5.0
CDK_Depict_19_95,C1=NN=NN1N2C=NN=N2,C1=CN(N2cssn2)ns1,c1nnnn1-n1cnnn1,,True,False,False,False,0.0,13,10.0,2.0,0.0
CDK_Depict_19_96,CCCCC#CC1(C(C1(C)F)(C)C)C,CCCCCCC1(C)C(C)(C)C1(C)C.F,CCCCC#CC1(C)C(C)(C)C1(C)F,CCCCCCC1(C)C(C)(C)C1(C)C.F,True,True,False,False,0.28125,8,14.0,1.0,2.0
CDK_Depict_19_97,C[C@]12[C@@H]3CCC[C@@H]3[C@H]1C(=O)O[C@@H]2C(C)(C)O,CC(C)O.C[C@H]1OC(=O)[C@]2(C)[C@]3(C)CCCC[C@@]3(C)[C@]12C,CC(C)(O)[C@H]1OC(=O)[C@@H]2[C@H]3CCC[C@H]3[C@@]21C,CC(C)O.C[C@H]1OC(=O)[C@]2(C)[C@]3(C)CCCC[C@@]3(C)[C@]12C,True,True,False,False,0.2222222222222222,35,16.0,3.0,5.0
CDK_Depict_19_98,B(C#COCC)(OC)OC,CCCOC#C*(OC)OC,CCOC#CB(OC)OC,CCCOC#C*(OC)OC,True,True,False,False,0.25,5,10.0,0.0,0.0
CDK_Depict_19_99,C1=NNC(S1)S,C[V]NC(C)S,SC1NN=CS1,[CH3][V][NH]C(C)S,True,True,False,False,0.03333333333333333,5,6.0,1.0,1.0
CDK_Depict_19_100,CN1CC2=CC=CC=C2[C@H]3[C@H]1C4=CC=CC=C4CC3,C1CC2CC(C)(CCc3ccccc3[C@@]2(C)CC)C(C)(CC)CC2,CN1Cc2ccccc2[C@@H]2CCc3ccccc3[C@H]21,,True,False,False,False,0.0,25,19.0,4.0,2.0
CDK_Depict_20_1,C1P2SP1SS2,C1sssss1,C1p2ssp1s2,C1SSSSS1,True,True,False,False,0.11764705882352941,8,6.0,3.0,2.0
CDK_Depict_20_2,CC(=O)SCNSCSC(=O)C,CC(=O)SCNSCSC(C)=O,CC(=O)SCNSCSC(C)=O,CC(=O)SCNSCSC(C)=O,True,True,True,True,1.0,4,12.0,0.0,0.0
CDK_Depict_20_3,[3H]C(CO)(CO)O,CCO,[3H]C(O)(CO)CO,CCO,True,True,False,False,0.21428571428571427,11,7.0,0.0,0.0
CDK_Depict_20_4,CC1=CC[C@@H]2CC[C@H]3[C@@H]4CC[C@]([C@]4(CC[C@@H]3[C@]2(C1)C)C)(C)O,CCCCC(C)(CCC(C(C)CCC1CCCC(C)C1)C1CCCC(C)C1)C(C)(C)O,CC1=CC[C@@H]2CC[C@@H]3[C@H](CC[C@@]4(C)[C@H]3CC[C@]4(C)O)[C@@]2(C)C1,CCCCC(C)(CCC(C(C)CCC1CCCC(C)C1)C1CCCC(C)C1)C(C)(C)O,True,True,False,False,0.0625,40,22.0,4.0,7.0
CDK_Depict_20_5,[V](I)(I)(I)[XeH],C[V](C)C,[I][V]([I])([I])[XeH],[CH3][V]([CH3])[CH3],True,True,False,False,0.0,13,5.0,0.0,0.0
CDK_Depict_20_6,CC([Sn]C(Cl)(Cl)Cl)[Sn]C(Cl)(Cl)Cl,Cl.Cl.Cl.ClC([Sn]C(Cl)(Cl)Cl)[SnH]Cl(Cl)Cl,C[CH]([Sn][C](Cl)(Cl)Cl)[Sn][C](Cl)(Cl)Cl,,True,False,False,False,0.0,14,12.0,0.0,0.0
CDK_Depict_20_7,C(=N)(N)N(N)S(=O)(=O)O,[NH112]C(=[14NH])NS(=O)(=O)O,N=C(N)N(N)S(=O)(=O)O,,True,False,False,False,0.0,14,9.0,0.0,0.0
CDK_Depict_20_8,COP(=O)(C)OCP(=O)(OC)OC,COp(C)(=O)OCp(=O)(OC)OC,COP(C)(=O)OCP(=O)(OC)OC,,True,False,False,False,0.0,6,13.0,0.0,1.0
CDK_Depict_20_10,C1(N=N/C(=N\N)/N1N)S,*/*=C1\n=NC(S)N1[NH3+],N/N=C1\N=NC(S)N1N,*/*=C1\N=NC(S)N1[NH3+],True,True,False,False,0.29411764705882354,16,9.0,1.0,1.0
CDK_Depict_20_11,CP(=O)(NC(=S)N)NC(=S)N,C=S.CO(=O)NC(N)=S,CP(=O)(NC(N)=S)NC(N)=S,,True,False,False,False,0.0,14,11.0,0.0,0.0
CDK_Depict_20_12,C(C(=O)N)S(=O)(=O)C(F)(F)F,CS(=O)(=O)CC(=O)[Ni],NC(=O)CS(=O)(=O)C(F)(F)F,CS(=O)(=O)C[C](=O)[Ni],True,True,False,False,0.25,15,11.0,0.0,0.0
CDK_Depict_20_13,CCCC[SnH2]C1=NC=CN=C1,CCCC[12Sn]Cc1cCC=Cn1,CCC[CH2][SnH2][c]1cnccn1,,True,False,False,False,0.0,10,11.0,1.0,1.0
CDK_Depict_20_14,CC(C)(C)P(=O)(N=C=S)OC,COP(=O)(N=C=S)C(C)(C)C,COP(=O)(N=C=S)C(C)(C)C,COP(=O)(N=C=S)C(C)(C)C,True,True,True,True,1.0,14,11.0,0.0,1.0
CDK_Depict_20_15,C(P(C(Cl)(Cl)Cl)(N)(F)F)(Cl)(Cl)Cl,Cl.Cl.Cl.F[PH](F)(Cl)(Cl)(Cl)Cl,NP(F)(F)(C(Cl)(Cl)Cl)C(Cl)(Cl)Cl,,True,False,False,False,0.0,17,12.0,0.0,0.0
CDK_Depict_20_16,C(O)(F)(F)SC(F)(F)F,F.F.FC(F)(S)[Cu],OC(F)(F)SC(F)(F)F,F.F.F[C](F)(S)[Cu],True,True,False,False,0.16666666666666666,13,9.0,0.0,0.0
CDK_Depict_20_17,C1(C(C(=S)C1=S)S)S,SSSSC1C(=S)C(=S)c1[SH3+],S=C1C(=S)C(S)C1S,S=C1C(=S)C(SSSS)C1[SH3+],True,True,False,False,0.3333333333333333,13,8.0,1.0,2.0
CDK_Depict_20_18,C1=C(C=C(C(=C1I)O)I)C[C@@H](C(=O)O)N,CC(=O)[C@@H]([Ar])CCCC(I)C(C)ccc1,N[C@@H](Cc1cc(I)c(O)c(I)c1)C(=O)O,,True,False,False,False,0.0,27,15.0,1.0,1.0
CDK_Depict_20_19,CSC1=CC(=O)C=CC1=O,CSc1cc(=O)ccc1=O,CSC1=CC(=O)C=CC1=O,CSC1=CC(=O)C=CC1=O,True,True,True,True,1.0,8,10.0,1.0,0.0
CDK_Depict_20_20,C([C@@H]1[C@H]([C@H](C(O1)O)O)O)O,N[C@H]1OC(O)[C@@H](O)[C@@H]1O,OC[C@H]1OC(O)[C@H](O)[C@@H]1O,N[C@H]1OC(O)[C@@H](O)[C@@H]1O,True,True,False,False,0.4090909090909091,19,10.0,1.0,4.0
CDK_Depict_20_21,CC(C)C[C@@H]([C@H](C1=CC1=O)O)N,CC(C)CC(C)C(C)C1=CC1=O,CC(C)C[C@H](N)[C@@H](O)c1cc1=O,CC(C)CC(C)C(C)c1cc1=O,True,True,False,False,0.4838709677419355,14,12.0,1.0,2.0
CDK_Depict_20_22,B(N=C=S)(N=C=S)Br,S=C=N[SH]([17S])N=C=S,S=C=NB(Br)N=C=S,S=C=N[SH]([17S])N=C=S,True,True,False,False,0.23809523809523808,16,8.0,0.0,0.0
CDK_Depict_20_23,CC1(OCC(=NC)CO1)C,CCCCC(CC)=NC,CN=C1COC(C)(C)OC1,CCCCC(CC)=NC,True,True,False,False,0.09090909090909091,9,10.0,1.0,0.0
CDK_Depict_20_24,C12P=[P+]1P2N=[N+]=[N-],N#[N+]=N[nH]1[p+]2[pH]C12,[N-]=[N+]=NP1C2P=[P+]21,,True,False,False,False,0.0,20,7.0,2.0,4.0
CDK_Depict_20_25,C[C@@]1(C(=O)N[C@H](C(=O)N1)CC2=CC=CC=C2)C(F)(F)F,C[C@]1(C(F)(F)F)NC(=O)[C@H](Cc2ccccc2)C[14NH2+]C1=O,C[C@@]1(C(F)(F)F)NC(=O)[C@H](Cc2ccccc2)NC1=O,C[C@]1(C(F)(F)F)NC(=O)[C@H](Cc2ccccc2)C[14NH2+]C1=O,True,True,False,False,0.5625,36,20.0,2.0,2.0
CDK_Depict_20_26,CCCCCCSC1=NNN=N1,CCCCCCSC1=N*N=NC1,CCCCCCSc1nn[nH]n1,CCCCCCSC1=N*N=NC1,True,True,False,False,0.35714285714285715,2,12.0,1.0,0.0
CDK_Depict_20_27,CP(=S)(C)Br,C[OH](=S)S,CP(C)(=S)Br,,True,False,False,False,0.0,9,5.0,0.0,0.0
CDK_Depict_20_28,C(=C(Cl)Cl)/C=N/N=C/C=C(Cl)Cl,C/C(Cl)=C/C=N/N=C/CC(Cl)Cl,ClC(Cl)=C/C=N/N=C/C=C(Cl)Cl,C/C(Cl)=C/C=N/N=C/CC(Cl)Cl,True,True,False,False,0.35714285714285715,6,12.0,0.0,0.0
CDK_Depict_20_29,C[C@H]1C(=O)N([C@H](C(=O)N1)C)CC2=CNC3=CC=CC=C32,CC(C)C(=O)N1CC(C)C(=O)NC(=O)C1CCCCCCC1CCCC1CCCCC1,C[C@@H]1NC(=O)[C@H](C)N(Cc2c[nH]c3ccccc23)C1=O,,True,False,False,False,0.0,26,20.0,3.0,2.0
CDK_Depict_20_31,C1[C@H]([C@H]([C@@H]([C@](O1)(CO)O)O)O)O,CC1CC[C@](C)([OH4+])[C@H]([OH4+])[C@H](O)C1O,OC[C@@]1(O)OC[C@@H](O)[C@@H](O)[C@@H]1O,,True,False,False,False,0.0,26,12.0,1.0,4.0
CDK_Depict_20_32,C1CN2O[Si]3(O2)ON1O3,O.O.O[SiH]O,C1CN2O[Si]3(ON1O3)O2,O.O.O[SiH]O,True,True,False,False,0.0,15,9.0,5.0,3.0
CDK_Depict_20_33,C[C@@H]1[C@@H](C[C@H](S[C@H]1C2=CC=CC=C2)C3=CC=CC=C3)N,CCCC(C1ccccc1)SC(C)CCCCCCCCCCCCCCCCCCCCCCCCCCCCCCCCCCCCCCCCCCCCCCCCCCCCCCCCCCCCCCCCCCCCCCCCCCCCCCCCCCCCCCCCCC)CCCCCCCCCCCCCCCCCCCCCCCCCCCCCCCCCC)CCCCCC,C[C@@H]1[C@H](N)C[C@@H](c2ccccc2)S[C@H]1c1ccccc1,,True,False,False,False,0.0,130,20.0,3.0,4.0
CDK_Depict_20_34,C(I)(I)(I)I,CC.CC.CC,IC(I)(I)I,CC.CC.CC,True,True,False,False,0.0,10,5.0,0.0,0.0
CDK_Depict_20_35,CC(C)C=C=NN(C)C,CNN=C=CC(C)C,CC(C)C=C=NN(C)C,CNN=C=CC(C)C,True,True,False,False,0.44,7,9.0,0.0,0.0
CDK_Depict_20_36,C1CC[C@]23CCC[C@H]([C@H]2C1)C(=O)O3,CC1CCC(C)C1,O=C1O[C@]23CCCC[C@@H]2[C@H]1CCC3,CC1CCC(C)C1,True,True,False,False,0.09090909090909091,26,13.0,3.0,3.0
CDK_Depict_20_38,CC(=O)C1=CC=C(C=C1)N[C@H]2C(C([C@@H](C(O2)CO)O)O)O,CC(=O)c1ccc(N[C@@H]2OC(CO)[C@@H](O)C(O)C2O)cc1,CC(=O)c1ccc(N[C@@H]2OC(CO)[C@@H](O)C(O)C2O)cc1,CC(=O)c1ccc(N[C@@H]2OC(CO)[C@@H](O)C(O)C2O)cc1,True,True,True,True,1.0,23,21.0,2.0,5.0
CDK_Depict_20_39,CC1=CC[C@H]2[C@H](C1)CC(CC2=O)(C)C,CC(=O)C1CCC(C)CC1C,CC1=CC[C@@H]2C(=O)CC(C)(C)C[C@H]2C1,CC(=O)C1CCC(C)CC1C,True,True,False,False,0.08695652173913043,22,14.0,2.0,2.0
CDK_Depict_20_40,C(N)I(N)N(N)I,*C.*C,NCI(N)N(N)I,*C.*C,True,True,False,False,0.0,13,7.0,0.0,0.0
CDK_Depict_20_41,COCCOC(=C(Cl)Cl)OP(=O)(OC)OC,COCCOC(OP(=O)(OC)OC)=C(Cl)Cl,COCCOC(OP(=O)(OC)OC)=C(Cl)Cl,COCCOC(OP(=O)(OC)OC)=C(Cl)Cl,True,True,True,True,1.0,15,16.0,0.0,0.0
CDK_Depict_20_43,C1CSCN(CS1)O,O*1CCSCCSC1,ON1CSCCSC1,O*1CCSCCSC1,True,True,False,False,0.25,8,8.0,1.0,0.0
CDK_Depict_20_44,C[C@]12CC[C@H]3[C@H]([C@@H]1CC[C@@H]2O)CCC4=CC(=O)C=C[C@]34C,CCCC(C)C(C)CCC1(C)CCCC2CC(=O)CCC21,C[C@]12CC[C@H]3[C@@H](CCC4=CC(=O)C=C[C@@]43C)[C@@H]1CC[C@@H]2O,CCCC(C)C(C)CCC1(C)CCCC2CC(=O)CCC21,True,True,False,False,0.17647058823529413,36,21.0,4.0,6.0
CDK_Depict_20_45,CCN(CC)P(=NP(Cl)Cl)(F)F,CCN(CC)P(F)(F)=NP(Cl)Cl,CCN(CC)P(F)(F)=NP(Cl)Cl,CCN(CC)P(F)(F)=NP(Cl)Cl,True,True,True,True,1.0,10,12.0,0.0,0.0
CDK_Depict_20_46,COC1=CC(=C(C=C1O)OC)O[C@H]2CCCC[C@H]2O,CCCOc1cc(C)c([1O])cc1OC,COc1cc(O[C@H]2CCCC[C@H]2O)c(OC)cc1O,CCCOc1cc(C)c([1O])cc1OC,True,True,False,False,0.2,30,19.0,2.0,2.0
CDK_Depict_20_48,C[C@]12CC[C@H]3[C@H]([C@@H]1CC[C@]2(C#C)O)CCC4=C[C@H](CC[C@H]34)O,C#C[C@@](C)(O)[C@@]1(C)CC[C@]2(C)[C@@](C)(CCCCC3C[C@H](C)CC[C@@]32C)[C@@]1(C)CCC(C)C,C#C[C@]1(O)CC[C@H]2[C@@H]3CCC4=C[C@@H](O)CC[C@@H]4[C@H]3CC[C@@]21C,C#C[C@@](C)(O)[C@@]1(C)CC[C@]2(C)[C@@](C)(CCCCC3C[C@H](C)CC[C@@]32C)[C@@]1(C)CCC(C)C,True,True,False,False,0.15853658536585366,50,22.0,4.0,7.0
CDK_Depict_20_49,C(S(=O)(=O)F)(S(=O)(=O)F)(S(=O)(=O)F)I,O=S(=O)(F)C(I)(S(=O)(=O)F)S(=O)(=O)F,O=S(=O)(F)C(I)(S(=O)(=O)F)S(=O)(=O)F,O=S(=O)(F)C(I)(S(=O)(=O)F)S(=O)(=O)F,True,True,True,True,1.0,10,14.0,0.0,0.0
CDK_Depict_20_50,Br[BiH2],[Sb],[Br][BiH2],[Sb],True,True,False,False,0.0,6,2.0,0.0,0.0
CDK_Depict_20_51,CC12SC3(SC(S1)(SC(S2)(S3)C(=O)N)C)C,*C.CC(C)S.S.S.S,CC12SC3(C)SC(C)(S1)SC(C(N)=O)(S2)S3,*C.CC(C)S.S.S.S,True,True,False,False,0.038461538461538464,27,16.0,4.0,4.0
CDK_Depict_20_52,B1(OC(=O)C(=O)O1)OC(=O)C(=O)O,O=C(O)C(=O)OF1OC(=O)C(=O)O1,O=C(O)C(=O)OB1OC(=O)C(=O)O1,,True,False,False,False,0.0,8,13.0,1.0,0.0
CDK_Depict_20_53,CC(=CCC[C@](C)([C@@H](C/C=C(\C)/C=C)O)O)C,C=CCCC[C@@H](C)C(C)(O)CCC=C(C)C,C=C/C(C)=C/C[C@@H](O)[C@](C)(O)CCC=C(C)C,C=CCCC[C@@H](C)C(C)(O)CCC=C(C)C,True,True,False,False,0.47619047619047616,20,17.0,0.0,2.0
CDK_Depict_20_54,CN1C[C@H]([C@@H](C1C(=O)OC)C(=O)OC)C2=CC=CC=C2,CC(=O)O.CO.O=C(O)C1CCNC1,COC(=O)C1[C@@H](C(=O)OC)[C@H](c2ccccc2)CN1C,CC(=O)O.CO.O=C(O)C1CCNC1,True,True,False,False,0.14,31,20.0,2.0,3.0
CDK_Depict_20_56,CCOC(=O)[C@@H](CC(=O)C1=CC=CC=C1)N[C@@H](C)C(=O)OC,CC.CCOC(=O)[C@H](CC(=O)c1ccccc1)NCC(C)C(C)=O,CCOC(=O)[C@@H](CC(=O)c1ccccc1)N[C@@H](C)C(=O)OC,CC.CCOC(=O)[C@H](CC(=O)c1ccccc1)NCC(C)C(C)=O,True,True,False,False,0.6170212765957447,22,22.0,1.0,2.0
CDK_Depict_20_58,C1=NSN=C1N,C1CCC1,Nc1cnsn1,C1CCC1,True,True,False,False,0.0,6,6.0,1.0,0.0
CDK_Depict_20_59,FP(F)SP(F)F,CP(F)S[p-](F)F,FP(F)SP(F)F,,True,False,False,False,0.0,5,7.0,0.0,0.0
CDK_Depict_20_60,C[C@H]1CC[C@@H]2[C@H]([C@]3([C@H]1CCC3=O)C)OC(=O)C2=C,CCCCCCCCCC(C)CCCCCCC,C=C1C(=O)O[C@@H]2[C@H]1CC[C@H](C)[C@@H]1CCC(=O)[C@@]21C,CCCCCCCCCC(C)CCCCCCC,True,True,False,False,0.02,37,18.0,3.0,5.0
CDK_Depict_20_61,C(F)(F)(F)I(F)Cl,Cl[IH](Cl)Cl,FI(Cl)C(F)(F)F,Cl[IH](Cl)Cl,True,True,False,False,0.07692307692307693,11,7.0,0.0,0.0
CDK_Depict_20_62,C[C@@H]1CCCC[C@H]1O,CC1CCCCC1,C[C@@H]1CCCC[C@H]1O,CC1CCCCC1,True,True,False,False,0.3684210526315789,10,8.0,1.0,2.0
CDK_Depict_20_63,C[C@]12CC[C@H](C[C@@H]1CC[C@@H]3[C@@H]2CC[C@]4([C@H]3CCC4=O)C)O,CC.CC.CC.CC.CC.CC.CC.CC.CC.CC.CC.CC.CC.CC.CC.CC.CC.CC.CC.CC.CC.CC.CC.CC.CC.CC.CC.CC.CC.CC.CC.CC.CC,C[C@]12CC[C@@H](O)C[C@@H]1CC[C@@H]1[C@@H]2CC[C@]2(C)C(=O)CC[C@@H]12,CC.CC.CC.CC.CC.CC.CC.CC.CC.CC.CC.CC.CC.CC.CC.CC.CC.CC.CC.CC.CC.CC.CC.CC.CC.CC.CC.CC.CC.CC.CC.CC.CC,True,True,False,False,0.02631578947368421,79,21.0,4.0,7.0
CDK_Depict_20_64,CC[Si](CC)(CC#C)C(C)C,C#CC.CC(C)[SiH](C)C,C#CC[Si](CC)(CC)C(C)C,C#CC.CC(C)[SiH](C)C,True,True,False,False,0.23076923076923078,13,11.0,0.0,0.0
CDK_Depict_20_65,C1=C(C(=S)NC(N1)(N)O)N,NC1=CNC([14N])(O)NC1=S,NC1=CNC(N)(O)NC1=S,NC1=CNC([14N])(O)NC1=S,True,True,False,False,0.6071428571428571,14,10.0,1.0,1.0
CDK_Depict_20_66,C/1(=N\O)\O\C1=N/O,N=C1OC1=NO,O/N=c1\o\c1=N/O,N=c1oc1=NO,True,True,False,False,0.5625,11,7.0,1.0,0.0
CDK_Depict_20_68,[C-]#[N+]P([SiH3])[SiH3],[C-]#Np([13C])[SiH3],[C-]#[N+]P([SiH3])[SiH3],,True,False,False,False,0.0,8,5.0,0.0,3.0
CDK_Depict_20_69,C1=N[O+]=CS1,*1[O+]C=[O+]1,c1n[o+]cs1,*1[O+]C=[O+]1,True,True,False,False,0.1,8,5.0,1.0,0.0
CDK_Depict_20_71,B(O)(P=N)P=S,N=*=*(Cl)=*=S,N=PB(O)P=S,N=*=*(Cl)=*=S,True,True,False,False,0.07692307692307693,10,6.0,0.0,2.0
CDK_Depict_20_72,CN[N+](=C)ON[N+](=C)C,C=N(C)NO.C=NO,C=[N+](C)NO[N+](=C)NC,,True,False,False,False,0.0,14,9.0,0.0,0.0
CDK_Depict_20_73,CP(NP(C)(O)(O)O)(O)(O)O,*O(*)(*)(*)(*)(C)(C)O,CP(O)(O)(O)NP(C)(O)(O)O,,True,False,False,False,0.0,11,11.0,0.0,0.0
CDK_Depict_20_74,C(=C(Cl)Cl)(C(C(F)(F)F)(Cl)Cl)F,Cl.Cl.Cl.F.F,FC(=C(Cl)Cl)C(Cl)(Cl)C(F)(F)F,Cl.Cl.Cl.F.F,True,True,False,False,0.0,24,12.0,0.0,0.0
CDK_Depict_20_75,CN(C)N(P(=S)(F)F)P(=S)(F)F,CN(C)N(p(F)(F)S)p(C)(F)(F)S,CN(C)N(P(F)(F)=S)P(F)(F)=S,,True,False,False,False,0.0,10,12.0,0.0,0.0
CDK_Depict_20_76,C[C@]12CC[C@@H]3[C@H]1[C@@H](C[C@@H]3C2)O,CC.CC.CC.CC,C[C@]12CC[C@H]3[C@H](C[C@@H](O)[C@H]31)C2,CC.CC.CC.CC,True,True,False,False,0.04,33,11.0,3.0,5.0
CDK_Depict_20_77,C1C(C1CSC[C@@H](C(=O)O)N)CC(=O)O,CC(=O)[C@H]([NH3+])CSCC1CC1CC(=O)O,N[C@@H](CSCC1CC1CC(=O)O)C(=O)O,CC(=O)[C@H]([NH3+])CSCC1CC1CC(=O)O,True,True,False,False,0.5897435897435898,21,15.0,1.0,3.0
CDK_Depict_20_78,C1(=C(C1=O)C(=C(Cl)Cl)Cl)C(=C(Cl)Cl)Cl,O=C1CC(C(Cl)C(Cl)Cl)C1C(CCCl)C(Cl)Cl,O=c1c(C(Cl)=C(Cl)Cl)c1C(Cl)=C(Cl)Cl,O=C1CC(C(Cl)C(Cl)Cl)C1C(CCCl)C(Cl)Cl,True,True,False,False,0.10256410256410256,16,14.0,1.0,0.0
CDK_Depict_20_79,CCOC(=O)[C@@]1(C[C@H](C=C1)O)NC(=O)OC(C)(C)C,CCOC(=O)[C@]1([W]C(=O)OC)C=C[C@H](O)C1,CCOC(=O)[C@@]1(NC(=O)OC(C)(C)C)C=C[C@H](O)C1,CCOC(=O)[C@]1([W][C](=O)OC)C=C[C@H](O)C1,True,True,False,False,0.47058823529411764,20,19.0,1.0,2.0
CDK_Depict_20_80,C1CN2CC=C([C@@H]2[C@@H]1O)CO,CCC1CCCN(CC[C@H](O)[C@@]1([H])C)CCC1,OCC1=CCN2CC[C@@H](O)[C@@H]12,,True,False,False,False,0.0,19,11.0,2.0,2.0
CDK_Depict_20_81,C(#N)S(#N)(C#N)Cl,*#CS(C#*)(C#*)CCl,N#CS(#N)(Cl)C#N,*#CS(C#*)(C#*)CCl,True,True,False,False,0.14285714285714285,8,7.0,0.0,0.0
CDK_Depict_20_83,C[C@]12CC[C@H]3[C@H]([C@@H]1CC[C@]2(C)O)CC[C@@H]4[C@@]3(CC5=NON=C5C4)C,[H]C12CC[C@@]3(C)C(C)(CCC)C(C)(C(C)(C)O)CCC3(C)[C@@]1(C)CC(=N)C(=C)C2,C[C@]12Cc3nonc3C[C@@H]1CC[C@@H]1[C@@H]2CC[C@@]2(C)[C@H]1CC[C@]2(C)O,C=C1CC2CC[C@@]3(C)C(C)(CCC)C(C)(C(C)(C)O)CCC3(C)[C@@]2(C)CC1=N,True,True,False,False,0.1891891891891892,39,24.0,5.0,7.0
CDK_Depict_20_85,C1=NN(C=N1)C2=NN=CS2,*1cncN1c1sC=NN1,c1ncn(-c2nncs2)n1,,True,False,False,False,0.0,14,10.0,2.0,0.0
CDK_Depict_20_87,C1[C@H]([C@@H]([C@H](N1)C(=O)O)N)O,CCC(C)CC(C)CC(C)CC(CC)C(=O)CO,N[C@H]1[C@H](O)CN[C@@H]1C(=O)O,CCC(C)CC(C)CC(C)CC(CC)C(=O)CO,True,True,False,False,0.06976744186046512,21,10.0,1.0,3.0
CDK_Depict_20_88,C=CCN1CC[C@]23CCCC[C@H]2[C@@H]1CC4=C3C=C(C=C4)O,CCCC.Cc1ccc2c(c1)[C@@H]1CCCC[C@@]21C,C=CCN1CC[C@]23CCCC[C@H]2[C@@H]1Cc1ccc(O)cc13,CCCC.Cc1ccc2c(c1)[C@@H]1CCCC[C@@]21C,True,True,False,False,0.21212121212121213,30,21.0,4.0,3.0
CDK_Depict_20_91,CC1CC(N=C(O1)N)(C)C,CC(C)oc(n)N,CC1CC(C)(C)N=C(N)O1,,True,False,False,False,0.0,12,10.0,1.0,1.0
CDK_Depict_20_92,COP1(=S)NNP(=S)(NN1)OC,CO*1**P(=S)(OC)**1,COP1(=S)NNP(=S)(OC)NN1,CO*1**P(=S)(OC)**1,True,True,False,False,0.2692307692307692,13,12.0,1.0,2.0
CDK_Depict_20_93,CC(C)(C)C1=NOC(=P1)C(C)(C)C,CC(=O)C(C)=NO,CC(C)(C)c1noc(C(C)(C)C)p1,CC(=O)C(C)=NO,True,True,False,False,0.06451612903225806,17,13.0,1.0,1.0
CDK_Depict_20_94,C[C@@H]1CC(=O)[C@]2([C@@H](O1)O[C@@H]3[C@H]([C@@H]([C@@H]([C@@H]([C@H]3O2)NC)O)NC)O)O,[H][C@]12C[C@@H]3CC(C)CC(=O)C[C@@]3(O)O[C@@H]1[C@@H](*C)[C@H](O)[C@H](NC)[C@@H]2O,CN[C@@H]1[C@H](O)[C@H](NC)[C@H]2O[C@@]3(O)C(=O)C[C@@H](C)O[C@H]3O[C@@H]2[C@H]1O,C*[C@H]1[C@H](O)[C@H](NC)[C@H](O)[C@H]2C[C@@H]3CC(C)CC(=O)C[C@@]3(O)O[C@H]12,True,True,False,False,0.35384615384615387,48,23.0,3.0,9.0
CDK_Depict_20_95,C1=CN(C(=O)NC1=O)[C@H]2[C@@H]([C@@H]([C@H](O2)CO)O)O,CC=CC(=O)NC(=O)N[C@@H](C)[C@H](O)C(Cl)Cl,O=c1ccn([C@@H]2O[C@H](CO)[C@@H](O)[C@H]2O)c(=O)[nH]1,CC=CC(=O)NC(=O)N[C@@H](C)[C@H](O)C(Cl)Cl,True,True,False,False,0.04838709677419355,22,17.0,2.0,4.0
CDK_Depict_20_96,CCOC(=O)[C@]1(C[C@@H]2CC3=CC=CC=C3N2N1)C,CCC(=O)N1[C@H](C)C[C@H](C)N1c1cccc1,CCOC(=O)[C@@]1(C)C[C@@H]2Cc3ccccc3N2N1,,True,False,False,False,0.0,25,18.0,3.0,2.0
CDK_Depict_20_97,C[C@@H]([C@@H](C1=CC=C(C=C1)O)O)NCCC2=CC=C(C=C2)O,Cc1ccc(C(C)C(C)C)cc1.Cc1ccc(CCN)cc1,C[C@H](NCCc1ccc(O)cc1)[C@H](O)c1ccc(O)cc1,Cc1ccc(C(C)C(C)C)cc1.Cc1ccc(CCN)cc1,True,True,False,False,0.29545454545454547,36,21.0,2.0,2.0
CDK_Depict_20_98,CCOC(=O)[C@@H]1CC2(CC2)C(=O)N1C(=O)OC(C)(C)C,CCC.CCC.CCC.CCC,CCOC(=O)[C@@H]1CC2(CC2)C(=O)N1C(=O)OC(C)(C)C,CCC.CCC.CCC.CCC,True,True,False,False,0.075,32,20.0,2.0,1.0
CDK_Depict_20_99,C(F)(F)S(=O)C(F)F,CC(C)S(C)=O,O=S(C(F)F)C(F)F,CC(C)S(C)=O,True,True,False,False,0.25,11,8.0,0.0,0.0
CDK_Depict_20_100,CC[C@@H]1[C@H](C[C@@H](O1)N2C(C(C(=O)NC2=O)(F)Br)OC)O,CCC(C)C(C)CC(C)N(C(C)=O)C(CC)C(F)(C(N)=O)C(N)=O,CC[C@H]1O[C@@H](N2C(=O)NC(=O)C(F)(Br)C2OC)C[C@@H]1O,CCC(C)C(C)CC(C)N(C(C)=O)C(CC)C(F)(C(N)=O)C(N)=O,True,True,False,False,0.09722222222222222,34,20.0,2.0,5.0
CDK_Depict_21_1,C1[C@H](N(C[C@]1(C(=O)O)N)CC2=CC=CC=C2)C(=O)O,CCc1ccccc1.[1H]C(CC)(CN)C(=O)O,N[C@]1(C(=O)O)C[C@@H](C(=O)O)N(Cc2ccccc2)C1,CCc1ccccc1.[1H]C(CC)(CN)C(=O)O,True,True,False,False,0.25,30,19.0,2.0,2.0
CDK_Depict_21_2,C[C@]12CCC(=O)C=C1CC[C@@H]3[C@@H]2CC[C@]4([C@H]3CCC4=O)C,CC1CC[C@]2(C)[C@]3(C)CCC4=CC(=O)CC[C@]4(C)[C@]3(C)CC[C@@]12C,C[C@]12CCC(=O)C=C1CC[C@@H]1[C@@H]2CC[C@]2(C)C(=O)CC[C@@H]12,CC1CC[C@]2(C)[C@]3(C)CCC4=CC(=O)CC[C@]4(C)[C@]3(C)CC[C@@]12C,True,True,False,False,0.33962264150943394,38,21.0,4.0,5.0
CDK_Depict_21_3,C[C@]1([C@H]2C=CC[C@H]2C1=O)OC,CO[C@]1(C)C2CCC[C@]2(C)C1=O,CO[C@@]1(C)C(=O)[C@@H]2CC=C[C@@H]21,CO[C@@]1(C)C(=O)[C@@]2(C)CCCC12,True,True,False,False,0.325,13,11.0,2.0,3.0
CDK_Depict_21_4,C([C@@H](C=O)NC(=O)O)SSC[C@@H](C(=O)O)NC=O,CC[C@H](NC=O)C(=O)O.CSC[C@@H](C=O)NC(=O)O,O=CN[C@@H](CSSC[C@@H](C=O)NC(=O)O)C(=O)O,CC[C@H](NC=O)C(=O)O.CSC[C@@H](C=O)NC(=O)O,True,True,False,False,0.6666666666666666,12,18.0,0.0,2.0
CDK_Depict_21_5,C[C@@H]1CC[C@H]2[C@]3(CO3)[C@H](O[C@H]4[C@@]25[C@H]1CC[C@](O4)(OO5)C)OO,*C.*O[C@@H]1O[C@@]2(C)CC3(C)CC[C@H](C)[C@H](C)CCC(C)(C2OOC3)C12CO2,C[C@@H]1CC[C@H]2[C@]3(CO3)[C@@H](OO)O[C@@H]3O[C@@]4(C)CC[C@@H]1[C@]32OO4,*C.*O[C@@H]1O[C@@]2(C)CC3(C)CC[C@H](C)[C@H](C)CCC(C)(C2OOC3)C12CO2,True,True,False,False,0.2222222222222222,41,22.0,6.0,8.0
CDK_Depict_21_6,COC1[C@H]2[C@H]([C@@H]([C@H]([C@]2(CO1)O)Cl)O)CC(OC)OC,CC[C@]1(O)[C@H](C)[C@H](C)[C@H](CC(O)OC)[C@@]1(C)C(C)OC,COC(C[C@H]1[C@H](O)[C@@H](Cl)[C@@]2(O)COC(OC)[C@@H]12)OC,CC[C@]1(O)[C@H](C)[C@H](C)[C@H](CC(O)OC)[C@@]1(C)C(C)OC,True,True,False,False,0.18032786885245902,27,19.0,2.0,6.0
CDK_Depict_21_7,C[C@]12CC[C@H]3[C@H]([C@@H]1CC[C@@H]2O)CC[C@@H]4[C@@]3(CC(=CC4)CO)C,[H][C@@]12Ccc(CO)CC1[C@@]1(C)CC[C@]3(C)[C@@H](O)CC[C@@]3([H])[C@@]1([H])CC2,C[C@]12CC(CO)=CC[C@@H]1CC[C@@H]1[C@@H]2CC[C@]2(C)[C@@H](O)CC[C@@H]12,C[C@]12CC[C@]3(C)C4CC(CO)=CC[C@H]4CC[C@@H]3[C@@H]1CC[C@@H]2O,True,True,False,False,0.5098039215686274,40,22.0,4.0,7.0
CDK_Depict_21_9,CC/C=C\C/C=C\C/C=C\C/C=C\CC[C@H]([C@H](C)NC(=O)C)OC(=O)C,CC/C=C\C/C=C\C/C=C\C/C=C\CC[C@H](OC(C)=O)[C@H](C)*C(C)=O,CC/C=C\C/C=C\C/C=C\C/C=C\CC[C@@H](OC(C)=O)[C@H](C)NC(C)=O,CC/C=C\C/C=C\C/C=C\C/C=C\CC[C@H](OC(C)=O)[C@H](C)*C(C)=O,True,True,False,False,0.6363636363636364,16,26.0,0.0,2.0
CDK_Depict_21_11,CNS(=O)(=O)CC1CCCCC1,CNS(=O)(=O)CC1CCCCC1,CNS(=O)(=O)CC1CCCCC1,CNS(=O)(=O)CC1CCCCC1,True,True,True,True,1.0,0,12.0,1.0,0.0
CDK_Depict_21_12,[2H]OS(=O)(=O)OF,COS(=O)(=O)O,[2H]OS(=O)(=O)OF,COS(=O)(=O)O,True,True,False,False,0.3,5,7.0,0.0,0.0
CDK_Depict_21_13,C(=O)=[Ru](=C=O)(=C=O)=C=O,C=C=*(C)(=C=O)C=O.O,O=[C]=[Ru](=[C]=O)(=[C]=O)=[C]=O,C=C=*(C)(=C=O)C=O.O,True,True,False,False,0.125,13,9.0,0.0,0.0
CDK_Depict_21_14,C(=O)(OC(Cl)(Cl)Cl)OC(Cl)(Cl)I,O=C(OC(Cl)(Cl)Cl)OC(Cl)(Cl)Cl,O=C(OC(Cl)(Cl)Cl)OC(Cl)(Cl)I,O=C(OC(Cl)(Cl)Cl)OC(Cl)(Cl)Cl,True,True,False,False,0.7222222222222222,6,12.0,0.0,0.0
CDK_Depict_21_15,C1=C(C(=[Bi]1)C=O)F,C=Cc1c(C)c*1,O=C[C]1=[Bi][CH]=C1F,C=CC1=C(C)C=*1,True,True,False,False,0.09090909090909091,15,7.0,1.0,0.0
CDK_Depict_21_16,CC(C)OC(OC(C)C)P(O)O,CC(C)OC(OC(C)C)P(O)[1O],CC(C)OC(OC(C)C)P(O)O,CC(C)OC(OC(C)C)P(O)[1O],True,True,False,False,0.6,3,12.0,0.0,0.0
CDK_Depict_21_17,C1=NC(N=C(C1(F)Cl)F)F,CC1*c(F)*1,FC1=NC(F)N=CC1(F)Cl,CC1*C(F)*1,True,True,False,False,0.09375,16,10.0,1.0,2.0
CDK_Depict_21_20,B1(CCB(S1)C)C,CS[SH](C)CC[SH](C)SC,CB1CCB(C)S1,CS[SH](C)CC[SH](C)SC,True,True,False,False,0.045454545454545456,13,7.0,1.0,0.0
CDK_Depict_21_21,C1=C(N=C(S1)C2=NC(=CS2)Br)Br,CC1=CSC(C2=NC([Zr])=CS2)*1,Brc1csc(-c2nc(Br)cs2)n1,CC1=CSC(c2n[c]([Zr])cs2)*1,True,True,False,False,0.1794871794871795,17,12.0,2.0,0.0
CDK_Depict_21_22,C[C@]12CC[C@H](C1=CC(=O)CC2)O,C[C@]12CCC(=O)C=C1[C@@H](O)CC2,C[C@@]12CCC(=O)C=C1[C@H](O)CC2,C[C@]12CCC(=O)C=C1[C@@H](O)CC2,True,True,False,True,1.0,15,12.0,2.0,2.0
CDK_Depict_21_23,CSC1=CS(=CC(=N1)N)(=O)C,*C1Cs(C)(=O)CC(SC)s1,CSC1=CS(C)(=O)=CC(N)=N1,*C1C[SH](C)(=O)CC(SC)S1,True,True,False,False,0.0851063829787234,14,11.0,1.0,1.0
CDK_Depict_21_24,C1=NN=NN1/N=N/N2C=NN=N2,*1=**(/*=N/N2*=**=C2)C=*1,c1nnnn1/N=N/n1cnnn1,*(=N\n1*:*:*c1)/*1:*:*:*c1,True,True,False,False,0.07317073170731707,17,12.0,2.0,0.0
CDK_Depict_21_25,C1C[C@H](C[C@H]1C(=O)N)O,*C(=O)[C@H]1CC[C@H](C)C1,NC(=O)[C@H]1CC[C@@H](O)C1,*C(=O)[C@H]1CC[C@H](C)C1,True,True,False,False,0.3,14,9.0,1.0,2.0
CDK_Depict_21_27,C1(=NNC(=S)O1)C(F)(F)F,cC(c)(c)c1**C(=S)O1,FC(F)(F)c1n[nH]c(=S)o1,,True,False,False,False,0.0,17,10.0,1.0,0.0
CDK_Depict_21_28,CS(=O)(C)(C)OCl(=O)(=O)=O,C[SH](C)(=O)OCl(=O)(=O)=O,CS(C)(C)(=O)O[Cl+3]([O-])([O-])[O-],C[SH](C)(=O)O[Cl+3]([O-])([O-])[O-],True,True,False,False,0.30434782608695654,7,10.0,0.0,0.0
CDK_Depict_21_29,CC(=O)N[C@H]1[C@@H]([C@H]([C@@H](CO1)O)O)O,*[C@@H]1[C@@H](O)[C@H](NC(C)O)OC[C@H]1O,CC(=O)N[C@@H]1OC[C@@H](O)[C@H](O)[C@H]1O,*[C@@H]1[C@@H](O)[C@H](NC(C)O)OC[C@H]1O,True,True,False,False,0.3684210526315789,24,13.0,1.0,4.0
CDK_Depict_21_30,C1=COC(=C1)C2=NN=C(S2)C3=CC=CO3,C[V]C(C)c1cccc1.C[V]c(S)c1cccO1,c1coc(-c2nnc(-c3ccco3)s2)c1,,True,False,False,False,0.0,27,15.0,3.0,0.0
CDK_Depict_21_31,CC(C)(C)C1=C(C1=PC(=O)C(C)(C)C)C(C)(C)C,CC(=O)C(C)(C)C.[CH-]=C1C(C(C)(C)C)=C1C(C)(C)C,CC(C)(C)C(=O)P=c1c(C(C)(C)C)c1C(C)(C)C,CC(=O)C(C)(C)C.[CH-]=C1C(C(C)(C)C)=C1C(C)(C)C,True,True,False,False,0.3,18,18.0,1.0,1.0
CDK_Depict_21_32,CS(C)(C(O)O)C(O)O,CC(C)C.CC(C)O,CS(C)(C(O)O)C(O)O,CC(C)C.CC(C)O,True,True,False,False,0.3076923076923077,8,9.0,0.0,0.0
CDK_Depict_21_33,CC(=O)OC[C@@H]1[C@H]2[C@@H]([C@H]([C@@H](O1)OC)OC(=O)C)OC(=O)S2,CC(C)=O.CO[C@H](C)[C@H](OC(C)=O)[C@@](C)(O)C(C)(C(C)CO)[C@@H](O)C(C)=O,CO[C@@H]1O[C@H](COC(C)=O)[C@@H]2SC(=O)O[C@@H]2[C@H]1OC(C)=O,CC(C)=O.CO[C@H](C)[C@H](OC(C)=O)[C@@](C)(O)C(C)(C(C)CO)[C@@H](O)C(C)=O,True,True,False,False,0.1267605633802817,41,21.0,2.0,5.0
CDK_Depict_21_34,C(=C(/C(=O)O)\I)\Cl,*C(=O)/C(C)=C/Cl,O=C(O)/C(I)=C/Cl,*C(=O)/C(C)=C/Cl,True,True,False,False,0.2916666666666667,11,7.0,0.0,0.0
CDK_Depict_21_35,CN1CCC[C@H]1COC2=CN=CN=C2,CC1=C*=C*=C1.CC1CCC[C@@H]1CO,CN1CCC[C@H]1COc1cncnc1,CC1CCC[C@@H]1CO.Cc1c*c*c1,True,True,False,False,0.14814814814814814,19,14.0,2.0,1.0
CDK_Depict_21_36,CN1CCC2=C3[C@@H]1CC4=C(C3=CC=C2)C=C(C=C4)F,CC.[H][C@]12CCCc3cccc(c31)-c1cc(C)ccc1C2,CN1CCc2cccc3c2[C@@H]1Cc1ccc(F)cc1-3,CC.Cc1ccc2c(c1)-c1cccc3c1[C@H](CCC3)C2,True,True,False,False,0.40384615384615385,35,19.0,4.0,1.0
CDK_Depict_21_37,[C@H]([C@H](C(=O)O)O)(C(=O)O)N,O=C(O)[C@@H](O)[C@@H](O)C(=O)O,N[C@H](C(=O)O)[C@@H](O)C(=O)O,O=C(O)[C@@H](O)[C@@H](O)C(=O)O,True,True,False,False,0.5625,19,10.0,0.0,2.0
CDK_Depict_21_38,C(=O)(O)[Pb](C(=O)O)(C(=O)O)C(=O)O,CC(=O)[Pb](C(=O)O)(C(=O)O)C(=O)O,O=[C](O)[Pb]([C](=O)O)([C](=O)O)[C](=O)O,C[C](=O)[Pb]([C](=O)O)([C](=O)O)[C](=O)O,True,True,False,False,0.5714285714285714,4,13.0,0.0,0.0
CDK_Depict_21_39,C[C@@H]1CC[C@H]2[C@@](C(=O)O[C@H]3[C@@]24[C@H]1CC[C@](O3)(OO4)C)(CO)O,CC1CC[C@@H]2(C)[C@H](C)CC[C@@H]3(C)[C@@](O)(CO)C(=O)O[C@@]4(C)O1,C[C@@H]1CC[C@@H]2[C@]34OO[C@](C)(CC[C@@H]13)O[C@H]4OC(=O)[C@@]2(O)CO,,True,False,False,False,0.0,41,22.0,5.0,7.0
CDK_Depict_21_40,CCCC[I-]P(=O)([I-]CCCC)[I-]CCCC,CCCC*[PH](C)(=O)=O.CCCC[IH][IH](C)=O,CCCC[I-]P(=O)([I-]CCCC)[I-]CCCC,,True,False,False,False,0.0,20,17.0,0.0,0.0
CDK_Depict_21_41,C1[SiH2]O[SiH2]C(=[N+]=[N-])[SiH2]O[SiH2]1,[N-]=[N+]=C1*O*2C*O*21,[N-]=[N+]=C1[SiH2]O[SiH2]C[SiH2]O[SiH2]1,[N-]=[N+]=C1*O*2C*O*21,True,True,False,False,0.1891891891891892,31,10.0,1.0,4.0
CDK_Depict_21_42,CN(C)S(=O)(=O)NN1C=NN=C1,CN(C)S(=O)(=O)NN1C=[U]*c1,CN(C)S(=O)(=O)Nn1cnnc1,CN(C)S(=O)(=O)NN1[CH]=[U][*]C1,True,True,False,False,0.4,5,12.0,1.0,0.0
CDK_Depict_21_43,CC\1([C@@H](CC/C1=N\O)CC#N)C,CC1(C)C(=NO)CCC12CC2C#N,CC1(C)/C(=N/O)CC[C@H]1CC#N,CC1(C)C(=NO)CCC12CC2C#N,True,True,False,False,0.37209302325581395,17,12.0,1.0,1.0
CDK_Depict_21_44,O([Si](F)(F)F)S(O[Si](F)(F)F)(F)F,F[Si](F)(F)O[Si](F)(F)O[Si](F)(F)F,F[Si](F)(F)OS(F)(F)O[Si](F)(F)F,F[Si](F)(F)O[Si](F)(F)O[Si](F)(F)F,True,True,False,False,0.29411764705882354,12,13.0,0.0,0.0
CDK_Depict_21_45,CC1=C2C(=CC=C1)[C@@H]3C[C@](N2)(CS(=O)C3)C,Cc1cccc2c1[L][C@@]1(C)CS(=O)C[C@@H]2C[C@@H]2C1,Cc1cccc2c1N[C@@]1(C)C[C@@H]2CS(=O)C1,,True,False,False,False,0.0,35,16.0,3.0,3.0
CDK_Depict_21_46,C1=CN(C(=O)N=C1NO)[C@H]2[C@@H]([C@@H]([C@H](O2)COP(=O)(O)O)O)O,CNC1=C(C)(=O)C(=O)N([C@@H]2O[C@H](CO)[C@@H](O)[C@H]2O)CC1,O=c1nc(NO)ccn1[C@@H]1O[C@H](COP(=O)(O)O)[C@@H](O)[C@H]1O,,True,False,False,False,0.0,34,22.0,2.0,4.0
CDK_Depict_21_47,C1(=C(SC(=N1)F)Br)Cl,Cc1nc(C)sc1[Rf],Fc1nc(Cl)c(Br)s1,Cc1nc(C)[c]([Rf])s1,True,True,False,False,0.16666666666666666,16,8.0,1.0,0.0
CDK_Depict_21_48,C1(=NN(C(=N)N=N1)O)N,*=C1*[U]=C([NH112])*=*1,N=c1nnc(N)nn1O,,True,False,False,False,0.0,17,9.0,1.0,0.0
CDK_Depict_21_49,NNN(ON=[N+]=[N-])SSN(NN)ON=[N+]=[N-],*=[Ni]=N.N*[Ni].SN[18N][Ni].[N-]=[N+]=[Ni],[N-]=[N+]=NON(NN)SSN(NN)ON=[N+]=[N-],N[*][Ni].SN[18N][Ni].[*]=[Ni]=[NH].[N-]=[N+]=[Ni],True,True,False,False,0.11904761904761904,25,16.0,0.0,0.0
CDK_Depict_21_50,CP(=O)(C)C(=O)SC,CC.CC.CSC(C)=O,CSC(=O)P(C)(C)=O,CC.CC.CSC(C)=O,True,True,False,False,0.3684210526315789,11,8.0,0.0,0.0
CDK_Depict_21_51,B(OS(=O)(=O)F)(OS(=O)(=O)F)OS(=O)(=O)F,[o]=S(=O)([c])O[(G](O[(G](=O)([c])=O)OS(=O)(=O)[c])O[SH](=O)(=O)[c],O=S(=O)(F)OB(OS(=O)(=O)F)OS(=O)(=O)F,,True,False,False,False,0.0,36,16.0,0.0,0.0
CDK_Depict_21_52,CN1CC[C@@]23CCCC[C@@H]2[C@H]1CC4=C3C=C(C=C4)O,CC.CC1(C)Cc2c(cc(O)cc2)[C@@]2(C)C1,CN1CC[C@@]23CCCC[C@@H]2[C@H]1Cc1ccc(O)cc13,,True,False,False,False,0.0,34,19.0,4.0,3.0
CDK_Depict_21_53,C[C@@H](CC[C@@H]1[C@H](C[C@@H](CC1(C)C)O)CO)O,C[C@H](O)CC[C@H]1[C@H]2CC2O.[HH],C[C@H](O)CC[C@@H]1[C@@H](CO)C[C@H](O)CC1(C)C,,True,False,False,False,0.0,24,16.0,1.0,4.0
CDK_Depict_21_54,C12[Se]C3[Se]C([Se]1)[Se]C([Se]2)[Se]3,C1CC2[Sc]C[Sc]1,[Se]1C2[Se]C3[Se]C1[Se]C([Se]2)[Se]3,,True,False,False,False,0.0,27,10.0,4.0,4.0
CDK_Depict_21_55,C(N(Cl)Br)(F)(F)F,FC(F)(F)*(Cl)[Br-],FC(F)(F)N(Cl)Br,,True,False,False,False,0.0,15,7.0,0.0,0.0
CDK_Depict_21_56,C1=CC2=NON=C2N=C1,CC1=[V]O[Z]=C1/C=C\C=[V]/1,c1cnc2nonc2c1,,True,False,False,False,0.0,18,9.0,2.0,0.0
CDK_Depict_21_57,CCCC[C@@H]([C@@H](CCCC)Cl)F,CCCC[C@H](C)[C@@H](Cl)CCCC,CCCC[C@@H](Cl)[C@@H](F)CCCC,CCCC[C@H](C)[C@@H](Cl)CCCC,True,True,False,False,0.5416666666666666,9,12.0,0.0,2.0
CDK_Depict_21_58,CC(C)[C@@]1(CC[C@]([C@H]1/C=C/C(=O)C)(C)CC(=O)OC)O,COC(=O)C[C@@]1(C)CC[C@@](C)(O)[C@@H]1/C=C/C(C)=O,COC(=O)C[C@@]1(C)CC[C@@](O)(C(C)C)[C@@H]1/C=C/C(C)=O,COC(=O)C[C@@]1(C)CC[C@@](C)(O)[C@@H]1/C=C/C(C)=O,True,True,False,False,0.7209302325581395,27,20.0,1.0,3.0
CDK_Depict_21_59,CCOS(=O)(=S)CCS(=O)(=O)CCSS(=O)(=O)CC,CCOS(=O)(=S)CCS(=O)(=O)CCSS(=O)(=O)CC,CCOS(=O)(=S)CCS(=O)(=O)CCSS(=O)(=O)CC,CCOS(=O)(=S)CCS(=O)(=O)CCSS(=O)(=O)CC,True,True,True,True,1.0,0,19.0,0.0,1.0
CDK_Depict_21_61,C1(=NN=C(S1)Cl)/N=N/C2=NN=C(S2)Cl,CC(C)=NN=C(Cl)Cl.N=NC1=NN=C(Cl)S1,Clc1nnc(/N=N/c2nnc(Cl)s2)s1,CC(C)=NN=C(Cl)Cl.N=Nc1nnc(Cl)s1,True,True,False,False,0.42424242424242425,13,14.0,2.0,0.0
CDK_Depict_21_62,COCC1[C@H](C(C([C@@H](O1)OC)OC)OC)OC,COCC1O[C@@H](OC)C(OC)C(C)[C@@H]1OC,COCC1O[C@@H](OC)C(OC)C(OC)[C@@H]1OC,COCC1O[C@@H](OC)C(OC)C(C)[C@@H]1OC,True,True,False,False,0.7142857142857143,19,17.0,1.0,5.0
CDK_Depict_21_66,CC(C)N(C(=O)OC1=CC=CS1)O,CC(C)[Al](O)C(=O)OC1=CC=CS1,CC(C)N(O)C(=O)Oc1cccs1,C[CH](C)[Al]([OH])[C](=O)Oc1cccs1,True,True,False,False,0.5384615384615384,8,13.0,1.0,0.0
CDK_Depict_21_68,CC1=CP(CC1)P2CCC(=C2)C,[2H]C=C(C)CCC.[2H]CC(C)CCC,CC1=CP(P2C=C(C)CC2)CC1,[2H]C=C(C)CCC.[2H]CC(C)CCC,True,True,False,False,0.024390243902439025,17,12.0,2.0,2.0
CDK_Depict_21_69,C1=CC(=C(C(=C1Br)O)Cl)Br,*c1c(*)ccC([Fr])=C1C,Oc1c(Br)ccc(Br)c1Cl,*c1cc[c]([Fr])c(C)c1*,True,True,False,False,0.09090909090909091,20,10.0,1.0,0.0
CDK_Depict_21_70,C(OS(=O)O)(OS(=O)O)OS(=O)O,O=S(O)OC(OS(=O)O)OS(=O)O,O=S(O)OC(OS(=O)O)OS(=O)O,O=S(O)OC(OS(=O)O)OS(=O)O,True,True,True,True,1.0,5,13.0,0.0,4.0
CDK_Depict_21_72,[Si+2]=[Se],[Si].[Si],[Si+2]=[Se],[Si].[Si],True,True,False,False,0.0,4,2.0,0.0,0.0
CDK_Depict_21_74,C[N+](=O)C[I-][N+](=O)OOOC,C[N+](=O)C[IH+][V+](C)=O,COOO[N+](=O)[I-]C[N+](C)=O,C[N+](=O)C[IH+][V+]([CH3])=[O],True,True,False,False,0.20588235294117646,8,11.0,0.0,0.0
CDK_Depict_21_75,C[C@@H](CC[C@@H]1[C@H](CC(=O)CC1(C)C)CO)O,C=C1C[C@H](CO)[C@@H](CCC2(C)CC2)C(C)(C)C1,C[C@H](O)CC[C@@H]1[C@@H](CO)CC(=O)CC1(C)C,C=C1C[C@H](CO)[C@@H](CCC2(C)CC2)C(C)(C)C1,True,True,False,False,0.425531914893617,22,16.0,1.0,3.0
CDK_Depict_21_76,B([Se]CC)([Se]CC)[Se]CC,CC[Se][Se]([Se]CC)[Se]CC,CC[Se]B([Se]CC)[Se]CC,CC[Se][Se]([Se]CC)[Se]CC,True,True,False,False,0.3125,6,10.0,0.0,0.0
CDK_Depict_21_77,C1COOCC1(CN)CN,*CC1(C[AlH2])CCOOC1,NCC1(CN)CCOOC1,*CC1([CH2][AlH2])CCOOC1,True,True,False,False,0.5,14,10.0,1.0,0.0
CDK_Depict_21_79,C[C@@H]1C[C@@H]2[C@H](C[C@]3([C@H]1CC(=O)OC3)C)C(=C)C(=O)O2,C=C1C(=O)O[C@@]2(C)C[C@H](C)[C@@]3(C)CC(=O)OC[C@@]3(C)C[C@]12C,C=C1C(=O)O[C@@H]2C[C@@H](C)[C@@H]3CC(=O)OC[C@@]3(C)C[C@H]12,C=C1C(=O)O[C@@]2(C)C[C@H](C)[C@@]3(C)CC(=O)OC[C@@]3(C)C[C@]12C,True,True,False,False,0.2903225806451613,33,19.0,3.0,5.0
CDK_Depict_21_80,C=CC[Sn](N=C=S)(N=C=S)N=C=S,C=CC[Sn](N=C=S)(N=C=S)N=C=S,C=C[CH2][Sn]([N]=C=S)([N]=C=S)[N]=C=S,C=C[CH2][Sn]([N]=C=S)([N]=C=S)[N]=C=S,True,True,True,True,1.0,0,13.0,0.0,1.0
CDK_Depict_21_81,C[Ge]1(CS[Ge](CS[Ge](CS1)(C)C)(C)C)C,C[Ce]1(C)CS[Ce](C)(C)CS[Ce](C)(C)CS1,[CH3][Ge]1([CH3])[CH2][S][Ge]([CH3])([CH3])[CH2][S][Ge]([CH3])([CH3])[CH2][S]1,[CH3][Ce]1([CH3])[CH2][S][Ce]([CH3])([CH3])[CH2][S][Ce]([CH3])([CH3])[CH2][S]1,True,True,False,False,0.15789473684210525,17,15.0,1.0,0.0
CDK_Depict_21_82,CCP(=C)(C)C(=O)C,CC.CC.CC(C)=O,C=P(C)(CC)C(C)=O,CC.CC.CC(C)=O,True,True,False,False,0.2631578947368421,9,8.0,0.0,1.0
CDK_Depict_21_83,CCOP(=O)(OCC)I,CCO[PH](C)(=O)OCC,CCOP(=O)(I)OCC,,True,False,False,False,0.0,9,9.0,0.0,0.0
CDK_Depict_21_84,C1C[C@@H](NC1)C(=O)O,O=C(O)C1CCCC1,O=C(O)[C@H]1CCCN1,O=C(O)C1CCCC1,True,True,False,False,0.375,16,8.0,1.0,1.0
CDK_Depict_21_85,C([C@@H]1[C@@H]([C@@H]([C@H](C(O1)O)O)O)O)O,OC[C@H]1OC(O)[C@H](O)[C@@H](O)[C@H]1O,OC[C@H]1OC(O)[C@H](O)[C@@H](O)[C@H]1O,OC[C@H]1OC(O)[C@H](O)[C@@H](O)[C@H]1O,True,True,True,True,1.0,24,12.0,1.0,5.0
CDK_Depict_21_86,C1=CC2=NSSC2=C1Cl,Clc1ccc2c1SS*2,Clc1ccc2nssc1-2,,True,False,False,False,0.0,13,9.0,2.0,0.0
CDK_Depict_21_87,CCC1=NC=CP1,*cc*C(C)CC,CCc1ncc[pH]1,,True,False,False,False,0.0,9,7.0,1.0,1.0
CDK_Depict_21_88,C[C@@H](CCC(=O)C1=COC=C1)CC(=O)CC(C)C,CC(C)CC(=O)CC(C)CCC(=O)c1ccOC1,CC(C)CC(=O)C[C@@H](C)CCC(=O)c1ccoc1,,True,False,False,False,0.0,18,18.0,1.0,1.0
CDK_Depict_21_89,CCCCCC(=O)/C=C/[C@H]1[C@@H]2CC[C@@H](C2)[C@@H]1C/C=C\CCCC(=O)OC,CC.[H][C@]12CC[C@@](C)(C1)[C@H](C/C=C\CCCC(C)C)[C@@H]2/C=C/C(=O)CCCCC,CCCCCC(=O)/C=C/[C@H]1[C@@H]2CC[C@@H](C2)[C@@H]1C/C=C\CCCC(=O)OC,CC.CCCCCC(=O)/C=C/[C@@H]1[C@H]2CC[C@@](C)(C2)[C@@H]1C/C=C\CCCC(C)C,True,True,False,False,0.4492753623188406,40,26.0,2.0,4.0
CDK_Depict_21_90,C(=N)[Si]#[Si]C#N,N#C[Si]#[Si]C=N,N#C[Si]#[Si]C=N,N#C[Si]#[Si]C=N,True,True,True,True,1.0,6,6.0,0.0,0.0
CDK_Depict_21_91,C1=C(ON=C1Br)Cl,ClC1=CC([Sr])=NO1,Clc1cc(Br)no1,Clc1c[c]([Sr])no1,True,True,False,False,0.5,13,7.0,1.0,0.0
CDK_Depict_21_92,CC(C)C1=C2CC[C@]3([C@H](CCC(=C)[C@@H]3C[C@@]2(CC1)C)O)C,CC(C)C1=C(CC[C@@]2(C)[C@H](O)CCC(C)[C@@H]2C)C(C)(C)CC1,C=C1CC[C@H](O)[C@]2(C)CCC3=C(C(C)C)CC[C@@]3(C)C[C@@H]12,CC(C)C1=C(CC[C@@]2(C)[C@H](O)CCC(C)[C@@H]2C)C(C)(C)CC1,True,True,False,False,0.3333333333333333,20,21.0,3.0,4.0
CDK_Depict_21_93,C[Te](I)(I)I,CC.CC.CC.CC,C[Te](I)(I)I,CC.CC.CC.CC,True,True,False,False,0.14285714285714285,11,5.0,0.0,0.0
CDK_Depict_21_94,CC(C)(C)P(P(C(C)(C)C)I)P(C(C)(C)C)I,CC.CC(C)(C)C.CC(C)(C)C.COC,CC(C)(C)P(I)P(P(I)C(C)(C)C)C(C)(C)C,CC.CC(C)(C)C.CC(C)(C)C.COC,True,True,False,False,0.16666666666666666,18,17.0,0.0,3.0
CDK_Depict_21_95,NP1(=NP(=NP(=N1)(F)F)(F)F)F,*=[PH](c)(c)**(c)(c)*[PH](c)c,NP1(F)=NP(F)(F)=NP(F)(F)=N1,,True,False,False,False,0.0,24,12.0,1.0,1.0
CDK_Depict_21_96,CCS(=P(O)(O)S)(CC)(CC)CC,C=*C(C)S.CCC.CCC,CCS(CC)(CC)(CC)=P(O)(O)S,C=*C(C)S.CCC.CCC,True,True,False,False,0.16,14,13.0,0.0,0.0
CDK_Depict_21_97,C[C@@H]1[C@H](C[C@H](S[C@H]1C2=CC=CC=C2)C3=CC=CC=C3)N,CC(CC(C)C1CC1)C1CCCCC1,C[C@@H]1[C@@H](N)C[C@@H](c2ccccc2)S[C@H]1c1ccccc1,CC(CC(C)C1CC1)C1CCCCC1,True,True,False,False,0.06818181818181818,36,20.0,3.0,4.0
CDK_Depict_21_98,CN1C=C(N=C1C#N)Cl,CN(C=C(Cl)Cl)c(=N)C#N,Cn1cc(Cl)nc1C#N,,True,False,False,False,0.0,11,9.0,1.0,0.0
CDK_Depict_21_99,C[C@]12C[C@H](CS(=O)C1)C3=CC=CC=C3N2C,C*1c2ccccc2[C@H](C)CS(=O)C[C@]2(C)CS(=O)CC1(C)C2,CN1c2ccccc2[C@H]2CS(=O)C[C@]1(C)C2,C*1c2ccccc2[C@H](C)CS(=O)C[C@]2(C)CS(=O)CC1(C)C2,True,True,False,False,0.34545454545454546,28,16.0,3.0,3.0
CDK_Depict_21_100,C12(C(C(C1(F)F)(C2(F)F)Br)(F)F)Br,CC1(C)C2(C)C3(C4(C)C2(C)C)C13C,FC1(F)C2(Br)C(F)(F)C1(Br)C2(F)F,,True,False,False,False,0.0,21,13.0,3.0,2.0
CDK_Depict_22_2,CC(C)[C@@]1(CC[C@]([C@H]1/C=C/C(=O)C)(C)CC(OC)OC)OC,CO[C@@]1(C(C)C)CC[C@@](C)(CC(C)C)[C@H]1/C=C/C(C)O,COC(C[C@@]1(C)CC[C@@](OC)(C(C)C)[C@@H]1/C=C/C(C)=O)OC,CO[C@@]1(C(C)C)CC[C@@](C)(CC(C)C)[C@H]1/C=C/C(C)O,True,True,False,False,0.574468085106383,29,22.0,1.0,3.0
CDK_Depict_22_3,S=S=S=S=S=S=S=S,S=S=S=S=S=S=S=S,S=S=S=S=S=S=S=S,S=S=S=S=S=S=S=S,True,True,True,True,1.0,0,8.0,0.0,0.0
CDK_Depict_22_4,CC1(OC[C@@H](O1)[C@H]2[C@@H](C(=O)N(N2)C)CCO)C,CCCCC(C)C(C)(C)CCOC(C)(C)C.CCCCCC(C)C,CN1N[C@@H]([C@H]2COC(C)(C)O2)[C@H](CCO)C1=O,CCCCC(C)C(C)(C)CCOC(C)(C)C.CCCCCC(C)C,True,True,False,False,0.029411764705882353,31,17.0,2.0,3.0
CDK_Depict_22_5,COC1(N=N1)F,COC,COC1(F)N=N1,COC,True,True,False,False,0.21428571428571427,8,6.0,1.0,0.0
CDK_Depict_22_6,CSN(C(=S)Cl)SC,C=C(C)C.CC,CSN(SC)C(=S)Cl,C=C(C)C.CC,True,True,False,False,0.1,8,8.0,0.0,0.0
CDK_Depict_22_7,COS(=O)(=O)[Te](C)(C)F,COS(=O)(=O)[F-](F)(F)F,COS(=O)(=O)[Te](C)(C)F,,True,False,False,False,0.0,4,9.0,0.0,0.0
CDK_Depict_22_9,CCN\1C=CS/C1=N/N=O,CC(C)=NNO.CCC,CCn1ccs/c1=N/N=O,CC(C)=NNO.CCC,True,True,False,False,0.10810810810810811,15,10.0,1.0,0.0
CDK_Depict_22_10,[N+](=O)([O-])SS(=O)S[N+](=O)[O-],CSSSSS(=O)S[N+](=O)[O-],O=[N+]([O-])SS(=O)S[N+](=O)[O-],CSSSSS(=O)S[N+](=O)[O-],True,True,False,False,0.5416666666666666,14,10.0,0.0,0.0
CDK_Depict_22_11,CC(=C(N1C=NC=N1)N2C=NC=N2)C,C/*=C\*=C/C.CC(C)C(C)C,CC(C)=C(n1cncn1)n1cncn1,C/*=C\*=C/C.CC(C)C(C)C,True,True,False,False,0.027777777777777776,18,14.0,2.0,0.0
CDK_Depict_22_12,B1(B(NB(B(N1)F)F)F)F,C.CC.CC.CC.CC.CC.CC.CC.CC.CC.CC.CC.CC.CC.CC.CC.CC.CC.CC.CC.CC.CC.CC.CC.CC.CC.CC.CC.CC.CC.CC.CC.CC.CC.CC.CC.CC.CC.CC.CC.CC.CC.CC.CC.CC.CC.CC.CC.CC.CC.CC.CC.CC.CC.CC.CC.CC.CC.CC.CC.CC.CC.CC.CC.CC.CCC,FB1NB(F)B(F)NB1F,C.CC.CC.CC.CC.CC.CC.CC.CC.CC.CC.CC.CC.CC.CC.CC.CC.CC.CC.CC.CC.CC.CC.CC.CC.CC.CC.CC.CC.CC.CC.CC.CC.CC.CC.CC.CC.CC.CC.CC.CC.CC.CC.CC.CC.CC.CC.CC.CC.CC.CC.CC.CC.CC.CC.CC.CC.CC.CC.CC.CC.CC.CC.CC.CC.CCC,True,True,False,False,0.0,197,10.0,1.0,0.0
CDK_Depict_22_13,CC(=C1N=C(N=N1)N)C,CC(C)=C(C)[V]=C=[V],CC(C)=C1N=NC(N)=N1,CC(C)=[C](C)[V]=[C]=[V],True,True,False,False,0.1,14,9.0,1.0,0.0
CDK_Depict_22_14,C[C@]12C=CC3=C4CCC(=O)C=C4CC[C@H]3[C@@H]1CC[C@@H]2O,CC.CC.C[C@@]12CCc(c3ccc(=O)CC3)[C@H](C)CCCC3CCC(=O)CC3,C[C@]12C=CC3=C4CCC(=O)C=C4CC[C@H]3[C@@H]1CC[C@@H]2O,,True,False,False,False,0.0,36,20.0,4.0,4.0
CDK_Depict_22_15,CC12CCC3[C@@H](C1CC[C@@H]2O)CCC4=C3C=CC(=C4)O,[H][C@@]12CCC3=C(ccC(O)=C3)C1CCC1(C)C2CC[C@@H]1O,CC12CCC3c4ccc(O)cc4CC[C@@H]3C1CC[C@@H]2O,CC12CCC3c4ccc(O)cc4CC[C@H]3C1CC[C@@H]2O,True,True,False,True,1.0,35,20.0,4.0,5.0
CDK_Depict_22_16,C[C@H]1[C@@H](N(C(=O)O1)C2=CC=C(C=C2)OC)C#N,COc1ccC(N(C(C)=O)[C@@H](C#N)C(C)C)cc1,COc1ccc(N2C(=O)O[C@@H](C)[C@@H]2C#N)cc1,,True,False,False,False,0.0,29,17.0,2.0,2.0
CDK_Depict_22_17,C1OP2COP1CO2,CC.CC,C1OP2COP1CO2,CC.CC,True,True,False,False,0.0,9,8.0,3.0,2.0
CDK_Depict_22_18,CC1C(=O)[C@](C1(C)C)(C)OC,CC1C(=O)C[C@H](C)C1(C)C,CO[C@@]1(C)C(=O)C(C)C1(C)C,CC1C(=O)C[C@H](C)C1(C)C,True,True,False,False,0.3448275862068966,7,11.0,1.0,2.0
CDK_Depict_22_19,COC1=NSC(=N1)Cl,C=C.C=C(C)C.CC,COc1nsc(Cl)n1,C=C.C=C(C)C.CC,True,True,False,False,0.037037037037037035,10,8.0,1.0,0.0
CDK_Depict_22_20,CCC(C)[C@@H](C(=O)O)NC(=O)C1=NC2=CC=CC=C2N=C1,C=C(C)C(C)C.CC1=CCccc1.CCCC(C)C(o)=O,CCC(C)[C@H](NC(=O)c1cnc2ccccc2n1)C(=O)O,,True,False,False,False,0.0,29,21.0,2.0,2.0
CDK_Depict_22_22,CC=CCC=CCCC(=O)[C@@H]1[C@@H](O1)C(=O)N,CC=CCCCCC(=O)[C@H]1C[C@H](C(=O)O)[C@H]1C(=O)CCCCCCCC,CC=CCC=CCCC(=O)[C@H]1O[C@H]1C(N)=O,CC=CCCCCC(=O)[C@H]1C[C@H](C(=O)O)[C@H]1C(=O)CCCCCCCC,True,True,False,False,0.23636363636363636,24,16.0,1.0,2.0
CDK_Depict_22_23,C=C1OC(=C)O1,C=C(C)C.CC(C)C,C=c1oc(=C)o1,C=C(C)C.CC(C)C,True,True,False,False,0.0625,9,6.0,1.0,0.0
CDK_Depict_22_24,CC(=O)OC[C@@H]1[C@H]2[C@@H]([C@H]([C@@H](O1)OC)OC(=O)C)SC(=O)O2,CCCCCCCCCCCCCCCCCCCCCCCCCCCCCCCCCCCCCCCCCCCCCCCCCCCCCCCCCCCCCCCCCCCCCCCCCCCCCCCCCCCCCCCCCCCCCCCCCCCCCCCCCCCCCCCCCCCCCCCCCCCCCCCCCCCCCCCCCCCCCCCCCCCCCCCCCC)CCCCCCC,CO[C@@H]1O[C@H](COC(C)=O)[C@@H]2OC(=O)S[C@@H]2[C@H]1OC(C)=O,,True,False,False,False,0.0,149,21.0,2.0,5.0
CDK_Depict_22_25,B12B3C14B2B43,[2H]*1[2H][2H]1,B12B3B4B1C234,,True,False,False,False,0.0,13,5.0,4.0,0.0
CDK_Depict_22_26,C1C[Se][Te][Te]O1,CC.CC.CC,C1C[Se][Te][Te]O1,CC.CC.CC,True,True,False,False,0.0,15,6.0,1.0,0.0
CDK_Depict_22_27,C1=CC(OC1C#N)O,C#CC1C=CC(C)CC1.O,N#CC1C=CC(O)O1,C#CC1C=CC(C)CC1.O,True,True,False,False,0.14285714285714285,9,8.0,1.0,2.0
CDK_Depict_22_28,C[C@@H]1C[C@@H]2CCC[C@@H]2S1,CCCCCCCCCCCCCCCCCCCCCCCCCCCCCCCCCCCCCCCCCCCCCCCCCCCCCCCCCCCCCCCCCCCCCCCCCCCCCCCCCCCCCCCCCCCCCCCCCCCCCCCCCCCCCCCCCCCCCCCCCCCCCCCCCCCCCCCCCCCCCCCCCCCCCCCCCCCCCCCC,C[C@@H]1C[C@@H]2CCC[C@@H]2S1,CCCCCCCCCCCCCCCCCCCCCCCCCCCCCCCCCCCCCCCCCCCCCCCCCCCCCCCCCCCCCCCCCCCCCCCCCCCCCCCCCCCCCCCCCCCCCCCCCCCCCCCCCCCCCCCCCCCCCCCCCCCCCCCCCCCCCCCCCCCCCCCCCCCCCCCCCCCCCCCC,True,True,False,False,0.037037037037037035,152,9.0,2.0,3.0
CDK_Depict_22_30,C(COCCOC(CO)N(N)N)O,[H]OCCOCCOC(CO[K])N(C(C)C)C(C)C,NN(N)C(CO)OCCOCCO,CC(C)N(C(C)C)C(C[O][K])OCCOCCO,True,True,False,False,0.4722222222222222,17,13.0,0.0,1.0
CDK_Depict_22_32,CCC(=O)O[C@H]1CC[C@@H]2[C@@]1(CC[C@H]3[C@H]2CCC4=C3C=CC(=C4)O)C,CCCCCCCCCCCCCCCCCCCCCCCCCCCCCCCCCCCCCCCCCCCCCCCCCCCCCCCCCCCCCCCCCCCCCCCCCCCCCCCCCCCCCCCCCCCCCCCCCCCCCCCCCCCCCCCCCCCCCCCCCCCCCCCCCCCCCCCCCCCCCCCCCCCCCCCCCCCCCCCC,CCC(=O)O[C@H]1CC[C@H]2[C@@H]3CCc4cc(O)ccc4[C@H]3CC[C@]12C,CCCCCCCCCCCCCCCCCCCCCCCCCCCCCCCCCCCCCCCCCCCCCCCCCCCCCCCCCCCCCCCCCCCCCCCCCCCCCCCCCCCCCCCCCCCCCCCCCCCCCCCCCCCCCCCCCCCCCCCCCCCCCCCCCCCCCCCCCCCCCCCCCCCCCCCCCCCCCCCC,True,True,False,False,0.05555555555555555,139,24.0,4.0,5.0
CDK_Depict_22_34,C[C@]12CCC(=O)C[C@@H]1CC[C@@H]3[C@@H]2CC[C@]4([C@H]3CC[C@]4(C)O)C,CCCCCCCCCCCCCCCCCCCCCCCCCCCCCCCCCCCCCCCCCCCCCCCCCCCCCCCCCCCCCCCCCCCCCCCCCCCCCCCCCCCCCCCCCCCCCCCCCCCCCCCCCCCCCCCCCCCCCCCCCCCCCCCCCCCCCCCCCCCCCCCCCCCCCCCCCCCCCCCC,C[C@]12CCC(=O)C[C@@H]1CC[C@@H]1[C@@H]2CC[C@@]2(C)[C@H]1CC[C@]2(C)O,CCCCCCCCCCCCCCCCCCCCCCCCCCCCCCCCCCCCCCCCCCCCCCCCCCCCCCCCCCCCCCCCCCCCCCCCCCCCCCCCCCCCCCCCCCCCCCCCCCCCCCCCCCCCCCCCCCCCCCCCCCCCCCCCCCCCCCCCCCCCCCCCCCCCCCCCCCCCCCCC,True,True,False,False,0.022727272727272728,140,22.0,4.0,7.0
CDK_Depict_22_35,O=I(=O)O[Sn](OI(=O)=O)(OI(=O)=O)OI(=O)=O,C*[IH](=O)=O.C=O,[O-][I+2]([O-])[O][Sn]([O][I+2]([O-])[O-])([O][I+2]([O-])[O-])[O][I+2]([O-])[O-],,True,False,False,False,0.0,30,17.0,0.0,0.0
CDK_Depict_22_36,CCCC(=O)S[C@H](COCCC)COP(=O)(Cl)Cl,C*(C)(C)C.CCCCCCCC(C)=O,CCCOC[C@H](COP(=O)(Cl)Cl)SC(=O)CCC,C*(C)(C)C.CCCCCCCC(C)=O,True,True,False,False,0.1956521739130435,22,18.0,0.0,1.0
CDK_Depict_22_37,C=C1/C(=C\Br)/SC=N1,C=CSC(=C)C(=C)C,C=c1ncs/c1=C/Br,C=CSC(=C)C(=C)C,True,True,False,False,0.05714285714285714,11,8.0,1.0,0.0
CDK_Depict_22_38,CC(C)(C#N)[C@@H]1CC/C(=N/O)/C1,*#CC.CCC.N,CC(C)(C#N)[C@@H]1CC/C(=N/O)C1,*#CC.CCC.N,True,True,False,False,0.05555555555555555,24,12.0,1.0,1.0
CDK_Depict_22_39,N[BiH2],[2H][SH](=O)=O,[NH2][BiH2],[2H][SH](=O)=O,True,True,False,False,0.0,13,2.0,0.0,0.0
CDK_Depict_22_40,CSSC(SS(=S)C)SS(=S)C,C=S(C)SC(SC)S*(C)=s,CSSC(SS(C)=S)SS(C)=S,,True,False,False,False,0.0,11,12.0,0.0,3.0
CDK_Depict_22_41,C[C@@]12CC[C@@H](C1(C)C)[C@H]([C@H]2O)N3CCOCCOCCOCC3,*C1(C)CC[C@@H]2[C@@H](O)[C@@H]1C1(C)CCC2(C)C1(C)C,CC1(C)[C@@H]2CC[C@@]1(C)[C@H](O)[C@@H]2N1CCOCCOCCOCC1,*C1(C)CC[C@@H]2[C@@H](O)[C@@H]1C1(C)CCC2(C)C1(C)C,True,True,False,False,0.2608695652173913,32,23.0,3.0,4.0
CDK_Depict_22_42,CCOC(=N)SSC(=N)OCC,CCSC(=N)SSC(=N)SCC,CCOC(=N)SSC(=N)OCC,CCSC(=N)SSC(=N)SCC,True,True,False,False,0.34782608695652173,2,12.0,0.0,0.0
CDK_Depict_22_43,CCC=C1NNC(=CCC)NN1,CC=C(C)NNC(C)CCC,CCC=c1[nH][nH]c(=CCC)[nH][nH]1,CC=C(C)NNC(C)CCC,True,True,False,False,0.12121212121212122,9,12.0,1.0,0.0
CDK_Depict_22_44,C[C@@H]1[C@H]([C@H]([C@@H](O1)N2C=C(C(=O)NC2=O)F)O)O,*C1NC(=O)N([C@@H]2C[C@@H](C)[C@@H](O)[C@H]2O)C=C1F,C[C@H]1O[C@@H](n2cc(F)c(=O)[nH]c2=O)[C@H](O)[C@@H]1O,*C1NC(=O)N([C@@H]2C[C@@H](C)[C@@H](O)[C@H]2O)C=C1F,True,True,False,False,0.24561403508771928,32,17.0,2.0,4.0
CDK_Depict_22_45,CC(C)(F)SC(=NF)SC(C)(C)F,CC.CCC,CC(C)(F)SC(=NF)SC(C)(C)F,CC.CCC,True,True,False,False,0.047619047619047616,19,13.0,0.0,0.0
CDK_Depict_22_46,C([C@@H]1[C@H]([C@@H]([C@H](C(=O)O1)O)O)O)O,CCCCCCCCCCCCCCCCCCCCCCCCCCCCCCCCCCCCCCCCCCCCCCCCC)CCCCCCCCCCCCCCCCCCCCCCCCCCCCCCCCCCCCCCCCCCCCCCCCCCCCCCCCCCCCCCCCCCCCCCCCCCCCCCCCCCCCCCCCCCCCCCCCCCCCCCCCCCCCCCC,O=C1O[C@H](CO)[C@@H](O)[C@H](O)[C@H]1O,,True,False,False,False,0.0,154,12.0,1.0,4.0
CDK_Depict_22_47,C(#N)C(OC(F)(F)F)(F)F,C#N.CF,N#CC(F)(F)OC(F)(F)F,C#N.CF,True,True,False,False,0.10526315789473684,16,10.0,0.0,0.0
CDK_Depict_22_48,CCC(C)O[In](CC)OCC,CCCC(C)CC,CC[O][In]([CH2]C)[O]C(C)CC,CCCC(C)CC,True,True,False,False,0.21428571428571427,9,11.0,0.0,1.0
CDK_Depict_22_49,CON(N(OC)S(=O)(=O)C)S(=O)(=O)C,CON(N(C)S(C)(=O)=O)S(C)(=O)=O,CON(N(OC)S(C)(=O)=O)S(C)(=O)=O,CON(N(C)S(C)(=O)=O)S(C)(=O)=O,True,True,False,False,0.6842105263157895,9,14.0,0.0,0.0
CDK_Depict_22_53,CN1ON(ON(O1)C)C,CN1O*ON(C)O1,CN1ON(C)ON(C)O1,CN1O*ON(C)O1,True,True,False,False,0.5,7,9.0,1.0,0.0
CDK_Depict_22_54,C(#N)C(=N/C(=C(\N)/Cl)/C#N)C#N,*#CC(=*C(C)C)C#N.CC.CC.CC.CC#N,N#CC(C#N)=N/C(C#N)=C(\N)Cl,*#CC(=*C(C)C)C#N.CC.CC.CC.CC#N,True,True,False,False,0.13157894736842105,20,12.0,0.0,0.0
CDK_Depict_22_55,COI(=O)(F)F,CO[Tc](=O)(=O)[Tc],COI(=O)(F)F,C[O][Tc](=[O])(=[O])[Tc],True,True,False,False,0.2222222222222222,10,6.0,0.0,0.0
CDK_Depict_22_56,C[C@@]1([C@H](CCC1(C)C)CCO)O,CC[C@H](CCO)C(C)(C)O,CC1(C)CC[C@H](CCO)[C@]1(C)O,CC[C@H](CCO)C(C)(C)O,True,True,False,False,0.13513513513513514,12,12.0,1.0,2.0
CDK_Depict_22_57,CC1(O[C@@H]2[C@H]([C@H](O[C@@H]2O1)[C@@H](CO)O)N3C=NC=N3)C,CC1CCC(C)C(C)(C)C(C)(C)C(C)(C)C1.C[C@H]1CC(C)(C)[C@@H](N2C=NCC=N2)C1N1=NCCN=C1,CC1(C)O[C@H]2O[C@H]([C@H](O)CO)[C@H](n3cncn3)[C@H]2O1,,True,False,False,False,0.0,50,19.0,3.0,5.0
CDK_Depict_22_58,C[C@H]1C[C@@H]2CCC[C@@H]2S1=O,C=O.CC.CCCCCCCC,C[C@H]1C[C@@H]2CCC[C@@H]2S1=O,C=O.CC.CCCCCCCC,True,True,False,False,0.0625,22,10.0,2.0,4.0
CDK_Depict_22_59,CS[C@H]1CC2=CC(=CC=C2)[C@H](CC3=CC1=CC=C3)SC,CC[C@@H]1Cc2cccc(c2)[C@H](SC)CC2cccc1c2,CS[C@H]1Cc2cccc(c2)[C@@H](SC)Cc2cccc1c2,,True,False,False,False,0.0,25,20.0,3.0,2.0
CDK_Depict_22_60,CC(=C[C@H]1[C@@H](C1(C)C)C(=O)O)C(=O)O,*C(=O)C(C(C)C)C(CCC(C)C)CC(C)C(=O)O,CC(=C[C@H]1[C@H](C(=O)O)C1(C)C)C(=O)O,*C(=O)C(C(C)C)C(CCC(C)C)CC(C)C(=O)O,True,True,False,False,0.10416666666666667,19,14.0,1.0,2.0
CDK_Depict_22_61,B1BB2BBB1B2,*.****,B1BB2BBB1B2,*.****,True,True,False,False,0.0,11,7.0,2.0,0.0
CDK_Depict_22_62,CC(=O)[Se](=O)(=O)C(=O)C,CC(=O)[Co](=O)C(C)=O,CC(=O)[Se](=O)(=O)C(C)=O,C[C](=O)[Co](=[O])[C](C)=O,True,True,False,False,0.29411764705882354,9,9.0,0.0,0.0
CDK_Depict_22_63,P(P(Cl)Cl)(Cl)Cl,C#CC#CC#CC#CC#CC#CC#CC#CC#CC#CC.CCCCCCCCCCCCCCCCCCCCCCCCCCCCCCC,ClP(Cl)P(Cl)Cl,C#CC#CC#CC#CC#CC#CC#CC#CC#CC#CC.CCCCCCCCCCCCCCCCCCCCCCCCCCCCCCC,True,True,False,False,0.0,59,6.0,0.0,0.0
CDK_Depict_22_64,CSC1=NNP(S1)Cl,CsC(C)=N,CSC1=NNP(Cl)S1,,True,False,False,False,0.0,10,8.0,1.0,1.0
CDK_Depict_22_65,C1=CC(=CC(=C1)I)S(F)(F)(F)(F)F,CC.CC.CC.Sc1ccccc1,FS(F)(F)(F)(F)c1cccc(I)c1,CC.CC.CC.Sc1ccccc1,True,True,False,False,0.13793103448275862,24,13.0,1.0,0.0
CDK_Depict_22_66,C1=CC=C(C=C1)P(=O)(NCCCl)NCCCl,[H]N(CC)S(=O)(=O)c1ccccc1,O=P(NCCCl)(NCCCl)c1ccccc1,CCNS(=O)(=O)c1ccccc1,True,True,False,False,0.24324324324324326,21,16.0,1.0,0.0
CDK_Depict_22_68,B1(SC=CS1)B(N(C)C)Cl,C[2H](*1sC=CS1)N(C)C,CN(C)B(Cl)B1SC=CS1,,True,False,False,False,0.0,13,10.0,1.0,0.0
CDK_Depict_22_70,B1(NC(=O)NC(=O)N1C)C,CC(C)C,CB1NC(=O)NC(=O)N1C,CC(C)C,True,True,False,False,0.043478260869565216,14,10.0,1.0,0.0
CDK_Depict_22_71,C(C([C@@H]1C(=O)C(=O)C(=O)O1)O)O,[H]OC(C[Cr])[C@H]1OC(=O)C(=O)C1=O,O=C1O[C@H](C(O)CO)C(=O)C1=O,O=C1O[C@H](C(O)[CH2][Cr])C(=O)C1=O,True,True,False,False,0.6896551724137931,18,12.0,1.0,2.0
CDK_Depict_22_73,CN1C[C@@H](C=C2[C@H]1CC3=CNC4=CC=CC2=C34)C(=O)O,CN1C[C@@H](C(=O)O)C=C2c3cccc(c3)[V]([V])CC[C@]21C,CN1C[C@H](C(=O)O)C=C2c3cccc4[nH]cc(c34)C[C@H]21,CN1C[C@@H](C(=O)O)C=C2c3ccc[c](c3)[V]([V])[CH2]C[C@]21C,True,True,False,False,0.2898550724637681,34,20.0,4.0,2.0
CDK_Depict_22_74,CC(=O)OC[C@H]1C[C@H](C=C1)N2C=NC3=C2N=CN=C3Cl,CC(=O)SC[C@@H]1C=C[C@H](N2/C=N\c3C([Cd])=NC=NC32)C1,CC(=O)OC[C@@H]1C=C[C@H](n2cnc3c(Cl)ncnc32)C1,CC(=O)SC[C@@H]1C=C[C@H](N2C=NC3[C]([Cd])=NC=NC32)C1,True,True,False,False,0.273972602739726,24,20.0,3.0,2.0
CDK_Depict_22_75,B1(C(=C(B(C(=C1C)C)F)C)C)F,**C(C)=C(C)*C.CC(C)C(C)C,CC1=C(C)B(F)C(C)=C(C)B1F,**C(C)=C(C)*C.CC(C)C(C)C,True,True,False,False,0.038461538461538464,14,12.0,1.0,0.0
CDK_Depict_22_77,C1N=C2C(=CO1)C=CC=N2,C1cc2[V]CCCC2,C1=c2cccnc2=NCO1,,True,False,False,False,0.0,12,10.0,2.0,0.0
CDK_Depict_22_78,CC1=NC(C=C1)(C)C(Cl)Cl,[CH2]C([CH2])C1(C)ccC=N1,CC1=NC(C)(C(Cl)Cl)C=C1,[CH2]C([CH2])C1(C)C=CC=N1,True,True,False,False,0.23529411764705882,16,10.0,1.0,1.0
CDK_Depict_22_79,C1C[C@@H]2C[C@H]1[C@H]3[C@@H]2/C(=N/N)/[C@@H]4OC[C@H]3O4,C[C@@H]1O[C@@]2([V])OCC[C@H](C)[C@@]1([H])[C@@]1([H])[C@@]3([H])C[C@@](C)(CC3)C3,N/N=C1\[C@@H]2OC[C@@H](O2)[C@H]2[C@H]3CC[C@H](C3)[C@@H]12,,True,False,False,False,0.0,48,15.0,4.0,6.0
CDK_Depict_22_80,CN(C)C(=S)SP(C)SC(=S)N(C)C,CSC(=S)SC(=S)SP(C)SC(=S)N(C)C,CN(C)C(=S)SP(C)SC(=S)N(C)C,CSC(=S)SC(=S)SP(C)SC(=S)N(C)C,True,True,False,False,0.6538461538461539,5,14.0,0.0,0.0
CDK_Depict_22_82,B(OCC)(OP(OCC)Br)Br,CCO[SH](C)S[SH]([Sc])SCCCCCCCl,CCOB(Br)OP(Br)OCC,CCO[SH](C)S[SH]([Sc])SCCCCCCCl,True,True,False,False,0.10638297872340426,24,11.0,0.0,1.0
CDK_Depict_22_83,C[C@H](CC1=CC=CC=C1)NC,CC.CCCCCCCCCCCCCCCCCCCCCC,CN[C@H](C)Cc1ccccc1,CC.CCCCCCCCCCCCCCCCCCCCCC,True,True,False,False,0.07142857142857142,15,11.0,1.0,1.0
CDK_Depict_22_84,C(C(=O)N)(N)OOC(C(=O)N)N,COC(N)C(N)=O.NC(=O)C(N)O,NC(=O)C(N)OOC(N)C(N)=O,COC(N)C(N)=O.NC(=O)C(N)O,True,True,False,False,0.5,11,12.0,0.0,2.0
CDK_Depict_22_86,CC12CC[C@@H](CC1CCC3C2C(CC4(C3CCC4=O)C)O)O,CC12CC(O)C3C4(CC[C@@H](O)CC4CCC3C1CCC2=O)CCCC3C2,CC12CC(O)C3C(CCC4C[C@@H](O)CCC43C)C1CCC2=O,,True,False,False,False,0.0,26,22.0,4.0,8.0
CDK_Depict_22_90,CC12CCC3=C(C1CC[C@@H]2O)C=CC4=C3C=CC(=C4)O,[11CH2]c1ccc2c3c(ccc2c1)C1CCC(O)C1CC3,CC12CCc3c(ccc4cc(O)ccc34)C1CC[C@@H]2O,[11CH2]c1ccc2c3c(ccc2c1)C1CCC(O)C1CC3,True,True,False,False,0.3508771929824561,33,20.0,4.0,3.0
CDK_Depict_22_91,O=[AsH]=[As][AsH][AsH][AsH][AsH2],CC(=O)([As]C(C)(=O)C(C)(=O)C(C)(=O)[As][As][As][As][As]=[As])[As]=O,O=[AsH]=[As][AsH][AsH][AsH][AsH2],,True,False,False,False,0.0,44,7.0,0.0,5.0
CDK_Depict_22_92,[H][C@]1(C([C@]1([H])[2H])C(=C(Br)Br)[2H])[2H],[H]C(O)[C@H]([H])O,[2H]C(=C(Br)Br)C1[C@@H]([2H])[C@H]1[2H],OCCO,True,True,False,False,0.047619047619047616,31,10.0,1.0,3.0
CDK_Depict_22_94,C(C(P(=O)(O)O)P(=O)(O)O)[P+](=O)O,O=[P+](O)CC1[O-](O)([Ho])[O-][O-4][P+]1(=O)[O-4],O=[P+](O)CC(P(=O)(O)O)P(=O)(O)O,,True,False,False,False,0.0,31,13.0,0.0,1.0
CDK_Depict_22_95,CC(=O)OC[C@@H]1[C@H]2[C@@H]([C@H]([C@H](O1)OC)OC(=O)C)SC(=O)O2,CO[C@H]1O[C@H](COC(C)=O)[C@@](C)(F)[C@@H](C)[C@@H]1OC(C)=O,CO[C@H]1O[C@H](COC(C)=O)[C@@H]2OC(=O)S[C@@H]2[C@H]1OC(C)=O,CO[C@H]1O[C@H](COC(C)=O)[C@@](C)(F)[C@@H](C)[C@@H]1OC(C)=O,True,True,False,False,0.42857142857142855,39,21.0,2.0,5.0
CDK_Depict_22_96,CCO/C(=C/C(=O)N(C)C)/N(C)C,CCO/C(=C/C(=O)N(C)C)N(C)C,CCO/C(=C/C(=O)N(C)C)N(C)C,CCO/C(=C/C(=O)N(C)C)N(C)C,True,True,True,True,1.0,1,13.0,0.0,0.0
CDK_Depict_22_97,CS(=O)(=O)NN=C1CCCCC1,CS(=O)(=O)NN=C1CCCCC1,CS(=O)(=O)NN=C1CCCCC1,CS(=O)(=O)NN=C1CCCCC1,True,True,True,True,1.0,0,12.0,1.0,0.0
CDK_Depict_22_98,C1=CC=C(C=C1)C#CC(=O)NCCCCl,[H]N(CCCC)C(=O)C#Cc1ccccc1,O=C(C#Cc1ccccc1)NCCCCl,CCCCNC(=O)C#Cc1ccccc1,True,True,False,False,0.7142857142857143,21,15.0,1.0,0.0
CDK_Depict_22_99,[2H]P([3H])N([3H])[3H],[2H]P(C)N([3H])[3H],[2H]P([3H])N([3H])[3H],[2H]P(C)N([3H])[3H],True,True,False,False,0.23529411764705882,4,6.0,0.0,1.0
CDK_Depict_22_100,CN1C(N=C(C1=N)C#N)Cl,CNC([Ce])NC(C#N)C(=N)N,CN1C(=N)C(C#N)=NC1Cl,CN[CH]([Ce])NC(C#N)C(=N)N,True,True,False,False,0.10869565217391304,13,10.0,1.0,1.0
CDK_Depict_25_1,C[C@@H]1CC[C@H]2[C@@H]([C@@H](O[C@H]3[C@@]24[C@H]1CC[C@](O3)(OO4)C)O)O,C[C@@]1(C)[C@@H]2CC[C@]3(I)OO[C@@]42[C@@]([H])(O[C@@H](O)[C@H](O)[C@H]4C)O3,C[C@@H]1CC[C@H]2[C@H](O)[C@H](O)O[C@@H]3O[C@@]4(C)CC[C@@H]1[C@]32OO4,,True,False,False,False,0.0,38,20.0,5.0,8.0
CDK_Depict_25_3,C[C@@H]1[C@@](O1)(C)C(=O)O,C[C@H]1C[C@@H](C(=O)O)O1,C[C@H]1O[C@]1(C)C(=O)O,C[C@H]1C[C@@H](C(=O)O)O1,True,True,False,False,0.2962962962962963,12,8.0,1.0,2.0
CDK_Depict_25_4,C1CSS[C@@H]1CCCCC(=O)O,O=C(O)CCCC[C@@H]1CCSS1,O=C(O)CCCC[C@@H]1CCSS1,O=C(O)CCCC[C@@H]1CCSS1,True,True,True,True,1.0,16,12.0,1.0,1.0
CDK_Depict_25_6,CC1=CC=C(N1/N=C(/C(=N/N2C(=CC=C2C)C)/C)\C)C,CC(=N\n1c(C)ccc1C)/C(C)=N/n1c(C)ccc1C,CC(=N\n1c(C)ccc1C)/C(C)=N/n1c(C)ccc1C,CC(=N\n1c(C)ccc1C)/C(C)=N/n1c(C)ccc1C,True,True,True,True,1.0,32,20.0,2.0,0.0
CDK_Depict_25_7,CN1CC(=C[C@H]2[C@H]1CC3=CNC4=CC=CC2=C34)C(=O)O,[H][C@@]12C=C(C(=O)O)CN(C)[C@@]1([H])Cc1c3c(cccc32)NCC1,CN1CC(C(=O)O)=C[C@@H]2c3cccc4[nH]cc(c34)C[C@H]21,,True,False,False,False,0.0,43,20.0,4.0,2.0
CDK_Depict_25_9,CC(C(C(=O)C)Br)S(C)(C)Br,CC(=O)C(C)C(C)S(C)(C)[Br-],CC(=O)C(Br)C(C)S(C)(C)Br,,True,False,False,False,0.0,11,11.0,0.0,2.0
CDK_Depict_25_10,C1=CN2C(=C1)N=NN2,c1cc2nnNn2c1,c1cc2nn[nH]n2c1,c1cc2nn[nH]n2c1,True,True,True,True,1.0,14,8.0,2.0,0.0
CDK_Depict_25_11,CSC1=C(C(=NS1)SC)N,CSc1nSC(S)=C1N,CSc1nsc(SC)c1N,CSc1nsc(S)c1N,True,True,False,False,0.5925925925925926,9,10.0,1.0,0.0
CDK_Depict_25_12,C1[C@H]2[C@@H]([C@@H](S1)CCC=CC(=O)O)NC(=O)N2,[H][C@]12CS[C@@H](CCC=CC(=O)O)[C@@]1([H])NC(=O)N2,O=C(O)C=CCC[C@@H]1SC[C@@H]2NC(=O)N[C@@H]21,O=C(O)C=CCC[C@@H]1SC[C@@H]2NC(=O)N[C@@H]21,True,True,True,True,1.0,24,16.0,2.0,3.0
CDK_Depict_25_14,N1(OON(OO1)O)O,ON1OO[nH](O)OO1,ON1OON(O)OO1,ON1OON(O)OO1,True,True,True,True,1.0,10,8.0,1.0,0.0
CDK_Depict_25_15,C1=C(C(=O)NC1=O)[C@H]2[C@@H]([C@@H]([C@H](O2)CO)O)O,O=C1CC([C@@H]2O[C@H](CO)[C@@H](O)[C@@H]2O)C(=O)N1,O=C1C=C([C@@H]2O[C@H](CO)[C@@H](O)[C@H]2O)C(=O)N1,O=C1CC([C@@H]2O[C@H](CO)[C@@H](O)[C@@H]2O)C(=O)N1,True,True,False,False,0.4,27,16.0,2.0,4.0
CDK_Depict_25_16,C[C@H]1[C@@H]2CCCC[C@@H]2CC(=O)O1,C[C@H]1OC(=O)C[C@@H]2CCCC[C@@]21C,C[C@@H]1OC(=O)C[C@H]2CCCC[C@H]21,C[C@H]1OC(=O)C[C@@H]2CCCC[C@@]21C,True,True,False,False,0.38461538461538464,15,12.0,2.0,3.0
CDK_Depict_25_17,B1=BB=BB=B/C=C\B=BB=B1,p=pbpbpbpbpbp,B1=BB=BB=B/C=C\B=BB=B1,,True,False,False,False,0.0,21,12.0,1.0,0.0
CDK_Depict_25_18,CC(=O)OC[C@H]1CC(=O)[C@]1(C)OC,CO[C@@H]1C(=O)C[C@H]1COC(C)=O,CO[C@@]1(C)C(=O)C[C@@H]1COC(C)=O,CO[C@@H]1C(=O)C[C@H]1COC(C)=O,True,True,False,False,0.45,15,13.0,1.0,2.0
CDK_Depict_25_19,C12=N[Se]N=C1N=[Se]=N2,Cc1c(C)n[Se]N1,N1=[Se]=Nc2n[se]nc21,,True,False,False,False,0.0,15,8.0,2.0,0.0
CDK_Depict_25_20,CC1CCC[C@H](C1)O,CC1CCC[C@@H](O)C1,CC1CCC[C@@H](O)C1,CC1CCC[C@@H](O)C1,True,True,True,True,1.0,5,8.0,1.0,2.0
CDK_Depict_25_21,[2H]/C(=C(/S/C(=C(\C#N)/[2H])/[2H])\[2H])/C#N,N.[2H]C(C#C)=C([2H])SC([2H])C([2H])C#N,[2H]/C(C#N)=C(\[2H])S/C([2H])=C(/[2H])C#N,N.[2H]C(C#C)=C([2H])SC([2H])C([2H])C#N,True,True,False,False,0.28125,21,13.0,0.0,0.0
CDK_Depict_25_22,[CH2-][O+]1CO[C-]2OC[O+]2C1,[14CH2]*1CO[C+]2OC*2C1,[CH2-][O+]1CO[C-]2OC[O+]2C1,[14CH2]*1CO[C+]2OC*2C1,True,True,False,False,0.05555555555555555,12,9.0,2.0,0.0
CDK_Depict_25_23,C1=CN(C=C1)C(=NC#N)N,*C(NC#*)n1cccc1,N#CN=C(N)n1cccc1,*C(NC#*)n1cccc1,True,True,False,False,0.17142857142857143,17,10.0,1.0,0.0
CDK_Depict_25_24,O=S=P(Cl)(Cl)Cl,O=S=[PH](=S)([Co])[Co],O=S=P(Cl)(Cl)Cl,,True,False,False,False,0.0,11,6.0,0.0,0.0
CDK_Depict_25_25,CCCC[C@@H]1C[C@@H]1O,CCCC[C@H]1C[C@@H](O)C1,CCCC[C@@H]1C[C@@H]1O,CCCC[C@H]1C[C@@H](O)C1,True,True,False,False,0.5416666666666666,5,8.0,1.0,2.0
CDK_Depict_25_26,C1=CN(C=N1)N2C=CN=C2,c1cn(n2ccnc2)cn1,c1cn(-n2ccnc2)cn1,c1cn(-n2ccnc2)cn1,True,True,True,True,1.0,17,10.0,2.0,0.0
CDK_Depict_25_27,C1(=NC(=NC(=N1)I)I)I,[3H]c1nc([3H])nc([3H])n1,Ic1nc(I)nc(I)n1,[3H]c1nc([3H])nc([3H])n1,True,True,False,False,0.06666666666666667,22,9.0,1.0,0.0
CDK_Depict_25_28,C1=CN=C(N1)C(C2=NC=CN2)C3=NC=CN3,C1=CNc(C(c2ncc[nH]2)c2ncc[nH]2)n1,c1c[nH]c(C(c2ncc[nH]2)c2ncc[nH]2)n1,c1c[nH]c(C(c2ncc[nH]2)c2ncc[nH]2)n1,True,True,True,True,1.0,26,16.0,3.0,0.0
CDK_Depict_25_29,C1=CC=C(C=C1)N2N=PC=P2,c1pnN(c2ccccc2)P1,c1ccc(-n2npcp2)cc1,,True,False,False,False,0.0,19,11.0,2.0,2.0
CDK_Depict_25_30,B(/C(=C/CCCCCC)/Br)(C(C)(C)C(C)C)Cl,CCCCCCCCCCCCCCCCCCCCCCCCCCCCCC,CCCCCC/C=C(\Br)B(Cl)C(C)(C)C(C)C,CCCCCCCCCCCCCCCCCCCCCCCCCCCCCC,True,True,False,False,0.25,20,17.0,0.0,0.0
CDK_Depict_25_31,CC(=C[C@@H]1[C@H](C1(C)C)C(=O)O)C,CC(C)=C[C@@H]1[C@@H](C=O)C1(C)C,CC(C)=C[C@@H]1[C@@H](C(=O)O)C1(C)C,CC(C)=C[C@@H]1[C@@H](C=O)C1(C)C,True,True,False,False,0.5,12,12.0,1.0,2.0
CDK_Depict_25_33,N(P)PNPN=PNP=S(=O)=O,O=S(=O)=PNP=NP[NH2+]P[NH2+]c1ccccc1,O=S(=O)=PNP=NPNPNP,O=S(=O)=PNP=NP[NH2+]P[NH2+]c1ccccc1,True,True,False,False,0.35555555555555557,27,12.0,0.0,4.0
CDK_Depict_25_34,CC(=[Si]([SiH3])[SiH3])O[SiH3],CC(O[ScH3])[Sc]([ScH3])[ScH3],CC(O[SiH3])=[Si]([SiH3])[SiH3],C[CH]([O][ScH3])[Sc]([ScH3])[ScH3],True,True,False,False,0.08,12,7.0,0.0,3.0
CDK_Depict_25_35,CC[C@@]1([C@H]([C@H]2[C@H]3C[C@@H]4[C@@H]([C@H]2[C@]1(O4)Br)O3)/C=C\C#C)Br,C#C/C=C\[C@@H]1[C@@H]2(C)[C@@H]3(C)[C@@H](C)(O[C@]4(C)C[C@@]([H])(O[C@]43C)[C@@]42C)[C@@H]1(C)CC,C#C/C=C\[C@H]1[C@@H]2[C@H]3[C@H]4O[C@@H]2C[C@H]4O[C@@]3(Br)[C@]1(Br)CC,,True,False,False,False,0.0,55,19.0,4.0,8.0
CDK_Depict_25_36,CC1=CC(=CNP1SC)C,CSp1c(C)cc(C)CN1,CSP1NC=C(C)C=C1C,,True,False,False,False,0.0,12,10.0,1.0,1.0
CDK_Depict_25_37,C1(=NN=C(S1)Br)F,FC1=NN=C([Sr])S1,Fc1nnc(Br)s1,Fc1nn[c]([Sr])s1,True,True,False,False,0.47619047619047616,9,7.0,1.0,0.0
CDK_Depict_25_38,COC(=NC(=O)OC)OC,COC(=O)N=C(OC)OC,COC(=O)N=C(OC)OC,COC(=O)N=C(OC)OC,True,True,True,True,1.0,5,10.0,0.0,0.0
CDK_Depict_25_39,C([C@@H]1[C@H]([C@@H]([C@H](C(O1)O)O)O)O)O,OC[C@H]1OC(O)[C@H](O)[C@@H](O)[C@@H]1O,OC[C@H]1OC(O)[C@H](O)[C@@H](O)[C@@H]1O,OC[C@H]1OC(O)[C@H](O)[C@@H](O)[C@@H]1O,True,True,True,True,1.0,23,12.0,1.0,5.0
CDK_Depict_25_40,C(=O)(N)N(F)F,NC(=O)*(F)F,NC(=O)N(F)F,NC(=O)*(F)F,True,True,False,False,0.375,5,6.0,0.0,0.0
CDK_Depict_25_41,CC(=O)N[C@H]1CC(=O)[C@]1(C)OC,CC(=O)NC1CC(=O)C1C,CO[C@@]1(C)C(=O)C[C@@H]1NC(C)=O,CC(=O)NC1CC(=O)C1C,True,True,False,False,0.3783783783783784,11,12.0,1.0,2.0
CDK_Depict_25_42,C1=C(OC(=C1Cl)Cl)Cl,Cc1oc([U])Cc1Cl,Clc1cc(Cl)c(Cl)o1,,True,False,False,False,0.0,13,8.0,1.0,0.0
CDK_Depict_25_43,C[C@@]1(CCC2C1(CCC3C2CC=C4C3(CCC(C4)O)C)C)O,CC12CCC(O)Cc1CCC1C2CCC2(C(C)(C)O)CCC12,CC12CCC(O)CC1=CCC1C2CCC2(C)C1CC[C@]2(C)O,CC12CCC(O)CC1CCC1C2CCC2(C(C)(C)O)CCC12,True,True,False,False,0.2413793103448276,21,22.0,4.0,7.0
CDK_Depict_25_44,CO[C@H]1C(=O)N([C@]12CCCCC2=O)CC3=CC=CC=C3,CO[C@H]1C(=O)N(Cc2ccccc2)[C@]12CCCCC2=O,CO[C@H]1C(=O)N(Cc2ccccc2)[C@]12CCCCC2=O,CO[C@H]1C(=O)N(Cc2ccccc2)[C@]12CCCCC2=O,True,True,True,True,1.0,20,20.0,3.0,2.0
CDK_Depict_25_45,COC(=O)[C@H]([C@@H](C(=O)OC)O)O,COC(=O)[C@@H](O)[C@H](O)C(=O)OC,COC(=O)[C@@H](O)[C@H](O)C(=O)OC,COC(=O)[C@@H](O)[C@H](O)C(=O)OC,True,True,True,True,1.0,10,12.0,0.0,2.0
CDK_Depict_25_46,C1=CSC(=C1)N2C=COC2=O,O=C1OC=CN1c1cccS1,O=c1occn1-c1cccs1,O=c1occn1-c1cccs1,True,True,True,True,1.0,16,11.0,2.0,0.0
CDK_Depict_25_47,CSN(P=C)P=C,C=PN(P=C)SC,C=PN(P=C)SC,C=PN(P=C)SC,True,True,True,True,1.0,4,7.0,0.0,2.0
CDK_Depict_25_48,CCOC(=O)[C@H](CC1=CC=C(C=C1)O)NC(=O)C,CCOC(=O)[C@H](Cc1ccc(O)cc1)NC(C)=O,CCOC(=O)[C@H](Cc1ccc(O)cc1)NC(C)=O,CCOC(=O)[C@H](Cc1ccc(O)cc1)NC(C)=O,True,True,True,True,1.0,16,18.0,1.0,1.0
CDK_Depict_25_50,C1C(OS(=O)O1)COS(=O)OCC2COS(=O)O2,O=S1OCC(COS(=O)SCC2COS(=O)O2)O1,O=S(OCC1COS(=O)O1)OCC1COS(=O)O1,O=S1OCC(COS(=O)SCC2COS(=O)O2)O1,True,True,False,False,0.6571428571428571,15,18.0,2.0,5.0
CDK_Depict_27_2,OOS(=O)(=O)S(=O)(=O)OO,O=S(=O)(O[11OH2+])S(=O)(=O)=O,O=S(=O)(OO)S(=O)(=O)OO,,True,False,False,False,0.0,10,10.0,0.0,0.0
CDK_Depict_27_3,CN(C)[Si-]1N[Si](=[N+](C)C)N1,CN[Si+](C)(N[SH]=[N+](C)C)N(C)C,CN(C)[si-]1[nH][si](=[N+](C)C)[nH]1,,True,False,False,False,0.0,14,10.0,1.0,0.0
CDK_Depict_27_4,CCC[C@H]([C@@H](CN[C@@H](C)C(=O)OC)N(CC=C)CC=C)O,C=CCN(CCC)C(CC)C(C)CCC.CCNC(C)C(C)=O,C=CCN(CC=C)[C@H](CN[C@@H](C)C(=O)OC)[C@H](O)CCC,C=CCN(CCC)C(CC)C(C)CCC.CCNC(C)C(C)=O,True,True,False,False,0.42857142857142855,28,21.0,0.0,3.0
CDK_Depict_27_5,CCOC([SiH](C)C)SSC(OCC)[SiH](C)C,CCC.CCCC(CCC(C)[SiH](C)C)[SiH](C)C,CCOC(SSC(OCC)[SiH](C)C)[SiH](C)C,CCC.CCCC(CCC(C)[SiH](C)C)[SiH](C)C,True,True,False,False,0.21875,16,16.0,0.0,2.0
CDK_Depict_27_6,C1=CC(=P)C1=P,CC1CCC1=O,P=c1ccc1=P,CC1CCC1=O,True,True,False,False,0.047619047619047616,7,6.0,1.0,0.0
CDK_Depict_27_7,CS(=O)(=O)S[Se]SS(=O)(=O)C,CS(=O)(=O)F.CS[Cs](C)(=O)=O,CS(=O)(=O)S[Se]SS(C)(=O)=O,,True,False,False,False,0.0,11,11.0,0.0,0.0
CDK_Depict_27_8,CN1C=CC(=C1)P(Br)Br,CN1ccc(-c([Rf])[Rf])c1,Cn1ccc(P(Br)Br)c1,,True,False,False,False,0.0,16,9.0,1.0,0.0
CDK_Depict_27_9,CCCCCCC#C[C@H]1CCCC1OCCCCCC(=O)O,CCCCCCCCC1CCCC1CCCCCCC(=O)O,CCCCCCC#C[C@H]1CCCC1OCCCCCC(=O)O,CCCCCCCCC1CCCC1CCCCCCC(=O)O,True,True,False,False,0.4583333333333333,6,22.0,1.0,2.0
CDK_Depict_27_10,CC(C)C1=NSC(=O)O1,CC(=O)S/N=C(\C)C(C)C,CC(C)c1nsc(=O)o1,CC(=O)S/N=C(\C)C(C)C,True,True,False,False,0.1111111111111111,13,9.0,1.0,0.0
CDK_Depict_27_11,CCCCCP(=S)(S)S,CCCCC*(S)(S)S,CCCCCP(=S)(S)S,CCCCC*(S)(S)S,True,True,False,False,0.3333333333333333,2,9.0,0.0,0.0
CDK_Depict_27_12,CON[P+](=O)[S-],C=[PH](=O)[S-],CON[P+](=O)[S-],,True,False,False,False,0.0,3,6.0,0.0,1.0
CDK_Depict_27_13,C1P2C3(P2)P1P3,C1CC2CC12,C1P2PC23PP13,C1CC2CC12,True,True,False,False,0.05263157894736842,9,6.0,3.0,5.0
CDK_Depict_27_14,COC1=C2CCC[C@@H](C2=C(C=C1)Cl)N,COC1ccc(C)c2c1CCC[C@@H]2[AlH2],COc1ccc(Cl)c2c1CCC[C@@H]2N,,True,False,False,False,0.0,22,14.0,2.0,1.0
CDK_Depict_27_15,COC1OCC(=C(CO1)Cl)Cl,*C1=C(*)COC(C)OC1,COC1OCC(Cl)=C(Cl)CO1,*C1=C(*)COC(C)OC1,True,True,False,False,0.25,12,11.0,1.0,0.0
CDK_Depict_27_16,C[C@@H]1CCCC[C@@H]1C,C[C@@H]1CCCC[C@H]1C,C[C@@H]1CCCC[C@@H]1C,C[C@@H]1CCCC[C@H]1C,True,True,False,True,1.0,1,8.0,1.0,2.0
CDK_Depict_27_18,CCC(C)N=C1C(CC1(Cl)Cl)(Cl)Cl,CCC(C)NC1CCCC(C)(C)CC1(C)C,CCC(C)N=C1C(Cl)(Cl)CC1(Cl)Cl,CCC(C)NC1CCCC(C)(C)CC1(C)C,True,True,False,False,0.20454545454545456,10,13.0,1.0,1.0
CDK_Depict_27_19,N(P)P=[P+]([O-])P,**(C)C.CN[PH],[O-][P+](P)=PNP,**(C)C.CN[PH],True,True,False,False,0.041666666666666664,14,6.0,0.0,2.0
CDK_Depict_27_20,CC(=O)CC(CSC(=O)C)C(=S)Cl,CC(=O)CC(CSC(C)=o)C(C)=S,CC(=O)CC(CSC(C)=O)C(=S)Cl,,True,False,False,False,0.0,8,13.0,0.0,1.0
CDK_Depict_27_22,C=CC(=C)CSNC1=CN=CC=C1,C=CC(=C)CC.CNC1C=NCCC1,C=CC(=C)CSNc1cccnc1,C=CC(=C)CC.CNC1C=NCCC1,True,True,False,False,0.21818181818181817,7,13.0,1.0,0.0
CDK_Depict_27_23,C[C@@]12[C@@H](CCCO1)CC(=O)O2,C[C@]12CCCC[C@@H]1CC(=O)O2,C[C@]12OCCC[C@H]1CC(=O)O2,C[C@]12CCCC[C@@H]1CC(=O)O2,True,True,False,False,0.5142857142857142,11,11.0,2.0,2.0
CDK_Depict_27_24,CN(C)P(=C=P(N(C)C)(N(C)C)F)(N(C)C)F,CN(C)P(F)(=C=P(F)(N(C)C)N(C)C)N(C)C,CN(C)P(F)(=C=P(F)(N(C)C)N(C)C)N(C)C,CN(C)P(F)(=C=P(F)(N(C)C)N(C)C)N(C)C,True,True,True,True,1.0,12,17.0,0.0,0.0
CDK_Depict_27_25,CC12CC[C@@H](C[C@@H]1CCC3C2CCC4(C3CC[C@@H]4O)C)F,CC12CCC3C(CC[C@]4(F)C[C@@H](F)CCC34C)C1CC[C@@H]2O,CC12CC[C@H](F)C[C@@H]1CCC1C2CCC2(C)C1CC[C@@H]2O,CC12CCC3C(CC[C@]4(F)C[C@@H](F)CCC34C)C1CC[C@@H]2O,True,True,False,False,0.5555555555555556,26,21.0,4.0,8.0
CDK_Depict_27_26,COC(=O)C(=S)C(=S)C(=O)OC,CCC(=O)C(=S)C(=S)C(=O)CC,COC(=O)C(=S)C(=S)C(=O)OC,CCC(=O)C(=S)C(=S)C(=O)CC,True,True,False,False,0.3333333333333333,2,12.0,0.0,0.0
CDK_Depict_27_27,C1=CC=NC(=C1)O[C@H]2[C@@H]([C@H]([C@H]([C@H](O2)CO)O)O)O,*C[C@H]1C[C@H](C)C([1O])[C@H](*)[C@H]1*.CC(C)CcccN,OC[C@H]1O[C@@H](Oc2ccccn2)[C@H](O)[C@@H](O)[C@H]1O,,True,False,False,False,0.0,34,18.0,2.0,5.0
CDK_Depict_27_28,CC1=CCCC(=C)[C@H]2CC([C@@H]2CC1)(C)C,C=C1CCCC(C)CCC(C)(C)CC1,C=C1CCC=C(C)CC[C@@H]2[C@@H]1CC2(C)C,C=C1CCCC(C)CCC(C)(C)CC1,True,True,False,False,0.25,19,15.0,2.0,2.0
CDK_Depict_27_29,CC(C)(C)OC(=O)N[C@@H](C1=CC=CC=C1)C2(CCCCC2)O,CC.CC(=O)N[C@H](C1CCCCC1)C1(O)CCCCC1,CC(C)(C)OC(=O)N[C@@H](c1ccccc1)C1(O)CCCCC1,CC.CC(=O)N[C@H](C1CCCCC1)C1(O)CCCCC1,True,True,False,False,0.3137254901960784,16,22.0,2.0,1.0
CDK_Depict_27_30,C[C@@]12CC[C@H](C[C@H]1C(=C)CC[C@H]2Br)C(C)(C)O,CC1CCC(C)[C@@]2(C)CC(C(C)(C)C)CCC12C,C=C1CC[C@@H](Br)[C@]2(C)CC[C@@H](C(C)(C)O)C[C@@H]12,CC1CCC(C)[C@@]2(C)CC(C(C)(C)C)CCC12C,True,True,False,False,0.22916666666666666,27,17.0,2.0,4.0
CDK_Depict_27_31,B(OCC(C)(C)C)(Cl)Cl,C.C*(C)C.CC(C)(C)C,CC(C)(C)COB(Cl)Cl,C.C*(C)C.CC(C)(C)C,True,True,False,False,0.14285714285714285,10,9.0,0.0,0.0
CDK_Depict_27_33,C[C@]12CC[C@H]3[C@H]([C@@H]1CCC2=O)CCC4=C3C=CC(=C4)O,CC1(C)CC[C@]2(C)C(=O)CC[C@@]2([H])[C@@H]1CCc1cc([f1O])ccc1C2(C)C,C[C@]12CC[C@@H]3c4ccc(O)cc4CC[C@H]3[C@@H]1CCC2=O,,True,False,False,False,0.0,41,20.0,4.0,4.0
CDK_Depict_27_35,C(S(=O)(=O)/C=C\S(=O)(=O)CCl)Cl,CCS(=O)(=O)/C=C\S(=O)(=O)CC,O=S(=O)(/C=C\S(=O)(=O)CCl)CCl,CCS(=O)(=O)/C=C\S(=O)(=O)CC,True,True,False,False,0.47058823529411764,5,12.0,0.0,0.0
CDK_Depict_27_37,C1[C@H]([C@@H]([C@H]([C@H](O1)O)O)O)O,CC1(O)C(O)CCC(O)C1O,O[C@@H]1[C@@H](O)[C@@H](O)OC[C@H]1O,CC1(O)C(O)CCC(O)C1O,True,True,False,False,0.1724137931034483,28,10.0,1.0,4.0
CDK_Depict_27_38,CC(C)[C@@H](C(=O)N)NP(=S)(O)O,C*(C)(C)=S.CC(=O)[C@H](N)C(C)C,CC(C)[C@H](NP(O)(O)=S)C(N)=O,C*(C)(C)=S.CC(=O)[C@H](N)C(C)C,True,True,False,False,0.2727272727272727,17,12.0,0.0,1.0
CDK_Depict_27_39,C1=C(N=C(S1=N)N)O,N=S1cc(O)nc1N,N=S1C=C(O)N=C1N,N=S1C=C(O)N=C1N,True,True,True,True,1.0,14,8.0,1.0,1.0
CDK_Depict_27_40,CC[SiH](C(N)[SiH](CC)NC)NC,CC[S+](NC)C(N)[S+](CC)NC,CC[SiH](NC)C(N)[SiH](CC)NC,CC[S+](NC)C(N)[S+](CC)NC,True,True,False,False,0.32,10,12.0,0.0,3.0
CDK_Depict_27_41,C1=NN2C=NN=C2N=N1,C=C(N=NC=N)NCC.N,c1nnc2nncn2n1,C=C(N=NC=N)NCC.N,True,True,False,False,0.0,11,9.0,2.0,0.0
CDK_Depict_27_44,C(F)(F)(F)P(Cl)(Cl)(Cl)Cl,C*(C)(C)(C)(C)[FH],FC(F)(F)P(Cl)(Cl)(Cl)Cl,,True,False,False,False,0.0,14,9.0,0.0,0.0
CDK_Depict_27_45,C(C(C(=O)O)N)SC(C(Cl)Br)(F)F,*C(CSC(C)(F)F)C(C)=C,NC(CSC(F)(F)C(Cl)Br)C(=O)O,*C(CSC(C)(F)F)C(=C)C,True,True,False,False,0.20930232558139536,18,13.0,0.0,2.0
CDK_Depict_27_46,C1=NN=C(P1)C(=O)N,CC(=O)c1nncP1,NC(=O)c1nnc[pH]1,CC(=O)c1nnc[pH]1,True,True,False,False,0.6153846153846154,14,8.0,1.0,1.0
CDK_Depict_27_50,C[C@H]([C@H]([C@H](CCO)OC)O[C@H]1[C@@H]([C@H]([C@@H]([C@H](O1)CO)O)O)O)O,CC(C)C(C)[C@H](C)C(O)C(C)C.CCCC(C)C(C)C(C)C(C)C(C)C,CO[C@@H](CCO)[C@H](O[C@@H]1O[C@H](CO)[C@@H](O)[C@H](O)[C@H]1O)[C@@H](C)O,CC(C)C(C)[C@H](C)C(O)C(C)C.CCCC(C)C(C)C(C)C(C)C(C)C,True,True,False,False,0.1346153846153846,47,22.0,1.0,8.0
CDK_Depict_27_51,C(=S)C(=S)N,C=C(C)C=O,NC(=S)C=S,C=C(C)C=O,True,True,False,False,0.10526315789473684,8,5.0,0.0,0.0
CDK_Depict_27_52,C[C@@]12CC[C@H](C[C@H]1[C@]([C@H](CC2)O)(C)O)C(=C)C(=O)O,[H][C@]12CC(C(=C)C(C)=O)CC[C@@]1(C)CCC(C)C2(C)OOOOOOOOOOOOOO,C=C(C(=O)O)[C@@H]1CC[C@@]2(C)CC[C@H](O)[C@@](C)(O)[C@@H]2C1,C=C(C(C)=O)C1CC[C@@]2(C)CCC(C)C(C)(OOOOOOOOOOOOOO)[C@H]2C1,True,True,False,False,0.4,38,19.0,2.0,5.0
CDK_Depict_27_53,C1CN[C@@H]2CC3=C(C4=CC=CC1=C24)C(=C(C=C3)O)O,[H][C@@]12Cc3ccc([11O])C([1O])c3c3cCCC4CC[NH2+]2,Oc1ccc2c(c1O)-c1cccc3c1[C@@H](C2)NCC3,,True,False,False,False,0.0,36,19.0,4.0,1.0
CDK_Depict_27_54,B([B-](B(F)F)(B(F)F)[P+](F)(F)F)(F)F,*.F[2H][2H]([2H](F)F)([2H](F)F)[2H](F)(F)F,FB(F)[B-](B(F)F)(B(F)F)[P+](F)(F)F,,True,False,False,False,0.0,23,14.0,0.0,0.0
CDK_Depict_27_55,C[C@@H]1[C@@H]([C@@H]2[C@H]1[C@H]3CCC(N3O2)(C)C)C,CC.CC(C(C)C(C)(C)C)C(C)C(C)(C)C(C)(C)C(C)(C)CCC(C)(C)C,C[C@@H]1[C@H](C)[C@H]2ON3[C@H](CCC3(C)C)[C@@H]12,CC.CC(C(C)C(C)(C)C)C(C)C(C)(C)C(C)(C)C(C)(C)CCC(C)(C)C,True,True,False,False,0.02,39,14.0,3.0,5.0
CDK_Depict_27_56,C(=C(Cl)Cl)(C(=C(Cl)Cl)Cl)N=O,C.CC(C)C(C)C(N=O)C(C)C,O=NC(=C(Cl)Cl)C(Cl)=C(Cl)Cl,C.CC(C)C(C)C(N=O)C(C)C,True,True,False,False,0.10714285714285714,16,11.0,0.0,0.0
CDK_Depict_27_57,CN(C)S(N(C)C)(N(C)C)F,**(*)(N(C)C)N(C)C,CN(C)S(F)(N(C)C)N(C)C,**(*)(N(C)C)N(C)C,True,True,False,False,0.17647058823529413,7,11.0,0.0,0.0
CDK_Depict_27_58,CO[As](C)(C)(S[As](C)C)S[As](C)C,CO[As](C)(C)(C)S[As](C)C,CO[As](C)(C)(S[As](C)C)S[As](C)C,CO[As](C)(C)(C)S[As](C)C,True,True,False,False,0.6,8,13.0,0.0,0.0
CDK_Depict_27_59,COC1[C@H]2[C@H]3CC(=O)O[C@H]3C[C@]2(CO1)OC,*[C@@]12CC(=O)C[C@@]1([H])[C@]1([H])OC[C@@]1(OC)C2.CC,COC1OC[C@]2(OC)C[C@@H]3OC(=O)C[C@@H]3[C@H]12,*[C@@]12CC(=O)C[C@H]1[C@@H]1OC[C@@]1(OC)C2.CC,True,True,False,False,0.3148148148148148,34,16.0,3.0,5.0
CDK_Depict_27_61,CC(C)(CO)[C@H](C(=O)NCCC(=O)O)O,C=C(C)CCNC(=C)C(C)(O)C(C)(C)CC,CC(C)(CO)[C@@H](O)C(=O)NCCC(=O)O,C=C(C)CCNC(=C)C(C)(O)C(C)(C)CC,True,True,False,False,0.27906976744186046,19,15.0,0.0,1.0
CDK_Depict_27_62,CC(=C=CC(C)(C)/C=N/N(C)C(=S)SC)C,CSC(=O)N(C)/N=C/C(C)(C)C=CC(C)C,CSC(=S)N(C)/N=C/C(C)(C)C=C=C(C)C,CSC(=O)N(C)/N=C/C(C)(C)C=CC(C)C,True,True,False,False,0.3617021276595745,17,16.0,0.0,0.0
CDK_Depict_27_63,COC(C(=O)Cl)OC,CC.COC(C)C(C)=O,COC(OC)C(=O)Cl,CC.COC(C)C(C)=O,True,True,False,False,0.34782608695652173,9,8.0,0.0,0.0
CDK_Depict_27_64,CC1([C@@H]2[C@H]1C3C4C2C34)C,CC.CC,CC1(C)[C@@H]2C3C4C3C4[C@@H]21,CC.CC,True,True,False,False,0.08333333333333333,24,9.0,5.0,6.0
CDK_Depict_27_65,CCOC(=O)N1[C@@H]2[C@H]1C3C4C2C34,CCO.CN1[C@@]2(F)C3C4C5C4[C@@]12F,CCOC(=O)N1[C@@H]2C3C4C3C4[C@@H]21,,True,False,False,False,0.0,21,12.0,5.0,6.0
CDK_Depict_27_66,C1=C(C(=NC(=O)N1[C@H]2[C@H]([C@@H]([C@H](O2)CO)O)O)N)F,*[C@H]1[C@H](*)[C@@H](CC)O[C@H]1N1C=C(F)C(C)=NC1=O,Nc1nc(=O)n([C@@H]2O[C@H](CO)[C@@H](O)[C@@H]2O)cc1F,*[C@H]1[C@H](*)[C@@H](CC)O[C@H]1n1cc(F)c(C)nc1=O,True,True,False,False,0.41818181818181815,38,18.0,2.0,4.0
CDK_Depict_27_67,C1(=C(C1=O)Cl)Cl,*c1c(=O)cC1C,O=c1c(Cl)c1Cl,,True,False,False,False,0.0,11,6.0,1.0,0.0
CDK_Depict_27_69,CCN(CC)C(=S)OOCC(=C)Cl,C=C(C)CC.CC.CCN(CC)C(C)=S,C=C(Cl)COOC(=S)N(CC)CC,C=C(C)CC.CC.CCN(CC)C(C)=S,True,True,False,False,0.36363636363636365,16,13.0,0.0,0.0
CDK_Depict_27_70,C(=O)OC(F)(F)Br,*C(*)(*)OC=C,O=COC(F)(F)Br,*C(*)(*)OC=C,True,True,False,False,0.17391304347826086,11,7.0,0.0,0.0
CDK_Depict_27_72,CC1=CC[C@@H]2CCC(C(=O)[C@@]2(C1)C)(C)C,Cc1cCC2(C)CCC(C)(C)C(=O)C2C1,CC1=CC[C@@H]2CCC(C)(C)C(=O)[C@]2(C)C1,CC1=CCC2(C)CCC(C)(C)C(=O)C2C1,True,True,False,False,0.3111111111111111,23,15.0,2.0,2.0
CDK_Depict_27_73,CS(=O)(=O)N(S(=O)(=O)C)S(=O)(=O)C,CS(=O)(=O)N(S(C)(=O)=O)S(=O)(=O)O,CS(=O)(=O)N(S(C)(=O)=O)S(C)(=O)=O,CS(=O)(=O)N(S(C)(=O)=O)S(=O)(=O)O,True,True,False,False,0.6,5,13.0,0.0,0.0
CDK_Depict_27_75,C1=CSSC(S1)C2SC=CSS2,*1*C(C2CC=C*S2)*C=C1,C1=CSC(C2SC=CSS2)SS1,*1*C(C2CC=C*S2)*C=C1,True,True,False,False,0.07894736842105263,15,12.0,2.0,2.0
CDK_Depict_27_76,[2H]C1(CSCC(S1)([2H])[2H])[2H],CC(C)(C)CCCC(C)(C)C,[2H]C1([2H])CSCC([2H])([2H])S1,CC(C)(C)CCCC(C)(C)C,True,True,False,False,0.0,22,10.0,1.0,0.0
CDK_Depict_27_77,CCN1C=CSCC1=N,CCN1ccSCC1=N,CCN1C=CSCC1=N,CCN1C=CSCC1=N,True,True,True,True,1.0,3,9.0,1.0,0.0
CDK_Depict_27_81,C[C@H]1CC[C@@H](C(=O)C1)/C(=C/O[C@H]2[C@@H]([C@H]([C@@H]([C@H](O2)CO)O)O)O)/C,C/C=C(\C)[C@H]1CCC(C)CC1O.C=C(CC)[C@H]1CCC(C)CC1O.CO,C/C(=C\O[C@@H]1O[C@H](CO)[C@@H](O)[C@H](O)[C@H]1O)[C@H]1CC[C@H](C)CC1=O,C/C=C(\C)[C@H]1CCC(C)CC1O.C=C(CC)[C@H]1CCC(C)CC1O.CO,True,True,False,False,0.20634920634920634,48,23.0,2.0,7.0
CDK_Depict_27_82,NI([N+](=O)[O-])(F)(Cl)Br,C[N+](=O)O.C[N+](=O)O.F,NI(F)(Cl)(Br)[N+](=O)[O-],C[N+](=O)O.C[N+](=O)O.F,True,True,False,False,0.13043478260869565,15,8.0,0.0,0.0
CDK_Depict_27_83,C(P(=O)(CCl)[C@@H](C(Cl)(Cl)Cl)O)Cl,CCP(=O)(CC)C(C)(C)C(C)(C)C,O=P(CCl)(CCl)[C@H](O)C(Cl)(Cl)Cl,CCP(=O)(CC)C(C)(C)C(C)(C)C,True,True,False,False,0.1724137931034483,16,12.0,0.0,1.0
CDK_Depict_27_84,C1=CP(=PP=P1)=S,S=O1ccppp1,S=P1=PP=PC=C1,,True,False,False,False,0.0,13,7.0,1.0,4.0
CDK_Depict_27_85,CCCCCCCCCCCCCCCCCC(=O)OCC([C@@H]1[C@H]([C@@H](CO1)O)O)O,*[C@@H]1COC(C)(C(O)COC(=O)CCCCCCCCCCCCCCCCC)[C@@H]1OOOOOOOOOOOOOO,CCCCCCCCCCCCCCCCCC(=O)OCC(O)[C@H]1OC[C@@H](O)[C@@H]1O,*[C@@H]1COC(C)(C(O)COC(=O)CCCCCCCCCCCCCCCCC)[C@@H]1OOOOOOOOOOOOOO,True,True,False,False,0.42857142857142855,40,30.0,1.0,4.0
CDK_Depict_27_86,C[C@H]1[C@H](CCC2=CC[C@H]3[C@@H]([C@]12C)C3(C)C)O,[H][C@]12C(C)(C)C1(C)CC=C1CC[C@H](C)[C@H](C)[C@]12C,C[C@H]1[C@@H](O)CCC2=CC[C@H]3[C@H](C3(C)C)[C@@]21C,C[C@H]1CCC2=CCC3(C)[C@H](C3(C)C)[C@]2(C)[C@H]1C,True,True,False,False,0.34782608695652173,31,16.0,3.0,5.0
CDK_Depict_27_88,[PbH]#[PbH],[HH].[HH].[HH],[PbH]#[PbH],[HH].[HH].[HH],True,True,False,False,0.0,9,2.0,0.0,0.0
CDK_Depict_27_89,CC(C)[C@@]1(CC[C@]([C@H]1/C=C/C(=O)C)(C)CC(OC)OC)O,CC(C)C.CC(=O)/C=C/C1[C@@H]2(C)CC[C@@H]1(C(C)C)CC,COC(C[C@@]1(C)CC[C@@](O)(C(C)C)[C@@H]1/C=C/C(C)=O)OC,,True,False,False,False,0.0,31,21.0,1.0,3.0
CDK_Depict_27_90,C1C[C@H]([C@@H](C1)O)CCO,*[C@@H]1CCCC1CCC,OCC[C@@H]1CCC[C@H]1O,*[C@@H]1CCCC1CCC,True,True,False,False,0.3103448275862069,15,9.0,1.0,2.0
CDK_Depict_27_91,C1[C@@H]([C@H](C2=CC=CC=C21)O)NC(=O)C(F)(F)F,O=C(N[C@H]1CC2CCCCC2C1Cl)C(F)(F)F,O=C(N[C@H]1Cc2ccccc2[C@@H]1O)C(F)(F)F,O=C(N[C@H]1CC2CCCCC2C1Cl)C(F)(F)F,True,True,False,False,0.32653061224489793,21,17.0,2.0,2.0
CDK_Depict_27_92,C1=CC(=NN=C1NN)I,*Nc1ccc(C)n[Al]1,NNc1ccc(I)nn1,,True,False,False,False,0.0,16,9.0,1.0,0.0
CDK_Depict_27_93,CCCN1C=CNC(=O)C1=O,CCCN1CCNC(=O)C1=O,CCCn1cc[nH]c(=O)c1=O,CCCN1CCNC(=O)C1=O,True,True,False,False,0.28205128205128205,1,11.0,1.0,0.0
CDK_Depict_27_94,COP(=S)(C(=S)SC)OC,CC.CC.CSC(=S)[2H](C)C(C)=S,COP(=S)(OC)C(=S)SC,,True,False,False,False,0.0,17,10.0,0.0,0.0
CDK_Depict_27_95,CC(C)(C)N[As](F)(F)[Si](C)(C)C,C*(C)(C)[As](F)(F)NC(C)(C)C,CC(C)(C)N[As](F)(F)[Si](C)(C)C,C*(C)(C)[As](F)(F)NC(C)(C)C,True,True,False,False,0.4166666666666667,6,12.0,0.0,0.0
CDK_Depict_27_96,CC1=NN(P(C1)Cl)C(=O)C,**(C)CC(C)*C,CC(=O)N1N=C(C)CP1Cl,**(C)CC(C)*C,True,True,False,False,0.023809523809523808,14,10.0,1.0,1.0
CDK_Depict_27_97,C1=CSS(=C1)Br,[S-]=S1C=C=CS1,BrS1=CC=CS1,[S-]=S1C=C=CS1,True,True,False,False,0.14814814814814814,11,6.0,1.0,1.0
CDK_Depict_27_98,Cl[AsH]Cl,C.S,Cl[AsH]Cl,C.S,True,True,False,False,0.0,8,3.0,0.0,0.0
CDK_Depict_27_99,C(OC1=C(OC(O1)(F)F)F)F,C=O.CC(OCF)C(F)CC(F)(F)F,FCOC1=C(F)OC(F)(F)O1,C=O.CC(OCF)C(F)CC(F)(F)F,True,True,False,False,0.12195121951219512,12,11.0,1.0,0.0
CDK_Depict_27_100,C(=NN)S(=O)O,CCCCCCCCCCCCCCCCS(=O)O,NN=CS(=O)O,CCCCCCCCCCCCCCCCS(=O)O,True,True,False,False,0.17857142857142858,15,6.0,0.0,1.0
CDK_Depict_27_102,CCCC/C(=N/OC(=S)N1C=CN=C1)/N,*[Al]C(CCCC)=NC.CC(C)=S,CCCC/C(N)=N/OC(=S)n1ccnc1,CC(C)=S.[*][Al][C](CCCC)=NC,True,True,False,False,0.25,19,15.0,1.0,0.0
CDK_Depict_27_104,C[C@@]12[C@H]3CC[C@@H]([C@@]1(C(=O)OC2=O)C)O3,C.CC(=O)[C@@]1(C)C2(CCC(C)(C)[C@]1(C)C(C)=O)C2,C[C@@]12C(=O)OC(=O)[C@]1(C)[C@H]1CC[C@@H]2O1,,True,False,False,False,0.0,29,14.0,3.0,4.0
CDK_Depict_27_105,C1=CP2P1C=C2,CC.CCC.CCCC,c1cp2ccp12,CC.CCC.CCCC,True,True,False,False,0.0,8,6.0,2.0,2.0
CDK_Depict_27_107,[2H]C1=NC(=NC(=N1)[2H])[2H],[2H]C(C)CC(C)C,[2H]c1nc([2H])nc([2H])n1,[2H]C(C)CC(C)C,True,True,False,False,0.05,18,9.0,1.0,0.0
CDK_Depict_27_108,C1CN(I=N1)I,C/*=N\CCNC,IN1CCN=I1,C/*=N\CCNC,True,True,False,False,0.0,9,6.0,1.0,0.0
CDK_Depict_27_110,CS/C(=N/C1=CN=CN1)/NC#N,N#C[NH14]C(S)=[NH14]c1CC[Al]1,CS/C(=N/c1cnc[nH]1)NC#N,,True,False,False,False,0.0,24,12.0,1.0,0.0
CDK_Depict_27_111,CN1[C@H](CCC1=O)C2=CN=CC=C2,CN1C(=O)CC[C@H]1C1CCCNc1,CN1C(=O)CC[C@@H]1c1cccnc1,CN1C(=O)CC[C@H]1C1CCCNC1,True,True,False,False,0.2916666666666667,17,13.0,2.0,1.0
CDK_Depict_27_112,CNP(=O)(C(F)(F)F)C(F)(F)F,CC.CC(C)(C)C(C)(C)C,CNP(=O)(C(F)(F)F)C(F)(F)F,CC.CC(C)(C)C(C)(C)C,True,True,False,False,0.10526315789473684,14,12.0,0.0,0.0
CDK_Depict_27_114,C1=CC(=C(C(Cl)Cl)O)C=C1,CCCCCCCCC(=C1CCC[C+](C)C1)C(C)C,OC(=C1C=CC=C1)C(Cl)Cl,CCCCCCCCC(=C1CCC[C+](C)C1)C(C)C,True,True,False,False,0.0625,19,10.0,1.0,0.0
CDK_Depict_27_115,NP(=O)(O)SP(=O)(N)O,CC(C)(N)=O.CC(N)=O,NP(=O)(O)SP(N)(=O)O,,True,False,False,False,0.0,12,9.0,0.0,2.0
CDK_Depict_27_116,CP(=S)(C)C(P(=S)(C)C)P(=S)(C)C,C=C=C=C=C=C(C)(C)C(C)C.CC.CC(C)(C)C,CP(C)(=S)C(P(C)(C)=S)P(C)(C)=S,,True,False,False,False,0.0,20,13.0,0.0,0.0
CDK_Depict_27_117,CCCCCCCCCCCCCCCC(=O)OCC([C@@H]1[C@H]([C@@H](CO1)O)O)O,CCCCCCCCCCCCCCCC(=O)CCC(O)C1CCC(O)[C@@H]1O,CCCCCCCCCCCCCCCC(=O)OCC(O)[C@H]1OC[C@@H](O)[C@@H]1O,CCCCCCCCCCCCCCCC(=O)CCC(O)C1CCC(O)[C@@H]1O,True,True,False,False,0.39622641509433965,20,28.0,1.0,4.0
CDK_Depict_27_118,C[C@H]1CCCC(CCCCCC2=C(C(=CC(=C2)O)O)C(=O)O1)O,CC1CCCCCC2CC(O)CC(C)C2C(=O)OC(C)(C)CCC1,C[C@H]1CCCC(O)CCCCCc2cc(O)cc(O)c2C(=O)O1,CC1CCCCCC2CC(O)CC(C)C2C(=O)OC(C)(C)CCC1,True,True,False,False,0.23076923076923078,25,23.0,2.0,2.0
CDK_Depict_27_119,B1BBBBC2(BC(B2)(BBB1)S)S,BC([15C])([16C])[16CH2]C([15CH2])([16CH2])[27CH2][27H][17B][27H][27H]C,SC12BBBBBBBBC(S)(B1)B2,,True,False,False,False,0.0,60,14.0,3.0,2.0
CDK_Depict_27_120,N(N(N(NBr)F)I)Cl,CNN(C)N(F)NS,FN(NBr)N(I)NCl,CNN(C)N(F)NS,True,True,False,False,0.16666666666666666,11,8.0,0.0,0.0
CDK_Depict_27_121,CC1=C(C(=NS(=O)(=O)N1)C)Br,CC(=N)C(C)=C(C)N.O=S(=O)(=O)=O,CC1=NS(=O)(=O)NC(C)=C1Br,,True,False,False,False,0.0,18,11.0,1.0,0.0
CDK_Depict_27_122,CCCCC[C@@H](C=CC1[C@@H](CC(=O)[C@@H]1CCCCCCC(=O)O)O)O,CCCCCC(C)C=CC1[C@H](O)CC(=O)[C@H]1CCCCCCC(C)=O,CCCCC[C@H](O)C=CC1[C@H](O)CC(=O)[C@@H]1CCCCCCC(=O)O,CCCCCC(C)C=CC1[C@H](O)CC(=O)[C@H]1CCCCCCC(C)=O,True,True,False,False,0.6909090909090909,16,25.0,1.0,4.0
CDK_Depict_27_123,CCC[C@@]1(CCC2C1(CCC3C2CCC4=CC(=O)CCC34)C)O,C=C1CCC2C(CCC3C2CCC2(C)C3CC(C)C2(C)CCC)C1,CCC[C@]1(O)CCC2C3CCC4=CC(=O)CCC4C3CCC21C,C=C1CCC2C(CCC3C2CCC2(C)C3CC(C)C2(C)CCC)C1,True,True,False,False,0.31343283582089554,23,23.0,4.0,6.0
CDK_Depict_27_124,C[C@H]1[C@@H](O1)C,C.CC.CC.CC.CC.CC.CC.CC.CC.CC.CC.CC.CC.CC.CC.CC.CC.CC.CC.CC.CC.CC.CC.CC.CC.CC.CC.CC.CC.CC.CC.CC.CC.CC.CC.CC.CC.CC.CC.CC.CC.CC.CC.CC.CC.CCC,C[C@@H]1O[C@H]1C,C.CC.CC.CC.CC.CC.CC.CC.CC.CC.CC.CC.CC.CC.CC.CC.CC.CC.CC.CC.CC.CC.CC.CC.CC.CC.CC.CC.CC.CC.CC.CC.CC.CC.CC.CC.CC.CC.CC.CC.CC.CC.CC.CC.CC.CCC,True,True,False,False,0.08333333333333333,133,5.0,1.0,2.0
CDK_Depict_27_125,B(C1=CC=NN1)(O)O,CCCCCCCCCCCCCCCCCCCCCCCCCCCCCCCCCC,OB(O)c1ccn[nH]1,CCCCCCCCCCCCCCCCCCCCCCCCCCCCCCCCCC,True,True,False,False,0.0,31,8.0,1.0,0.0
CDK_Depict_27_127,CC(=O)N[C@@H]1[C@H]([C@H]([C@H](OC1O)CO)O)O,*C1C[C@H](CO)[C@H](O)[C@@H](O)C1NC(C)=O,CC(=O)N[C@H]1C(O)O[C@H](CO)[C@H](O)[C@@H]1O,*C1C[C@H](CO)[C@H](O)[C@@H](O)C1NC(C)=O,True,True,False,False,0.46153846153846156,23,15.0,1.0,5.0
CDK_Depict_27_128,C[C@H]1C[C@@H]([C@@]2(O1)CCCCO2)S(=O)(=O)C3=CC=C(C=C3)C,C=C(c1ccc(C)cc1)[C@H]1CCCC12CCCCC2,Cc1ccc(S(=O)(=O)[C@H]2C[C@H](C)O[C@@]23CCCCO3)cc1,C=C(c1ccc(C)cc1)[C@H]1CCCC12CCCCC2,True,True,False,False,0.24561403508771928,38,21.0,3.0,3.0
CDK_Depict_27_129,C1=CC=C(C=C1)[Sb](N)Cl,**(C)C.CC1CC=CCC1,[NH2][Sb]([Cl])[c]1ccccc1,**(C)C.CC1CC=CCC1,True,True,False,False,0.027777777777777776,16,9.0,1.0,0.0
CDK_Depict_27_130,C1=CC=C2C(=C1)C=CC=C2OCCC3=CN=CN3,C1=NCC(CCOC2CCCC3CCCCC32)N1,c1ccc2c(OCCc3cnc[nH]3)cccc2c1,C1=NCC(CCOC2CCCC3CCCCC32)N1,True,True,False,False,0.109375,17,18.0,3.0,0.0
CDK_Depict_27_131,[Ge](Br)(I)(I)I,CC.CCC,[Br][Ge]([I])([I])[I],CC.CCC,True,True,False,False,0.0,15,5.0,0.0,0.0
CDK_Depict_27_133,CC1=C[C@@H]2[C@](CC1)([C@]3([C@@H](C[C@H]([C@@]34CO4)O2)OC(=O)C)C)C,CC(C)=O.CC1CC[C@@]2(C)C(C)(C1)OC1(C)CCC2(C)C1(C)C,CC(=O)O[C@@H]1C[C@H]2O[C@@H]3C=C(C)CC[C@]3(C)[C@]1(C)[C@]21CO1,CC(C)=O.CC1CC[C@@]2(C)C(C)(C1)OC1(C)CCC2(C)C1(C)C,True,True,False,False,0.171875,45,21.0,4.0,6.0
CDK_Depict_27_134,COC(=O)OC1=CC=CO1,CCC(=O)Cc1cccC1,COC(=O)Oc1ccco1,CCC(=O)CC1=CC=CC1,True,True,False,False,0.13953488372093023,8,10.0,1.0,0.0
CDK_Depict_27_135,C1=COC(=C1)S(=O)(=O)CC#N,N#CCS(=O)(=O)c1cccO1,N#CCS(=O)(=O)c1ccco1,N#CCS(=O)(=O)c1ccco1,True,True,True,True,1.0,16,11.0,1.0,0.0
CDK_Depict_27_136,CN[C@H]1[C@@H]([C@H]([C@@H]([C@H](O1)CO)O)O)O,CCC(C)[C@H](O)C(C)[C@H](C)C(C)NC,CN[C@@H]1O[C@H](CO)[C@@H](O)[C@H](O)[C@H]1O,CCC(C)[C@H](O)C(C)[C@H](C)C(C)NC,True,True,False,False,0.125,26,13.0,1.0,5.0
CDK_Depict_27_137,C(CN(CCC#N)CC#N)CO,C#C[NH](CCC#N)CCCO,N#CCCN(CC#N)CCCO,,True,False,False,False,0.0,7,12.0,0.0,0.0
CDK_Depict_27_141,C1=CC(=CC=C1[C@@H](C(=O)O)N)O,CC(=O)[C@H](N)C1CCC(C)CC1,N[C@H](C(=O)O)c1ccc(O)cc1,CC(=O)[C@H](N)C1CCC(C)CC1,True,True,False,False,0.16216216216216217,20,12.0,1.0,1.0
CDK_Depict_27_142,C[C@@H]1C[C@@H]2[C@H](C[C@@H]3[C@H]1C=CC3=O)C(=C)C(=O)O2,CC1CC2(CC(C)C3(C)CCC(=O)[C@@]3([H])CC2([H])C1C,C=C1C(=O)O[C@@H]2C[C@@H](C)[C@@H]3C=CC(=O)[C@@H]3C[C@H]12,,True,False,False,False,0.0,41,17.0,3.0,5.0
CDK_Depict_27_143,C[C@H]1[C@H]([C@H]([C@H](N1)CO)O)O,C[C@H]1[AlH][C@H](CO)[C@H](O)[C@@H]1O,C[C@@H]1N[C@H](CO)[C@H](O)[C@@H]1O,C[C@H]1[AlH][C@H](CO)[C@H](O)[C@@H]1O,True,True,False,False,0.3103448275862069,14,10.0,1.0,4.0
CDK_Depict_27_144,C1=CC=C2C(=C1)OC(=N)C(=N)O2,Cc1cCCCc1CC(=N)C(=[NH2+])O,N=c1oc2ccccc2oc1=N,,True,False,False,False,0.0,16,12.0,2.0,0.0
CDK_Depict_27_145,CC1=C(C=CO1)SSCC2=CC=CO2,CCc1cccn1.Cc1c(C)ccO1,Cc1occc1SSCc1ccco1,,True,False,False,False,0.0,19,14.0,2.0,0.0
CDK_Depict_27_146,C[C@@]12CC[C@@H]3[C@@](C1)(CC=C2)[C@H](CC3(C)C)OC,CC.CC1C=CCC[C@H]2C(C)(C)CC(C)(C)[C@@]2(C)CC1,CO[C@H]1CC(C)(C)[C@@H]2CC[C@@]3(C)C=CC[C@@]12C3,CC.CC1C=CCC[C@H]2C(C)(C)CC(C)(C)[C@@]2(C)CC1,True,True,False,False,0.28,27,17.0,3.0,4.0
CDK_Depict_27_150,CCN(CC)CC#CC(OCC)OCC,CCOC(C#CCN(CC)CC)OCC,CCOC(C#CCN(CC)CC)OCC,CCOC(C#CCN(CC)CC)OCC,True,True,True,True,1.0,8,15.0,0.0,0.0
CDK_Depict_27_151,C(CSC(=C(F)F)F)O,CCCC.[3H]C([3H])C([3H])C,OCCSC(F)=C(F)F,CCCC.[3H]C([3H])C([3H])C,True,True,False,False,0.038461538461538464,18,9.0,0.0,0.0
CDK_Depict_27_152,CC(C)(C)C=[Re](#CC(C)(C)C)(Cl)Cl,CC(C)(C)C[Re](C)(C)CC(C)(C)C,CC(C)(C)[C]#[Re]([Cl])([Cl])=[CH]C(C)(C)C,CC(C)(C)[CH2][Re]([CH3])([CH3])[CH2]C(C)(C)C,True,True,False,False,0.15384615384615385,7,13.0,0.0,0.0
CDK_Depict_27_153,C[C@]12CC[C@H]3[C@H]([C@@H]1CC[C@@H]2O)CCC4=C3C=CC(=C4)O,CC[C@H]1CC[C@@H]2[C@@]1(C)CC[C@@]1(C)C3CCC(Cl)=CC3CC[C@]21C,C[C@]12CC[C@@H]3c4ccc(O)cc4CC[C@H]3[C@@H]1CC[C@@H]2O,CC[C@H]1CC[C@@H]2[C@@]1(C)CC[C@@]1(C)C3CCC(Cl)=CC3CC[C@]21C,True,True,False,False,0.19402985074626866,31,20.0,4.0,5.0
CDK_Depict_27_154,C(C(N(F)F)O)(N(F)F)O,*C(C(*)N(C)F)N(*)C,OC(C(O)N(F)F)N(F)F,*C(C(*)N(C)F)N(*)C,True,True,False,False,0.19047619047619047,11,10.0,0.0,2.0
CDK_Depict_27_157,O=[Si]1O[Sb](O1)O[Si](=O)O[Sb]2O[Si](=O)O2,O=[Si]1O[Sb](OS(=O)O[Sb]2O[S+](=O)O2)O1,O=[Si]1[O][Sb]([O][Si](=O)[O][Sb]2[O][Si](=O)[O]2)[O]1,O=[Si]1[O][Sb]([O]S(=O)[O][Sb]2[O][S+](=O)[O]2)[O]1,True,True,False,False,0.34375,10,14.0,2.0,0.0
CDK_Depict_27_158,CN(C)P(=NC1=CC=CC=C1)(N(C)C)Br,CN(C)[PH]([Sc-])(=Nc1ccccc1)N(C)C,CN(C)P(Br)(=Nc1ccccc1)N(C)C,CN(C)[PH](->[Sc-])(=Nc1ccccc1)N(C)C,True,True,False,False,0.375,22,15.0,1.0,0.0
CDK_Depict_27_161,P12P345P16(P23(S4)S6)S5,C[c]123S[c]4s[c]1(S)[s]42,S1P234SP256SP135P46,,True,False,False,False,0.0,21,7.0,7.0,1.0
CDK_Depict_27_162,C[C@](CC1=CC(=C(C=C1)O)O)(C(=O)O)NN,*.*.*NC(CC1=CC(C)=C(O)Cc1)(C(=O)O)C(=O)O,C[C@@](Cc1ccc(O)c(O)c1)(NN)C(=O)O,*.*.*NC(CC1=CC(C)=C(O)CC1)(C(=O)O)C(=O)O,True,True,False,False,0.24074074074074073,20,16.0,1.0,1.0
CDK_Depict_27_163,CCOC(=O)SC1=C(SCCS1)S,CC(C)=O.CC1=C(S)SCCS1.CCC,CCOC(=O)SC1=C(S)SCCS1,CC(C)=O.CC1=C(S)SCCS1.CCC,True,True,False,False,0.4594594594594595,10,13.0,1.0,0.0
CDK_Depict_27_164,CN(C)C1=NC=NC2=C1N=CN2[C@H]3[C@@H]([C@@H]([C@H](O3)CO)N)O,CC.CC1OC(N2CNC(N3CNC(N(C)C)C4C)C3C)[C@H](C)[C@@H]1[Al11],CN(C)c1ncnc2c1ncn2[C@@H]1O[C@H](CO)[C@@H](N)[C@H]1O,,True,False,False,False,0.0,39,21.0,3.0,4.0
CDK_Depict_27_165,CCOC(=O)[C@@H](CCC1=CC=CC=C1)N[C@@H](C)C(=O)OC(C)C,CCCC(=O)[C@H](CCc1ccccc1)NC(C)C(=O)OC(C)C,CCOC(=O)[C@@H](CCc1ccccc1)N[C@@H](C)C(=O)OC(C)C,CCCC(=O)[C@H](CCc1ccccc1)NC(C)C(=O)OC(C)C,True,True,False,False,0.7555555555555555,16,23.0,1.0,2.0
CDK_Depict_27_166,C=C=[Ni]Cl,C=C=N[CH2+],C=[C]=[Ni][Cl],C=C=N[CH2+],True,True,False,False,0.2,6,4.0,0.0,0.0
CDK_Depict_27_167,C/C=C/PP/C=C/C,CCCC.CCCN,C/C=C/PP/C=C/C,CCCC.CCCN,True,True,False,False,0.058823529411764705,9,8.0,0.0,2.0
CDK_Depict_27_168,C(C[C@@H](C(=O)O)N)CN=C(N)N,*C(=*CCC[C@H](*)C(=O)O)[Al]=[Al][Al]=[Al][Al]=[Al][Al]=[Al][Al]=[Al][Al],NC(N)=NCCC[C@H](N)C(=O)O,*[C](=*CCC[C@H](*)C(=O)O)[Al]=[Al][Al]=[Al][Al]=[Al][Al]=[Al][Al]=[Al][Al],True,True,False,False,0.18,56,12.0,0.0,1.0
CDK_Depict_27_169,C1=CC2=NSN=C2C3=NSN=C31,CSNc1ccc2nSNc2c1,c1cc2nsnc2c2nsnc12,,True,False,False,False,0.0,17,12.0,3.0,0.0
CDK_Depict_27_170,C[C@@H]1[C@@H]2CC[C@](O1)(C=C2C)C(C)C,CC.CC.CC1(C(C)C)CC[C@@](C)(C(C)C1)C(C)O2,CC1=C[C@]2(C(C)C)CC[C@H]1[C@@H](C)O2,,True,False,False,False,0.0,20,13.0,3.0,3.0
CDK_Depict_27_171,[2H]C([2H])(C(F)(F)F)O[2H],CC.CC(C)(C)C(C)(C)C,[2H]OC([2H])([2H])C(F)(F)F,CC.CC(C)(C)C(C)(C)C,True,True,False,False,0.05263157894736842,18,9.0,0.0,0.0
CDK_Depict_27_172,CCCCN1CCC[C@@H](C1)OC(=O)NC2=C(C=CC=C2Cl)C,CCCCN1CCCC(CC(=O)NC2C(C)CCCC2C)C1,CCCCN1CCC[C@H](OC(=O)Nc2c(C)cccc2Cl)C1,CCCCN1CCCC(CC(=O)NC2C(C)CCCC2C)C1,True,True,False,False,0.35294117647058826,13,22.0,2.0,1.0
CDK_Depict_27_173,C1CCC(CC1)(CC2=N[S@](=O)ON2)CN,*CC1(CC2=NS(=C)CN2)CCCCC1,NCC1(CC2=N[S@](=O)ON2)CCCCC1,*CC1(CC2=NS(=C)CN2)CCCCC1,True,True,False,False,0.3541666666666667,17,15.0,2.0,1.0
CDK_Depict_27_175,CC1=CC[C@@H](CC1)[C@](C)(CCC=C(C)C)N=C=O,C=C*C(C)(CCC=C(C)C)C(C)(CCC(C)=CC)C(C)(CC)CCC=C(C)C,CC(C)=CCC[C@](C)(N=C=O)[C@H]1CC=C(C)CC1,C=C*C(C)(CCC=C(C)C)C(C)(CCC(C)=CC)C(C)(CC)CCC=C(C)C,True,True,False,False,0.21212121212121213,29,18.0,1.0,2.0
CDK_Depict_27_176,C1C2=CC=CC=C2[C@@H]([C@@H](C3=CC=CC=C31)O)CCN,*CCC1C(C)C2CCCCC2CC2CCCCC21,NCC[C@H]1c2ccccc2Cc2ccccc2[C@H]1O,*CCC1C(C)C2CCCCC2CC2CCCCC21,True,True,False,False,0.07692307692307693,30,19.0,3.0,2.0
CDK_Depict_27_177,C1O[C@@H]([C@@H]2[C@H](O1)[C@H](OCO2)CN)CN,*C[C@H](CCCC(C)(C)C(C)(C)C)C(C)(C)C(C)(C)C(C)C.CCC,NC[C@H]1OCO[C@H]2[C@@H]1OCO[C@@H]2CN,*C[C@H](CCCC(C)(C)C(C)(C)C)C(C)(C)C(C)(C)C(C)C.CCC,True,True,False,False,0.022222222222222223,36,14.0,2.0,4.0
CDK_Depict_27_179,C[C@@H]1CC[C@@H]([C@@H](C1)O)C(C)C,CC(C)C1CC[C@H](C)C[C@H]1C,CC(C)[C@H]1CC[C@@H](C)C[C@H]1O,CC(C)C1CC[C@H](C)C[C@H]1C,True,True,False,False,0.6,19,11.0,1.0,3.0
CDK_Depict_27_180,C([C@@H]1[C@@H]([C@@H]([C@H]([C@@H](O1)O[C@@H]2[C@H](O[C@@]([C@H]2O)(CO)O)CO)O)O)O)O,CC.CC.CC[C@H]1OC(C)(C)[C@@H](Cl)[C@@H]1O[C@@H]1O[C@H](C[1CH2])[C@H](C)[C@H](C)C1C,OC[C@H]1O[C@@H](O[C@@H]2[C@@H](CO)O[C@](O)(CO)[C@H]2O)[C@H](O)[C@@H](O)[C@H]1O,CC.CC.CC[C@H]1OC(C)(C)[C@@H](Cl)[C@@H]1O[C@@H]1O[C@H](C[1CH2])[C@H](C)[C@H](C)C1C,True,True,False,False,0.22033898305084745,44,23.0,2.0,9.0
CDK_Depict_27_181,CCOC1=CC(=C(C=C1O)OCC)O[C@H]2CCCC[C@H]2O,CCC.CCCC1C=C(C)C(C)CC1O[C@H]1CCCC[C@H]1C,CCOc1cc(O[C@H]2CCCC[C@H]2O)c(OCC)cc1O,CCC.CCCC1C=C(C)C(C)CC1O[C@H]1CCCC[C@H]1C,True,True,False,False,0.22033898305084745,14,21.0,2.0,2.0
CDK_Depict_27_182,C=C(C(=O)O)OS(O)(O)O,[CH]C.[CH]C(=C)C(C)C,C=C(OS(O)(O)O)C(=O)O,[CH]C.[CH]C(=C)C(C)C,True,True,False,False,0.11538461538461539,17,10.0,0.0,0.0
CDK_Depict_27_183,CC[C@@H]1[C@@H](C[C@H](S[C@H]1C2=CC=CC=C2)C3=CC=CC=C3)N,CC[C@@H](C(N)CC(C)C1=CCCCc1)C(C)C1=CC=CC=C1,CC[C@@H]1[C@H](N)C[C@@H](c2ccccc2)S[C@H]1c1ccccc1,CC[C@@H](C(N)CC(C)C1=CCCCC1)C(C)c1ccccc1,True,True,False,False,0.2033898305084746,28,21.0,3.0,4.0
CDK_Depict_27_184,CC/C=C/1\C(=C/C)\SS1,CC=c1**C1CCC,C/C=c1/ss/c1=C/CC,CC=C1**C1CCC,True,True,False,False,0.21212121212121213,14,9.0,1.0,0.0
CDK_Depict_27_185,CCOC1=NC=COC(=C1)C,CC1=CC(C)CCCC1,CCOC1=NC=COC(C)=C1,CC1=CC(C)CCCC1,True,True,False,False,0.09302325581395349,9,11.0,1.0,0.0
CDK_Depict_27_186,C1(=[Si]=P1)Cl,[C-]C1=S=p1,ClC1=[Si]=P1,[C-]C1=S=P1,True,True,False,False,0.125,12,4.0,1.0,1.0
CDK_Depict_27_187,CCSP(=NC1=CC=CC=C1)(CCC#N)SCC,CCS*(CC#N)(=Nc1ccccc1)SCC,CCSP(CCC#N)(=Nc1ccccc1)SCC,CCS*(CC#N)(=Nc1ccccc1)SCC,True,True,False,False,0.4090909090909091,18,18.0,1.0,0.0
CDK_Depict_27_188,CN(C)SCl,C.CC.CCC,CN(C)SCl,C.CC.CCC,True,True,False,False,0.07142857142857142,5,5.0,0.0,0.0
CDK_Depict_27_189,CCCCCP1OS1,CCCCCC.S,CCCCCp1os1,CCCCCC.S,True,True,False,False,0.3684210526315789,4,8.0,1.0,1.0
CDK_Depict_27_190,[2H]P=[Te]([3H])P(B=S)F,*/[2c]=[3c](\[H])*(*)[2c]=C,[2H]P=[Te]([3H])P(F)B=S,,True,False,False,False,0.0,17,8.0,0.0,2.0
CDK_Depict_27_191,CC1(C[C@H]2C=C([C@@]3(CC3([C@H]2C1)C(=O)OC)C=O)C=O)C,CCC(=O)C12C[C@@]1(C=O)C(C=O)CC1(F)CC(C)(C)C[C@]12F,COC(=O)C12C[C@@]1(C=O)C(C=O)=C[C@@H]1CC(C)(C)C[C@@H]12,CCC(=O)C12C[C@@]1(C=O)C(C=O)CC1(F)CC(C)(C)C[C@]12F,True,True,False,False,0.25,34,20.0,3.0,4.0
CDK_Depict_27_192,COCOC/C(=C(\Br)/I)/C(F)(F)F,*C(C)=C(COCOC)C(F)(F)F,COCOC/C(=C(\Br)I)C(F)(F)F,*C(C)=C(COCOC)C(F)(F)F,True,True,False,False,0.59375,13,13.0,0.0,0.0
CDK_Depict_27_193,CC(=O)CC[C@H]1C(=C)CC[C@@H]2[C@@]1(CCC[C@]2(C)C(=O)O)C,C=C1CC[C@H]2(C)[C@@](C)(CCC[C@H]2(C)C(=C)O)[C@H]1CCC(C)=O,C=C1CC[C@@H]2[C@](C)(CCC[C@]2(C)C(=O)O)[C@H]1CCC(C)=O,,True,False,False,False,0.0,31,21.0,2.0,4.0
CDK_Depict_27_194,CCOS(=[Si])(CC)(OCC)OCC,CCO[Si](C)(=[SH])(CC)OCC,CCOS(=[Si])(CC)(OCC)OCC,,True,False,False,False,0.0,11,13.0,0.0,0.0
CDK_Depict_27_196,C1C[C@H]2C[C@@H]1[C@H]([C@H]2C=O)CC3SCCS3,*[C@H]1[C@H](CC)[C@@]2([H])CCC1(C)C2.CC(C)SCCS,O=C[C@H]1[C@H]2CC[C@H](C2)[C@H]1CC1SCCS1,*[C@H]1[C@H](CC)[C@H]2CCC1(C)C2.CC(C)SCCS,True,True,False,False,0.1016949152542373,27,15.0,3.0,4.0
CDK_Depict_27_197,COC(=O)[C@@H]1CN2CCCC[C@@]2([C@H]1C3=CC=CC=C3)C(=O)OC,COC(=O)C1CN2CCCC[C@]2(C(=O)OC)[C@H]1c1ccccc1,COC(=O)[C@@H]1CN2CCCC[C@]2(C(=O)OC)[C@H]1c1ccccc1,COC(=O)C1CN2CCCC[C@]2(C(=O)OC)[C@H]1c1ccccc1,True,True,False,True,1.0,28,23.0,3.0,3.0
CDK_Depict_27_198,C(C[C@@H](C(=O)O)N)CN=C(N)N[C@@H](CC(=O)O)C(=O)O,*C(=O)[C@@H](*)CCCN=C(*)N[C@H](CC(C)C)C(=O)O,NC(=NCCC[C@H](N)C(=O)O)N[C@@H](CC(=O)O)C(=O)O,*C(=O)[C@@H](*)CCCN=C(*)N[C@H](CC(C)C)C(=O)O,True,True,False,False,0.33962264150943394,17,20.0,0.0,2.0
CDK_Depict_27_200,C1=CSC2=C(S1)SC=CS2,CCCSC(C)C(C)C.S/C=C\S,c1csc2sccsc=2s1,CCCSC(C)C(C)C.S/C=C\S,True,True,False,False,0.0,12,10.0,2.0,0.0
CDK_Depict_28_2,C(SSCS(=O)(=O)O)S(=O)(=O)O,CS(=O)(=O)CSSCS(=O)(=O)O,O=S(=O)(O)CSSCS(=O)(=O)O,CS(=O)(=O)CSSCS(=O)(=O)O,True,True,False,False,0.7647058823529411,8,12.0,0.0,0.0
CDK_Depict_28_4,C1CC(=O)O[C@H]1[C@@H](C2=CC=CC=C2)O,C#CC1([C@H](O)c2ccccc2)CCC(=O)O1,O=C1CC[C@H]([C@H](O)c2ccccc2)O1,C#CC1([C@H](O)c2ccccc2)CCC(=O)O1,True,True,False,False,0.3695652173913043,22,14.0,2.0,2.0
CDK_Depict_28_6,C1=CC=C(C=C1)COP(=O)(OCC2=CC=CC=C2)Cl,CP(=O)(O)OCc1ccccc1,O=P(Cl)(OCc1ccccc1)OCc1ccccc1,CP(=O)(O)OCc1ccccc1,True,True,False,False,0.5862068965517241,28,19.0,2.0,0.0
CDK_Depict_28_7,C1(=O)O[Se]O1,O=CO[SeH],O=c1o[se]o1,O=CO[SeH],True,True,False,False,0.05555555555555555,8,5.0,1.0,0.0
CDK_Depict_28_8,C1CC[C@@H]([C@H](C1)Cl)[Te](I)(I)I,[3H][Te]([3H])([3H])[C@@H](C)[C@@H](C)CCC,Cl[C@H]1CCCC[C@@H]1[Te](I)(I)I,[3H][Te]([3H])([3H])[C@@H](C)[C@@H](C)CCC,True,True,False,False,0.0,29,11.0,1.0,2.0
CDK_Depict_28_9,C[C@]12CC[C@H](C[C@@H]1CC[C@@H]3[C@@H]2CC[C@]4([C@H]3CC[C@@H]4O)C)O,C[C@]12CC[C@@]3([H])[C@@]4(C)CC[C@@H](O)C[C@]4(C)CC[C@@]3(C)[C@@]1([H])CC[C@@]2(O)CC2,C[C@]12CC[C@@H](O)C[C@@H]1CC[C@@H]1[C@@H]2CC[C@]2(C)[C@@H](O)CC[C@@H]12,,True,False,False,False,0.0,35,21.0,4.0,8.0
CDK_Depict_28_10,CC1=C(SC(=S)NN1)C,CC1=C(C)SC(=S)NN1,CC1=C(C)SC(=S)NN1,CC1=C(C)SC(=S)NN1,True,True,True,True,1.0,4,9.0,1.0,0.0
CDK_Depict_28_11,N1=NN1N2N(N2N3N=N3)N4N=N4,*1=NN1N1N(N2*=[nH]2)N1n1n[nH]1,N1=NN1n1n(N2N=N2)n1N1N=N1,,True,False,False,False,0.0,18,12.0,4.0,0.0
CDK_Depict_28_12,B(N1C=CC=C1)(N2C=CC=C2)N3C=CC=C3,c1cN(P(N2cccc2)[n+]2cccc2)CC1,c1ccn(B(n2cccc2)n2cccc2)c1,,True,False,False,False,0.0,28,16.0,3.0,0.0
CDK_Depict_28_13,CCCCC[C@@H]1[C@@H](OC(O1)(C)C)[C@H]2COC(O2)(C)C,CCCCC[C@H]1OC(C)(C)O[C@@]1(C)[C@]1(C)COC(C)(C)O1,CCCCC[C@H]1OC(C)(C)O[C@H]1[C@H]1COC(C)(C)O1,CCCCC[C@H]1OC(C)(C)O[C@@]1(C)[C@]1(C)COC(C)(C)O1,True,True,False,False,0.3829787234042553,24,19.0,2.0,3.0
CDK_Depict_28_15,B1(N(CCC(=O)O1)C)C,CB1OC(=O)CCN1C,CB1OC(=O)CCN1C,CB1OC(=O)CCN1C,True,True,True,True,1.0,11,9.0,1.0,0.0
CDK_Depict_28_16,C[C@@H](/C=C/[C@@H]1[C@@](CC[C@]1(C(C)C)O)(C)CC(=O)OC)O,COC(=O)CC1(C)CCC(C(C)C)(C(C)C)[C@@H]1C=C[C@@H](C)O,COC(=O)C[C@@]1(C)CC[C@@](O)(C(C)C)[C@@H]1/C=C/[C@H](C)O,COC(=O)CC1(C)CCC(C(C)C)(C(C)C)[C@@H]1C=C[C@@H](C)O,True,True,False,False,0.75,38,20.0,1.0,4.0
CDK_Depict_28_17,COC(=O)P(=S)(OC)Cl,COC(=O)P(O)(=S)Cl,COC(=O)P(=S)(Cl)OC,COC(=O)P(O)(=S)Cl,True,True,False,False,0.6086956521739131,4,9.0,0.0,1.0
CDK_Depict_28_18,CCOC(=O)C1(C[C@@H]2[C@H](C1)O2)NC(=O)OC(C)(C)C,COC(=O)N(C(=O)O)C1(CCO[C@@]([W])(C1)CC2)CCO1,CCOC(=O)C1(NC(=O)OC(C)(C)C)C[C@@H]2O[C@@H]2C1,,True,False,False,False,0.0,30,19.0,2.0,3.0
CDK_Depict_28_19,C1=CC=C(C=C1)C#C[C@@H](C(C(C(F)(F)F)(F)F)(F)F)O,[H]C([H])([H])C([H])([H])C([H])([H])[C@H](O)C#Cc1ccccc1,O[C@@H](C#Cc1ccccc1)C(F)(F)C(F)(F)C(F)(F)F,CCC[C@H](O)C#Cc1ccccc1,True,True,False,False,0.42105263157894735,44,20.0,1.0,1.0
CDK_Depict_28_20,C12=C(SC(=N1)Cl)SC(=N2)Cl,Clc1nc2nc(Cl)sc2s1,Clc1nc2nc(Cl)sc2s1,Clc1nc2nc(Cl)sc2s1,True,True,True,True,1.0,20,10.0,2.0,0.0
CDK_Depict_28_21,CC1=C2C[C@@H](CC[C@]2([C@@H](CC1)O)C)C(=C)C(=O)O,C=C(C(=O)O)[C@H]1CCC2(C)CC(C)[C@@H](C1)C(=C)CC[C@@H]2O,C=C(C(=O)O)[C@@H]1CC[C@]2(C)C(=C(C)CC[C@H]2O)C1,C=C(C(=O)O)[C@H]1CCC2(C)CC(C)[C@@H](C1)C(=C)CC[C@@H]2O,True,True,False,False,0.4444444444444444,30,18.0,2.0,3.0
CDK_Depict_28_22,C1=CC(=C(C=C1C[C@H](C(=O)O)O)Cl)O,Cc1cc(C[C@@H](O)C(=O)O)c(O)c1O,O=C(O)[C@H](O)Cc1ccc(O)c(Cl)c1,,True,False,False,False,0.0,19,14.0,1.0,1.0
CDK_Depict_28_23,C(=C(F)F)(OC(=C(F)F)Br)Br,[H]C([H+])=C(Br)OC(CCC)=C([H])F,FC(F)=C(Br)OC(Br)=C(F)F,C=C(Br)OC(=CF)CCC,True,True,False,False,0.2,23,11.0,0.0,0.0
CDK_Depict_28_24,COC(=O)OC1CCN1,COC(=O)OC1CCN1,COC(=O)OC1CCN1,COC(=O)OC1CCN1,True,True,True,True,1.0,0,9.0,1.0,1.0
CDK_Depict_28_26,C\1=C/SS/C=C\SS/C=C\SS/C=C/SS1,C1=CSSCCSCSS/C=C\SS1,C1=C\SS/C=C/SS/C=C/SS/C=C\SS/1,C1=CSSCCSCSS/C=C\SS1,True,True,False,False,0.3333333333333333,11,16.0,1.0,0.0
CDK_Depict_28_27,CN1C(=O)C(=NS1)Cl,C[n+]1[s-][n-]c(Cl)c1=O,Cn1snc(Cl)c1=O,,True,False,False,False,0.0,20,8.0,1.0,0.0
CDK_Depict_28_28,COC1=CC=C(C=C1)N=C2CCC(CC2)F,COC1ccC(CN=C2CCCCC2)CC1,COc1ccc(N=C2CCC(F)CC2)cc1,COC1C=CC(CN=C2CCCCC2)CC1,True,True,False,False,0.22,12,16.0,2.0,1.0
CDK_Depict_28_29,C1CC(C1)OP(=O)(N)N,NP(N)(=O)Oc1ccc1,NP(N)(=O)OC1CCC1,NP(N)(=O)OC1=CC=C1,True,True,False,False,0.23333333333333334,15,9.0,1.0,0.0
CDK_Depict_28_31,CC(C)O[Tl](N=O)OC(C)C,CC(C)OC*=O,CC(C)[O][Tl]([N]=O)[O]C(C)C,CC(C)OC*=O,True,True,False,False,0.23076923076923078,13,11.0,0.0,0.0
CDK_Depict_28_32,C(C(CF)(CF)N=C=O)F,*CC(CF)(CF)N=C=O,O=C=NC(CF)(CF)CF,*CC(CF)(CF)N=C=O,True,True,False,False,0.7142857142857143,4,10.0,0.0,0.0
CDK_Depict_28_33,CC1CP(C(O1)C(C)(C)C)Cl,CC1CP(Cl)C(C)O1,CC1CP(Cl)C(C(C)(C)C)O1,CC1CP(Cl)C(C)O1,True,True,False,False,0.5384615384615384,10,11.0,1.0,3.0
CDK_Depict_28_34,C1C(=CC=CO1)S(=O)(=O)N,NS(=O)(=O)c1cccoC1,NS(=O)(=O)C1=CC=COC1,NS(=O)(=O)C1=CC=COC1,True,True,True,True,1.0,17,10.0,1.0,0.0
CDK_Depict_28_35,C(C(O)(F)Br)(O)F,*C([3H])C(F)[No],OC(F)C(O)(F)Br,*C([3H])[CH](F)[No],True,True,False,False,0.13043478260869565,13,7.0,0.0,2.0
CDK_Depict_28_36,CCCCCCCCCCCC(=O)OCC([C@@H]1[C@H]([C@@H](CO1)O)O)O,CCCCCCCCCCCC(=O)OCC(O)[C@H]1OC[C@H]([O-]C)[C@H]1O,CCCCCCCCCCCC(=O)OCC(O)[C@H]1OC[C@@H](O)[C@@H]1O,,True,False,False,False,0.0,17,24.0,1.0,4.0
CDK_Depict_28_37,[2H]C1(CC1)C#C,*C1(C#C)CC1,[2H]C1(C#C)CC1,*C1(C#C)CC1,True,True,False,False,0.18181818181818182,8,6.0,1.0,0.0
CDK_Depict_28_38,CCOC(=O)C(P(=O)(OC)OC)(Br)Br,COC(=O)C(Br)(Br)P(=O)([O-])OC,CCOC(=O)C(Br)(Br)P(=O)(OC)OC,COC(=O)C(Br)(Br)P(=O)([O-])OC,True,True,False,False,0.4117647058823529,17,14.0,0.0,0.0
CDK_Depict_28_39,CN1CC[C@@]23CCCC[C@@H]2[C@H]1CC4=C3C=C(C=C4)OC,COC1=CC2[C@@]34CCCC[C@@]3(C)C(CC3CCC(OC)=C2)[C@@]4(C)CC(CN)C3,COc1ccc2c(c1)[C@]13CCCC[C@@H]1[C@@H](C2)N(C)CC3,,True,False,False,False,0.0,34,20.0,4.0,3.0
CDK_Depict_28_40,CP(C)/C=C/P(C)C,CP/C=C/P(C)C,CP(C)/C=C/P(C)C,CP/C=C/P(C)C,True,True,False,False,0.4666666666666667,3,8.0,0.0,0.0
CDK_Depict_28_41,CNP(=NC)(C)C,CN=[PH](C)NC,CN=P(C)(C)NC,CN=[PH](C)NC,True,True,False,False,0.23809523809523808,7,7.0,0.0,0.0
CDK_Depict_28_42,B(OC(=C(C)C)Br)(OC(=C(C)C)Br)OC(=C(C)C)Br,*C(*)O[2H](OC)OC(*)C,CC(C)=C(Br)OB(OC(Br)=C(C)C)OC(Br)=C(C)C,,True,False,False,False,0.0,29,19.0,0.0,0.0
CDK_Depict_28_43,C1(=C(C(=NN=C1F)F)SC(F)(F)F)SC(F)(F)F,Fc1nnc(F)c(SC(F)(F)F)C1SC(F)(F)F,Fc1nnc(F)c(SC(F)(F)F)c1SC(F)(F)F,,True,False,False,False,0.0,17,18.0,1.0,0.0
CDK_Depict_28_44,C[C@@H]1C[C@H]2CCCC[C@H]2C(=O)O1,[H][C@@]12CCCC[C@]1(C)C(=O)O[C@@H](I)C2,C[C@@H]1C[C@H]2CCCC[C@H]2C(=O)O1,C[C@]12CCCC[C@H]1C[C@H](I)OC2=O,True,True,False,False,0.27906976744186046,24,12.0,2.0,3.0
CDK_Depict_28_45,B1(OCCCS1)C(C)C,CC[SH]1OCCCS1,CC(C)B1OCCCS1,CC[SH]1OCCCS1,True,True,False,False,0.23529411764705882,11,9.0,1.0,0.0
CDK_Depict_28_46,CS(=C(Cl)Cl)(=O)C,CS(C)(=O)=C(Cl)Cl,CS(C)(=O)=C(Cl)Cl,CS(C)(=O)=C(Cl)Cl,True,True,True,True,1.0,10,7.0,0.0,0.0
CDK_Depict_28_47,C#COS(=O)(=O)OOS(=O)(=O)OC#C,C#COS(=o)(=o)OOS(=o)(=O)oC,C#COS(=O)(=O)OOS(=O)(=O)OC#C,,True,False,False,False,0.0,6,14.0,0.0,0.0
CDK_Depict_28_48,B([C@H](C)NC(=O)C)(O)O,CC(=O)N[C@@H](C)S(=O)(=O)=O,CC(=O)N[C@@H](C)B(O)O,,True,False,False,False,0.0,13,9.0,0.0,1.0
CDK_Depict_28_50,C1C(N=NS1)S,SC1CS*=N1,SC1CSN=N1,SC1CS*=N1,True,True,False,False,0.32,6,6.0,1.0,1.0
CDK_Depict_28_51,O=S=S(=O)=O,O=S=S(=O)=O,O=S=S(=O)=O,O=S=S(=O)=O,True,True,True,True,1.0,0,5.0,0.0,0.0
CDK_Depict_28_53,C1=C(C(=O)C(=CO1)Br)Br,CC1=COC=C(C)C1=O,O=c1c(Br)cocc1Br,Cc1cocc(C)c1=O,True,True,False,False,0.42857142857142855,13,9.0,1.0,0.0
CDK_Depict_28_56,C([C@H](C([C@H](CO)O)O)O)O,*C([C@@H]([O-])CO)[C@@H](O)CO,OC[C@@H](O)C(O)[C@@H](O)CO,*C([C@@H]([O-])CO)[C@@H](O)CO,True,True,False,False,0.38095238095238093,16,10.0,0.0,3.0
CDK_Depict_28_57,CC(=C1C(=O)C(=C(C)C)C1=O)C,CC(C)=C(C(=O)C(C)C)C(=O)C(C)C(=O)C(C)C(=O)C(C)C,CC(C)=c1c(=O)c(=C(C)C)c1=O,CC(C)=C(C(=O)C(C)C)C(=O)C(C)C(=O)C(C)C(=O)C(C)C,True,True,False,False,0.12903225806451613,23,12.0,1.0,0.0
CDK_Depict_28_58,C[C@@H]1CC[C@@]2(C[C@H]1CO2)C(C)C,C[C@]12CC[C@@H]3(CC1)[C@@](C)(CCO2)C2,CC(C)[C@]12CC[C@@H](C)[C@H](CO1)C2,,True,False,False,False,0.0,16,12.0,2.0,3.0
CDK_Depict_28_59,CC(C)ON=C1SSC(=NOC(C)C)SS1,COCC1SSC(=NOC)SS1,CC(C)ON=C1SSC(=NOC(C)C)SS1,COCC1SSC(=NOC)SS1,True,True,False,False,0.28125,10,16.0,1.0,0.0
CDK_Depict_28_60,C1(C(C(=C(C(=C1F)F)F)F)F)F,CC1C(F)C(F)C([K])C(F)C1(F)F,FC1=C(F)C(F)C(F)C(F)=C1F,CC1C(F)C(F)[CH]([K])C(F)C1(F)F,True,True,False,False,0.1111111111111111,16,12.0,1.0,2.0
CDK_Depict_28_61,C1C[C@H]2CCCS[C@H]2C1,C[C@@]12CCCS[C@@]1(C)CCC2,C1CS[C@H]2CCC[C@H]2C1,C[C@@]12CCCS[C@@]1(C)CCC2,True,True,False,False,0.125,12,9.0,2.0,2.0
CDK_Depict_28_63,B1(CNC(=O)NC1=O)C,C[SH]1C[V]C(=O)[V]C1=O,CB1CNC(=O)NC1=O,C[SH]1[CH2][V][C](=O)[V][C]1=O,True,True,False,False,0.14285714285714285,14,9.0,1.0,0.0
CDK_Depict_28_64,CC1=CN(ON1)C(=O)CBr,CC1=CN(C(=O)C[19I])O[nH]1,CC1=CN(C(=O)CBr)ON1,CC1=CN(C(=O)C[19I])ON1,True,True,False,False,0.6875,15,10.0,1.0,0.0
CDK_Depict_28_65,B1(OB(OB(O1)Cl)Cl)Cl,C.CB1OBoB(C)O1,ClB1OB(Cl)OB(Cl)O1,C.CB1OBOB(C)O1,True,True,False,False,0.15789473684210525,15,9.0,1.0,0.0
CDK_Depict_28_67,CCCCS(CCCl)(CC=C)OS(=O)(=O)C,C=CCS(C)(CCCC)OS(C)(=O)=O,C=CCS(CCCl)(CCCC)OS(C)(=O)=O,C=CCS(C)(CCCC)OS(C)(=O)=O,True,True,False,False,0.5945945945945946,9,16.0,0.0,1.0
CDK_Depict_28_68,N(S(=O)(=O)Br)Cl,O=S(=O)([Br-])NCl,O=S(=O)(Br)NCl,,True,False,False,False,0.0,8,6.0,0.0,0.0
CDK_Depict_28_69,[Ge]=[Hf+2],[10H]=[Se+2],[Ge]=[Hf+2],,True,False,False,False,0.0,5,2.0,0.0,0.0
CDK_Depict_28_70,CCCCCCCCCCCC[C@H]([C@H]1C=C(C(=O)O1)Br)O,*C1C(=O)O[C@H]([C@@H](O)CCCCCCCCCCCC)C1[H],CCCCCCCCCCCC[C@@H](O)[C@H]1C=C(Br)C(=O)O1,*C1C[C@@H]([C@@H](O)CCCCCCCCCCCC)OC1=O,True,True,False,False,0.44680851063829785,28,21.0,1.0,2.0
CDK_Depict_28_71,C[C@@H]1CC[C@H]([C@@H](C1)OC(=O)[C@]2([C@@H](O2)C)C)C(C)C,CC(C)C1CCC2CCC1OC(=O)[C@]1(C)CO[C@@H]1C,CC(C)[C@@H]1CC[C@@H](C)C[C@H]1OC(=O)[C@]1(C)O[C@H]1C,,True,False,False,False,0.0,33,18.0,2.0,5.0
CDK_Depict_28_73,B(C1=COC=C1)(OC(C)C)OC(C)C,CO[2H](OC(C)C)c1cOcc1,CC(C)OB(OC(C)C)c1ccoc1,,True,False,False,False,0.0,17,14.0,1.0,0.0
CDK_Depict_28_74,COC(=O)O/N=C(/C#N)\C(=O)O,N#CC(=NOC=O)C(=O)O,COC(=O)O/N=C(/C#N)C(=O)O,N#CC(=NOC=O)C(=O)O,True,True,False,False,0.5,14,12.0,0.0,0.0
CDK_Depict_28_75,C[C@H]1C[C@H]2CCCC[C@H]2C(=O)O1,C[C@H]1CCCCCC[C@](C)(C=O)C(=O)O1,C[C@H]1C[C@H]2CCCC[C@H]2C(=O)O1,C[C@H]1CCCCCC[C@](C)(C=O)C(=O)O1,True,True,False,False,0.30952380952380953,14,12.0,2.0,3.0
CDK_Depict_28_76,C(P(=S)(CCl)N=C=S)Cl,[Li]CP(=S)(CCl)N=C=S,S=C=NP(=S)(CCl)CCl,[Li][CH2]P(=S)(CCl)N=C=S,True,True,False,False,0.7619047619047619,8,9.0,0.0,0.0
CDK_Depict_28_77,CC1CCC2[C@@H]1[C@H]3[C@H](C3(C)C)CCC2=C,CC1[C@@]2(C)C3C(=C)CCC[C@@]4([H])C(C)(C)CC2C,C=C1CC[C@@H]2[C@H]([C@@H]3C(C)CCC13)C2(C)C,,True,False,False,False,0.0,25,15.0,3.0,5.0
CDK_Depict_28_78,C(C(F)(F)I(F)(F)(F)F)(F)(F)F,FC(F)(F)C(F)(F)[I+](F)(F)F,FC(F)(F)C(F)(F)I(F)(F)(F)F,FC(F)(F)C(F)(F)[I+](F)(F)F,True,True,False,False,0.2222222222222222,8,12.0,0.0,0.0
CDK_Depict_28_79,CC(=O)O[C@H]1C[C@H]([C@@H]2CC/C=C\CC[C@@H]([C@H]1O2)O)I,[H]C12O[C@@](C)(CCC=CCC[C@@H]1O)[C@H](I)C[C@@H]2OC(C)=O,CC(=O)O[C@H]1C[C@@H](I)[C@@H]2CC/C=C\CC[C@H](O)[C@H]1O2,CC(=O)O[C@H]1C[C@@H](I)[C@]2(C)CCC=CCC[C@H](O)C1O2,True,True,False,False,0.58,37,19.0,2.0,5.0
CDK_Depict_28_80,COP1P2[Se]P(P([Se]1)[Se]2)OC,CO[PH]1[Se][PH]2[se][PH]1[se][PH]2O,COp1[se]p2[se]p1[se]p2OC,CO[PH]1[Se][PH]2[Se][PH]1[Se][PH]2O,True,True,False,False,0.13333333333333333,21,11.0,2.0,4.0
CDK_Depict_28_81,C(=O)(C1(OO1)F)O,O=C(O)C1(F)OO1,O=C(O)C1(F)OO1,O=C(O)C1(F)OO1,True,True,True,True,1.0,10,7.0,1.0,0.0
CDK_Depict_28_82,C1CCC(CC1)P(C2CCCCC2)I,C1CCCCC1.CC1CCCCC1,IP(C1CCCCC1)C1CCCCC1,C1CCCCC1.CC1CCCCC1,True,True,False,False,0.3157894736842105,8,14.0,2.0,0.0
CDK_Depict_28_83,C([C@H]([C@H]([C@@H](C(=O)CO)O)O)O)O,O.O=C(CO)[C@@H](O)[C@H](O)C(O)O,O=C(CO)[C@@H](O)[C@H](O)[C@H](O)CO,O.O=C(CO)[C@@H](O)[C@H](O)C(O)O,True,True,False,False,0.6086956521739131,21,12.0,0.0,3.0
CDK_Depict_28_84,C1=CSC(=C1)CNN2C(=NN=N2)N,C/C(N)=N\N=N\NCNCCc1sC=CC1,Nc1nnnn1NCc1cccs1,,True,False,False,False,0.0,21,13.0,2.0,0.0
CDK_Depict_28_85,CC(C)(C(Cl)(Cl)Cl)OP(C1=COCCO1)Cl,CC(C)(Cl)Cl.Cl[PH](Cl)C1=COCCO1,CC(C)(OP(Cl)C1=COCCO1)C(Cl)(Cl)Cl,CC(C)(Cl)Cl.Cl[PH](Cl)C1=COCCO1,True,True,False,False,0.4,14,16.0,1.0,1.0
CDK_Depict_28_87,C/C=C(\C)/C(C)(C)C(C)/C=C(\C)/CC=C,C=CC/C(C)=C/C(C)C(C)(C)/C(C)=C/C,C=CC/C(C)=C/C(C)C(C)(C)/C(C)=C/C,C=CC/C(C)=C/C(C)C(C)(C)/C(C)=C/C,True,True,True,True,1.0,14,15.0,0.0,1.0
CDK_Depict_28_88,C1=NN(N=N1)C(=O)N2N=CN=N2,CCNC(=O)N1N=cn=N1,O=C(n1ncnn1)n1ncnn1,,True,False,False,False,0.0,13,12.0,2.0,0.0
CDK_Depict_28_90,C1CC(=C(C1)N=C=S)CCl,*CC1=C(N=C=S)CCC1,S=C=NC1=C(CCl)CCC1,*CC1=C(N=C=S)CCC1,True,True,False,False,0.6551724137931034,8,10.0,1.0,0.0
CDK_Depict_28_93,CN=C1N(C(=S)N(C(=S)N1C)C)C,CN=C1N(C)C(=S)N(C)C(=S)N1C,CN=c1n(C)c(=S)n(C)c(=S)n1C,CN=c1n(C)c(=S)n(C)c(=S)n1C,True,True,True,True,1.0,8,13.0,1.0,0.0
CDK_Depict_28_94,C1(=NN=NO1)S(=O)(=O)C(Br)(Br)Br,C/C=N\[V][V]O.O=[SH](=O)[W],O=S(=O)(c1nnno1)C(Br)(Br)Br,C/C=[N]\[V][V][OH].O=[SH](=O)[W],True,True,False,False,0.023255813953488372,25,12.0,1.0,0.0
CDK_Depict_28_95,S1SSSSSS1,S1SSSSS1,s1ssssss1,S1SSSSS1,True,True,False,False,0.2,1,7.0,1.0,0.0
CDK_Depict_28_96,CC/C(=C\1/C[C@H]2[C@H](O2)C[C@@H]([C@@H](O1)C/C=C\C#C)Cl)/Br,[H][C@@]12C[C@@H](Cl)[C@@H](C/C=C\C#C)OC(=C([Br-])CC)C[C@H]1O2,C#C/C=C\C[C@@H]1O/C(=C(/Br)CC)C[C@@H]2O[C@@H]2C[C@@H]1Cl,,True,False,False,False,0.0,45,19.0,2.0,4.0
CDK_Depict_28_97,CN1C(=O)NS(=O)(=O)NC1=S,O=C1[N-]C(=S)NS(=O)(=O)N1,CN1C(=O)NS(=O)(=O)NC1=S,O=C1[N-]C(=S)NS(=O)(=O)N1,True,True,False,False,0.36666666666666664,10,11.0,1.0,0.0
CDK_Depict_28_98,CC(N=C=O)OSOC(C)N=C=O,CC(N=C=O)OSSC(C)N=C=O,CC(N=C=O)OSOC(C)N=C=O,CC(N=C=O)OSSC(C)N=C=O,True,True,False,False,0.5925925925925926,1,13.0,0.0,2.0
CDK_Depict_28_99,OOOS(=O)OS(=O)OOO,O=S(OoO)OS(=O)OOO,O=S(OOO)OS(=O)OOO,,True,False,False,False,0.0,4,11.0,0.0,2.0
CDK_Depict_28_100,C1[C@@H]2C=C[C@H]1[C@@]3([C@]2(C(=NC3(Cl)Cl)Cl)Cl)Cl,ClC1=NC(Cl)(Cl)[C@]2(Cl)[C@@H]3C=C[C@@H](C3)[C@]12Cl,ClC1=NC(Cl)(Cl)[C@]2(Cl)[C@@H]3C=C[C@@H](C3)[C@]12Cl,ClC1=NC(Cl)(Cl)[C@]2(Cl)[C@@H]3C=C[C@@H](C3)[C@]12Cl,True,True,True,True,1.0,38,15.0,3.0,4.0
CDK_Depict_28_101,C1(=O)SOS1,O=c1SOS1,O=c1sos1,O=c1sos1,True,True,True,True,1.0,5,5.0,1.0,0.0
CDK_Depict_28_102,B1(N(N=NN1C)C)Cl,C[n-]1[n-][n-][n-]s1Cl,CN1N=NN(C)B1Cl,,True,False,False,False,0.0,19,8.0,1.0,0.0
CDK_Depict_28_103,CC(=O)OI(C1=CSC=C1)OC(=O)C,CC(=O)C[IH](OC(C)=O)c1ccsc1,CC(=O)OI(OC(C)=O)c1ccsc1,CC(=O)C[IH](OC(C)=O)c1ccsc1,True,True,False,False,0.3902439024390244,17,14.0,1.0,0.0
CDK_Depict_28_104,N(F)(S(=O)(=O)F)S(=O)(=O)F,O=S(=O)(F)N(F)S(=O)(=O)[K],O=S(=O)(F)N(F)S(=O)(=O)F,O=S(=O)(F)N(F)[S](=O)(=O)[K],True,True,False,False,0.625,12,10.0,0.0,0.0
CDK_Depict_28_105,C(N(C(Cl)Cl)C(Cl)Cl)(Cl)Cl,CC(Cl)N(C(Cl)Cl)C(Cl)Cl,ClC(Cl)N(C(Cl)Cl)C(Cl)Cl,CC(Cl)N(C(Cl)Cl)C(Cl)Cl,True,True,False,False,0.5384615384615384,7,10.0,0.0,0.0
CDK_Depict_28_106,CCSC(C[C@@H]1[C@@H]2CC[C@@H](C2)[C@H]1/C=C/CCCC(=O)OC)SCC,[H][C@]12CC[C@](C)(C1)[C@@H](CC(SCC)SCC)[C@H]2/C=C/CCCC(=O)SC,CCSC(C[C@@H]1[C@@H]2CC[C@@H](C2)[C@H]1/C=C/CCCC(=O)OC)SCC,CCSC(C[C@H]1[C@@H](/C=C/CCCC(=O)SC)[C@H]2CC[C@]1(C)C2)SCC,True,True,False,False,0.46875,30,24.0,2.0,4.0
CDK_Depict_28_107,C[C@@H]1C[C@@H]2[C@H]([C@@H]([C@]3([C@H]1CCC3=O)C)O)C(=C)C(=O)O2,C[C@H]1[C@@]2(C)CCC(=O)[C@]2(CC2)[C@H](O)[C@]2([H])C(C(O[C@]2([H])C1)=O)=C,C=C1C(=O)O[C@@H]2C[C@@H](C)[C@@H]3CCC(=O)[C@@]3(C)[C@@H](O)[C@H]12,,True,False,False,False,0.0,41,19.0,3.0,6.0
CDK_Depict_28_108,CC(C)/C=N/[S@@](=O)C(C)(C)C,CCC[S@](=O)CC,CC(C)/C=N/[S@@](=O)C(C)(C)C,CCC[S@](=O)CC,True,True,False,False,0.13333333333333333,14,11.0,0.0,1.0
CDK_Depict_28_109,C(C(F)(F)F)N=S(=O)(C(F)F)OF,O=[SH](*CC(F)(F)F)(OF)C(F)F,O=S(=NCC(F)(F)F)(OF)C(F)F,O=[SH](*CC(F)(F)F)(OF)C(F)F,True,True,False,False,0.2972972972972973,17,13.0,0.0,1.0
CDK_Depict_28_111,C[C@H]1CCCC[C@H]1O,CC1CCCC1.CO,C[C@H]1CCCC[C@H]1O,CC1CCCC1.CO,True,True,False,False,0.42105263157894735,10,8.0,1.0,2.0
CDK_Depict_28_112,CSC(=C(C#N)N)SC,CSC(SC)=C(N)C#N,CSC(SC)=C(N)C#N,CSC(SC)=C(N)C#N,True,True,True,True,1.0,8,9.0,0.0,0.0
CDK_Depict_28_114,C[C@H]1[C@@H]([C@@](C1=O)(C)OC)C,CC(C)=O,CO[C@@]1(C)C(=O)[C@@H](C)[C@@H]1C,CC(C)=O,True,True,False,False,0.08333333333333333,26,10.0,1.0,3.0
CDK_Depict_28_115,CC[C@@H]1[C@H](C[C@H]2[C@H](O2)C[C@@H](O1)[C@H]([C@@H](/C=C\C#C)Cl)O)Br,C#C/C=C\[C@@H](C)[C@H](O)C(C)(O)CC1(C)O[C@@H]1C[C@@H](O)C(C)C,C#C/C=C\[C@@H](Cl)[C@H](O)[C@H]1C[C@H]2O[C@H]2C[C@H](Br)[C@@H](CC)O1,C#C/C=C\[C@@H](C)[C@H](O)C(C)(O)CC1(C)O[C@@H]1C[C@@H](O)C(C)C,True,True,False,False,0.2463768115942029,39,20.0,2.0,7.0
CDK_Depict_28_116,C=COP1NP=NPN1Cl,ClN1PNp[nH]P1,C=COp1[nH]pn[pH]n1Cl,,True,False,False,False,0.0,12,10.0,1.0,3.0
CDK_Depict_28_117,C1=C(C=NN1S(=O)(=O)C(F)(F)F)I,O=S(=O)(N1CCcn1)C(F)(F)F,O=S(=O)(n1cc(I)cn1)C(F)(F)F,O=S(=O)(N1CCC=N1)C(F)(F)F,True,True,False,False,0.3157894736842105,17,13.0,1.0,0.0
CDK_Depict_28_118,O=S(=O)=S(=O)=S(=O)=S(=O)=O,O=s(=O)s(o)s(o)s(o)o,O=S(=O)=S(=O)=S(=O)=S(=O)=O,,True,False,False,False,0.0,15,10.0,0.0,0.0
CDK_Depict_28_119,C[C@H]1C[C@H]2CCCC[C@@H]2C(=O)O1,[H][C@@]12CCCCC1(C)C(=O)O[C@@H](C)C2,C[C@H]1C[C@H]2CCCC[C@@H]2C(=O)O1,C[C@H]1C[C@@H]2CCCCC2(C)C(=O)O1,True,True,False,False,0.38461538461538464,22,12.0,2.0,3.0
CDK_Depict_28_120,C(C(O)Cl)C(F)(Cl)Cl,CCC(C)O,OC(Cl)CC(F)(Cl)Cl,CCC(C)O,True,True,False,False,0.18181818181818182,13,8.0,0.0,1.0
CDK_Depict_28_121,C([C@@H]1[C@H]([C@@H]([C@H]([C@H](O1)O[C@@H]2[C@@H]([C@H]([C@@H]([C@H](O2)CO)O)O)O)O)O)O)O,OC[C@H]1O[C@H](O[C@H]2O[C@H](CO)[C@@H](O)C(O)(O)[C@H]2O)[C@H](O)C(O)(O)[C@@H]1O,OC[C@H]1O[C@H](O[C@H]2O[C@H](CO)[C@@H](O)[C@H](O)[C@H]2O)[C@H](O)[C@@H](O)[C@@H]1O,OC[C@H]1O[C@H](O[C@H]2O[C@H](CO)[C@@H](O)C(O)(O)[C@H]2O)[C@H](O)C(O)(O)[C@@H]1O,True,True,False,False,0.5,44,23.0,2.0,10.0
CDK_Depict_28_122,CN(C)C=C(C(=O)Br)C(=O)Br,CN(C)CCCO.[2HH],CN(C)C=C(C(=O)Br)C(=O)Br,CN(C)CCCO.[2HH],True,True,False,False,0.14285714285714285,15,11.0,0.0,0.0
CDK_Depict_28_123,C[C@]12CC[C@H]3[C@H]([C@@H]1CC[C@]2(C)O)CC[C@@H]4[C@@]3(CC5=C(C4)NN=C5)C,C[C@]12[C@@]3(C)CC[C@]4([H])CC5=C(C=N)C[C@]4(C)[C@@H]3CC[C@]1(CN)[C@@](C)(O)CCC2,C[C@]12Cc3cn[nH]c3C[C@@H]1CC[C@@H]1[C@@H]2CC[C@@]2(C)[C@H]1CC[C@]2(C)O,,True,False,False,False,0.0,44,24.0,5.0,7.0
CDK_Depict_28_124,C(CCl)SSC(=C(Cl)Cl)Cl,ClCCSSC(Cl)Cl,ClCCSSC(Cl)=C(Cl)Cl,ClCCSSC(Cl)Cl,True,True,False,False,0.36,9,10.0,0.0,0.0
CDK_Depict_28_125,CC=[S-](=CC)C(=S)C(=O)S,CC=[SH](=CC)C(=S)C(=O)S,CC=[S-](=CC)C(=S)C(=O)S,CC=[SH](=CC)C(=S)C(=O)S,True,True,False,False,0.4074074074074074,1,10.0,0.0,0.0
CDK_Depict_28_126,B1=NN=CC2=CC=CC=C21,[2H]1=nncc2ccccc21,b1nncc2ccccc12,,True,False,False,False,0.0,16,10.0,2.0,0.0
CDK_Depict_28_128,[Mg]=[Hg],O[Mo+],[Mg]=[Hg],[OH][Mo+],True,True,False,False,0.0,7,2.0,0.0,0.0
CDK_Depict_28_129,C1[C@@H]([C@H](O[C@H]1N2C=C(C(=O)NC2=O)F)CO)O,C1[C@@H]2O[C@@H](N3C(=O)NC(=O)C(F)=C3)C[C@@H]2O,O=c1[nH]c(=O)n([C@H]2C[C@H](O)[C@@H](CO)O2)cc1F,,True,False,False,False,0.0,26,17.0,2.0,3.0
CDK_Depict_28_130,C1CC2C(CCC(C1C3=NC=CN3)S2)C4=NC=CN4,C1=CNc(C2CCC3CCCC2S3)N1.CN,c1c[nH]c(C2CCC3SC2CCC3c2ncc[nH]2)n1,C1=CNC(C2CCC3CCCC2S3)N1.CN,True,True,False,False,0.1702127659574468,19,19.0,4.0,4.0
CDK_Depict_28_131,CC/C(=C/1\[C@H]2[C@@H]([C@H]3C[C@H]([C@@H]2O3)O1)[C@@H](/C=C/C#C)Cl)/Br,[H][C@]12CC[C@]3(O)CO[C@]1(C)[C@@](C)(/C(=C\CC)O2)[C@]3(C)[C@H](C)/C=C/C#C,C#C/C=C/[C@@H](Cl)[C@H]1[C@@H]2/C(=C(/Br)CC)O[C@@H]3C[C@H]1O[C@H]23,C#C/C=C/[C@@H](C)[C@]1(C)[C@]2(O)CC[C@@H]3O/C(=C/CC)[C@]1(C)[C@@]3(C)OC2,True,True,False,False,0.24358974358974358,52,19.0,3.0,6.0
CDK_Depict_28_132,CN(C)P(N(C)C)SP(N(C)C)N(C)C,CN(C)*(SP(N(C)C)N(C)C)N(C)C,CN(C)P(SP(N(C)C)N(C)C)N(C)C,CN(C)*(SP(N(C)C)N(C)C)N(C)C,True,True,False,False,0.42105263157894735,6,15.0,0.0,0.0
CDK_Depict_28_135,CC1=CC[C@@H](CC1=O)C(=C)C,C=C(C)[C@H]1Ccc(C)c(=O)C1,C=C(C)[C@H]1CC=C(C)C(=O)C1,C=C(C)[C@H]1CC=C(C)C(=O)C1,True,True,True,True,1.0,13,11.0,1.0,1.0
CDK_Depict_28_136,[2H]C(=S)N[2H],*NC([2H])=S,[2H]NC([2H])=S,*NC([2H])=S,True,True,False,False,0.3125,11,5.0,0.0,0.0
CDK_Depict_28_137,CC(=O)/C(=N/O)/S(=O)C,CC(=O)/C(=N\O)S(C)=O,CC(=O)/C(=N/O)S(C)=O,CC(=O)/C(=N\O)S(C)=O,True,True,False,True,1.0,6,9.0,0.0,1.0
CDK_Depict_28_138,CN(C)C1=CC(=S)SS1,CN(C)C1=CC(=S)SS1,CN(C)c1cc(=S)ss1,CN(C)c1cc(=S)ss1,True,True,True,True,1.0,0,9.0,1.0,0.0
CDK_Depict_28_139,CC(CNC(=O)SC)CNC(=O)SN,*SC(=O)NCC(C)CNC(=O)SC,CSC(=O)NCC(C)CNC(=O)SN,*SC(=O)NCC(C)CNC(=O)SC,True,True,False,False,0.6666666666666666,10,14.0,0.0,1.0
CDK_Depict_28_140,C1C[C@@H](O[C@@H]1CO)N2C=CC(=NC2=O)N,C1[C@@H](C#NC(=O)Nc([H2V])ccCC(=O)NCCCC([H2V])=NC(=O)CCCCCCCC1)O[C@H](CO)C1,Nc1ccn([C@H]2CC[C@@H](CO)O2)c(=O)n1,,True,False,False,False,0.0,51,15.0,2.0,2.0
CDK_Depict_28_141,CC[C@@H](C)NC[C@H](C1=CC2=C(CCCC2)C=C1)O,CC1=CCc2c(c1)CCCC2.CCC1(C)CC1,CC[C@@H](C)NC[C@@H](O)c1ccc2c(c1)CCCC2,,True,False,False,False,0.0,25,18.0,2.0,2.0
CDK_Depict_28_142,C(P(Br)Br)P(Br)Br,*P.C[2H](Br)Br,BrP(Br)CP(Br)Br,,True,False,False,False,0.0,10,7.0,0.0,0.0
CDK_Depict_28_143,CN(C)C(=CC(=S)SC)N(C)C,CSCC=C(N(C)C)N(C)C,CSC(=S)C=C(N(C)C)N(C)C,CSCC=C(N(C)C)N(C)C,True,True,False,False,0.37037037037037035,9,12.0,0.0,0.0
CDK_Depict_28_144,CC(C)[C@H]1CC[C@@]2([C@@H]3[C@H]1[C@H](C2=C)[C@@H]([C@@H]3O)O)C,CCCCCCCCCCCCCCCCCCCCCCCCCCCCCCCCCCCCCCCCCCCCCCCCCCCCCCCCCCCCCCCCCCCCCCCCCCCCCCCCCCCCCCCCCCCCCCCCCCCCCCCCCCCCCCCCCCCCCCCCCCCCCCCC)CCCCCCCCCCCCCCCCCCCCCCCCCCCCCCCCCCCCCCCCCCCCCCCCCCCCCCCCCCCCCCCCCCCCCCCCCCC,C=C1[C@@H]2[C@H](O)[C@H](O)[C@H]3[C@@H]2[C@@H](C(C)C)CC[C@@]13C,,True,False,False,False,0.0,188,17.0,3.0,7.0
CDK_Depict_28_145,S1[Bi]2S[Bi]3S[Bi]1S[Bi](S2)S3,C[Si]1(S)S[Si]2S[(p)][5][(p)](S)S2,[S]1[Bi]2[S][Bi]3[S][Bi]1[S][Bi]([S]2)[S]3,,True,False,False,False,0.0,20,10.0,4.0,0.0
CDK_Depict_28_146,C(C(=S)S)OCC(=S)S,S=C(S)COCC(S)S,S=C(S)COCC(=S)S,S=C(S)COCC(S)S,True,True,False,False,0.6,6,9.0,0.0,0.0
CDK_Depict_28_148,C=C1CC2CC1OO2,C=c1cooc1,C=C1CC2CC1OO2,,True,False,False,False,0.0,9,8.0,2.0,2.0
CDK_Depict_28_150,CC(C)(C)OC(=O)N[C@@H](C1=CC=CC=C1)C2(CCCC2)O,CCCC.CCCCC1(C)CCCC1,CC(C)(C)OC(=O)N[C@@H](c1ccccc1)C1(O)CCCC1,CCCC.CCCCC1(C)CCCC1,True,True,False,False,0.12,29,21.0,2.0,1.0
CDK_Depict_28_152,C[C@]12CC[C@H]3[C@H]([C@@H]1CC[C@@H]2O)CCC4=CC(=O)CC[C@H]34,C=C1C=C2CC[C@@H]3C(C)(CC[C@@]4(C)C(C)(C)CC[C@@]34C)[C@@]2(C)CC1,C[C@]12CC[C@H]3[C@@H](CCC4=CC(=O)CC[C@@H]43)[C@@H]1CC[C@@H]2O,C=C1C=C2CC[C@@H]3C(C)(CC[C@@]4(C)C(C)(C)CC[C@@]34C)[C@@]2(C)CC1,True,True,False,False,0.171875,39,20.0,4.0,6.0
CDK_Depict_28_153,[SiH3][Si]1=[Si]([Si+]1[SiH3])[SiH3],[SiH3][SiH]1[SiH]([SiH3])=[SiH]1[SiH3],[SiH3][si]1[si]([SiH3])[si+]1[SiH3],,True,False,False,False,0.0,9,,,
CDK_Depict_28_154,CCP(=O)(CC)C1SCSCS1,CC[SH](=O)(CC)c1SCSCS1,CCP(=O)(CC)C1SCSCS1,CC[SH](=O)(CC)C1SCSCS1,True,True,False,False,0.4,5,12.0,1.0,0.0
CDK_Depict_28_155,B1(SB(SB(S1)Br)Br)Br,*b1*b(*)SbS1,BrB1SB(Br)SB(Br)S1,*B1*B(*)SBS1,True,True,False,False,0.1,18,9.0,1.0,0.0
CDK_Depict_28_156,C1=NC(=NC(=O)N1[C@H]2[C@@H]([C@@H]([C@H](O2)CO)O)O)N,C1[C@H](N2C(=O)N=C(N)[n]c2)[C@H](O)[C@@H](O)[C@H](CO)O[C@@H]1C2,Nc1ncn([C@@H]2O[C@H](CO)[C@@H](O)[C@H]2O)c(=O)n1,,True,False,False,False,0.0,32,17.0,2.0,4.0
CDK_Depict_28_157,CSP(=N)(N)F,[16H]=P(F)([W])SC,CSP(=N)(N)F,,True,False,False,False,0.0,13,6.0,0.0,1.0
CDK_Depict_28_158,C1=CC(=CC(=C1)O)N2C=NN=C2,CCCCCCCCCCCCCCCCCCCCCCCCCCCCCCCCCCCCCCCCCCCCCCCCCCCCCCCCCCCCCCCCCCCCCCCCCCCCCCCCCCCCCCCCCCCCCCCCCCCCCCCCCCCCCCC)CCCCCCCCCCCCCCCCCCCCCCCCCCCCCCCCCCCCCCCCCCCCCCCCCCCCCCCC,Oc1cccc(-n2cnnc2)c1,,True,False,False,False,0.0,159,12.0,2.0,0.0
CDK_Depict_28_159,C(Cl)[Sn]#CCl,ClC#[Sn]CCl,Cl[C]#[Sn][CH2]Cl,Cl[C]#[Sn][CH2]Cl,True,True,True,True,1.0,4,5.0,0.0,0.0
CDK_Depict_28_160,C/C=C/[C@H]([C@H]1C=C(C(=O)O1)Cl)O,CCC[C@@H](O)[C@@]1(C)C=C(Cl)C(=O)O1,C/C=C/[C@@H](O)[C@H]1C=C(Cl)C(=O)O1,CCC[C@@H](O)[C@@]1(C)C=C(Cl)C(=O)O1,True,True,False,False,0.2765957446808511,18,12.0,1.0,2.0
CDK_Depict_28_161,C1(N(N1F)F)(N(F)F)F,FCN(F)NF.NF,FN(F)C1(F)N(F)N1F,FCN(F)NF.NF,True,True,False,False,0.12,12,9.0,1.0,3.0
CDK_Depict_28_165,C1[C@H]([C@@H]1C(=O)Cl)C2=CC=CC=C2,O=C(Cl)[C@H]1C[C@H]1c1ccccc1,O=C(Cl)[C@@H]1C[C@H]1c1ccccc1,O=C(Cl)[C@H]1C[C@H]1c1ccccc1,True,True,False,True,1.0,25,12.0,2.0,2.0
CDK_Depict_28_166,CN(C)C1=PC(P1C(F)(F)F)(F)F,CN(C)c1PC(F)(F)P1F,CN(C)C1=PC(F)(F)P1C(F)(F)F,CN(C)C1PC(F)(F)P1F,True,True,False,False,0.22857142857142856,11,13.0,1.0,2.0
CDK_Depict_28_169,CC(C)[C@@H]1C[C@H]2COC(=O)[C@]2(C=C1)C,CCCC.CCCOC(=O)C(C)C,CC(C)[C@H]1C=C[C@]2(C)C(=O)OC[C@@H]2C1,CCCC.CCCOC(=O)C(C)C,True,True,False,False,0.0851063829787234,20,14.0,2.0,3.0
CDK_Depict_28_170,C1=CC(=S=O)C=CC1=S=O,O=S=C1ccc(=S=O)cc1,O=S=C1C=CC(=S=O)C=C1,O=S=C1C=CC(=S=O)C=C1,True,True,True,True,1.0,15,10.0,1.0,0.0
CDK_Depict_28_171,CN=[P+](OI)I,[3H]/[P+](=N\C)OI,CN=[P+](I)OI,[3H]/[P+](=N\C)OI,True,True,False,False,0.2608695652173913,10,6.0,0.0,1.0
CDK_Depict_28_172,CC1([C@@H]2CC[C@]1(C2)CO)C,CC12CCC[C@]1(CO)C2,CC1(C)[C@@H]2CC[C@@]1(CO)C2,CC12CCC[C@]1(CO)C2,True,True,False,False,0.41379310344827586,11,10.0,3.0,2.0
CDK_Depict_28_173,C1CSC(C(S1)Br)Br,[S-]C1SCCSC1Br,BrC1SCCSC1Br,[S-]C1SCCSC1Br,True,True,False,False,0.5882352941176471,11,8.0,1.0,2.0
CDK_Depict_28_174,C1=CN=C(C2=C1N(C=N2)[C@H]3[C@@H]([C@@H]([C@H](O3)CO)O)O)N,C[C@@H]1O[C@@H](CO)[C@@H](O)[C@H]1O,Nc1nccc2c1ncn2[C@@H]1O[C@H](CO)[C@@H](O)[C@H]1O,C[C@@H]1O[C@@H](CO)[C@@H](O)[C@H]1O,True,True,False,False,0.2826086956521739,37,19.0,3.0,4.0
CDK_Depict_28_175,CC1(CS[C@@H]2[C@H]1CCC2)C,CC.CCCCCC,CC1(C)CS[C@H]2CCC[C@H]21,CC.CCCCCC,True,True,False,False,0.03571428571428571,17,10.0,2.0,2.0
CDK_Depict_28_176,CC1(O[C@H]2[C@@H](C[C@@H]([C@H]2O1)COC(=O)C(C)(C)C)CO)C,CC(=O)COC1C[C@@H]2C[C@@H]3C[C@@H](CO)[C@@H](N)[C@@H](OC(C)(C)C)[C@H](C3)C1,CC1(C)O[C@@H]2[C@@H](COC(=O)C(C)(C)C)C[C@@H](CO)[C@@H]2O1,,True,False,False,False,0.0,33,20.0,2.0,4.0
CDK_Depict_28_177,CCOC(=O)C1=NO[C@@H](C1)[C@H]2COC3(O2)CCCCC3,[H][C@@]1([C@@]2(C)CC(C(=O)OC)CO2)COC2(CCCCC2)O1,CCOC(=O)C1=NO[C@H]([C@H]2COC3(CCCCC3)O2)C1,COC(=O)C1CO[C@@](C)([C@@H]2COC3(CCCCC3)O2)C1,True,True,False,False,0.32786885245901637,33,20.0,3.0,2.0
CDK_Depict_28_178,CC1[C@@H]2CC[C@]3(C=CC(=O)C(=C3[C@H]2OC1=O)C)C,CC1C(=O)C=C[C@@]2(C)C=1[C@@H]1OC(=O)C[C@@H](C)CC2,CC1=C2[C@H]3OC(=O)C(C)[C@@H]3CC[C@@]2(C)C=CC1=O,,True,False,False,False,0.0,30,18.0,3.0,4.0
CDK_Depict_28_179,C1CSC#CSCSC#CSC1,C1#CSCSC#CSCCCS1,C1#CSCSC#CSCCCS1,C1#CSCSC#CSCCCS1,True,True,True,True,1.0,5,12.0,1.0,0.0
CDK_Depict_28_180,CCN[C@H]1CCCC2=C(C=CC(=C12)Cl)OC,CCN[C@H]1CCCC2=C(OC)C=CC(Cl)=C21,CCN[C@H]1CCCc2c(OC)ccc(Cl)c21,CCN[C@H]1CCCc2c(OC)ccc(Cl)c21,True,True,True,True,1.0,10,16.0,2.0,1.0
CDK_Depict_28_181,CC(C)[C@@]1(CC[C@]([C@H]1/C=C/C(=O)C)(C)CC=O)O,CC(=O)/C=C\[C@H]1[C@@](I)(CC=O)CC[C@@]1(O)C(C)C,CC(=O)/C=C/[C@@H]1[C@@](C)(CC=O)CC[C@@]1(O)C(C)C,CC(=O)/C=C\[C@H]1[C@@](I)(CC=O)CC[C@@]1(O)C(C)C,True,True,False,False,0.6976744186046512,30,18.0,1.0,3.0
CDK_Depict_28_182,COC(=O)[C@@H]1[C@H](CN2[C@@]1(CCC2)C(=O)OC)C3=CC=CC=C3,COC(=O)[C@@H]1N(C[C@@H](C2ccccc2)[C@H]1C(=O)OC)CCC2,COC(=O)[C@@H]1[C@@H](c2ccccc2)CN2CCC[C@]12C(=O)OC,,True,False,False,False,0.0,25,22.0,3.0,3.0
CDK_Depict_28_183,COC(=O)[C@@H]1C[C@](CN1CC2=CC=CC=C2)(C(=O)OC)N,COC(=O)[C@H]1C[C@](N)(C(=O)OC)CN1Cc1ccccc1,COC(=O)[C@@H]1C[C@@](N)(C(=O)OC)CN1Cc1ccccc1,COC(=O)[C@H]1C[C@](N)(C(=O)OC)CN1Cc1ccccc1,True,True,False,True,1.0,21,21.0,2.0,2.0
CDK_Depict_28_184,CC1=CC(=O)O[C@]2(C1)CC3CCC2CN3C,Cc1cc(=O)O[C@@](C1)(CC1CCC1)OC(=O)C1,CC1=CC(=O)O[C@]2(C1)CC1CCC2CN1C,,True,False,False,False,0.0,16,16.0,4.0,3.0
CDK_Depict_28_185,CC(C)P(=C(Cl)Cl)(N(C)C)Cl,CC(C)P(Cl)(=C(Cl)Cl)N(C)C,CC(C)P(Cl)(=C(Cl)Cl)N(C)C,CC(C)P(Cl)(=C(Cl)Cl)N(C)C,True,True,True,True,1.0,8,11.0,0.0,1.0
CDK_Depict_28_186,CC=[Sn]=CC,CC=C=[Co]=CC,C[CH]=[Sn]=[CH]C,CC=[C]=[Co]=[CH]C,True,True,False,False,0.16666666666666666,4,5.0,0.0,0.0
CDK_Depict_28_189,C[Sn](C)(C)N(N([Sn](C)(C)C)[Sn](C)(C)C)[Sn](C)(C)C,C*(C)(C)C.C*(C)C.C*(C)C,[CH3][Sn]([CH3])([CH3])[N]([N]([Sn]([CH3])([CH3])[CH3])[Sn]([CH3])([CH3])[CH3])[Sn]([CH3])([CH3])[CH3],C*(C)(C)C.C*(C)C.C*(C)C,True,True,False,False,0.07142857142857142,32,18.0,0.0,0.0
CDK_Depict_28_190,CC(=O)I(C#N)[Si](C)(C)C,CC#N.C[Si](C)(C)C,CC(=O)I(C#N)[Si](C)(C)C,CC#N.C[Si](C)(C)C,True,True,False,False,0.2727272727272727,9,10.0,0.0,0.0
CDK_Depict_28_191,[B-](C1=NN=CN=[N+]1C)C2=NN=CN=[N+]2C,C[n+]1ncn[nH]C1[2H]c1nncn[n+]1C,C[n+]1ncnnc1[B-]c1nncn[n+]1C,,True,False,False,False,0.0,27,15.0,2.0,0.0
CDK_Depict_28_192,C1=[As]C=P[P-]1,*1=C[p-]Pc1,C1=P[P-]C=[As]1,*1=C[P-]PC1,True,True,False,False,0.07407407407407407,10,5.0,1.0,3.0
CDK_Depict_28_193,C1[Si](C[Si]1(Br)Br)Br,[18F][Si]1C[Si](Br)(Br)C1,Br[Si]1C[Si](Br)(Br)C1,[18F][Si]1C[Si](Br)(Br)C1,True,True,False,False,0.47058823529411764,9,7.0,1.0,0.0
CDK_Depict_28_194,[N-]=[N+]=NS(=O)(=O)S(=O)(=O)N=[N+]=[N-],[N-]=[N+]=NS(=O)(=O)S(=O)(=O)N=[N+]=[N-],[N-]=[N+]=NS(=O)(=O)S(=O)(=O)N=[N+]=[N-],[N-]=[N+]=NS(=O)(=O)S(=O)(=O)N=[N+]=[N-],True,True,True,True,1.0,0,12.0,0.0,0.0
CDK_Depict_28_195,CCC[Si]=[S-](=[Si]CCC)C,CCC[Si]=[Si](C)=[Si]CCC,CCC[Si]=[S-](C)=[Si]CCC,,True,False,False,False,0.0,5,10.0,0.0,0.0
CDK_Depict_28_196,C(=[Si](F)F)(F)F,FC(F)=[Si](F)F,FC(F)=[Si](F)F,FC(F)=[Si](F)F,True,True,True,True,1.0,8,6.0,0.0,0.0
CDK_Depict_28_197,C(=C(OF)OF)(OF)OF,[3H]OC(=COF)O[3H],FOC(OF)=C(OF)OF,[3H]OC(=COF)O[3H],True,True,False,False,0.21052631578947367,13,10.0,0.0,0.0
CDK_Depict_28_198,Br[Re](#[Re](Br)Br)Br,*[7Ce](*)#[Ne]p,[Br][Re]([Br])#[Re]([Br])[Br],,True,False,False,False,0.0,16,6.0,0.0,0.0
CDK_Depict_28_199,CO[Si](CS)(CS)OC,*C[Si](CS)(OC)OC,CO[Si](CS)(CS)OC,*C[Si](CS)(OC)OC,True,True,False,False,0.6666666666666666,4,9.0,0.0,0.0
CDK_Depict_28_200,C1=NSPOP1,C1[nH]OPS[nH]1,c1ns[pH]o[pH]1,C1NOPSN1,True,True,False,False,0.0967741935483871,9,6.0,1.0,2.0
CDK_Depict_29_1,C(=O)(N)O[Se](OC(=O)N)(OC(=O)N)OC(=O)N,NC(=O)O[Se](OC(N)=O)(OC(N)=O)OC(N)=O,NC(=O)O[Se](OC(N)=O)(OC(N)=O)OC(N)=O,NC(=O)O[Se](OC(N)=O)(OC(N)=O)OC(N)=O,True,True,True,True,1.0,16,17.0,0.0,0.0
CDK_Depict_29_2,[C-]#[N+][Si][N+]#[C-],[C-]#[N+][Si]=[N+]#[C-],[C-]#[N+][Si][N+]#[C-],,True,False,False,False,0.0,1,5.0,0.0,0.0
CDK_Depict_29_3,F[Xe](F)(F)(F)(F)F,F[Xe-2](F)(F)F,F[Xe](F)(F)(F)(F)F,F[Xe-2](F)(F)F,True,True,False,False,0.14285714285714285,7,7.0,0.0,0.0
CDK_Depict_29_5,C[Sn](C)Cl,C[S-](=O)(=O)(=O)(=O)=O,[CH3][Sn]([CH3])[Cl],,True,False,False,False,0.0,17,4.0,0.0,0.0
CDK_Depict_29_6,C(#C[As](C#CC(F)(F)F)C#CC(F)(F)F)C(F)(F)F,CC#CC(F)(F)F.CC#CC(F)(F)F.F.F.F.FC(F)F,FC(F)(F)C#C[As](C#CC(F)(F)F)C#CC(F)(F)F,CC#CC(F)(F)F.CC#CC(F)(F)F.F.F.F.FC(F)F,True,True,False,False,0.3181818181818182,18,19.0,0.0,0.0
CDK_Depict_29_7,Br[U](Br)(Br)(Br)Br,Br[Cu](Br)(Br)(Br)Br,[Br][U]([Br])([Br])([Br])[Br],[Br][Cu]([Br])([Br])([Br])[Br],True,True,False,False,0.14285714285714285,2,6.0,0.0,0.0
CDK_Depict_29_8,C[Sn]1(OCCNCCO1)Cl,C1CO[S+]2(C)OCCN1CC1,[CH3][Sn]1([Cl])[O]CCNCC[O]1,,True,False,False,False,0.0,11,10.0,1.0,0.0
CDK_Depict_29_9,C=P(=C=C=C=P)F,F[PH]=C=C=C=[14P],C=P(F)=C=C=C=P,F[PH]=C=C=C=[14P],True,True,False,False,0.1111111111111111,9,7.0,0.0,1.0
CDK_Depict_29_10,[B-](=NC#CC)(C#CC)C#CC,CC#C[SH](CC)N=CC,CC#CN=[B-](C#CC)C#CC,CC#C[SH](CC)N=CC,True,True,False,False,0.15625,14,11.0,0.0,0.0
CDK_Depict_29_11,CCN(CC)[As](N(CC)CC)Cl,*[As](N(C)CC)N(CC)CC,CCN(CC)[As](Cl)N(CC)CC,*[As](N(C)CC)N(CC)CC,True,True,False,False,0.38095238095238093,12,12.0,0.0,0.0
CDK_Depict_29_13,CN1C(=C)N(C1=C)N,*N1CN(C)C1,C=c1n(C)c(=C)n1N,*N1CN(C)C1,True,True,False,False,0.13043478260869565,9,8.0,1.0,0.0
CDK_Depict_29_14,CP(=[Pd]=P(C)(C)C)(C)C,C[PH](C)=[Pd]=P(C)(C)C,C[P](C)(C)=[Pd]=[P](C)(C)C,C[PH](C)=[Pd]=[P](C)(C)C,True,True,False,False,0.3333333333333333,10,9.0,0.0,0.0
CDK_Depict_29_15,FS(Cl)(Br)I,Cl[SH-](Br)I,FS(Cl)(Br)I,Cl[SH-](Br)I,True,True,False,False,0.2,7,5.0,0.0,1.0
CDK_Depict_29_16,B1=CC=BN=N1,C1=nnnsc1,b1ccbnn1,,True,False,False,False,0.0,8,6.0,1.0,0.0
CDK_Depict_29_17,N1=[SiH]N=[S+]N=[SiH]N=[S+]1,C1N#[S+]#[N+][SiH2][N-]=[S+]=N[SiH2]1,N1=[SiH]N=[S+]N=[SiH]N=[S+]1,,True,False,False,False,0.0,22,8.0,1.0,0.0
CDK_Depict_29_18,C[Sb](C=C)(C=C)(C=C)I,C=CC.C=CC,C=[CH][Sb]([CH3])([I])([CH]=C)[CH]=C,C=CC.C=CC,True,True,False,False,0.2857142857142857,14,9.0,0.0,0.0
CDK_Depict_29_19,F[Si](Cl)(Br)Br,CC#C[Si-](F)(F)Br,F[Si](Cl)(Br)Br,CC#C[Si-](F)(F)Br,True,True,False,False,0.1,9,5.0,0.0,0.0
CDK_Depict_29_20,C1C=C(N=CC1=CBr)Cl,Clc1cCC(=CBr)cc1,ClC1=CCC(=CBr)C=N1,ClC1=CCC(=CBr)C=C1,True,True,False,False,0.4666666666666667,11,9.0,1.0,0.0
CDK_Depict_29_21,COCO[Sb](OCOC)(OCOC)(OCOC)OCOC,COCO[Sb](OCOC)(OCOC)(OCOC)OCOC,COC[O][Sb]([O]COC)([O]COC)([O]COC)[O]COC,COC[O][Sb]([O]COC)([O]COC)([O]COC)[O]COC,True,True,True,True,1.0,0,21.0,0.0,0.0
CDK_Depict_29_22,CNSN(C)SNC,C[NH2+]SN(C)S[NH2+]C,CNSN(C)SNC,C[NH2+]SN(C)S[NH2+]C,True,True,False,False,0.2631578947368421,10,8.0,0.0,0.0
CDK_Depict_29_23,CC[I+](CC)(CC)(CC)(Br)Br,CC.CC.CC[IH+](C)C,CC[I+](Br)(Br)(CC)(CC)CC,CC.CC.CC[IH+](C)C,True,True,False,False,0.1875,16,11.0,0.0,0.0
CDK_Depict_29_24,C1(N(N1F)F)(F)F,FN1N(F)C1(F)F,FN1N(F)C1(F)F,FN1N(F)C1(F)F,True,True,True,True,1.0,7,7.0,1.0,2.0
CDK_Depict_29_25,O=[U](=O)O[U](=O)(=O)O[U](=O)=O,O=[U](=O)O[U](=O)(=O)O[U](=O)=O,[O]=[U](=[O])[O][U](=[O])(=[O])[O][U](=[O])=[O],[O]=[U](=[O])[O][U](=[O])(=[O])[O][U](=[O])=[O],True,True,True,True,1.0,0,11.0,0.0,0.0
CDK_Depict_29_26,C1=C[Se][Se](=O)C=C1,O=[Se]1cccc[Se]1,O=[Se]1C=CC=C[Se]1,O=[Se]1C=CC=C[Se]1,True,True,True,True,1.0,14,7.0,1.0,1.0
CDK_Depict_29_27,CNSC1=NC=CN=C1Cl,C#Cc1nCC=Nc1S[NH2+]C,CNSc1nccnc1Cl,,True,False,False,False,0.0,15,10.0,1.0,0.0
CDK_Depict_29_28,[2H]P(B([3H])[3H])[Se](=PP)[2H],[2H]P=[Se]([2H])P([2H])B([3H])[3H],[2H]P(B([3H])[3H])[Se]([2H])=PP,[2H]P=[Se]([2H])P([2H])B([3H])[3H],True,True,False,False,0.4166666666666667,18,9.0,0.0,3.0
CDK_Depict_29_29,C(=[N+]=[N-])S(=O)(=O)C=S(=O)=O,[N-]=[N+]=CS(=O)(=O)C=S(=O)=O,[N-]=[N+]=CS(=O)(=O)C=S(=O)=O,[N-]=[N+]=CS(=O)(=O)C=S(=O)=O,True,True,True,True,1.0,7,10.0,0.0,0.0
CDK_Depict_29_30,[3H]C=NN=B[I-]P,[12P][IH]P=NCN=C[133P],[3H]C=NN=B[I-]P,[12P][IH]P=NCN=C[133P],True,True,False,False,0.02631578947368421,13,7.0,0.0,0.0
CDK_Depict_29_31,C(=N[Si](N=C=O)(N=C=O)O[Si](N=C=O)(N=C=O)N=C=O)=O,O=C=N[Si](N=C=O)(N=C=O)O[Si+](N=C=O)(N=C=O)N=C=O,O=C=N[Si](N=C=O)(N=C=O)O[Si](N=C=O)(N=C=O)N=C=O,,True,False,False,False,0.0,7,21.0,0.0,2.0
CDK_Depict_29_32,C(=C(Br)Br)SP(=O)(Br)Br,O=P(Br)(Br)SC=C(Br)Br,O=P(Br)(Br)SC=C(Br)Br,O=P(Br)(Br)SC=C(Br)Br,True,True,True,True,1.0,8,9.0,0.0,0.0
CDK_Depict_29_33,CC1(C=CC=C1)[Bi](C2(C=CC=C2)C)C3(C=CC=C3)C,CC1(C)CCCC1.CCC1(CC2CCCC2)CCCCC1,C[C]1([Bi]([C]2(C)C=CC=C2)[C]2(C)C=CC=C2)C=CC=C1,CC1(C)CCCC1.CCC1(CC2CCCC2)CCCCC1,True,True,False,False,0.11764705882352941,20,19.0,3.0,0.0
CDK_Depict_29_34,CC[Sn](CC)(CC)S[Sn](CC)(CC)CC,CC[Sn](CC)(CC)S[Sn](CC)(CC)CC,C[CH2][Sn]([CH2]C)([CH2]C)[S][Sn]([CH2]C)([CH2]C)[CH2]C,C[CH2][Sn]([CH2]C)([CH2]C)[S][Sn]([CH2]C)([CH2]C)[CH2]C,True,True,True,True,1.0,0,15.0,0.0,0.0
CDK_Depict_29_35,C(F)[Si](CF)(CF)S(=O)(=O)O,O=S(=O)(O)[Si](CF)(CF)CF,O=S(=O)(O)[Si](CF)(CF)CF,O=S(=O)(O)[Si](CF)(CF)CF,True,True,True,True,1.0,18,11.0,0.0,0.0
CDK_Depict_29_36,[Mn](=[Te])=[Te],[Te]=[Mo]=[Te],[Te]=[Mn]=[Te],[Te]=[Mo]=[Te],True,True,False,False,0.14285714285714285,6,3.0,0.0,0.0
CDK_Depict_29_37,O=Br(=O)O[Sn](OBr(=O)=O)(OBr(=O)=O)OBr(=O)=O,O=[N+](=O)O[S+](O[N+](=O)=O)(O[N+](=O)=O)O[N+](=O)=O,[O-][Br+2]([O-])[O][Sn]([O][Br+2]([O-])[O-])([O][Br+2]([O-])[O-])[O][Br+2]([O-])[O-],,True,False,False,False,0.0,17,17.0,0.0,0.0
CDK_Depict_29_38,C1=C[Te]C(=[Se])[Se]1,[se]c1ccc[se]1,[Se]=c1[se]cc[te]1,,True,False,False,False,0.0,14,6.0,1.0,0.0
CDK_Depict_29_39,B1(N(B(N(B(N1Cl)F)Cl)F)Cl)F,FB1NB(F)N(C[U])B(F)N1C[U],FB1N(Cl)B(F)N(Cl)B(F)N1Cl,FB1NB(F)N([CH2][U])B(F)N1[CH2][U],True,True,False,False,0.21739130434782608,19,12.0,1.0,0.0
CDK_Depict_29_40,[B]1[B]C([B]C1C(C)(C)C)C(C)(C)C,CC1bC(C(C)(C)C)bb1,CC(C)(C)C1[B][B]C(C(C)(C)C)[B]1,CC1B=BC(C(C)(C)C)B1,True,True,False,False,0.24,19,13.0,1.0,2.0
CDK_Depict_29_41,C(=NN=C(F)Br)(F)F,*/C(C)=N/N=C(/F)[Sc],FC(F)=NN=C(F)Br,*/C(C)=N/N=[C](/F)[Sc],True,True,False,False,0.2,13,8.0,0.0,0.0
CDK_Depict_29_42,O=Br(=O)OBr(=O)=O,O=[P-](=O)O[P-](=O)=O,[O-][Br+2]([O-])O[Br+2]([O-])[O-],O=[P-](=O)O[P-](=O)=O,True,True,False,False,0.06666666666666667,8,7.0,0.0,0.0
CDK_Depict_29_43,C(=O)=[Si]1C(=O)N1,O=C=[Si]1[NH2+]C1=O,O=C=[si]1[nH]c1=O,O=C=[Si]1[NH2+]C1=O,True,True,False,False,0.3333333333333333,13,6.0,1.0,0.0
CDK_Depict_29_44,CNP1(=S)N(P(=S)(N1C)NC)C,CNP1(=S)N(C)P(=S)([NH2+]C)N1C,CNP1(=S)N(C)P(=S)(NC)N1C,CNP1(=S)N(C)P(=S)([NH2+]C)N1C,True,True,False,False,0.6190476190476191,9,12.0,1.0,2.0
CDK_Depict_29_45,CSP1SP(S1)SS,CSP1SP(S[IH])S1,CSP1SP(SS)S1,CSP1SP(S[IH])S1,True,True,False,False,0.5238095238095238,5,8.0,1.0,2.0
CDK_Depict_29_46,C[Si]([Si])[Te](C)(C)(C)(C)C,C[SiH]([SiH3])[Te](C)(C)(C)C,C[Si]([Si])[Te](C)(C)(C)(C)C,C[SiH]([SiH3])[Te](C)(C)(C)C,True,True,False,False,0.05263157894736842,6,9.0,0.0,0.0
CDK_Depict_29_47,B(C(=O)C)(C(=O)C)OB(C(=O)C)C(=O)C,CC(=O)B(OCC(C(C)=O)C(C)=O)C(C)=O,CC(=O)B(OB(C(C)=O)C(C)=O)C(C)=O,CC(=O)B(OCC(C(C)=O)C(C)=O)C(C)=O,True,True,False,False,0.4166666666666667,16,15.0,0.0,0.0
CDK_Depict_29_48,[As](=[Se])(=[Se])[Se][As](=[Se])=[Se],[Se]=[As](=[Se])[Se][As](=[Se])=[Se],[Se]=[As](=[Se])[Se][As](=[Se])=[Se],[Se]=[As](=[Se])[Se][As](=[Se])=[Se],True,True,True,True,1.0,6,7.0,0.0,0.0
CDK_Depict_29_50,CN1N=CC=S1N,Ns1ccnn1,CN1N=CC=S1N,,True,False,False,False,0.0,9,7.0,1.0,1.0
CDK_Depict_29_51,COC=[N+]=COC,COC=[N+]=C[O-],COC=[N+]=COC,COC=[N+]=C[O-],True,True,False,False,0.625,3,7.0,0.0,0.0
CDK_Depict_29_52,O([Se](F)(F)(F)(F)F)[Se](F)(F)(F)(F)F,F[Se](F)(F)(F)(F)O[Se](F)(F)(F)(F)F,F[Se](F)(F)(F)(F)O[Se](F)(F)(F)(F)F,F[Se](F)(F)(F)(F)O[Se](F)(F)(F)(F)F,True,True,True,True,1.0,4,13.0,0.0,0.0
CDK_Depict_29_53,Cl[Nb](=[Nb](Cl)(Cl)Cl)(Cl)Cl,Cl[No](Cl)(Cl)(Cl)Cl,[Cl][Nb]([Cl])([Cl])=[Nb]([Cl])([Cl])[Cl],[Cl][No]([Cl])([Cl])([Cl])[Cl],True,True,False,False,0.125,10,8.0,0.0,0.0
CDK_Depict_29_54,B(=O)C1=C([C+]1B=O)B=O,O=*C1[C+]([SH]=o)C1B=O,O=Bc1c(B=O)[c+]1B=O,,True,False,False,False,0.0,14,9.0,1.0,0.0
CDK_Depict_29_55,N1[As]2N[As]3N[As]1N[As](N2)N3,CCCC1N[A5]2N[A5]3N[A5](N2)N1,N1[As]2N[As]3N[As]1N[As](N2)N3,,True,False,False,False,0.0,13,10.0,4.0,4.0
CDK_Depict_29_56,CP1(=S)SSSSSSS1,C[PH]1(=S)SSSSSSS1,CP1(=S)SSSSSSS1,,True,False,False,False,0.0,3,10.0,1.0,0.0
CDK_Depict_29_58,II(I)(I)(I)I(I)(I)(I)I,CC.CC.CC,II(I)(I)(I)I(I)(I)(I)I,CC.CC.CC,True,True,False,False,0.0,22,10.0,0.0,0.0
CDK_Depict_29_59,B1(N(B(N(N1C)C)Br)C)Br,CBr.CN1NbNB1Br,CN1B(Br)N(C)N(C)B1Br,CBr.CN1NBNB1Br,True,True,False,False,0.24,16,10.0,1.0,0.0
CDK_Depict_29_60,C(=C(Cl)Cl)(N=P(Cl)(Cl)Cl)[P+](Cl)(Cl)Cl,*[PH](C)(C)N=C(C(C)C)[P+](C)(C)C,ClC(Cl)=C(N=P(Cl)(Cl)Cl)[P+](Cl)(Cl)Cl,*[PH](C)(C)N=C(C(C)C)[P+](C)(C)C,True,True,False,False,0.08823529411764706,17,13.0,0.0,0.0
CDK_Depict_29_62,C(OC(C(OC(F)(F)F)(F)F)(F)F)F,*CC(*)(OCF)C(*)(*)OC,FCOC(F)(F)C(F)(F)OC(F)(F)F,*CC(*)(OCF)C(*)(*)OC,True,True,False,False,0.25806451612903225,18,14.0,0.0,0.0
CDK_Depict_29_63,CN(C)CC1=NON=C1C#N,N#Cc1nONc1CN,CN(C)Cc1nonc1C#N,,True,False,False,False,0.0,10,11.0,1.0,0.0
CDK_Depict_29_64,[2H][Mo](=O)([2H])[2H],[2H][No]([2H])([2H])=O,[2H][Mo]([2H])([2H])=[O],[2H][No]([2H])([2H])=[O],True,True,False,False,0.2,9,5.0,0.0,0.0
CDK_Depict_29_65,C[Si](C)(C)SP(S[Si](C)(C)C)S[Si](C)(C)C,C[Si](C)(C)SP(S[Si](C)(C)C)S[Se](C)(C)C,C[Si](C)(C)SP(S[Si](C)(C)C)S[Si](C)(C)C,C[Si](C)(C)SP(S[Si](C)(C)C)S[Se](C)(C)C,True,True,False,False,0.5555555555555556,1,16.0,0.0,0.0
CDK_Depict_29_66,C1NCN=C(N1)[P+](O)(O)O,[14H][P+]([14H])([14H])c1[nH2]C[NH2+]C[1H]1,O[P+](O)(O)C1=NCNCN1,,True,False,False,False,0.0,37,10.0,1.0,0.0
CDK_Depict_29_67,[B-]=1=C=[B-]=[C]B=[C+]B=[C+]B=C1,b1[c+]bcb[c+]s[c+]s=[C+]1,B1=C=[B-]=C=[B-]=[C]B=[C+]B=[C+]1,,True,False,False,False,0.0,22,10.0,1.0,0.0
CDK_Depict_29_68,[2H]B(P([3H])C)I(C)O,*B([2H])p(*)C.CC,[2H]B(P([3H])C)I(C)O,,True,False,False,False,0.0,14,8.0,0.0,1.0
CDK_Depict_29_69,[B]I(I)[I-][B]I([I-]I)[I-]I([B])I,***(***(*)p)**(*)p,[B]I(I)[I-][B]I([I-]I)[I-]I([B])I,,True,False,False,False,0.0,28,12.0,0.0,0.0
CDK_Depict_29_70,C(#N)N(F)Cl,N#CN(F)[Cu],N#CN(F)Cl,N#C[N](F)[Cu],True,True,False,False,0.4666666666666667,7,5.0,0.0,0.0
CDK_Depict_29_71,CCP(=[Se])(CC)[Se]P(=[Se])(CC)CC,CC[PH](=S)(CC)[Se][PH](=S)(CC)CC,CCP(=[Se])(CC)[Se]P(=[Se])(CC)CC,,True,False,False,False,0.0,12,13.0,0.0,0.0
CDK_Depict_29_72,C(=O)OC1=NN=NO1,O=COc1nnno1,O=COc1nnno1,O=COc1nnno1,True,True,True,True,1.0,11,8.0,1.0,0.0
CDK_Depict_29_73,CS(C)(C)OCl(=O)(=O)=O,C[Si](C)(C)OCl(=O)(=O)=O,CS(C)(C)O[Cl+3]([O-])([O-])[O-],C[Si](C)(C)O[Cl+3]([O-])([O-])[O-],True,True,False,False,0.3,3,9.0,0.0,0.0
CDK_Depict_29_75,C(=C(F)F)(OBr)F,FC(F)=C(F)OBr,FC(F)=C(F)OBr,FC(F)=C(F)OBr,True,True,True,True,1.0,8,7.0,0.0,0.0
CDK_Depict_29_76,C=C[Pb](C=C)(Cl)Cl,C=C[Pb](C)(C)C=C,C=[CH][Pb]([Cl])([Cl])[CH]=C,C=[CH][Pb]([CH3])([CH3])[CH]=C,True,True,False,False,0.3333333333333333,5,7.0,0.0,0.0
CDK_Depict_29_77,[B](C)[I-]C([B]I)C,CSC(C)CS,C[B][I-]C(C)[B]I,CSC(C)CS,True,True,False,False,0.1111111111111111,14,7.0,0.0,1.0
CDK_Depict_29_78,[B]B(C)S(=O)(=O)[B]C,bbS(=O)(=O)bC,[B]B(C)S(=O)(=O)[B]C,,True,False,False,False,0.0,10,8.0,0.0,0.0
CDK_Depict_29_79,C(F)(F)(F)[Si]OP(O[Si]C(F)(F)F)O[Si]C(F)(F)F,FC(F)(F)[SiH2]OP(O[SiH2]C(F)(F)F)O[SiH2]C(F)(F)F,FC(F)(F)[Si]OP(O[Si]C(F)(F)F)O[Si]C(F)(F)F,FC(F)(F)[SiH2]OP(O[SiH2]C(F)(F)F)O[SiH2]C(F)(F)F,True,True,False,False,0.2727272727272727,9,19.0,0.0,0.0
CDK_Depict_29_80,CN=[Os](=O)(=O)=O,CN=[Os](=O)(=O)(=O)=O,C[N]=[Os](=[O])(=[O])=[O],C[N]=[Os](=[O])(=[O])(=[O])=[O],True,True,False,False,0.2857142857142857,4,6.0,0.0,0.0
CDK_Depict_29_81,CNC(=O)CN1SS1,CNC(=O)CN1CSS1,CNC(=O)Cn1ss1,CNC(=O)CN1CSS1,True,True,False,False,0.5,1,8.0,1.0,0.0
CDK_Depict_29_82,CS[As](=S)(C)O,*[As](C)(=S)SC,CS[As](C)(O)=S,*[As](C)(=S)SC,True,True,False,False,0.5333333333333333,8,6.0,0.0,1.0
CDK_Depict_29_83,C=C1[Te]C=C[Te]1,C=C1ccc[Te]1,C=C1[Te]C=C[Te]1,,True,False,False,False,0.0,7,6.0,1.0,0.0
CDK_Depict_29_84,C(C([Si](Cl)(Cl)Cl)[Si](Cl)(Cl)Cl)[Si](Cl)(Cl)Cl,C[Si](C)(C)CC([Si](C)(Cl)Cl)[Si](Cl)(Cl)Cl,Cl[Si](Cl)(Cl)CC([Si](Cl)(Cl)Cl)[Si](Cl)(Cl)Cl,C[Si](C)(C)CC([Si](C)(Cl)Cl)[Si](Cl)(Cl)Cl,True,True,False,False,0.47368421052631576,8,14.0,0.0,0.0
CDK_Depict_29_85,CO[Si](C=C)(C=C)[Si](C=C)(C=C)OC,C=CC.C=C[Si](C)(C=C)[SiH](O)(C=C)C=C,C=C[Si](C=C)(OC)[Si](C=C)(C=C)OC,,True,False,False,False,0.0,15,14.0,0.0,0.0
CDK_Depict_29_86,CCC[Bi](CCC)O[Bi](CCC)CCC,CCC*(CCC)O*(CCC)CCC,CC[CH2][Bi]([CH2]CC)[O][Bi]([CH2]CC)[CH2]CC,CCC*(CCC)O*(CCC)CCC,True,True,False,False,0.23809523809523808,8,15.0,0.0,0.0
CDK_Depict_29_87,C(=O)=POP=C=O,O=C=POP=C=O,O=C=POP=C=O,O=C=POP=C=O,True,True,True,True,1.0,4,7.0,0.0,2.0
CDK_Depict_29_88,C1=NI=NI=C1,*1ncccn1,C1=NI=NI=C1,*1ncccn1,True,True,False,False,0.08695652173913043,9,6.0,1.0,0.0
CDK_Depict_29_89,C1=CO[Te]2=C1C=CO2,c1cc2cco[Te-]2(Cl1)Cl2,C1=CC2=[Te](O1)OC=C2,,True,False,False,False,0.0,13,8.0,2.0,0.0
CDK_Depict_29_90,CN(C)C(=S)S[Sn](C)(C)SC(=S)N(C)C,CN(C)C(=S)S*(C)(C)SC(=S)N(C)C,CN(C)C(=S)[S][Sn]([CH3])([CH3])[S]C(=S)N(C)C,CN(C)C(=S)S*(C)(C)SC(=S)N(C)C,True,True,False,False,0.4166666666666667,4,15.0,0.0,0.0
CDK_Depict_29_91,C(=[In])[In]F,*[1n]C=C,[F][In][CH]=[In],,True,False,False,False,0.0,10,4.0,0.0,0.0
CDK_Depict_29_93,C(=S)(SSC(Cl)(Cl)Cl)SSC(Cl)(Cl)Cl,S=C(SSC(Cl)(Cl)Cl)SSC(Cl)(Cl)Cl,S=C(SSC(Cl)(Cl)Cl)SSC(Cl)(Cl)Cl,S=C(SSC(Cl)(Cl)Cl)SSC(Cl)(Cl)Cl,True,True,True,True,1.0,4,14.0,0.0,0.0
CDK_Depict_29_94,CCCC[Pb](OCCC)(OCCC)OCCC,CCCCC.CCCOC.CCCOC,CCC[CH2][Pb]([O]CCC)([O]CCC)[O]CCC,CCCCC.CCCOC.CCCOC,True,True,False,False,0.391304347826087,12,17.0,0.0,0.0
CDK_Depict_29_95,B1=CN(C=C1)C(C)CC,CC(C)n1ccsc1,CCC(C)n1cbcc1,,True,False,False,False,0.0,13,9.0,1.0,1.0
CDK_Depict_29_96,B(P)(SSC)I,*B(*)SSC,CSSB(P)I,*B(*)SSC,True,True,False,False,0.3684210526315789,5,6.0,0.0,0.0
CDK_Depict_29_97,[2H]B([3H])I(=N[2H])(N([2H])I)I,**([2H])I(C)(=N[2H])N(*)[2H].CC,[2H]N=I(I)(B([2H])[3H])N([2H])I,**([2H])I(C)(=N[2H])N(*)[2H].CC,True,True,False,False,0.19444444444444445,16,10.0,0.0,1.0
CDK_Depict_29_98,CC#[N+][Xe]F,CC#N[Xe]F,CC#[N+][Xe]F,,True,False,False,False,0.0,3,5.0,0.0,0.0
CDK_Depict_29_99,C(F)(F)(F)[Se](=O)(=O)O[Se](=O)(=O)C(F)(F)F,O=[Se](O[Se](=O)(=O)C(F)(F)F)(C(F)(F)F)C(F)(F)F,O=[Se](=O)(O[Se](=O)(=O)C(F)(F)F)C(F)(F)F,O=[Se](O[Se](=O)(=O)C(F)(F)F)(C(F)(F)F)C(F)(F)F,True,True,False,False,0.7058823529411765,24,15.0,0.0,0.0
CDK_Depict_29_100,[N+](=[N+]([O-])O[N+](=[N+](O)[S-])[O-])(O)[S-],*[N+]([S-])=[N+]([O-])O/[N+]([O-])=[N+](\O)[S-],[O-][N+](O[N+]([O-])=[N+](O)[S-])=[N+](O)[S-],*[N+]([S-])=[N+]([O-])O/[N+]([O-])=[N+](\O)[S-],True,True,False,False,0.7368421052631579,20,11.0,0.0,0.0
CDK_Depict_29_101,B1=[Ti]=B1,[SH]1=[Ti]=[SH]1,[B]1=[Ti]=[B]1,[SH]1=[Ti]=[SH]1,True,True,False,False,0.1111111111111111,8,3.0,1.0,0.0
CDK_Depict_29_102,C(=O)(ON1NNNNN1)ON2NNNNN2,O=C(ON1NNNNN1)ON1NNNNN1,O=C(ON1NNNNN1)ON1NNNNN1,O=C(ON1NNNNN1)ON1NNNNN1,True,True,True,True,1.0,6,16.0,2.0,0.0
CDK_Depict_29_103,C1(=S)ON(O1)C(=N)N,N=C(N(I)I)N1oC(=S)O1,N=C(N)n1oc(=S)o1,N=C(N(I)I)n1oc(=S)o1,True,True,False,False,0.5,14,8.0,1.0,0.0
CDK_Depict_29_104,C1=N[Se](N=PN1)Cl,Cl[Se]1n=P[NH4+]cn1,Cl[Se]1N=CNP=N1,,True,False,False,False,0.0,13,7.0,1.0,1.0
CDK_Depict_29_105,C[Si](C)(C)OC1=CO[Si](=O)O1,C[Si](C)(C)OC1=CO[Si](=O)O1,C[Si](C)(C)Oc1co[si](=O)o1,C[Si](C)(C)Oc1co[si](=O)o1,True,True,True,True,1.0,0,11.0,1.0,0.0
CDK_Depict_29_106,C1C[Si]#[Si][SiH]=N1,C1C[Sc]=[Sc][SH]=N1,C1C[Si]#[Si][SiH]=N1,C1[CH2][Sc]=[Sc][SH]=N1,True,True,False,False,0.10344827586206896,4,6.0,1.0,0.0
CDK_Depict_29_107,CC(C)(C)OOCCCC(C)(C)OC1CCCCC1,CC(C)(C)OCOCCCC(C)(C)OCC1CCCCC1,CC(C)(C)OOCCCC(C)(C)OC1CCCCC1,CC(C)(C)OCOCCCC(C)(C)OCC1CCCCC1,True,True,False,False,0.4090909090909091,2,19.0,1.0,0.0
CDK_Depict_29_108,[B-]1(=[Se+][B-](=[Se+][B-](=[Se+]1)F)F)F,Fb1=[Se]b(F)(F)=[Se+]b(F)=[Se]1,F[b-]1[se+][b-](F)[se+][b-](F)[se+]1,,True,False,False,False,0.0,24,9.0,1.0,0.0
CDK_Depict_29_109,CP(C)[SiH2]N[SiH2]P(C)C,CP(C)[SiH2]N[SiH2]P(C)C,CP(C)[SiH2]N[SiH2]P(C)C,CP(C)[SiH2]N[SiH2]P(C)C,True,True,True,True,1.0,0,9.0,0.0,2.0
CDK_Depict_29_110,B12ON=C(N(O1)O2)N,NC1=NOB2ON1O2,NC1=NOB2ON1O2,NC1=NOB2ON1O2,True,True,True,True,1.0,13,8.0,3.0,0.0
CDK_Depict_29_111,C[Sn](C)(C#CCl)C#CCl,CC#C[Sc](C)(C)C#CCl,[CH3][Sn]([CH3])([C]#CCl)[C]#CCl,CC#[C][Sc]([CH3])([CH3])[C]#CCl,True,True,False,False,0.21739130434782608,8,9.0,0.0,0.0
CDK_Depict_29_112,CN1N=CC(=N1)[Si](C)(C)C,Cn1ncc([Si](C)(C)C)n1,Cn1ncc([Si](C)(C)C)n1,Cn1ncc([Si](C)(C)C)n1,True,True,True,True,1.0,12,10.0,1.0,0.0
CDK_Depict_29_113,N(Cl)(Br)I(O)F,*I([Cd])N(Br)[Cd],OI(F)N(Cl)Br,*[I]([Cd])[N](Br)[Cd],True,True,False,False,0.19047619047619047,11,6.0,0.0,0.0
CDK_Depict_29_114,N(=N/OO/N=N/OOOO)\OO,OON=NOO/N=N/OOOO,OO/N=N/OO/N=N/OOOO,OON=NOO/N=N/OOOO,True,True,False,True,1.0,8,12.0,0.0,0.0
CDK_Depict_29_115,OOOPOOOPOPOOPOOO,OOOPOOOPOPOOPOOO,OOOPOOOPOPOOPOOO,OOOPOOOPOPOOPOOO,True,True,True,True,1.0,0,16.0,0.0,4.0
CDK_Depict_29_116,CN1NN1P(=O)(N2NN2C)N3NN3C,CN1[nH]N1P(=O)(N1NN1C)N1NN1C,Cn1[nH]n1P(=O)(n1[nH]n1C)n1[nH]n1C,Cn1[nH]n1P(=O)(n1[nH]n1C)n1[nH]n1C,True,True,True,True,1.0,8,14.0,3.0,0.0
CDK_Depict_29_117,C[Sb](C)O[Sb](C)C,C[Sb](C)O[Sb](C)C,[CH3][Sb]([CH3])[O][Sb]([CH3])[CH3],[CH3][Sb]([CH3])[O][Sb]([CH3])[CH3],True,True,True,True,1.0,0,7.0,0.0,0.0
CDK_Depict_29_119,C(=[P+](O)[O-])N(C=[P+](O)[O-])C=[P+](O)[O-],C[PH](=O)=CN(C=[PH](O)O)C=[PH](O)O,[O-][P+](O)=CN(C=[P+]([O-])O)C=[P+]([O-])O,,True,False,False,False,0.0,17,13.0,0.0,3.0
CDK_Depict_29_120,C1=CN(N(C1=O)N)N,*[NH2+]N1C(=O)C=CN1[WH2],Nn1ccc(=O)n1N,*[NH2+]n1c(=O)cc[n]1[WH2],True,True,False,False,0.3,18,8.0,1.0,0.0
CDK_Depict_29_121,C=[N+]([O-])O[Al](O[N+](=C)[O-])O[N+](=C)[O-],C=N(O)O[Al](O[N+](=C)O)O[N+](=C)O,C=[N+]([O-])[O][Al]([O][N+](=C)[O-])[O][N+](=C)[O-],,True,False,False,False,0.0,12,13.0,0.0,0.0
CDK_Depict_29_122,B(N[Si](N)(N)N)(N[Si](N)(N)N)N[Si](N)(N)N,*[Si](N)(N)[1H][2H](N[Si](N)(N)N)N[Si](N)(N)NC,N[Si](N)(N)NB(N[Si](N)(N)N)N[Si](N)(N)N,,True,False,False,False,0.0,12,16.0,0.0,0.0
CDK_Depict_29_123,N1PN=PNP1Cl,ClP1*[Pt]N=P[1444c]1,Clp1[nH]pn[pH][nH]1,,True,False,False,False,0.0,15,7.0,1.0,3.0
CDK_Depict_29_125,B1=CN=BC=NB=CN=BC=NB=CN=BC=N1,b1csscnscnscnsC=Nncn1,b1cnbcnbcnbcnbcnbcn1,,True,False,False,False,0.0,24,18.0,1.0,0.0
CDK_Depict_29_126,[3H]P(F)P(F)P([B])C,CF(C)[PH](F)[PH](C)C,[3H]P(F)P(F)P([B])C,,True,False,False,False,0.0,14,8.0,0.0,3.0
CDK_Depict_29_127,C1=NO[Se]2=C1C=NO2,c1c2[se](ON=1)ON=C2,C1=NO[Se]2=C1C=NO2,C1=NO[Se]2ON=CC=12,True,True,False,False,0.3333333333333333,13,8.0,2.0,0.0
CDK_Depict_29_128,C(NS(=O)(=S)NF)(Cl)Cl,*C(C)NS(=O)(=S)NF,O=S(=S)(NF)NC(Cl)Cl,*C(C)NS(=O)(=S)NF,True,True,False,False,0.5384615384615384,10,9.0,0.0,1.0
CDK_Depict_29_129,C[Sb](C)(C)(F)Br,C[Sb](C)(C)(F)Br,[CH3][Sb]([CH3])([CH3])([F])[Br],[CH3][Sb]([CH3])([CH3])([F])[Br],True,True,True,True,1.0,0,6.0,0.0,0.0
CDK_Depict_29_130,C1(=C(C1=S)S)C(F)(F)F,FC(F)(F)c1C(=S)C1S,FC(F)(F)c1c(S)c1=S,FC(F)(F)C1C(=S)C1S,True,True,False,False,0.2916666666666667,16,9.0,1.0,0.0
CDK_Depict_29_131,C1=CC=C(C=C1)[Bi]Br,*Brc1ccccc1,[Br][Bi][c]1ccccc1,,True,False,False,False,0.0,18,8.0,1.0,0.0
CDK_Depict_29_132,B(B(F)Cl)(F)Cl,CB(F)[SH](F)Cl,FB(Cl)B(F)Cl,CB(F)[SH](F)Cl,True,True,False,False,0.26666666666666666,6,6.0,0.0,0.0
CDK_Depict_29_133,C(S(=O)(=O)Cl)(S(=O)(=O)Cl)Br,O=S(=O)(Cl)C(Br)S(=O)(=O)Cl,O=S(=O)(Cl)C(Br)S(=O)(=O)Cl,O=S(=O)(Cl)C(Br)S(=O)(=O)Cl,True,True,True,True,1.0,11,10.0,0.0,0.0
CDK_Depict_29_134,[SiH2]=[SiH2],[Si]=[Si+2],[SiH2]=[SiH2],[Si]=[Si+2],True,True,False,False,0.0,3,2.0,0.0,0.0
CDK_Depict_29_135,C(F)(F)(P(O)O)Br,OP(O)C(F)Br,OP(O)C(F)(F)Br,OP(O)C(F)Br,True,True,False,False,0.29411764705882354,10,7.0,0.0,0.0
CDK_Depict_29_136,O=S(S(=O)Cl)Cl,*S(=O)S(=O)Cl,O=S(Cl)S(=O)Cl,*S(=O)S(=O)Cl,True,True,False,False,0.5454545454545454,8,6.0,0.0,2.0
CDK_Depict_29_137,CCOSC1=NC(=NC(=N1)SOCC)SOCC,CCOSC1=Nc(SOCC)nc(SOCC)n1,CCOSc1nc(SOCC)nc(SOCC)n1,CCOSc1nc(SOCC)nc(SOCC)n1,True,True,True,True,1.0,12,18.0,1.0,0.0
CDK_Depict_29_138,C1CCC(CC1)[As](Br)Br,BrC[As](CBr)C1CCCCC1,Br[As](Br)C1CCCCC1,BrC[As](CBr)C1CCCCC1,True,True,False,False,0.47619047619047616,18,9.0,1.0,0.0
CDK_Depict_29_139,C(=NCl)(C(F)(F)Cl)N(Cl)Cl,FC(F)(Cl)C(NCl)N(Cl)Cl,FC(F)(Cl)C(=NCl)N(Cl)Cl,FC(F)(Cl)C(NCl)N(Cl)Cl,True,True,False,False,0.2413793103448276,10,10.0,0.0,0.0
CDK_Depict_29_140,Cl[Re](#[Re](Cl)Cl)Cl,C.Cl[Re](Cl)[Re](Cl)Cl,[Cl][Re]([Cl])#[Re]([Cl])[Cl],C.[Cl][Re]([Cl])[Re]([Cl])[Cl],True,True,False,False,0.375,8,6.0,0.0,0.0
CDK_Depict_29_141,CC=[Rh]=CC,CC=*=CC,C[CH]=[Rh]=[CH]C,CC=*=CC,True,True,False,False,0.23076923076923078,4,5.0,0.0,0.0
CDK_Depict_29_142,[2H]B(C#CC)P(C#C)C#CC,[2H]B(C#C)P(C#C)C#CC,[2H]B(C#CC)P(C#C)C#CC,[2H]B(C#C)P(C#C)C#CC,True,True,False,False,0.72,1,11.0,0.0,1.0
CDK_Depict_29_143,[As]1([As]([As]([As]([As]([As]1I)I)I)I)I)I,C.C.C.CC.CC.CC.CC.CC.CC.CC.CC.CC.CC.CC.CC.CC.CC.CC.CC.CC.CC.CC.CC.CC.CC.CC.CC.CC.CC.CC.CC.CC.CC.CC.CC.CC.CC.CC.CC.CC.CC.CC.CC.CC.CC.CC.CC.CC.CC.CC.CC.CC.CC.CC.CC.CC.CC.CC.CC.CC.CC.CC.CC.CC.CC.CC.CC.CC.CC.CC,I[As]1[As](I)[As](I)[As](I)[As](I)[As]1I,C.C.C.CC.CC.CC.CC.CC.CC.CC.CC.CC.CC.CC.CC.CC.CC.CC.CC.CC.CC.CC.CC.CC.CC.CC.CC.CC.CC.CC.CC.CC.CC.CC.CC.CC.CC.CC.CC.CC.CC.CC.CC.CC.CC.CC.CC.CC.CC.CC.CC.CC.CC.CC.CC.CC.CC.CC.CC.CC.CC.CC.CC.CC.CC.CC.CC.CC.CC.CC,True,True,False,False,0.0,206,12.0,1.0,6.0
CDK_Depict_29_144,CN(C#CSOOC#CBr)C#CSOOC#CBr,CN(C#CSoOC#Br)C#CSOOC#CBr,CN(C#CSOOC#CBr)C#CSOOC#CBr,,True,False,False,False,0.0,2,18.0,0.0,0.0
CDK_Depict_29_145,C1=PSC=P1,c1pcsp1,c1pcsp1,c1pcsp1,True,True,True,True,1.0,7,5.0,1.0,2.0
CDK_Depict_29_146,B(C)(C=NC)C=[N+](C)C,CN=CB(C)C=[N+](C)C,CN=CB(C)C=[N+](C)C,CN=CB(C)C=[N+](C)C,True,True,True,True,1.0,6,9.0,0.0,0.0
CDK_Depict_29_147,COO[Si](OOC)(OOC)OOC,COO[Si](C)(OC)OOO,COO[Si](OOC)(OOC)OOC,COO[Si](C)(OC)OOO,True,True,False,False,0.3333333333333333,4,13.0,0.0,0.0
CDK_Depict_29_148,B#[B-]B=BB=BB=BB=B[B-]=[B],p=p/p=p/p=p(p)/p=p/p=p/[p-]=p,[B]=[B-]B=BB=BB=BB=B[B-]#B,,True,False,False,False,0.0,24,12.0,0.0,0.0
CDK_Depict_29_149,C/C=C/[Si]1OO[Si]O1,Ccc[SiH]1OO[SiH2]O1,C/C=C/[Si]1OO[Si]O1,,True,False,False,False,0.0,8,8.0,1.0,0.0
CDK_Depict_29_151,C1(=NSN=[S+]1)SBr,BrSc1c[s+]sn1,BrSc1nsn[s+]1,BrSc1c[s+]sn1,True,True,False,False,0.3,14,7.0,1.0,0.0
CDK_Depict_29_152,B(OCl)(OBr)I,C[SH](OCl)oBr,ClOB(I)OBr,,True,False,False,False,0.0,9,6.0,0.0,0.0
CDK_Depict_29_153,CN=C1N(N=NS1)C,CN=C1SnnN1C,CN=c1snnn1C,CN=c1snnn1C,True,True,True,True,1.0,6,8.0,1.0,0.0
CDK_Depict_29_154,N1(SSSS1)S,*N1SSSS1,Sn1ssss1,*n1ssss1,True,True,False,False,0.3333333333333333,4,6.0,1.0,0.0
CDK_Depict_29_155,C(=N[As](N=C=O)N=C=O)=O,O=C=N[As](n=C=O)n=C=O,O=C=N[As](N=C=O)N=C=O,,True,False,False,False,0.0,8,10.0,0.0,1.0
CDK_Depict_29_156,C1=C(C1=S)C2=CC2=S,Sc1cc1-c1cc1S,S=c1cc1-c1cc1=S,,True,False,False,False,0.0,16,8.0,2.0,0.0
CDK_Depict_29_157,S1[As]2S[As]1[As]3S[As]2S3,CCCCC1s[As]2s[As]1s2,S1[As]2S[As]1[As]1S[As]2S1,CCCCC1S[As]2S[As]1S2,True,True,False,False,0.125,17,8.0,6.0,4.0
CDK_Depict_29_158,C(=NP(F)F)=NP(F)F,FP(F)N=C=NP(F)F,FP(F)N=C=NP(F)F,FP(F)N=C=NP(F)F,True,True,True,True,1.0,7,9.0,0.0,0.0
CDK_Depict_29_159,[2H]I([3H])P=S(Cl)Cl,[2H]I([34H])P=S(Cl)Cl,[2H]I([3H])P=S(Cl)Cl,[2H]I([34H])P=S(Cl)Cl,True,True,False,True,0.5,1,7.0,0.0,1.0
CDK_Depict_29_160,C1=CN=P[N+](=C1)[O-],O[n+]1cccnP1,[O-][n+]1cccnp1,,True,False,False,False,0.0,17,7.0,1.0,1.0
CDK_Depict_29_161,O=I(=O)O[In](OI(=O)=O)OI(=O)=O,O=*(=O)O*(O*(=O)=O)O*(=O)=O,[O-][I+2]([O-])[O][In]([O][I+2]([O-])[O-])[O][I+2]([O-])[O-],O=*(=O)O*(O*(=O)=O)O*(=O)=O,True,True,False,False,0.05,7,13.0,0.0,0.0
CDK_Depict_29_162,CI=I(=I(=I(=C)C)C)C,*=*(C)=*(C)=*C,C=I(C)=I(C)=I(C)=IC,*=*(C)=*(C)=*C,True,True,False,False,0.037037037037037035,12,9.0,0.0,0.0
CDK_Depict_29_163,C(#N)[Hg]C(F)Br,***C#N,N#[C][Hg][CH](F)Br,***C#N,True,True,False,False,0.125,14,6.0,0.0,1.0
CDK_Depict_29_164,[C-]#[N+]S(=C=NN=[N+]=[N-])C#N,[C-]#[N+]S(=c=NN=[N+]=[N-])C#N,[C-]#[N+]S(=C=NN=[N+]=[N-])C#N,,True,False,False,False,0.0,1,10.0,0.0,1.0
CDK_Depict_29_165,CC[Hg]S[Si]O,C[100H](=O)S[SiH2]O,C[CH2][Hg][S][Si]O,,True,False,False,False,0.0,11,6.0,0.0,0.0
CDK_Depict_29_166,CC(C)[Se](C(C)C)(N=[N+]=[N-])N=[N+]=[N-],CC(C)[Se](N=[N+]=[N-])(N=[N+]=[N-])C(C)C,CC(C)[Se](N=[N+]=[N-])(N=[N+]=[N-])C(C)C,CC(C)[Se](N=[N+]=[N-])(N=[N+]=[N-])C(C)C,True,True,True,True,1.0,14,13.0,0.0,0.0
CDK_Depict_29_167,CN=S(#P)[P+]#P,CN=[SH](=P)[p+]=P,CN=S(#P)[P+]#P,,True,False,False,False,0.0,6,6.0,0.0,1.0
CDK_Depict_29_168,CON=[N+](C([N+](=NOC)[O-])(Cl)Cl)[O-],CON=[N+]([O-])C(Cl)([Cd])/N([O-])=N/OC,CON=[N+]([O-])C(Cl)(Cl)[N+]([O-])=NOC,,True,False,False,False,0.0,24,13.0,0.0,0.0
CDK_Depict_29_169,C1=S(C(=O)NO1)(I)(I)I,O=C1NOC=[SH]1(I)I,O=C1NOC=S1(I)(I)I,O=C1NOC=[SH]1(I)I,True,True,False,False,0.3103448275862069,14,9.0,1.0,0.0
CDK_Depict_29_170,N(=S=O)[Te](N=S=O)(Cl)Cl,O=S=N[Ta](Cl)(Cl)N=S=O,O=S=N[Te](Cl)(Cl)N=S=O,O=S=[N][Ta]([Cl])([Cl])[N]=S=O,True,True,False,False,0.3,15,9.0,0.0,0.0
CDK_Depict_29_171,[Nb](I)(I)(I)(I)I,*[Nb](C)(C)I,[I][Nb]([I])([I])([I])[I],[*][Nb]([CH3])([CH3])[I],True,True,False,False,0.09090909090909091,9,6.0,0.0,0.0
CDK_Depict_29_172,[3H]P([B][B]P([3H])F)F,[3H]P([3H])BBP([3H])[3H],[3H]P(F)[B][B]P([3H])F,[3H]P([3H])BBP([3H])[3H],True,True,False,False,0.058823529411764705,8,8.0,0.0,2.0
CDK_Depict_29_173,[B][B]CSC[B][B],SPCSCSS,[B][B]CSC[B][B],SPCSCSS,True,True,False,False,0.13043478260869565,12,7.0,0.0,0.0
CDK_Depict_29_174,C[Te](C)(O[N+](=O)O)O[Te](C)(C)O[N+](=O)O,C[Te](C)(O[N+](=O)[O-])O[Te](C)(C)O[N+](=O)O,C[Te](C)(O[N+](=O)O)O[Te](C)(C)O[N+](=O)O,C[Te](C)(O[N+](=O)[O-])O[Te](C)(C)O[N+](=O)O,True,True,False,False,0.7727272727272727,3,15.0,0.0,0.0
CDK_Depict_29_175,CCOOC(=O)N=NC(=O)OOCC,CCOOC(=O)N=NC(=O)OOCC,CCOOC(=O)N=NC(=O)OOCC,CCOOC(=O)N=NC(=O)OOCC,True,True,True,True,1.0,0,14.0,0.0,0.0
CDK_Depict_29_176,C1(=O)P=PC(=O)P=P1,O=C(*P)*P=CO,O=C1P=PC(=O)P=P1,O=C(*P)*P=CO,True,True,False,False,0.04,12,8.0,1.0,4.0
CDK_Depict_29_177,N(=P(Cl)(Cl)Cl)P(=N[P+](N=P(Cl)(Cl)Cl)(Cl)Cl)(Cl)Cl,CP(C)(C)=NP(Cl)(Cl)=N[P+](C)(Cl)n[PH](Cl)(Cl)Cl,ClP(Cl)(Cl)=NP(Cl)(Cl)=N[P+](Cl)(Cl)N=P(Cl)(Cl)Cl,,True,False,False,False,0.0,23,17.0,0.0,0.0
CDK_Depict_29_178,C(#N)N1OC(=O)OSS1,N#Cc1oc(=O)OSS1,N#Cn1oc(=O)oss1,,True,False,False,False,0.0,7,9.0,1.0,0.0
CDK_Depict_29_179,C[In](C)O[Re](=O)(=O)=O,CCCCCCCCCCCCCC,[CH3][In]([CH3])[O][Re](=[O])(=[O])=[O],CCCCCCCCCCCCCC,True,True,False,False,0.05,21,8.0,0.0,0.0
CDK_Depict_29_180,Br[Nd](Br)Br,Br[Nd](Br)Br,[Br][Nd]([Br])[Br],[Br][Nd]([Br])[Br],True,True,True,True,1.0,0,4.0,0.0,0.0
CDK_Depict_29_182,C(=O)=S(=[V]I)=[U]=S,O=c=S(=[S-]=[S-])=[V]I,O=C=[S](=[V][I])=[U]=[S],,True,False,False,False,0.0,14,7.0,0.0,0.0
CDK_Depict_29_183,CN(C)[Se](=O)(=O)N(C)C,CN[Se-](=O)(=O)NC,CN(C)[Se](=O)(=O)N(C)C,,True,False,False,False,0.0,7,9.0,0.0,0.0
CDK_Depict_29_185,B1(SB(S1)N(CC)CC)N(CC)CC,CCN(CC)B1SP(N(CC)CC)S1,CCN(CC)B1SB(N(CC)CC)S1,CCN(CC)B1SP(N(CC)CC)S1,True,True,False,False,0.4782608695652174,16,14.0,1.0,0.0
CDK_Depict_29_186,CC1S[Te]2(S1)SC(S2)C,CC1S[Ta]2(SCS2)S1,CC1S[Te]2(S1)SC(C)S2,CC1[S][Ta]2([S]C[S]2)[S]1,True,True,False,False,0.22727272727272727,7,9.0,2.0,3.0
CDK_Depict_29_187,O([Si](F)(F)Cl)[Si](F)(F)Cl,F[Si](F)(Cl)O[Si](F)(F)[Cd],F[Si](F)(Cl)O[Si](F)(F)Cl,F[Si](F)(Cl)O[Si](F)(F)[Cd],True,True,False,False,0.6,8,9.0,0.0,0.0
CDK_Depict_29_189,C1=CC(=CC=C1Cl)[Te](C2=CC=C(C=C2)Cl)(Cl)Cl,Cc1ccc([Te](Cl)(Cl)c2ccc(Cl)cc2)cc1,Clc1ccc([Te](Cl)(Cl)c2ccc(Cl)cc2)cc1,Cc1ccc([Te](Cl)(Cl)c2ccc(Cl)cc2)cc1,True,True,False,False,0.75,30,17.0,2.0,0.0
CDK_Depict_29_190,[B-][B][PH+]([B])B([B])[B],*B[PH+](*)B(*)*,[B]B([B])[PH+]([B])[B][B-],*B[PH+](*)B(*)*,True,True,False,False,0.08,15,7.0,0.0,1.0
CDK_Depict_29_191,Cl[Sn](Br)(Br)Br,*[Sn](Cl)(Br)Br,[Cl][Sn]([Br])([Br])[Br],[*][Sn]([Cl])([Br])[Br],True,True,False,False,0.5555555555555556,4,5.0,0.0,0.0
CDK_Depict_29_192,C[Al](NCl)NCl,C[Al](NCl)NCl,[CH3][Al]([NH]Cl)[NH]Cl,[CH3][Al]([NH]Cl)[NH]Cl,True,True,True,True,1.0,0,6.0,0.0,0.0
CDK_Depict_29_193,C12=C(O1)C(=O)OC2=O,O=C1OC(=O)c2oc21,O=c1oc(=O)c2oc1=2,O=c1oc(=O)c2oc1=2,True,True,True,True,1.0,12,8.0,2.0,0.0
CDK_Depict_29_194,CS(N=C=O)(N=C=O)N=C=O,CS(N=C=O)(N=C=O)N=C=O,CS(N=C=O)(N=C=O)N=C=O,CS(N=C=O)(N=C=O)N=C=O,True,True,True,True,1.0,0,11.0,0.0,1.0
CDK_Depict_29_197,C[Si](C)(CO)O[Si](C)(C)CBr,CC[Si](C)(C)O[Si](C)(C)CO,C[Si](C)(CO)O[Si](C)(C)CBr,CC[Si](C)(C)O[Si](C)(C)CO,True,True,False,False,0.5909090909090909,4,11.0,0.0,0.0
CDK_Depict_29_198,C=[N+]1CCC[I-]C1,C#[N+]1CCC[NH+]C1,C=[N+]1CCC[I-]C1,,True,False,False,False,0.0,4,7.0,1.0,0.0
CDK_Depict_29_199,CC(C(Cl)Cl)POBr,O=C(OPCC(Cl)Cl)c1ccccc1,CC(POBr)C(Cl)Cl,O=C(OPCC(Cl)Cl)c1ccccc1,True,True,False,False,0.125,13,8.0,0.0,2.0
CDK_Depict_29_200,C12=C(O1)O2,O1c2OC12,o1c2oc1=2,O1C2OC12,True,True,False,False,0.1111111111111111,7,4.0,2.0,0.0
CDK_Depict_29_201,CN(C)[Bi](N(C)C)Br,CN(C)[Br-](N)Br,C[N](C)[Bi]([Br])[N](C)C,,True,False,False,False,0.0,6,8.0,0.0,0.0
CDK_Depict_29_202,C(F)(F)(F)[Se]P([Se]C(F)(F)F)[Se]C(F)(F)F,FC(F)(F)[Se]P([Se]C(F)(F)F)[Se]C(F)(F)F,FC(F)(F)[Se]P([Se]C(F)(F)F)[Se]C(F)(F)F,FC(F)(F)[Se]P([Se]C(F)(F)F)[Se]C(F)(F)F,True,True,True,True,1.0,3,16.0,0.0,0.0
CDK_Depict_29_203,C1=CC=C(C=C1)[Al]C2=CC=CC=C2[Al]C3=CC=CC=C3,CC1ccccc1.Cc1ccccc1C,c1cc[c]([Al][c]2cccc[c]2[Al][c]2ccccc2)cc1,,True,False,False,False,0.0,38,20.0,3.0,0.0
CDK_Depict_29_205,C(P(=S)(Br)Br)P(=S)(Br)Br,S=P(Br)(Br)C[PH](=S)(Br)Br,S=P(Br)(Br)CP(=S)(Br)Br,,True,False,False,False,0.0,9,9.0,0.0,0.0
CDK_Depict_29_206,C(CS(=O)(=O)F)C(CS(=O)(=O)F)S(=O)(=O)F,O=S(=O)([IH])CCC(CS(=O)(=O)[IH])S(=O)(=O)[IH],O=S(=O)(F)CCC(CS(=O)(=O)F)S(=O)(=O)F,O=S(=O)([IH])CCC(CS(=O)(=O)[IH])S(=O)(=O)[IH],True,True,False,False,0.3448275862068966,17,16.0,0.0,1.0
CDK_Depict_29_207,C=P1=P2=PC12I,C=[PH]1[2H][2H]1,C=P1=P2=PC12I,,True,False,False,False,0.0,12,6.0,2.0,4.0
CDK_Depict_29_208,C(N(C(F)(F)F)C(F)(F)Br)(F)(F)F,C(F)(F)(F)(F)(F)(F)(F)(F)(F)(F)(F)(F)(F)(F)(F)(F)(F)(F)(F)(F)(F)(F)(F)(F)(F)(F)(F)(F)(F)(F)(F)(F)(F)(F)(F)(F)(F)(F)(F)(F)(F)(F)(F)(F)(F)(F)(F)(F)(F)(F)(F)(F)(F)(F)(F)(F)(F)(F)(F)(F)(F)(F)(F)(F)(F)(F)(F)(F)(F)(F)(F)(F)(F)(F)(F)(F)(F)(F)(F)(F)(F)(F)(F)(F)(F)(F)(F)(F)(F)(F)(F)(F)(F)(F)(F)([,FC(F)(F)N(C(F)(F)F)C(F)(F)Br,,True,False,False,False,0.0,263,13.0,0.0,0.0
CDK_Depict_29_209,C(C(=CCl)Cl)OC(C=CCl)O,CC=CC(O)OCC(Cl)=CCl,OC(C=CCl)OCC(Cl)=CCl,CC=CC(O)OCC(Cl)=CCl,True,True,False,False,0.7142857142857143,11,11.0,0.0,1.0
CDK_Depict_29_210,C1([Te]C([Te]1)(C(F)(F)F)Cl)(C(F)(F)F)Cl,CC.CC,FC(F)(F)C1(Cl)[Te]C(Cl)(C(F)(F)F)[Te]1,CC.CC,True,True,False,False,0.0,36,14.0,1.0,2.0
CDK_Depict_29_211,C(O[P+](=O)O[P+](=O)[O-])(Cl)(Cl)Cl,O=[P+](O)O[P+](=O)OC(Cl)(Cl)Cl,O=[P+]([O-])O[P+](=O)OC(Cl)(Cl)Cl,O=[P+](O)O[P+](=O)OC(Cl)(Cl)Cl,True,True,False,False,0.5833333333333334,8,11.0,0.0,2.0
CDK_Depict_29_212,Cl[Pa](Cl)(Cl)(Cl)Cl,Cl[Po](Cl)(Cl)Cl,[Cl][Pa]([Cl])([Cl])([Cl])[Cl],[Cl][Po]([Cl])([Cl])[Cl],True,True,False,False,0.14285714285714285,5,6.0,0.0,0.0
CDK_Depict_29_213,C[Si](SC)(SC)SC,CS[Si](C)(SC)SC,CS[Si](C)(SC)SC,CS[Si](C)(SC)SC,True,True,True,True,1.0,2,8.0,0.0,0.0
CDK_Depict_29_214,C[Se][Te]C,C[Te][SeH],C[Se][Te]C,C[Te][SeH],True,True,False,False,0.2727272727272727,4,4.0,0.0,0.0
CDK_Depict_29_215,CN(C)S1(CS(C1)(N(C)C)Cl)Cl,CN(C)S1(Cl)CS(Cl)(N(C)C)C1,CN(C)S1(Cl)CS(Cl)(N(C)C)C1,CN(C)S1(Cl)CS(Cl)(N(C)C)C1,True,True,True,True,1.0,8,12.0,1.0,2.0
CDK_Depict_29_217,[B-](OP(=O)(F)F)(OP(=O)(F)F)(OP(=O)(F)F)OP(=O)(F)F,*P(=O)(F)O[PH](OP(=O)(F)F)(OP(=O)(F)F)OP(=O)(F)F,O=P(F)(F)O[B-](OP(=O)(F)F)(OP(=O)(F)F)OP(=O)(F)F,*P(=O)(F)O[PH](OP(=O)(F)F)(OP(=O)(F)F)OP(=O)(F)F,True,True,False,False,0.2916666666666667,11,21.0,0.0,0.0
CDK_Depict_29_219,C1CCC(=C2OOC(=C3CCCCC3)OO2)CC1,C1CCC(=C2OOC(=C3CCCCC3)OO2)CC1,C1CCC(=c2ooc(=C3CCCCC3)oo2)CC1,C1CCC(=c2ooc(=C3CCCCC3)oo2)CC1,True,True,True,True,1.0,0,18.0,3.0,0.0
CDK_Depict_29_220,C1=C2N=C(O1)[Se]2,c1cncO1,c1oc2nc1[Se]2,c1cocn1,True,True,False,False,0.11538461538461539,14,6.0,3.0,0.0
CDK_Depict_29_222,CCON1[Si]N([Si]1)OCC,CCON1[Sr]N(OC)[Sr]1,CCON1[Si]N(OCC)[Si]1,CCO[N]1[Sr][N](OC)[Sr]1,True,True,False,False,0.3333333333333333,9,10.0,1.0,0.0
CDK_Depict_29_223,C(=O)(N)N(S(=O)[O-])S(=O)[O-],O=C([O-])N(S(=O)[O-])S(=O)[O-],NC(=O)N(S(=O)[O-])S(=O)[O-],O=C([O-])N(S(=O)[O-])S(=O)[O-],True,True,False,False,0.55,6,10.0,0.0,2.0
CDK_Depict_29_225,[3H][I-](C(F)(F)F)(C(F)(F)F)C(F)(F)F,CC(F)(F)[IH-](C)(F)(F)F,[3H][I-](C(F)(F)F)(C(F)(F)F)C(F)(F)F,CC(F)(F)[IH-](C)(F)(F)F,True,True,False,False,0.23529411764705882,20,14.0,0.0,0.0
CDK_Depict_29_226,N[As](O)P,*[As](O)O,N[As](O)P,*[As](O)O,True,True,False,False,0.2727272727272727,2,4.0,0.0,1.0
CDK_Depict_29_227,[3H][Sn]([3H])([3H])C,[H][SnH2+][SnH2+],[3H][Sn]([3H])([3H])[CH3],,True,False,False,False,0.0,13,5.0,0.0,0.0
CDK_Depict_29_228,CN(C)C1=NPN=N1,CN(C)c1NP[PH]=[V]1,CN(C)c1nn[pH]n1,CN(C)[CH]1NP[PH]=[V]1,True,True,False,False,0.12121212121212122,9,8.0,1.0,1.0
CDK_Depict_29_230,[2H]C(=O)N=IC(=O)[2H],[2H]C(=O)n*c([2H])o,[2H]C(=O)N=IC([2H])=O,,True,False,False,False,0.0,9,8.0,0.0,0.0
CDK_Depict_29_231,C(F)(F)(F)[In](C(F)(F)F)C(F)(F)F,F.F.FC(F)(F)F,F[C](F)(F)[In]([C](F)(F)F)[C](F)(F)F,F.F.FC(F)(F)F,True,True,False,False,0.3,21,13.0,0.0,0.0
CDK_Depict_29_232,C(=O)(N)N(NC(=O)O)NC(=O)O,NNC=O.O=CO.O=CO,NC(=O)N(NC(=O)O)NC(=O)O,NNC=O.O=CO.O=CO,True,True,False,False,0.16666666666666666,17,12.0,0.0,0.0
CDK_Depict_29_233,CCC[Si](CCC)([Si](CCC)(I)I)I,*[Si](C)(C)[Si](C)(CCC)CCC,CCC[Si](I)(I)[Si](I)(CCC)CCC,*[Si](C)(C)[Si](C)(CCC)CCC,True,True,False,False,0.30434782608695654,14,14.0,0.0,0.0
CDK_Depict_29_234,C[SiH]1N=S=NS1,C[Si]1nsns1,C[SiH]1N=S=NS1,,True,False,False,False,0.0,7,6.0,1.0,1.0
CDK_Depict_29_235,OP1(=O)O[Sn]2(O1)OP(=O)(O2)O,O=[PH]1O[Sn]2(O1)OP(=O)(O)O2,O=P1(O)[O][Sn]2([O]1)[O]P(=O)(O)[O]2,O=[PH]1[O][Sn]2([O]1)[O]P(=O)(O)[O]2,True,True,False,False,0.631578947368421,8,11.0,2.0,3.0
CDK_Depict_29_236,C([Si](F)(F)F)([Si](F)(F)F)([Si](F)(F)F)[Si](F)(F)F,C[Si](F)(F)F.C[Si](F)(F)F.C[Si](F)(F)F,F[Si](F)(F)C([Si](F)(F)F)([Si](F)(F)F)[Si](F)(F)F,C[Si](F)(F)F.C[Si](F)(F)F.C[Si](F)(F)F,True,True,False,False,0.2727272727272727,17,17.0,0.0,0.0
CDK_Depict_29_237,CP([As+](C)(C)C)[As+](C)(C)C,C*(C)(C)*(C)(C)C,CP([As+](C)(C)C)[As+](C)(C)C,C*(C)(C)*(C)(C)C,True,True,False,False,0.07692307692307693,14,10.0,0.0,0.0
CDK_Depict_29_238,C1CCC(CC1)[Pb](C2CCCCC2)(Br)Br,C1CCCCC1.C[Pb](Br)(Br)C1CCCCC1,[Br][Pb]([Br])([CH]1CCCCC1)[CH]1CCCCC1,C1CCCCC1.[CH3][Pb]([Br])([Br])[CH]1CCCCC1,True,True,False,False,0.5789473684210527,18,15.0,2.0,0.0
CDK_Depict_29_239,N1NNNN(NN(NN1)S)S,SN1CNNNNNN(S)NN(S)C1,Sn1[nH][nH][nH][nH][nH][nH]n(S)[nH]1,SN1CNNNNNN(S)NN(S)C1,True,True,False,False,0.11764705882352941,9,11.0,1.0,0.0
CDK_Depict_29_240,[B-](OC)(Cl)(Cl)Cl,CO[SH](Cl)(Cl)Cl,CO[B-](Cl)(Cl)Cl,CO[SH](Cl)(Cl)Cl,True,True,False,False,0.2857142857142857,8,6.0,0.0,0.0
CDK_Depict_29_241,C(#N)[Te](=O)(=O)O,*O[Ta](=O)(=O)C#N,N#C[Te](=O)(=O)O,*[O][Ta](=[O])(=[O])[C]#N,True,True,False,False,0.18181818181818182,9,6.0,0.0,0.0
CDK_Depict_29_242,C(N(C(=C(Cl)Cl)Cl)C(=S)N)Br,*C(=S)N(CBr)C(Cl)=C(Cl)Cl,NC(=S)N(CBr)C(Cl)=C(Cl)Cl,*C(=S)N(CBr)C(Cl)=C(Cl)Cl,True,True,False,False,0.6153846153846154,18,11.0,0.0,0.0
CDK_Depict_29_243,C/C(=N\O)/C(=N/OCOC)/C,COCO/N=C(\C)C(C)=NO,COCO/N=C(C)/C(C)=N/O,COCO/N=C(\C)C(C)=NO,True,True,False,True,1.0,15,11.0,0.0,0.0
CDK_Depict_29_244,C(C(=S)N)N=NCC(=S)N,*C(=S)CN=NCC(*)=S,NC(=S)CN=NCC(N)=S,*C(=S)CN=NCC(*)=S,True,True,False,False,0.4444444444444444,8,10.0,0.0,0.0
CDK_Depict_29_245,CN1[SiH2]N([SiH2]N([SiH2]1)[SiH3])[SiH3],CN1[SiH]*([13Si])[14Si]*([SiH3])[SiH2]1,CN1[SiH2]N([SiH3])[SiH2]N([SiH3])[SiH2]1,CN1[SiH]*([13Si])[14Si]*([SiH3])[SiH2]1,True,True,False,False,0.16129032258064516,16,9.0,1.0,5.0
CDK_Depict_29_246,O=Cl(=O)(=O)OI(OCl(=O)(=O)=O)OCl(=O)(=O)=O,O=Cl(=O)(=O)OI(OCl(=O)(=O)=O)OCl(=O)(=O)=O,[O-][Cl+3]([O-])([O-])OI(O[Cl+3]([O-])([O-])[O-])O[Cl+3]([O-])([O-])[O-],[O-][Cl+3]([O-])([O-])OI(O[Cl+3]([O-])([O-])[O-])O[Cl+3]([O-])([O-])[O-],True,True,True,True,1.0,0,16.0,0.0,0.0
CDK_Depict_29_247,O=S1(=O)O[Bi](O1)OS(=O)(=O)O[Bi]2OS(=O)(=O)O2,O=S1(=O)O[Si](OS(=O)(=O)O[Si]2OS(=O)(=O)O2)O1,O=S1(=O)[O][Bi]([O]S(=O)(=O)[O][Bi]2[O]S(=O)(=O)[O]2)[O]1,O=S1(=O)O[Si](OS(=O)(=O)O[Si]2OS(=O)(=O)O2)O1,True,True,False,False,0.3333333333333333,8,17.0,2.0,0.0
CDK_Depict_29_248,C(=S)(N)NP(=O)(NC(=S)N)NC(=S)N,*C(=S)NP(=O)(NC([14NH2])=S)NC(=S)[V]C,NC(=S)NP(=O)(NC(N)=S)NC(N)=S,*C(=S)NP(=O)(NC([14NH2])=S)N[C](=S)[V][CH3],True,True,False,False,0.5357142857142857,17,14.0,0.0,0.0
CDK_Depict_29_249,B(C)(C)C[Se](=[Se])CB(C)C,CB(C)C[Se](=[Se])CB(C)C,CB(C)C[Se](=[Se])CB(C)C,CB(C)C[Se](=[Se])CB(C)C,True,True,True,True,1.0,3,10.0,0.0,0.0
CDK_Depict_29_250,[3H]P=S(=BO)([3H])N,[3H]S([34H])(=P[34H])=[SH][34H],[3H]P=S([3H])(N)=BO,[3H]S([34H])(=P[34H])=[SH][34H],True,True,False,False,0.06896551724137931,20,7.0,0.0,2.0
CDK_Depict_29_251,CN(C)C1=N[S+]=NSN=S=N1,CNc1nsnSN=[S+]=N1,CN(C)C1=N[S+]=NSN=S=N1,,True,False,False,False,0.0,13,11.0,1.0,0.0
CDK_Depict_29_252,[Si]([Si](Cl)(Cl)Cl)([Si](Cl)(Cl)Cl)[Si](Cl)(Cl)Cl,Cl[Si](Cl)(Cl)[SiH]([Si](Cl)(Cl)Cl)[Si](Cl)(Cl)Cl,Cl[Si](Cl)(Cl)[Si]([Si](Cl)(Cl)Cl)[Si](Cl)(Cl)Cl,Cl[Si](Cl)(Cl)[SiH]([Si](Cl)(Cl)Cl)[Si](Cl)(Cl)Cl,True,True,False,False,0.23076923076923078,10,13.0,0.0,0.0
CDK_Depict_29_253,C=C([Hg]Cl)[Hg]Cl,C=C(*Cl)*Cl,C=[C]([Hg][Cl])[Hg][Cl],C=C(*Cl)*Cl,True,True,False,False,0.25,8,6.0,0.0,0.0
CDK_Depict_29_254,CC(C)(C)P1P(S1)C(C)(C)C,C*SPC,CC(C)(C)p1sp1C(C)(C)C,C*SPC,True,True,False,False,0.045454545454545456,20,11.0,1.0,2.0
CDK_Depict_29_255,B(=S=[V])OO,OOP=S=[V],OOB=[S]=[V],OOP=[S]=[V],True,True,False,False,0.3,6,5.0,0.0,0.0
CDK_Depict_29_256,C1=CO[As]2N1C=CO2,C1=CN2ccO*2O1,C1=CN2C=CO[As]2O1,C1=CN2C=CO*2O1,True,True,False,False,0.21739130434782608,11,8.0,2.0,0.0
CDK_Depict_29_257,[B]CC(=O)NI(COC)COC,*CC(=O)NC(=O)COC,[B]CC(=O)NI(COC)COC,*CC(=O)NC(=O)COC,True,True,False,False,0.29411764705882354,6,12.0,0.0,0.0
CDK_Depict_29_258,CO[Bi](OC)(OC)(OC)OC,CO[Si](OC)(OC)(OC)OC,C[O][Bi]([O]C)([O]C)([O]C)[O]C,,True,False,False,False,0.0,1,11.0,0.0,0.0
CDK_Depict_29_259,B(O)(O)OB(O)OOC,*P(*)OP(*)OOC,COOB(O)OB(O)O,*P(*)OP(*)OOC,True,True,False,False,0.18518518518518517,7,9.0,0.0,0.0
CDK_Depict_29_260,CCSP(=O)(C=COCCOC)SCC,CCSP(=O)(C=CCOCCOC)SCC,CCSP(=O)(C=COCCOC)SCC,CCSP(=O)(C=CCOCCOC)SCC,True,True,False,False,0.5882352941176471,1,15.0,0.0,0.0
CDK_Depict_29_262,B(OC)(OC)[Si](B(OC)OC)(B(OC)OC)B(OC)OC,COC(OC)[Si](C(OC)OC)(C(OC)OC)C(OC)(OC)OC,COB(OC)[Si](B(OC)OC)(B(OC)OC)B(OC)OC,COC(OC)[Si](C(OC)OC)(C(OC)OC)C(OC)(OC)OC,True,True,False,False,0.17391304347826086,10,21.0,0.0,0.0
CDK_Depict_29_263,C(F)(F)(P(=O)(Cl)Cl)P(=O)(Cl)Cl,O=P(Cl)(Cl)Cl,O=P(Cl)(Cl)C(F)(F)P(=O)(Cl)Cl,O=P(Cl)(Cl)Cl,True,True,False,False,0.38461538461538464,20,11.0,0.0,0.0
CDK_Depict_29_264,N1(N(N(N(N1P(Cl)Cl)P(Cl)Cl)P(Cl)Cl)P(Cl)Cl)P(Cl)Cl,CP(Cl)N1N(P(Cl)Cl)NN(P(Cl)CCl)N(P(Cl)Cl)N1P(Cl)Cl.Cl.Cl.Cl.Cl.Cl,ClP(Cl)n1n(P(Cl)Cl)n(P(Cl)Cl)n(P(Cl)Cl)n1P(Cl)Cl,CP(Cl)N1N(P(Cl)Cl)NN(P(Cl)CCl)N(P(Cl)Cl)N1P(Cl)Cl.Cl.Cl.Cl.Cl.Cl,True,True,False,False,0.16129032258064516,27,20.0,1.0,0.0
CDK_Depict_29_265,C[Si](C)(C)NP(=O)(C)N[Si](C)(C)C,CC.C[Si](C)(C)NP(C)(=O)N[Si](C)(C)C,C[Si](C)(C)NP(C)(=O)N[Si](C)(C)C,CC.C[Si](C)(C)NP(C)(=O)N[Si](C)(C)C,True,True,False,False,0.9333333333333333,7,13.0,0.0,0.0
CDK_Depict_29_266,NP(N)[Se]P(N)N,[W]P([W])[Se][pH]([W])[W],NP(N)[Se]P(N)N,,True,False,False,False,0.0,16,7.0,0.0,0.0
CDK_Depict_29_267,CCC(=S(=O)=O)C(=S(=O)=O)C,CCC(=C(C)S(=O)(=O)=O)[SH](=O)=O,CCC(C(C)=S(=O)=O)=S(=O)=O,,True,False,False,False,0.0,13,11.0,0.0,0.0
CDK_Depict_29_268,B(CO)(CO)C(B(CO)CO)B(CO)CO,*C[2H](CC)C([2H](CO)CO)[2H](CO)C[16O],OCB(CO)C(B(CO)CO)B(CO)CO,,True,False,False,False,0.0,19,16.0,0.0,0.0
CDK_Depict_29_269,CN(C)C(=S)[Se](C(=S)N(C)C)(C(=S)N(C)C)C(=S)N(C)C,CN(C)C(=S)[Se](C(=S)N(C)C)(C(=S)N(C)C)C(=S)N(C)C,CN(C)C(=S)[Se](C(=S)N(C)C)(C(=S)N(C)C)C(=S)N(C)C,CN(C)C(=S)[Se](C(=S)N(C)C)(C(=S)N(C)C)C(=S)N(C)C,True,True,True,True,1.0,0,21.0,0.0,0.0
CDK_Depict_29_270,C(=O)(N1N(S1)C(=O)O)O,O=C(O)N1SN1C(=O)O,O=C(O)n1sn1C(=O)O,O=C(O)n1sn1C(=O)O,True,True,True,True,1.0,10,9.0,1.0,0.0
CDK_Depict_29_271,[Si]1(S[Si](S1)(Cl)Cl)(Cl)Cl,Cl[Si]1(Cl)S[Si](Cl)(Cl)S1,Cl[Si]1(Cl)S[Si](Cl)(Cl)S1,Cl[Si]1(Cl)S[Si](Cl)(Cl)S1,True,True,True,True,1.0,14,8.0,1.0,0.0
CDK_Depict_29_272,[B]P(=S)([B]P(=S)(C)O)O,*P(*)(=S)SP(C)(O)=S,[B]P(O)(=S)[B]P(C)(O)=S,*P(*)(=S)SP(C)(O)=S,True,True,False,False,0.28,15,9.0,0.0,2.0
CDK_Depict_29_273,C1=C(S(=C=O)N=N1)Cl,O=C=S1N=NC=C1Cl,O=C=S1N=NC=C1Cl,O=C=S1N=NC=C1Cl,True,True,True,True,1.0,11,8.0,1.0,1.0
CDK_Depict_29_274,CC[Hg]/N=C(\N)/NC#N,C1[18N]N=C(NC#N)N,C[CH2][Hg]/[N]=C(\N)NC#N,,True,False,False,False,0.0,10,9.0,0.0,0.0
CDK_Depict_29_275,C1C2CS[As](S1)SC2,C1S[AsH]2SCC1CS2,C1S[As]2SCC1CS2,C1S[AsH]2SCC1CS2,True,True,False,False,0.3333333333333333,9,8.0,3.0,2.0
CDK_Depict_29_276,C[In](C1CCCC1)C2CCCC2,CC(C1CCCC1)C1CCCC1,[CH3][In]([CH]1CCCC1)[CH]1CCCC1,CC(C1CCCC1)C1CCCC1,True,True,False,False,0.3,6,12.0,2.0,0.0
CDK_Depict_29_277,C[Si](C)(C=S(=O)(C)C)C=S(=O)(C)C,C[Si](C)(C=S(C)(C)=O)C[SH](C)(C)=O,C[Si](C)(C=S(C)(C)=O)C=S(C)(C)=O,C[Si](C)(C=S(C)(C)=O)C[SH](C)(C)=O,True,True,False,False,0.44,11,13.0,0.0,0.0
CDK_Depict_29_278,N1(N(N(N1P(Cl)Cl)P(Cl)Cl)P(Cl)Cl)P(Cl)Cl,ClP(Cl)N1N(P(Cl)Cl)N(P(Cl)Cl)N1P(Cl)Cl,ClP(Cl)N1N(P(Cl)Cl)N(P(Cl)Cl)N1P(Cl)Cl,ClP(Cl)N1N(P(Cl)Cl)N(P(Cl)Cl)N1P(Cl)Cl,True,True,True,True,1.0,17,16.0,1.0,0.0
CDK_Depict_29_279,CC1=NPC(=N1)C,Cc1nnc(C)n1,Cc1n[pH]c(C)n1,,True,False,False,False,0.0,10,7.0,1.0,1.0
CDK_Depict_29_280,CCS(=N)(=S)I,CCS(=N)(=S)I,CCS(=N)(=S)I,CCS(=N)(=S)I,True,True,True,True,1.0,0,6.0,0.0,1.0
CDK_Depict_29_281,P1P2P1P2P3P4P3P4P5P6P5P6P7P8P7P8,[PH]1P2P(P3P4P(P5P6P5P5P6[PH]56)P34)P21,[pH]1p2p(-p3p4p(-p5p6p(-p7p8[pH]p78)p56)p34)p12,,True,False,False,False,0.0,21,16.0,8.0,16.0
CDK_Depict_29_282,C1=NSN=C1C2=NSN=C2,C1=NSN=c1c1ccsn1,c1nsnc1-c1cnsn1,c1cc(-c2cnsn2)ns1,True,True,False,False,0.6363636363636364,10,10.0,2.0,0.0
CDK_Depict_29_284,C1=C[SiH]=CC=[SiH]1,O=s1ccscc1,c1c[siH]cc[siH]1,O=S1C=CSC=C1,True,True,False,False,0.05555555555555555,17,6.0,1.0,0.0
CDK_Depict_29_285,CC1=CP(C=C1C)OP2C=C(C(=C2)C)C,Cc1cP(Oc2cc(C)c(C)c2)cc1C,Cc1cp(Op2cc(C)c(C)c2)cc1C,,True,False,False,False,0.0,20,15.0,2.0,0.0
CDK_Depict_29_286,C1=C(OP(O1)Cl)I,ClP1occ(I)o1,ClP1OC=C(I)O1,ClP1OC=C(I)O1,True,True,True,True,1.0,12,7.0,1.0,1.0
CDK_Depict_29_287,NP(=N)(N)OP(=O)(N)N,*NP(=N*)(OP(N)([NH2-])=O)N(*)*,N=P(N)(N)OP(N)(N)=O,,True,False,False,False,0.0,16,9.0,0.0,0.0
CDK_Depict_29_288,N1(N(PP1)Cl)Cl,ClN1PPN1Cl,ClN1PPN1Cl,ClN1PPN1Cl,True,True,True,True,1.0,9,6.0,1.0,2.0
CDK_Depict_29_289,C[Si](C)(C([Si](C)(C)I)([Si](C)(C)I)[Si](C)(C)I)I,*[SiH](C)C([SiH](C)C)[SiH](C)C,C[Si](C)(I)C([Si](C)(C)I)([Si](C)(C)I)[Si](C)(C)I,*[SiH](C)C([SiH](C)C)[SiH](C)C,True,True,False,False,0.047619047619047616,25,17.0,0.0,0.0
CDK_Depict_29_290,C#[N+][Kr]F,C#[N+][Kr]F,,,False,False,False,False,0.0,0,,,
CDK_Depict_29_291,[2H]C1C(NC(C(N1)[2H])[2H])[2H],[2H]C1NC([2H])C([2H])[NH2+]C1[2H],[2H]C1NC([2H])C([2H])NC1[2H],[2H]C1NC([2H])C([2H])[NH2+]C1[2H],True,True,False,False,0.5,13,10.0,1.0,4.0
CDK_Depict_29_292,CC[Al](CC)O[Al](CC)O[Al](CC)CC,CCCCCCCCCCCCCCCC,C[CH2][Al]([CH2]C)[O][Al]([CH2]C)[O][Al]([CH2]C)[CH2]C,CCCCCCCCCCCCCCCC,True,True,False,False,0.15789473684210525,20,15.0,0.0,0.0
CDK_Depict_29_293,[3H][P+]1=NN=S=C(CCC1)I,[3H][n+]1=n[n+]=s=c(I)CCC1,[3H][P+]1=NN=S=C(I)CCC1,,True,False,False,False,0.0,12,10.0,1.0,1.0
CDK_Depict_29_294,C(=C([XeH])[XeH])(C(=C([XeH])[XeH])[XeH])[XeH],CCCCCCCCCCCCCCCCCCCCCCCCCCCCCCCCCCCCCCCCCCCCCCCCCCCCCCCCCCCCCCCCCCCCCCCCCCCCCCCCCCCCCCCCCCCCCCCCCCCCCCCCCCCCCCCCCCCCCCCCCCCCCCCCCCCCCCCCCCCCCCCCCCCCCCCCCCCCCCCCCC,[XeH]C([XeH])=C([XeH])C([XeH])=C([XeH])[XeH],CCCCCCCCCCCCCCCCCCCCCCCCCCCCCCCCCCCCCCCCCCCCCCCCCCCCCCCCCCCCCCCCCCCCCCCCCCCCCCCCCCCCCCCCCCCCCCCCCCCCCCCCCCCCCCCCCCCCCCCCCCCCCCCCCCCCCCCCCCCCCCCCCCCCCCCCCCCCCCCCCC,True,True,False,False,0.0,158,10.0,0.0,0.0
CDK_Depict_29_295,[2H]C([2H])([2H])[As](=O)(C([2H])([2H])[2H])O[2H],[2HH].[2HH].[2HH].[2HH]O[As]([2HH])(=O)=O,[2H]O[As](=O)(C([2H])([2H])[2H])C([2H])([2H])[2H],,True,False,False,False,0.0,30,12.0,0.0,0.0
CDK_Depict_29_296,N([SiH3])([SiH3])[SiH2]O[SiH2]N([SiH3])[SiH3],[SiH3]N([SiH3])[SiH2]O[SiH2]N([SiH3])[SiH3],[SiH3]N([SiH3])[SiH2]O[SiH2]N([SiH3])[SiH3],[SiH3]N([SiH3])[SiH2]O[SiH2]N([SiH3])[SiH3],True,True,True,True,1.0,3,9.0,0.0,6.0
CDK_Depict_29_297,C(F)(I)(I)[I-]Br,CC.C[Br-],FC(I)(I)[I-]Br,,True,False,False,False,0.0,13,6.0,0.0,0.0
CDK_Depict_29_298,C1CC1[Sn](C2CC2)(I)I,C1CC1.C1CC1,[I][Sn]([I])([CH]1CC1)[CH]1CC1,C1CC1.C1CC1,True,True,False,False,0.07692307692307693,12,9.0,2.0,0.0
CDK_Depict_29_299,C12N([As](S1)S2)N,[NH2-]N1*2SC21,NN1C2S[As]1S2,,True,False,False,False,0.0,14,6.0,3.0,2.0
CDK_Depict_29_300,C1(=C(SC(=C1Br)Br)Br)Br,[1*]c1sc([1*])c([1*])c1[1*],Brc1sc(Br)c(Br)c1Br,[1*]c1sc([1*])c([1*])c1[1*],True,True,False,False,0.17647058823529413,23,9.0,1.0,0.0
CDK_Depict_29_301,C1C[As]2O[As]3CCC[As](O3)O[As](C1)O2,CC1(C)(=O)CCCC(C)(=O)(OC2(C)(=O)CCCC(C)(=O)(O)O2)O1,C1C[As]2O[As](C1)O[As]1CCC[As](O1)O2,,True,False,False,False,0.0,39,14.0,3.0,4.0
CDK_Depict_29_302,S1S[SbH]SS[SbH]1,S1S[SbH+]SS[SbH+]1,[S]1[S][SbH][S][S][SbH]1,[S]1[S][SbH+][S][S][SbH+]1,True,True,False,False,0.09090909090909091,2,6.0,1.0,0.0
CDK_Depict_29_303,CP(#P)P=PP=PP=PP=PP=PP,*=PP=PPPPPPPPP(C)P,CP(#P)P=PP=PP=PP=PP=PP,*=PP=PPPPPPPPP(C)P,True,True,False,False,0.16216216216216217,11,14.0,0.0,11.0
CDK_Depict_29_304,C1(=O)OC(=O)OOOO1,O=C1OOOOC(=O)O1,O=c1ooooc(=O)o1,O=c1ooooc(=O)o1,True,True,True,True,1.0,8,9.0,1.0,0.0
CDK_Depict_29_305,C1=C(SSSSSS1)S,SC1=CSSS1,Sc1cssssss1,SC1=CSSS1,True,True,False,False,0.18518518518518517,7,9.0,1.0,0.0
CDK_Depict_29_306,CO[P+]1=PC1,CO[p+2]1[p+2]C1,CO[P+]1=PC1,,True,False,False,False,0.0,7,5.0,1.0,2.0
CDK_Depict_29_307,B(=NSC#N)C(=O)C,C#N.CC(=O)/[SH]=N/S,CC(=O)B=NSC#N,C#N.CC(=O)/[SH]=N/S,True,True,False,False,0.21875,16,8.0,0.0,0.0
CDK_Depict_29_308,[2H]P(COC)POCOC,CO.[2H]PPOCOC,[2H]P(COC)POCOC,CO.[2H]PPOCOC,True,True,False,False,0.3793103448275862,8,10.0,0.0,2.0
CDK_Depict_29_310,B1=BC=CC=B1,b1pcccp=1,b1bcccb1,b1pcccp1,True,True,False,False,0.17647058823529413,8,6.0,1.0,0.0
CDK_Depict_29_311,C(N=[N+]=[N-])(N=[N+]=[N-])(N=[N+]=[N-])F,[N-]=[N+]=NC(F)(N=[N+]=[N-])N=[N+]=N,[N-]=[N+]=NC(F)(N=[N+]=[N-])N=[N+]=[N-],[N-]=[N+]=NC(F)(N=[N+]=[N-])N=[N+]=N,True,True,False,False,0.7222222222222222,14,11.0,0.0,1.0
CDK_Depict_29_312,CN[Al](NN)NN[Al](NN)NN[Al](NC)NN,*[NH2+][AlH2](N)N.C[NH2+][AlH2](N[AlH2][AlH2](N)N[14AlH2])[AlH2][12AlH2],C[NH][Al]([NH]N)[NH][NH][Al]([NH]N)[NH][NH][Al]([NH]C)[NH]N,,True,False,False,False,0.0,50,17.0,0.0,0.0
CDK_Depict_29_313,N(=[Al]OO)OO,OO*OO,OO[N]=[Al][O]O,OO*OO,True,True,False,False,0.16666666666666666,8,6.0,0.0,0.0
CDK_Depict_29_315,C1(=O)C(=S(=O)=O)N1,O=C1CS(=O)(=O)N1,O=c1[nH]c1=S(=O)=O,O=C1CS(=O)(=O)N1,True,True,False,False,0.17391304347826086,8,7.0,1.0,0.0
CDK_Depict_29_316,[2H]P(CSBr)Br,*P([2H])CS,[2H]P(Br)CSBr,*P([2H])CS,True,True,False,False,0.19047619047619047,10,6.0,0.0,1.0
CDK_Depict_29_317,N(S)([Hg])[Hg],SN([Ho])[Ho],S[N]([Hg])[Hg],S[N]([Ho])[Ho],True,True,False,False,0.3333333333333333,5,4.0,0.0,0.0
CDK_Depict_29_318,CCC[As](=S)(CCC)CCC,CCCC.CCCC(=S)CCC,CCC[As](=S)(CCC)CCC,CCCC.CCCC(=S)CCC,True,True,False,False,0.25,11,11.0,0.0,0.0
CDK_Depict_29_319,[B-]([B-]([S+](C)C)(I)I)([S+](C)C)(I)I,C[S+](C)[PH](C)(C)[PH](C)(C)[S+](C)C,C[S+](C)[B-](I)(I)[B-](I)(I)[S+](C)C,C[S+](C)[PH](C)(C)[PH](C)(C)[S+](C)C,True,True,False,False,0.1875,24,12.0,0.0,0.0
CDK_Depict_29_320,C1([Te][Te]C([Te][Te]1)([SiH3])[SiH3])([SiH3])[SiH3],[S1]C1([S1H])[Te][Te]C([S1H3])(C)[SH3+],[SiH3]C1([SiH3])[Te][Te]C([SiH3])([SiH3])[Te][Te]1,,True,False,False,False,0.0,30,10.0,1.0,6.0
CDK_Depict_29_321,B(=O)O[Al](OB=O)OB=O,O=pO[Al](OSO)O[SH]=O,O=B[O][Al]([O]B=O)[O]B=O,,True,False,False,False,0.0,10,10.0,0.0,0.0
CDK_Depict_29_322,C([N+]1=NN=NN1)[N+](=O)[O-],O=[N+]([O-])C[N+]1N[nH]n[nH]1,O=[N+]([O-])C[n+]1nnn[nH]1,,True,False,False,False,0.0,21,9.0,1.0,0.0
CDK_Depict_29_323,CP=1=CC=CP=C1,C/C=C\cn(C)=C=P,CP1=C=PC=CC=1,,True,False,False,False,0.0,10,7.0,1.0,2.0
CDK_Depict_29_324,N1=[SiH]N2N([SiH2]1)[SiH]=N[SiH2]2,n1[s+]N2[SH]=[nH][SH2+]N2[s+]1,N1=[SiH]N2[SiH2]N=[SiH]N2[SiH2]1,,True,False,False,False,0.0,23,8.0,2.0,2.0
CDK_Depict_29_325,C[Si-][Si](C)[Si](C)[Si](C)[Si](C)[Si](C)N,C[Si]S(C)[SiH][Si](C)[SiH][SiH](C)[NiH2],C[Si-][Si](C)[Si](C)[Si](C)[Si](C)[Si](C)N,C[Si][SH](C)[SiH][Si](C)[SiH][SiH](C)[NiH2],True,True,False,False,0.07894736842105263,18,13.0,0.0,0.0
CDK_Depict_29_326,O[P+](O)(O[Sn]F)F,O[P+2](O)(O)F,O[P+](O)(F)[O][Sn][F],,True,False,False,False,0.0,6,7.0,0.0,0.0
CDK_Depict_29_327,C(#N)P=C([SiH3])[SiH3],C=N.C=[SH](=O)=C(=P)=P,N#CP=C([SiH3])[SiH3],,True,False,False,False,0.0,19,6.0,0.0,3.0
CDK_Depict_29_328,[2H]C([2H])(C1=CC=CC=C1C([2H])([2H])Br)Br,[2HH].[2HH].[2HH].[2HH].[Br-],[2H]C([2H])(Br)c1ccccc1C([2H])([2H])Br,[2HH].[2HH].[2HH].[2HH].[Br-],True,True,False,False,0.0,28,14.0,1.0,0.0
CDK_Depict_29_329,C1=C[Se]S2=C1C=C[Se]2,C1=Cc2cc[Se][sH]2s1,C1=CC2=S([Se]1)[Se]C=C2,,True,False,False,False,0.0,15,8.0,2.0,0.0
CDK_Depict_29_330,N(=[Ta](Cl)(Cl)Cl)N=[Ta](Cl)(Cl)Cl,Cl[Tc](Cl)(Cl)=NN=[Tc](Cl)(Cl)Cl,[Cl][Ta]([Cl])([Cl])=[N][N]=[Ta]([Cl])([Cl])[Cl],[Cl][Tc]([Cl])([Cl])=[N][N]=[Tc]([Cl])([Cl])[Cl],True,True,False,False,0.14285714285714285,8,10.0,0.0,0.0
CDK_Depict_29_331,[3H]NI(F)[I-]P=S=S,*[NH2+]*(F)*p=S,[3H]NI(F)[I-]P=S=S,,True,False,False,False,0.0,13,8.0,0.0,1.0
CDK_Depict_29_332,C=CP(=O)(C=C)O[Al](OP(=O)(C=C)C=C)OP(=O)(C=C)C=C,C=CP(=O)(C=C)O*(OP(=O)(C=C)C=C)OP(=o)(C=C)C=C,C=CP(=O)(C=C)[O][Al]([O]P(=O)(C=C)C=C)[O]P(=O)(C=C)C=C,,True,False,False,False,0.0,5,22.0,0.0,0.0
CDK_Depict_29_334,C1=C2C(=NC=N1)C=NC(=N2)C(=O)O,O=C(O)c1ncc2ncncc2N=1,O=C(O)c1ncc2ncncc2n1,O=C(O)c1ncc2ncncc2n1,True,True,True,True,1.0,24,13.0,2.0,0.0
CDK_Depict_29_335,CC(CSC(CCSCC(CS)F)F)(F)F,CSCC(F)CSCCC(F)SCF,CC(F)(F)CSC(F)CCSCC(F)CS,CSCC(F)CSCCC(F)SCF,True,True,False,False,0.46153846153846156,13,16.0,0.0,2.0
CDK_Depict_29_336,C(C(F)(Br)I)(F)(F)I,CBr.F,FC(F)(I)C(F)(Br)I,CBr.F,True,True,False,False,0.07692307692307693,15,8.0,0.0,1.0
CDK_Depict_29_337,C[Si](=[Os]=[Si](C)C)C,C=[Sr]=[Os-]=SC,C[Si](C)=[Os]=[Si](C)C,[CH2]=[Sr]=[Os-]=[SH]C,True,True,False,False,0.05,12,7.0,0.0,0.0
CDK_Depict_29_339,C/C(=N\SI)/OSI,CSO/C(C)=N/SI,C/C(=N\SI)OSI,CSO/C(C)=N/SI,True,True,False,False,0.6818181818181818,9,8.0,0.0,0.0
CDK_Depict_29_340,[Mg]=[As][Mg][As]=[Mg],[Na]=[As][Mg][As]=[Mg],[Mg]=[As][Mg][As]=[Mg],[Na]=[As][Mg][As]=[Mg],True,True,False,False,0.5384615384615384,2,5.0,0.0,2.0
CDK_Depict_29_341,O1[As](O[Hg]1)O[Hg]O[As]2O[Hg]O2,[16H][16H]1OC[As](CO*O*2O[16H]O2)O1,[O]1[Hg][O][As]1[O][Hg][O][As]1[O][Hg][O]1,,True,False,False,False,0.0,24,11.0,2.0,0.0
CDK_Depict_29_342,C(S)S[Sn](SCS)(SCS)SCS,SCS[Sr](SCS)(SCS)SCS,SC[S][Sn]([S]CS)([S]CS)[S]CS,SC[S][Sr]([S]CS)([S]CS)[S]CS,True,True,False,False,0.29411764705882354,4,13.0,0.0,0.0
CDK_Depict_29_343,F[Si](F)(F)P([Si](F)(F)F)[Si](F)(F)F,F[Si](F)(F)P([Si](F)(F)F)[Si](F)(F)F,F[Si](F)(F)P([Si](F)(F)F)[Si](F)(F)F,F[Si](F)(F)P([Si](F)(F)F)[Si](F)(F)F,True,True,True,True,1.0,0,13.0,0.0,0.0
CDK_Depict_29_344,CCC[I-][Si](S)([I-]CCC)[I-]CCC,CCCC[Si](S)([IH]CCC)[IH]CCC,CCC[I-][Si](S)([I-]CCC)[I-]CCC,CCCC[Si](S)([IH]CCC)[IH]CCC,True,True,False,False,0.25925925925925924,6,14.0,0.0,0.0
CDK_Depict_29_346,O([P+](OBr)(OBr)Br)Br,*O[P+](*)(O*)O*,BrO[P+](Br)(OBr)OBr,*O[P+](*)(O*)O*,True,True,False,False,0.125,12,8.0,0.0,0.0
CDK_Depict_29_347,C(=C/[As](=O)Cl)\Cl,O=*(Cl)C=CCl,O=[As](Cl)/C=C/Cl,O=*(Cl)C=CCl,True,True,False,False,0.23809523809523808,13,6.0,0.0,1.0
CDK_Depict_29_348,P(=S)(P(=S)(I)I)(I)I,S=P(I)(I)[PH](=S)(I)I,S=P(I)(I)P(=S)(I)I,,True,False,False,False,0.0,13,8.0,0.0,0.0
CDK_Depict_29_349,C1=CSN=C1C(O)O,OCc1ccSN1,OC(O)c1ccsn1,,True,False,False,False,0.0,11,8.0,1.0,0.0
CDK_Depict_29_350,C(=S)(C(=S)I)I,S=C(I)C(=S)I,S=C(I)C(=S)I,S=C(I)C(=S)I,True,True,True,True,1.0,7,6.0,0.0,0.0
CDK_Depict_29_351,C1(N=NC(=[Se])S1)[Se],[SeH]c1nnc(=[SeH])s1,[Se]C1N=NC(=[Se])S1,,True,False,False,False,0.0,17,7.0,1.0,1.0
CDK_Depict_29_352,O=[Se](=O)(F)F,O=[Se](=O)(F)F,O=[Se](=O)(F)F,O=[Se](=O)(F)F,True,True,True,True,1.0,0,5.0,0.0,0.0
CDK_Depict_29_353,C[N+]1(C=[N+]=NCC#C1)C,CN1ccCCN=[NH+]c1,C[N+]1(C)C#CCN=[N+]=C1,CN1C=CCCN=[NH+]C1,True,True,False,False,0.0975609756097561,15,9.0,1.0,0.0
CDK_Depict_29_354,[2H]NN([2H])/N=N/N([2H])[2H],[2H]NN([2H])/N=N/N([2H])[2H],[2H]NN([2H])/N=N/N([2H])[2H],[2H]NN([2H])/N=N/N([2H])[2H],True,True,True,True,1.0,0,9.0,0.0,0.0
CDK_Depict_29_356,C1=C([As]C=C1Br)F,Fc1cc(I)c[As]1,FC1=CC(Br)=C[As]1,FC1=CC(I)=C[As]1,True,True,False,False,0.4782608695652174,14,7.0,1.0,1.0
CDK_Depict_29_357,C1=NC(=N)SS1,N=C1N=CSS1,N=c1ncss1,N=c1ncss1,True,True,True,True,1.0,7,6.0,1.0,0.0
CDK_Depict_29_358,N1=S=NSS(=NS1)Cl,Cls1nsns=nS1,ClS1=NSN=S=NS1,,True,False,False,False,0.0,13,8.0,1.0,1.0
CDK_Depict_29_359,CCOC(=O)C[As](=O)(O)O,CCOC(=O)C[As](=O)(O)O,CCOC(=O)C[As](=O)(O)O,CCOC(=O)C[As](=O)(O)O,True,True,True,True,1.0,0,10.0,0.0,0.0
CDK_Depict_29_360,B(C(C)(C)C)(P(=O)(O)O)P(=O)(O)O,CB(P(=O)(O)O)P(=O)(O)O,CC(C)(C)B(P(=O)(O)O)P(=O)(O)O,CB(P(=O)(O)O)P(=O)(O)O,True,True,False,False,0.42105263157894735,10,13.0,0.0,0.0
CDK_Depict_29_361,CO[Sn](OC)(OC)Br,CO[Sr+](Br)(OC)OC,C[O][Sn]([Br])([O]C)[O]C,C[O][Sr+]([Br])([O]C)[O]C,True,True,False,False,0.25,6,8.0,0.0,0.0
CDK_Depict_29_362,CCCN[Si](NCC)(OC)OC,CCCN[Si](O)(NC)OC,CCCN[Si](NCC)(OC)OC,CCCN[Si](O)(NC)OC,True,True,False,False,0.4482758620689655,4,12.0,0.0,0.0
CDK_Depict_29_363,C([As](C[As](I)I)I)[As](C[As](I)I)I,C[As](I)(I)C[As](I)(I)C[As](I)(I)I,I[As](I)C[As](I)C[As](I)C[As](I)I,C[As](I)(I)C[As](I)(I)C[As](I)(I)I,True,True,False,False,0.08333333333333333,14,13.0,0.0,2.0
CDK_Depict_29_364,C(=N[P-](N=C=O)(N=C=O)(N=C=O)(N=C=O)N=C=O)=O,C=N[PH](C)(N=C=O)(N=C=O)(N=C=O)(N=C=O)N=C=O,O=C=N[P-](N=C=O)(N=C=O)(N=C=O)(N=C=O)N=C=O,,True,False,False,False,0.0,8,19.0,0.0,0.0
CDK_Depict_29_365,O=I(=O)O[Bi](OI(=O)=O)OI(=O)=O,CO[SiH](OI(=O)=O)OI(=O)=O,[O-][I+2]([O-])[O][Bi]([O][I+2]([O-])[O-])[O][I+2]([O-])[O-],CO[SiH](O[I+2]([O-])[O-])O[I+2]([O-])[O-],True,True,False,False,0.23809523809523808,9,13.0,0.0,0.0
CDK_Depict_29_367,B(=[S-](=O)I)C,C[SH]=S(=O)=[I-],CB=[S-](=O)I,C[SH]=S(=O)=[I-],True,True,False,False,0.1,10,5.0,0.0,0.0
CDK_Depict_29_368,C=[N+](C(=S(=S)=S)N[S-])[S-],C=[N+]([S-])C([14NH][S-])=S(=S)=S,C=[N+]([S-])C(N[S-])=S(=S)=S,C=[N+]([S-])C([14NH][S-])=S(=S)=S,True,True,False,True,1.0,20,9.0,0.0,0.0
CDK_Depict_29_369,C1=C(N=C[Se]1)[N+](=O)[O-],O=[N+](O)c1c[Se]C=N1,O=[N+]([O-])c1c[se]cn1,O=[N+](O)c1c[se]cn1,True,True,False,False,0.6153846153846154,20,8.0,1.0,0.0
CDK_Depict_29_370,[Si]([Si](Br)(Br)Br)([Si](Br)(Br)Br)(Br)Br,CC(C)[Si](C(C)C)[Si](Br)(Br)Br.[Br-],Br[Si](Br)(Br)[Si](Br)(Br)[Si](Br)(Br)Br,CC(C)[Si](C(C)C)[Si](Br)(Br)Br.[Br-],True,True,False,False,0.16666666666666666,18,11.0,0.0,0.0
CDK_Depict_29_371,CN(CO)C(=O)OSSOC(=O)N,*C(=O)OSSOC(=O)N(C)CO,CN(CO)C(=O)OSSOC(N)=O,*C(=O)OSSOC(=O)N(C)CO,True,True,False,False,0.6666666666666666,11,13.0,0.0,0.0
CDK_Depict_29_372,B1(B(O1)Br)Br,Bb1OB1Br,BrB1OB1Br,BB1OB1Br,True,True,False,False,0.5454545454545454,8,5.0,1.0,0.0
CDK_Depict_29_373,C(=C(Cl)Cl)(OOC(=C(Cl)Cl)Cl)Cl,ClC(Cl)=C(Cl)OOC(Cl)=C(Cl)Cl,ClC(Cl)=C(Cl)OOC(Cl)=C(Cl)Cl,ClC(Cl)=C(Cl)OOC(Cl)=C(Cl)Cl,True,True,True,True,1.0,12,12.0,0.0,0.0
CDK_Depict_29_375,CCC1CC=[N+]=C1,CCC1ccn(C)c1,CCC1C=[N+]=CC1,,True,False,False,False,0.0,9,7.0,1.0,1.0
CDK_Depict_29_376,C1C=[Sb]C=[Sb]1,*1C=[Sb]Cc1,[CH]1=[Sb][CH]=[Sb][CH2]1,*1[CH]=[Sb][CH2]C1,True,True,False,False,0.17391304347826086,6,5.0,1.0,0.0
CDK_Depict_29_379,CCP(=NC)=[S-](=O)I,CC[PH](=NC)[SH](C)=O,CCP(=NC)=[S-](=O)I,CC[PH](=NC)[SH](C)=O,True,True,False,False,0.1935483870967742,9,8.0,0.0,1.0
CDK_Depict_29_380,C(=O)=[Os](=C=O)(=C=O)Cl,O=C=[Cs](=O)(=O)=O,O=[C]=[Os]([Cl])(=[C]=O)=[C]=O,,True,False,False,False,0.0,11,8.0,0.0,0.0
CDK_Depict_29_381,CC(C#C)S(=C=C)(=C=C)C#C,C#CC(C)S(=C=C)(C#C)=C(=C)=C,C#CC(C)S(=C=C)(=C=C)C#C,,True,False,False,False,0.0,10,11.0,0.0,1.0
CDK_Depict_29_384,C[Si](C)(C)/N=S(/C(F)(F)F)\Cl,C[Si](C)(C)N=S(Cl)Cl,C[Si](C)(C)/N=S(\Cl)C(F)(F)F,C[Si](C)(C)N=S(Cl)Cl,True,True,False,False,0.47619047619047616,10,11.0,0.0,1.0
CDK_Depict_29_385,P1(=[Se])([Se][Se]P(=[Se])([Se][Se]1)[Se-])[Se-],[S-][PH]1(=[Se])[Se][Se][PH](=[Se])(=[Se])[Se][Se]1,[Se]=P1([Se-])[Se][Se]P(=[Se])([Se-])[Se][Se]1,,True,False,False,False,0.0,20,10.0,1.0,2.0
CDK_Depict_29_386,C(CCl)N(CCCl)NC(=S)NN(CCCl)CCCl,CCCN(CCCl)CNC(=S)NN(CCCl)CCCl,S=C(NN(CCCl)CCCl)NN(CCCl)CCCl,CCCN(CCCl)CNC(=S)NN(CCCl)CCCl,True,True,False,False,0.5483870967741935,4,18.0,0.0,0.0
CDK_Depict_29_387,Cl[Zn-](Cl)Br,Cl[Zr-]([Cl-])[Br-].[Cl-],[Cl][Zn-]([Cl])[Br],,True,False,False,False,0.0,13,4.0,0.0,0.0
CDK_Depict_29_388,[2H]P([3H])C(=C=C=C=C=C=C=C)[I-]C#CC#CC#C,C#CC#CC#CCC(=[(]ccccc)P([34])C)[IH]C#CC#CC#C,[2H]P([3H])C(=C=C=C=C=C=C=C)[I-]C#CC#CC#C,,True,False,False,False,0.0,28,18.0,0.0,1.0
CDK_Depict_29_389,[B-]12(OCC(CO1)(CO2)C)C#CC,CC#C[SiH]12OCC(C)(CO1)O2,CC#C[B-]12OCC(C)(CO1)CO2,,True,False,False,False,0.0,17,12.0,3.0,2.0
CDK_Depict_29_390,C[Si](C)(C)C[As](C)(C[Si](C)(C)C)(C[Si](C)(C)C)I,C[Si](C)(C)C[Si](C)(C)C[Si](C)(C)C,C[Si](C)(C)C[As](C)(I)(C[Si](C)(C)C)C[Si](C)(C)C,C[Si](C)(C)C[Si](C)(C)C[Si](C)(C)C,True,True,False,False,0.2631578947368421,14,18.0,0.0,0.0
CDK_Depict_29_391,COC#COC#COC#COC#COC,CCOC#COC#COC#CO,COC#COC#COC#COC#COC,CCOC#COC#COC#CO,True,True,False,False,0.30434782608695654,4,15.0,0.0,0.0
CDK_Depict_29_392,[N-]=[N+]=N[P+](N=[N+]=[N-])(N=[N+]=[N-])Cl,[N-]=[N+]=N[P+](Cl)(N=[N+]=[N-])N=[N+]=[N-],[N-]=[N+]=N[P+](Cl)(N=[N+]=[N-])N=[N+]=[N-],[N-]=[N+]=N[P+](Cl)(N=[N+]=[N-])N=[N+]=[N-],True,True,True,True,1.0,8,11.0,0.0,1.0
CDK_Depict_29_393,CSC(NN)(NN)NI,CNC(NN)(N[124NH])SC,CSC(NN)(NN)NI,CNC(NN)(N[124NH])SC,True,True,False,False,0.48,9,9.0,0.0,0.0
CDK_Depict_29_394,CP1P(P(P(P1C)C)C)C,CP1ppp[pH]1,Cp1p(C)p(C)p(C)p1C,,True,False,False,False,0.0,14,10.0,1.0,5.0
CDK_Depict_29_395,[B]1N[B]N[B]N[B]N[B]N1,B[Ar+]b[Ar+]bNb[sH][sH][sH]s,[B]1N[B]N[B]N[B]N[B]N1,,True,False,False,False,0.0,21,10.0,1.0,0.0
CDK_Depict_29_396,CN1[P+](=O)N([P+](=O)N([P+]1=O)C)C,CN1[P+](=O)N(C)[P+](=O)N(C)[P+]1=O,Cn1[p+](=O)n(C)[p+](=O)n(C)[p+]1=O,Cn1[p+](=O)n(C)[p+](=O)n(C)[p+]1=O,True,True,True,True,1.0,8,12.0,1.0,3.0
CDK_Depict_29_397,[3H][I-](O[N+](=O)[O-])(O[N+](=O)[O-])O[N+](=O)[O-],*[CH+]O[N+](=O)O[N+](=O)[O-].CO[N+](=O)O,[3H][I-](O[N+](=O)[O-])(O[N+](=O)[O-])O[N+](=O)[O-],*[CH+]O[N+](=O)O[N+](=O)[O-].CO[N+](=O)O,True,True,False,False,0.20588235294117646,18,14.0,0.0,0.0
CDK_Depict_29_398,CCCC[Se]C(=S)Br,CCCC[Se]C(=S)Br,CCCC[Se]C(=S)Br,CCCC[Se]C(=S)Br,True,True,True,True,1.0,0,8.0,0.0,0.0
CDK_Depict_29_399,[Fe](#[As])#[As],[As]#*#[As],[As]#[Fe]#[As],[As]#*#[As],True,True,False,False,0.14285714285714285,8,3.0,0.0,0.0
CDK_Depict_29_400,C[Sb](C)(C)(N=[N+]=[N-])N=[N+]=[N-],C*(C)(N=[N+]=[N-])N=[N+]=[N-],[CH3][Sb]([CH3])([CH3])([N]=[N+]=[N-])[N]=[N+]=[N-],C*(C)(N=[N+]=[N-])N=[N+]=[N-],True,True,False,False,0.3,7,10.0,0.0,0.0
CDK_Depict_30_1,C[Si](C)(C)C=[Mo](#[Mo](=C[Si](C)(C)C)Br)Br,C[SiH](C)C[Mo](=O)Br,C[Si](C)(C)[CH]=[Mo]([Br])#[Mo]([Br])=[CH][Si](C)(C)C,C[SiH](C)[CH2][Mo](=[O])[Br],True,True,False,False,0.16666666666666666,26,14.0,0.0,0.0
CDK_Depict_30_2,CN(C)C(=[Cr])N=C=O,[C-]c([n+]=C=[O-])[n+]([C-])[n+],CN(C)[C](=[Cr])N=C=O,,True,False,False,False,0.0,25,8.0,0.0,0.0
CDK_Depict_30_3,B1(C=NB(C=N1)F)F,CCCCCCCCCCCCCCCCCCCCCCCCCCCCCCCCCCCCCCCCCCCCCCCCCCCCCCCCCCCCCCCCCCCCCCCCCCCCCCCCCCCCCCCCCCCCCCCCCCCCCCCCCCC)CCCCCCCCCCCCCCCCCCCCCCCCCCCCCCC)CCCCCCCCCCCC)CCCCCCCC)CCCC,FB1C=NB(F)C=N1,,True,False,False,False,0.0,162,8.0,1.0,0.0
CDK_Depict_30_4,C[Pb](I)(I)I,Cp(C)C,[CH3][Pb]([I])([I])[I],,True,False,False,False,0.0,9,5.0,0.0,0.0
CDK_Depict_30_5,C1[Si][Si]SS1,CSS[S-],C1[Si][Si]SS1,CSS[S-],True,True,False,False,0.0,8,5.0,1.0,0.0
CDK_Depict_30_6,[B]S(=S)(=S)N=S,S=S=S(=S)(=S)S,[B]S(=S)(=S)N=S,,True,False,False,False,0.0,6,6.0,0.0,0.0
CDK_Depict_30_7,CON1C=NN=N1,CON.NN,COn1cnnn1,CON.NN,True,True,False,False,0.13636363636363635,6,7.0,1.0,0.0
CDK_Depict_30_8,O=P12OP3P(O1)P3O2,O.O.O.O,O=P12Op3p(p3O1)O2,O.O.O.O,True,True,False,False,0.0,13,8.0,4.0,4.0
CDK_Depict_30_9,CCS[Al](C(C)C)SCC,CC(C)C.CCSC(C)SCC,CC[S][Al]([S]CC)[CH](C)C,CC(C)C.CCSC(C)SCC,True,True,False,False,0.3333333333333333,8,10.0,0.0,0.0
CDK_Depict_30_10,C1(=S)SC(S1)(Br)Br,CCS,S=C1SC(Br)(Br)S1,CCS,True,True,False,False,0.0,15,7.0,1.0,0.0
CDK_Depict_30_11,C1=C(OC(=O)S1)Br,C=CC.CCC.CCC,O=c1oc(Br)cs1,C=CC.CCC.CCC,True,True,False,False,0.0,12,7.0,1.0,0.0
CDK_Depict_30_12,CC(C)/C(=C\[Se](C)(Cl)Cl)/Cl,C.CCC,CC(C)/C(Cl)=C\[Se](C)(Cl)Cl,C.CCC,True,True,False,False,0.045454545454545456,24,10.0,0.0,0.0
CDK_Depict_30_13,C(=S)(N)OP(OC(=S)N)OC(=S)N,*C(=C)C.COC(N)=S,NC(=S)OP(OC(N)=S)OC(N)=S,*C(=C)C.COC(N)=S,True,True,False,False,0.30434782608695654,16,13.0,0.0,0.0
CDK_Depict_30_14,N1=P(N=P(N=P1(Br)Br)(Br)Br)(Br)Br,[2H][2H][2H][2H][2H],BrP1(Br)=NP(Br)(Br)=NP(Br)(Br)=N1,,True,False,False,False,0.0,33,12.0,1.0,0.0
CDK_Depict_30_15,C(CS[Se]SCCO)O,OCCSCCSCCO,OCCS[Se]SCCO,OCCSCCSCCO,True,True,False,False,0.4117647058823529,8,9.0,0.0,0.0
CDK_Depict_30_16,P1(=S)(P(=S)(P(=S)(P1(=S)S)S)S)S,[2H][2H](=S)[2H]([Si+])=S.[2H][2H]([Si])[2H]([4H])=S,S=P1(S)P(=S)(S)P(=S)(S)P1(=S)S,,True,False,False,False,0.0,39,12.0,1.0,4.0
CDK_Depict_30_17,C(=O)(N)[Te]C(=O)N,CC(=O)CC(N)=O.N.N,NC(=O)[Te]C(N)=O,CC(=O)CC(N)=O.N.N,True,True,False,False,0.25,12,7.0,0.0,0.0
CDK_Depict_30_18,C(F)(F)(F)[Sn](C(F)(F)F)(Br)Br,CCCCCCCl,F[C](F)(F)[Sn]([Br])([Br])[C](F)(F)F,CCCCCCCl,True,True,False,False,0.0,28,11.0,0.0,0.0
CDK_Depict_30_20,CC(C)NOP(=O)(Cl)Cl,Cl.NO[PH](=O)Cl,CC(C)NOP(=O)(Cl)Cl,Cl.NO[PH](=O)Cl,True,True,False,False,0.1111111111111111,11,9.0,0.0,0.0
CDK_Depict_30_25,C(CS[Ge](=O)O[Ge](=O)SCCN)N,CS[Ge-](=O)O[Ge-](=O)SCCN,NCC[S][Ge](=[O])[O][Ge](=[O])[S]CCN,C[S][Ge-](=[O])[O][Ge-](=[O])[S]CCN,True,True,False,False,0.28125,6,13.0,0.0,0.0
CDK_Depict_30_26,C[Si](C)(C)[N+](=O)O[Si](C)(C)C,C*(C)*(=O)O*(C)(C)C,C[Si](C)(C)O[N+](=O)[Si](C)(C)C,C*(C)*(=O)O*(C)(C)C,True,True,False,False,0.10714285714285714,15,11.0,0.0,0.0
CDK_Depict_30_27,[B][B][Si](B([B])[B])(C)OC,CO[SiH2]OC,[B][B][Si](C)(OC)B([B])[B],CO[SiH2]OC,True,True,False,False,0.13043478260869565,20,9.0,0.0,1.0
CDK_Depict_30_28,S([Tl])[Tl],CC.CC,[Tl][S][Tl],CC.CC,True,True,False,False,0.0,11,3.0,0.0,0.0
CDK_Depict_30_29,C1=CN(C=C1)[Si](N2C=CC=C2)N3C=CC=C3,C1CCNC1.C1CCNC1.CN1cccc1,c1ccn([Si](n2cccc2)n2cccc2)c1,C1CCNC1.C1CCNC1.Cn1cccc1,True,True,False,False,0.20833333333333334,25,16.0,3.0,0.0
CDK_Depict_30_30,[2H]C(P)(S)S[2H],[2H]SC([2H])([2H])S,[2H]SC([2H])(P)S,[2H]SC([2H])([2H])S,True,True,False,False,0.17647058823529413,8,6.0,0.0,1.0
CDK_Depict_30_31,O=[Si](P)P=O,Cp=O.O=pp,O=P[Si](=O)P,,True,False,False,False,0.0,12,5.0,0.0,1.0
CDK_Depict_30_32,[N-]=[N+]=N[Ge](=O)[O-],[N-]=[N+]=N[Ce](=O)[O-],[N-]=[N+]=[N][Ge](=[O])[O-],[N-]=[N+]=[N][Ce](=[O])[O-],True,True,False,False,0.30434782608695654,1,6.0,0.0,0.0
CDK_Depict_30_33,N[N+]1=NON=N1,[Zn+2][n+]1nnc[n+]1,N[n+]1nnon1,,True,False,False,False,0.0,14,6.0,1.0,0.0
CDK_Depict_30_34,C[Pb](C)(C)N([Pb](C)(C)C)[Pb](C)(C)C,C[Pb](C)(C)C,[CH3][Pb]([CH3])([CH3])[N]([Pb]([CH3])([CH3])[CH3])[Pb]([CH3])([CH3])[CH3],[CH3][Pb]([CH3])([CH3])[CH3],True,True,False,False,0.3333333333333333,24,13.0,0.0,0.0
CDK_Depict_30_35,CS[Sb](C)Cl,CS*(C)Cl,C[S][Sb]([CH3])[Cl],CS*(C)Cl,True,True,False,False,0.25,4,5.0,0.0,0.0
CDK_Depict_30_36,CCCC[Sn]1(OOO1)OOO[Sn]2(OOO2)CCCC,CCCCCCCCCCCCCCCCCCCC,CCC[CH2][Sn]1([O]O[O][Sn]2([CH2]CCC)[O]O[O]2)[O]O[O]1,CCCCCCCCCCCCCCCCCCCC,True,True,False,False,0.25,25,19.0,2.0,0.0
CDK_Depict_30_37,C(C(C([Al]Cl)(Cl)Cl)Cl)(C([Al]Cl)Cl)Cl,C.C.Cl,[Cl][Al][CH](Cl)C(Cl)C(Cl)[C](Cl)(Cl)[Al][Cl],C.C.Cl,True,True,False,False,0.0,34,13.0,0.0,3.0
CDK_Depict_30_39,[B-]([P+](I)(I)I)(Br)(Br)Br,CC.CC.CC.CC.CC.CC.CC.CC.CC.CC.CC.CC.CC.CC.CC.CC.CC.CC.CC.CC.CC.CC.CC.CC,Br[B-](Br)(Br)[P+](I)(I)I,CC.CC.CC.CC.CC.CC.CC.CC.CC.CC.CC.CC.CC.CC.CC.CC.CC.CC.CC.CC.CC.CC.CC.CC,True,True,False,False,0.0,71,8.0,0.0,0.0
CDK_Depict_30_40,O=[Tb]O[Tb](=O)O[Tb](=O)O[Tb]=O,O=[Tb]O[Tb](=O)=O,[O]=[Tb][O][Tb](=[O])[O][Tb](=[O])[O][Tb]=[O],[O]=[Tb][O][Tb](=[O])=[O],True,True,False,False,0.5294117647058824,14,11.0,0.0,0.0
CDK_Depict_30_42,CO/C=C(/P(Br)Br)\Br,CCOC.C[Rf].[Rf-],CO/C=C(\Br)P(Br)Br,CCOC.[CH3][Rf].[Rf-],True,True,False,False,0.16666666666666666,16,8.0,0.0,0.0
CDK_Depict_30_43,C(=C(Cl)Br)(SSC(=C(Cl)Br)Br)Br,CC([S-])C([S-])SSC([S-])=C([S-])Cl,ClC(Br)=C(Br)SSC(Br)=C(Cl)Br,CC([S-])C([S-])SSC([S-])=C([S-])Cl,True,True,False,False,0.1724137931034483,26,12.0,0.0,0.0
CDK_Depict_30_44,C(=O)OSOC(=O)SSC(=O)OSOC=O,C=O.C=O,O=COSOC(=O)SSC(=O)OSOC=O,C=O.C=O,True,True,False,False,0.047619047619047616,20,16.0,0.0,0.0
CDK_Depict_30_45,N(=O)O[Tl](ON=O)ON=O,O=NO[Ti](ON=O)O[NH]=O,O=N[O][Tl]([O]N=O)[O]N=O,,True,False,False,False,0.0,8,10.0,0.0,0.0
CDK_Depict_30_46,C(OF)[S-](#N)I,C[S-](#N)(I)COC(F)(F)F,N#[S-](I)COF,,True,False,False,False,0.0,16,6.0,0.0,0.0
CDK_Depict_30_47,C(C(OF)(OF)Cl)(OF)(OF)OF,COC(OC)(OC)C(Cl)(OF)OCF,FOC(Cl)(OF)C(OF)(OF)OF,COC(OC)(OC)C(Cl)(OF)OCF,True,True,False,False,0.4166666666666667,8,13.0,0.0,0.0
CDK_Depict_30_48,CS(C)(C=C=C)Br,*SC=C=C,C=C=CS(C)(C)Br,*SC=C=C,True,True,False,False,0.21739130434782608,8,7.0,0.0,0.0
CDK_Depict_30_49,C1(=O)[Si]2=[Si]=[Si]12,O=C1*2c*21,O=c1[si]2[si]1=[Si]=2,O=c1*2:*1C2,True,True,False,False,0.1875,20,5.0,2.0,0.0
CDK_Depict_30_50,B(=O)N=[U]=S,O=S=N=*=S,O=B[N]=[U]=[S],,True,False,False,False,0.0,7,5.0,0.0,0.0
CDK_Depict_30_51,C(=O)=[Fe]=C(N)N,NC(N)=[c+]=C=O,N[C](N)=[Fe]=[C]=O,,True,False,False,False,0.0,9,6.0,0.0,0.0
CDK_Depict_30_52,C1=NC=NC(=N1)[N+](=N)N=N,[N-]=[N+][N+](=N)c1[n+]cnc[n+]1,N=N[N+](=N)c1ncncn1,[N-]=[N+][N+](=N)C1=[N+]C=NC=[N+]1,True,True,False,False,0.15,22,10.0,1.0,0.0
CDK_Depict_30_53,C(S)S[Ge](SCS)(SCS)SCS,CSCS.SCSC[Ge+](CSCS)(CSCS)SCS,SC[S][Ge]([S]CS)([S]CS)[S]CS,,True,False,False,False,0.0,9,13.0,0.0,0.0
CDK_Depict_30_54,CC(=O)/C=[As](=C/C(=O)C)/[As](=C\C(=O)C)=C/C(=O)C,CC(=C)C=C1CC(=O)CC(C)=O,CC(=O)/C=[As](=C/C(C)=O)\[As](=C/C(C)=O)=C\C(C)=O,,True,False,False,False,0.0,29,18.0,0.0,2.0
CDK_Depict_30_55,C(#CC(Br)(Br)Br)C(Br)(Br)Br,[Br-]C#CC([Br-])([Br-])[Br-],BrC(Br)(Br)C#CC(Br)(Br)Br,,True,False,False,False,0.0,21,10.0,0.0,0.0
CDK_Depict_30_56,[B]1C(C(=COO1)F)F,CCCC(F)C(F)*O,FC1=COO[B]C1F,CCCC(F)C(F)*O,True,True,False,False,0.02702702702702703,13,8.0,1.0,1.0
CDK_Depict_30_57,[3H]I([Si])[P+]([Si])(Cl)Cl,ClP(Cl)Cl,[3H]I([Si])[P+]([Si])(Cl)Cl,ClP(Cl)Cl,True,True,False,False,0.06666666666666667,20,7.0,0.0,0.0
CDK_Depict_30_58,C1P2[Se]CP([Se]1)[Se]2,C[SeH]C.[2H][Se]CC,C1[Se]P2C[Se]P1[Se]2,C[SeH]C.[2H][Se]CC,True,True,False,False,0.0,12,7.0,2.0,2.0
CDK_Depict_30_59,CPOPC1C(O1)(N)N,CPOCC1OC1(N)N,CPOPC1OC1(N)N,CPOCC1OC1(N)N,True,True,False,False,0.41379310344827586,5,9.0,1.0,3.0
CDK_Depict_30_60,CN(C)/[SiH]=[SiH]/N(C)C,CN/[Si+]=*\N(C)C,CN(C)/[SiH]=[SiH]/N(C)C,CN/[Si+]=*\N(C)C,True,True,False,False,0.15,10,8.0,0.0,0.0
CDK_Depict_30_61,C1=NNC(=N1)C2=NC=NN2,N=NN1C2=NC=NN21,c1n[nH]c(-c2ncn[nH]2)n1,N=NN1c2ncnn21,True,True,False,False,0.16666666666666666,8,10.0,2.0,0.0
CDK_Depict_30_62,C1([N+](=S)C([N+](=S)C([N+]1=S)O)O)O,[10H]C1[N+](=S)C[N+](=S)C([20H])[N+]1=S,OC1[N+](=S)C(O)[N+](=S)C(O)[N+]1=S,[10H]C1[N+](=S)C[N+](=S)C([20H])[N+]1=S,True,True,False,False,0.12,19,12.0,1.0,3.0
CDK_Depict_30_63,P1=S=P(=S)S1,S=p1s=pS1,S=P1=S=PS1,S=p1sps1,True,True,False,False,0.3125,8,5.0,1.0,2.0
CDK_Depict_30_64,C(C#C[Hg]C#CCO)O,NOCC#C[N+](=O)C#CCO,OCC#[C][Hg][C]#CCO,NOCC#C[N+](=O)C#CCO,True,True,False,False,0.2413793103448276,11,9.0,0.0,0.0
CDK_Depict_30_65,CCOC(=C=C(N(C)C)OCC)N(C)C,CCOC(=C=C(OC)*(C)C)N(C)C,CCOC(=C=C(OCC)N(C)C)N(C)C,CCOC(=C=C(OC)*(C)C)N(C)C,True,True,False,False,0.6071428571428571,6,15.0,0.0,0.0
CDK_Depict_30_66,CS(C)(CS(C)(C)P)F,*[SH](C)(C)C[SH](C)F,CS(C)(F)CS(C)(C)P,*[SH](C)(C)C[SH](C)F,True,True,False,False,0.1111111111111111,12,9.0,0.0,0.0
CDK_Depict_30_67,S1SSS[S+](SS1)I,*[S+]1SS*SSS1,I[s+]1ssssss1,*[s+]1ss*sss1,True,True,False,False,0.16666666666666666,10,8.0,1.0,0.0
CDK_Depict_30_68,C[Se](I)(I)(I)(I)I,*[Se](C)(C)C,C[Se](I)(I)(I)(I)I,*[Se](C)(C)C,True,True,False,False,0.09090909090909091,10,7.0,0.0,0.0
CDK_Depict_30_69,CC(C)(C)PS(=O)(=O)PC(C)(C)C,C[1H]S(=O)(=S)CC,CC(C)(C)PS(=O)(=O)PC(C)(C)C,,True,False,False,False,0.0,16,13.0,0.0,2.0
CDK_Depict_30_70,C1=C[Se]C(S1)CSC#N,N#CSCc1[se]CcS1,N#CSCC1SC=C[Se]1,,True,False,False,False,0.0,14,9.0,1.0,1.0
CDK_Depict_30_71,[2H]C1=CON(N1[2H])[2H],[2H]N.[2H]ccon[2H],[2H]C1=CON([2H])N1[2H],,True,False,False,False,0.0,12,8.0,1.0,0.0
CDK_Depict_30_72,[B]N1C=C[N-][N+]1=C,*N1CCNN1=C,[B]N1C=C[N-][N+]1=C,,True,False,False,False,0.0,10,7.0,1.0,0.0
CDK_Depict_30_73,C1=II=II=I1,*=**=*C.C/C=C\C,C1=II=II=I1,*=**=*C.C/C=C\C,True,True,False,False,0.0,13,6.0,1.0,0.0
CDK_Depict_30_74,O(P(=S)(F)F)P(=S)(F)F,F.O[PH](F)=S.P=S,FP(F)(=S)OP(F)(F)=S,F.O[PH](F)=S.P=S,True,True,False,False,0.10526315789473684,16,9.0,0.0,0.0
CDK_Depict_30_75,C1=CC2=C3N2C3=C1,c1cc2c(C1)N2,c1cc2c3c(c1)N23,C1=CC2=C(C1)N2,True,True,False,False,0.07692307692307693,13,7.0,4.0,0.0
CDK_Depict_30_76,C[Si](C)(C)C=C1SC(=C[Si](C)(C)C)S1,CC(S)C[Si](C)(C)C,C[Si](C)(C)C=c1sc(=C[Si](C)(C)C)s1,CC(S)C[Si](C)(C)C,True,True,False,False,0.12,18,14.0,1.0,0.0
CDK_Depict_30_77,CN(C)N1C[Se]C=C1,CN(C)N1C=C[Se]C1,CN(C)N1C=C[Se]C1,CN(C)N1C=C[Se]C1,True,True,True,True,1.0,4,8.0,1.0,0.0
CDK_Depict_30_79,C1C[As]=N1,C1C[As]=N1,C1C[As]=N1,C1C[As]=N1,True,True,True,True,1.0,0,4.0,1.0,1.0
CDK_Depict_30_80,C[Te](C)(C)(C)(N=[N+]=[N-])N=[N+]=[N-],C[Te](C)(N=[N+]=[N-])(N=[N+]=[N-])N=[N+]=[N-],C[Te](C)(C)(C)(N=[N+]=[N-])N=[N+]=[N-],C[Te](C)(N=[N+]=[N-])(N=[N+]=[N-])N=[N+]=[N-],True,True,False,False,0.3,11,11.0,0.0,0.0
CDK_Depict_30_81,B(PC)(P(C)C)P(C)C,C[1p][2p]([2H](C)I)P(C)C,CPB(P(C)C)P(C)C,,True,False,False,False,0.0,14,9.0,0.0,1.0
CDK_Depict_30_82,[Mo](I)(I)(I)(I)(I)I,CC(C)C,[I][Mo]([I])([I])([I])([I])[I],CC(C)C,True,True,False,False,0.0,18,7.0,0.0,0.0
CDK_Depict_30_83,C(F)(F)(F)[Bi](I)I,FC(F)(F)[Si](I)I,F[C](F)(F)[Bi]([I])[I],FC(F)(F)[Si](I)I,True,True,False,False,0.2857142857142857,4,7.0,0.0,0.0
CDK_Depict_30_84,N1=[Si]=N[Si]12N=[Si]=N2,N1[s]=N[s]1(N=[s])N=[s]=N1,N1=[Si]=N[Si]12N=[Si]=N2,,True,False,False,False,0.0,14,7.0,2.0,0.0
CDK_Depict_30_85,C(#N)C([N+](=O)[O-])(F)Br,CC(C)C(C#N)[N+](=O)O,N#CC(F)(Br)[N+](=O)[O-],CC(C)C(C#N)[N+](=O)O,True,True,False,False,0.1875,16,8.0,0.0,1.0
CDK_Depict_30_86,CC[As]1N=S=NS1,CC[As]1Sn=s=s1,CC[As]1N=S=NS1,CC[As]1SN=S=[SH]1,True,True,False,False,0.32142857142857145,5,7.0,1.0,1.0
CDK_Depict_30_87,C[Si](C)(C)[Si](C)(C)N=C=N[Si](C)(C)[Si](C)(C)C,C[Si](C)(C)[Si](C)(C)N=cn[Si](C)(C)[Si](C)(C)C,C[Si](C)(C)[Si](C)(C)N=C=N[Si](C)(C)[Si](C)(C)C,,True,False,False,False,0.0,3,17.0,0.0,0.0
CDK_Depict_30_88,CCP(#P)S(#CC)=P,C=[SH](=P)Cp(=P)CC,CC#S(=P)P(#P)CC,,True,False,False,False,0.0,13,8.0,0.0,1.0
CDK_Depict_30_89,F[Ge](Cl)(Br)Br,C.[3H][Ge-](F)S,[F][Ge]([Cl])([Br])[Br],C.[3H][Ge-]([F])[SH],True,True,False,False,0.0625,13,5.0,0.0,0.0
CDK_Depict_30_90,C[Si](C)(C)O[Ge](O[Si](C)(C)C)(Cl)Cl,C[Si](C)(C)O[Ge](Cl)(Cl)O[Si](C)(C)C,C[Si](C)(C)[O][Ge]([Cl])([Cl])[O][Si](C)(C)C,C[Si](C)(C)[O][Ge]([Cl])([Cl])[O][Si](C)(C)C,True,True,True,True,1.0,14,13.0,0.0,0.0
CDK_Depict_30_91,C(OOC(OF)(F)F)(OF)(F)F,FOC(F)(F)OOC(F)(F)OF,FOC(F)(F)OOC(F)(F)OF,FOC(F)(F)OOC(F)(F)OF,True,True,True,True,1.0,9,12.0,0.0,0.0
CDK_Depict_30_92,CN1CN(C[Ge](C1)(C)C)C,CN1CN(C)C[Ge](C)(C)C1,CN1CN(C)[CH2][Ge]([CH3])([CH3])[CH2]1,CN1CN(C)[CH2][Ge]([CH3])([CH3])[CH2]1,True,True,True,True,1.0,5,10.0,1.0,0.0
CDK_Depict_30_93,C(#C[Xe]C(F)(F)F)F,CC#C[Xe]F,FC#C[Xe]C(F)(F)F,CC#C[Xe]F,True,True,False,False,0.18181818181818182,10,8.0,0.0,0.0
CDK_Depict_30_94,CO[As](C[As](OC)OC)OC,C[G].CO[As](C[As]([G]C)[G]C,CO[As](C[As](OC)OC)OC,,True,False,False,False,0.0,12,11.0,0.0,0.0
CDK_Depict_30_95,C(F)(F)(SS(C(F)(F)Cl)(F)F)Cl,F[s-](SC(F)(F)Cl)C(F)(F)Cl,FC(F)(Cl)SS(F)(F)C(F)(F)Cl,,True,False,False,False,0.0,10,12.0,0.0,0.0
CDK_Depict_30_96,[N+]1(=O)OP(O1)O,O=[N+]1OP(O)O1,O=[n+]1op(O)o1,O=[n+]1op(O)o1,True,True,True,True,1.0,8,6.0,1.0,0.0
CDK_Depict_30_97,C1=COOSN=N1,c1cOOSN1,c1coosnn1,c1coos[nH]1,True,True,False,False,0.25925925925925924,5,7.0,1.0,0.0
CDK_Depict_30_99,C[SiH](C)[Si](=O)[Si](=O)[SiH](C)C,C[SiH2][SiH](=O)[Si](=O)=O,C[SiH](C)[Si](=O)[Si](=O)[SiH](C)C,,True,False,False,False,0.0,14,10.0,0.0,0.0
CDK_Depict_30_100,[Si]1(=S)[Si](=S)[Si](=S)[Si]1=S,S=[SiH]1[SiH](=S)[SiH](=S)[SiH]1=S,S=[Si]1[Si](=S)[Si](=S)[Si]1=S,,True,False,False,False,0.0,10,8.0,1.0,0.0
CDK_Depict_30_101,C[Si](C)(C)O/C=C/1\C=CC=CC1=C,CCCCC(=CO[Si](C)(C)C)CC,C=c1cccc/c1=C\O[Si](C)(C)C,CCCCC(=CO[Si](C)(C)C)CC,True,True,False,False,0.2,21,13.0,1.0,0.0
CDK_Depict_30_102,C(=NOOC(=S)I)=O,CC(=S)OON=C=O,O=C=NOOC(=S)I,CC(=S)OON=C=O,True,True,False,False,0.6,9,8.0,0.0,0.0
CDK_Depict_30_103,[2H]P([3H])B(P)SC#N,*P[2H].*S.S,[2H]P([3H])B(P)SC#N,*P[2H].*S.S,True,True,False,False,0.12,14,8.0,0.0,1.0
CDK_Depict_30_104,CC[Si][Si](N=[N+]=[N-])(N=[N+]=[N-])N=[N+]=[N-],CC[SiH2][Si](C)(N=[N+]=[N-])N=[N+]=[N-],CC[Si][Si](N=[N+]=[N-])(N=[N+]=[N-])N=[N+]=[N-],CC[SiH2][Si](C)(N=[N+]=[N-])N=[N+]=[N-],True,True,False,False,0.39285714285714285,13,13.0,0.0,1.0
CDK_Depict_30_105,[3H]I(B(F)I)F,F[I-](F)F,[3H]I(F)B(F)I,F[I-](F)F,True,True,False,False,0.07142857142857142,8,6.0,0.0,0.0
CDK_Depict_30_106,C[Si](C)(C)/C(=C\[Se]/C(=C/Br)/[Si](C)(C)C)/Br,C[Si](C)(C)/C(Br)=C\[Se]/C(=C/Br)[Si](C)(C)C,C[Si](C)(C)/C(Br)=C\[Se]/C(=C/Br)[Si](C)(C)C,C[Si](C)(C)/C(Br)=C\[Se]/C(=C/Br)[Si](C)(C)C,True,True,True,True,1.0,8,15.0,0.0,0.0
CDK_Depict_30_107,C1C=CC=[Se][Se]=[Se]1,c1[se][Se]=[Se]CCC1,C1=CC[Se]=[Se][Se]=C1,,True,False,False,False,0.0,10,7.0,1.0,0.0
CDK_Depict_30_108,CP(C)P(C(F)(F)F)C(F)(F)F,CP(C)P(C)F,CP(C)P(C(F)(F)F)C(F)(F)F,CP(C)P(C)F,True,True,False,False,0.3333333333333333,14,12.0,0.0,0.0
CDK_Depict_30_109,C(C(C(C(I)(I)I)(I)I)(I)I)(I)I,CCCCCCCCCCCCCCCCCCCCCCCCCCCCCCCCCCCCCCCCCCCCCCCCCCCCCCCCCCCCCCCCCCCCCCCCCCCCCCCCCCCCCCCCCCCCCCCCCCCCCCCCCCCCCCCCCCCCCCCCCCCCCCCCCCCCCCCCCCCCCCC)CCCCCCCCCCCC)CCCCCCC)CCCCCCCCCCCCCC)CC,IC(I)C(I)(I)C(I)(I)C(I)(I)I,,True,False,False,False,0.0,174,13.0,0.0,0.0
CDK_Depict_30_110,C1OOOOP1Cl,ClP1COOOO1,ClP1COOOO1,ClP1COOOO1,True,True,True,True,1.0,6,7.0,1.0,1.0
CDK_Depict_30_111,C1#CI(O1)OC#CI,C#CO*1C#CO1,IC#COI1C#CO1,C#CO*1c#co1,True,True,False,False,0.12121212121212122,8,8.0,1.0,0.0
CDK_Depict_30_112,[3H]C([3H])(F)[Te][3H],F.[H][Te][H],[3H][Te]C([3H])([3H])F,F.[TeH2],True,True,False,False,0.0,12,6.0,0.0,0.0
CDK_Depict_30_113,B(C)(CC)[Si](=[Si]=[Si](B(C)CC)B(C)CC)B(C)CC,CCB(C)[Si](=[Si]=[Si](B(C)C)C(C)CC)B(C)CC,CCB(C)[Si](=[Si]=[Si](B(C)CC)B(C)CC)B(C)CC,CCB(C)[Si](=[Si]=[Si](B(C)C)C(C)CC)B(C)CC,True,True,False,False,0.5384615384615384,6,19.0,0.0,0.0
CDK_Depict_30_114,CCCC[Ge](CCCC)(CCCC)C#CCCC,CCCCCCCCCCCCCCC,CCCC#[C][Ge]([CH2]CCC)([CH2]CCC)[CH2]CCC,CCCCCCCCCCCCCCC,True,True,False,False,0.2727272727272727,11,18.0,0.0,0.0
CDK_Depict_30_115,C(=[W]=[W])O,*=*cO,O[CH]=[W]=[W],,True,False,False,False,0.0,10,4.0,0.0,0.0
CDK_Depict_30_116,C1(=O)OC(=P1)P,O=C1OC(P)P1,O=C1OC(P)=P1,O=C1OC(P)P1,True,True,False,False,0.20833333333333334,8,6.0,1.0,1.0
CDK_Depict_30_117,N(F)(F)P(N(F)F)N(F)F,FN(F)P(N(F)F)N(F)F,FN(F)P(N(F)F)N(F)F,FN(F)P(N(F)F)N(F)F,True,True,True,True,1.0,3,10.0,0.0,0.0
CDK_Depict_30_118,CC1=C(C[P-](C1)(F)(F)(F)F)C,CC1CC[PH](F)(F)(F)(F)C1,CC1=C(C)C[P-](F)(F)(F)(F)C1,,True,False,False,False,0.0,8,11.0,1.0,0.0
CDK_Depict_30_119,CP1(=C)NP(=C)(NP(=C)(N1)C)C,C=[PH]1(C)*[PH](=C)(C)*[PH](=C)(C)*1,C=P1(C)NP(=C)(C)NP(=C)(C)N1,,True,False,False,False,0.0,20,12.0,1.0,3.0
CDK_Depict_30_120,C1=CO[Al]=C1,c1cnoc1,c1c[o][Al][cH]1,c1cnoc1,True,True,False,False,0.0,10,,,
CDK_Depict_30_121,B(N=C=O)(N=C=O)N=C=O,O=C=N[2H](n=C=O)nc=O,O=C=NB(N=C=O)N=C=O,,True,False,False,False,0.0,12,10.0,0.0,0.0
CDK_Depict_30_122,[2H]S(=P)([2H])(F)S,[2H][SH]([2H])(=P)S,[2H]S([2H])(F)(=P)S,[2H][SH]([2H])(=P)S,True,True,False,False,0.2,7,6.0,0.0,0.0
CDK_Depict_30_123,CS(#P)=P#P=P#P,C[SH](=P)=[PH]=[PH]=[PH]=P,CS(#P)=P#P=P#P,C[SH](=P)=[PH]=[PH]=[PH]=P,True,True,False,False,0.034482758620689655,15,7.0,0.0,3.0
CDK_Depict_30_124,CC(C)CC1=C[Se]N=N1,CC(C)Cc1c[Se]N=*1,CC(C)Cc1c[se]nn1,CC(C)Cc1*n[se]c1,True,True,False,False,0.40625,4,9.0,1.0,0.0
CDK_Depict_30_125,CN(ON)I(OC)ON,*ON(C)I(OC)O[NH2+],COI(ON)N(C)ON,*ON(C)I(OC)O[NH2+],True,True,False,False,0.35714285714285715,9,9.0,0.0,0.0
CDK_Depict_30_126,C=S(N)S(=C)(=[Hg])N,*S(=C)S(=*)(=C)[W],C=S(N)[S](=C)(N)=[Hg],*S(=C)[S](=*)(=C)[W],True,True,False,False,0.23809523809523808,11,7.0,0.0,2.0
CDK_Depict_30_127,O=[As](=O)F,O=[As](=O)F,O=[As](=O)F,O=[As](=O)F,True,True,True,True,1.0,0,4.0,0.0,0.0
CDK_Depict_30_128,CON1C=CPC1=S,CON1cc[nH]C1=S,COn1cc[pH]c1=S,COn1cc[nH]c1=S,True,True,False,False,0.4482758620689655,6,8.0,1.0,1.0
CDK_Depict_30_129,O=P(=O)P(=O)=S(=O)=O,O=[PH](o)o(o)s(o)o,O=P(=O)P(=O)=S(=O)=O,,True,False,False,False,0.0,14,8.0,0.0,1.0
CDK_Depict_30_130,CCCSC1=CC(=O)C1=O,CSc1cc(=O)C1=O,CCCSc1cc(=O)c1=O,CSc1cc(=O)c1=O,True,True,False,False,0.5,6,10.0,1.0,0.0
CDK_Depict_30_131,B(SS(=O)(=O)F)(SS(=O)(=O)F)SS(=O)(=O)F,o=S(=O)(F)S[2H](SS(=O)(=O)F)SS(=O)(=O)F,O=S(=O)(F)SB(SS(=O)(=O)F)SS(=O)(=O)F,,True,False,False,False,0.0,10,16.0,0.0,0.0
CDK_Depict_30_132,O=[Mo]O[Mo](=O)O[Mo]=O,O=[Mo]O[Mo](=O)O[Mo]=O,[O]=[Mo][O][Mo](=[O])[O][Mo]=[O],[O]=[Mo][O][Mo](=[O])[O][Mo]=[O],True,True,True,True,1.0,0,8.0,0.0,0.0
CDK_Depict_30_133,P1234[Se]P([Se]1)([Se]2)([Se]3)[Se]4,C[SeH]12[seH]p([seH2]1)[seH2]2,[Se]1P234[Se]P1([Se]2)([Se]3)[Se]4,C[SeH]12[SeH]P([SeH2]1)[SeH2]2,True,True,False,False,0.0,24,7.0,10.0,0.0
CDK_Depict_30_134,C([Si]Cl)[Hg]C[Si]Cl,Cl[SiH2]C*C[SiH2]Cl,Cl[Si][CH2][Hg][CH2][Si]Cl,Cl[SiH2]C*C[SiH2]Cl,True,True,False,False,0.1,11,7.0,0.0,0.0
CDK_Depict_30_135,[N+](=O)([O-])P([N+](=O)[O-])[N+](=O)[O-],C[N+](=O)P([N+](=O)[O-])[N+](=O)[O-],O=[N+]([O-])P([N+](=O)[O-])[N+](=O)[O-],C[N+](=O)P([N+](=O)[O-])[N+](=O)[O-],True,True,False,False,0.6,7,10.0,0.0,0.0
CDK_Depict_30_136,C(C(CBr)(CBr)C(=O)N)Cl,NC(=O)C(CCl)CCBr.[Br-],NC(=O)C(CCl)(CBr)CBr,NC(=O)C(CCl)CCBr.[Br-],True,True,False,False,0.3225806451612903,17,10.0,0.0,0.0
CDK_Depict_30_137,C[Si](C)(OS(=O)(=O)Cl)F,O=S(=O)(Cl)O[SiH2]F,C[Si](C)(F)OS(=O)(=O)Cl,O=S(=O)(Cl)O[SiH2]F,True,True,False,False,0.3333333333333333,17,9.0,0.0,0.0
CDK_Depict_30_138,[N-]=[N+]=N[Al](N=[N+]=[N-])N=[N+]=[N-],[N-]=[N+]=N[AlH](N=[N+]=[N-])N=[N+]=[N-],[N-]=[N+]=[N][Al]([N]=[N+]=[N-])[N]=[N+]=[N-],,True,False,False,False,0.0,1,10.0,0.0,0.0
CDK_Depict_30_139,C(C[Al](Cl)Cl)[Al](Cl)Cl,Cl[AlH2](Cl)CC[AlH2](Cl)Cl,[Cl][Al]([Cl])[CH2][CH2][Al]([Cl])[Cl],,True,False,False,False,0.0,8,8.0,0.0,0.0
CDK_Depict_30_140,CC(=S)S[Sb](SC(=S)C)SC(=S)C,CC(=S)S[Sb](SC(C)=S)SC(C)=S,CC(=S)[S][Sb]([S]C(C)=S)[S]C(C)=S,CC(=S)[S][Sb]([S]C(C)=S)[S]C(C)=S,True,True,True,True,1.0,8,13.0,0.0,0.0
CDK_Depict_30_141,CP1P(P(P1C)C)C,CP1P(C)P(C)P1C,CP1P(C)P(C)P1C,CP1P(C)P(C)P1C,True,True,True,True,1.0,5,8.0,1.0,4.0
CDK_Depict_30_142,CCCP([N+]#CCC)Cl,CC#[N+]P(Cl)CCC,CCC#[N+]P(Cl)CCC,CC#[N+]P(Cl)CCC,True,True,False,False,0.625,8,9.0,0.0,1.0
CDK_Depict_30_143,O=Cl(=O)(=O)O[Bi](OCl(=O)(=O)=O)OCl(=O)(=O)=O,O=Cl(=O)(=O)O*(O)OCl(=O)(=O)=O,[O-][Cl+3]([O-])([O-])[O][Bi]([O][Cl+3]([O-])([O-])[O-])[O][Cl+3]([O-])([O-])[O-],[O-][Cl+3]([O-])([O-])O*(O)O[Cl+3]([O-])([O-])[O-],True,True,False,False,0.2631578947368421,16,16.0,0.0,0.0
CDK_Depict_30_144,CP(C)P(#P)P(#N)[S-](=S)=S,C.C.C.C.C.C.C.C.C.C.C.C.C.C.C.C.C.C.C.C.C.C.C.C.C.C.C.C.C.C.C.C.C.C.C.C.C.C.C.C.C.C.C.C.C.C.C.C.C.C.C.C.C.C.C.C.C.C.C.C.C.C.C.C.C.C.C.C.C.C.C.C.C.C.C.C.C.C.C.C.C.C.C.C.C.C.C.C.C.C.C.C.C.C.C.C.C.C.C.C.C.C.C.C.C.C.C.C.C.C.C.C.C.C.C.C.C.C.C.C.,CP(C)P(#P)P(#N)[S-](=S)=S,,True,False,False,False,0.0,238,10.0,0.0,2.0
CDK_Depict_30_145,[2H][Si]C#C[Si]([2H])([2H])[2H],[2H][SiH2]C#C[Si]([2H])([2H])[2H],[2H][Si]C#C[Si]([2H])([2H])[2H],[2H][SiH2]C#C[Si]([2H])([2H])[2H],True,True,False,False,0.3888888888888889,2,8.0,0.0,0.0
CDK_Depict_30_146,O([Al](Cl)Cl)[Si](Cl)(Cl)Cl,Cl[Al](Cl)O[Si](Cl)(Cl)Cl,[Cl][Al]([Cl])[O][Si](Cl)(Cl)Cl,[Cl][Al]([Cl])[O][Si](Cl)(Cl)Cl,True,True,True,True,1.0,5,8.0,0.0,0.0
CDK_Depict_30_147,I[Ta](I)(I)(I)I,C[Fe](C)(C)[IH],[I][Ta]([I])([I])([I])[I],[CH3][Fe]([CH3])([CH3])[IH],True,True,False,False,0.0,8,6.0,0.0,0.0
CDK_Depict_30_148,[B-](C1CC1C#N)(F)(F)F,N#CC1CC1[2H](F)(F)F,N#CC1CC1[B-](F)(F)F,,True,False,False,False,0.0,9,9.0,1.0,2.0
CDK_Depict_30_149,CCCN[Si]([Si](Cl)(Cl)Cl)(Cl)Cl,CCCN[Si](Cl)(Cl)[Si](Cl)(Cl)Cl,CCCN[Si](Cl)(Cl)[Si](Cl)(Cl)Cl,CCCN[Si](Cl)(Cl)[Si](Cl)(Cl)Cl,True,True,True,True,1.0,9,11.0,0.0,0.0
CDK_Depict_30_150,CO[Si](OC)(F)[Si](OC)(OC)F,CO[Si](O)(F)[Si](F)(OC)OC,CO[Si](F)(OC)[Si](F)(OC)OC,CO[Si](O)(F)[Si](F)(OC)OC,True,True,False,False,0.5625,5,12.0,0.0,0.0
CDK_Depict_30_151,C1=C[N+](=C=[N+]1F)F,F[n+]1cc[n+](F)c1,F[N+]1=C=[N+](F)C=C1,,True,False,False,False,0.0,13,7.0,1.0,0.0
CDK_Depict_30_152,S=[Sb](=S)S[Sb](=S)=S,S=*(=S)S*(=S)=S,[S]=[Sb](=[S])[S][Sb](=[S])=[S],S=*(=S)S*(=S)=S,True,True,False,False,0.14285714285714285,8,7.0,0.0,0.0
CDK_Depict_30_153,CP(=C([Si](Cl)(Cl)Cl)Cl)(C)Cl,C[PH](Cl)(Cl)=C(Cl)[Si](Cl)(Cl)Cl,CP(C)(Cl)=C(Cl)[Si](Cl)(Cl)Cl,,True,False,False,False,0.0,16,10.0,0.0,0.0
CDK_Depict_30_154,C[Si](C)C[N+](=IC[Si](C)C)/N=N/N=N,C[Si](C)C[N+](=*C[Si](C)(C)C)N=[N+]=N=N,C[Si](C)CI=[N+](C[Si](C)C)/N=N/N=N,,True,False,False,False,0.0,8,14.0,0.0,0.0
CDK_Depict_30_155,C(=N\S(F)(F)(F)(F)F)(\Cl)/C(=N/S(F)(F)(F)(F)F)/Cl,FS(F)(F)(F)(F)N=C(Cl)C(Cl)=NS(F)(F)(F)(F)F,FS(F)(F)(F)(F)/N=C(Cl)/C(Cl)=N/S(F)(F)(F)(F)F,FS(F)(F)(F)(F)N=C(Cl)C(Cl)=NS(F)(F)(F)(F)F,True,True,False,True,1.0,18,18.0,0.0,0.0
CDK_Depict_30_156,B(C(=C(F)F)F)(C(=C(F)F)F)Cl,FC(F)=C(F)[F-](Cl)C([F-])=C(F)F,FC(F)=C(F)B(Cl)C(F)=C(F)F,,True,False,False,False,0.0,18,12.0,0.0,0.0
CDK_Depict_30_157,C1CC(=[Si](C1)Cl)Cl,Clc1s(Cl)cCC1,ClC1=[Si](Cl)CCC1,,True,False,False,False,0.0,14,7.0,1.0,0.0
CDK_Depict_30_158,N1=[P+]=NSN=[P+]=NS1,n1[p+]NSn[p+]S1,N1=[P+]=NSN=[P+]=NS1,N1=[P+]NSN=[P+]S1,True,True,False,False,0.18181818181818182,9,8.0,1.0,2.0
CDK_Depict_30_159,B(C1=CC(=CC=C1)[As])(O)O,Cc1ccc([AsH2])c1,OB(O)c1cccc([As])c1,,True,False,False,False,0.0,19,10.0,1.0,0.0
CDK_Depict_30_160,O=P(F)(Cl)Br,O=P(F)(Cl)CBr,O=P(F)(Cl)Br,O=P(F)(Cl)CBr,True,True,False,False,0.5333333333333333,1,5.0,0.0,1.0
CDK_Depict_30_161,C1(=NS[S+]=N1)C(Cl)(Cl)Cl,ClCl.n1[nH][sH]s1,ClC(Cl)(Cl)c1ns[s+]n1,,True,False,False,False,0.0,23,9.0,1.0,0.0
CDK_Depict_30_162,O=[Si]1O[Si]1=O,O=[Si]1O[SiH]1=O,O=[si]1o[si]1=O,,True,False,False,False,0.0,1,5.0,1.0,0.0
CDK_Depict_30_163,C1N(ON(ON1Cl)Cl)Cl,ClN1CN(Cl)ON(Cl)O1,ClN1CN(Cl)ON(Cl)O1,ClN1CN(Cl)ON(Cl)O1,True,True,True,True,1.0,11,9.0,1.0,0.0
CDK_Depict_30_165,C#[Si]OO[Ge]#C,C#[Si]OO[Ge]#C,C#[Si]O[O][Ge]#[CH],C#[Si]O[O][Ge]#[CH],True,True,True,True,1.0,0,6.0,0.0,0.0
CDK_Depict_30_166,C[Si]1(S[Si](S[Si](S1)(C)C=C)(C)C=C)C=C,C=C[Si]1(C)S[Si](C)(C=C)S[Si](C)(C=C)S1,C=C[Si]1(C)S[Si](C)(C=C)S[Si](C)(C=C)S1,C=C[Si]1(C)S[Si](C)(C=C)S[Si](C)(C=C)S1,True,True,True,True,1.0,21,15.0,1.0,3.0
CDK_Depict_30_167,[3H]CS(=O)(=[W])[B],*CS(=*)o,[3H]C[S]([B])(=O)=[W],,True,False,False,False,0.0,14,6.0,0.0,1.0
CDK_Depict_30_168,C=1=N[Al](N1)N=C=N[Al]2N=C=N2,c1=[n][n](N=C=N[n]2[n]c([n]2)=[n]2)[n]1,C1=[N][Al]([N]=C=[N][Al]2[N]=C=[N]2)[N]=1,,True,False,False,False,0.0,28,11.0,2.0,0.0
CDK_Depict_30_170,O=[P+]1OSO1,O=[P+]1COSO1,O=[p+]1oso1,O=[P+]1COSO1,True,True,False,False,0.23809523809523808,1,5.0,1.0,0.0
CDK_Depict_30_171,N[SiH](N([N+](=O)O)[SiH](N)[SiH3])[SiH3],*[SiH2]([SiH3])N([N+](=O)[o-4])[SiH2](N)[SiH2],N[SiH]([SiH3])N([N+](=O)O)[SiH](N)[SiH3],,True,False,False,False,0.0,20,10.0,0.0,4.0
CDK_Depict_30_172,C1=C[Si]2=[Zr]=[Si]1C=C2,c1c[s+]2cc[s+][Zn-]2C1,C1=C[Si]2=[Zr]=[Si]1C=C2,,True,False,False,False,0.0,17,7.0,2.0,0.0
CDK_Depict_30_173,C(=O)=[Ir]Cl,O=C=[Ir+]Cl,O=[C]=[Ir][Cl],O=[C]=[Ir+][Cl],True,True,False,False,0.2857142857142857,5,4.0,0.0,0.0
CDK_Depict_30_174,CC1=CC(=S(S1)I)C,Cc1cc(C)ss1,CC1=CC(C)=S(I)S1,,True,False,False,False,0.0,12,8.0,1.0,1.0
CDK_Depict_30_175,Cl[Pd](I)I,Cl[Pd](I)I,[Cl][Pd]([I])[I],[Cl][Pd]([I])[I],True,True,True,True,1.0,0,4.0,0.0,0.0
CDK_Depict_30_176,CCN(C)[Te](N(C)CC)(N(C)CC)N(C)CC,CCN(C)C[Ti](N(C)CC)(N(C)CC)N(CC)CC,CCN(C)[Te](N(C)CC)(N(C)CC)N(C)CC,CCN(C)[CH2][Ti]([N](C)CC)([N](C)CC)[N](CC)CC,True,True,False,False,0.23076923076923078,3,17.0,0.0,0.0
CDK_Depict_30_177,CN1N=PC=P1,CN1npcp1,Cn1npcp1,Cn1npcp1,True,True,True,True,1.0,6,6.0,1.0,2.0
CDK_Depict_30_178,O=[Mn](=O)(=O)O[Mn](=O)(=O)=O,O=[Mn](=O)(=O)O[Mn](=O)(=O)=O,[O]=[Mn](=[O])(=[O])[O][Mn](=[O])(=[O])=[O],[O]=[Mn](=[O])(=[O])[O][Mn](=[O])(=[O])=[O],True,True,True,True,1.0,0,9.0,0.0,0.0
CDK_Depict_30_179,B1=CB=CB=C1,B1cscsc1,b1cbcbc1,,True,False,False,False,0.0,8,6.0,1.0,0.0
CDK_Depict_30_180,C=C1[Se]C(=C)[Se]1,C=C1C[Se]C(=C)[Se]1,C=c1[se]c(=C)[se]1,C=C1C[Se]C(=C)[Se]1,True,True,False,False,0.21052631578947367,1,6.0,1.0,0.0
CDK_Depict_30_181,CP(ON=C(F)Cl)(F)(F)Cl,FC(Cl)=NO[PH](F)(F)(F)Cl,CP(F)(F)(Cl)ON=C(F)Cl,,True,False,False,False,0.0,13,10.0,0.0,0.0
CDK_Depict_30_182,B1=C(OC(=C1F)F)F,Fc1oC(F)sc1F,Fc1bc(F)c(F)o1,FC1=C(F)SC(F)O1,True,True,False,False,0.14285714285714285,12,8.0,1.0,0.0
CDK_Depict_30_183,O[Te](=O)(=O)O[Te](=O)(=O)OP,O=[Tc](=O)(O)O[Tc](=O)(=O)O[18P],O=[Te](=O)(O)O[Te](=O)(=O)OP,[O]=[Tc](=[O])([OH])[O][Tc](=[O])(=[O])[O][18P],True,True,False,False,0.10344827586206896,8,10.0,0.0,0.0
CDK_Depict_30_184,[B]B(B(OC)OC)OC,COB(O)B(OC)OC,[B]B(OC)B(OC)OC,COB(O)B(OC)OC,True,True,False,False,0.3684210526315789,8,9.0,0.0,0.0
CDK_Depict_30_185,C1CC(=C=O)C1=C=O,O=C=C1CC1,O=C=C1CCC1=C=O,O=C=C1CC1,True,True,False,False,0.4666666666666667,10,8.0,1.0,0.0
CDK_Depict_30_186,C1CCC(CC1)[Sn](Br)(Br)Br,Br[Sn](Br)(Br)C1CCCCC1,[Br][Sn]([Br])([Br])[CH]1CCCCC1,[Br][Sn]([Br])([Br])[CH]1CCCCC1,True,True,True,True,1.0,18,10.0,1.0,0.0
CDK_Depict_30_187,C1(=NC(=O)N=N1)N=O,O=Nc1n=NC(=O)CN1,O=NC1=NC(=O)N=N1,,True,False,False,False,0.0,11,8.0,1.0,0.0
CDK_Depict_30_188,C=IC(N)[I-]I(=C)=PCI,C=IC([W])[IH]I(=C)=PCI,C=IC(N)[I-]I(=C)=PCI,C=I[CH]([W])[IH]I(=C)=PCI,True,True,False,False,0.3888888888888889,4,10.0,0.0,2.0
CDK_Depict_30_189,[3H]S(=[B])[Si](S(=[B])[3H])(S(=[B])[3H])S(=[B])[3H],[3H]S[Si](S([3H])=[3H])(S([3H])=[3H])[SH](=[3H])=[3H],[3H]S(=[B])[Si](S([3H])=[B])(S([3H])=[B])S([3H])=[B],,True,False,False,False,0.0,20,13.0,0.0,5.0
CDK_Depict_30_190,C[Se]C1=CC=CC(=C1)F,CSc1cccc(F)c1,C[Se]c1cccc(F)c1,CSc1cccc(F)c1,True,True,False,False,0.42857142857142855,15,9.0,1.0,0.0
CDK_Depict_30_191,O=I(F)(F)F,O=I(F)(F)F,O=I(F)(F)F,O=I(F)(F)F,True,True,True,True,1.0,0,5.0,0.0,0.0
CDK_Depict_30_192,C[Sn](OCl(=O)(=O)=O)(OCl(=O)(=O)=O)OCl(=O)(=O)=O,C[Sn](OCl(=O)(=O)=O)(OCl(=O)(=O)=O)OCl(=O)(=O)=O,[CH3][Sn]([O][Cl+3]([O-])([O-])[O-])([O][Cl+3]([O-])([O-])[O-])[O][Cl+3]([O-])([O-])[O-],[CH3][Sn]([O][Cl+3]([O-])([O-])[O-])([O][Cl+3]([O-])([O-])[O-])[O][Cl+3]([O-])([O-])[O-],True,True,True,True,1.0,0,17.0,0.0,0.0
CDK_Depict_30_193,[N-]=[N+]=NI(N=[N+]=[N-])N=[N+]=[N-],[N-]=[N+]=NI(N=[N+]=[N-])N=[N+]=[N-],[N-]=[N+]=NI(N=[N+]=[N-])N=[N+]=[N-],[N-]=[N+]=NI(N=[N+]=[N-])N=[N+]=[N-],True,True,True,True,1.0,0,10.0,0.0,0.0
CDK_Depict_30_194,Br[Zr](Br)I,Br[Zr-](Br)Br,[Br][Zr]([Br])[I],[Br][Zr-]([Br])[Br],True,True,False,False,0.1111111111111111,3,4.0,0.0,0.0
CDK_Depict_30_195,CO[Ge](OC)(Br)Br,COC[Ge](CBr)OC,C[O][Ge]([Br])([Br])[O]C,CO[CH2][Ge]([CH2]Br)[O]C,True,True,False,False,0.17391304347826086,6,7.0,0.0,0.0
CDK_Depict_30_196,C(F)(F)(F)P1P([Te]1)C(F)(F)F,FC(F)(F)P1CP(C(F)(F)F)[Fe]1,FC(F)(F)p1[te]p1C(F)(F)F,FC(F)(F)[P]1C[P](C(F)(F)F)[Fe]1,True,True,False,False,0.2631578947368421,15,11.0,1.0,2.0
CDK_Depict_30_197,C[Si](C)(C)C[In](C[Si](C)(C)C)Cl,C[Si](C)(C)C[sH](Cl)C[Si](C)(C)C,C[Si](C)(C)[CH2][In]([Cl])[CH2][Si](C)(C)C,,True,False,False,False,0.0,8,12.0,0.0,0.0
CDK_Depict_30_198,O=S1(=S)O[Al](O1)OS(=O)(=S)O[Al]2OS(=O)(=S)O2,O=S1(=S)O[Al](OS(=O)(=S)O[AlH]2OS(=O)(=S)O2)O1,O=S1(=S)[O][Al]([O]S(=O)(=S)[O][Al]2[O]S(=O)(=S)[O]2)[O]1,,True,False,False,False,0.0,7,17.0,2.0,0.0
CDK_Depict_30_199,B(=NF)P(P)PP,[F-]N=BP(P)PP,FN=BP(P)PP,,True,False,False,False,0.0,6,7.0,0.0,2.0
CDK_Depict_30_200,CP(=S)(C)S[Sn](C)(C)SP(=S)(C)C,CP(C)(=S)S[Sn](C)(C)SP(C)(C)=S,CP(C)(=S)[S][Sn]([CH3])([CH3])[S]P(C)(C)=S,CP(C)(=S)[S][Sn]([CH3])([CH3])[S]P(C)(C)=S,True,True,True,True,1.0,8,13.0,0.0,0.0
CDK_Depict_30_201,C1CCC(=[Zr](Cl)Cl)C1,C=C(CCCCCCCCCCCCCCCCCCCl)CCCCl[Zr](Cl)Cl,[Cl][Zr]([Cl])=[C]1CCCC1,C=C(CCCCCCCCCCCCCCCCCCCl)CCC[Cl]->[Zr]([Cl])[Cl],True,True,False,False,0.08333333333333333,29,8.0,1.0,0.0
CDK_Depict_30_202,[B]B=[S-](=PB([B])[B])B([B])[B],**=[s+](=p[2H](*)*)p(*)*,[B]B=[S-](=PB([B])[B])B([B])[B],,True,False,False,False,0.0,22,10.0,0.0,1.0
CDK_Depict_30_203,B1=BC(=BB=C1)C(C)(C)C,CC.Cc1b=bcsb1,CC(C)(C)c1bbcbb1,,True,False,False,False,0.0,19,10.0,1.0,0.0
CDK_Depict_30_204,C=C/[SiH]=[SiH]/[SiH]=[SiH]/[SiH]=[SiH]/C=C,C=C*=[Si]=*[SiH]=[SiH]=[SH]C=C,C=C/[SiH]=[SiH]/[SiH]=[SiH]/[SiH]=[SiH]/C=C,,True,False,False,False,0.0,17,10.0,0.0,0.0
CDK_Depict_30_205,O(S(F)(F)(F)(F)F)S(F)(F)(F)(F)F,FS(F)(F)(F)(F)OS(F)(F)(F)(F)(F)F,FS(F)(F)(F)(F)OS(F)(F)(F)(F)F,,True,False,False,False,0.0,6,13.0,0.0,0.0
CDK_Depict_30_206,CP(C)N=S(=NP(C)C)(C)C,CP(C)N=S(C)(C)=NP(C)C,CP(C)N=S(C)(C)=NP(C)C,CP(C)N=S(C)(C)=NP(C)C,True,True,True,True,1.0,6,11.0,0.0,0.0
CDK_Depict_30_207,CC1=PPP=P1,*1cpcp1,Cc1pp[pH]p1,*1cpcp1,True,True,False,False,0.037037037037037035,8,6.0,1.0,4.0
CDK_Depict_30_208,C1=CSC(=NO)S1,ON=C1SccS1,ON=c1sccs1,ON=c1sccs1,True,True,True,True,1.0,9,7.0,1.0,0.0
CDK_Depict_30_209,Cl[Mo](Cl)(Cl)(Cl)(Cl)I,Cl[Mo](Cl)(Cl)(Cl)(Cl)Cl,[Cl][Mo]([Cl])([Cl])([Cl])([Cl])[I],[Cl][Mo]([Cl])([Cl])([Cl])([Cl])[Cl],True,True,False,False,0.42857142857142855,2,7.0,0.0,0.0
CDK_Depict_30_210,C(=C(Cl)[Hg]C(=C(Cl)Cl)Cl)(Cl)Cl,ClC(Cl)=C(Cl)Cl,ClC(Cl)=[C](Cl)[Hg][C](Cl)=C(Cl)Cl,ClC(Cl)=C(Cl)Cl,True,True,False,False,0.36363636363636365,18,11.0,0.0,0.0
CDK_Depict_30_211,C[Sn](O[N+](=O)[O-])(O[N+](=O)[O-])O[N+](=O)[O-],C[Sn](O[N+](=O)[O-])(O[N+](=O)[O-])O[N+](=O)[O-],[CH3][Sn]([O][N+](=O)[O-])([O][N+](=O)[O-])[O][N+](=O)[O-],[CH3][Sn]([O][N+](=O)[O-])([O][N+](=O)[O-])[O][N+](=O)[O-],True,True,True,True,1.0,0,14.0,0.0,0.0
CDK_Depict_30_212,C1=[As]O[As]=CO1,C1=[As]O[As]cO1,C1=[As]O[As]=CO1,C1=[As]O[As]CO1,True,True,False,False,0.35,2,6.0,1.0,2.0
CDK_Depict_30_213,[2H]C([2H])([2H])[O+]([2H])C([2H])([2H])[2H],[2H]*([2H])([2H])C([2H])([2H])[2H],[2H][O+](C([2H])([2H])[2H])C([2H])([2H])[2H],[2H]*([2H])([2H])C([2H])([2H])[2H],True,True,False,False,0.21428571428571427,11,10.0,0.0,0.0
CDK_Depict_30_214,N(=[P-])P,[PH-]N=[PH-],[P-]=NP,[PH-]N=[PH-],True,True,False,False,0.1,9,3.0,0.0,0.0
CDK_Depict_30_215,C(=[Si](P(=O)(O)O)P(=O)(O)O)(Cl)Cl,O.O=[2H](O)[Si](=C(Cl)Cl)P(=O)(O)O,O=P(O)(O)[Si](=C(Cl)Cl)P(=O)(O)O,,True,False,False,False,0.0,24,12.0,0.0,0.0
CDK_Depict_30_216,CCC(N)[Si]1=CC=CC=C1,CCC(N)[s+]1ccccc1,CCC(N)[si]1ccccc1,,True,False,False,False,0.0,10,10.0,1.0,1.0
CDK_Depict_30_217,C1#C[Se]C#C[Se]C#C[Se]1,C1#C[Se]C#C[Se]C#C[Se]1,C1#C[Se]C#C[Se]C#C[Se]1,C1#C[Se]C#C[Se]C#C[Se]1,True,True,True,True,1.0,0,9.0,1.0,0.0
CDK_Depict_30_218,CCC=[W](Cl)(Cl)(Cl)Cl,CCC=[W](Cl)(Cl)(Cl)(Cl)Cl,CC[CH]=[W]([Cl])([Cl])([Cl])[Cl],CC[CH]=[W]([Cl])([Cl])([Cl])([Cl])[Cl],True,True,False,False,0.3,4,8.0,0.0,0.0
CDK_Depict_30_219,C1=CS(=S)NS1,S=S1ccSN1,S=S1C=CSN1,S=S1C=CSN1,True,True,True,True,1.0,8,6.0,1.0,1.0
CDK_Depict_30_220,F[Cr](F)(F)(Cl)(Cl)Cl,C[Cr-](F)(Cl)(Cl)Cl,[F][Cr]([F])([F])([Cl])([Cl])[Cl],[CH3][Cr-]([F])([Cl])([Cl])[Cl],True,True,False,False,0.16666666666666666,5,7.0,0.0,0.0
CDK_Depict_30_221,CCSOP(O)OSCC,*C(OSC)oSCC,CCSOP(O)OSCC,,True,False,False,False,0.0,6,10.0,0.0,0.0
CDK_Depict_30_223,C(#P=O)[N+](C#P=O)(C#P=O)[O-],o=[2H]#CN(C#[2H]=o)(CO)CP=O,O=P#C[N+]([O-])(C#P=O)C#P=O,,True,False,False,False,0.0,22,11.0,0.0,4.0
CDK_Depict_30_224,C1=C[GeH]=C[GeH]=C1,c1cc[Ge]c[Ge]1,C1=[CH][GeH]=[CH][GeH]=[CH]1,,True,False,False,False,0.0,9,6.0,1.0,0.0
CDK_Depict_30_225,C[I-][Si](Cl)(Cl)I,Cl[Si]([Cr])(I)I,C[I-][Si](Cl)(Cl)I,Cl[Si]([Cr])(I)I,True,True,False,False,0.35714285714285715,9,6.0,0.0,0.0
CDK_Depict_30_226,B1(B(OOOB1C)C)C,Cb1cOcb(C)c1C,CB1OOOB(C)B1C,,True,False,False,False,0.0,11,9.0,1.0,0.0
CDK_Depict_30_227,N(=[Re](F)(F)(F)(F)F)Cl,F*(F)(F)(F)=NCl,[F][Re]([F])([F])([F])([F])=[N]Cl,F*(F)(F)(F)=NCl,True,True,False,False,0.2857142857142857,11,8.0,0.0,0.0
CDK_Depict_30_228,CCCCSSNC(=O)F,CCCCSSNC(=O)F,CCCCSSNC(=O)F,CCCCSSNC(=O)F,True,True,True,True,1.0,0,10.0,0.0,0.0
CDK_Depict_30_229,CS1(C[I-]1)OS(C)(C)[I-]C,C[SH](C)O.C[SH](C)O,C[I-]S(C)(C)OS1(C)C[I-]1,C[SH](C)O.C[SH](C)O,True,True,False,False,0.038461538461538464,18,10.0,1.0,1.0
CDK_Depict_30_230,C(=N\[As])(\N)/N([As])[As],NC(=N[AsH2])N([AsH2])[AsH2],N/C(=N\[As])N([As])[As],NC(=N[AsH2])N([AsH2])[AsH2],True,True,False,False,0.2857142857142857,12,7.0,0.0,0.0
CDK_Depict_30_231,[C-]#[N+]C1=NS(=[Se])N=C1[N+]#[C-],[C-]#[N+]C1=NS(=[Se])N=C1[N+]#[C-],[C-]#[N+]C1=NS(=[Se])N=C1[N+]#[C-],[C-]#[N+]C1=NS(=[Se])N=C1[N+]#[C-],True,True,True,True,1.0,0,10.0,1.0,0.0
CDK_Depict_30_232,C=C(O)SOSC(=C)O,C=C(O)SOSC(=C)O,C=C(O)SOSC(=C)O,C=C(O)SOSC(=C)O,True,True,True,True,1.0,0,9.0,0.0,0.0
CDK_Depict_30_233,C1=C[Si](C(=C1F)F)F,Fc1c(F)cc[SiH2]1,FC1=C(F)[Si](F)C=C1,FC1=C(F)[SiH2]C=C1,True,True,False,False,0.2916666666666667,19,8.0,1.0,0.0
CDK_Depict_30_234,[Se]1[Se][Se][Se][Se][Se][Se]1,s1[se][se][se][se][se]1,[se]1[se][se][se][se][se][se]1,S1[Se][Se][Se][Se][Se]1,True,True,False,False,0.09090909090909091,13,7.0,1.0,0.0
CDK_Depict_30_236,CCN([Si](Br)(Br)Br)[Si](Br)(Br)Br,CCN[Si](Br)(Br)Br.N[Si](Br)(Br)Br,CCN([Si](Br)(Br)Br)[Si](Br)(Br)Br,CCN[Si](Br)(Br)Br.N[Si](Br)(Br)Br,True,True,False,False,0.2608695652173913,3,11.0,0.0,0.0
CDK_Depict_30_237,C1(=N[GeH2]1)F,FC1=[NH2+][GeH2]1,F[C]1=[N][GeH2]1,F[C]1=[NH2+]->[GeH2]1,True,True,False,False,0.058823529411764705,9,4.0,1.0,1.0
CDK_Depict_30_238,B(O)(O)SB(O)O,O[2H](O)S[2H](O)O,OB(O)SB(O)O,,True,False,False,False,0.0,9,7.0,0.0,0.0
CDK_Depict_30_239,C(=O)[O+]1OO1,O=CO1Os1,O=C[o+]1oo1,,True,False,False,False,0.0,8,5.0,1.0,0.0
CDK_Depict_30_240,CC[As](CC)(C[As](CC)(CC)(F)F)(F)F,CC[As](F)(F)(F)C[As](F)(F)(F)(CC)CC,CC[As](F)(F)(CC)C[As](F)(F)(CC)CC,,True,False,False,False,0.0,16,15.0,0.0,0.0
CDK_Depict_30_241,C(C([SiH2]C(Cl)Cl)Cl)([SiH2]C(Cl)Cl)Cl,ClC(Cl)[SiH2]C(Cl)C(Cl)[SiH2]C(Cl)Cl,ClC(Cl)[SiH2]C(Cl)C(Cl)[SiH2]C(Cl)Cl,ClC(Cl)[SiH2]C(Cl)C(Cl)[SiH2]C(Cl)Cl,True,True,True,True,1.0,10,12.0,0.0,4.0
CDK_Depict_30_242,[2H]OP=S(=O)(O[2H])P=S,O.[2H]O.[2H]OP=[SH](=o)p=s,[2H]OP=S(=O)(O[2H])P=S,,True,False,False,False,0.0,16,9.0,0.0,3.0
CDK_Depict_30_243,CCO[Ge](C[Si](C)(C)CCl)(OCC)OCC,CCO[Ge](C[Si](C)(C)CCl)(OC)OCC,CC[O][Ge]([CH2][Si](C)(C)CCl)([O]CC)[O]CC,CC[O][Ge]([CH2][Si](C)(C)CCl)([O]C)[O]CC,True,True,False,False,0.8,1,16.0,0.0,0.0
CDK_Depict_30_245,C(C(F)(F)[Se][Se]C(C(F)(F)F)(F)F)(F)(F)F,FC(F)(F)C(F)(F)[Se][Se]C(F)(F)C(F)(F)F,FC(F)(F)C(F)(F)[Se][Se]C(F)(F)C(F)(F)F,FC(F)(F)C(F)(F)[Se][Se]C(F)(F)C(F)(F)F,True,True,True,True,1.0,15,16.0,0.0,0.0
CDK_Depict_30_246,N([N+](NF)(NF)[O-])F,O[N+]([NH2+]F)([NH2+]F)[NH2+]F,[O-][N+](NF)(NF)NF,O[N+]([NH2+]F)([NH2+]F)[NH2+]F,True,True,False,False,0.1111111111111111,17,8.0,0.0,0.0
CDK_Depict_30_247,N12N3[Se]N([Se]1)N([Se]2)[Se]3,C([SeH])[Se]1[nH]2[sH]2[sH]1,[se]1n2[se]n3[se]n2[se]n13,,True,False,False,False,0.0,19,8.0,4.0,0.0
CDK_Depict_30_248,C[Si](C)(C)[P+]([N-]N)([S-])Cl,[2H][P+]([S-])([AlH2+][AlH2])[SH2+]C,C[Si](C)(C)[P+]([S-])(Cl)[N-]N,[2H][P+]([S-])([AlH2+][AlH2])[SH2+]C,True,True,False,False,0.0625,27,9.0,0.0,1.0
CDK_Depict_30_249,COS(=O)C([NH+]=[N-])OS(=O)C,COS(=O)C[nH+][nH-],COS(=O)C([NH+]=[N-])OS(C)=O,,True,False,False,False,0.0,13,11.0,0.0,3.0
CDK_Depict_30_250,[Al-](Br)(Br)(Br)I,Br[Al-](Br)([Br-])I,[Br][Al-]([Br])([Br])[I],,True,False,False,False,0.0,7,5.0,0.0,0.0
CDK_Depict_30_251,C1C(=O)N[Si](=S)S1,O=C1CS[Si](=S)N1,O=C1CS[Si](=S)N1,O=C1CS[Si](=S)N1,True,True,True,True,1.0,8,7.0,1.0,0.0
CDK_Depict_30_252,C1C(OS(=O)O1)C#CF,C#CC1COCS(=o)O1,O=S1OCC(C#CF)O1,,True,False,False,False,0.0,11,9.0,1.0,2.0
CDK_Depict_30_253,C(CN=O)C(CCN=O)N=O,O=C=NCCC(CCN=O)N=C=O,O=NCCC(CCN=O)N=O,O=C=NCCC(CCN=O)N=C=O,True,True,False,False,0.46153846153846156,8,11.0,0.0,0.0
CDK_Depict_30_254,C[As](=S)(C)[As](=S)(C)C,C*(C)(=S)[As](C)(C)=S,C[As](C)(=S)[As](C)(C)=S,C*(C)(=S)[As](C)(C)=S,True,True,False,False,0.38461538461538464,11,8.0,0.0,0.0
CDK_Depict_30_255,C1(=NI=IN1)Cl,Clc1n**n1,ClC1=NI=IN1,Clc1n*:*n1,True,True,False,False,0.17391304347826086,11,6.0,1.0,0.0
CDK_Depict_30_256,C1(=S)OP(O1)OC(=S)OP2OC(=S)O2,S=C1OP(OC(=S)OP2OC(=S)O2)O1,S=C(Op1oc(=S)o1)Op1oc(=S)o1,S=C(Op1oc(=S)o1)Op1oc(=S)o1,True,True,True,True,1.0,11,14.0,2.0,0.0
CDK_Depict_30_257,CN(C)P(C(=C(F)F)F)C(=C(F)F)F,CN(C)FC(F)=C(F)F.FC(F)F,CN(C)P(C(F)=C(F)F)C(F)=C(F)F,,True,False,False,False,0.0,11,14.0,0.0,0.0
CDK_Depict_30_258,C(=N)(N)[Ga](C(=N)N)C(=N)N,N=C(N)[Gd]C(=N)N,N=[C](N)[Ga]([C](=N)N)[C](=N)N,N=[C](N)[Gd][C](=N)N,True,True,False,False,0.3333333333333333,13,10.0,0.0,0.0
CDK_Depict_30_259,C(=O)C([Hg]Br)([Hg]Br)[Hg]Br,O=CC(*[Br-])(*[Br-])*[Br-],O=C[C]([Hg][Br])([Hg][Br])[Hg][Br],,True,False,False,False,0.0,21,9.0,0.0,0.0
CDK_Depict_30_260,B(CC(B(O)O)B(O)O)(O)O,OB(O)CC(B(O)O)B(O)O,OB(O)CC(B(O)O)B(O)O,OB(O)CC(B(O)O)B(O)O,True,True,True,True,1.0,8,11.0,0.0,0.0
CDK_Depict_30_261,CCS(S(SI)(I)I)(I)I,*[SH](*)(*)[SH](*)(*)CC,CCS(I)(I)S(I)(I)SI,*[SH](*)(*)[SH](*)(*)CC,True,True,False,False,0.12,16,10.0,0.0,0.0
CDK_Depict_30_262,N1=[S+][Te](=NS1)Cl,Cl[Te]1nSN=[S+]1,Cl[Te]1=NSN=[S+]1,Cl[Te]1NSN=[S+]1,True,True,False,False,0.32,15,6.0,1.0,0.0
CDK_Depict_30_263,C1(=NC(=[N+](C(=N1)F)[Xe]F)F)F,F[Xe][n+]1c(F)nc(F)nc1F,F[Xe][n+]1c(F)nc(F)nc1F,F[Xe][n+]1c(F)nc(F)nc1F,True,True,True,True,1.0,22,11.0,1.0,0.0
CDK_Depict_30_264,CN[Sn](NC)(NC)NC,CN[Sn](NC)(NC)NC,C[NH][Sn]([NH]C)([NH]C)[NH]C,C[NH][Sn]([NH]C)([NH]C)[NH]C,True,True,True,True,1.0,0,9.0,0.0,0.0
CDK_Depict_30_265,C(/C=C/C#P)P(P)(P)(P)Br,*C=CC[PH](*)(P)(P)[Br-],P#C/C=C/CP(P)(P)(P)Br,,True,False,False,False,0.0,11,10.0,0.0,0.0
CDK_Depict_30_266,CC(C)N/C=C(/NC(C)C)\[Si],CC(C)NC=C([SiH3])NC(C)C,CC(C)N/C=C(\[Si])NC(C)C,CC(C)NC=C([SiH3])NC(C)C,True,True,False,False,0.52,14,11.0,0.0,0.0
CDK_Depict_30_267,P12P3SP(S1)P(S2)S3,[s]1[p]2[p]3[p](s3)[p]1S3,s1p2sp3sp2sp13,,True,False,False,False,0.0,19,8.0,4.0,4.0
CDK_Depict_30_268,[2H]P(O[3H])[Si],[2H]P([SiH3])O[3H],[2H]P([Si])O[3H],[2H]P([SiH3])O[3H],True,True,False,False,0.4666666666666667,7,5.0,0.0,1.0
CDK_Depict_30_269,N1=PP=NS1,n1snpP1,n1ppns1,,True,False,False,False,0.0,7,5.0,1.0,2.0
CDK_Depict_30_271,C[Si](C)(C)C[Pb](C[Si](C)(C)C)(C[Si](C)(C)C)Cl,C[Si](C)(C)C[Pb](Cl)(C[Si](C)(C)C)C[Si](C)(C)C,C[Si](C)(C)[CH2][Pb]([Cl])([CH2][Si](C)(C)C)[CH2][Si](C)(C)C,C[Si](C)(C)[CH2][Pb]([Cl])([CH2][Si](C)(C)C)[CH2][Si](C)(C)C,True,True,True,True,1.0,8,17.0,0.0,0.0
CDK_Depict_30_272,CC#C[Sb](C#CC)(C#CC)(C#CC)C#CC,C#C[Sb](C#CC)(C#CC)(C#CC)C#CC,CC#[C][Sb]([C]#CC)([C]#CC)([C]#CC)[C]#CC,C#[C][Sb]([C]#CC)([C]#CC)([C]#CC)[C]#CC,True,True,False,False,0.6,1,16.0,0.0,0.0
CDK_Depict_30_273,CCC=[Si]1O[Si]O1,CC=[Si]1O[SiH3]O1,CCC=[Si]1O[Si]O1,,True,False,False,False,0.0,3,7.0,1.0,0.0
CDK_Depict_30_274,[B-]([N+](=O)[O-])([N+](=O)[O-])(F)F,O=[N+]([O-])[B-](F)(F)[N+](=O)[O-],O=[N+]([O-])[B-](F)(F)[N+](=O)[O-],O=[N+]([O-])[B-](F)(F)[N+](=O)[O-],True,True,True,True,1.0,18,9.0,0.0,0.0
CDK_Depict_30_275,Cl[I-]1([Cl+][I-]([Cl+]1)(Cl)Cl)Cl,Cl[I-]1(Cl)[CH+][I-](Cl)(Cl)[CH+]1,Cl[I-]1(Cl)[Cl+][I-](Cl)(Cl)[Cl+]1,Cl[I-]1(Cl)[CH+][I-](Cl)(Cl)[CH+]1,True,True,False,False,0.23076923076923078,13,8.0,1.0,0.0
CDK_Depict_30_276,C(#N)[Se](C#N)(F)F,N#C[Se](F)(F)F,N#C[Se](F)(F)C#N,N#C[Se](F)(F)F,True,True,False,False,0.5833333333333334,7,7.0,0.0,0.0
CDK_Depict_30_277,CC(C)(C)N1N(O1)C(C)(C)C,CN1ON1C,CC(C)(C)n1on1C(C)(C)C,Cn1on1C,True,True,False,False,0.2857142857142857,18,11.0,1.0,0.0
CDK_Depict_30_278,COC1=C(OC(O1)(F)F)F,COC1=C(F)OC(C)(C)O1,COC1=C(F)OC(F)(F)O1,COC1=C(F)OC(C)(C)O1,True,True,False,False,0.625,8,10.0,1.0,0.0
CDK_Depict_30_279,N(=O)O[N+](=O)N1[N+](=O)O[N+]1=O,O=NO[N+](=O)N1[n+](=O)O[n+]1=O,O=NO[N+](=O)N1[N+](=O)O[N+]1=O,O=NO[N+](=O)N1[N+](=O)O[N+]1=O,True,True,True,True,1.0,6,11.0,1.0,0.0
CDK_Depict_30_280,CSC(=[N+]=C(SC)Cl)Cl,CSC(Cl)=[N+]=C(Cl)SC,CSC(Cl)=[N+]=C(Cl)SC,CSC(Cl)=[N+]=C(Cl)SC,True,True,True,True,1.0,8,9.0,0.0,0.0
CDK_Depict_30_281,C(=C(Cl)Cl)(SP(=S)(N)N)Cl,N[PH](N)(=S)SC(Cl)=C(Cl)Cl,NP(N)(=S)SC(Cl)=C(Cl)Cl,,True,False,False,False,0.0,19,10.0,0.0,0.0
CDK_Depict_30_282,CC(C)(C)N=[Cr](=NC(C)(C)C)(Cl)Cl,CC(C)(C)N=[Cr](Cl)(Cl)=NC(C)(Cl)Cl,CC(C)(C)[N]=[Cr]([Cl])([Cl])=[N]C(C)(C)C,CC(C)(C)[N]=[Cr]([Cl])([Cl])=[N]C(C)(Cl)Cl,True,True,False,False,0.7647058823529411,7,13.0,0.0,0.0
CDK_Depict_30_283,C1=NNSS1(=[Fe])(S)S,S[SH]1(S)([Fe])C=NNS1,S[S]1(S)(=[Fe])C=NNS1,S[SH]1(S)([Fe])C=NNS1,True,True,False,False,0.26666666666666666,14,8.0,1.0,0.0
CDK_Depict_30_284,C#CP(=[Te])(O)[Te],C#CP([TeH])(=[TeH])OOOOOOOOOOOOOOOOOOOOOOOO,C#CP(O)([Te])=[Te],C#CP([TeH])(=[TeH])OOOOOOOOOOOOOOOOOOOOOOOO,True,True,False,False,0.21428571428571427,30,6.0,0.0,1.0
CDK_Depict_30_285,O=[Os]1(=O)O[Os](=O)(=O)O1,O=S1(=O)o[Os](=O)(=O)O1,[O]=[Os]1(=[O])[O][Os](=[O])(=[O])[O]1,O=S1(=O)[O][Os](=[O])(=[O])[O]1,True,True,False,False,0.3333333333333333,5,8.0,1.0,0.0
CDK_Depict_30_286,F[P+](=S)[S-](=S=S)=[W],*=[SH](=ss)[P+](F)=S,F[P+](=S)[S-](=[W])=S=S,,True,False,False,False,0.0,15,7.0,0.0,1.0
CDK_Depict_30_287,CN(C)[SiH](N(C)C)[Si](N(C)C)(N(C)C)N(C)C,CN(C)[Si](N(C)C)(N(C)C)[Si](N(C)C)(N(C)C)N(C)C,CN(C)[SiH](N(C)C)[Si](N(C)C)(N(C)C)N(C)C,CN(C)[Si](N(C)C)(N(C)C)[Si](N(C)C)(N(C)C)N(C)C,True,True,False,False,0.3333333333333333,8,17.0,0.0,0.0
CDK_Depict_30_288,C(OS(=O)Cl)(OS(=O)Cl)(OS(=O)Cl)OS(=O)Cl,O=S(Cl)OC(OS(=O)Cl)(OS(=O)Cl)OS(=O)[U],O=S(Cl)OC(OS(=O)Cl)(OS(=O)Cl)OS(=O)Cl,O=S(Cl)OC(OS(=O)Cl)(OS(=O)Cl)O[S](=O)[U],True,True,False,False,0.7222222222222222,11,17.0,0.0,5.0
CDK_Depict_30_289,CC=C1CN(C1)[N+](=O)O,CCC1CN([N+](=O)O)C1,CC=C1CN([N+](=O)O)C1,CCC1CN([N+](=O)O)C1,True,True,False,False,0.3548387096774194,7,9.0,1.0,0.0
CDK_Depict_30_290,B(F)([Si](F)(F)F)[Si](F)(F)F,FB([Si](F)(F)F)[Si](F)(F)F,FB([Si](F)(F)F)[Si](F)(F)F,FB([Si](F)(F)F)[Si](F)(F)F,True,True,True,True,1.0,3,10.0,0.0,0.0
CDK_Depict_30_291,CC(C)(C)[N+](C)(C)P(=N)(N(C)C)N(C)C,CN(C)P(=[NH2+])(N(C)C)N(C)(C)C,CN(C)P(=N)(N(C)C)[N+](C)(C)C(C)(C)C,,True,False,False,False,0.0,17,15.0,0.0,0.0
CDK_Depict_30_293,B(=S(=S)=S(=S)=S(=S)=S(=S)=S)CC,CCB=[SH](=S)s(s)ss(s)s,CCB=S(=S)=S(=S)=S(=S)=S(=S)=S,,True,False,False,False,0.0,22,12.0,0.0,0.0
CDK_Depict_30_294,CCCC[Te](Br)(Br)Br,CCCC[Te](Br)(CBr)CBr,CCCC[Te](Br)(Br)Br,CCCC[Te](Br)(CBr)CBr,True,True,False,False,0.55,2,8.0,0.0,0.0
CDK_Depict_30_295,CC(C)OP(=S)(NC)Cl,CO[PH]([NH2+])(=S)Cl,CNP(=S)(Cl)OC(C)C,,True,False,False,False,0.0,14,9.0,0.0,1.0
CDK_Depict_30_296,S1[SnH2]S[SnH2]S[SnH2]1,S1[SnH]S[SnH]S[SnH]1,[S]1[SnH2][S][SnH2][S][SnH2]1,[S]1[SnH][S][SnH][S][SnH]1,True,True,False,False,0.09090909090909091,3,6.0,1.0,3.0
CDK_Depict_30_297,C1=NNN(N=C1)Cl,Cln1nccnn1,ClN1N=CC=NN1,,True,False,False,False,0.0,12,7.0,1.0,0.0
CDK_Depict_30_298,CS(N=O)(I)(I)(I)I,CS(I)(I)(I)(I)(I)(I)(I)(I)(I)(I)(I)(I)(I)(I)(I)(I)(I)(I)(I)(I)(I)(I)(I)(I)(I)(I)(I)(I)(I)(I)(I)(I)(I)(I)(I)(I)(I)(I)(I)(I)(I)(I)(I)(I)(I)(I)(I)(I)(I)(I)(I)(I)(I)(I)(I)(I)(I)(I)(I)(I)(I)(I)(I)(I)(I)(I)(I)(I)(I)(I)(I)(I)(I)(I)(I)(I)(I)(I)(I)(I)(I)(I)(I)(I)(I)(I)(I)(I)(I)(I)(I)(I)(I)(I)(I,CS(I)(I)(I)(I)N=O,,True,False,False,False,0.0,272,8.0,0.0,0.0
CDK_Depict_30_299,C1C[In](N=C1)N,N[In]1CCC=N1,[NH2][In]1[CH2]CC=[N]1,[NH2][In]1[CH2]CC=[N]1,True,True,True,True,1.0,9,6.0,1.0,0.0
CDK_Depict_30_300,C1NC(=O)SC(=O)S1,O=C1SCNCS1,O=C1NCSC(=O)S1,O=C1SCNCS1,True,True,False,False,0.45454545454545453,11,8.0,1.0,0.0
CDK_Depict_30_301,C1=ISI=C1,c1cccC1,C1=ISI=C1,C1=CCC=C1,True,True,False,False,0.0625,6,5.0,1.0,0.0
CDK_Depict_30_302,[3H]/[W](=N/I)=S,Nn(=s)nI,[3H]/[W](=[S])=[N]/I,,True,False,False,False,0.0,13,5.0,0.0,0.0
CDK_Depict_30_303,B1(OB(OB(O1)C=C)C)C,C=CB1*bobo1,C=CB1OB(C)OB(C)O1,,True,False,False,False,0.0,17,10.0,1.0,0.0
CDK_Depict_30_304,CS[P+](=S)OC(=C)O[P+](=S)SC,C=C(O[p+](=S)SC)o[p+](=S)SC,C=C(O[P+](=S)SC)O[P+](=S)SC,,True,False,False,False,0.0,11,12.0,0.0,2.0
CDK_Depict_30_305,C[SiH]1[SiH](SC(=C2S[SiH]([SiH](S2)C)C)S1)C,C[SiH]1SC(C2S[SiH](C)[SiH](C)S2)S[SiH]1C,C[SiH]1SC(=C2S[SiH](C)[SiH](C)S2)S[SiH]1C,C[SiH]1SC(C2S[SiH](C)[SiH](C)S2)S[SiH]1C,True,True,False,False,0.29411764705882354,18,14.0,2.0,4.0
CDK_Depict_30_306,[B-]([N+](C)(C)C)(F)(F)Cl,CB(F)(F)[N+](C)(C)C,C[N+](C)(C)[B-](F)(F)Cl,,True,False,False,False,0.0,15,8.0,0.0,0.0
CDK_Depict_30_307,O=[Te](=O)(Cl)Cl,O=[Te](=O)(=O)[Gd],O=[Te](=O)(Cl)Cl,O=[Te](=O)(=O)->[Gd],True,True,False,False,0.3333333333333333,6,5.0,0.0,0.0
CDK_Depict_30_308,CO[Al](OC)Br,CC[Al](Br)OC,C[O][Al]([Br])[O]C,C[CH2][Al]([Br])[O]C,True,True,False,False,0.4375,5,6.0,0.0,0.0
CDK_Depict_30_309,CC1=CC(=[O+][Si]O1)C,Cc1cc(C)o[Si]o1,CC1=CC(C)=[O+][Si]O1,,True,False,False,False,0.0,12,8.0,1.0,0.0
CDK_Depict_30_310,C1=C[Te]1(C(=O)O)(C(=O)O)(C(=O)O)C(=O)O,C1=C[Te](C(O)=O)(CC(O)=O)(C(O)=O)CC(=O)O,O=C(O)[Te]1(C(=O)O)(C(=O)O)(C(=O)O)C=C1,,True,False,False,False,0.0,9,15.0,1.0,0.0
CDK_Depict_30_311,C(#P(F)P=C=O)N=[N+]=[N-],[N-]=[N+]=NC#[p+](F)P=C=O,[N-]=[N+]=NC#P(F)P=C=O,,True,False,False,False,0.0,23,9.0,0.0,2.0
CDK_Depict_30_312,[2H][B-]([2H])([2H])C#N,[2H][B-](O)(O)C#N,[2H][B-]([2H])([2H])C#N,[2H][B-](O)(O)C#N,True,True,False,False,0.25,8,6.0,0.0,0.0
CDK_Depict_30_313,N1=[Si](N=[Si](N=[Si]1Cl)Cl)Cl,Cls1ns(Cl)ns(Cl)n1,Cl[si]1n[si](Cl)n[si](Cl)n1,ClS1=NS(Cl)=NS(Cl)=N1,True,True,False,False,0.14285714285714285,25,9.0,1.0,0.0
CDK_Depict_30_314,C1=C[Ge](C=C[Ge]1(I)I)(I)I,*[Ge]1cc[Ge](*)(*)cc1,[I][Ge]1([I])[CH]=[CH][Ge]([I])([I])[CH]=[CH]1,[*][Ge]1[CH]=[CH][Ge]([*])([*])[CH]=[CH]1,True,True,False,False,0.15789473684210525,16,10.0,1.0,0.0
CDK_Depict_30_315,C(F)(F)(F)[Se]C(F)(SCl)Cl,FC(F)(F)[Se]C(F)(Cl)SCl,FC(F)(F)[Se]C(F)(Cl)SCl,FC(F)(F)[Se]C(F)(Cl)SCl,True,True,True,True,1.0,5,10.0,0.0,1.0
CDK_Depict_30_316,[2H]C([2H])([2H])[Si]([2H])(C)C([2H])([2H])[2H],[2H]C([2H])([2H])[Si](C)(O)C([2H])([2H])[2H],[2H]C([2H])([2H])[Si]([2H])(C)C([2H])([2H])[2H],[2H]C([2H])([2H])[Si](C)(O)C([2H])([2H])[2H],True,True,False,False,0.16666666666666666,5,11.0,0.0,0.0
CDK_Depict_30_317,CCOC1=NC=CN=C1OCC,CCOc1nccnc1OCC,CCOc1nccnc1OCC,CCOc1nccnc1OCC,True,True,True,True,1.0,9,12.0,1.0,0.0
CDK_Depict_30_318,SS(=S)(=S)S(=S)(=S)[I-]S(=S)(=S)S,CS(=S)(=S)S(=S)(=S)[SeH],S=S(=S)(S)[I-]S(=S)(=S)S(=S)(=S)S,CS(=S)(=S)S(=S)(=S)[SeH],True,True,False,False,0.14285714285714285,13,12.0,0.0,0.0
CDK_Depict_30_319,C(=O)(N)NO[Si]NC(=O)N,*C(=O)N[Si]ONC(N)=O,NC(=O)NO[Si]NC(N)=O,*C(=O)N[Si]ONC(N)=O,True,True,False,False,0.6956521739130435,10,10.0,0.0,0.0
CDK_Depict_30_320,B1(NB(SS1)C)C,CB1[4]SC,CB1NB(C)SS1,,True,False,False,False,0.0,10,7.0,1.0,0.0
CDK_Depict_30_321,CI(#C)OOS,*oOI(#C)C,C#I(C)OOS,,True,False,False,False,0.0,6,6.0,0.0,0.0
CDK_Depict_30_322,O=[Sn]1O[Bi](O1)O[Sn](=O)O[Bi]2O[Sn](=O)O2,O=[Sn]1o[Sn](O[Sn](=O)O[Sn]2o[Sn](=O)o2)o1,[O]=[Sn]1[O][Bi]([O][Sn](=[O])[O][Bi]2[O][Sn](=[O])[O]2)[O]1,[O]=[Sn]1[O][Sn]([O][Sn](=[O])[O][Sn]2[O][Sn](=[O])[O]2)[O]1,True,True,False,False,0.34615384615384615,13,14.0,2.0,0.0
CDK_Depict_30_323,[B](P)[I-]B([I-][B]P)[I-]P[I-][B]P,*B[IH]B([IH]B*)[IH][IH][IH]BP,P[B][I-]P[I-]B([I-][B]P)[I-][B]P,*B[IH]B([IH]B*)[IH][IH][IH]BP,True,True,False,False,0.05263157894736842,16,12.0,0.0,1.0
CDK_Depict_30_324,N#[Ru-](Br)(Br)(Br)Br,N#[Ru](Br)(Br)(Br)Br,[N]#[Ru-]([Br])([Br])([Br])[Br],[N]#[Ru]([Br])([Br])([Br])[Br],True,True,False,False,0.2,1,6.0,0.0,0.0
CDK_Depict_30_325,C1(=IC(=IC(=I1)Cl)Cl)Cl,Clc1nc(Cl)nc(Cl)n1,ClC1=IC(Cl)=IC(Cl)=I1,Clc1nc(Cl)nc(Cl)n1,True,True,False,False,0.23076923076923078,16,9.0,1.0,0.0
CDK_Depict_30_326,CC(CO)ONN(OC(C)CO)OC(C)CO,CC(CO)ONN(OC(C)CO)OC(C)CO,CC(CO)ONN(OC(C)CO)OC(C)CO,CC(CO)ONN(OC(C)CO)OC(C)CO,True,True,True,True,1.0,0,17.0,0.0,3.0
CDK_Depict_30_327,CCCO[Pr](OCCC)OCCC,CCCO[CH2](CC)(OC)OCC,CCC[O][Pr]([O]CCC)[O]CCC,,True,False,False,False,0.0,8,13.0,0.0,0.0
CDK_Depict_30_328,C(C(Cl)(Cl)Br)(N=S(F)F)(Cl)Cl,FS(F)=NC(Cl)(Cl)Cl,FS(F)=NC(Cl)(Cl)C(Cl)(Cl)Br,FS(F)=NC(Cl)(Cl)Cl,True,True,False,False,0.5,18,11.0,0.0,0.0
CDK_Depict_30_329,C1(=[Se])[Se][Ba][Se]1,[Se]=c1[se][se][se]1,[Se]=C1[Se][Ba][Se]1,[Se]=c1[se][se][se]1,True,True,False,False,0.26666666666666666,11,5.0,1.0,0.0
CDK_Depict_30_330,[3H]C1=CC(=[Si]C(=C1)[3H])[3H],[13H]c1cc([13H])sc([13H])c1,[3H]C1=CC([3H])=[Si]C([3H])=C1,,True,False,False,False,0.0,20,9.0,1.0,0.0
CDK_Depict_30_331,C[Si](C)(C)CSC([Si](C)(C)C)([Si](C)(C)C)Br,COC(SC[Si](C)(C)C)([Si](C)(C)C)[Si](C)(C)C,C[Si](C)(C)CSC(Br)([Si](C)(C)C)[Si](C)(C)C,COC(SC[Si](C)(C)C)([Si](C)(C)C)[Si](C)(C)C,True,True,False,False,0.46153846153846156,11,16.0,0.0,0.0
CDK_Depict_30_332,[2H]S(=BOOOON)(=C=O)OOOO,[2H]S(=c=o)(OOOO)=OCOOON=NN=N[W],[2H]S(=BOOOON)(=C=O)OOOO,,True,False,False,False,0.0,19,14.0,0.0,1.0
CDK_Depict_30_333,N1(P(N(P(N(P1Br)Br)Br)Br)Br)Br,Brn1p(Br)n(Br)p([Br-])n([Br-])p1Br,BrN1P(Br)N(Br)P(Br)N(Br)P1Br,,True,False,False,False,0.0,24,12.0,1.0,3.0
CDK_Depict_30_334,[Ca][Ca][Ca][Ca][Ca][Ca][Ca][Ca][Ca][Ca],C[Ga][Ga]**[Ca][Ga][Ca][Ga][Ga][Ga],[Ca][Ca][Ca][Ca][Ca][Ca][Ca][Ca][Ca][Ca],[CH3][Ga][Ga][*][*][Ca][Ga][Ca][Ga][Ga][Ga],True,True,False,False,0.03125,13,10.0,0.0,0.0
CDK_Depict_30_335,C1=C(C(=C(S1)I)P=O)P=O,O=Pc1cCSc(I)c1p=O,O=Pc1csc(I)c1P=O,,True,False,False,False,0.0,15,10.0,1.0,2.0
CDK_Depict_30_336,CI1(=C)C=C1,C=[IH](C)C,C=I1(C)C=C1,C=[IH](C)C,True,True,False,False,0.15384615384615385,8,5.0,1.0,0.0
CDK_Depict_30_337,CCP(#SCC)I,CC[SH]=[PH](C)I,CCS#P(I)CC,CC[SH]=[PH](C)I,True,True,False,False,0.16,10,7.0,0.0,1.0
CDK_Depict_30_338,CNP(=C)(NCC#C)F,C#CNP(=C)(F)NC,C#CCNP(=C)(F)NC,C#CNP(=C)(F)NC,True,True,False,False,0.5384615384615384,8,9.0,0.0,1.0
CDK_Depict_30_339,B(O[Si]C)(O[Si]C)O[Si]C,C[SiH2]OB(O[SiH3])O[SiH2]C,C[Si]OB(O[Si]C)O[Si]C,C[SiH2]OB(O[SiH3])O[SiH2]C,True,True,False,False,0.18181818181818182,12,10.0,0.0,0.0
CDK_Depict_30_340,CC(C)(C)P(=O)(CN=[N+]=[N-])C(C)(C)C,CP(C)(=O)CN=[N+]=[N-],CC(C)(C)P(=O)(CN=[N+]=[N-])C(C)(C)C,CP(C)(=O)CN=[N+]=[N-],True,True,False,False,0.56,15,14.0,0.0,0.0
CDK_Depict_30_341,CCI(O)(O)(O)I(O)O,*I(*)(*)(O)I(O)O,CCI(O)(O)(O)I(O)O,*I(*)(*)(O)I(O)O,True,True,False,False,0.3333333333333333,4,9.0,0.0,0.0
CDK_Depict_30_342,CN(OC)[Al](C)Cl,CON(C)[Al](C)Cl,CO[N](C)[Al]([CH3])[Cl],CO[N](C)[Al]([CH3])[Cl],True,True,True,True,1.0,2,7.0,0.0,0.0
CDK_Depict_30_343,S1S[Se][Se][Se][Se][Se]S1,*1SSS[Se][Se][Se]1,S1S[Se][Se][Se][Se][Se]S1,*1sss[se][se][se]1,True,True,False,False,0.07692307692307693,8,8.0,1.0,0.0
CDK_Depict_30_344,CS=1(=CNC=NC1)C,Cs1(C)cnc[nH2+]c1,CS1(C)=CN=CNC=1,,True,False,False,False,0.0,15,8.0,1.0,0.0
CDK_Depict_30_345,CCP(CC)C=C=C,C=C=CP(CC)CC,C=C=CP(CC)CC,C=C=CP(CC)CC,True,True,True,True,1.0,6,8.0,0.0,0.0
CDK_Depict_30_346,COCC(OCCI)I,COCC(CI)OCCI,COCC(I)OCCI,COCC(CI)OCCI,True,True,False,False,0.625,5,9.0,0.0,1.0
CDK_Depict_30_347,C[Te]1(CCOCC1)OCl(=O)(=O)=O,C[Te]1(OCl(=O)(=O)=O)CCOCC1,C[Te]1(O[Cl+3]([O-])([O-])[O-])CCOCC1,C[Te]1(O[Cl+3]([O-])([O-])[O-])CCOCC1,True,True,True,True,1.0,13,12.0,1.0,0.0
CDK_Depict_30_348,O=[Ta](=O)O[Ta](=O)=O,O=[Ta](=O)O[Ta](=O)=O,[O]=[Ta](=[O])[O][Ta](=[O])=[O],[O]=[Ta](=[O])[O][Ta](=[O])=[O],True,True,True,True,1.0,0,7.0,0.0,0.0
CDK_Depict_30_349,C[P+](F)(F)F,C[P+](F)(F)F,C[P+](F)(F)F,C[P+](F)(F)F,True,True,True,True,1.0,0,5.0,0.0,0.0
CDK_Depict_30_350,O1[GeH2]O[Ge]2O[Ge]O[GeH2]O[Ge](O2)(O[Ge]1)O[GeH3],[GeH3]O[GeH3]1O[GeH3][GeH3]O[GeH3]2O[GeH3]O[GeH3]O[Ge](O[GeH3])(O1)O2,[GeH3][O][Ge]12[O][Ge][O][GeH2][O][Ge]([O][Ge][O][GeH2][O]1)[O]2,,True,False,False,False,0.0,34,15.0,2.0,4.0
CDK_Depict_30_351,B(C#N)(OC#CC=O)F,N#CB(F)OC#CC=O,N#CB(F)OC#CC=O,N#CB(F)OC#CC=O,True,True,True,True,1.0,8,9.0,0.0,0.0
CDK_Depict_30_352,C=[U]=C(C#N)[N+]#[C-],[C-]#[N+]c(C#N)=o=C,[C-]#[N+][C](C#N)=[U]=[CH2],,True,False,False,False,0.0,16,7.0,0.0,0.0
CDK_Depict_30_353,C(=O)(N=S(=NC(=O)F)(F)F)F,O=C(F)N=S(F)(F)=NC(=O)F,O=C(F)N=S(F)(F)=NC(=O)F,O=C(F)N=S(F)(F)=NC(=O)F,True,True,True,True,1.0,16,11.0,0.0,0.0
CDK_Depict_30_354,B1(N(B(N(B(N1[AlH2])Cl)[AlH2])Cl)[AlH2])Cl,[AlH2]N1B(Cl)N([AlH2])B(Cl)N([AlH2])B1Cl,[AlH2][N]1B(Cl)[N]([AlH2])B(Cl)[N]([AlH2])B1Cl,[AlH2][N]1B(Cl)[N]([AlH2])B(Cl)[N]([AlH2])B1Cl,True,True,True,True,1.0,24,12.0,1.0,0.0
CDK_Depict_30_355,CC(=S(C)(F)(F)F)C,C[SH](F)(F)(F)F,CC(C)=S(C)(F)(F)F,C[SH](F)(F)(F)F,True,True,False,False,0.14285714285714285,7,8.0,0.0,0.0
CDK_Depict_30_356,C(=O)=[Cr](=C=O)=C=S,O=C=c(=c=O)=c=S,O=[C]=[Cr](=[C]=O)=[C]=S,,True,False,False,False,0.0,9,7.0,0.0,0.0
CDK_Depict_30_357,C[Si](C)(C)C[Al](C[Si](C)(C)C)I,C[Si](C)(C)C[Al](I)C[Si](C)(C)C,C[Si](C)(C)[CH2][Al]([I])[CH2][Si](C)(C)C,C[Si](C)(C)[CH2][Al]([I])[CH2][Si](C)(C)C,True,True,True,True,1.0,4,12.0,0.0,0.0
CDK_Depict_30_358,N=NN(OOO[Si])OOS,N=NN(OOS)OOO[SiH],N=NN(OOS)OOO[Si],N=NN(OOS)OOO[SiH],True,True,False,False,0.6296296296296297,9,10.0,0.0,0.0
CDK_Depict_30_359,C(=C(/N(Br)Br)\Br)(\N)/Br,CON(Br)C(Br)=C(N)Br,N/C(Br)=C(\Br)N(Br)Br,CON(Br)C(Br)=C(N)Br,True,True,False,False,0.47619047619047616,13,8.0,0.0,0.0
CDK_Depict_30_360,P12P3[As]1[As]23,[A5]1[A5]2P12,P12P3[As]1[As]23,,True,False,False,False,0.0,10,4.0,4.0,4.0
CDK_Depict_30_361,C1(=C2[Se]C(=C([Se]2)I)I)[Se]C(=C([Se]1)I)I,CC1[Se]CC(I)[Se]1,IC1=C(I)[Se]C(=C2[Se]C(I)=C(I)[Se]2)[Se]1,CC1[Se]CC(I)[Se]1,True,True,False,False,0.08,27,14.0,2.0,0.0
CDK_Depict_30_362,CCN([Al](CC)CC)[Al](CC)CC,CC[AlH](C)N(C)[AlH](C)CC,CC[N]([Al]([CH2]C)[CH2]C)[Al]([CH2]C)[CH2]C,,True,False,False,False,0.0,8,13.0,0.0,0.0
CDK_Depict_30_363,CS(=O)(=O)[Si](O)(O)S(=O)(=O)C,*=[Si](=*)(C)[Si](O)([Ho])S(=*)(=*)C,CS(=O)(=O)[Si](O)(O)S(C)(=O)=O,,True,False,False,False,0.0,14,11.0,0.0,0.0
CDK_Depict_30_364,C[Si](C)(C)C[Ga](C[Si](C)(C)C)Br,C[Si](C)(C)C[Ge](Br)C[Si](C)(C)C,C[Si](C)(C)[CH2][Ga]([Br])[CH2][Si](C)(C)C,C[Si](C)(C)[CH2][Ge]([Br])[CH2][Si](C)(C)C,True,True,False,False,0.3157894736842105,7,12.0,0.0,0.0
CDK_Depict_30_365,C[Ge]1(C[Si](C1)(Cl)Cl)C,C[Se]1(C)C[Si](Cl)(Cl)C1,[CH3][Ge]1([CH3])[CH2][Si](Cl)(Cl)[CH2]1,C[Se]1(C)C[Si](Cl)(Cl)C1,True,True,False,False,0.3,7,8.0,1.0,0.0
CDK_Depict_30_366,O(F)[Al-](F)(F)F,Fs[Al-](F)(F)F,F[O][Al-]([F])([F])[F],,True,False,False,False,0.0,3,6.0,0.0,0.0
CDK_Depict_30_367,C1(=C([Se]C(=S)[Se]1)S)S,S=C1[Se]C(S)C(S)[Se]1,S=c1[se]c(S)c(S)[se]1,S=C1[Se]C(S)C(S)[Se]1,True,True,False,False,0.25,12,8.0,1.0,0.0
CDK_Depict_30_368,C(F)(F)(F)[As](C(F)(F)F)O[As](C(F)(F)F)C(F)(F)F,FC(F)(F)[As](CO[As](C(F)(F)F)C(F)(F)F)C(F)(F)F,FC(F)(F)[As](O[As](C(F)(F)F)C(F)(F)F)C(F)(F)F,FC(F)(F)[As](CO[As](C(F)(F)F)C(F)(F)F)C(F)(F)F,True,True,False,False,0.4,13,19.0,0.0,0.0
CDK_Depict_30_370,CC(C)P(=N[Si](C)(C)C)(Br)Br,CC(C)[PH](Br)(Br)n[Si](C)(C)C,CC(C)P(Br)(Br)=N[Si](C)(C)C,,True,False,False,False,0.0,18,11.0,0.0,0.0
CDK_Depict_30_371,C[S+](C)[Te](Cl)(Cl)Cl,CS[Te](Cl)(Cl)Cl,C[S+](C)[Te](Cl)(Cl)Cl,CS[Te](Cl)(Cl)Cl,True,True,False,False,0.2857142857142857,6,7.0,0.0,0.0
CDK_Depict_30_372,B(C(=C=O)[Si](C)(C)C)(Cl)Cl,CO(C)C(=C=O)[Si](C)(C)C,C[Si](C)(C)C(=C=O)B(Cl)Cl,,True,False,False,False,0.0,11,10.0,0.0,0.0
CDK_Depict_30_373,CCCS[In](SCCC)SCCC,CCCSC[nH](SCCC)SCCC,CCC[S][In]([S]CCC)[S]CCC,,True,False,False,False,0.0,3,13.0,0.0,0.0
CDK_Depict_30_374,C(=O)=[SnH]O[SnH3],O=[Sn]O[SnH],O=[C]=[SnH][O][SnH3],[O]=[Sn][O][SnH],True,True,False,False,0.1,6,5.0,0.0,1.0
CDK_Depict_30_375,CN1N(SCCS1)C,CN1SCCSN1C,CN1SCCSN1C,CN1SCCSN1C,True,True,True,True,1.0,4,8.0,1.0,0.0
CDK_Depict_30_376,[B][B]C(P([B])[B])P([B])[B],CC(P(C)C)P(C)C,[B][B]C(P([B])[B])P([B])[B],CC(P(C)C)P(C)C,True,True,False,False,0.10526315789473684,18,9.0,0.0,0.0
CDK_Depict_30_377,CS(=S)(=S)[S-](=O)=S,CS(=S)(=S)[SH](=S)=S,CS(=S)(=S)[S-](=O)=S,CS(=S)(=S)[SH](=S)=S,True,True,False,False,0.29411764705882354,2,7.0,0.0,0.0
CDK_Depict_30_378,[SiH2]1[SiH2]P2[SiH2][SiH2]P([SiH2]1)[SiH2]2,[SnH2]1[SnH2][PH]2[SnH2][SnH2][PH][SnH2]2,[SiH2]1[SiH2]P2[SiH2][SiH2]P([SiH2]1)[SiH2]2,,True,False,False,False,0.0,15,8.0,2.0,8.0
CDK_Depict_30_379,B1=CC[SiH2][SiH2]C=C1,c1occ[sH2][SiH2]C1,B1=CC[SiH2][SiH2]C=C1,,True,False,False,False,0.0,8,7.0,1.0,2.0
CDK_Depict_30_380,CCSC=S=S(=S)=S(=S)=S,CSCss(s)s(s)s,CCSC=S=S(=S)=S(=S)=S,,True,False,False,False,0.0,13,10.0,0.0,0.0
CDK_Depict_30_381,C(C(C(F)Cl)(F)Cl)(F)Cl,FC(Cl)C(F)(Cl)C(F)Cl,FC(Cl)C(F)(Cl)C(F)Cl,FC(Cl)C(F)(Cl)C(F)Cl,True,True,True,True,1.0,8,9.0,0.0,3.0
CDK_Depict_30_382,CP(C)C[Bi](CP(C)C)CP(C)C,CP(C)C[Bi](CP(C)C)CP(C)C,CP(C)[CH2][Bi]([CH2]P(C)C)[CH2]P(C)C,CP(C)[CH2][Bi]([CH2]P(C)C)[CH2]P(C)C,True,True,True,True,1.0,0,13.0,0.0,0.0
CDK_Depict_30_383,CCC/C=S\1/SSSSS1=O,CCCCC=S(SsSC)S(=O)S,CCC/C=S1/SSSSS1=O,,True,False,False,False,0.0,10,11.0,1.0,2.0
CDK_Depict_30_384,S1[Ga]S[Ga]1,*1Scs1,[S]1[Ga][S][Ga]1,,True,False,False,False,0.0,9,4.0,1.0,0.0
CDK_Depict_30_385,C1(=[Ge]=N1)Cl,Clc1ss1,Cl[C]1=[Ge]=[N]1,,True,False,False,False,0.0,12,4.0,1.0,0.0
CDK_Depict_30_386,B1=NC(=CC=C1)N(N([Si])[Si])[Si],[Si]N([Si])N([Si])c1cccon1,[Si]N([Si])N([Si])c1cccbn1,,True,False,False,False,0.0,22,11.0,1.0,0.0
CDK_Depict_30_387,C1=CON(P=C1)OO,[nH]On1ocCcp1,OON1OC=CC=P1,,True,False,False,False,0.0,12,8.0,1.0,1.0
CDK_Depict_30_388,C(=P(Cl)(Cl)Cl)[P+](Cl)(Cl)Cl,Cl[P+](Cl)(Cl)Cl,ClP(Cl)(Cl)=C[P+](Cl)(Cl)Cl,Cl[P+](Cl)(Cl)Cl,True,True,False,False,0.23076923076923078,13,9.0,0.0,0.0
CDK_Depict_30_389,C[Si](C)(C)C(=O)N[In]NC(=O)[Si](C)(C)C,C[Si](C)(C)C(=O)*NC(=O)[Si](C)(C)C,C[Si](C)(C)C(=O)[NH][In][NH]C(=O)[Si](C)(C)C,C[Si](C)(C)C(=O)*NC(=O)[Si](C)(C)C,True,True,False,False,0.4,5,15.0,0.0,0.0
CDK_Depict_30_390,N(P(=O)(Cl)Cl)P(=O)(Cl)Cl,*[PH](=c)(Cl)[NH2+][PH](=*)(Cl)Cl,O=P(Cl)(Cl)NP(=O)(Cl)Cl,,True,False,False,False,0.0,15,9.0,0.0,0.0
CDK_Depict_30_391,[2H]C(I)I([2H])P,*C([2H])I(*)[2H],[2H]C(I)I([2H])P,*C([2H])I(*)[2H],True,True,False,False,0.2777777777777778,10,6.0,0.0,1.0
CDK_Depict_30_392,CO[Si](O)(O)O[Si](O)(O)OC(O)O,CO[Si+](O)([Mo])O[Si](O)(O)OC(O)O,CO[Si](O)(O)O[Si](O)(O)OC(O)O,CO[Si+](O)(->[Mo])O[Si](O)(O)OC(O)O,True,True,False,False,0.43333333333333335,5,13.0,0.0,0.0
CDK_Depict_30_393,CN=S(=C=S(=NC)(C)C)(C)C,CN=S(C)(C)=C=S(C)(C)=NC,CN=S(C)(C)=C=S(C)(C)=NC,CN=S(C)(C)=C=S(C)(C)=NC,True,True,True,True,1.0,11,11.0,0.0,0.0
CDK_Depict_30_394,[B-]1C[N+]([B-](C[N+]1(C)C)C#N)(C)C,C[B-]1(C#N)C[N+](C)(C)[N+](C)(C)C[N+]1(C)C,C[N+]1(C)[B-]C[N+](C)(C)[B-](C#N)C1,C[B-]1(C#N)C[N+](C)(C)[N+](C)(C)C[N+]1(C)C,True,True,False,False,0.1891891891891892,17,12.0,1.0,0.0
CDK_Depict_30_395,B1(B(C=CC=C1)C)C,CB1ccccb1C,CB1C=CC=CB1C,CB1C=CC=CB1C,True,True,True,True,1.0,13,8.0,1.0,0.0
CDK_Depict_30_396,S1[Sb]S[Sb]2S[Sb]S[Sb]1S2,S1sss2ssss1s2,[S]1[Sb][S][Sb]2[S][Sb][S][Sb]1[S]2,,True,False,False,False,0.0,20,9.0,2.0,0.0
CDK_Depict_30_397,C(=NS(=O)(=O)OS(=O)(=O)N=C=O)=O,O=C=NS(=O)(=O)OS(=O)(=O)[N-]=C=O,O=C=NS(=O)(=O)OS(=O)(=O)N=C=O,,True,False,False,False,0.0,8,13.0,0.0,0.0
CDK_Depict_30_398,B1(NB(NB(N1)CCCCCC)CCCCCC)CCCCCC,CCCCCCB1[NH+]CB(CCCCCC)[NH+](CCCCCC)[NH+]1,CCCCCCB1NB(CCCCCC)NB(CCCCCC)N1,CCCCCCB1[NH+]CB(CCCCCC)[NH+](CCCCCC)[NH+]1,True,True,False,False,0.2972972972972973,26,24.0,1.0,0.0
CDK_Depict_30_399,B(C(C)(C)C)(Br)Br,BBBr,CC(C)(C)B(Br)Br,BBBr,True,True,False,False,0.07142857142857142,13,7.0,0.0,0.0
CDK_Depict_30_400,C[Ge](C)(C)N(P(F)F)[Ge](C)(C)C,C[Ge](C)(C)N(P(F)F)[Ge](C)(C)C,[CH3][Ge]([CH3])([CH3])[N](P(F)F)[Ge]([CH3])([CH3])[CH3],[CH3][Ge]([CH3])([CH3])[N](P(F)F)[Ge]([CH3])([CH3])[CH3],True,True,True,True,1.0,0,12.0,0.0,0.0
CDK_Depict_31_1,[B]1B2B3B4B1OB3B24,C1CCC1,[B]1B2OB3B4B1B3B24,C1CCC1,True,True,False,False,0.0,16,8.0,7.0,0.0
CDK_Depict_31_2,CS1(PC(P1)O)C,C[Si](C)(C)pc(O)[pH],CS1(C)PC(O)P1,,True,False,False,False,0.0,14,7.0,1.0,3.0
CDK_Depict_31_3,C[S+](C)OI(=O)(O)OI(=O)([O-])OI,*O*(=O)(O)O*(=O)(O)O[S+](C)C,C[S+](C)O[I+]([O-])(O)O[I+]([O-])([O-])OI,*O*(=O)(O)O*(=O)(O)O[S+](C)C,True,True,False,False,0.15384615384615385,19,13.0,0.0,1.0
CDK_Depict_31_4,[B](B1CB(C1=S=S)F)F,B.CSC(S)s=S,F[B]B1CB(F)C1=S=S,,True,False,False,False,0.0,14,9.0,1.0,0.0
CDK_Depict_31_5,C(OCS(Cl)(Cl)(Cl)(Cl)Cl)S(Cl)(Cl)(Cl)(Cl)Cl,ClC(Cl)(Cl)(Cl)Cl.ClS(Cl)(Cl)(Cl)(Cl)Cl,ClS(Cl)(Cl)(Cl)(Cl)COCS(Cl)(Cl)(Cl)(Cl)Cl,,True,False,False,False,0.0,6,15.0,0.0,0.0
CDK_Depict_31_6,O(OF)O[Sn](F)(F)F,FOOO[Sn](F)(F)F,FOO[O][Sn]([F])([F])[F],FOO[O][Sn]([F])([F])[F],True,True,True,True,1.0,4,8.0,0.0,0.0
CDK_Depict_31_7,F[Ru](F)(F)(F)(F)(F)(F)F,F.F.F[Po-](F)(F)(F)(F)F,[F][Ru]([F])([F])([F])([F])([F])([F])[F],,True,False,False,False,0.0,10,9.0,0.0,0.0
CDK_Depict_31_8,B(C)(C)C1=NC(=NC(=N1)B(C)C)B(C)C,CB(C)C1nc(n(C)C)nc(s(C)C)n1,CB(C)c1nc(B(C)C)nc(B(C)C)n1,,True,False,False,False,0.0,20,15.0,1.0,0.0
CDK_Depict_31_9,[2H][15N]=C([15N]([2H])[2H])O[2H],[2H]OC(=*O)*(O)O,[2H][15N]=C(O[2H])[15N]([2H])[2H],[2H]OC(=*O)*(O)O,True,True,False,False,0.15384615384615385,24,8.0,0.0,0.0
CDK_Depict_31_10,C=NC1=CC=C(C=C1)N(C2=CC=C(C=C2)N=C)C3=CC=C(C=C3)N=C,C=C=Nc1ccc(N(c2ccc(N=C)cc2)c2ccc(N=C)cc2)cc1,C=Nc1ccc(N(c2ccc(N=C)cc2)c2ccc(N=C)cc2)cc1,C=C=Nc1ccc(N(c2ccc(N=C)cc2)c2ccc(N=C)cc2)cc1,True,True,False,False,0.7083333333333334,38,25.0,3.0,0.0
CDK_Depict_31_11,P(P(Br)I)(Br)Br,*p(*)*,BrP(Br)P(Br)I,,True,False,False,False,0.0,13,6.0,0.0,1.0
CDK_Depict_31_13,CC(C)(C)C[Si](=O)O[Si](=O)C,CC(C)C.C[Si](=O)O,C[Si](=O)O[Si](=O)CC(C)(C)C,CC(C)C.C[Si](=O)O,True,True,False,False,0.2,11,11.0,0.0,0.0
CDK_Depict_31_14,CC#CC#CC(P)(P)P=N,*C([pH])C#CC#C,CC#CC#CC(P)(P)P=N,,True,False,False,False,0.0,15,10.0,0.0,1.0
CDK_Depict_31_15,CN1C(=O)N(S1)C,C*1S*(C)C1=O,Cn1sn(C)c1=O,C*1S*(C)C1=O,True,True,False,False,0.23809523809523808,10,7.0,1.0,0.0
CDK_Depict_31_16,B#P(P)S(=O)C,*p(=O)S(C)=O,B#P(P)S(C)=O,,True,False,False,False,0.0,9,6.0,0.0,2.0
CDK_Depict_31_17,[N-]=[N+]=NS(=[V])N=[N+]=[N-],[N-]=[N+]=NS(=[V])N=[N+]=[N-],[N-]=[N+]=N[S](=[V])N=[N+]=[N-],[N-]=[N+]=N[S](=[V])N=[N+]=[N-],True,True,True,True,1.0,0,8.0,0.0,1.0
CDK_Depict_31_18,CC[Pb](C1=CC=CC=C1)(Cl)Cl,Cl.c[2H](Cl)(Cl)c1ccccc1,C[CH2][Pb]([Cl])([Cl])[c]1ccccc1,,True,False,False,False,0.0,20,11.0,1.0,0.0
CDK_Depict_31_19,[2H]I(=O)(B(C)P)N,[2H]n(=O)*[2H](C)[PH3],[2H]I(N)(=O)B(C)P,,True,False,False,False,0.0,10,7.0,0.0,1.0
CDK_Depict_31_20,CSC1=NOC(=N1)N,CSc1sOc(N)s1,CSc1noc(N)n1,,True,False,False,False,0.0,8,8.0,1.0,0.0
CDK_Depict_31_21,COS[Si](N=C=O)SOC,COS.O=C=NSS.OS,COS[Si](N=C=O)SOC,COS.O=C=NSS.OS,True,True,False,False,0.3,10,10.0,0.0,0.0
CDK_Depict_31_22,CP(=S)(C)C#CP(=S)(C)C,CO(=S)C#CO(C)(C)=S,CP(C)(=S)C#CP(C)(C)=S,,True,False,False,False,0.0,9,10.0,0.0,0.0
CDK_Depict_31_23,NP(=O)(N)NNP(=O)(N)N,*P(*)(=O)[W][AlH]P([NH2-])([14NH3])=O,NP(N)(=O)NNP(N)(N)=O,,True,False,False,False,0.0,26,10.0,0.0,0.0
CDK_Depict_31_24,C[Ge](C)(C)C(=[As](C)(C)C)[Ge](C)(C)C,C[Ge](C)(C)C([Ge](C)(C)C)=[Ge](C)(C)C,[CH3][Ge]([CH3])([CH3])[C]([Ge]([CH3])([CH3])[CH3])=[As](C)(C)C,,True,False,False,False,0.0,4,13.0,0.0,0.0
CDK_Depict_31_25,Cl[In-](I)(I)I,*.Cl,[Cl][In-]([I])([I])[I],*.Cl,True,True,False,False,0.0,14,5.0,0.0,0.0
CDK_Depict_31_26,C(=O)=[Si](N[SiH3])Cl,C=C=[Si](Cl)N[SiH3],O=C=[Si](Cl)N[SiH3],C=C=[Si](Cl)N[SiH3],True,True,False,False,0.5,9,6.0,0.0,1.0
CDK_Depict_31_27,B1=C(SC(=N1)N)N,C1[s][s]c(N)S,Nc1bnc(N)s1,,True,False,False,False,0.0,12,7.0,1.0,0.0
CDK_Depict_31_28,Br[Pd-2](Br)(Br)(Br)(Br)Br,C[Po-](Cl)(Cl)(Cl)(Cl)(Cl)(Cl)(Cl)(Cl)(Cl)(Cl)(Cl)(Cl)(Cl)(Cl)(Cl)(Cl)(Cl)(Cl)(Cl)(Cl)(Cl)(Cl)(Cl)(Cl)(Cl)(Cl)(Cl)(Cl)(Cl)(Cl)(Cl)(Cl)(Cl)(Cl)(Cl)(Cl)(Cl)(Cl)(Cl)(Cl)(Cl)(Cl)(Cl)(Cl)(Cl)(Cl)(Cl)(Cl)(Cl)(Cl)(Cl)(Cl)(Cl)(Cl)(Cl)(Cl)(Cl)(Cl)(Cl)(Cl)(Cl)(Cl)(Cl)(Cl)(Cl)(Cl)(Cl)(Cl)(Cl)(Cl)(Cl)(Cl)([Br)([Br)([Br])([Br)([Br)([Br])([,[Br][Pd-2]([Br])([Br])([Br])([Br])[Br],,True,False,False,False,0.0,308,7.0,0.0,0.0
CDK_Depict_31_29,[2H]S[B]S(=[B])[2H],O=[SH][SH]=S(=O)=S,[2H]S[B]S([2H])=[B],O=[SH][SH]=S(=O)=S,True,True,False,False,0.038461538461538464,14,6.0,0.0,1.0
CDK_Depict_31_30,CN(C)C1=C(C1=N)N(C)C,CN(C)C1CCC1=N,CN(C)c1c(N(C)C)c1=N,CN(C)C1CCC1=N,True,True,False,False,0.25,8,10.0,1.0,0.0
CDK_Depict_31_31,P1PP2PPPP2P1,C1CCC1,[pH]1[pH]p2[pH][pH][pH]p2[pH]1,C1CCC1,True,True,False,False,0.0,10,8.0,2.0,8.0
CDK_Depict_31_32,CC1=C(OOC1=O)C,O=C1C=COO1,Cc1ooc(=O)c1C,O=c1ccoo1,True,True,False,False,0.2,9,8.0,1.0,0.0
CDK_Depict_31_33,CC(C)(C)[As]([As](C(C)(C)C)I)I,CC.CC,CC(C)(C)[As](I)[As](I)C(C)(C)C,CC.CC,True,True,False,False,0.09090909090909091,26,12.0,0.0,2.0
CDK_Depict_31_34,O=[Te](Br)Br,C=[Te](Br)Br,O=[Te](Br)Br,C=[Te](Br)Br,True,True,False,False,0.3333333333333333,1,4.0,0.0,0.0
CDK_Depict_31_35,CC(SC(C)(I)I)(I)I,CC.CSC(C)(C)C,CC(I)(I)SC(C)(I)I,CC.CSC(C)(C)C,True,True,False,False,0.26666666666666666,9,9.0,0.0,0.0
CDK_Depict_31_36,[3H]C#CCCC#CS(=P[3H])I,[3H]p([3H])=[SH]C#CCCCCCCCC,[3H]C#CCCC#CS(I)=P[3H],,True,False,False,False,0.0,22,11.0,0.0,2.0
CDK_Depict_31_37,B1(B(C(=C=C1F)F)F)F,F[2H]1=C(F)C=C(I)[2H](I)[2H]1,FB1B(F)C(F)=C=C1F,,True,False,False,False,0.0,22,9.0,1.0,0.0
CDK_Depict_31_38,[2H]P(P[3H])P=O,*pp(p)p=O,[2H]P(P=O)P[3H],,True,False,False,False,0.0,11,6.0,0.0,3.0
CDK_Depict_31_39,C/C=[Ru](/Cl)\I,Cl[Po](Cl)Cl,C/[CH]=[Ru](/[Cl])[I],[Cl][Po]([Cl])[Cl],True,True,False,False,0.07142857142857142,8,5.0,0.0,0.0
CDK_Depict_31_40,C1(N=NNN1[O-])[Te],[O-][V]1[14NH][14NH]nC1[TeH],[O-]N1NN=NC1[Te],[O-][V]1[14NH][14NH]N[CH]1[TeH],True,True,False,False,0.16666666666666666,20,7.0,1.0,1.0
CDK_Depict_31_41,C=C1[Te]C(=C)[Te]1,CCCCCCCCCCCCCCCCCCCCCCCCCCCCCCCCCCCCCCCCCCCCCCCCCCCCCCCCCCCCCCCCCCCCCCCCCCCCCCCCCCCCCCCCCCCCCCCCCCCCCCCCCCCCCCCCCCCCCCCCCCCCCCCCCCCCCCCCCCCCCCCCCCCC)CCCCCCCCCCCCC,C=c1[te]c(=C)[te]1,,True,False,False,False,0.0,157,6.0,1.0,0.0
CDK_Depict_31_42,C1=NC(=O)OC=P1,CC.COC(C)=O,O=c1ncpco1,CC.COC(C)=O,True,True,False,False,0.034482758620689655,10,7.0,1.0,1.0
CDK_Depict_31_43,C1CSP(=S)(S1)Cl,S=[o-]1(S)SCCS1,S=P1(Cl)SCCS1,,True,False,False,False,0.0,13,7.0,1.0,0.0
CDK_Depict_31_44,BrI(Br)(Br)(Br)Br,*C.*C.*C.*C.*C,BrI(Br)(Br)(Br)Br,*C.*C.*C.*C.*C,True,True,False,False,0.0,17,6.0,0.0,0.0
CDK_Depict_31_45,C1(=S)O[N+](=[N-])S1,[N-]=[n+]1CSC(=S)O1,[N-]=[N+]1OC(=S)S1,[N-]=[N+]1CSC(=S)O1,True,True,False,False,0.4166666666666667,16,6.0,1.0,0.0
CDK_Depict_31_46,CP=C=NP=NP=C=NP=N,Cp=C=np=Np=C=pp[nH],CP=C=NP=NP=C=NP=N,,True,False,False,False,0.0,10,11.0,0.0,4.0
CDK_Depict_31_47,N1NNN(N1)N2NNNN2,C[C@H]1C[C@H](N[C@H](C)C)N[C@H]1C[C@H]1N[C@H](N)N[C@H]1C[C@H]1N[C@H]1C[C@H]1N[C@H]1C[C@H]1N[C@H]1C[C@H]1C[C@H]1)N[C@H]1,[nH]1[nH][nH]n(-n2[nH][nH][nH][nH]2)[nH]1,,True,False,False,False,0.0,108,10.0,2.0,0.0
CDK_Depict_31_48,[B](B(NNC[P+](C)(C)C)Br)Br,[1H]F[2H]([1H])[1H]*C[P+](C)(C)C,C[P+](C)(C)CNNB(Br)[B]Br,,True,False,False,False,0.0,23,11.0,0.0,0.0
CDK_Depict_31_49,C(C(SCl)(Cl)Br)(Cl)Br,Cl.SCl,ClSC(Cl)(Br)C(Cl)Br,Cl.SCl,True,True,False,False,0.05263157894736842,17,8.0,0.0,2.0
CDK_Depict_31_50,C1=C[Te][Te]C1=CC=[Te],CCCCCCCCCCCCCCCCCCCCCCCCCCCCCCCCCCCCCCCCCCCCCCCCCCCCCCCCCCCCCCCCCCCCCCCCCCCCCCCCCCCCCCCCCCCCCCCCCCCCCCCCCCCCCCCCCCCCCCCCCCC)CCCCCCCCCCCCCCCC)CCCCCCCCC)CCCCCC)CCCCCC)CCCCCCC)C,[Te]=CC=C1C=C[Te][Te]1,,True,False,False,False,0.0,169,8.0,1.0,0.0
CDK_Depict_31_51,CC(C)C(=PP=C1CCCCCC1)P=C,C=C(C)CCCCCC.C=CC(=C)C(C)C,C=PC(=PP=C1CCCCCC1)C(C)C,C=C(C)CCCCCC.C=CC(=C)C(C)C,True,True,False,False,0.1276595744680851,15,15.0,1.0,3.0
CDK_Depict_31_52,CC(C)C(C)(C)[N+]1=[Si]OO1,CC*1=[Si]OO1,CC(C)C(C)(C)[N+]1=[Si]OO1,CC*1=[Si]OO1,True,True,False,False,0.1724137931034483,14,10.0,1.0,0.0
CDK_Depict_31_53,C[Si]1(C[Sn](C[Si](C[Sn](C1)(C)C)(C)C)(C)C)C,C[Si](C)(C)C[Sn](C)(C)C[Sn](C)(C)C[Sn](C)(C)C,C[Si]1(C)[CH2][Sn]([CH3])([CH3])[CH2][Si](C)(C)[CH2][Sn]([CH3])([CH3])[CH2]1,C[Si](C)(C)[CH2][Sn]([CH3])([CH3])[CH2][Sn]([CH3])([CH3])[CH2][Sn]([CH3])([CH3])[CH3],True,True,False,False,0.07142857142857142,18,16.0,1.0,0.0
CDK_Depict_31_54,C=C(C[Te](CC(=C)Cl)(Cl)Cl)Cl,Cl.ClCl.ClCl,C=C(Cl)C[Te](Cl)(Cl)CC(=C)Cl,Cl.ClCl.ClCl,True,True,False,False,0.0625,19,11.0,0.0,0.0
CDK_Depict_31_56,C[CH-][P+](=S(=CC)=CC)N,C=S(=CC)=[P+](=N)[14CH2-]C,CC=S(=CC)=[P+](N)[CH-]C,,True,False,False,False,0.0,18,9.0,0.0,1.0
CDK_Depict_31_57,CP(C)C[Al](CP(C)C)Cl,CCCCCl,CP(C)[CH2][Al]([Cl])[CH2]P(C)C,CCCCCl,True,True,False,False,0.14285714285714285,14,10.0,0.0,0.0
CDK_Depict_31_58,CSC1=CN=NN=N1,CSc1cnnnn1,CSc1cnnnn1,CSc1cnnnn1,True,True,True,True,1.0,9,8.0,1.0,0.0
CDK_Depict_31_59,CN(C)SP(=O)(SN(C)C)Cl,CN(C)S[PH](=O)S,CN(C)SP(=O)(Cl)SN(C)C,CN(C)S[PH](=O)S,True,True,False,False,0.2608695652173913,12,11.0,0.0,0.0
CDK_Depict_31_60,CN1C=C[N+](=[Si]1C)C,C[N+](C)=[Si](C)C,Cn1cc[n+](C)[si]1C,C[N+](C)=[Si](C)C,True,True,False,False,0.04,8,8.0,1.0,0.0
CDK_Depict_31_61,[N+](=O)([O-])OP(=O)(O[N+](=O)[O-])OF,O=[V](O)O[V](=O)(OF)O[V](=O)O,O=[N+]([O-])OP(=O)(OF)O[N+](=O)[O-],[O]=[V]([OH])[O][V](=[O])([O]F)[O][V](=[O])[OH],True,True,False,False,0.125,22,12.0,0.0,0.0
CDK_Depict_31_62,C1(=NO)N=N1,[N-]=[N+]=N,ON=c1nn1,[N-]=[N+]=N,True,True,False,False,0.0,9,5.0,1.0,0.0
CDK_Depict_31_63,OP1(OP(S1)(Cl)(Cl)Cl)(O)O,O.O.Op(Cl)(Cl)Cl,OP1(O)(O)OP(Cl)(Cl)(Cl)S1,,True,False,False,False,0.0,13,10.0,1.0,0.0
CDK_Depict_31_64,O=P1(O[Bi](O1)OP(=O)(O[Bi]2OP(=O)(O2)F)F)F,O.O=[PH](O)O.O=[PH](O)O[SH]O.O=[PH]1(F)O[SH]O1,O=P1(F)[O][Bi]([O]P(=O)(F)[O][Bi]2[O]P(=O)(F)[O]2)[O]1,,True,False,False,False,0.0,34,17.0,2.0,0.0
CDK_Depict_31_65,N#S(N=S(F)F)(F)F,CS(F)(F)*=S(F)F,N#S(F)(F)N=S(F)F,CS(F)(F)*=S(F)F,True,True,False,False,0.21739130434782608,8,8.0,0.0,0.0
CDK_Depict_31_66,CN(P(#P)ON)I,*Op(=p)*C,CN(I)P(#P)ON,,True,False,False,False,0.0,10,7.0,0.0,1.0
CDK_Depict_31_67,C1=NN=N[N+]1=O,**c*(=O)N=C,O=[N+]1C=NN=N1,,True,False,False,False,0.0,11,6.0,1.0,0.0
CDK_Depict_31_68,B(=NSP)B=O,O*/*=[V]/SP,O=BB=NSP,O*/[*]=[V]/[S]P,True,True,False,False,0.1111111111111111,11,6.0,0.0,0.0
CDK_Depict_31_69,CI(=O)(N)I,*C(=O)I,CI(N)(=O)I,*C(=O)I,True,True,False,False,0.125,5,5.0,0.0,1.0
CDK_Depict_31_70,C(C(=N)C(F)(F)F)C(=O)C(F)(F)F,*=C(C)CC(=O)C(F)(F)F.F.F.[Ti],N=C(CC(=O)C(F)(F)F)C(F)(F)F,*=C(C)CC(=O)C(F)(F)F.F.F.[Ti],True,True,False,False,0.4444444444444444,19,13.0,0.0,0.0
CDK_Depict_31_71,CS[S-](#C)P=C,C=P[S-](=C)SC,C#[S-](P=C)SC,C=P[S-](=C)SC,True,True,False,False,0.45,5,6.0,0.0,1.0
CDK_Depict_31_72,N([N+](=O)[O-])(O)S(=O)(=S)O,O=[V](O)[V](O)S(=O)(O)=S,O=[N+]([O-])N(O)S(=O)(O)=S,[O]=[V]([OH])[V]([OH])[S](=O)(O)=S,True,True,False,False,0.25,12,9.0,0.0,1.0
CDK_Depict_31_73,C/C=C/[Bi](Br)(Br)(/C=C/C)/C=C/C,CCC[Si+](C)([SiH])CCC,C/C=[CH]/[Bi]([Br])([Br])(/[CH]=C/C)/[CH]=C/C,,True,False,False,False,0.0,20,12.0,0.0,0.0
CDK_Depict_31_74,C=CC[Ga](I)I,C=CCCCC,C=C[CH2][Ga]([I])[I],C=CCCCC,True,True,False,False,0.22727272727272727,8,6.0,0.0,0.0
CDK_Depict_31_75,O[W](=O)(=O)O[W](=O)=O,O=*(o)O*(=O)=O,[O]=[W](=[O])[O][W](=[O])(=[O])[OH],,True,False,False,False,0.0,11,8.0,0.0,0.0
CDK_Depict_31_76,C(=O)(N=[Se])N1[Se][Se]1,O=C(N=[Se])N1[Se][Se]1,O=C(N=[Se])n1[se][se]1,O=C(N=[Se])n1[se][se]1,True,True,True,True,1.0,4,7.0,1.0,0.0
CDK_Depict_31_77,[2H]C(CC)C([2H])([2H])[2H],[2H]C(O)(O)CC(O)CC,[2H]C(CC)C([2H])([2H])[2H],[2H]C(O)(O)CC(O)CC,True,True,False,False,0.16666666666666666,16,8.0,0.0,1.0
CDK_Depict_31_78,C1(=S)OSS1,S=C1OSS1,S=c1oss1,S=c1oss1,True,True,True,True,1.0,5,5.0,1.0,0.0
CDK_Depict_31_79,C(S(=O)(=O)I)(Cl)Cl,CS(=O)(=O)C(Cl)Cl,O=S(=O)(I)C(Cl)Cl,CS(=O)(=O)C(Cl)Cl,True,True,False,False,0.4666666666666667,3,7.0,0.0,0.0
CDK_Depict_31_80,C12(O[As](=O)(O1)O2)O[As]3(=O)O[Pb]O3,O=[As]1OC(O[2s]2(=O)O[2s]O2)O1,O=[As]1(OC23O[As](=O)(O2)O3)[O][Pb][O]1,O=[As]1OC(O[2S]2(=O)O[2S]O2)O1,True,True,False,False,0.07317073170731707,22,12.0,4.0,2.0
CDK_Depict_31_81,CC1=PC(=NS1)N,*c1cc(C)Sn1,Cc1pc(N)ns1,*c1cc(C)sn1,True,True,False,False,0.2857142857142857,10,7.0,1.0,1.0
CDK_Depict_31_82,[B]B([B])B(B=S)B([B])[B],BB(B)B1(B=S)B(B)BB1=S,[B]B([B])B(B=S)B([B])[B],,True,False,False,False,0.0,11,9.0,0.0,0.0
CDK_Depict_31_83,[Si]([Si](I)(I)I)([Si](I)(I)I)(I)I,C[SiH](C)[SiH](C)[Si](C)(C)C,I[Si](I)(I)[Si](I)(I)[Si](I)(I)I,C[SiH](C)[SiH](C)[Si](C)(C)C,True,True,False,False,0.058823529411764705,20,11.0,0.0,0.0
CDK_Depict_31_84,C[As]=C1C=C[CH+]C=C1,C=[SH]=C=c1cc[Cr+]cc1,C[As]=C1C=C[CH+]C=C1,C=[SH]=C=C1C=[CH][Cr+][CH]=C1,True,True,False,False,0.09375,12,8.0,1.0,1.0
CDK_Depict_31_85,C(N=NN(C(Cl)(Cl)Cl)C(Cl)(Cl)Cl)(Cl)(Cl)Cl,ClC(Cl)*(*=*C(Cl)(Cl)Cl)C(Cl)(Cl)Cl,ClC(Cl)(Cl)N=NN(C(Cl)(Cl)Cl)C(Cl)(Cl)Cl,ClC(Cl)*(*=*C(Cl)(Cl)Cl)C(Cl)(Cl)Cl,True,True,False,False,0.0967741935483871,14,15.0,0.0,0.0
CDK_Depict_31_86,C1C[Te][Te][Te][Te][Te]1,C1CCCCCCCCCCCCCC1,C1C[Te][Te][Te][Te][Te]1,C1CCCCCCCCCCCCCC1,True,True,False,False,0.09090909090909091,20,7.0,1.0,0.0
CDK_Depict_31_87,[3H][U]([3H])([3H])F,[HH]C(C)(C)C,[3H][U]([3H])([3H])[F],CC(C)C,True,True,False,False,0.0,13,5.0,0.0,0.0
CDK_Depict_31_88,C1=CSC(=C1)OP(OC2=CC=CS2)OC3=CC=CS3,C1=CSC(Op(Oc2cccS2)Oc2cccs2)=C1,c1csc(OP(Oc2cccs2)Oc2cccs2)c1,,True,False,False,False,0.0,21,19.0,3.0,0.0
CDK_Depict_31_89,C[Si]1([Te][Si]([Te][Si]([Te]1)(C)C)(C)C)C,C[SiH](C)C.C[SiH](C)[TeH].C[Si](C)(C)C.[TeH],C[Si]1(C)[Te][Si](C)(C)[Te][Si](C)(C)[Te]1,C[SiH](C)C.C[SiH](C)[TeH].C[Si](C)(C)C.[TeH],True,True,False,False,0.05555555555555555,25,12.0,1.0,0.0
CDK_Depict_31_90,Cl[Hf](Cl)(Br)Br,Cl[123333333333333333333333333333333323333333333333332333333233Cl,[Cl][Hf]([Cl])([Br])[Br],,True,False,False,False,0.0,62,5.0,0.0,0.0
CDK_Depict_31_91,C[Si](C)(CI)F,CCC[SiH](C)C.[3HH],C[Si](C)(F)CI,CCC[SiH](C)C.[3HH],True,True,False,False,0.09523809523809523,10,6.0,0.0,0.0
CDK_Depict_31_92,B1=BB1C(=O)O[Al](OC(=O)B2B=B2)OC(=O)B3B=B3,CC.CC.CC.CC.CC.CC.CC.CC.CC.CC.CC.CC.CC.CC.CC.CC.CC.CC.CC.CC.CC.CC,O=C([O][Al]([O]C(=O)B1B=B1)[O]C(=O)B1B=B1)B1B=B1,CC.CC.CC.CC.CC.CC.CC.CC.CC.CC.CC.CC.CC.CC.CC.CC.CC.CC.CC.CC.CC.CC,True,True,False,False,0.0,62,19.0,3.0,0.0
CDK_Depict_31_93,C=CC(F)[Si]N=C=O,CCC(F)S[V]=C=O,C=CC(F)[Si]N=C=O,CCC(F)[S][V]=[C]=O,True,True,False,False,0.16666666666666666,5,8.0,0.0,1.0
CDK_Depict_31_94,C(O[Hg])(O[Hg])(O[Hg])O[Hg],*1OCO1.O,[Hg][O]C([O][Hg])([O][Hg])[O][Hg],*1OCO1.O,True,True,False,False,0.0,24,9.0,0.0,0.0
CDK_Depict_31_95,P12[Se]P([Se][Se]1)[Se][Se]2,[SeH]P[SeH],[se]1[se]p2[se][se]p1[se]2,[SeH]P[SeH],True,True,False,False,0.0,20,7.0,2.0,2.0
CDK_Depict_31_96,CC[Te]NC(=O)N([Te]CC)[Te]CC,CCC.CCC[Al](C)[Te]CC.[TeH],CC[Te]NC(=O)N([Te]CC)[Te]CC,CCC.CC[CH2][Al]([CH3])[Te]CC.[TeH],True,True,False,False,0.14705882352941177,16,13.0,0.0,0.0
CDK_Depict_31_97,[2H]N([3H])I([3H])N([2H])I,C[V](C)p.C[V](C)p,[2H]N([3H])I([3H])N([2H])I,,True,False,False,False,0.0,20,8.0,0.0,0.0
CDK_Depict_31_98,C[Si](C)(C)N1C=CC=[SiH]1,C[Si](C)(C)[AlH]1cccs1,C[Si](C)(C)n1ccc[siH]1,,True,False,False,False,0.0,12,9.0,1.0,0.0
CDK_Depict_31_99,CP(=[Si]1C[Si](=P(C)(C)C)C[Si](=P(C)(C)C)C1)(C)C,CP[SiH]C[SiH][PH](C)(C)C,CP(C)(C)=[Si]1C[Si](=P(C)(C)C)C[Si](=P(C)(C)C)C1,CP[SiH]C[SiH][PH](C)(C)C,True,True,False,False,0.037037037037037035,30,18.0,1.0,0.0
CDK_Depict_31_100,C1(=O)C(=O)OP(O1)F,O=c1co[PH](F)o1,O=c1op(F)oc1=O,,True,False,False,False,0.0,16,8.0,1.0,0.0
CDK_Depict_32_1,C(=O)(N1O[Si](=O)O1)N2O[Si](=O)O2,O=C(N1OS(=O)O1)[V]1O[Si](=O)O1,O=C(n1o[si](=O)o1)n1o[si](=O)o1,O=[C](N1OS(=O)O1)[V]1[O][Si](=O)[O]1,True,True,False,False,0.22580645161290322,12,12.0,2.0,0.0
CDK_Depict_32_2,[Sb-](I)(I)(I)(I)(I)I,C*(C)(C)(C)(C)(C)C,[I][Sb-]([I])([I])([I])([I])[I],C*(C)(C)(C)(C)(C)C,True,True,False,False,0.0,11,7.0,0.0,0.0
CDK_Depict_32_3,OS(=O)S(=O)(=O)S(=O)O,OS(=O)S(=O)(=O)S(=O)[1O],O=S(O)S(=O)(=O)S(=O)O,O=S(O)S(=O)(=O)S(=O)[1O],True,True,False,False,0.625,3,9.0,0.0,2.0
CDK_Depict_32_4,C1CS[Bi](O1)SCCO,OCCSs1OCCS1,OCC[S][Bi]1[O]CC[S]1,OCCS[SH]1OCCS1,True,True,False,False,0.3333333333333333,12,9.0,1.0,0.0
CDK_Depict_32_5,C[Pb](F)(F)F,CC.COC,[CH3][Pb]([F])([F])[F],CC.COC,True,True,False,False,0.1,11,5.0,0.0,0.0
CDK_Depict_32_6,N(=P(Cl)(Cl)Cl)[Te](F)(F)F,C[PH](C)(C)=N[Te](C)(F)F,F[Te](F)(F)N=P(Cl)(Cl)Cl,,True,False,False,False,0.0,11,9.0,0.0,0.0
CDK_Depict_32_7,CP(=[N+]=P(C)(C)SC)(C)SC,CS[PH](C)(C)=N=[PH](C)(C)SC,CSP(C)(C)=[N+]=P(C)(C)SC,,True,False,False,False,0.0,15,11.0,0.0,0.0
CDK_Depict_32_8,O=[V]1O[V](=O)O1,O=[V]1O[V](=O)O1,[O]=[V]1[O][V](=[O])[O]1,[O]=[V]1[O][V](=[O])[O]1,True,True,True,True,1.0,0,6.0,1.0,0.0
CDK_Depict_32_9,OS(=P)(=S)I,*=S(=*)(O)=S,OS(=P)(=S)I,,True,False,False,False,0.0,7,5.0,0.0,1.0
CDK_Depict_32_10,PP[I-]P[I-]P([I-]PP)[I-]PP,CPC.[2H][1H][3H][PH](*P[2H])CPC,PP[I-]P[I-]P([I-]PP)[I-]PP,,True,False,False,False,0.0,22,12.0,0.0,5.0
CDK_Depict_32_11,B(=O)CNC(=S)NB(C)O,C[2H](O)NC(=S)NC*=O,CB(O)NC(=S)NCB=O,,True,False,False,False,0.0,11,10.0,0.0,0.0
CDK_Depict_32_12,O=S1(=O)O[Ge]2(O1)OS(=O)(=O)O2,O=S1(=O)O[se]2(O1)OS(=O)(=O)O2,O=S1(=O)[O][Ge]2([O]1)[O]S(=O)(=O)[O]2,O=S1(=O)O[Se]2(O1)OS(=O)(=O)O2,True,True,False,False,0.29411764705882354,1,11.0,2.0,0.0
CDK_Depict_32_13,CN(C)O[Ge](ON(C)C)(ON(C)C)ON(C)C,CN(C)O[(ce](ON(C)C)(ON(C)C)O[V](C)C)C,CN(C)[O][Ge]([O]N(C)C)([O]N(C)C)[O]N(C)C,,True,False,False,False,0.0,7,17.0,0.0,0.0
CDK_Depict_32_14,[B-]1(=N[B-](=N[B-](=N1)Cl)Cl)Cl,**1=[V]*(C)=[V]*(C)=[V]1,Cl[b-]1n[b-](Cl)n[b-](Cl)n1,*[*]1=[V][*](C)=[V][*](C)=[V]1,True,True,False,False,0.0,25,9.0,1.0,0.0
CDK_Depict_32_15,C1=CC=C2C(=C1)[Se]N=[Se+]2,C=[Se]c1ccccc1[Se]C,c1ccc2[se+]n[se]c2c1,C=[Se]c1ccccc1[Se]C,True,True,False,False,0.15625,19,9.0,2.0,0.0
CDK_Depict_32_16,B(=PP(#P)[P+]#P)C,*=*([*+]=*C)[*+]#*,CB=PP(#P)[P+]#P,*=*([*+]=*C)[*+]#*,True,True,False,False,0.03125,14,7.0,0.0,3.0
CDK_Depict_32_17,CCN[Al]O[Al](NCC)NCC,CC**C*(NCC)[NH+]CC,CC[NH][Al][O][Al]([NH]CC)[NH]CC,CC**C*(NCC)[NH+]CC,True,True,False,False,0.13157894736842105,14,12.0,0.0,0.0
CDK_Depict_32_18,C(C[Tl](CCC#N)I)C#N,*.**(CCC#N)CCC#N,N#CC[CH2][Tl]([I])[CH2]CC#N,*.**(CCC#N)CCC#N,True,True,False,False,0.2916666666666667,9,10.0,0.0,0.0
CDK_Depict_32_19,C(F)(F)(F)[Te](C(F)(F)F)(F)Cl,[(][[]([(])(C([)])([)])([)])C([f])([f])[f],FC(F)(F)[Te](F)(Cl)C(F)(F)F,,True,False,False,False,0.0,30,11.0,0.0,0.0
CDK_Depict_32_20,C(#N)[P-](C#N)(C#N)(F)(Cl)Cl,*.*.*.N#C*(F)(C#N)C#[V],N#C[P-](F)(Cl)(Cl)(C#N)C#N,*.*.*.N#C*(F)(C#N)[C]#[V],True,True,False,False,0.17391304347826086,21,10.0,0.0,0.0
CDK_Depict_32_21,[2H]C([2H])([2H])[Sn](C)(C)C([2H])([2H])[2H],[2H]C([2H])([2H])[Sn](C)(C)(C)C([2H])([2H])C,[2H][C]([2H])([2H])[Sn]([CH3])([CH3])[C]([2H])([2H])[2H],,True,False,False,False,0.0,7,11.0,0.0,0.0
CDK_Depict_32_22,B1=CO[Se]N1,*1=COsN1,B1=CO[Se]N1,*1=COSN1,True,True,False,False,0.1111111111111111,5,5.0,1.0,0.0
CDK_Depict_32_23,F[W](F)(F)(F)(Cl)Cl,CC.CC.C[V](C)(C)C,[F][W]([F])([F])([F])([Cl])[Cl],CC.CC.[CH3][V]([CH3])([CH3])[CH3],True,True,False,False,0.0,13,7.0,0.0,0.0
CDK_Depict_32_24,CCCP(=S)(CCC)P(=S)(CCC)CCC,CCC*(=S)(CCC)CCC.CCC[PH](C)(=S)CCC,CCCP(=S)(CCC)P(=S)(CCC)CCC,,True,False,False,False,0.0,16,16.0,0.0,0.0
CDK_Depict_32_25,C(=O)(O)[Sb](C(=O)O)C(=O)O,*C(=C)C.CC(=O)CC(=O)O,O=[C](O)[Sb]([C](=O)O)[C](=O)O,*C(=C)C.CC(=O)CC(=O)O,True,True,False,False,0.17391304347826086,12,10.0,0.0,0.0
CDK_Depict_32_26,C[Ge](C)(O[N+](=O)[O-])O[N+](=O)[O-],C[Ge](C)(O[N+](=O)[O-])O[N+](=O)[O-],[CH3][Ge]([CH3])([O][N+](=O)[O-])[O][N+](=O)[O-],[CH3][Ge]([CH3])([O][N+](=O)[O-])[O][N+](=O)[O-],True,True,True,True,1.0,0,11.0,0.0,0.0
CDK_Depict_32_27,C[Ge](C)(C)C[Sn](C)(C[Ge](C)(C)C)C[Ge](C)(C)C,CC[Cr](C)(C*(C)(C)C)C[Cr](C)(C)C,[CH3][Ge]([CH3])([CH3])[CH2][Sn]([CH3])([CH2][Ge]([CH3])([CH3])[CH3])[CH2][Ge]([CH3])([CH3])[CH3],C[CH2][Cr]([CH3])([CH2]*(C)(C)C)[CH2][Cr]([CH3])([CH3])[CH3],True,True,False,False,0.06896551724137931,18,17.0,0.0,0.0
CDK_Depict_32_28,CC1=CC=C(C=C1)SC(=O)C2=NC(=NC(=C2)C)Cl,CC(=O)c1cc(C)cc(C)*1.Cc1ccc(C)cc1,Cc1ccc(SC(=O)c2cc(C)nc(Cl)n2)cc1,CC(=O)c1*c(C)cc(C)c1.Cc1ccc(C)cc1,True,True,False,False,0.2608695652173913,28,18.0,2.0,0.0
CDK_Depict_32_29,CC(C)(C)C([Si](C)C)Br,C[SiH](C)C([SiH])C(C)(C)C,C[Si](C)C(Br)C(C)(C)C,C[SiH](C)C([SiH])C(C)(C)C,True,True,False,False,0.21739130434782608,11,9.0,0.0,1.0
CDK_Depict_32_30,C1COCC2C1=C(C(=O)N=N2)C(F)(F)F,CC1=C2CCOCC2**c1=O,O=C1N=NC2COCCC2=C1C(F)(F)F,CC1=C2CCOCC2*=*C1=O,True,True,False,False,0.2978723404255319,22,15.0,2.0,1.0
CDK_Depict_32_31,C1=CON=C1NOP(=O)(ONC2=NOC=C2)ONC3=NOC=C3,CCCC1=[V]CCCC1.CP(=O)(C[14NH]C1=[V]CCC1)C[14NH]c1cCCN1,O=P(ONc1ccon1)(ONc1ccon1)ONc1ccon1,CCC[C]1=[V][CH2]CCC1.CP(=O)(C[14NH]C1=CCCN1)C[14NH][C]1=[V][CH2]CC1,True,True,False,False,0.08823529411764706,35,23.0,3.0,0.0
CDK_Depict_32_32,C1COC1CC(C(=O)O)Cl,*C(CC1CCC1)C(C)=O,O=C(O)C(Cl)CC1CCO1,*C(CC1CCC1)C(C)=O,True,True,False,False,0.23684210526315788,11,10.0,1.0,2.0
CDK_Depict_32_33,CO[P+](OC)(Cl)Cl,CO[I+](C)(C)OC,CO[P+](Cl)(Cl)OC,CO[I+](C)(C)OC,True,True,False,False,0.1875,5,7.0,0.0,0.0
CDK_Depict_32_34,C=CS(=O)(=O)N(C(=O)C1CC1)S(=O)(=O)C=C,C=C*(C)(=O)=O.C=CS(C)(=O)=O,C=CS(=O)(=O)N(C(=O)C1CC1)S(=O)(=O)C=C,C=C*(C)(=O)=O.C=CS(C)(=O)=O,True,True,False,False,0.21212121212121213,16,16.0,1.0,0.0
CDK_Depict_32_35,CC1=CN=C(S1)/N=C\2/C=C(SS2)C3=CN=CC=C3,Cc1ccc(/N=C2/C=C(c3ccccc3)SS2)s1,Cc1cnc(/N=c2/cc(-c3cccnc3)ss2)s1,Cc1ccc(/N=c2/cc(-c3ccccc3)ss2)s1,True,True,False,False,0.4583333333333333,25,18.0,3.0,0.0
CDK_Depict_32_36,C[Hg]Cl,C*C,[CH3][Hg][Cl],C*C,True,True,False,False,0.1111111111111111,5,3.0,0.0,0.0
CDK_Depict_32_37,CCC[C@H]1[C@@H](COC(=N1)C(Cl)(Cl)Cl)Br,*[C@@H]1CCC(C(C)(C)C)CC[C@H]1CCC,CCC[C@@H]1N=C(C(Cl)(Cl)Cl)OC[C@H]1Br,*[C@@H]1CCC(C(C)(C)C)CC[C@H]1CCC,True,True,False,False,0.1956521739130435,25,14.0,1.0,2.0
CDK_Depict_32_38,C/C=C/C(=O)OS[N+](=O)[O-],C/C=C/C(=O)OSC=O,C/C=C/C(=O)OS[N+](=O)[O-],C/C=C/C(=O)OSC=O,True,True,False,False,0.5172413793103449,10,10.0,0.0,0.0
CDK_Depict_32_39,CC(N)OC(=O)/C(=C/S(=O)(=O)C(F)(F)F)/C,*C(C)CC(=O)/C(C)=C/S(=O)(=O)C(C)(C)C,C/C(=C\S(=O)(=O)C(F)(F)F)C(=O)OC(C)N,*C(C)CC(=O)/C(C)=C/S(=O)(=O)C(C)(C)C,True,True,False,False,0.3409090909090909,10,16.0,0.0,1.0
CDK_Depict_32_40,C1CNCCC12CNCC(O2)C3=NC=CO3,C1=Coc(C2CCCC3(CCCCC3)C2)C1,c1coc(C2CNCC3(CCNCC3)O2)n1,,True,False,False,False,0.0,17,16.0,3.0,1.0
CDK_Depict_32_41,CC1=CSC(=C1)NC2=NCC(CN2)O,Cc1cSC(NC2CCC(O)C[(]2)CCC(O)C[(]2)c1,Cc1csc(NC2=NCC(O)CN2)c1,,True,False,False,False,0.0,23,14.0,2.0,1.0
CDK_Depict_32_42,C1=CC=C(C=C1)CC(=NC2=NN=CS2)N,[Ar]1=CSc(=NC([Ar])=Nc2[Ar]1)[Ar]1.[Ar].[Ar].[Ar].[Ar],NC(Cc1ccccc1)=Nc1nncs1,,True,False,False,False,0.0,45,15.0,2.0,0.0
CDK_Depict_32_43,C1C(C(NC(C1O)CP=O)CO)O,C=pCC1CC(CO)C(O)CC1O,O=PCC1NC(CO)C(O)CC1O,,True,False,False,False,0.0,10,13.0,1.0,5.0
CDK_Depict_32_44,OI(F)Br,CCOOOO.C[SH-],OI(F)Br,CCOOOO.C[SH-],True,True,False,False,0.043478260869565216,12,4.0,0.0,0.0
CDK_Depict_32_45,[3H]B([O-])S,[H][2H](C)[O-],[3H]B([O-])S,,True,False,False,False,0.0,9,4.0,0.0,0.0
CDK_Depict_32_46,[3H]B(C)C(=O)Cl,CC(=O)C(C)C,[3H]B(C)C(=O)Cl,CC(=O)C(C)C,True,True,False,False,0.21052631578947367,10,6.0,0.0,0.0
CDK_Depict_32_47,C(CO)C(=O)CC#CI,CC#CCC(=O)CCO,O=C(CC#CI)CCO,CC#CCC(=O)CCO,True,True,False,False,0.6,7,9.0,0.0,0.0
CDK_Depict_32_48,B([C@H](C)NC(=O)CNC)(O)O,C[NH2+]CC(=O)N[C@@H](C)[2H](O)OOOO,CNCC(=O)N[C@@H](C)B(O)O,,True,False,False,False,0.0,23,11.0,0.0,1.0
CDK_Depict_32_49,C=CC(F)[Si](O[Si])F,C=CC(C)C(C)C,C=CC(F)[Si](F)O[Si],C=CC(C)C(C)C,True,True,False,False,0.19230769230769232,11,8.0,0.0,1.0
CDK_Depict_32_50,CP(F)Cl,C*(C)C,CP(F)Cl,C*(C)C,True,True,False,False,0.09090909090909091,3,4.0,0.0,1.0
CDK_Depict_32_51,C(=O)([Si])Cl,C=C(C)S,O=C([Si])Cl,C=C(C)S,True,True,False,False,0.06666666666666667,9,4.0,0.0,0.0
CDK_Depict_32_52,C1=NN=C(N1C(Cl)(Cl)Cl)C=N,CC(C)(C)N1c[W][W]c1C=[V],N=Cc1nncn1C(Cl)(Cl)Cl,CC(C)(C)N1[CH2][W][W][CH]1[CH]=[V],True,True,False,False,0.06666666666666667,20,11.0,1.0,0.0
CDK_Depict_32_53,CC(C)(C)P(CC=CC(C)(C=CCP(C(C)(C)C)C(C)(C)C)N)C(C)(C)C,*C(C)(C=CCC)C=CCC(C(C)(C)C)C(C)(C)C.CC(C)(C)C.CC(C)(C)C,CC(N)(C=CCP(C(C)(C)C)C(C)(C)C)C=CCP(C(C)(C)C)C(C)(C)C,*C(C)(C=CCC)C=CCC(C(C)(C)C)C(C)(C)C.CC(C)(C)C.CC(C)(C)C,True,True,False,False,0.21621621621621623,17,27.0,0.0,1.0
CDK_Depict_32_54,C(=N)(Cl)[Se],*=C(C)[SeH].C,N=C(Cl)[Se],*=C(C)[SeH].C,True,True,False,False,0.0625,8,4.0,0.0,0.0
CDK_Depict_32_55,COC(=C1CSC=CC1=O)NOC,CC*C(OC)=C1CCC=CC1=O,CONC(OC)=C1CSC=CC1=O,CC*C(OC)=C1CCC=CC1=O,True,True,False,False,0.2916666666666667,10,13.0,1.0,0.0
CDK_Depict_32_57,CCCCCCCCCCCCCC#CC#CC#CC(=O)NC(COCC)O,CCCCCCCCCCCCCC#CC#CC#CC(=O)CC(O)CCCC,CCCCCCCCCCCCCC#CC#CC#CC(=O)NC(O)COCC,CCCCCCCCCCCCCC#CC#CC#CC(=O)CC(O)CCCC,True,True,False,False,0.4897959183673469,5,28.0,0.0,1.0
CDK_Depict_32_58,CP(#P)P(#P)P=C=C,C=C=pp(=p)p(C)=p,C=C=PP(#P)P(C)#P,,True,False,False,False,0.0,12,8.0,0.0,3.0
CDK_Depict_32_59,C[Sn](C)(C)F,C[Sc](C)(C)C,[CH3][Sn]([CH3])([CH3])[F],[CH3][Sc]([CH3])([CH3])[CH3],True,True,False,False,0.1111111111111111,2,5.0,0.0,0.0
CDK_Depict_32_60,CN1C2=C(CN(C2)O)N=C1N3N=CN=N3,CN1c(-n2ccn*2)sc2c1CN(O)C2,Cn1c(-n2ncnn2)nc2c1CN(O)C2,,True,False,False,False,0.0,22,15.0,3.0,0.0
CDK_Depict_32_61,C1C=COOS1,CCC.CCC,C1=COOSC1,CCC.CCC,True,True,False,False,0.0,6,6.0,1.0,0.0
CDK_Depict_32_62,C(=O)[Al](C=O)C=O,O=C*(C=O)C=O,O=[CH][Al]([CH]=O)[CH]=O,O=C*(C=O)C=O,True,True,False,False,0.23076923076923078,8,7.0,0.0,0.0
CDK_Depict_32_63,C1C[Se][Te]C1,CCCC,C1C[Se][Te]C1,CCCC,True,True,False,False,0.0,10,5.0,1.0,0.0
CDK_Depict_32_64,CC1(CC(=C1)N)C(F)F,Cc1cC(C)(C(C)F)C1,CC1(C(F)F)C=C(N)C1,CC1=CC(C)(C(C)F)C1,True,True,False,False,0.42857142857142855,11,9.0,1.0,1.0
CDK_Depict_32_65,C(=C=[SiH2])F,C=C.C=C[IH],FC=C=[SiH2],C=C.C=C[IH],True,True,False,False,0.06666666666666667,9,4.0,0.0,0.0
CDK_Depict_32_66,C(=NN(N)Cl)=O,*N(C)*=*=C,NN(Cl)N=C=O,*N(C)*=*=C,True,True,False,False,0.03571428571428571,9,6.0,0.0,0.0
CDK_Depict_32_67,CC1=CC=CC=C1C2SC=CS2=N,Cc1ccccc1C1SC=CC1=[IH],Cc1ccccc1C1SC=CS1=N,Cc1ccccc1C1SC=CC1=[IH],True,True,False,False,0.41025641025641024,16,13.0,2.0,2.0
CDK_Depict_32_68,[B][11CH](P)I,*C([2H])C,[B][11CH](P)I,*C([2H])C,True,True,False,False,0.0,9,4.0,0.0,1.0
CDK_Depict_32_69,C/C=C(\C)/NC(NC(=NCC(F)(F)F)C)O,C/C=C(\C)NC(O)NC(C)=CCC(C)(C)C,C/C=C(\C)NC(O)NC(C)=NCC(F)(F)F,C/C=C(\C)NC(O)NC(C)=CCC(C)(C)C,True,True,False,False,0.4594594594594595,12,16.0,0.0,1.0
CDK_Depict_32_70,B1=C2CCOCC2=CC=C1,C1CCc2c[3*]ccc2,b1cccc2c1CCOC2,,True,False,False,False,0.0,14,10.0,2.0,0.0
CDK_Depict_32_71,B1=C(C=C(C=C1)NN2C=CC=C2C(=O)Cl)C,C=C(C)c1cccc1Nc1cccc(C)c1,Cc1bccc(Nn2cccc2C(=O)Cl)c1,,True,False,False,False,0.0,25,16.0,2.0,0.0
CDK_Depict_32_72,C=C(NC(=C)F)F,C=C(F)N(C(=C)F)C(=C)F,C=C(F)NC(=C)F,C=C(F)N(C(=C)F)C(=C)F,True,True,False,False,0.3333333333333333,8,7.0,0.0,0.0
CDK_Depict_32_73,B(C1=CSC=C1OCCCC)(O)O,CCCCOc1cscc1[2H](O)O,CCCCOc1cscc1B(O)O,,True,False,False,False,0.0,16,13.0,1.0,0.0
CDK_Depict_32_74,C[I-]SP,CCSC,C[I-]SP,CCSC,True,True,False,False,0.13333333333333333,5,4.0,0.0,0.0
CDK_Depict_32_75,C1=CN(N(N1[N+](=O)[O-])[N+](=O)[O-])[N+](=O)[O-],O=[N+]([O-])N1C=CN([N+](=O)[O-])N([N+](=O)[O-])N1,O=[N+]([O-])N1C=CN([N+](=O)[O-])N1[N+](=O)[O-],O=[N+]([O-])n1ccn([N+](=O)[O-])n([N+](=O)[O-])[nH]1,True,True,False,False,0.25806451612903225,23,14.0,1.0,0.0
CDK_Depict_32_76,C1COC(O1)CSC2=NNN=N2,C1=NN=C(SCC2OCCO2)n1,C1COC(CSc2nn[nH]n2)O1,c1nnc(SCC2OCCO2)[nH]1,True,True,False,False,0.46153846153846156,16,12.0,2.0,0.0
CDK_Depict_32_77,C(CO[Se](=O)[O-])O[Se](=O)O,O=[Se](O)CCCO[Se](=O)[O-],O=[Se]([O-])OCCO[Se](=O)O,O=[Se](O)CCCO[Se](=O)[O-],True,True,False,False,0.56,13,10.0,0.0,2.0
CDK_Depict_32_78,C(=C\I=O)\C(=O)O,C=*/C=C\C(C)=O,O=I/C=C\C(=O)O,C=*/C=C\C(C)=O,True,True,False,False,0.18518518518518517,9,7.0,0.0,0.0
CDK_Depict_32_79,[2H]C([B])(P)P=S,[2H]C([2H])([2H])p=S,[2H]C([B])(P)P=S,,True,False,False,False,0.0,7,6.0,0.0,2.0
CDK_Depict_32_80,CC([C@@H](C(=O)O)N=C1C(C(=[N+](C)C2=CC=CC=C2)C1O)O)O,CC(O)[C@H](C=C1C(O)C(=Cc2c=CC=CC=2)C1O)C(=O)O,CC(O)[C@H](N=C1C(O)C(=[N+](C)c2ccccc2)C1O)C(=O)O,,True,False,False,False,0.0,24,22.0,2.0,4.0
CDK_Depict_32_81,CCCCCCP(C)(C)(C)C(N)N,CCCCCC*(C)(C)(C)C([NH4+2])[12NH4+],CCCCCCP(C)(C)(C)C(N)N,,True,False,False,False,0.0,14,13.0,0.0,0.0
CDK_Depict_32_82,NOP1(=O)ONO1,*OP1(=O)O[AlH]O1,NOP1(=O)ONO1,*OP1(=O)[O][AlH][O]1,True,True,False,False,0.28,6,7.0,1.0,0.0
CDK_Depict_32_83,CCN(CC)[N+](=CC1=CC=CC=C1)N=C(N)N,CCN(CC)[N+](=Cc1ccccc1)N=C([N1112])[N112],CCN(CC)[N+](=Cc1ccccc1)N=C(N)N,,True,False,False,False,0.0,20,17.0,1.0,0.0
CDK_Depict_32_84,C1C(=NC(S1)C2=CC=NO2)CCl,CCC1=NC(c2cccc2)SC1,ClCC1=NC(c2ccno2)SC1,,True,False,False,False,0.0,14,12.0,2.0,1.0
CDK_Depict_32_85,[B](CBr)Br,CSC[Rf],Br[B]CBr,CS[CH2][Rf],True,True,False,False,0.0625,9,4.0,0.0,0.0
CDK_Depict_32_86,CC(C#C)C#CC(C(C)C#C)OP(=O)(O)O,C#CC(C)C#CC(O[PH](=C)(O)O)C(C)C#C,C#CC(C)C#CC(OP(=O)(O)O)C(C)C#C,,True,False,False,False,0.0,19,16.0,0.0,3.0
CDK_Depict_32_87,CCI(C)C(C)(C1CCC1)N,CC.CCCC(C)(C)C1CCC1,CCI(C)C(C)(N)C1CCC1,CC.CCCC(C)(C)C1CCC1,True,True,False,False,0.4,7,11.0,1.0,1.0
CDK_Depict_32_88,CCOSNC(=O)N,*C(=O)[V]SOCC,CCOSNC(N)=O,*[C](=O)[V][S]OCC,True,True,False,False,0.3548387096774194,10,8.0,0.0,0.0
CDK_Depict_32_89,B(N)(P)I,*[2H](C)C,NB(P)I,,True,False,False,False,0.0,7,4.0,0.0,0.0
CDK_Depict_32_90,C1C(CO1)CCC/C=C\C(=N)C=O,N=C(C=O)/C=C\CCCC1CCC1,N=C(C=O)/C=C\CCCC1COC1,N=C(C=O)/C=C\CCCC1CCC1,True,True,False,False,0.6857142857142857,14,13.0,1.0,0.0
CDK_Depict_32_91,CCC/C=C/CCC1(C(NN1C#N)CC(=O)O)C,C=C(O)CC1NCC1(C)CC/C=C/CCC,CCC/C=C/CCC1(C)C(CC(=O)O)NN1C#N,C=C(O)CC1NCC1(C)CC/C=C/CCC,True,True,False,False,0.38461538461538464,20,18.0,1.0,2.0
CDK_Depict_32_92,C/C(=C\C=C(/C#C)\P(=O)(Cl)Cl)/F,CP(C)(=O)/C(C#C)=C/C=C(C)C,C#C/C(=C\C=C(/C)F)P(=O)(Cl)Cl,C#C/C(=C\C=C(C)C)P(C)(C)=O,True,True,False,False,0.5333333333333333,19,12.0,0.0,0.0
CDK_Depict_32_93,C[Si](O)Br,C[SiH](O)[F-],C[Si](O)Br,,True,False,False,False,0.0,5,4.0,0.0,0.0
CDK_Depict_32_94,[B-](=S)(C)I,C[PH]=S,C[B-](=S)I,C[PH]=S,True,True,False,False,0.16666666666666666,9,4.0,0.0,0.0
CDK_Depict_32_95,CCC/C=C/N=NN(C)C(C)N,*C(C)N(C)C=*/C=C/CCC,CCC/C=C/N=NN(C)C(C)N,*C(C)N(C)C=*/C=C/CCC,True,True,False,False,0.3170731707317073,14,12.0,0.0,1.0
CDK_Depict_32_96,C(=C(F)F)[PH+]=O,CC(C)=C[PH+]=O,O=[PH+]C=C(F)F,CC(C)=C[PH+]=O,True,True,False,False,0.4444444444444444,5,6.0,0.0,1.0
CDK_Depict_32_97,[2H]B=NCl,C/O=N/Cl,[2H]B=NCl,,True,False,False,False,0.0,6,4.0,0.0,0.0
CDK_Depict_32_98,C[N+]1(CCCC1)COS(=O)(=O)C2=CC=CO2,C[N+]1(COS(=O)(=O)c2cccO2)CCCC1,C[N+]1(COS(=O)(=O)c2ccco2)CCCC1,C[N+]1(COS(=O)(=O)c2ccco2)CCCC1,True,True,True,True,1.0,16,16.0,2.0,0.0
CDK_Depict_32_100,C=CCONC1CNCC2=COC=C12,C=CCCNC1CNCc2cCCc21,C=CCONC1CNCc2cocc21,,True,False,False,False,0.0,7,14.0,2.0,1.0
CDK_Depict_33_1,C1=NNC2=NC(=O)ON=C21,O=C1[2H]=C2Nscc2=[U]O1,O=c1nc2[nH]ncc2no1,,True,False,False,False,0.0,18,10.0,2.0,0.0
CDK_Depict_33_2,CC1=C(N(CC1)SF)C(=O)O,CS*1CCC(C)=C1C(=O)O,CC1=C(C(=O)O)N(SF)CC1,CS*1CCC(C)=C1C(=O)O,True,True,False,False,0.3076923076923077,10,11.0,1.0,0.0
CDK_Depict_33_3,CCSC1=CC(=O)N(C1OC(=O)C)O,CCSC(CC(C)=O)C(C)COC(C)=O,CCSC1=CC(=O)N(O)C1OC(C)=O,CCSC(CC(C)=O)C(C)COC(C)=O,True,True,False,False,0.24,11,14.0,1.0,1.0
CDK_Depict_33_4,[3H]N(S)I,CS.N.[HH],[3H]N(S)I,CS.N.[HH],True,True,False,False,0.08333333333333333,9,4.0,0.0,0.0
CDK_Depict_33_5,CNCCNC(NC1CCC2C(CC(C1)N)SS2)O,*C1CC(NC(O)NCC[AlH]C)CCC2SSC2C1,CNCCNC(O)NC1CCC2SSC2CC(N)C1,*C1CC(NC(O)NC[CH2][AlH][CH3])CCC2SSC2C1,True,True,False,False,0.5510204081632653,19,19.0,2.0,5.0
CDK_Depict_33_6,C1=CC(=O)C(C(=C1)ON=CC(F)F)[N+](=O)[O-],cC(c)CNOC1Cccc(=O)C1[N+](=O)[O-],O=C1C=CC=C(ON=CC(F)F)C1[N+](=O)[O-],,True,False,False,False,0.0,20,16.0,1.0,1.0
CDK_Depict_33_7,[As-](I)(I)(I)(I)(I)I,CC.CC.CC,I[As-](I)(I)(I)(I)I,CC.CC.CC,True,True,False,False,0.0,21,7.0,0.0,0.0
CDK_Depict_33_8,C1=C(OC=C(C1(C(=O)O)O)O)CCl,CCC1=CC(C)(C(=O)O)C(C)=CO1,O=C(O)C1(O)C=C(CCl)OC=C1O,CCC1=CC(C)(C(=O)O)C(C)=CO1,True,True,False,False,0.35714285714285715,12,13.0,1.0,1.0
CDK_Depict_33_9,C(#N)OOC(=O)N=N[O-],N#COOC(=O)N=N[O-],N#COOC(=O)N=N[O-],N#COOC(=O)N=N[O-],True,True,True,True,1.0,4,9.0,0.0,0.0
CDK_Depict_33_10,CC(CN(C)S(=O)(=O)F)S(=O)(=O)F,*S(=O)(=O)C(C)C*(C)S(C)(=O)=O,CC(CN(C)S(=O)(=O)F)S(=O)(=O)F,*S(=O)(=O)C(C)C*(C)S(C)(=O)=O,True,True,False,False,0.22857142857142856,18,13.0,0.0,1.0
CDK_Depict_33_11,[2H]C1=CC=C(N1)[2H],[2H]c1ccc([2H])*1,[2H]c1ccc([2H])[nH]1,[2H]c1*c([2H])cc1,True,True,False,False,0.25,12,7.0,1.0,0.0
CDK_Depict_33_12,C[SiH2][N+]#N,C[SiH2][NH2+]=N,C[SiH2][N+]#N,,True,False,False,False,0.0,3,4.0,0.0,1.0
CDK_Depict_33_13,C1C2=C3C21C3N=C\4CSC/C4=C(\C#N)/N,CC1C2CC12.S.[1H]C(C#N)=C(CC)C(=N)CC,N#C/C(N)=C1\CSCC1=NC1C2=C3CC321,CC1C2CC12.S.[1H]C(C#N)=C(CC)C(=N)CC,True,True,False,False,0.11475409836065574,23,15.0,4.0,2.0
CDK_Depict_33_14,CN1C=C(C=N1)SC2=CC=CC=C2CCN,C[Li]1cc(C)cn1.Sc1ccccc1CC[VH2],Cn1cc(Sc2ccccc2CCN)cn1,Sc1ccccc1C[CH2][VH2].[CH3][Li]1[CH]=C(C)C=[N]1,True,True,False,False,0.1864406779661017,25,16.0,2.0,0.0
CDK_Depict_33_15,CCC(C=CC(C#C)(C(=O)N)N)N,*C(=O)C(C)(C)CCC(CC)N([At])[At],C#CC(N)(C=CC(N)CC)C(N)=O,*C(=O)C(C)(C)CCC(CC)N([At])[At],True,True,False,False,0.1836734693877551,20,13.0,0.0,2.0
CDK_Depict_33_16,C(O)(O)(O)S(F)(F)F,[CH2-]C(O)(O)[SH]([CH2-])([CH2-])[CH2-],OC(O)(O)S(F)(F)F,[CH2-]C(O)(O)[SH]([CH2-])([CH2-])[CH2-],True,True,False,False,0.1875,27,8.0,0.0,0.0
CDK_Depict_33_17,C(=[Se])[Se],[Sc]C=[Sc],[Se]C=[Se],[Sc][CH]=[Sc],True,True,False,False,0.1111111111111111,7,3.0,0.0,0.0
CDK_Depict_33_18,N=[P+](P)I,C*C.C=[Ni],N=[P+](P)I,C*C.[CH2]=[Ni],True,True,False,False,0.0,10,4.0,0.0,1.0
CDK_Depict_33_19,CCC1C(=NN)O1,CCCOC(C)=NN,CCC1OC1=NN,CCCOC(C)=NN,True,True,False,False,0.1935483870967742,6,7.0,1.0,1.0
CDK_Depict_33_20,C[Si](C)(C)CC[Si](O)(O)O,*[Si](*)(O)CC[Si](C)(C)C,C[Si](C)(C)CC[Si](O)(O)O,*[Si](*)(O)CC[Si](C)(C)C,True,True,False,False,0.5555555555555556,6,10.0,0.0,0.0
CDK_Depict_33_21,C1=CN=C2C1=NC3=NN=CN23,CCC*C1*C(C)C[U]1,C1=Cc2nc3nncn3c2=N1,CCC*[CH]1*C(C)[CH2][U]1,True,True,False,False,0.0,16,11.0,3.0,0.0
CDK_Depict_33_22,CC1=CC(=CC=C1)O/C=C/C=C(/C(=NC(=O)C)N)\S,CC(=O)N=C(N)C(S)C/C=C/CC1=Cccc(C)c1,CC(=O)N=C(N)/C(S)=C/C=C/Oc1cccc(C)c1,CC(=O)N=C(N)C(S)C/C=C/Cc1cccc(C)c1,True,True,False,False,0.3770491803278688,24,19.0,1.0,0.0
CDK_Depict_33_23,C#CS(=O)CCl,C#CC.CCCl,C#CS(=O)CCl,C#CC.CCCl,True,True,False,False,0.3,5,6.0,0.0,1.0
CDK_Depict_33_24,CC1C=NC(=CC=C1CC(C)Cl)CC(Cl)(Cl)Cl,Cc1c[Al]C(CC(Cl)(Cl)Cl)=CC=C1CC(C)Cl,CC(Cl)CC1=CC=C(CC(Cl)(Cl)Cl)N=CC1C,CC1=[CH][Al][C](CC(Cl)(Cl)Cl)=CC=C1CC(C)Cl,True,True,False,False,0.34,18,17.0,1.0,2.0
CDK_Depict_33_25,C[Si](C)(C)NC1=CC=CS1,CC1cccS1.C[Si](C)(C)C,C[Si](C)(C)Nc1cccs1,,True,False,False,False,0.0,17,10.0,1.0,0.0
CDK_Depict_33_26,[B](C)PI,CC.CCC,C[B]PI,CC.CCC,True,True,False,False,0.07692307692307693,7,4.0,0.0,1.0
CDK_Depict_33_27,CCSSCSI,CCSSCSC,CCSSCSI,CCSSCSC,True,True,False,False,0.5263157894736842,1,7.0,0.0,0.0
CDK_Depict_33_28,C(=C=C[Si](O)(O)O)[Si](O)(O)O,O[Si](O)(O)C=C=C[Si](O)(O)O,O[Si](O)(O)C=C=C[Si](O)(O)O,O[Si](O)(O)C=C=C[Si](O)(O)O,True,True,True,True,1.0,11,11.0,0.0,0.0
CDK_Depict_33_29,COC1=NN=C(O1)C2CCN(CC2)C3=CC=C(C=C3)NN,COC1=**=C(C2CC*(c3ccc(N[NH])cc3)CC2)O1,COc1nnc(C2CCN(c3ccc(NN)cc3)CC2)o1,COc1*:*c(C2CC*(c3ccc(N[NH])cc3)CC2)o1,True,True,False,False,0.2698412698412698,26,21.0,3.0,0.0
CDK_Depict_33_30,CC/C(=C(/N/N=C\C)\Br)/C,C/C=[U]\N.CCC(C)=C(C)Br,C/C=N\N/C(Br)=C(\C)CC,C/[CH]=[U]\[NH2].CCC(C)=C(C)Br,True,True,False,False,0.375,16,10.0,0.0,0.0
CDK_Depict_33_31,CCOC(C1SCCS1)O[Si](C)(C)C,CCOC(O[Si](C)(C)C)C1SCCS1,CCOC(O[Si](C)(C)C)C1SCCS1,CCOC(O[Si](C)(C)C)C1SCCS1,True,True,True,True,1.0,16,14.0,1.0,1.0
CDK_Depict_33_32,CC[N+](CC)(CC)S(=O)(=O)CNC(=O)OC,CC(=O)NC[SH](=O)=O.CCC.CCC.CCC,CC[N+](CC)(CC)S(=O)(=O)CNC(=O)OC,CC(=O)NC[SH](=O)=O.CCC.CCC.CCC,True,True,False,False,0.2222222222222222,21,16.0,0.0,0.0
CDK_Depict_33_33,CC(=NCC(=O)NC)SC,CSC(C)=*CC(C)=O.C[V]C(C)=O,CNC(=O)CN=C(C)SC,CSC(C)=*CC(C)=O.[CH3][V][C](C)=O,True,True,False,False,0.24324324324324326,15,10.0,0.0,0.0
CDK_Depict_33_34,C/C=C/C(CN=C)N(N)N,C=*CC(/C=C/C)[NH2]N,C=NCC(/C=C/C)N(N)N,,True,False,False,False,0.0,11,10.0,0.0,1.0
CDK_Depict_33_35,[2H]C([2H])([2H])N1C(=CC(=N1)C(C)(C)N2N=CC=N2)N,*C1=CC(C(C)(C)[Li]2[Li]cc[Li]2)=[Li][Li]1C([2H])([2H])[2H],[2H]C([2H])([2H])n1nc(C(C)(C)n2nccn2)cc1N,*[C]1=C[C]([C](C)(C)[Li]2[Li][CH]=[CH][Li]2)=[Li][Li]1[C]([2H])([2H])[2H],True,True,False,False,0.12727272727272726,48,18.0,2.0,0.0
CDK_Depict_33_36,C[C@@H](NC(=O)C(C(C)(C(F)F)O)F)OCC(F)(F)F,C[C@H](NC(=O)C(F)C(C)(O)C(F)F)OCC(F)(F)F,C[C@@H](NC(=O)C(F)C(C)(O)C(F)F)OCC(F)(F)F,C[C@H](NC(=O)C(F)C(C)(O)C(F)F)OCC(F)(F)F,True,True,False,True,1.0,9,19.0,0.0,3.0
CDK_Depict_33_37,COC1=CN(NN(C1)OC)Cl,C*1**cc(O)C1.Cl.Cl.O,COC1=CN(Cl)NN(OC)C1,C*1*=*C=C(O)C1.Cl.Cl.O,True,True,False,False,0.09090909090909091,15,11.0,1.0,0.0
CDK_Depict_33_38,CO/C(=N\Cl)/CC=C,*/*=C(/CC=C)OC,C=CC/C(=N/Cl)OC,*/*=C(/CC=C)OC,True,True,False,False,0.4,11,8.0,0.0,0.0
CDK_Depict_33_39,CC(C)(C)C(=O)CC(C(F)(F)F)(Br)Br,*C(*)(*)C(*)(*)CC(=O)C(C)(C)C,CC(C)(C)C(=O)CC(Br)(Br)C(F)(F)F,*C(*)(*)C(*)(*)CC(=O)C(C)(C)C,True,True,False,False,0.42857142857142855,18,14.0,0.0,0.0
CDK_Depict_33_40,[2H]I(C)CF,CC.CCC,[2H]I(C)CF,CC.CCC,True,True,False,False,0.14285714285714285,8,5.0,0.0,0.0
CDK_Depict_33_42,Cl[Se](Cl)(Cl)Br,Cl[Se-](Cl)Cl,Cl[Se](Cl)(Cl)Br,Cl[Se-](Cl)Cl,True,True,False,False,0.1111111111111111,5,5.0,0.0,0.0
CDK_Depict_33_43,CC(C)(CCC(=O)Cl)[SiH2]Cl,CC(C)(C)CCC(=O)Cl.Cl,CC(C)(CCC(=O)Cl)[SiH2]Cl,CC(C)(C)CCC(=O)Cl.Cl,True,True,False,False,0.56,9,10.0,0.0,1.0
CDK_Depict_33_44,C[P+](=N)I,*=C.C[PH+](C)C,C[P+](=N)I,*=C.C[PH+](C)C,True,True,False,False,0.07142857142857142,8,4.0,0.0,1.0
CDK_Depict_33_45,[B]I(CCC)CCC,CCCC.CCCC,[B]I(CCC)CCC,CCCC.CCCC,True,True,False,False,0.3076923076923077,7,8.0,0.0,0.0
CDK_Depict_33_46,COP=[Mo],COP=[Mo],CO[P]=[Mo],CO[P]=[Mo],True,True,True,True,1.0,0,4.0,0.0,1.0
CDK_Depict_33_47,CC(C)(C)O[Ga]OC(C)(C)C,CC.CC(C)C.C[Ga]C.O,CC(C)(C)[O][Ga][O]C(C)(C)C,CC.CC(C)C.O.[CH3][Ga][CH3],True,True,False,False,0.1111111111111111,13,11.0,0.0,0.0
CDK_Depict_33_48,COC(O)OC(=O)N(OC)OCCCCOCC1CO1,COC(O)OC(=O)[Lv](OC)OCCCCOCC1CC1,COC(O)OC(=O)N(OC)OCCCCOCC1CO1,COC(O)O[C](=O)[Lv]([O]C)[O]CCCCOCC1CC1,True,True,False,False,0.4107142857142857,5,20.0,1.0,2.0
CDK_Depict_33_49,COC(=O)N[Al]=C,CC.COC(C)=O.[2H]=C,[CH2]=[Al][NH]C(=O)OC,,True,False,False,False,0.0,9,7.0,0.0,0.0
CDK_Depict_33_50,CCS(=C)C1SCCCS1,C=S(CC)C1SCCCS1,C=S(CC)C1SCCCS1,C=S(CC)C1SCCCS1,True,True,True,True,1.0,2,10.0,1.0,1.0
CDK_Depict_33_51,CC(C)PC=NC=C,C=C*=CPC(C)C,C=CN=CPC(C)C,C=C*=CPC(C)C,True,True,False,False,0.38461538461538464,7,8.0,0.0,1.0
CDK_Depict_33_52,O=[P+](F)P,C=*F,O=[P+](F)P,C=*F,True,True,False,False,0.07692307692307693,8,4.0,0.0,1.0
CDK_Depict_33_53,CC1=CNC(=O)C1(F)F,CC1=CNC(=O)C1(C)C,CC1=CNC(=O)C1(F)F,CC1=CNC(=O)C1(C)C,True,True,False,False,0.56,2,9.0,1.0,0.0
CDK_Depict_33_54,CN(C1=CN=NS1)NC(=O)C(=C(Cl)Cl)Cl,CC(Cl)=C(Cl)C(=O)NN(C)/C(C)=C/*[nH]S,CN(NC(=O)C(Cl)=C(Cl)Cl)c1cnns1,,True,False,False,False,0.0,23,15.0,1.0,0.0
CDK_Depict_33_55,C=CCNCC[N+]#[C-],C#NCCN.C=CCC,[C-]#[N+]CCNCC=C,,True,False,False,False,0.0,10,8.0,0.0,0.0
CDK_Depict_33_56,CC(=C(C(=O)C=C)Cl)C(=O)Cl,C=CC(=O)C(Cl)=C(C)C(C)=O,C=CC(=O)C(Cl)=C(C)C(=O)Cl,C=CC(=O)C(Cl)=C(C)C(C)=O,True,True,False,False,0.7391304347826086,12,11.0,0.0,0.0
CDK_Depict_33_57,CCCCP(=O)(CCCC)/C(=N/O)/C=N/NC(=O)N,C/N=C/C(C)=N/O.CCCCC.CCCCC,CCCCP(=O)(CCCC)C(/C=N/NC(N)=O)=N/O,C/N=C/C(C)=N/O.CCCCC.CCCCC,True,True,False,False,0.27906976744186046,24,19.0,0.0,0.0
CDK_Depict_33_58,[3H]C(=C)[BH],[H]C(=C)O,[3H]C([BH])=C,C=CO,True,True,False,False,0.2727272727272727,5,4.0,0.0,0.0
CDK_Depict_33_59,C[Si](=[Zr+2])Cl,C=[SiH](C)Cl,C[Si](Cl)=[Zr+2],,True,False,False,False,0.0,9,4.0,0.0,0.0
CDK_Depict_33_60,CCOC(=O)N/N=C(\C)/C(C(C1=CC=CC=C1)Br)OC,CCOC(C)=O.COC(/C(C)=N/N)C(C)c1ccccc1,CCOC(=O)N/N=C(\C)C(OC)C(Br)c1ccccc1,CCOC(C)=O.COC(/C(C)=N/N)C(C)c1ccccc1,True,True,False,False,0.49056603773584906,25,20.0,1.0,2.0
CDK_Depict_33_61,CC1=CC(=NC(=S)N1N(C(=O)N)S)C,*C(=O)NC.CC(C)CC(N)=S,Cc1cc(C)n(N(S)C(N)=O)c(=S)n1,*C(=O)NC.CC(C)CC(N)=S,True,True,False,False,0.14583333333333334,20,14.0,1.0,0.0
CDK_Depict_33_62,[B](C=O)N[C@@H](CC(=O)OC)CI,COC(=O)C[C@@H](CI)[NH2+]SC=O,COC(=O)C[C@@H](CI)N[B]C=O,COC(=O)C[C@@H](CI)[NH2+]SC=O,True,True,False,False,0.43902439024390244,16,12.0,0.0,1.0
CDK_Depict_33_63,CC(C)(C)CC(C)(C)C(=O)N1CCC(CC1)OP(=C)(C#N)OC(C)(C)CC(C)(C)C,C=*(C)(C#N)OC(C)(C)CC(C)(C)C.CC(=O)C(C)(C)CC(C)(C)C,C=P(C#N)(OC1CCN(C(=O)C(C)(C)CC(C)(C)C)CC1)OC(C)(C)CC(C)(C)C,C=*(C)(C#N)OC(C)(C)CC(C)(C)C.CC(=O)C(C)(C)CC(C)(C)C,True,True,False,False,0.3392857142857143,23,30.0,1.0,1.0
CDK_Depict_33_64,CCC(C/C=C(\CN)/OC)Cl,*C/C(C)=C\CC(Cl)CC,CCC(Cl)C/C=C(\CN)OC,*C/C(C)=C\CC(Cl)CC,True,True,False,False,0.4411764705882353,11,11.0,0.0,1.0
CDK_Depict_33_65,C1CC(SC1)/C=C\CS(=O)(=O)Cl,CS(=O)(=O)C/C=C\C1CCCS1,O=S(=O)(Cl)C/C=C\C1CCCS1,CS(=O)(=O)C/C=C\C1CCCS1,True,True,False,False,0.696969696969697,20,12.0,1.0,1.0
CDK_Depict_33_66,C1=C2C(C(N(N2)N)(N)O)N=NC1=O,C1CC(=O)N=[N]C1C([W1L])([11C])[A]([W1L])[1CH]1,NN1NC2=CC(=O)N=NC2C1(N)O,,True,False,False,False,0.0,36,13.0,2.0,2.0
CDK_Depict_33_67,CC1=NCC(CS1)(C)I,*=C(C)SCC(C)(C)C,CC1=NCC(C)(I)CS1,*=C(C)SCC(C)(C)C,True,True,False,False,0.02631578947368421,9,9.0,1.0,1.0
CDK_Depict_33_69,B1(C(C=C(B(C(=C1C)C)C)C)[Si](C)(C)C)C,COC(C)=CC(C)[Si](C)(C)C,CB1C(C)=CC([Si](C)(C)C)B(C)C(C)=C1C,COC(C)=CC(C)[Si](C)(C)C,True,True,False,False,0.1,17,16.0,1.0,1.0
CDK_Depict_33_70,CC=C(C)C(C(=O)NC)(N)N,*C(*)(C(C)=O)C(C)=CC,CC=C(C)C(N)(N)C(=O)NC,*C(*)(C(C)=O)C(C)=CC,True,True,False,False,0.35714285714285715,12,11.0,0.0,0.0
CDK_Depict_33_71,CC(C1=CN(N=N1)CSC2=CC=CC=C2)P(C3CCCCC3)C4CCCCC4,CC(C)C1=CNN=N1.CC1CCCCC1.CCSC1=CC=CC=C1,CC(c1cn(CSc2ccccc2)nn1)P(C1CCCCC1)C1CCCCC1,CC(C)c1c[nH]nn1.CC1CCCCC1.CCSc1ccccc1,True,True,False,False,0.38095238095238093,23,28.0,4.0,1.0
CDK_Depict_33_72,CC(C(=N)C(F)(F)F)N=NC,CC(C)C(=N)C(F)(F)F,CN=NC(C)C(=N)C(F)(F)F,CC(C)C(=N)C(F)(F)F,True,True,False,False,0.5,7,11.0,0.0,1.0
CDK_Depict_33_73,C(=O)=[Os]=C=O,O=C=O=C=O,O=[C]=[Os]=[C]=O,,True,False,False,False,0.0,7,5.0,0.0,0.0
CDK_Depict_33_74,CCOC(=O)OC1=CC=C(N1)[N+](=O)[O-],CCOC(C)=O.O.[HH].[HH],CCOC(=O)Oc1ccc([N+](=O)[O-])[nH]1,CCOC(C)=O.O.[HH].[HH],True,True,False,False,0.2564102564102564,21,14.0,1.0,0.0
CDK_Depict_33_75,CN[Si](C)(C)N,C[NH+][Si](C)(C)N,CN[Si](C)(C)N,C[NH+][Si](C)(C)N,True,True,False,False,0.3333333333333333,4,6.0,0.0,0.0
CDK_Depict_33_76,C#CO[S-](=S)=S,C#CO[SH](=S)=S,C#CO[S-](=S)=S,C#CO[SH](=S)=S,True,True,False,False,0.3,1,6.0,0.0,0.0
CDK_Depict_33_77,C1=C[SiH2]C2=C1[SiH2]C=C2,C/C=C\C1[Si]C=CC1C,C1=CC2=C(C=C[SiH2]2)[SiH2]1,C/C=C\C1[Si]C=CC1C,True,True,False,False,0.03225806451612903,15,8.0,2.0,2.0
CDK_Depict_33_78,C1=CC(C(=CC1N)Cl)(F)Cl,C.ccC(N)CC(C)C,NC1C=CC(F)(Cl)C(Cl)=C1,,True,False,False,False,0.0,13,10.0,1.0,2.0
CDK_Depict_33_79,[B](C(=O)O)[C@](CC(=O)O)(C(=O)O)O,*C(C)C.C[C@@](O)(CC(=O)O)C(=O)O,O=C(O)[B][C@](O)(CC(=O)O)C(=O)O,*C(C)C.C[C@@](O)(CC(=O)O)C(=O)O,True,True,False,False,0.3548387096774194,16,13.0,0.0,1.0
CDK_Depict_33_80,C1CN(C2=C1N=NO2)C(=O)N,*C(=O)N1CCC2*=[V]OC21,NC(=O)N1CCc2nnoc21,*C(=O)N1CCC2[*]=[V][O]C21,True,True,False,False,0.14,19,11.0,2.0,0.0
CDK_Depict_33_81,CC(C)OP(=S)(OC(C)C)S[Sb](C1=CC=CC=C1)C2=CC=CC=C2,CC(C)O[Pc](C)(=O)=O.C1ccc([So](c2ccccc2)c2cc1)cc1,CC(C)OP(=S)(OC(C)C)[S][Sb]([c]1ccccc1)[c]1ccccc1,,True,False,False,False,0.0,37,24.0,2.0,0.0
CDK_Depict_33_82,C1=COC=S=C1,C=C/C=C\OC=S,C1=COC=S=C1,C=C/C=C\OC=S,True,True,False,False,0.0,7,6.0,1.0,0.0
CDK_Depict_33_83,CCOC(=O)C(N=NC)Cl,CCOC(=O)C(Cl)*=NC,CCOC(=O)C(Cl)N=NC,CCOC(=O)C(Cl)*=NC,True,True,False,False,0.5161290322580645,7,10.0,0.0,1.0
CDK_Depict_33_84,CC=C(OC(=C(F)F)F)I,C.C.CC(C)=C(C)C.CC=C(C)O,CC=C(I)OC(F)=C(F)F,C.C.CC(C)=C(C)C.CC=C(C)O,True,True,False,False,0.16,15,10.0,0.0,0.0
CDK_Depict_33_85,CC(C)(C)C1=CCC[In]1,CCCC(C)C,CC(C)(C)[C]1=CC[CH2][In]1,CCCC(C)C,True,True,False,False,0.034482758620689655,12,9.0,1.0,0.0
CDK_Depict_33_86,CS1(C=CC(=CC#N)C=C1)O,CC.CS1(O)C=CC(=CC#N)cc1,CS1(O)C=CC(=CC#N)C=C1,CC.CS1(O)C=CC(=CC#N)C=C1,True,True,False,False,0.9583333333333334,10,11.0,1.0,1.0
CDK_Depict_33_87,C=CS(=O)(=O)CC(Cl)I,C=CS(=O)(=O)CC(C)C,C=CS(=O)(=O)CC(Cl)I,C=CS(=O)(=O)CC(C)C,True,True,False,False,0.52,2,9.0,0.0,1.0
CDK_Depict_33_88,C(OP(=O)(CCl)OCP(=O)(O)O)P(=O)(O)O,CCOCP(=O)(O)O.O=P(O)(O)COP(=O)(O)CCl,O=P(O)(O)COP(=O)(CCl)OCP(=O)(O)O,CCOCP(=O)(O)O.O=P(O)(O)COP(=O)(O)CCl,True,True,False,False,0.5,13,16.0,0.0,0.0
CDK_Depict_33_89,CCC1=CC=CC=C1C#S(C)(C)C,CCc1ccccc1C#[Si](C)(C)C,CCc1ccccc1C#S(C)(C)C,,True,False,False,False,0.0,12,13.0,1.0,0.0
CDK_Depict_33_90,C1CSCC1OC2=CNN=C2,C1CCSC1.C[Al]CC(C)C[Al],c1n[nH]cc1OC1CCSC1,C1CCSC1.[CH3][Al][CH2]C(C)[CH2][Al],True,True,False,False,0.08163265306122448,15,11.0,2.0,1.0
CDK_Depict_33_91,C/C(=C(\CCCCl)/CI)/NC(C)(C)C,C*/C=C(\CC)CCCC,C/C(NC(C)(C)C)=C(/CI)CCCCl,C*/C=C(\CC)CCCC,True,True,False,False,0.17073170731707318,15,14.0,0.0,0.0
CDK_Depict_33_92,CC(C)(CN)CNC(=O)C(C)(C)O[N+](=O)[O-],*CC.*CC(C)(C)C[NH+]C(C)=O.CC,CC(C)(CN)CNC(=O)C(C)(C)O[N+](=O)[O-],*CC.*CC(C)(C)C[NH+]C(C)=O.CC,True,True,False,False,0.1702127659574468,22,16.0,0.0,0.0
CDK_Depict_33_93,CC\1(CCC(=C(/C1=N\O)N=O)[Se])C,C=O.CC1=CC(C)(C)CCC1[SeH],CC1(C)CCC([Se])=C(N=O)/C1=N\O,C=O.CC1=CC(C)(C)CCC1[SeH],True,True,False,False,0.15217391304347827,20,13.0,1.0,0.0
CDK_Depict_33_94,C/C(=N\NC(=O)N)/C(C(=O)N(C)C)OC=C(C1=CC=CC=C1)C2=CC=CC=C2,C/C(=N\NC(N)=O)C(CC=C(c1ccccc1)c1ccccc1)C(=O)N(C)C,C/C(=N\NC(N)=O)C(OC=C(c1ccccc1)c1ccccc1)C(=O)N(C)C,C/C(=N\NC(N)=O)C(CC=C(c1ccccc1)c1ccccc1)C(=O)N(C)C,True,True,False,False,0.6226415094339622,34,28.0,2.0,1.0
CDK_Depict_33_95,C1=CC=C(C=C1)C(C#CNN=C(C2=CC=CC=C2)N)C3=CC=CC=C3,NC(=NNC#CC(C1=CC=CC=C1)c1ccccc1)c1ccccc1,NC(=NNC#CC(c1ccccc1)c1ccccc1)c1ccccc1,NC(=NNC#CC(c1ccccc1)c1ccccc1)c1ccccc1,True,True,True,True,1.0,34,25.0,3.0,0.0
CDK_Depict_33_97,CNCN(C)[N+](=NO)[O-],C[NH2+]CN(C)/*([O-])=[NH2+]/O,CNCN(C)[N+]([O-])=NO,,True,False,False,False,0.0,18,9.0,0.0,0.0
CDK_Depict_33_98,C(F)[Sb],*CC,F[CH2][Sb],*CC,True,True,False,False,0.09090909090909091,8,3.0,0.0,0.0
CDK_Depict_33_99,CO[Si](C)S,CC.COC.CS,CO[Si](C)S,CC.COC.CS,True,True,False,False,0.3076923076923077,7,5.0,0.0,0.0
CDK_Depict_33_100,B1(C(=C1C)C)C,CC(C)C(C)C(C)C,CB1C(C)=C1C,CC(C)C(C)C(C)C,True,True,False,False,0.07142857142857142,7,6.0,1.0,0.0
CDK_Depict_33_101,C(=S)(Cl)Br,*=C(C)C.C,S=C(Cl)Br,*=C(C)C.C,True,True,False,False,0.07142857142857142,8,4.0,0.0,0.0
CDK_Depict_33_102,C1CCC(C(C1)F)P=O,O=*C1CCCCC1[K],O=PC1CCCCC1F,O=*C1CCCC[CH]1[K],True,True,False,False,0.2,11,9.0,1.0,3.0
CDK_Depict_33_103,CCCC#[Mo],*#CCCC,CCC[C]#[Mo],*#CCCC,True,True,False,False,0.4117647058823529,7,5.0,0.0,0.0
CDK_Depict_33_104,CC(=C)C(=O)OCCC(CS(=O)(=O)C)N(C=CC1=CC=CC=C1)C(=O)O,CC(=O)C(=O)OCCC(CS(C)(=O)=O)N(/C=C/c1ccccc1)C(=O)O,C=C(C)C(=O)OCCC(CS(C)(=O)=O)N(C=Cc1ccccc1)C(=O)O,CC(=O)C(=O)OCCC(CS(C)(=O)=O)N(/C=C/c1ccccc1)C(=O)O,True,True,False,False,0.8431372549019608,16,26.0,1.0,1.0
CDK_Depict_33_105,CC=C(CCO)C(=CC)SSC(C)(C)CCC(=O)O,CC(=O)CCC(C)(C)C.CC=C(CCC)C(=CC)SC,CC=C(CCO)C(=CC)SSC(C)(C)CCC(=O)O,CC(=O)CCC(C)(C)C.CC=C(CCC)C(=CC)SC,True,True,False,False,0.3541666666666667,19,19.0,0.0,0.0
CDK_Depict_33_106,C(CC#N)C/C(=C/Br)/I,C/C=C(\I)CCCC#N,N#CCCC/C(I)=C/Br,C/C=C(\I)CCCC#N,True,True,False,False,0.68,14,9.0,0.0,0.0
CDK_Depict_33_107,C(CN=C=O)CN(F)F,CCCCCN=C=O,O=C=NCCCN(F)F,CCCCCN=C=O,True,True,False,False,0.46153846153846156,10,9.0,0.0,0.0
CDK_Depict_33_108,CC(=O)N(CCC(C1=NC=NC=N1)P(=O)(O)O)O,CC(=O)*(O)CCC(C(=O)O)C1=*C=[Au]C=[Au]1,CC(=O)N(O)CCC(c1ncncn1)P(=O)(O)O,CC(=O)*(O)CCC(C(=O)O)[C]1=*[CH]=[Au][CH]=[Au]1,True,True,False,False,0.18032786885245902,23,18.0,1.0,1.0
CDK_Depict_33_109,[3H]S[I-]O,CSC,[3H]S[I-]O,CSC,True,True,False,False,0.0,9,4.0,0.0,0.0
CDK_Depict_33_110,CCCC(=O)OCSCOC(=O)/C=C/C(=O)OC,CCCC(=O)OC*COC(=O)/C=C/C(=O)OC,CCCC(=O)OCSCOC(=O)/C=C/C(=O)OC,CCCC(=O)OC*COC(=O)/C=C/C(=O)OC,True,True,False,False,0.6388888888888888,1,18.0,0.0,0.0
CDK_Depict_33_111,C1CC=C(C=C1)/C=C/C(SCCO)SCCO,ClCCSC(/C=C/c1ccCCC1)SCCCl,OCCSC(/C=C/C1=CCCC=C1)SCCO,,True,False,False,False,0.0,14,17.0,1.0,0.0
CDK_Depict_33_112,[2H]C(CN)SSC([2H])CN,*CC([2H])SSC([2H])C*,[2H]C(CN)SSC([2H])CN,*CC([2H])SSC([2H])C*,True,True,False,False,0.4117647058823529,9,10.0,0.0,2.0
CDK_Depict_33_113,CCCC[GeH2]OCCO[GeH2]CCCC,CCCCCCOCCC[Ce]CCCC,CCC[CH2][GeH2][O]CC[O][GeH2][CH2]CCC,CCCCCCOCC[CH2][Ce][CH2]CCC,True,True,False,False,0.26666666666666666,10,14.0,0.0,2.0
CDK_Depict_33_114,CC(C)[C@@](C(=O)S)(N)S,CC(C)[C@](S)([W])C(=O)S,CC(C)[C@@](N)(S)C(=O)S,CC(C)[C@](S)([W])C(=O)S,True,True,False,False,0.5,10,9.0,0.0,1.0
CDK_Depict_33_115,CCCCCC(=O)OOC(=O)C(=[Fe])CCCC,CCCCC(=[Fe])C(C)=O.CCCCCC(=O)CC,CCCCCC(=O)OOC(=O)[C](=[Fe])CCCC,CCCCCC(=O)CC.CCCC[C](=[Fe])C(C)=O,True,True,False,False,0.4722222222222222,18,17.0,0.0,0.0
CDK_Depict_33_116,CCCC(C)CP(=O)(CNC(=S)NC1=CC=CC=C1)O,CC(N)=S.CC(N)=S.CCCC(C)C[PH](C)(=O)=O,CCCC(C)CP(=O)(O)CNC(=S)Nc1ccccc1,,True,False,False,False,0.0,26,20.0,1.0,2.0
CDK_Depict_33_117,[B-]1(=[N+](C(C)C)C(C)C)C2=C3C1=CC=CC3=CC=C2,CC(C)N=*1c2cccc3cccc1c23,CC(C)[N+](=[B-]1c2cccc3cccc1c23)C(C)C,CC(C)N=*1c2cccc3cccc1c32,True,True,False,False,0.34285714285714286,37,18.0,3.0,0.0
CDK_Depict_33_118,CCCS(O)(O)F,*C.*C.CCCC,CCCS(O)(O)F,*C.*C.CCCC,True,True,False,False,0.23529411764705882,10,7.0,0.0,0.0
CDK_Depict_33_119,B(C1=CN=C(N=C1)C)(O)S,**(S)/C(C=*)=C/*c(C)C,Cc1ncc(B(O)S)cn1,,True,False,False,False,0.0,16,10.0,1.0,0.0
CDK_Depict_33_120,CC(C)CCN(C(=O)OCC1=CC=CC=C1)/N=C\2/CSC(=C2)CC(=O)O,CC(C)CCC(=O)OCc1ccccc1,CC(C)CCN(/N=C1\C=C(CC(=O)O)SC1)C(=O)OCc1ccccc1,CC(C)CCC(=O)OCc1ccccc1,True,True,False,False,0.40350877192982454,34,26.0,2.0,0.0
CDK_Depict_33_121,C1CNCCC1C(=O)[AlH2],CC(=O)C1CC*CC1,O=[C]([AlH2])C1CCNCC1,CC(=O)C1CC*CC1,True,True,False,False,0.2857142857142857,15,9.0,1.0,0.0
CDK_Depict_33_122,C(C[Se])O,CCC[Se],OCC[Se],CCC[Se],True,True,False,False,0.3333333333333333,3,4.0,0.0,0.0
CDK_Depict_33_123,CC(C)(C)C(C(=O)Cl)[N+](=O)[O-],C.CC(=O)C(C)*(=O)O,CC(C)(C)C(C(=O)Cl)[N+](=O)[O-],C.CC(=O)C(C)*(=O)O,True,True,False,False,0.15151515151515152,17,11.0,0.0,1.0
CDK_Depict_33_125,[B]C(/C=C/Br)Br,*C(*)/C=C/C,[B]C(Br)/C=C/Br,*C(*)/C=C/C,True,True,False,False,0.13636363636363635,10,6.0,0.0,1.0
CDK_Depict_33_126,CCO[C@](C)(C(=O)O)N(C1=CC=C(C=C1)Cl)Cl,C.COC(C)(*(C)C1=CC=C(C)C=C1)C(=O)O,CCO[C@](C)(C(=O)O)N(Cl)c1ccc(Cl)cc1,C.COC(C)(*(C)c1ccc(C)cc1)C(=O)O,True,True,False,False,0.24,18,17.0,1.0,1.0
CDK_Depict_33_127,C(=O)(NSCl)O,C.CC(=O)O,O=C(O)NSCl,C.CC(=O)O,True,True,False,False,0.2222222222222222,8,6.0,0.0,0.0
CDK_Depict_33_128,CC(C)(C)CSC(=O)CS(=O)(=O)O,CCSC(=O)CS(=O)(=O)O,CC(C)(C)CSC(=O)CS(=O)(=O)O,CCSC(=O)CS(=O)(=O)O,True,True,False,False,0.5925925925925926,7,13.0,0.0,0.0
CDK_Depict_33_129,C[Si](C)(C)/C(=C\CN([Si](C)(C)C)[Si](C)(C)C)/Br,*/C(=C/C[V]([Si](C)(C)C)[Si](C)(C)C)[Si](C)(C)C,C[Si](C)(C)/C(Br)=C\CN([Si](C)(C)C)[Si](C)(C)C,*/C(=C/[CH2][V]([Si](C)(C)C)[Si](C)(C)C)[Si](C)(C)C,True,True,False,False,0.23529411764705882,23,17.0,0.0,0.0
CDK_Depict_33_130,CSO[Xe][Re],COC.CS,CSO[Xe][Re],COC.CS,True,True,False,False,0.11764705882352941,9,5.0,0.0,0.0
CDK_Depict_33_131,C#CCN1C(CC1=O)N=[N+]=[N-],*=*=[V]C1CC(=O)[U]1CC#C,C#CCN1C(=O)CC1N=[N+]=[N-],*=[*]=[V][CH]1C[C](=O)[U]1[CH2]C#C,True,True,False,False,0.22448979591836735,18,11.0,1.0,1.0
CDK_Depict_33_132,C[N+](=C)C1C=C(C=CC1N=C)SC,C=*(C)C1CC(S)ccC1[V],C=NC1C=CC(SC)=CC1[N+](=C)C,C=*(C)C1CC(S)C=C[CH]1[V],True,True,False,False,0.12244897959183673,16,13.0,1.0,2.0
CDK_Depict_33_133,CC1CCC(CC1C2=NN=C(N=C(C=NN2)SC)N)(F)F,CSC1=CC([1H2A])=NC(=N)C2CC([c])([c])CCC2C,CSc1cn[nH]c(C2CC(F)(F)CCC2C)nnc(N)n1,,True,False,False,False,0.0,26,21.0,2.0,2.0
CDK_Depict_33_135,C\1=C\C(=N/N=N\N=C1)\[N+](=O)[O-],O=*([O-])c1ccc***1,O=[N+]([O-])C1=N/N=N\N=C/C=C\1,O=*([O-])C1=CC=C**=*1,True,True,False,False,0.11363636363636363,30,11.0,1.0,0.0
CDK_Depict_33_136,C1(N=N1)(N(F)F)F,C=[V].CC,FN(F)C1(F)N=N1,CC.[CH2]=[V],True,True,False,False,0.0,14,7.0,1.0,0.0
CDK_Depict_33_137,C(C(Cl)Cl)SF,ClC(Cl)CS[K],FSCC(Cl)Cl,ClC(Cl)C[S][K],True,True,False,False,0.47058823529411764,5,6.0,0.0,0.0
CDK_Depict_33_138,C/C(=N/C(=S)/N=C(/N)\NN)/C=NC(=S)/N=C(/N)\NN,**C(*)NC(=S)N=C(C)/C=N/C(=S)N=C(*)[NH3+],C/C(C=NC(=S)/N=C(/N)NN)=N/C(=S)/N=C(/N)NN,**C(*)NC(=S)N=C(C)/C=N/C(=S)N=C(*)[NH3+],True,True,False,False,0.3695652173913043,21,19.0,0.0,0.0
CDK_Depict_33_139,C(C[Ge])OC#C[Si],[Si]C#COCC[GeH3],[Si]C#COC[CH2][Ge],[Si]C#COC[CH2][GeH3],True,True,False,False,0.5454545454545454,13,7.0,0.0,0.0
CDK_Depict_33_140,C=PP(P)P,*[PH](*)[PH],C=PP(P)P,*[PH](*)[PH],True,True,False,False,0.0,8,5.0,0.0,1.0
CDK_Depict_33_141,N(=NCl)[O-],CC.CC,[O-]N=NCl,CC.CC,True,True,False,False,0.0,10,4.0,0.0,0.0
CDK_Depict_33_142,C(N)([Al+2])Cl,Cl.NC(Cl)Cl,N[CH]([Al+2])Cl,Cl.NC(Cl)Cl,True,True,False,False,0.5,8,4.0,0.0,1.0
CDK_Depict_33_143,CC(=O)[Tl],C.C=C(C)C,C[C](=O)[Tl],C.C=C(C)C,True,True,False,False,0.25,8,4.0,0.0,0.0
CDK_Depict_33_144,C1=CC(=S=O)C=NC1C=O,C=C1C=CC(CO)N=C1.C=S,O=CC1C=CC(=S=O)C=N1,C=C1C=CC(CO)N=C1.C=S,True,True,False,False,0.19047619047619047,10,10.0,1.0,1.0
CDK_Depict_33_145,CC1(C([N+](=O)N1[O-])Br)C,CCC([S-])*(=O)[V][O-],CC1(C)C(Br)[N+](=O)N1[O-],CCC([S-])[*](=O)[V][O-],True,True,False,False,0.08108108108108109,14,9.0,1.0,1.0
CDK_Depict_33_147,CN(C1=CC=CC=C1)/C(=C/C=C)/SN(C2=CC=CC=C2)C3=CC=CC=C3,C=CC=C(C)[Li](C)c1ccccc1.CS.Cc1ccccc1.Cc1ccccc1,C=C/C=C(\SN(c1ccccc1)c1ccccc1)N(C)c1ccccc1,C=CC=[C](C)[Li]([CH3])[c]1ccccc1.CS.Cc1ccccc1.Cc1ccccc1,True,True,False,False,0.2978723404255319,42,26.0,3.0,0.0
CDK_Depict_33_148,C(C(O)[In])O,CC(C)CO,OC[CH](O)[In],CC(C)CO,True,True,False,False,0.35714285714285715,7,5.0,0.0,1.0
CDK_Depict_33_149,CC(=O)[In],C=C(C)C.O,C[C](=O)[In],C=C(C)C.O,True,True,False,False,0.25,7,4.0,0.0,0.0
CDK_Depict_33_150,COCCOC(=NC=C)NC=O,C=C[(X]=C([Z1+]C=O)OCCOC)C,C=CN=C(NC=O)OCCOC,,True,False,False,False,0.0,17,12.0,0.0,0.0
CDK_Depict_33_151,[N-]=[N+]=NN(F)F,N=[N+]=N[Al](F)F,[N-]=[N+]=NN(F)F,N=[N+]=[N][Al]([F])[F],True,True,False,False,0.13043478260869565,7,6.0,0.0,0.0
CDK_Depict_33_152,N=[S-](=O)S,*=S=O.[HH],N=[S-](=O)S,*=S=O.[HH],True,True,False,False,0.07142857142857142,9,4.0,0.0,0.0
CDK_Depict_33_153,C(#[Al])[Al](C#[Al])C#[Al],C#[K].C=CC,[Al]#[C][Al]([C]#[Al])[C]#[Al],C=CC.[CH]#[K],True,True,False,False,0.0,20,7.0,0.0,0.0
CDK_Depict_33_154,COC[Sn](=O)COC,COC[Sn](=O)COC,CO[CH2][Sn](=[O])[CH2]OC,CO[CH2][Sn](=[O])[CH2]OC,True,True,True,True,1.0,0,8.0,0.0,0.0
CDK_Depict_33_155,C1=CC(=C(C=C1S/C(=C(\C(=O)O)/NN)/N)F)F,*C(C)=C(C)C(C)=O.Cc1ccc(C)c(C)c1.N,NN/C(C(=O)O)=C(\N)Sc1ccc(F)c(F)c1,*C(C)=C(C)C(C)=O.Cc1ccc(C)c(C)c1.N,True,True,False,False,0.1346153846153846,29,17.0,1.0,0.0
CDK_Depict_33_156,OS(=S)Cl,C=S(O)Cl,OS(=S)Cl,C=S(O)Cl,True,True,False,False,0.45454545454545453,4,4.0,0.0,1.0
CDK_Depict_33_157,N=S(O)Cl,Cl.O,N=S(O)Cl,Cl.O,True,True,False,False,0.0,7,4.0,0.0,1.0
CDK_Depict_33_158,C1CSC(=S)NCC(=O)N1,CCCNC(=O)CNC(=S)S,O=C1CNC(=S)SCCN1,CCCNC(=O)CNC(=S)S,True,True,False,False,0.044444444444444446,8,10.0,1.0,0.0
CDK_Depict_33_159,C[Si]1(C[Se]C[Si](C[Te]C1)(C)C)C,CC[Se]CC.CC[SiH](C)C.CC[SiH](C)C.[TeH],C[Si]1(C)C[Se]C[Si](C)(C)C[Te]C1,CC[Se]CC.CC[SiH](C)C.CC[SiH](C)C.[TeH],True,True,False,False,0.07142857142857142,24,12.0,1.0,0.0
CDK_Depict_33_160,C1CCC(C1)N([N+](=O)[O-])F,C*(=O)[O-].NC1CCCC1,O=[N+]([O-])N(F)C1CCCC1,C*(=O)[O-].NC1CCCC1,True,True,False,False,0.22580645161290322,20,10.0,1.0,0.0
CDK_Depict_33_161,C[C@@H](N1CCCCO1)I,*1CCCCO1.CC(C)C,C[C@H](I)N1CCCCO1,*1CCCCO1.CC(C)C,True,True,False,False,0.25806451612903225,13,9.0,1.0,1.0
CDK_Depict_33_162,CC(C)[Sn](C)N,CSC(C)C,C[CH](C)[Sn]([CH3])[NH2],CSC(C)C,True,True,False,False,0.2,8,6.0,0.0,0.0
CDK_Depict_33_164,[2H]C(=CCC(CC)Cl)Cl,CCC(Cl)CC=C(C)C,[2H]C(Cl)=CCC(Cl)CC,CCC(Cl)CC=C(C)C,True,True,False,False,0.4444444444444444,12,9.0,0.0,1.0
CDK_Depict_33_165,[B]C1C2(CC2)N=CO1,CC.CC(C)C1(C)CC1,[B]C1OC=NC12CC2,CC.CC(C)C1(C)CC1,True,True,False,False,0.1,11,8.0,2.0,1.0
CDK_Depict_33_166,C(CS)C(CC(S)S)CS,C.CCCC(C[Si])CC(C)S,SCCC(CS)CC(S)S,C.CCCC(C[Si])CC(C)S,True,True,False,False,0.21875,11,10.0,0.0,1.0
CDK_Depict_33_167,C[Te](C)(C)F,CC.CC,C[Te](C)(C)F,CC.CC,True,True,False,False,0.14285714285714285,9,5.0,0.0,0.0
CDK_Depict_33_168,C=NCN(C1CC1)I,C=N.CC.CC1CC1,C=NCN(I)C1CC1,C=N.CC.CC1CC1,True,True,False,False,0.15384615384615385,6,8.0,1.0,0.0
CDK_Depict_33_169,CON/C=C\NN=C,C=N*(C=CN)COC,C=NN/C=C\NOC,C=N*(C=CN)COC,True,True,False,False,0.2,7,8.0,0.0,0.0
CDK_Depict_33_170,[B]=[S-](=S)C,C[SH](=S)=S,[B]=[S-](C)=S,C[SH](=S)=S,True,True,False,False,0.16666666666666666,7,4.0,0.0,0.0
CDK_Depict_33_171,CCC1=NC=CN1CC2(CC2)CNC(=O)CC3=CC(=CC=C3)O,CC(=O)Cc1cccc(C)c1.CCC1=*C=CN1,CCc1nccn1CC1(CNC(=O)Cc2cccc(O)c2)CC1,CC(=O)Cc1cccc(C)c1.CCc1*cc[nH]1,True,True,False,False,0.2328767123287671,27,23.0,3.0,0.0
CDK_Depict_33_172,C1=C(C=C(C2=NSC(=C21)Br)C(F)(F)F)C(F)(F)F,*C1=C2C=C(C(C)(C)C)cc(C)c2*S1,FC(F)(F)c1cc(C(F)(F)F)c2nsc(Br)c2c1,,True,False,False,False,0.0,26,18.0,2.0,0.0
CDK_Depict_33_173,CN1C[I-]C=CC1=O,C=C/C=C\C,CN1C[I-]C=CC1=O,C=C/C=C\C,True,True,False,False,0.03225806451612903,10,8.0,1.0,0.0
CDK_Depict_33_174,C/C(=N/O)/C(C)(N)Cl,*=C(C)C.C.CO,C/C(=N/O)C(C)(N)Cl,*=C(C)C.C.CO,True,True,False,False,0.13636363636363635,13,8.0,0.0,1.0
CDK_Depict_33_175,CC(=[N+]1CC(=O)N1)C,CC(C)=*1CC(=O)[V]1,CC(C)=[N+]1CC(=O)N1,CC(C)=[*]1C[C](=O)[V]1,True,True,False,False,0.2413793103448276,9,8.0,1.0,0.0
CDK_Depict_33_176,C[C@]\1(CC/C1=C\[123I])C(=O)O,CCC1CC[C@@]1(C)C(=O)O,C[C@@]1(C(=O)O)CC/C1=C\[123I],CCC1CC[C@@]1(C)C(=O)O,True,True,False,False,0.2702702702702703,15,10.0,1.0,1.0
CDK_Depict_33_177,C=C([Si])[Ge],C=C(C)[Ce],C=[C]([Si])[Ge],C=[C](C)[Ce],True,True,False,False,0.23076923076923078,5,4.0,0.0,0.0
CDK_Depict_33_178,CC(O)OC1=[Al]C=CC=C1,CC(C)Cl.Oc1*cccC1,CC(O)O[c]1ccc[cH][Al]1,CC(C)Cl.OC1*=CC=CC1,True,True,False,False,0.0,13,,,
CDK_Depict_33_179,C[C@H](NC=O)NC(=O)P(CC1=CC2=CC=CC=C2C=C1)NC(=O)CN,*CC(=O)NC.CC(=O)N[C@@H](C)NC=O.CCC1=CC2=CC=CC=C2C=C1,C[C@H](NC=O)NC(=O)P(Cc1ccc2ccccc2c1)NC(=O)CN,*CC(=O)NC.CC(=O)N[C@@H](C)NC=O.CCc1ccc2ccccc2c1,True,True,False,False,0.5,31,25.0,2.0,2.0
CDK_Depict_33_180,CN(N=C)[N+](C)(C)P,C=N[NH](C)[N+](C)(C)[PbH2],C=NN(C)[N+](C)(C)P,,True,False,False,False,0.0,10,8.0,0.0,0.0
CDK_Depict_33_181,CC(C)(C)OC(=O)CN=S(=O)(C1=CC(=CC=C1)Cl)C2=CC(=CC=C2)Cl,*CS(=O)(=O)c1c=C(Cl)=CC=C1.CC1cccc(Cl)c1,CC(C)(C)OC(=O)CN=S(=O)(c1cccc(Cl)c1)c1cccc(Cl)c1,,True,False,False,False,0.0,34,25.0,2.0,0.0
CDK_Depict_33_182,C1COC(O1)C2(C=CC=CN2)Br,*C1(C2CCCO2)CCCC[V]1,BrC1(C2OCCO2)C=CC=CN1,*[C]1(C2CCCO2)CCC[CH2][V]1,True,True,False,False,0.13043478260869565,16,12.0,2.0,1.0
CDK_Depict_33_183,CCO/N=C\C/C(=C(\C)/C=N)/N=C,C=[Li]/C(C/C=N\C)=C(/C)C=N.CCO,C=N/C(C/C=N\OCC)=C(/C)C=N,CCO.[CH2]=[Li]/[C](C/C=N\C)=C(/C)C=N,True,True,False,False,0.37209302325581395,19,13.0,0.0,0.0
CDK_Depict_33_184,CN1C(OI(O1)C2=CC=CC=C2)C3=CC=CC=C3,CO[Al](C)C(C)c1ccccc1.Cc1ccccc1,CN1OI(c2ccccc2)OC1c1ccccc1,C[O][Al]([CH3])[CH](C)c1ccccc1.Cc1ccccc1,True,True,False,False,0.14893617021276595,29,18.0,3.0,1.0
CDK_Depict_33_185,CC#[N+]F,C#*[K],CC#[N+]F,C#[*][K],True,True,False,False,0.0,5,4.0,0.0,0.0
CDK_Depict_33_186,CN(C)CC[SiH2][SiH3],CN(C)CC[SiH2][SiH3],CN(C)CC[SiH2][SiH3],CN(C)CC[SiH2][SiH3],True,True,True,True,1.0,0,7.0,0.0,2.0
CDK_Depict_33_187,N=[S-](=O)P,[2HH].[2HH].[2HH]=O,N=[S-](=O)P,,True,False,False,False,0.0,17,4.0,0.0,0.0
CDK_Depict_33_188,C[N+](C)(C/C=C(\O)/OCl)CC(CCl)O,CC[N+](C)(CC(O)CCl)CC(O)CCl,C[N+](C)(C/C=C(\O)OCl)CC(O)CCl,CC[N+](C)(CC(O)CCl)CC(O)CCl,True,True,False,False,0.4117647058823529,11,14.0,0.0,1.0
CDK_Depict_33_189,CC1CC(=C=C=N)C(=O)O1,CC1CC(=C=C=N)C(=O)O1,CC1CC(=C=C=N)C(=O)O1,CC1CC(=C=C=N)C(=O)O1,True,True,True,True,1.0,0,10.0,1.0,1.0
CDK_Depict_33_190,CCCCOC(=S)OCI,CCCCOC(=S)OCC,CCCCOC(=S)OCI,CCCCOC(=S)OCC,True,True,False,False,0.68,1,10.0,0.0,0.0
CDK_Depict_33_191,[2H]C(=C([2H])C([2H])(CC)O)C=O,CCC.CCCCCCCCC,[2H]C(C=O)=C([2H])C([2H])(O)CC,CCC.CCCCCCCCC,True,True,False,False,0.10714285714285714,24,11.0,0.0,1.0
CDK_Depict_33_192,C(#CI)PP,CC#CC.[2HH],PPC#CI,CC#CC.[2HH],True,True,False,False,0.058823529411764705,8,5.0,0.0,1.0
CDK_Depict_33_193,CC(=O)OC(=S(=O)=O)C1CC=CCNC1C(=O)NO,CC(=O)C1[V]CCCCC1C(O)=S(=O)=O.CC(C)=O,CC(=O)OC(C1CC=CCNC1C(=O)NO)=S(=O)=O,CC(=O)[CH]1[V][CH2]CCCC1C(O)=S(=O)=O.CC(C)=O,True,True,False,False,0.1864406779661017,25,19.0,1.0,2.0
CDK_Depict_33_194,CC(C(=O)C)/C(=C/N)/C=C\C(=C)Cl,C=C(C)/C=C\C(CN)C(C)C(C)=O,C=C(Cl)/C=C\C(=C/N)C(C)C(C)=O,C=C(C)/C=C\C(CN)C(C)C(C)=O,True,True,False,False,0.3170731707317073,15,13.0,0.0,1.0
CDK_Depict_33_195,CC(=O)CC(=O)N=C=S(C1=C(C=C(C=C1)F)F)NNC(=O)CC2=CC=C(C=C2)F,CC(=O)CC(=O)N=C=S(C)C1=C(F)C=CC=C1.[H]C(=O)Cc1ccc(C)cc1,CC(=O)CC(=O)N=C=S(NNC(=O)Cc1ccc(F)cc1)c1ccc(F)cc1F,CC(=O)CC(=O)N=C=S(C)c1ccccc1F.Cc1ccc(CC=O)cc1,True,True,False,False,0.39705882352941174,24,29.0,2.0,1.0
CDK_Depict_33_196,C1=CC=C(C=C1)C(C2=CC=CC=C2)(N(C(=S)NN)C(C3=CC=CC=C3)(C4=CC=CC=C4)P)P,*N(*)([Li])NC(=S)N(C(c1ccccc1)c1ccccc1)C(C)(C1=CC=CC=C1)c1ccccc1,NNC(=S)N(C(P)(c1ccccc1)c1ccccc1)C(P)(c1ccccc1)c1ccccc1,*[N](*)(->[Li])NC(=S)N(C(c1ccccc1)c1ccccc1)C(C)(c1ccccc1)c1ccccc1,True,True,False,False,0.30612244897959184,51,33.0,4.0,0.0
CDK_Depict_33_197,C1=C(NN=C1)[Sn],CCCCCCC(C)C,[Sn][c]1ccn[nH]1,CCCCCCC(C)C,True,True,False,False,0.0,11,6.0,1.0,0.0
CDK_Depict_33_198,CC1C=C/C(=C\N=CN)/C1(CSC2=CC=C(C=C2)SC(F)(F)F)O,CC(C)(C)Sc1ccc(S)cc1.CCC1([1O])/C(=C/[Au]=C[Au])C=CC1C,CC1C=C/C(=C\N=CN)C1(O)CSc1ccc(SC(F)(F)F)cc1,CC(C)(C)Sc1ccc(S)cc1.CCC1([1O])/C(=[CH]/[Au]=[CH][Au])C=CC1C,True,True,False,False,0.2916666666666667,42,24.0,2.0,2.0
CDK_Depict_33_199,C=P(=S)S,C=C.C=S.CS,C=P(=S)S,C=C.C=S.CS,True,True,False,False,0.25,5,4.0,0.0,1.0
CDK_Depict_34_1,C[Si](C)(C)C(C#C)I,C=CC(C)C.C[SiH](C)C,C#CC(I)[Si](C)(C)C,C=CC(C)C.C[SiH](C)C,True,True,False,False,0.08,13,8.0,0.0,1.0
CDK_Depict_34_2,CCCCCC1OCC(CO1)(C#N)OC(=O)Cl,CCCCCC1OCC(C#N)(OC(=O)Cl)CO1,CCCCCC1OCC(C#N)(OC(=O)Cl)CO1,CCCCCC1OCC(C#N)(OC(=O)Cl)CO1,True,True,True,True,1.0,10,17.0,1.0,2.0
CDK_Depict_34_3,CC(C)(C[Te]C)C#N,CC.CC,C[Te]CC(C)(C)C#N,CC.CC,True,True,False,False,0.05555555555555555,12,8.0,0.0,0.0
CDK_Depict_34_4,C1CC1C(=C2CN(C=N2)NN)C3CC3,C1CC1c1c2CNCn2C1CC1,NNN1C=NC(=C(C2CC2)C2CC2)C1,,True,False,False,False,0.0,13,14.0,3.0,0.0
CDK_Depict_34_5,CO[Si](C)(C)O[Si](C)(C)OO[Si](=O)OO[Si](C)(C)O,CO[Si](C)(C)O[Si](C)(C)OO[Si](=O)OO[Si](C)(C)O,CO[Si](C)(C)O[Si](C)(C)OO[Si](=O)OO[Si](C)(C)O,CO[Si](C)(C)O[Si](C)(C)OO[Si](=O)OO[Si](C)(C)O,True,True,True,True,1.0,0,19.0,0.0,0.0
CDK_Depict_34_6,C/C=S(/C1=CC(=C(C=C1)O)N)\C(F)(F)F,CC=S(=CC)(Cc1ccc(O)c([NH3+])c1)C(F)(F)F,C/C=S(/c1ccc(O)c(N)c1)C(F)(F)F,CC=S(=CC)(Cc1ccc(O)c([NH3+])c1)C(F)(F)F,True,True,False,False,0.2857142857142857,22,15.0,1.0,1.0
CDK_Depict_34_7,CCCCCCCC(C(C(=O)C(N=NC1=C(C(=CC(=C1)Cl)Cl)C)(Cl)Cl)I)I,CCCCCCCC(I)C(I)CC(Cl)(Cl)N=C=Nc1cc(Cl)cc(Cl)c1C,CCCCCCCC(I)C(I)C(=O)C(Cl)(Cl)N=Nc1cc(Cl)cc(Cl)c1C,CCCCCCCC(I)C(I)CC(Cl)(Cl)N=C=Nc1cc(Cl)cc(Cl)c1C,True,True,False,False,0.5409836065573771,30,27.0,1.0,2.0
CDK_Depict_34_8,CCC(=O)[C@@H](CO)/C(=C/[Si](C)(C)C)/COCOCC[Si](C)(C)C,CCC(=O)[C@@H](CCO)/C(=C/[Si](C)(C)C)COCOCC[Si](C)(C)C,CCC(=O)[C@@H](CO)/C(=C/[Si](C)(C)C)COCOCC[Si](C)(C)C,CCC(=O)[C@@H](CCO)/C(=C/[Si](C)(C)C)COCOCC[Si](C)(C)C,True,True,False,False,0.8372093023255814,2,23.0,0.0,1.0
CDK_Depict_34_9,[C-]#[N+]C1COC1,CC#[N+]C1COC1,[C-]#[N+]C1COC1,CC#[N+]C1COC1,True,True,False,False,0.4090909090909091,3,6.0,1.0,0.0
CDK_Depict_34_10,C[P+]#C,CC.CC.CC.[2HH],C#[P+]C,CC.CC.CC.[2HH],True,True,False,False,0.125,12,3.0,0.0,1.0
CDK_Depict_34_11,C1=CC(=PC(=C1)N)N,Nc1cccc(N)P1,Nc1cccc(N)p1,,True,False,False,False,0.0,15,8.0,1.0,0.0
CDK_Depict_34_12,C(#[N+][O-])[Hg]C#[N+][O-],[2H][N+]#C*CC#[N+][O-],[O-][N+]#[C][Hg][C]#[N+][O-],[2H][N+]#C*CC#[N+][O-],True,True,False,False,0.18518518518518517,12,7.0,0.0,0.0
CDK_Depict_34_13,COC(C1=NOCC1)(O)O,COC(O)(O)c1=NOCC1,COC(O)(O)C1=NOCC1,COC(O)(O)C1=NOCC1,True,True,True,True,1.0,11,10.0,1.0,0.0
CDK_Depict_34_14,C1C(NC=CN1)O,OC1CNcc[NH2+]1,OC1CNC=CN1,OC1CNC=C[NH2+]1,True,True,False,False,0.38461538461538464,10,7.0,1.0,1.0
CDK_Depict_34_15,CCCCCCCCC(=C)C(NC(=O)Br)Br,*BC(NC(=O)O*)C(=C)CCCCCCCCCC,C=C(CCCCCCCC)C(Br)NC(=O)Br,*BC(NC(=O)O*)C(=C)CCCCCCCCCC,True,True,False,False,0.46511627906976744,22,16.0,0.0,1.0
CDK_Depict_34_16,C1=CC=C(C=C1)CC2C=C3C=CC=C[C-]3[N+]#C2,CC12ccccc1cC(Cc1ccccc1)C#[N+]2,C1#[N+][C-]2C=CC=CC2=CC1Cc1ccccc1,CC12C=CC=CC1=CC(Cc1ccccc1)C#[N+]2,True,True,False,False,0.44,27,17.0,3.0,1.0
CDK_Depict_34_17,C1CN(CC1(F)P)I,FC1(F)CCCN(I)C1,FC1(P)CCN(I)C1,FC1(F)CCCN(I)C1,True,True,False,False,0.46153846153846156,10,8.0,1.0,1.0
CDK_Depict_34_18,C[Hg]SC1=CN=CN=C1,C[Hg]Sc1cncnc1,[CH3][Hg][S]c1cncnc1,[CH3][Hg][S]c1cncnc1,True,True,True,True,1.0,9,9.0,1.0,0.0
CDK_Depict_34_19,[B](CNC)Cl,C[NH2+]COCl,CNC[B]Cl,C[NH2+]COCl,True,True,False,False,0.13043478260869565,7,5.0,0.0,0.0
CDK_Depict_34_20,CC(C(C(C)(O)Br)[N+](=O)[O-])O,CC(O[Hf])C([N+](=O)[O-])C(C)(C)Br,CC(O)C([N+](=O)[O-])C(C)(O)Br,CC([O][Hf])C([N+](=O)[O-])C(C)(C)Br,True,True,False,False,0.45454545454545453,20,11.0,0.0,3.0
CDK_Depict_34_21,C(CC[Se](=O)O)C[Se]SCCS[Se]CCCC[Se](=O)O,O=[Se](O)CCCCSCCSCCSSCCCC[Se](=O)O,O=[Se](O)CCCC[Se]SCCS[Se]CCCC[Se](=O)O,O=[Se](O)CCCCSCCSCCSSCCCC[Se](=O)O,True,True,False,False,0.4375,13,20.0,0.0,2.0
CDK_Depict_34_22,CCOSSC(=O)CC(=O)C(=O)C,CCOSSC(=O)CC(=O)C(C)=o,CCOSSC(=O)CC(=O)C(C)=O,,True,False,False,False,0.0,4,13.0,0.0,0.0
CDK_Depict_34_23,CCC(/C=C(/C(C)C)\[Si])N(CC)CC,CCC(CC([SiH3])C(C)C)N(CC)CC,CCC(/C=C(\[Si])C(C)C)N(CC)CC,CCC(CC([SiH3])C(C)C)N(CC)CC,True,True,False,False,0.2777777777777778,13,14.0,0.0,1.0
CDK_Depict_34_24,C=C([SiH3])Br,C=C([SiH3])Br,C=C([SiH3])Br,C=C([SiH3])Br,True,True,True,True,1.0,0,4.0,0.0,1.0
CDK_Depict_34_25,C/C=C/C1C(=N)SC(=S)N1,C/C=C/C1NC(=S)SC1=N,C/C=C/C1NC(=S)SC1=N,C/C=C/C1NC(=S)SC1=N,True,True,True,True,1.0,6,10.0,1.0,1.0
CDK_Depict_34_26,CC(C)OC1=C(C(=O)NNN1OC)C(=O)[O-],CCOC1=C(C(=O)[O-])C(=O)N[NH+]N1OC,CON1NNC(=O)C(C(=O)[O-])=C1OC(C)C,CCOC1=C(C(=O)[O-])C(=O)N[NH+]N1OC,True,True,False,False,0.3877551020408163,17,16.0,1.0,0.0
CDK_Depict_34_27,C1C[Se][Se][Se]1,C1C[Se][Se][Se]1,C1C[Se][Se][Se]1,C1C[Se][Se][Se]1,True,True,True,True,1.0,0,5.0,1.0,0.0
CDK_Depict_34_28,C1C=CC(=NC2=C(C(=C(C(=C2S)N)S)S)S)CS1,*c1c(S)c(S[Hf])c(C)c(N=C2CCCSC2)c1[Hf],Nc1c(S)c(S)c(S)c(N=C2C=CCSC2)c1S,*c1c(S)c([S][Hf])c(C)c(N=C2CCCSC2)[c]1[Hf],True,True,False,False,0.19672131147540983,31,18.0,2.0,0.0
CDK_Depict_34_30,B(C)(N=C1NC(=O)C(O1)C)O,CB(O)N=C1[NH2+]C(=O)C(C)O1,CB(O)N=C1NC(=O)C(C)O1,CB(O)N=C1[NH2+]C(=O)C(C)O1,True,True,False,False,0.4594594594594595,12,11.0,1.0,1.0
CDK_Depict_34_31,C(=O)(O)P(=O)(OF)OF,O=P(OF)(OF)C(O)=S,O=C(O)P(=O)(OF)OF,O=P(OF)(OF)C(O)=S,True,True,False,False,0.55,12,9.0,0.0,0.0
CDK_Depict_34_32,CCSC(C[Si]O[Si])O,CCSC(O)C[SiH2]O[SiH3],CCSC(O)C[Si]O[Si],CCSC(O)C[SiH2]O[SiH3],True,True,False,False,0.3939393939393939,7,9.0,0.0,1.0
CDK_Depict_34_33,[B]=[S-](=[W])C,C[S-](=N)=S,[B]=[S-](C)=[W],C[S-](=N)=S,True,True,False,False,0.23076923076923078,9,4.0,0.0,0.0
CDK_Depict_34_34,CC(C[As]CC(C)O)O,CC(O)C*CC(C)O[Hf],CC(O)C[As]CC(C)O,CC(O)C*CC(C)[O][Hf],True,True,False,False,0.25925925925925924,9,9.0,0.0,3.0
CDK_Depict_34_35,CCCCCCCCN(CCCCCCCC=O)CCCC/C(=N/S(=O)N)/N(C)C,C=CCCCCCCCN(CCCCCCCC)CCCCC(=NS(=O)[NH2+]C)NCC,CCCCCCCCN(CCCCCCCC=O)CCCC/C(=N/S(N)=O)N(C)C,C=CCCCCCCCN(CCCCCCCC)CCCCC(=NS(=O)[NH2+]C)NCC,True,True,False,False,0.423728813559322,13,30.0,0.0,1.0
CDK_Depict_34_36,CC1=C(C(=IC(=N1)C)OC)F,COc1c(F)c(C)nc(C)[IH]1,COC1=IC(C)=NC(C)=C1F,,True,False,False,False,0.0,18,11.0,1.0,0.0
CDK_Depict_34_37,C/C=C/C(=C=C(C)[C@H](CCCCCC(=O)OC)S/C=C\C(=O)OC)CO,CC=CC(=C=C(C)[C@H](CCCCCC(=O)OC)S/C=C\C(=O)OC)C[OH+],C/C=C/C(=C=C(C)[C@H](CCCCCC(=O)OC)S/C=C\C(=O)OC)CO,CC=CC(=C=C(C)[C@H](CCCCCC(=O)OC)S/C=C\C(=O)OC)C[OH+],True,True,False,False,0.8461538461538461,6,26.0,0.0,1.0
CDK_Depict_34_38,CCCNC1=NSN=C1CC2=CC=NC=C2,CCCNc1n[SH]=Nc1Cc1ccncc1,CCCNc1nsnc1Cc1ccncc1,,True,False,False,False,0.0,18,16.0,2.0,0.0
CDK_Depict_34_39,C1=NN=CN1/N=C/C(=C(/C(=O)O)\Cl)/Cl,O=C(O)/C(Cl)=C(Cl)/C=N/n1cnnC1,O=C(O)/C(Cl)=C(Cl)/C=N/n1cnnc1,,True,False,False,False,0.0,27,14.0,1.0,0.0
CDK_Depict_34_40,C=CC(=C(C=C)OP1OC(OP(O1)O)C(=O)CO)C(=O)O,C=CC(OP1OC(C(=O)CO)OP(O)O1)C(=CC)C(=O)O,C=CC(OP1OC(C(=O)CO)OP(O)O1)=C(C=C)C(=O)O,C=CC(OP1OC(C(=O)CO)OP(O)O1)C(=CC)C(=O)O,True,True,False,False,0.5370370370370371,16,21.0,1.0,3.0
CDK_Depict_34_41,CP(C)C[SiH3],CPC[SiH3],CP(C)C[SiH3],CPC[SiH3],True,True,False,False,0.2857142857142857,3,5.0,0.0,1.0
CDK_Depict_34_42,CCCCP(CCCC)(CCCC)(OC1=CC=CC=C1P(C2=CC=CC=C2)C3=CC=CC=C3)Br,CCCCCCCCCCCCCCCP(Br)(CCC)(CCC)OC1ccccc1P(c1ccccc1)c1ccccc1,CCCCP(Br)(CCCC)(CCCC)Oc1ccccc1P(c1ccccc1)c1ccccc1,,True,False,False,False,0.0,42,34.0,3.0,0.0
CDK_Depict_34_43,CC1=C(OC(=C1)SSC)C,CSSc1cc(C)c(C)o1,CSSc1cc(C)c(C)o1,CSSc1cc(C)c(C)o1,True,True,True,True,1.0,13,10.0,1.0,0.0
CDK_Depict_34_44,C1(=C(SS(=C1Cl)Cl)Cl)Cl,Clc1ss(Cl)c(Cl)c1Cl,ClC1=C(Cl)C(Cl)=S(Cl)S1,ClC1=C(Cl)C(Cl)=S(Cl)S1,True,True,True,True,1.0,15,9.0,1.0,1.0
CDK_Depict_34_45,CN=[P+](OP)OP,CN=[P+](OP)OP([Ir])[Ir],CN=[P+](OP)OP,CN=[P+](OP)O[P]([Ir])[Ir],True,True,False,False,0.5714285714285714,10,7.0,0.0,0.0
CDK_Depict_34_46,C(#P)NC#P,P#CNC#P,P#CNC#P,P#CNC#P,True,True,True,True,1.0,4,5.0,0.0,0.0
CDK_Depict_34_47,B(C=COC)(O)O,*[SH](O)C=COC,COC=CB(O)O,*[SH](O)C=COC,True,True,False,False,0.3333333333333333,11,7.0,0.0,0.0
CDK_Depict_34_48,C=C(/N=N\C(=C)P)P,*C(C)N=NC(=C)C,C=C(P)/N=N\C(=C)P,*C(C)N=NC(=C)C,True,True,False,False,0.21739130434782608,8,8.0,0.0,0.0
CDK_Depict_34_49,CC(C)CN(CC(C)I)ON,CC(C)CN(CC(C)C)ON,CC(C)CN(CC(C)I)ON,CC(C)CN(CC(C)C)ON,True,True,False,False,0.7619047619047619,1,11.0,0.0,1.0
CDK_Depict_34_50,CP(=O)(CC(=O)N(CC1=CC=CC=C1)C(=O)CP(=O)(C(F)(F)F)O)O,CP(=O)(O)CC(=O)N(Cc1ccccc1)C(=O)CP(=O)(O)CC(F)(F)F,CP(=O)(O)CC(=O)N(Cc1ccccc1)C(=O)CP(=O)(O)C(F)(F)F,CP(=O)(O)CC(=O)N(Cc1ccccc1)C(=O)CP(=O)(O)CC(F)(F)F,True,True,False,False,0.7209302325581395,18,25.0,1.0,2.0
CDK_Depict_34_51,CP(C#N)N=C,C=NP(I)C#N,C=NP(C)C#N,C=NP(I)C#N,True,True,False,False,0.42857142857142855,8,6.0,0.0,1.0
CDK_Depict_34_52,CCOP(=O)(C(=C[NH-])C(=S)N=C1C=C[CH+]C=C1)OCC,CCOP(=O)(O)C(=C[NH+]C)C(=S)N=C1C=C[CH+]CC1,CCOP(=O)(OCC)C(=C[NH-])C(=S)N=C1C=C[CH+]C=C1,CCOP(=O)(O)C(=C[NH+]C)C(=S)N=C1C=C[CH+]CC1,True,True,False,False,0.39344262295081966,9,20.0,1.0,0.0
CDK_Depict_34_53,C1=C(C2=C(NN=C2N=N1)I)N,*c1cnnc2[nH][nH]c(I)c12,Nc1cnnc2n[nH]c(I)c12,,True,False,False,False,0.0,21,11.0,2.0,0.0
CDK_Depict_34_54,[B]B([B])[I-]I,C[IH](C)[IH],[B]B([B])[I-]I,C[IH](C)[IH],True,True,False,False,0.0,9,5.0,0.0,0.0
CDK_Depict_34_55,C(=C(/F)\[Hg])\F,FC=C(F)[Hg],F/C=[C](/F)[Hg],FC=[C](F)[Hg],True,True,False,True,1.0,7,5.0,0.0,0.0
CDK_Depict_34_56,C1CN(C(=S(=O)=O)N1C2C=CSC2=O)C(=O)Cl,O=C1SccC1N1CCN(C(=O)Cl)C1=S(=O)(=O)=O,O=C1SC=CC1N1CCN(C(=O)Cl)C1=S(=O)=O,,True,False,False,False,0.0,23,17.0,2.0,1.0
CDK_Depict_34_57,CC1=CC=C(C=C1)OCOC(=O)N(OC2=CC=C(C=C2)C)OC3=CC=C(C=C3)C,Cc1ccc(OCC(=O)OCOc2ccC(C)cc2)cc1,Cc1ccc(OCOC(=O)N(Oc2ccc(C)cc2)Oc2ccc(C)cc2)cc1,,True,False,False,False,0.0,39,29.0,3.0,0.0
CDK_Depict_34_58,CC(C(C)(C)C)SC(C#C)C(C)(C)C,C#CC(C)C(C)(C)C.CC(S)C(C)(C)C,C#CC(SC(C)C(C)(C)C)C(C)(C)C,C#CC(C)C(C)(C)C.CC(S)C(C)(C)C,True,True,False,False,0.35714285714285715,9,14.0,0.0,2.0
CDK_Depict_34_59,C/C(=C\C(C(C#C)[Si](C)(C)C(C)(C)C)(O)[Si](C)(C)C)/C#C,*C(/C=C(\C)C#C)(C(C#C)[Si](C)(C)C(C)(C)C)[Si](C)(C)C,C#C/C(C)=C/C(O)(C(C#C)[Si](C)(C)C(C)(C)C)[Si](C)(C)C,*C(/C=C(\C)C#C)(C(C#C)[Si](C)(C)C(C)(C)C)[Si](C)(C)C,True,True,False,False,0.6578947368421053,17,21.0,0.0,2.0
CDK_Depict_34_60,CCCCC1(CCCC1)OC(=O)C2(N[I-]2)C34NI3N4,CCCCC1(SC(C2(N[IH]2)[NH+][IH]2)=O)CCCC1,CCCCC1(OC(=O)C2(C34NI3N4)N[I-]2)CCCC1,,True,False,False,False,0.0,24,19.0,4.0,1.0
CDK_Depict_34_61,CC([Si]Cl)P,CC([SiH2]Cl)c1ccccc1,CC(P)[Si]Cl,CC([SiH2]Cl)c1ccccc1,True,True,False,False,0.15384615384615385,10,5.0,0.0,1.0
CDK_Depict_34_62,CCS(C)(C)C1(CCC1)C(=O)O,*C(=O)C1([SH](C)(C)CC)CCC1,CCS(C)(C)C1(C(=O)O)CCC1,*C(=O)C1([SH](C)(C)CC)CCC1,True,True,False,False,0.3055555555555556,19,12.0,1.0,0.0
CDK_Depict_34_63,[OH+]1[SiH2][SiH2][SiH2][SiH2][SiH2]1,C[SiH2][SiH2][SiH2][SiH2],[OH+]1[SiH2][SiH2][SiH2][SiH2][SiH2]1,C[SiH2][SiH2][SiH2][SiH2],True,True,False,False,0.0,13,6.0,1.0,5.0
CDK_Depict_34_64,C1=C(C=NC(=O)O1)O,O=c1ccc(O)cn1,O=c1ncc(O)co1,,True,False,False,False,0.0,13,8.0,1.0,0.0
CDK_Depict_34_65,C1=CC(=CC(=C(C1Cl)N)Cl)C(F)(F)F,C[NH2+]c1c(Cl)ccc(C(F)(F)F)cc1Cl,NC1=C(Cl)C=C(C(F)(F)F)C=CC1Cl,,True,False,False,False,0.0,24,14.0,1.0,1.0
CDK_Depict_34_66,C(NC(=S)N)N=[N+]=[N-],*C(=S)[NH2+]CN=[N+]=[N-],[N-]=[N+]=NCNC(N)=S,*C(=S)[NH2+]CN=[N+]=[N-],True,True,False,False,0.3548387096774194,9,8.0,0.0,0.0
CDK_Depict_34_67,C1CSC(=N1)SC2=CN=C(S2)N,Cc1cc(Sc2nccs2)cn1,Nc1ncc(SC2=NCCS2)s1,,True,False,False,False,0.0,19,12.0,2.0,0.0
CDK_Depict_34_68,CC(=NC(=[V])C)C(=[CH-])C(=O)C,C[Cf]=C(C(C)=O)C(C)=NC(C)=[V],[CH-]=C(C(C)=O)C(C)=N[C](C)=[V],[CH3][Cf]=[C](C(C)=O)C(C)=N[C](C)=[V],True,True,False,False,0.5,20,11.0,0.0,0.0
CDK_Depict_34_69,COC1=COPO1,COc1cPoC1,COC1=COPO1,COC1=CPOC1,True,True,False,False,0.3,6,7.0,1.0,1.0
CDK_Depict_34_70,C/C(=C\C=C)/NCCl,C=C/C=C(\C)NCCl,C=C/C=C(\C)NCCl,C=C/C=C(\C)NCCl,True,True,True,True,1.0,7,8.0,0.0,0.0
CDK_Depict_34_71,C1C[Sb]N=C1,C1CC[Sg]c1,C1=[N][Sb][CH2]C1,C1C[CH2][Sg][CH2]1,True,True,False,False,0.047619047619047616,5,5.0,1.0,0.0
CDK_Depict_34_72,[B]B(N)P,N=S([PH])S,[B]B(N)P,N=S([PH])S,True,True,False,False,0.0,9,4.0,0.0,0.0
CDK_Depict_34_73,CCCN1C(=CN=N1)NCC2=NC(=NC=C2)C,CCCn1n[nH]cc1NCc1ccnc(C)n1,CCCn1nncc1NCc1ccnc(C)n1,,True,False,False,False,0.0,22,17.0,2.0,0.0
CDK_Depict_34_74,CC1=CC=C(C=C1)SCCNC(=O)/C=C/C2=CN=C(N=C2)N,*Cc1ccc(/C=C/C(=O)NCCSc2ccc(C)cc2)cn1,Cc1ccc(SCCNC(=O)/C=C/c2cnc(N)nc2)cc1,*Cc1ccc(/C=C/C(=O)NCCSc2ccc(C)cc2)cn1,True,True,False,False,0.6923076923076923,29,22.0,2.0,0.0
CDK_Depict_34_75,C1C(=C(C=CC1([N+](=O)[O-])O)SF)I,O=[N+]([O-])c1([N+](=O)[O-])ccc(SF)c(I)c1,O=[N+]([O-])C1(O)C=CC(SF)=C(I)C1,,True,False,False,False,0.0,21,13.0,1.0,1.0
CDK_Depict_34_76,CCCCCCC#[Ce],CCCCCCC#C[Ce],CCCCCC[C]#[Ce],CCCCCCC#[C][Ce],True,True,False,False,0.5454545454545454,1,8.0,0.0,0.0
CDK_Depict_34_77,CCCCO[Si](CC(COC1=CNC(=O)N1)O)(OCCCC)OCCCC,CCCCO[Si](C)(CC(O)COc1c[Nh]C(=O)[NH2+]1)OCCCC,CCCCO[Si](CC(O)COc1c[nH]c(=O)[nH]1)(OCCCC)OCCCC,CCCCO[Si](C)(CC(O)COC1=[CH][Nh][C](=O)[NH2+]1)OCCCC,True,True,False,False,0.423728813559322,21,27.0,1.0,1.0
CDK_Depict_34_78,[CH2-]CP=[Rh],[Tc]C([Tc])CP=[Rn],[CH2-]C[P]=[Rh],,True,False,False,False,0.0,9,4.0,0.0,1.0
CDK_Depict_34_79,CO[C@H]1C2[C@@H]([C@@H]2[I-]C)CO1,[H][C@@]12CO[C@@H](OC)C1[C@H]2*C,CO[C@@H]1OC[C@H]2C1[C@H]2[I-]C,C*[C@@H]1C2[C@H](OC)OC[C@H]21,True,True,False,False,0.5,19,10.0,2.0,4.0
CDK_Depict_34_80,C(OC#N)SSOC#N,N#COCSSOC#N,N#COCSSOC#N,N#COCSSOC#N,True,True,True,True,1.0,6,9.0,0.0,0.0
CDK_Depict_34_81,C[C@H](CCC1=C(SC2=C(S1)C(=CC=C2)Br)I)N,C[C@@H]([NH3+])CCc1Sc2c(Br)cccc2SC1I,C[C@@H](N)CCC1=C(I)Sc2cccc(Br)c2S1,C[C@@H]([NH3+])CCC1Sc2c(Br)cccc2SC1I,True,True,False,False,0.37037037037037035,29,17.0,2.0,1.0
CDK_Depict_34_82,C1CCC(CC1)N(C(=O)N)S(=O)(=O)C2CNCCO2,*C(=O)N(C1CC2CC(C2)C1)S(=O)(=O)C1CNCCO1,NC(=O)N(C1CCCCC1)S(=O)(=O)C1CNCCO1,*C(=O)N(C1CC2CC(C2)C1)S(=O)(=O)C1CNCCO1,True,True,False,False,0.5416666666666666,17,19.0,2.0,1.0
CDK_Depict_34_83,C1NC2=CC=CC=C2NCP1(=S)C3=CC=CC=C3,S=P1(C2=CC=CC=C2)C[NH2+]c2ccccc2[NH2+]C1,S=P1(c2ccccc2)CNc2ccccc2NC1,S=P1(c2ccccc2)C[NH2+]c2ccccc2[NH2+]C1,True,True,False,False,0.45161290322580644,26,18.0,3.0,0.0
CDK_Depict_34_84,C(C(=[Ni])S)S,*CC([Si])=[Ni],SC[C](S)=[Ni],*C[C]([Si])=[Ni],True,True,False,False,0.23529411764705882,9,5.0,0.0,0.0
CDK_Depict_34_85,C[N+]1(C=CC(=C1)N)N,*[N+]1(C)ccc([NH2+])c1,C[N+]1(N)C=CC(N)=C1,*[N+]1(C)C=CC([NH2+])=C1,True,True,False,False,0.2857142857142857,13,8.0,1.0,1.0
CDK_Depict_34_86,COCC(N=C=O)[SiH](OC)OC,COCC(N=C=O)[SiH](OC)OC,COCC(N=C=O)[SiH](OC)OC,COCC(N=C=O)[SiH](OC)OC,True,True,True,True,1.0,0,12.0,0.0,1.0
CDK_Depict_34_87,C=[O+]CC(=N)[O-],C=[O+]CC(=N)[O-],C=[O+]CC(=N)[O-],C=[O+]CC(=N)[O-],True,True,True,True,1.0,0,6.0,0.0,0.0
CDK_Depict_34_88,CC(=O)NC1=NCC(S1)S(=O)(=O)NCC2=CC=C(C=C2)N=C(N)N,CC(=O)Nc1ncc(S(=O)(=O)NCc2ccc(N=C([NH3+])C[NH3+])cc2)s1,CC(=O)NC1=NCC(S(=O)(=O)NCc2ccc(N=C(N)N)cc2)S1,CC(=O)Nc1ncc(S(=O)(=O)NCc2ccc(N=C([NH3+])C[NH3+])cc2)s1,True,True,False,False,0.39436619718309857,32,24.0,2.0,1.0
CDK_Depict_34_89,C1N(N2N(N1[N+](=O)O)N(N(N2[N+](=O)O)[N+](=O)O)[N+](=O)O)[N+](=O)O,O=[N+]([O-])N1CN([N+](=O)O)N2N1N([N+](=O)[O-])N([N+](=O)[O-])N2[N+](=O)[O-],O=[N+](O)N1CN([N+](=O)O)n2n1n([N+](=O)O)n([N+](=O)O)n2[N+](=O)O,O=[N+]([O-])N1CN([N+](=O)O)n2n1n([N+](=O)[O-])n([N+](=O)[O-])n2[N+](=O)[O-],True,True,False,False,0.5925925925925926,33,23.0,2.0,0.0
CDK_Depict_34_90,C([Si])([Si])([Si])P,CC([SiH3])([SiH3])[SiH3],[Si]C([Si])([Si])P,CC([SiH3])([SiH3])[SiH3],True,True,False,False,0.09090909090909091,9,5.0,0.0,0.0
CDK_Depict_34_91,C1=CC=C(C=C1)CC[N+](O)([O-])OOC(=O)C2=CC=CC=C2,ON(CCc1ccccc1)OOC(=s)c1ccC=CC1,O=C(OO[N+]([O-])(O)CCc1ccccc1)c1ccccc1,,True,False,False,False,0.0,32,21.0,2.0,1.0
CDK_Depict_34_92,C1CN2C(N1)NSC2=S,S=C1SNc2[NH+]CCN12,S=C1SNC2NCCN12,S=C1SNC2[NH+]CCN12,True,True,False,False,0.4411764705882353,13,9.0,2.0,1.0
CDK_Depict_34_93,C1=[Si]P1,[H]1=S=C1,C1=[Si]P1,,True,False,False,False,0.0,7,3.0,1.0,1.0
CDK_Depict_34_94,C1=CC=C(C=C1)S(=O)CNP(=S)(N)O,*P(*)(=S)NCS(=O)c1ccccC1,NP(O)(=S)NCS(=O)c1ccccc1,,True,False,False,False,0.0,23,14.0,1.0,2.0
CDK_Depict_34_95,[2H]C(=[B])C,CC(C)=O,[2H]C(=[B])C,CC(C)=O,True,True,False,False,0.07692307692307693,10,4.0,0.0,0.0
CDK_Depict_34_96,CC#C[Al](C)C,CC#C[AlH](C)C,CC#[C][Al]([CH3])[CH3],,True,False,False,False,0.0,1,6.0,0.0,0.0
CDK_Depict_34_97,C(C(=NCO)[O-])Cl,CC([O-])=NC[OH4].Cl,[O-]C(CCl)=NCO,,True,False,False,False,0.0,11,7.0,0.0,0.0
CDK_Depict_34_98,CS(C)(C#C)Cl,C#CS(C)(Cl)Cl,C#CS(C)(C)Cl,C#CS(C)(Cl)Cl,True,True,False,False,0.6923076923076923,4,6.0,0.0,0.0
CDK_Depict_34_99,C=CCSC(C=C)N(OC(=O)N)OC(=O)N,*C(=O)ON(OC(*)=O)C(C=C)SCC=C,C=CCSC(C=C)N(OC(N)=O)OC(N)=O,*C(=O)ON(OC(*)=O)C(C=C)SCC=C,True,True,False,False,0.71875,20,16.0,0.0,1.0
CDK_Depict_34_100,CC1=NC=C(C=N1)N2CCOCS2(=O)=O,Cc1ncc(N2CCOCS2(=O)=O)cn1,Cc1ncc(N2CCOCS2(=O)=O)cn1,Cc1ncc(N2CCOCS2(=O)=O)cn1,True,True,True,True,1.0,15,15.0,2.0,0.0
CDK_Depict_35_1,C1C=CC=C(C1=O)OCC2=NC=NO2,O=C1CCccc1CCc1s*cs1,O=C1CC=CC=C1OCc1ncno1,,True,False,False,False,0.0,19,14.0,2.0,0.0
CDK_Depict_35_2,CPCC1CN(CCN(CCN(CCN1CCN=O)CCN=O)CC(=O)N)CC(=O)N,*=NCCN(CCN(CCC)CC(N)=O)CCN(CCN=*)C(CPC)CN(CC(N)=O)CC(N)=O.*=[W]C,CPCC1CN(CC(N)=O)CCN(CC(N)=O)CCN(CCN=O)CCN1CCN=O,*=NCCN(CCN(CCC)CC(N)=O)CCN(CCN=*)C(CPC)CN(CC(N)=O)CC(N)=O.[*]=[W][CH3],True,True,False,False,0.16883116883116883,35,31.0,1.0,2.0
CDK_Depict_35_3,C1=CC=C(C=C1)C=NCC#CC2=COC(=C2)F,FC1=CC(C#CCN=Cc2ccC=CC2)=CC1,Fc1cc(C#CCN=Cc2ccccc2)co1,,True,False,False,False,0.0,19,17.0,2.0,0.0
CDK_Depict_35_4,CC#CP[SiH3],CC#CC.P.[SH-],CC#CP[SiH3],CC#CC.P.[SH-],True,True,False,False,0.26666666666666666,5,5.0,0.0,2.0
CDK_Depict_35_5,[B]C1C(=O)N1,Cc1cc1C,[B]C1NC1=O,,True,False,False,False,0.0,11,5.0,1.0,1.0
CDK_Depict_35_7,C1CN(CCN1)NNC2=CC=NC=C2,NC1=CC=NC=C1.NN1CCNCC1,c1cc(NNN2CCNCC2)ccn1,NN1CCNCC1.Nc1ccncc1,True,True,False,False,0.4444444444444444,14,14.0,2.0,0.0
CDK_Depict_35_8,COC1=C(C=NO1)C(CN)C(=O)O,COC1CNcc1C(CN)C(=O)O,COc1oncc1C(CN)C(=O)O,COC1CNC=C1C(CN)C(=O)O,True,True,False,False,0.3673469387755102,7,13.0,1.0,1.0
CDK_Depict_35_9,C1C(C(C(=C1N(OC(=O)O)OC(=O)O)O)O)O,CCCN(CC(=O)[O-])C1CC(O)C(C)C1O,O=C(O)ON(OC(=O)O)C1=C(O)C(O)C(O)C1,CCCN(CC(=O)[O-])C1CC(O)C(C)C1O,True,True,False,False,0.15384615384615385,20,17.0,1.0,2.0
CDK_Depict_35_10,C[Al](N(C1=CC(=C(C(=C1F)F)F)F)F)N(C2=CC(=C(C(=C2F)F)F)F)F,CC1=C(F)C(F)=C(F)C(N(F)[Al](C)N(F)C2=CC(F)=C(F)C(F)=C2F)=C1,[CH3][Al]([N](F)c1cc(F)c(F)c(F)c1F)[N](F)c1cc(F)c(F)c(F)c1F,Cc1cc([N](F)[Al]([CH3])[N](F)c2cc(F)c(F)c(F)c2F)c(F)c(F)c1F,True,True,False,False,0.8214285714285714,37,26.0,2.0,0.0
CDK_Depict_35_11,C(OC(C(F)Cl)(F)F)ON(C(F)(F)F)C(F)(F)F,CC(C)C(C)(C)CCCN(C(C)(C)C)C(C)(C)C,FC(Cl)C(F)(F)OCON(C(F)(F)F)C(F)(F)F,CC(C)C(C)(C)CCCN(C(C)(C)C)C(C)(C)C,True,True,False,False,0.0975609756097561,16,18.0,0.0,1.0
CDK_Depict_35_12,CCOOC(C(=O)O)(OCC1CC1)OCC2=NC=CS2,C=C=C=C=C=C=C(CC1CC1)C(C=O)(CCCC)CCC1=NC=CC1,CCOOC(OCc1nccs1)(OCC1CC1)C(=O)O,C=C=C=C=C=C=C(CC1CC1)C(C=O)(CCCC)CCC1=NC=CC1,True,True,False,False,0.16470588235294117,26,20.0,2.0,1.0
CDK_Depict_35_13,C=COSCl,C=CC.CC.CC,C=COSCl,C=CC.CC.CC,True,True,False,False,0.17647058823529413,6,5.0,0.0,0.0
CDK_Depict_35_15,CC(=O)C(C)(C)CP(C)SSC1=CC=CC=N1,CC1=CC=CC=C1.CCC.CCC(C)(C)C(C)C,CC(=O)C(C)(C)CP(C)SSc1ccccn1,CCC.CCC(C)(C)C(C)C.Cc1ccccc1,True,True,False,False,0.19607843137254902,22,17.0,1.0,1.0
CDK_Depict_35_16,C(=S)(N)P,CC(N)O,NC(P)=S,CC(N)O,True,True,False,False,0.14285714285714285,5,4.0,0.0,0.0
CDK_Depict_35_17,CC(N)/N=C\NC1=C(C=C(CC1)N)OC(F)(F)F,CC(C)[U]=CCC1CCC([V])CC1CC(F)(F)F,CC(N)/N=C\NC1=C(OC(F)(F)F)C=C(N)CC1,C[CH](C)[U]=[CH]CC1CC[CH]([V])CC1CC(F)(F)F,True,True,False,False,0.13846153846153847,16,18.0,1.0,1.0
CDK_Depict_35_18,S(Cl)(Cl)(Cl)(Cl)(Cl)Cl,C.C.C.CC.CC,ClS(Cl)(Cl)(Cl)(Cl)Cl,C.C.C.CC.CC,True,True,False,False,0.0,17,7.0,0.0,0.0
CDK_Depict_35_19,C(=O)(Cl)[Ge],CC(C)C,O=[C](Cl)[Ge],CC(C)C,True,True,False,False,0.0,9,4.0,0.0,0.0
CDK_Depict_35_20,C(Cl)[Ge](Cl)Cl,CC.CC.CCC,Cl[CH2][Ge]([Cl])[Cl],CC.CC.CCC,True,True,False,False,0.08333333333333333,11,5.0,0.0,0.0
CDK_Depict_35_21,CC1CC(CO1)C(=O)N=C=S,C=NC(=C)C1CCC(C)C1,CC1CC(C(=O)N=C=S)CO1,C=NC(=C)C1CCC(C)C1,True,True,False,False,0.225,14,11.0,1.0,2.0
CDK_Depict_35_23,COP([N+]#[C-])[N+]#[C-],C#[N+]P(OC)[V+]#C,[C-]#[N+]P([N+]#[C-])OC,C#[N+][P](OC)[V+]#[CH],True,True,False,False,0.25,12,7.0,0.0,0.0
CDK_Depict_35_24,CC[Al-](CC)(CC)F,CC.CCC.CCC,C[CH2][Al-]([F])([CH2]C)[CH2]C,CC.CCC.CCC,True,True,False,False,0.25,10,8.0,0.0,0.0
CDK_Depict_35_25,C1C=N[N+](=S)S1,CC.CCCCC,S=[N+]1N=CCS1,CC.CCCCC,True,True,False,False,0.0,13,6.0,1.0,0.0
CDK_Depict_35_26,CC(=O)C1C(=CNC1=O)O,C=C(C)C1C(=C)NC=C1C,CC(=O)C1C(=O)NC=C1O,C=C(C)C1C(=C)NC=C1C,True,True,False,False,0.2777777777777778,8,10.0,1.0,1.0
CDK_Depict_35_27,C(=S(N)Cl)(Cl)Cl,*C(=C)C.CCN,NS(Cl)=C(Cl)Cl,*C(=C)C.CCN,True,True,False,False,0.15,10,6.0,0.0,1.0
CDK_Depict_35_28,CC(O)SSSC(C)O,CC(O)CCCC(C)O,CC(O)SSSC(C)O,CC(O)CCCC(C)O,True,True,False,False,0.2631578947368421,3,9.0,0.0,2.0
CDK_Depict_35_29,C[C@H](COS#P)C#C,C#C[C@H](C)CO[SH](=C)=O,C#C[C@H](C)COS#P,C#C[C@H](C)CO[SH](=C)=O,True,True,False,False,0.41935483870967744,12,8.0,0.0,1.0
CDK_Depict_35_31,[2H][P+](=S)C,CC.CC.[OH-]=S,[2H][P+](C)=S,,True,False,False,False,0.0,12,4.0,0.0,1.0
CDK_Depict_35_32,C1[C@@H](CSO1)C(=O)O,CCC1CCCC1,O=C(O)[C@H]1COSC1,CCC1CCCC1,True,True,False,False,0.06451612903225806,15,8.0,1.0,1.0
CDK_Depict_35_33,CC(C)C1C(C(NCS1)N(C)C)(C)C,CC(C)C1SCNC(N(C)C)C1(C)C,CC(C)C1SCNC(N(C)C)C1(C)C,CC(C)C1SCNC(N(C)C)C1(C)C,True,True,True,True,1.0,8,14.0,1.0,2.0
CDK_Depict_35_34,C1OOC=CP1,C=C1CCCCO1,C1=CPCOO1,C=C1CCCCO1,True,True,False,False,0.06666666666666667,6,6.0,1.0,1.0
CDK_Depict_35_35,CC1CN=C(N1)I,CC(C)=*CC(C)N,CC1CN=C(I)N1,CC(C)=*CC(C)N,True,True,False,False,0.02857142857142857,7,7.0,1.0,1.0
CDK_Depict_35_37,C(=NF)NF,CNC=N,FN=CNF,CNC=N,True,True,False,False,0.10526315789473684,5,5.0,0.0,0.0
CDK_Depict_35_38,COC1(C=CC(C=C1)(OC)OC)N2C=CC=C2,CCC1(C)C=CC(CC)(OC)C=C1,COC1(OC)C=CC(OC)(n2cccc2)C=C1,CCC1(C)C=CC(CC)(OC)C=C1,True,True,False,False,0.2,14,17.0,2.0,0.0
CDK_Depict_35_40,C1=CC=C(C=C1)C=C2NNN=[N+]2[S-],[S-][N+]1=***C1=Cc1ccccc1,[S-][N+]1=NNNC1=Cc1ccccc1,[S-][N+]1=***C1=Cc1ccccc1,True,True,False,False,0.358974358974359,27,13.0,2.0,0.0
CDK_Depict_35_41,C(=O)(N(C(=O)F)C(=O)F)F,C=C(C)C.C=C(C)CC(=C)C,O=C(F)N(C(=O)F)C(=O)F,C=C(C)C.C=C(C)CC(=C)C,True,True,False,False,0.10526315789473684,15,10.0,0.0,0.0
CDK_Depict_35_42,CP1CC2CCCC2C1C3=CC=CP3,CC(C1=CC=CO1)C1CCCC1.Cc1cccc1,CP1CC2CCCC2C1c1ccc[pH]1,,True,False,False,False,0.0,19,14.0,3.0,5.0
CDK_Depict_35_43,C(C(=O)Br)[N+](=O)[O-],C=C(C)CC,O=C(Br)C[N+](=O)[O-],C=C(C)CC,True,True,False,False,0.08333333333333333,18,7.0,0.0,0.0
CDK_Depict_35_44,CC(CC(=O)O)[N+](CC(=O)O)(CC(=O)O)O,C=C(C)CN(CC(=O)O)C(C)CC(C)=O,CC(CC(=O)O)[N+](O)(CC(=O)O)CC(=O)O,C=C(C)CN(CC(=O)O)C(C)CC(C)=O,True,True,False,False,0.2631578947368421,17,16.0,0.0,1.0
CDK_Depict_35_45,C(NC(=S)N)P=O,CC=[PH]CNC(N)=S,NC(=S)NCP=O,CC=[PH]CNC(N)=S,True,True,False,False,0.3448275862068966,12,7.0,0.0,1.0
CDK_Depict_35_46,[B](OC[Si](C)(C)C)OC[Si](C)(C)C,CCCSCCC(C)(C)C,C[Si](C)(C)CO[B]OC[Si](C)(C)C,CCCSCCC(C)(C)C,True,True,False,False,0.06896551724137931,19,13.0,0.0,0.0
CDK_Depict_35_47,[B](CCOC(=O)C=C)P=N,C=CC(=O)CCCC.CC.N,C=CC(=O)OCC[B]P=N,C=CC(=O)CCCC.CC.N,True,True,False,False,0.20512820512820512,12,10.0,0.0,1.0
CDK_Depict_35_48,CC(=O)N=C(P(=O)(OC)OC)[Se]C,C=C([Co]C)[O-](=C)(C)CC.CCC,COP(=O)(OC)C(=NC(C)=O)[Se]C,,True,False,False,False,0.0,19,13.0,0.0,0.0
CDK_Depict_35_49,CNC(C=S)N,C=CC(C)N.CC,CNC(N)C=S,C=CC(C)N.CC,True,True,False,False,0.22727272727272727,7,6.0,0.0,1.0
CDK_Depict_35_50,CC(C)(C)C1=C(C2=C(C=C1)PC3=CC=CC=C3C2=O)C(C)(C)C,CC(C)(C)c1ccc2c(c1C(C)(C)C)Cc1ccccc1C2,CC(C)(C)c1ccc2[pH]c3ccccc3c(=O)c2c1C(C)(C)C,CC(C)(C)c1ccc2c(c1C(C)(C)C)Cc1ccccc1C2,True,True,False,False,0.3333333333333333,30,23.0,3.0,1.0
CDK_Depict_35_51,CC1=CN=C2C(=N1)NNC(=N2)SC,CCC(C)=N/C(=N/NC(=N)NC)C(C)=N,CSC1=Nc2ncc(C)nc2NN1,CCC(C)=N/C(=N/NC(=N)NC)C(C)=N,True,True,False,False,0.017857142857142856,16,13.0,2.0,0.0
CDK_Depict_35_52,O([Si]OCl)Cl,CC.CC.CCC,ClO[Si]OCl,CC.CC.CCC,True,True,False,False,0.0,10,5.0,0.0,0.0
CDK_Depict_35_53,CNC(=O)C1CS1(C)N=O,C=NS1(C)CC1C(=O)NC,CNC(=O)C1CS1(C)N=O,C=NS1(C)CC1C(=O)NC,True,True,False,False,0.6896551724137931,12,10.0,1.0,2.0
CDK_Depict_35_54,C(#CC(=O)NN)C(=O)NN,*.*.*.CC#CC(=O)NC,NNC(=O)C#CC(=O)NN,*.*.*.CC#CC(=O)NC,True,True,False,False,0.30434782608695654,13,10.0,0.0,0.0
CDK_Depict_35_55,CNN(C)OO,CNNCO,CNN(C)OO,CNNCO,True,True,False,False,0.18181818181818182,3,6.0,0.0,0.0
CDK_Depict_35_56,[3H]B(P)I,CC.CC.CC.CC.CC.CC.CC.CC.CC,[3H]B(P)I,CC.CC.CC.CC.CC.CC.CC.CC.CC,True,True,False,False,0.0,26,4.0,0.0,0.0
CDK_Depict_35_57,CC(C)(C)C1=C=C(P(C(=P1)C(C)(C)C)C(C)(C)C)C(C)(C)C,CC(C)(C)C.CC(C)(C)C.CC(CC(C)C(C)(C)C)C(C)(C)C,CC(C)(C)C1=C=C(C(C)(C)C)P(C(C)(C)C)C(C(C)(C)C)=P1,CC(C)(C)C.CC(C)(C)C.CC(CC(C)C(C)(C)C)C(C)(C)C,True,True,False,False,0.08571428571428572,13,22.0,1.0,2.0
CDK_Depict_35_58,O=S(OS)OS,CCS(=O)OS.S.[HH],O=S(OS)OS,CCS(=O)OS.S.[HH],True,True,False,False,0.35,11,6.0,0.0,0.0
CDK_Depict_35_60,[2H]C([2H])(CCCC)N(CCN1CCOCC1)CC(=O)N,CCCCCCCCCN(CCN)C(C)(C)CCCC,[2H]C([2H])(CCCC)N(CCN1CCOCC1)CC(N)=O,CCCCCCCCCN(CCN)C(C)(C)CCCC,True,True,False,False,0.18518518518518517,22,20.0,1.0,0.0
CDK_Depict_35_61,[C-](=O)O[SnH],C=C=O.CC,O=[C-][O][SnH],C=C=O.CC,True,True,False,False,0.0625,11,4.0,0.0,0.0
CDK_Depict_35_62,COC1(C(=O)C(=NC#N)C(=NC#N)C(=O)C1(OC)OC)OC,C#CCC1C(=O)C(OC)(OC)C(OC)(OC)C(=O)C1NCC,COC1(OC)C(=O)C(=NC#N)C(=NC#N)C(=O)C1(OC)OC,C#CCC1C(=O)C(OC)(OC)C(OC)(OC)C(=O)C1NCC,True,True,False,False,0.24444444444444444,23,22.0,1.0,0.0
CDK_Depict_35_63,CCP=C=S,C=C.CCC.CCC,CCP=C=S,C=C.CCC.CCC,True,True,False,False,0.1875,8,5.0,0.0,1.0
CDK_Depict_35_64,[B]C(C(=O)N)(F)F,CC(C)=O,[B]C(F)(F)C(N)=O,CC(C)=O,True,True,False,False,0.1875,11,7.0,0.0,0.0
CDK_Depict_35_65,B([O-])(OC)Br,CC.CC.CC,COB([O-])Br,CC.CC.CC,True,True,False,False,0.08333333333333333,12,5.0,0.0,0.0
CDK_Depict_35_66,N[SiH]([SiH3])Cl,CC.CC,N[SiH]([SiH3])Cl,CC.CC,True,True,False,False,0.0,15,4.0,0.0,2.0
CDK_Depict_35_67,CC1CNP(O1)CCl,CC(C)CNO.CCC,CC1CNP(CCl)O1,CC(C)CNO.CCC,True,True,False,False,0.05714285714285714,7,8.0,1.0,2.0
CDK_Depict_35_68,C=C\1CCCC/C1=C/N2C=CC=CC2=O,C=C1C=CCCC1.CCCCCCC,C=C1CCCC/C1=C/n1ccccc1=O,C=C1C=CCCC1.CCCCCCC,True,True,False,False,0.14583333333333334,12,15.0,2.0,0.0
CDK_Depict_35_69,C1=NON=C1C(C(=O)O)N,*C(C(=O)O)c1*C(=C=C=C=C=C=C)*=C1,NC(C(=O)O)c1cnon1,*C(C(=O)O)C1*C(=C=C=C=C=C=C)*=C1,True,True,False,False,0.15384615384615385,23,10.0,1.0,1.0
CDK_Depict_35_70,CC(=O)NC(C)(C[Se][Se]CC(C)(C(=O)OC)NC(=O)C)C(=O)OC,C=C(C)C(C)(C[Se][Se]CC(C)(NC(C)C)C(=C)C)CC(C)C.CC.CC,COC(=O)C(C)(C[Se][Se]CC(C)(NC(C)=O)C(=O)OC)NC(C)=O,C=C(C)C(C)(C[Se][Se]CC(C)(NC(C)C)C(=C)C)CC(C)C.CC.CC,True,True,False,False,0.28888888888888886,19,24.0,0.0,2.0
CDK_Depict_35_71,CCN(C)N(CC)C(=N)/C(=N\NC1=NC=CS1)/C=O,C=CC(=N)C(=N)N(CC)N(C)C.CNc1nccS1,CCN(C)N(CC)C(=N)/C(C=O)=N\Nc1nccs1,C=CC(=N)C(=N)N(CC)N(C)C.CNc1nccs1,True,True,False,False,0.46551724137931033,24,19.0,1.0,0.0
CDK_Depict_35_72,N(S(=O)O)(Br)Br,CC.CCCC,O=S(O)N(Br)Br,CC.CCCC,True,True,False,False,0.0,15,6.0,0.0,1.0
CDK_Depict_35_74,[3H][B]B([3H])P=S,*C.*C.C=C,[3H][B]B([3H])P=S,*C.*C.C=C,True,True,False,False,0.0,16,6.0,0.0,1.0
CDK_Depict_35_75,C(#N)S[Sn],CC.CC.CCC,N#C[S][Sn],CC.CC.CCC,True,True,False,False,0.0,9,4.0,0.0,0.0
CDK_Depict_35_76,CCCC(C(OC(=O)C)Br)S(F)(F)(F)(F)F,CCCC(C(C)C)[SH](C)(C)C,CCCC(C(Br)OC(C)=O)S(F)(F)(F)(F)F,CCCC(C(C)C)[SH](C)(C)C,True,True,False,False,0.18421052631578946,16,16.0,0.0,2.0
CDK_Depict_35_77,C[SiH](C)C1(CCCCO1)OC(=O)OC2(CCCCO2)[SiH](C)C,CC(=O)CC1([SiH](C)C)CCCCO1.C[SiH](C)C1(C)CCCCO1,C[SiH](C)C1(OC(=O)OC2([SiH](C)C)CCCCO2)CCCCO1,CC(=O)CC1([SiH](C)C)CCCCO1.C[SiH](C)C1(C)CCCCO1,True,True,False,False,0.3953488372093023,32,22.0,2.0,2.0
CDK_Depict_35_78,C1[C@@]23N1[C@@H]2O3,CC12CCCC1(C)C2,C1N2[C@@H]3O[C@@]132,CC12CCCC1(C)C2,True,True,False,False,0.08695652173913043,15,5.0,3.0,3.0
CDK_Depict_35_79,C(=S(=O)(N)O)C(F)(F)F,CC.CC.CC.CC.CC.CC.CC.CC.CC.CC.CC.CC.CC.CC.CC.CC(C)(C)C,NS(=O)(O)=CC(F)(F)F,CC.CC.CC.CC.CC.CC.CC.CC.CC.CC.CC.CC.CC.CC.CC.CC(C)(C)C,True,True,False,False,0.047619047619047616,48,9.0,0.0,1.0
CDK_Depict_35_80,CCC([Si](OCC)(OCC)OCC)SS(=S)(=S)C(CC)[Si](OCC)(OCC)OCC,CCCCC.CCC[S+](CCC)(CCC)C(S)CC.CCO[SH](C)C(CC)S(C)(=S)=S,CCO[Si](OCC)(OCC)C(CC)SS(=S)(=S)C(CC)[Si](OCC)(OCC)OCC,CCCCC.CCC[S+](CCC)(CCC)C(S)CC.CCO[SH](C)C(CC)S(C)(=S)=S,True,True,False,False,0.2,33,30.0,0.0,2.0
CDK_Depict_35_81,[B](C#C)S,C=CC.CC.CC,C#C[B]S,C=CC.CC.CC,True,True,False,False,0.0,9,4.0,0.0,0.0
CDK_Depict_35_82,CC#CC#C/C(=C/C=C(/C#C[Si](C)(C)C)\SCC1=CC=CC=C1)/SCC2=CC=CC=C2,CC#CC#C/C(=C/C=C(\C#C*(C)(C)C)CCC1ccccc1)CCC1ccccc1,CC#CC#C/C(=C/C=C(/C#C[Si](C)(C)C)SCc1ccccc1)SCc1ccccc1,,True,False,False,False,0.0,26,31.0,2.0,0.0
CDK_Depict_35_83,[B]P(F)P,CC.CC.CC,[B]P(F)P,CC.CC.CC,True,True,False,False,0.0,8,4.0,0.0,1.0
CDK_Depict_35_85,CS(C)(COOO)O,CC.CCC[SH](C)(C)O,CS(C)(O)COOO,CC.CCC[SH](C)(C)O,True,True,False,False,0.1111111111111111,11,8.0,0.0,0.0
CDK_Depict_35_86,CC(C[N+](=O)[O-])N(C)C(=O)CSC(=O)C,**(=C)CC*(C)CCCC(C)=O,CC(=O)SCC(=O)N(C)C(C)C[N+](=O)[O-],**(=C)CC*(C)CCCC(C)=O,True,True,False,False,0.11764705882352941,23,15.0,0.0,1.0
CDK_Depict_35_88,[B]C(=O)S,CC.CC.CCC,[B]C(=O)S,CC.CC.CCC,True,True,False,False,0.0,8,4.0,0.0,0.0
CDK_Depict_35_89,C1CCON(C1)CC2=CC=C(O2)Br,CC.ClC1=CC=C(CN2CCCCC2)C1,Brc1ccc(CN2CCCCO2)o1,CC.ClC1=CC=C(CN2CCCCC2)C1,True,True,False,False,0.2127659574468085,16,13.0,2.0,0.0
CDK_Depict_35_90,C1CN2CCN3CCN1C[Ga](C2)C3,CCC.CCC.CCCCC,C1CN2CCN3CCN1[CH2][Ga]([CH2]2)[CH2]3,CCC.CCC.CCCCC,True,True,False,False,0.0,15,13.0,3.0,3.0
CDK_Depict_35_91,CNC(=O)/C=C/C=N\NC,CC.CC.CC=C/C=C/C=N,CN/N=C\C=C\C(=O)NC,CC.CC.CC=C/C=C/C=N,True,True,False,False,0.09090909090909091,11,10.0,0.0,0.0
CDK_Depict_35_92,C[Si]([SiH3])P,CC.CC.CC.CC,C[Si]([SiH3])P,CC.CC.CC.CC,True,True,False,False,0.1111111111111111,13,4.0,0.0,1.0
CDK_Depict_35_93,CNCC(=O)C1=C(SN=N1)Br,CC=C(CC)CC.CCCCC,CNCC(=O)c1nnsc1Br,CC=C(CC)CC.CCCCC,True,True,False,False,0.10256410256410256,15,11.0,1.0,0.0
CDK_Depict_35_94,C1=C(NSS1=S)N,C=S1CC(N)=NS1,NC1=CS(=S)SN1,C=S1CC(N)=NS1,True,True,False,False,0.15151515151515152,9,7.0,1.0,1.0
CDK_Depict_35_95,CCCCN(CCCC)CC1C(=NC2=CC=CC=C2)C(=CC=N1)Cl,CCC(C)CC.CCCCCCC1N=CC=C(Cl)C1=NC1=CC=CC=C1,CCCCN(CCCC)CC1N=CC=C(Cl)C1=Nc1ccccc1,CCC(C)CC.CCCCCCC1N=CC=C(Cl)C1=Nc1ccccc1,True,True,False,False,0.6111111111111112,21,24.0,2.0,1.0
CDK_Depict_35_96,[2H]B(C)[P+](=O)PF,CC.CC.CC.CC.CC.CC,[2H]B(C)[P+](=O)PF,CC.CC.CC.CC.CC.CC,True,True,False,False,0.05555555555555555,17,7.0,0.0,2.0
CDK_Depict_35_97,C[O+]=C1C=CC(=C(C(=O)C#CC2=CC=CC=C2)N=N)C=C1,CCC1CCC(=C(N=N)C(=O)C#CC2=CCCC=C2)CC1,C[O+]=C1C=CC(=C(N=N)C(=O)C#Cc2ccccc2)C=C1,CCC1CCC(=C(N=N)C(=O)C#CC2=CCCC=C2)CC1,True,True,False,False,0.31746031746031744,16,21.0,2.0,0.0
CDK_Depict_35_98,C1=C[N-]C=NC1=[Si+],*.*.*.C1=[W]CCC[W]1,[Si+]=C1C=C[N-]C=N1,*.*.*.[CH]1=[W][CH2]C[CH2][W]1,True,True,False,False,0.03125,17,7.0,1.0,0.0
CDK_Depict_35_99,C1COC(=O)C1[As]C(=O)CO[N+](=O)OCC(=O)[As]C2CCOC2=O,CCC(C)CC1CCCC1=O.CCC1CCCC1,O=C(CO[N+](=O)OCC(=O)[As]C1CCOC1=O)[As]C1CCOC1=O,CCC(C)CC1CCCC1=O.CCC1CCCC1,True,True,False,False,0.12280701754385964,34,24.0,2.0,4.0
CDK_Depict_35_100,C(N)(Cl)I,CC.CC.CCC,NC(Cl)I,CC.CC.CCC,True,True,False,False,0.0,8,4.0,0.0,1.0
CDK_Depict_36_1,CN/C(=C(/NCC1=CC=C(C=C1)Cl)\O)/N=C2CC2,Cc1ccc(CN/C(OOOOOOOOOOOOOO)=C(\N)N=C2CCC2)cc1,CN/C(N=C1CC1)=C(\O)NCc1ccc(Cl)cc1,Cc1ccc(CN/C(OOOOOOOOOOOOOO)=C(\N)N=C2CCC2)cc1,True,True,False,False,0.31666666666666665,33,18.0,2.0,0.0
CDK_Depict_36_2,C1=C[N+](=O)N=N1,C/C=C\[n+](=O)[n+]=N,O=[N+]1C=CN=N1,,True,False,False,False,0.0,9,6.0,1.0,0.0
CDK_Depict_36_3,C(=[Pd])NNN,**[NH2+]C=C,NNN[CH]=[Pd],**[NH2+]C=C,True,True,False,False,0.041666666666666664,11,5.0,0.0,0.0
CDK_Depict_36_4,B(C)(N)Cl,C[2H](N)Cl,CB(N)Cl,,True,False,False,False,0.0,5,4.0,0.0,0.0
CDK_Depict_36_5,CP(=O)=[Pd],C=CC.CC,C[P](=O)=[Pd],C=CC.CC,True,True,False,False,0.07142857142857142,9,4.0,0.0,1.0
CDK_Depict_36_6,CC1(C=CNO1)NC=O,C=CNC1(C)C=CNO1,CC1(NC=O)C=CNO1,C=CNC1(C)C=CNO1,True,True,False,False,0.6551724137931034,10,9.0,1.0,1.0
CDK_Depict_36_7,B(C([Si](C)(C)C)([Si](C)(C)C)[Si](C)(C)C)(N=[N+]=[N-])N=[N+]=[N-],C[Si](C)(C)C([Si](C)(C)C)([Si](C)(C)C)[Si](C)(C)N=[N+]=N,C[Si](C)(C)C(B(N=[N+]=[N-])N=[N+]=[N-])([Si](C)(C)C)[Si](C)(C)C,C[Si](C)(C)C([Si](C)(C)C)([Si](C)(C)C)[Si](C)(C)N=[N+]=N,True,True,False,False,0.2857142857142857,18,20.0,0.0,0.0
CDK_Depict_36_8,[2H]C(=CC([2H])([2H])O)[2H],[2H]/C(O)=C/C([2H])([2H])O,[2H]C([2H])=CC([2H])([2H])O,[2H]/C(O)=C/C([2H])([2H])O,True,True,False,False,0.3333333333333333,9,8.0,0.0,0.0
CDK_Depict_36_9,CC(CC1OCOCO1)(C=O)[N+](=O)[O-],CC.CCCC(C)CC(C)(C=O)[N+](=O)[O-],CC(C=O)(CC1OCOCO1)[N+](=O)[O-],CC.CCCC(C)CC(C)(C=O)[N+](=O)[O-],True,True,False,False,0.37209302325581395,8,14.0,1.0,1.0
CDK_Depict_36_10,[2H]N=C[B],*N=CC,[2H]N=C[B],*N=CC,True,True,False,False,0.058823529411764705,7,4.0,0.0,0.0
CDK_Depict_36_11,[2H][W](=N)I,C=*(C)C,[2H][W](=[NH])[I],C=*(C)C,True,True,False,False,0.0,10,4.0,0.0,0.0
CDK_Depict_36_12,C1N(CN(C(=O)N1Cl)Cl)Cl,CCN1CN(C)CN(C)C1=O,O=C1N(Cl)CN(Cl)CN1Cl,CCN1CN(C)CN(C)C1=O,True,True,False,False,0.23333333333333334,12,10.0,1.0,0.0
CDK_Depict_36_13,CC(C)(C)[SbH2],CC(C)(C)S,C[C](C)(C)[SbH2],CC(C)(C)S,True,True,False,False,0.3333333333333333,5,5.0,0.0,0.0
CDK_Depict_36_14,C1CCS(C1)(C2CCSC2Cl)Cl,CC1CCCC1C1(C)CCCC1,ClC1SCCC1S1(Cl)CCCC1,CC1CCCC1C1(C)CCCC1,True,True,False,False,0.13157894736842105,12,12.0,2.0,2.0
CDK_Depict_36_15,CCCCCCCCCCCCCC#C[C@@H]([C@@H](C(=O)OCC)O)N=[N+]=[N-],CCCCCCCCCCCCCC#C[C@H](N=[N+]=[N-])[C@H](O)C(=O)OCC,CCCCCCCCCCCCCC#C[C@H](N=[N+]=[N-])[C@H](O)C(=O)OCC,CCCCCCCCCCCCCC#C[C@H](N=[N+]=[N-])[C@H](O)C(=O)OCC,True,True,True,True,1.0,27,26.0,0.0,2.0
CDK_Depict_36_16,CCOC(=O)[C@@H](C)OP(=O)(Cl)Cl,CCOC(=O)[C@@H](C)OP(C)(C)=O,CCOC(=O)[C@@H](C)OP(=O)(Cl)Cl,CCOC(=O)[C@@H](C)OP(C)(C)=O,True,True,False,False,0.6785714285714286,5,12.0,0.0,1.0
CDK_Depict_36_17,C(N)(N=O)I,*C(C)N=C,NC(I)N=O,*C(C)N=C,True,True,False,False,0.1,6,5.0,0.0,1.0
CDK_Depict_36_18,CCOC(C1=CSC=C1COCC(C(F)(F)F)(F)F)(F)F,CCCC(F)(F)c1cSCc1CCCC(F)(F)C(F)(F)F,CCOC(F)(F)c1cscc1COCC(F)(F)C(F)(F)F,,True,False,False,False,0.0,17,21.0,1.0,0.0
CDK_Depict_36_19,CNC(CCCCNC(=O)OC/C=C/1\NNC=NN1)C(C(=O)O)N,CNC(CCCCNC(=O)CCC=C1CNC[14N][14NH]1)C(N)C(=O)O,CNC(CCCCNC(=O)OC/C=C1/NN=CNN1)C(N)C(=O)O,CNC(CCCCNC(=O)CCC=C1CNC[14N][14NH]1)C(N)C(=O)O,True,True,False,False,0.4657534246575342,18,24.0,1.0,2.0
CDK_Depict_36_20,C(C(/C(=N/N)/NSF)O)N,*CC(*)/C(=N/*)NSF,NCC(O)/C(=N/N)NSF,*CC(*)/C(=N/*)NSF,True,True,False,False,0.4117647058823529,10,10.0,0.0,1.0
CDK_Depict_36_21,CSC1(CC1)C2NCCCS2,CSC1(C2CCCCN2)CC1,CSC1(C2NCCCS2)CC1,CSC1(C2CCCCN2)CC1,True,True,False,False,0.47058823529411764,8,11.0,2.0,1.0
CDK_Depict_36_22,C(=C=O)C#CC=C=O,O=C=CC#CC=C=O,O=C=CC#CC=C=O,O=C=CC#CC=C=O,True,True,True,True,1.0,4,8.0,0.0,0.0
CDK_Depict_36_23,O[P+](O)(O)I,Cl[O+]([ClH])([ClH])[ClH],O[P+](O)(O)I,,True,False,False,False,0.0,18,5.0,0.0,0.0
CDK_Depict_36_24,S=S=S=S=[Mo],C=S=S=C=S,S=S=S=[S]=[Mo],C=S=S=C=S,True,True,False,False,0.15,6,5.0,0.0,0.0
CDK_Depict_36_25,CC(C)(C)O[Si](C)(C)ON(C)C,CO[Si](C)(C)CN(C)C,CN(C)O[Si](C)(C)OC(C)(C)C,CO[Si](C)(C)CN(C)C,True,True,False,False,0.21428571428571427,8,12.0,0.0,0.0
CDK_Depict_36_26,C(=C[Al])[Al],*C=CC,[Al][CH]=[CH][Al],*C=CC,True,True,False,False,0.08333333333333333,11,4.0,0.0,0.0
CDK_Depict_36_27,COC(CCBr)(C(F)(F)Br)F,*CCC(C)(OC)C(C)(C)C,COC(F)(CCBr)C(F)(F)Br,*CCC(C)(OC)C(C)(C)C,True,True,False,False,0.22580645161290322,13,11.0,0.0,1.0
CDK_Depict_36_29,CC1=C(PC(=C1C)[Sn]C)C,C*c1cc(C)c(C)c1C,[CH3][Sn][c]1[pH]c(C)c(C)c1C,,True,False,False,False,0.0,15,10.0,1.0,1.0
CDK_Depict_36_30,C=NC(CC(C(F)(F)F)N=C)C(F)(F)F,C=*C(CC(N=C)C(C)(C)C)C(C)(C)C,C=NC(CC(N=C)C(F)(F)F)C(F)(F)F,C=*C(CC(N=C)C(C)(C)C)C(C)(C)C,True,True,False,False,0.35714285714285715,13,15.0,0.0,2.0
CDK_Depict_36_31,C1C(=P)C(=O)OC1=O,C=C1OC(=O)CC1=O,O=C1CC(=P)C(=O)O1,C=C1OC(=O)CC1=O,True,True,False,False,0.36,6,8.0,1.0,0.0
CDK_Depict_36_32,C(CCCCO)CCCC(=[P+]=O)O,CC=C(O)CCCCCCCCC,O=[P+]=C(O)CCCCCCCCO,CC=C(O)CCCCCCCCC,True,True,False,False,0.23333333333333334,13,13.0,0.0,1.0
CDK_Depict_36_34,CC(C)(/C=C/Cl)C#CCl,CC#CC/C=C/C,CC(C)(C#CCl)/C=C/Cl,CC#CC/C=C/C,True,True,False,False,0.0967741935483871,10,9.0,0.0,0.0
CDK_Depict_36_35,C1=C(SC(=N1)NS(=O)[O-])Cl,CC1=CN=C(NC(=O)[O-])S1,O=S([O-])Nc1ncc(Cl)s1,Cc1cnc(NC(=O)[O-])s1,True,True,False,False,0.3,10,10.0,1.0,1.0
CDK_Depict_36_36,CC(C)N1C=CN=NN1,CC(C)C.CC1ccCCC1,CC(C)N1C=CN=NN1,CC(C)C.CC1C=CCCC1,True,True,False,False,0.10810810810810811,9,9.0,1.0,0.0
CDK_Depict_36_37,C1=CSC(=C1NCC2=CC(=NO2)Br)Cl,*c1cC(CNc2c(C)CC=C2)CN1,Clc1sccc1NCc1cc(Br)no1,*C1=CC(CNC2=C(C)CC=C2)CN1,True,True,False,False,0.07692307692307693,20,14.0,2.0,0.0
CDK_Depict_36_38,[2H]C([2H])(C#C)C#C[Si](C)(C)C,C#CC(C)(C)C#C[Si](C)(C)C,[2H]C([2H])(C#C)C#C[Si](C)(C)C,C#CC(C)(C)C#C[Si](C)(C)C,True,True,False,False,0.32142857142857145,10,11.0,0.0,0.0
CDK_Depict_36_39,CC=CC(C=CC)(OS(=O)(=O)O)SO,C=CC(C=CC)(OS(=O)(=O)O)SO,CC=CC(C=CC)(OS(=O)(=O)O)SO,C=CC(C=CC)(OS(=O)(=O)O)SO,True,True,False,False,0.8214285714285714,1,14.0,0.0,1.0
CDK_Depict_36_40,CCCCNOC(=O)N=S(=O)=O,CCCNOC(=O)N=C(=O)=O,CCCCNOC(=O)N=S(=O)=O,,True,False,False,False,0.0,2,12.0,0.0,0.0
CDK_Depict_36_41,CC1=CC=C(C=C1)SC(OC(=O)C)P(=O)(OC)OC,C=[PH](CC)(OC)C(CC(C)=O)Sc1ccc(C)cc1,COP(=O)(OC)C(OC(C)=O)Sc1ccc(C)cc1,,True,False,False,False,0.0,26,19.0,1.0,1.0
CDK_Depict_36_42,C1C2C(CN1)NOCN2,C1CC2NOC[V]C2C1,C1NC2CNCC2NO1,C1CC2NO[CH2][V][CH]2C1,True,True,False,False,0.25,10,9.0,2.0,2.0
CDK_Depict_36_43,C=[SiH]PP,C=CCC,C=[SiH]PP,C=CCC,True,True,False,False,0.058823529411764705,7,4.0,0.0,1.0
CDK_Depict_36_44,C/C(=N/N1C=CC=C1)/C2=CC=CO2,C/N=C(/C)c1cccc1.c1cccc1,C/C(=N/n1cccc1)c1ccco1,,True,False,False,False,0.0,23,13.0,2.0,0.0
CDK_Depict_36_45,CC1(CC(CC(=S)S1)N2CCOCC2)C,C=C1CC(N2CCCCC2)CC(C)(C)C1,CC1(C)CC(N2CCOCC2)CC(=S)S1,C=C1CC(N2CCCCC2)CC(C)(C)C1,True,True,False,False,0.3111111111111111,17,15.0,2.0,1.0
CDK_Depict_36_46,C(C(O)(F)F)N=[N+]=[N-],CC(O)(F)CC=[N+]=N,[N-]=[N+]=NCC(O)(F)F,CC(O)(F)CC=[N+]=N,True,True,False,False,0.22580645161290322,7,8.0,0.0,0.0
CDK_Depict_36_47,C(F)[SiH](CF)CF,CC[SiH](CC)CC,FC[SiH](CF)CF,CC[SiH](CC)CC,True,True,False,False,0.23076923076923078,5,7.0,0.0,0.0
CDK_Depict_36_48,C1=CC(=CC(=C1)C(F)(F)F)CN2C(=O)N=C(S2)N=C3C=CC(C(C=C3)Cl)Cl,CC1C=CC(=CC2=NC(=O)N(Cc3cccc(C(C)(C)C)c3)C2)C=CC1C,O=c1nc(N=C2C=CC(Cl)C(Cl)C=C2)sn1Cc1cccc(C(F)(F)F)c1,CC1C=CC(=CC2=NC(=O)N(Cc3cccc(C(C)(C)C)c3)C2)C=CC1C,True,True,False,False,0.2857142857142857,36,27.0,3.0,2.0
CDK_Depict_36_49,[B]C(=O)/C=C/N(C)C,CCCCC(=O)O,[B]C(=O)/C=C/N(C)C,CCCCC(=O)O,True,True,False,False,0.14285714285714285,14,8.0,0.0,0.0
CDK_Depict_36_50,CN(C)C(=N)C(Br)Br,C=C(C)C(C)C.CC,CN(C)C(=N)C(Br)Br,C=C(C)C(C)C.CC,True,True,False,False,0.13043478260869565,10,8.0,0.0,0.0
CDK_Depict_36_51,C(=S)SNN,*CSC=S,NNSC=S,*CSC=S,True,True,False,False,0.23809523809523808,7,5.0,0.0,0.0
CDK_Depict_36_52,CCC1(S(=O)(=O)C(S1(=O)=O)(CC)Br)Br,CCC1(Br)S(=O)(=O)C(CC)(CC)S1(=O)=O,CCC1(Br)S(=O)(=O)C(Br)(CC)S1(=O)=O,CCC1(Br)S(=O)(=O)C(CC)(CC)S1(=O)=O,True,True,False,False,0.7368421052631579,18,14.0,1.0,2.0
CDK_Depict_36_53,[B][I-](F)(F)F,*C.*C.CF,[B][I-](F)(F)F,*C.*C.CF,True,True,False,False,0.1,13,5.0,0.0,0.0
CDK_Depict_36_54,C1=C(C(=CN1C=O)CBr)CBr,*Cc1cN(C=C)cc1C*,O=Cn1cc(CBr)c(CBr)c1,*Cc1cn(C=C)cc1C*,True,True,False,False,0.35714285714285715,16,11.0,1.0,0.0
CDK_Depict_36_55,C1COC(N1)(C#N)C#N,N#CC1(C#N)CCCC1,N#CC1(C#N)NCCO1,N#CC1(C#N)CCCC1,True,True,False,False,0.23076923076923078,10,9.0,1.0,0.0
CDK_Depict_36_56,C(C(N)SO)C(F)F,*C(CC([H])C)SC,NC(CC(F)F)SO,*C(CCC)SC,True,True,False,False,0.1,10,8.0,0.0,1.0
CDK_Depict_36_57,C1=CC=[N+](C=C1)CC2=CC=CC3=NSN=C32,*1scc2cccc(C[n+]3ccC=CC=3)c21,c1cc[n+](Cc2cccc3nsnc23)cc1,*1scc2cccc(C[n+]3ccccc3)c12,True,True,False,False,0.4186046511627907,26,16.0,3.0,0.0
CDK_Depict_36_58,C(CN(CCO)CN)N=C(N)/N=C\N,*CC(CCC)CCCC(N=NN=NN=NN=NN=NN=NN=NN=NN=NN=NN=NN=NN=NN=NN=NN=NN=NN=NN=NN=NN=NN=NN=NN=NN=NN=NN=NN=NN=NN=NN=NN=NN=NN=NN=NN=NN=NN=NN=NN=NN=NN=NN=NN=NN=NN=NN=NN=NN=NN=NN=NN=NN=NN=NN=NN=N[U])=NC=N,N/C=N\C(N)=NCCN(CN)CCO,*CC(CCC)CCCC(N=NN=NN=NN=NN=NN=NN=NN=NN=NN=NN=NN=NN=NN=NN=NN=NN=NN=NN=NN=NN=NN=NN=NN=NN=NN=NN=NN=NN=NN=NN=NN=NN=NN=NN=NN=NN=NN=NN=NN=NN=NN=NN=NN=NN=NN=NN=NN=NN=NN=NN=NN=NN=NN=NN=NN=[N][U])=NC=N,True,True,False,False,0.06153846153846154,177,14.0,0.0,0.0
CDK_Depict_36_59,[3H][I-]CP,CCP.[HH],[3H][I-]CP,CCP.[HH],True,True,False,False,0.23076923076923078,8,4.0,0.0,0.0
CDK_Depict_36_60,CCC(C)(CC=C)OCC(C=C(C)NCCN1CCNC1=O)O,C=CCC(C)(CC)CCC(O)C=C(C)CCCC.O=C1CCCC1,C=CCC(C)(CC)OCC(O)C=C(C)NCCN1CCNC1=O,C=CCC(C)(CC)CCC(O)C=C(C)CCCC.O=C1CCCC1,True,True,False,False,0.30666666666666664,18,23.0,1.0,2.0
CDK_Depict_36_61,C[Si](C)(C)[N+](=P(C)(C)C)[I-]Cl,CCl.C[2H](C)[N+](C)[Si](C)(C)C,C[Si](C)(C)[N+]([I-]Cl)=P(C)(C)C,,True,False,False,False,0.0,20,11.0,0.0,0.0
CDK_Depict_36_62,B(CC(C1CCCN1)O)(O)OC,COP(O)CC(O)C1CCCN1,COB(O)CC(O)C1CCCN1,COP(O)CC(O)C1CCCN1,True,True,False,False,0.5384615384615384,15,12.0,1.0,2.0
CDK_Depict_36_63,CCC1=C(OC(O1)(C)N)N,CCC1OC(C)C,CCC1=C(N)OC(C)(N)O1,,True,False,False,False,0.0,10,10.0,1.0,1.0
CDK_Depict_36_64,C1CCN(CC1)COC2C=CC(=CO2)C(O)Cl,CC1CCC(C(Cl)Cl)CC1.CCC1CCCCC1,OC(Cl)C1=COC(OCN2CCCCC2)C=C1,CC1CCC(C(Cl)Cl)CC1.CCC1CCCCC1,True,True,False,False,0.14545454545454545,18,17.0,2.0,2.0
CDK_Depict_36_65,[N-]=P(=S)Cl,C=C(=C)C,[N-]=P(=S)Cl,,True,False,False,False,0.0,7,4.0,0.0,1.0
CDK_Depict_36_66,C(C1=NON=C1N)OC2=NON=C2OCC3=NON=C3N,*c1c(CCC2[V]OCC2CCC2=NC*c2N)NC*1,Nc1nonc1COc1nonc1OCc1nonc1N,*C1=C(CC[CH]2[V][O]CC2CCC2=NC*C2N)NC*1,True,True,False,False,0.07692307692307693,27,21.0,3.0,0.0
CDK_Depict_36_67,C(=C(Cl)Cl)SBr,*SC=C(C)Cl,ClC(Cl)=CSBr,*SC=C(C)Cl,True,True,False,False,0.2857142857142857,8,6.0,0.0,0.0
CDK_Depict_36_68,C#CC1(OSSO1)O,C#CC1(O)OSSO1,C#CC1(O)OSSO1,C#CC1(O)OSSO1,True,True,True,True,1.0,4,8.0,1.0,0.0
CDK_Depict_36_69,CC[C@H](CC=C)N(/C=N\CN)C(=C)N,*C/C=C\C[C@H](CC)CC=C,C=CC[C@@H](CC)N(/C=N\CN)C(=C)N,*C/C=C\C[C@H](CC)CC=C,True,True,False,False,0.25,19,14.0,0.0,1.0
CDK_Depict_36_70,C1C(=O)NC(=CS1)CCN,CCCc1cSCC(=O)[V]1,NCCC1=CSCC(=O)N1,CCC[C]1=CSC[C](=O)[V]1,True,True,False,False,0.3,13,10.0,1.0,0.0
CDK_Depict_36_71,CCC(CCCPC)C#C,C#CC(CC)CCC[PH2+]C,C#CC(CC)CCCPC,C#CC(CC)CCC[PH2+]C,True,True,False,False,0.5517241379310345,9,10.0,0.0,2.0
CDK_Depict_36_74,CC[Sn](CC)(CC)OO[Sn](CC)(CC)CC,CCC(CC)OO[S+](CC)(CC)CC,C[CH2][Sn]([CH2]C)([CH2]C)[O][O][Sn]([CH2]C)([CH2]C)[CH2]C,CCC(CC)OO[S+](CC)(CC)CC,True,True,False,False,0.16,8,16.0,0.0,0.0
CDK_Depict_36_75,C1=CSC(=S)C=N1,S=C1cnccs1,S=c1cnccs1,S=c1cnccs1,True,True,True,True,1.0,11,7.0,1.0,0.0
CDK_Depict_36_76,[3H][V]([3H])I,CC.CC.[HH],[3H][V]([3H])[I],CC.CC.[HH],True,True,False,False,0.0,11,4.0,0.0,0.0
CDK_Depict_36_77,CCCSSOC(=O)C(Cl)(Cl)Cl,C.CC(=O)C(C)(C)C.CCCSSC,CCCSSOC(=O)C(Cl)(Cl)Cl,C.CC(=O)C(C)(C)C.CCCSSC,True,True,False,False,0.37142857142857144,13,12.0,0.0,0.0
CDK_Depict_36_78,[B]N(C)F,[2H]N(C)C,[B]N(C)F,[2H]N(C)C,True,True,False,False,0.07692307692307693,3,4.0,0.0,0.0
CDK_Depict_36_79,CCCCCC(C)(C)OOC(=O)OCC(CC)[N+](=O)[O-],CCC(COC(=O)OC)[N+](=O)[O-].CCCCCC(C)(C)C,CCCCCC(C)(C)OOC(=O)OCC(CC)[N+](=O)[O-],CCC(COC(=O)OC)[N+](=O)[O-].CCCCCC(C)(C)C,True,True,False,False,0.6888888888888889,24,20.0,0.0,1.0
CDK_Depict_36_80,CCS(=S)(CC)(CC1=CC=CC=C1)C#N,CCS(=O)(C#N)(CC)Cc1ccccc1,CCS(=S)(C#N)(CC)Cc1ccccc1,CCS(=O)(C#N)(CC)Cc1ccccc1,True,True,False,False,0.5757575757575758,16,15.0,1.0,0.0
CDK_Depict_36_81,B(C)(C)C1=CC(=CC2=C1C=NN2)C,Cc1cc2c(ccC2)c(C(C)C)c1,CB(C)c1cc(C)cc2[nH]ncc12,Cc1cc2c(c(C(C)C)c1)C=CC2,True,True,False,False,0.15555555555555556,22,13.0,2.0,0.0
CDK_Depict_36_82,C[Te](C)(C)(C)(C)C,CF(C)(C)(C)C,C[Te](C)(C)(C)(C)C,,True,False,False,False,0.0,7,7.0,0.0,0.0
CDK_Depict_36_83,C1CO[C@H](CN1CC2CC=C(C(=C2)Cl)Cl)CNC(=O)CSC3NNC(=S)S3,CC1=CCC(CN2CCCC(CNC(=O)CSC3CCC(=S)S3)C2)C=C1C,O=C(CSC1NNC(=S)S1)NC[C@H]1CN(CC2C=C(Cl)C(Cl)=CC2)CCO1,CC1=CCC(CN2CCCC(CNC(=O)CSC3CCC(=S)S3)C2)C=C1C,True,True,False,False,0.40229885057471265,29,27.0,3.0,3.0
CDK_Depict_36_84,CS(=O)(=O)C1=CC(NC(=C1Cl)Cl)(Cl)Cl,CC1CC(S(C)(=O)=O)c([Cf])c([Cf])N1,CS(=O)(=O)C1=CC(Cl)(Cl)NC(Cl)=C1Cl,CC1CC(S(C)(=O)=O)[C]([Cf])=[C]([Cf])N1,True,True,False,False,0.15555555555555556,26,14.0,1.0,0.0
CDK_Depict_36_85,CCN(CC)CCNC(=O)C(C)OC1=NN=C1,CCC(CC)CCNC(=O)C(C)OC1cnn1,CCN(CC)CCNC(=O)C(C)OC1=NN=C1,,True,False,False,False,0.0,6,17.0,1.0,1.0
CDK_Depict_36_86,[B]C[Si](CO)(CO)CO,CCS(CO)(CO)CO,[B]C[Si](CO)(CO)CO,CCS(CO)(CO)CO,True,True,False,False,0.14285714285714285,6,9.0,0.0,0.0
CDK_Depict_36_87,CC(C(=O)O[Si](C)(C)C)C(=S)I,C=C(CC(C)=S)O[Si](C)(C)C,CC(C(=O)O[Si](C)(C)C)C(=S)I,C=C(CC(C)=S)O[Si](C)(C)C,True,True,False,False,0.29411764705882354,12,12.0,0.0,1.0
CDK_Depict_36_88,[B]C1=C(NC(=C1I)C=O)CI,[CH2-]c1c(CC)[NH4]c(C=O)c1C,[B]c1c(CI)[nH]c(C=O)c1I,,True,False,False,False,0.0,19,11.0,1.0,0.0
CDK_Depict_36_89,CCCC[N+](=C(C)O)O,CC(O)=NO.CCCCCO,CCCC[N+](O)=C(C)O,CC(O)=NO.CCCCCO,True,True,False,False,0.32142857142857145,12,9.0,0.0,0.0
CDK_Depict_36_90,CCCC(/C(=C\C#CC#CC#N)/C#N)OC,CCCC(CC)/C(C#N)=C\C#CC#CC#N,CCCC(OC)/C(C#N)=C\C#CC#CC#N,CCCC(CC)/C(C#N)=C\C#CC#CC#N,True,True,False,False,0.6410256410256411,14,16.0,0.0,1.0
CDK_Depict_36_91,[B][P+](=N)P,*[O+]([2H])=N,[B][P+](=N)P,,True,False,False,False,0.0,9,4.0,0.0,1.0
CDK_Depict_36_92,CCC(C(C)(C=N)F)NN=C,C=CNC(CC)C(F)C=[W],C=NNC(CC)C(C)(F)C=N,C=CNC(CC)C(F)[CH]=[W],True,True,False,False,0.21951219512195122,12,11.0,0.0,2.0
CDK_Depict_36_93,C/C=C/C(CNC(C)C)(COC(C)(C)C)F,C/C=C/C(C)(CCC(C)C)CCC(C)(C)C,C/C=C/C(F)(CNC(C)C)COC(C)(C)C,C/C=C/C(C)(CCC(C)C)CCC(C)(C)C,True,True,False,False,0.2558139534883721,8,16.0,0.0,1.0
CDK_Depict_36_94,CC[Pb](Cl)(Cl)Cl,CC*(C)(C)C,C[CH2][Pb]([Cl])([Cl])[Cl],CC*(C)(C)C,True,True,False,False,0.21428571428571427,7,6.0,0.0,0.0
CDK_Depict_36_95,CI(C)N1CCNCC1,C[IH](C)N1CCNCC1,CI(C)N1CCNCC1,C[IH](C)N1CCNCC1,True,True,False,False,0.391304347826087,3,9.0,1.0,0.0
CDK_Depict_36_96,O=S(=P)=S,C=S(=O)=S,O=S(=P)=S,C=S(=O)=S,True,True,False,False,0.45454545454545453,2,4.0,0.0,0.0
CDK_Depict_36_97,CC=C(C=NC1=CC(=CC=C1)Cl)OO[Si](C)(C)C,*c1cccc(NCC(=CC)C[Si](C)(C)C)c1,CC=C(C=Nc1cccc(Cl)c1)OO[Si](C)(C)C,*c1cccc(NCC(=CC)C[Si](C)(C)C)c1,True,True,False,False,0.20689655172413793,21,18.0,1.0,0.0
CDK_Depict_36_98,C1=CN(C=C2C1=CN=C2)C(=O)OCC3=CC(=CC(=C3)Cl)Cl,Cc1cc(C)cc(CCC(=O)C2cccc(cc(C)cc2)c2)c1,O=C(OCc1cc(Cl)cc(Cl)c1)n1ccc2cncc-2c1,,True,False,False,False,0.0,31,21.0,3.0,0.0
CDK_Depict_36_99,CCCCO[Sn](=S)O[Sn](=S)OCCCC,CCCCCS(=S)C[Sn](=S)OCCCC,CCCC[O][Sn](=[S])[O][Sn](=[S])[O]CCCC,CCCCCS(=S)[CH2][Sn](=[S])[O]CCCC,True,True,False,False,0.4375,5,15.0,0.0,0.0
CDK_Depict_36_100,C1C(=N)N=NC2=CC=NN21,*=C1Cc2c(cN1)cc*2,N=C1Cn2nccc2N=N1,*=C1CC2=*C=CC2=CN1,True,True,False,False,0.06666666666666667,17,10.0,2.0,0.0
CDK_Depict_36_101,CNC(=O)CP(C)C(=O)NCC(CO)O,CCC(=O)CC(C)C(=O)NCC(O)CC,CNC(=O)CP(C)C(=O)NCC(O)CO,CCC(=O)CC(C)C(=O)NCC(O)CC,True,True,False,False,0.2608695652173913,5,15.0,0.0,2.0
CDK_Depict_36_102,CCCCCP=NPCl,CCCC/P=N/PC,CCCCCP=NPCl,CCCC/P=N/PC,True,True,False,False,0.52,3,9.0,0.0,2.0
CDK_Depict_36_103,CC1(N=NN=N1)C2=C(C=C(C=C2)O)F,Cc1cc(O)ccc1C1(C)*ncn1,CC1(c2ccc(O)cc2F)N=NN=N1,Cc1cc(O)ccc1C1(C)*=NC=N1,True,True,False,False,0.3488372093023256,23,14.0,2.0,0.0
CDK_Depict_36_104,C1(=S)NNC(=S)N=N1,C=C1CCC(=S)NC1,S=c1nnc(=S)[nH][nH]1,C=C1CCC(=S)NC1,True,True,False,False,0.16,8,8.0,1.0,0.0
CDK_Depict_36_105,B1(NC(CO1)CCC)OCC2=CC=CC=C2C,CCCC1*C(CCc2ccccc2C)CC1,CCCC1COB(OCc2ccccc2C)N1,CCCC1*C(CCc2ccccc2C)CC1,True,True,False,False,0.38,20,17.0,2.0,1.0
CDK_Depict_36_106,CC(O)S(=O)(=O)NN,*C(C)S(=O)(=O)*N,CC(O)S(=O)(=O)NN,*C(C)S(=O)(=O)*N,True,True,False,False,0.25925925925925924,3,8.0,0.0,1.0
CDK_Depict_36_107,[O-]S(=O)(F)(F)F,CC(C)(=O)O,O=S([O-])(F)(F)F,,True,False,False,False,0.0,12,6.0,0.0,0.0
CDK_Depict_36_108,[2H]C([2H])([2H])NC(=O)SC[C@H](C(=O)O)N,*[C@H](CSC(=O)[V]C(C)(C)C)C(C)=O,[2H]C([2H])([2H])NC(=O)SC[C@@H](N)C(=O)O,*[C@H](CS[C](=O)[V][C](C)(C)C)C(C)=O,True,True,False,False,0.2,26,14.0,0.0,1.0
CDK_Depict_36_109,N(N=[Pt]=O)F,O=c=sNF,[O]=[Pt]=[N]NF,,True,False,False,False,0.0,9,5.0,0.0,0.0
CDK_Depict_36_111,[2H]C(C)(C)C[C@@H](CC(=O)O[2H])CN([2H])[2H],[2H]CC(=C)C[C@H](CCC)CC(C)(C)C,[2H]OC(=O)C[C@@H](CN([2H])[2H])CC([2H])(C)C,[2H]CC(=C)C[C@H](CCC)CC(C)(C)C,True,True,False,False,0.14583333333333334,22,15.0,0.0,1.0
CDK_Depict_36_113,C1CS[Te]C1,*1CCCS1,C1CS[Te]C1,*1CCCS1,True,True,False,False,0.19047619047619047,7,5.0,1.0,0.0
CDK_Depict_36_114,C=CNC(=C)/N=C(/N)\NO,*/C(*[14O])=C/C(=C)CC=C,C=CNC(=C)/N=C(/N)NO,*/C(*[14O])=C/C(=C)CC=C,True,True,False,False,0.125,18,10.0,0.0,0.0
CDK_Depict_36_115,C(=O)(N(N)I)OP,*N(C)C(=O)OC,NN(I)C(=O)OP,*N(C)C(=O)OC,True,True,False,False,0.2222222222222222,10,7.0,0.0,0.0
CDK_Depict_36_116,C1=CC=C(C=C1)CN(/C(=N/Cl)/NN)Cl,*NC(CCc1ccccc1)NC,NN/C(=N\Cl)N(Cl)Cc1ccccc1,*NC(CCc1ccccc1)NC,True,True,False,False,0.2222222222222222,24,14.0,1.0,0.0
CDK_Depict_36_117,[B](NCCOCC)PI,CCOCCNOPC,CCOCCN[B]PI,CCOCCNOPC,True,True,False,False,0.41935483870967744,8,9.0,0.0,1.0
CDK_Depict_36_118,[B][B]B([B])I(B(B([B])[B])B([B])[B])I,***(*(*)*)*(C)*(*(*)*)*(*)*,[B][B]B([B])I(I)B(B([B])[B])B([B])[B],***(*(*)*)*(C)*(*(*)*)*(*)*,True,True,False,False,0.02857142857142857,29,13.0,0.0,0.0
CDK_Depict_36_119,C1=NSN=C1/C=N\O,*N=Cc1C=NS[V]1,O/N=C\c1cnsn1,*N=C[CH]1C=N[S][V]1,True,True,False,False,0.1282051282051282,12,8.0,1.0,0.0
CDK_Depict_36_120,CC(=O)OP(OC(=O)C)PP,CCC(CC(C)=O)CC(C)=O,CC(=O)OP(OC(C)=O)PP,CCC(CC(C)=O)CC(C)=O,True,True,False,False,0.1724137931034483,13,11.0,0.0,1.0
CDK_Depict_36_121,C/C=C(/C(C1=COC=N1)O)\N=C,C/C=C(\C)C(O)c1*cCC1.C=C,C=N/C(=C\C)C(O)c1cocn1,C/C=C(\C)C(O)C1*CCC1.C=C,True,True,False,False,0.14,15,12.0,1.0,1.0
CDK_Depict_36_122,CC(C)(C)S1=NC=CS1,*1C=*C=C1.CC,CC(C)(C)S1=NC=CS1,*1c*cc1.CC,True,True,False,False,0.07407407407407407,12,9.0,1.0,1.0
CDK_Depict_36_123,[2H]C1=C(SC(=C1[2H])Br)C([2H])(C([2H])([2H])[2H])C([2H])([2H])[2H],[2HH].[2HH].[2HH].[2HH].[2HH],[2H]c1c(Br)sc(C([2H])(C([2H])([2H])[2H])C([2H])([2H])[2H])c1[2H],[2HH].[2HH].[2HH].[2HH].[2HH],True,True,False,False,0.0,43,18.0,1.0,0.0
CDK_Depict_36_124,C1=CC(=CC=C1NC(=O)C(=S)NNCC2=C(C(=CC(=C2)Br)Br)O)F,O=C(Nc1ccc(F)cc1)C(=S)N*CC1=C(O)C(Br)=CC([Br-])=C1,O=C(Nc1ccc(F)cc1)C(=S)NNCc1cc(Br)cc(Br)c1O,,True,False,False,False,0.0,32,24.0,2.0,0.0
CDK_Depict_36_126,C(=O)(NNC(F)(F)F)O,CC(C)(C)[V][V]C(=O)O,O=C(O)NNC(F)(F)F,C[C](C)(C)[V][V][C](=O)O,True,True,False,False,0.18518518518518517,15,9.0,0.0,0.0
CDK_Depict_36_127,CCCCC(CC)C[Sb](SC1=C(C(=CC=C1)Cl)Cl)Cl,CCCCC(CC)C*(C)Sc1cccc(C)c1C,CCCCC(CC)[CH2][Sb]([Cl])[S]c1cccc(Cl)c1Cl,CCCCC(CC)C*(C)Sc1cccc(C)c1C,True,True,False,False,0.39622641509433965,22,19.0,1.0,1.0
CDK_Depict_36_128,CS(=O)(=O)CCSC1=CC=CC(=C1C#N)F,C=*(C)(=O)CCCc1cccc(C)c1C#[V],CS(=O)(=O)CCSc1cccc(F)c1C#N,C=*(C)(=O)CCCc1cccc(C)c1[C]#[V],True,True,False,False,0.16666666666666666,17,16.0,1.0,0.0
CDK_Depict_36_129,CCC1=C(N=C(S1)C)I2C[I-]2,CC.CC.CCC1=C(C)CC(C)C1,CCc1sc(C)nc1I1C[I-]1,CC.CC.CCC1=C(C)CC(C)C1,True,True,False,False,0.175,16,11.0,2.0,0.0
CDK_Depict_36_130,CCOC(=S)SCC[P+](=O)O,CCOC(=S)CCC[P+](C)=O,CCOC(=S)SCC[P+](=O)O,CCOC(=S)CCC[P+](C)=O,True,True,False,False,0.3783783783783784,4,11.0,0.0,1.0
CDK_Depict_36_131,C1=CN=CC(C2=C1SC=C2)O,OC1ccccc2sccc21,OC1C=NC=Cc2sccc21,OC1C=CC=Cc2sccc21,True,True,False,False,0.5294117647058824,18,11.0,2.0,1.0
CDK_Depict_36_132,CC1(CC=C(C=C1[N+](=CN(SC2=CC=C(C=C2)Cl)Cl)C)Cl)Cl,C.CC1=CC=C(SCCN(C)C2=CC(C)=CCC2C)C=C1,C[N+](=CN(Cl)Sc1ccc(Cl)cc1)C1=CC(Cl)=CCC1(C)Cl,C.CC1=CCC(C)C(N(C)CCSc2ccc(C)cc2)=C1,True,True,False,False,0.17391304347826086,25,22.0,2.0,1.0
CDK_Depict_36_133,C(C(OCCl)P=O)Br,CCOC(C[2Sr])o=O,O=PC(CBr)OCCl,,True,False,False,False,0.0,11,8.0,0.0,2.0
CDK_Depict_36_135,CCC(=C)NC1NCN=C(N1)C[C@H]2NCCN2C,C=C(CC)NC1CCCC(C[C@H]2NCCC2C)C1,C=C(CC)NC1NCN=C(C[C@H]2NCCN2C)N1,C=C(CC)NC1CCCC(C[C@H]2NCCC2C)C1,True,True,False,False,0.26153846153846155,12,18.0,2.0,2.0
CDK_Depict_36_136,CC(=N/N=C/OC(=O)CC1NCC(=O)N1C)C,CC(C)=N/*=C/CC(=O)CC1CCC(=O)N1C,CC(C)=N/N=C/OC(=O)CC1NCC(=O)N1C,CC(C)=N/*=C/CC(=O)CC1CCC(=O)N1C,True,True,False,False,0.3,7,17.0,1.0,1.0
CDK_Depict_36_137,C1=CC=C2C(=C1)N=C3N2[Se]3,*1c2ccccc2N2sC12,c1ccc2c(c1)nc1n2[Se]1,*1c2ccccc2N2SC12,True,True,False,False,0.15384615384615385,21,10.0,3.0,0.0
CDK_Depict_36_138,CC(CC(=S)CC(C=CC(=O)O)C(O)O)C=CC(=O)O,C=C(C)CCC(CC(=S)CC(C)/C=C/C(=O)O)C(C)C,CC(C=CC(=O)O)CC(=S)CC(C=CC(=O)O)C(O)O,C=C(C)CCC(CC(=S)CC(C)/C=C/C(=O)O)C(C)C,True,True,False,False,0.5227272727272727,20,20.0,0.0,2.0
CDK_Depict_36_139,[3H]C(=C)S,C=C(C)S,[3H]C(=C)S,C=C(C)S,True,True,False,False,0.14285714285714285,5,4.0,0.0,0.0
CDK_Depict_36_140,O=I(=O)OI,C=O.[CH2-]OC=O,[O-][I+2]([O-])OI,C=O.[CH2-]OC=O,True,True,False,False,0.05263157894736842,12,5.0,0.0,0.0
CDK_Depict_36_141,C(=C(I)I)(C(I)(I)I)I,CC(C)=C(C)C(C)(C)C,IC(I)=C(I)C(I)(I)I,CC(C)=C(C)C(C)(C)C,True,True,False,False,0.1,12,9.0,0.0,0.0
CDK_Depict_36_142,C[Si](O)OS,C[SH](C)OS,C[Si](O)OS,C[SH](C)OS,True,True,False,False,0.25,2,5.0,0.0,0.0
CDK_Depict_36_144,CS(=O)(=O)C1=CC=CCN1C#N,C#CCc1ccccC1.C=*(C)(=O)=O,CS(=O)(=O)C1=CC=CCN1C#N,,True,False,False,False,0.0,20,12.0,1.0,0.0
CDK_Depict_36_145,CC[Si](C)(C)N(/C=C/N1CCOCC1)[Si](C)(C)CC,CC[Si](C)(C)[Al](/C=C/C1CCCCC1)[Si](C)(C)CC,CC[Si](C)(C)N(/C=C/N1CCOCC1)[Si](C)(C)CC,CC[Si](C)(C)[Al](/[CH]=C/C1CCCCC1)[Si](C)(C)CC,True,True,False,False,0.17777777777777778,6,19.0,1.0,0.0
CDK_Depict_36_146,B(O)(F)Cl,*[2H](O)Cl,OB(F)Cl,,True,False,False,False,0.0,6,4.0,0.0,0.0
CDK_Depict_36_147,N1SS1(=O)=O,O=S1(=O)S[W]1,O=S1(=O)NS1,O=[S]1(=O)[S][W]1,True,True,False,False,0.2857142857142857,8,5.0,1.0,0.0
CDK_Depict_36_148,CCC#CP(=S)(C)C,CCC#C*(C)(C)=S,CCC#CP(C)(C)=S,CCC#C*(C)(C)=S,True,True,False,False,0.34782608695652173,5,8.0,0.0,0.0
CDK_Depict_36_149,CO[Si](C=C)(OC)I,C=C[Si](C)(CC)CC,C=C[Si](I)(OC)OC,C=C[Si](C)(CC)CC,True,True,False,False,0.2608695652173913,7,8.0,0.0,0.0
CDK_Depict_36_150,C(C(=O)N)SP=O,C=C(CSp=O)N=NN=NN=NN=NN=NN=NN=N,NC(=O)CSP=O,,True,False,False,False,0.0,23,7.0,0.0,1.0
CDK_Depict_36_151,B(C)(C)C(C)(C)C#CC,CC#CC(C)(C)C(C)C,CC#CC(C)(C)B(C)C,CC#CC(C)(C)C(C)C,True,True,False,False,0.36363636363636365,7,9.0,0.0,0.0
CDK_Depict_36_152,C1=C(N=CO1)N2C=NC(=N2)C(=O)O,O=C(O)C1=CC(CC2=CC=C2)=C1,O=C(O)c1ncn(-c2cocn2)n1,O=C(O)C1=CC(CC2=CC=C2)=C1,True,True,False,False,0.15217391304347827,19,13.0,2.0,0.0
CDK_Depict_36_153,CCCC(NO)S(=O)(=O)OS(=O)(=O)CCNO,CCCC(CO)S(=O)(=O)CS(=O)(=O)CCNO,CCCC(NO)S(=O)(=O)OS(=O)(=O)CCNO,CCCC(CO)S(=O)(=O)CS(=O)(=O)CCNO,True,True,False,False,0.4090909090909091,2,17.0,0.0,1.0
CDK_Depict_36_154,CC(C)(C)OCC(CC(F)(F)Br)Br,CCCC([S-])CCC(C)(C)C,CC(C)(C)OCC(Br)CC(F)(F)Br,CCCC([S-])CCC(C)(C)C,True,True,False,False,0.13513513513513514,15,13.0,0.0,1.0
CDK_Depict_36_155,[B][P+](=O)F,**(C)S,[B][P+](=O)F,**(C)S,True,True,False,False,0.0,10,4.0,0.0,1.0
CDK_Depict_36_156,CC(C)(N=C=O)S(=O)(=O)C,CC(C)(N=C=O)S(C)(=O)=O,CC(C)(N=C=O)S(C)(=O)=O,CC(C)(N=C=O)S(C)(=O)=O,True,True,True,True,1.0,4,10.0,0.0,0.0
CDK_Depict_36_157,COC(=S)C1=CC=CC12CC2,CC(=O)c1cccC12CC2,COC(=S)C1=CC=CC12CC2,CC(=O)C1=CC=CC12CC2,True,True,False,False,0.53125,8,11.0,2.0,0.0
CDK_Depict_36_158,CN=C(Cl)I,C=C(C)C,CN=C(Cl)I,C=C(C)C,True,True,False,False,0.13333333333333333,3,5.0,0.0,0.0
CDK_Depict_36_159,CON=[Pt]=O,CCN=*=O,CO[N]=[Pt]=[O],CCN=*=O,True,True,False,False,0.13043478260869565,5,5.0,0.0,0.0
CDK_Depict_36_160,[B]N1CCN(CN(C1)[B])[B],CC.CCCCCCCCCCN(C)CCCCC,[B]N1CCN([B])CN([B])C1,CC.CCCCCCCCCCN(C)CCCCC,True,True,False,False,0.0,18,10.0,1.0,0.0
CDK_Depict_36_161,C1=C(NC(N1)S)CCC(=O)N=O,C=NC(=O)CCC1cCC(S)C1,O=NC(=O)CCC1=CNC(S)N1,C=NC(=O)CCC1CCC(S)C1,True,True,False,False,0.20833333333333334,14,12.0,1.0,1.0
CDK_Depict_36_162,CCS(=O)(C)(OC)Cl,C=[SH](C)(CC)CC,CCS(C)(=O)(Cl)OC,C=[SH](C)(CC)CC,True,True,False,False,0.125,8,8.0,0.0,0.0
CDK_Depict_36_163,[B](C)OF,[H]O[SH2+],C[B]OF,O[SH2+],True,True,False,False,0.0,8,4.0,0.0,0.0
CDK_Depict_36_165,C1C(CO1)(C(F)(F)F)OC(=O)Cl,C=C(C)CC1(C(C)(C)C)CCC1,O=C(Cl)OC1(C(F)(F)F)COC1,C=C(C)CC1(C(C)(C)C)CCC1,True,True,False,False,0.09523809523809523,14,12.0,1.0,0.0
CDK_Depict_36_166,N([SiH3])([SiH3])[SiH2]Cl,*[U](*)*C,[SiH3]N([SiH3])[SiH2]Cl,[*][U]([*])[*]C,True,True,False,False,0.0,20,5.0,0.0,3.0
CDK_Depict_36_167,CC(NCCS)NCCS,CC(CCCS)NCC[11CH3],CC(NCCS)NCCS,CC(CCCS)NCC[11CH3],True,True,False,False,0.37037037037037035,8,10.0,0.0,0.0
CDK_Depict_36_168,CC(=C)C(=O)OCCNC(=O)O[SiH2]CCC(C)(O[Si](C)(C)C)O[Si](C)(C)C,CC(C)C(=O)CCCCC(=O)O[SiH2]CCC(C)(C)C[Si](C)(C)C,C=C(C)C(=O)OCCNC(=O)O[SiH2]CCC(C)(O[Si](C)(C)C)O[Si](C)(C)C,CC(C)C(=O)CCCCC(=O)O[SiH2]CCC(C)(C)C[Si](C)(C)C,True,True,False,False,0.2698412698412698,14,27.0,0.0,1.0
CDK_Depict_36_169,C(N=O)OOO,C=CCCCO,O=NCOOO,C=CCCCO,True,True,False,False,0.07407407407407407,6,6.0,0.0,0.0
CDK_Depict_36_170,COC(=O)C(N)ON(O)O,CCC(=O)C([U])C[Al]([U])[U],COC(=O)C(N)ON(O)O,CCC(=O)[CH]([U])[CH2][Al]([U])[U],True,True,False,False,0.13513513513513514,15,10.0,0.0,1.0
CDK_Depict_36_172,[B]C(CC/C=N\NC(=O)CCNC)C#N,C*CCC(N)=O.[2H]C(C#[V])CCCC,[B]C(C#N)CC/C=N\NC(=O)CCNC,C*CCC(N)=O.[2H]C([C]#[V])CCCC,True,True,False,False,0.11290322580645161,22,15.0,0.0,1.0
CDK_Depict_36_173,CC(C1C(C1(Cl)Cl)(C)C)C2=CC=CC=C2S(=O)(=O)O,CC(CC(C)C(C)(C)C)C1=CC=CCc1S(=O)(=O)OOOO,CC(c1ccccc1S(=O)(=O)O)C1C(C)(C)C1(Cl)Cl,CC(CC(C)C(C)(C)C)C1=CC=CCC1S(=O)(=O)OOOO,True,True,False,False,0.16666666666666666,13,19.0,2.0,2.0
CDK_Depict_36_174,CCO[Si](C)(C1CC(C1)[Si](C)(OCC)F)F,CCC[Si](C)(F)C1CC([Si+](C)(C)CCC)C1,CCO[Si](C)(F)C1CC([Si](C)(F)OCC)C1,,True,False,False,False,0.0,13,16.0,1.0,4.0
CDK_Depict_36_175,C[Si](C)CC1CCC(C1)Br,CC(C)CC1CCC([FH+])C1,C[Si](C)CC1CCC(Br)C1,CC(C)CC1CCC([FH+])C1,True,True,False,False,0.23529411764705882,11,10.0,1.0,2.0
CDK_Depict_36_176,[B]C(=O)N1CCNC1=O,CC(=O)[V]1CC[1H]C1=O,[B]C(=O)N1CCNC1=O,,True,False,False,False,0.0,10,9.0,1.0,0.0
CDK_Depict_36_177,CC(CSC1=NC=CS1)(C#N)NC2CC2,C#CC(C)(CSc1cccs1)CC1CC1,CC(C#N)(CSc1nccs1)NC1CC1,C#CC(C)(CSc1cccs1)CC1CC1,True,True,False,False,0.26666666666666666,17,15.0,2.0,1.0
CDK_Depict_36_178,C[Sn]=CC1OCCO1,C[Sn]=CC1CCCO1,[CH3][Sn]=[CH]C1OCCO1,[CH3][Sn]=[CH]C1CCCO1,True,True,False,False,0.46153846153846156,1,8.0,1.0,0.0
CDK_Depict_36_179,C1COC=C1[C@@H](C(F)(F)F)N,CC(C1CCCC1)C(C)(C)C,N[C@@H](C1=COCC1)C(F)(F)F,CC(C1CCCC1)C(C)(C)C,True,True,False,False,0.08108108108108109,15,11.0,1.0,1.0
CDK_Depict_36_180,C(N)(F)Cl,*C(C)C,NC(F)Cl,*C(C)C,True,True,False,False,0.07692307692307693,6,4.0,0.0,1.0
CDK_Depict_36_181,CCCCCCCCSC1=NC(=O)/C(=C/C(C)C)/[Se]1,CCCCCCCCCC1CC(=O)/C(=C/C(C)C)S1,CCCCCCCCSC1=NC(=O)/C(=C/C(C)C)[Se]1,CCCCCCCCCC1CC(=O)/C(=C/C(C)C)S1,True,True,False,False,0.32075471698113206,7,19.0,1.0,0.0
CDK_Depict_36_182,[2H][B]S(=O)C,CSS(C)=O,[2H][B]S(C)=O,CSS(C)=O,True,True,False,False,0.3125,11,5.0,0.0,1.0
CDK_Depict_36_183,C1=CN=CC=C1S(=C(Br)Br)(=O)Br,*cS(=O)(=C(*)*)c1ccncc1,O=S(Br)(=C(Br)Br)c1ccncc1,,True,False,False,False,0.0,23,12.0,1.0,1.0
CDK_Depict_36_184,CCP(CC)C1=CC=C(C1Br)C(C)N(C)C,CCC(CC)c1ccc(C(C)C(C)C)C1[O-],CCP(CC)C1=CC=C(C(C)N(C)C)C1Br,CCC(CC)C1=CC=C(C(C)C(C)C)C1[O-],True,True,False,False,0.25,16,16.0,1.0,2.0
CDK_Depict_36_185,C1=CC=C(C=C1)C2=CC3=[Se](S2)SC(=C3)C4=CC=CC=C4,[CH]1*2sc(-c3ccccc3)cc2cc1-c1ccCcc1,C1=C(c2ccccc2)S[Se]2=C1C=C(c1ccccc1)S2,,True,False,False,False,0.0,41,20.0,4.0,0.0
CDK_Depict_36_186,COCC/C(=C/C(=O)C(F)(F)F)/N=S(=O)(C)C,*C(*)(*)C(=O)C=C(CCOC)N=S(=C)(C)C,COCC/C(=C/C(=O)C(F)(F)F)N=S(C)(C)=O,*C(*)(*)C(=O)C=C(CCOC)N=S(=C)(C)C,True,True,False,False,0.5581395348837209,17,17.0,0.0,0.0
CDK_Depict_36_187,CPC1=C(C=NC=C1)N=C,C=CC.CPc1ccccc1,C=Nc1cnccc1PC,C=CC.CPc1ccccc1,True,True,False,False,0.2222222222222222,14,10.0,1.0,1.0
CDK_Depict_36_188,CC1=C(C(C(C(SC1(C)C)(C)C)(C)C)(C)[Ge])[Ge],*/C(=C\C)C(C)(C)C(C)(C)C(C)CC(C)C,CC1=[C]([Ge])[C](C)([Ge])C(C)(C)C(C)(C)SC1(C)C,*/C(=C\C)C(C)(C)C(C)(C)C(C)CC(C)C,True,True,False,False,0.021739130434782608,21,17.0,1.0,1.0
CDK_Depict_36_189,CC(=N/C=C(/F)\S)Br,*C([IH])=CN=C(C)[IH],CC(Br)=N/C=C(/F)S,*C([IH])=CN=C(C)[IH],True,True,False,False,0.2413793103448276,15,8.0,0.0,0.0
CDK_Depict_36_190,CP(C)/C=N\OCC(=O)O,CC(=O)CO/N=C\C(C)C,CP(C)/C=N\OCC(=O)O,CC(=O)CO/N=C\C(C)C,True,True,False,False,0.35294117647058826,12,10.0,0.0,0.0
CDK_Depict_36_191,CCCC(C(=O)O)NS(=O)(=O)NOCC1=CC=C(C=C1)OCC2=C3C=C(C3=O)C=C2,CCCC1NS(=O)(=O)NCCc2ccc(CCC3c(c)cc4cc3c4C)cc2,CCCC(NS(=O)(=O)NOCc1ccc(OCc2ccc3cc2C3=O)cc1)C(=O)O,,True,False,False,False,0.0,35,30.0,4.0,1.0
CDK_Depict_36_192,CC(=C(C=C)S(=N)C)C,C=CC(C(C)=N)=C(C)C,C=CC(=C(C)C)S(C)=N,C=CC(C(C)=N)=C(C)C,True,True,False,False,0.36,9,9.0,0.0,1.0
CDK_Depict_36_193,C1C[C@H](NC1)C(=S)OC(C2=NCCS2)O,CC(=S)[C@@H]1*CCC1.CC(O)OC(=S)[C@@H]1*CCC1,OC(OC(=S)[C@@H]1CCCN1)C1=NCCS1,CC(=S)[C@@H]1*CCC1.CC(O)OC(=S)[C@@H]1*CCC1,True,True,False,False,0.21052631578947367,27,15.0,2.0,2.0
CDK_Depict_36_194,C1CP2CCC1N(CC2)N,C1CCCCCC1,NN1CCP2CCC1CC2,C1CCCCCC1,True,True,False,False,0.047619047619047616,8,10.0,3.0,2.0
CDK_Depict_36_195,C1C=CNC(=[N+]1N)N,*C1[4H]C=CC[NH+]1C,NC1=[N+](N)CC=CN1,,True,False,False,False,0.0,12,8.0,1.0,0.0
CDK_Depict_36_196,C1#[N+]SNS1,*1SC=[V+]S1,C1#[N+]SNS1,*1S[CH]=[V+][S]1,True,True,False,False,0.037037037037037035,7,5.0,1.0,0.0
CDK_Depict_36_197,CCP(CC)OC1=NC2=C(C=C1)NC=CC2=O,CCC(CC)Cc1ccc2c(c1)C(=O)C=CC2,CCP(CC)Oc1ccc2[nH]ccc(=O)c2n1,CCC(CC)Cc1ccc2c(c1)C(=O)C=CC2,True,True,False,False,0.13114754098360656,17,17.0,2.0,0.0
CDK_Depict_36_198,CNC1C(N=CN1)C(=O)NC=O,C*C1*c[V]C1C(=O)*C=O,CNC1NC=NC1C(=O)NC=O,C*C1*[CH2][V][CH]1C(=O)*C=O,True,True,False,False,0.1320754716981132,9,12.0,1.0,2.0
CDK_Depict_36_199,C1C=C[N+]2=C(N=NC2=C1C(F)(F)F)C(F)F,Cc1ccc[n+]2c(C(C)C)ccc12,FC(F)C1=[N+]2C=CCC(C(F)(F)F)=C2N=N1,,True,False,False,False,0.0,25,16.0,2.0,0.0
CDK_Depict_36_200,CC(C)C(=O)P=C,C=*C(=O)C(C)C,C=PC(=O)C(C)C,C=*C(=O)C(C)C,True,True,False,False,0.36363636363636365,8,7.0,0.0,1.0
CDK_Depict_37_1,CN(CN)F,C*C,CN(F)CN,C*C,True,True,False,False,0.07142857142857142,5,5.0,0.0,0.0
CDK_Depict_37_2,C1COOOOOS(=O)(=O)C1CN,*CC(CCC)S(=O)(=O)O,NCC1CCOOOOOS1(=O)=O,*CC(CCC)S(=O)(=O)O,True,True,False,False,0.043478260869565216,11,13.0,1.0,1.0
CDK_Depict_37_3,C[C@@H](C(=O)O)N(CCSC1CCCCC1)N=O,C=**(CCCC1CCCCC1)CC(C)=O,C[C@@H](C(=O)O)N(CCSC1CCCCC1)N=O,C=**(CCCC1CCCCC1)CC(C)=O,True,True,False,False,0.19298245614035087,19,17.0,1.0,1.0
CDK_Depict_37_4,C(O)[Al](CO)CO,CCO.OC*CO,O[CH2][Al]([CH2]O)[CH2]O,CCO.OC*CO,True,True,False,False,0.1875,9,7.0,0.0,0.0
CDK_Depict_37_5,C[Si](C)(C)CC(N)N(C(C[Si](C)(C)C)N)C(C[Si](C)(C)C)N,*C(C)C[SiH2]C.CCC.CCC,C[Si](C)(C)CC(N)N(C(N)C[Si](C)(C)C)C(N)C[Si](C)(C)C,*C(C)C[SiH2]C.CCC.CCC,True,True,False,False,0.10344827586206896,36,22.0,0.0,3.0
CDK_Depict_37_6,CCCN[SiH]=[N+]=[N-],*=*=[SH+].CCCC,CCCN[SiH]=[N+]=[N-],*=*=[SH+].CCCC,True,True,False,False,0.16,14,7.0,0.0,0.0
CDK_Depict_37_7,CCCC[Sn](CCCC)(CCCC)C1(C=CC=CN1)C(C)(C)C,CCCCCCC1(C(C)(C)C)CCCCC1.CCCCCCCCC,CCC[CH2][Sn]([CH2]CCC)([CH2]CCC)[C]1(C(C)(C)C)C=CC=CN1,CCCCCCC1(C(C)(C)C)CCCCC1.CCCCCCCCC,True,True,False,False,0.2558139534883721,19,23.0,1.0,1.0
CDK_Depict_37_8,C1=CC2=CC(=C2C=C1)C(=O)Cl,CC(=O)c1ccc1,O=C(Cl)C1=c2ccccc2=C1,CC(=O)C1=CC=C1,True,True,False,False,0.15625,20,11.0,2.0,0.0
CDK_Depict_37_9,CN1C(=O)C(C(=O)N(C1=O)C)C2=CC=NN2,CC(=O)CC(C(C)=O)C1**=CC1.CC(C)=O,CN1C(=O)C(c2ccn[nH]2)C(=O)N(C)C1=O,CC(=O)CC(C(C)=O)C1**=CC1.CC(C)=O,True,True,False,False,0.07547169811320754,18,16.0,2.0,0.0
CDK_Depict_37_10,[B]C(=S)[B],S=C(S)[K],[B]C([B])=S,S=[C](S)[K],True,True,False,False,0.2727272727272727,5,4.0,0.0,0.0
CDK_Depict_37_11,C1=CC(=C(C=C1Br)OP(=S)(Cl)Cl)Cl,*.*=*(C)C.CCcccC(N)CCCC,S=P(Cl)(Cl)Oc1cc(Br)ccc1Cl,,True,False,False,False,0.0,22,13.0,1.0,0.0
CDK_Depict_37_12,C1=CC=C(C=C1)CCC(CCl)[Se]C(F)(F)F,CCC(CCC1ccccC1)[SH2+]C(C)(C)C,FC(F)(F)[Se]C(CCl)CCc1ccccc1,CCC(CCC1C=CC=CC1)[SH2+]C(C)(C)C,True,True,False,False,0.08771929824561403,18,16.0,1.0,1.0
CDK_Depict_37_13,C1CC(=CS(=O)(=O)C=C1)[N+](=O)[O-],O=*(=O)c1cc(=O)(=O)ccCC1,O=[N+]([O-])C1=CS(=O)(=O)C=CCC1,,True,False,False,False,0.0,23,12.0,1.0,0.0
CDK_Depict_37_14,[2H]B([3H])[B]P,*.*.*,[2H]B([3H])[B]P,*.*.*,True,True,False,False,0.0,15,5.0,0.0,0.0
CDK_Depict_37_15,CC1=CC(=CC(=C1)[N+]2=NP2)C,*=Nc1cc(C)cc(C)c1,Cc1cc(C)cc([N+]2=NP2)c1,*=Nc1cc(C)cc(C)c1,True,True,False,False,0.2962962962962963,22,11.0,2.0,1.0
CDK_Depict_37_16,[2H][N+](=P)C,C.CC,[2H][N+](C)=P,C.CC,True,True,False,False,0.1,12,4.0,0.0,0.0
CDK_Depict_37_17,C1=CSC(=C1)/C(=C\[C@@H](C[N+](=O)[O-])O)/Cl,C=C(C)cccc.C=O,O=[N+]([O-])C[C@@H](O)/C=C(/Cl)c1cccs1,,True,False,False,False,0.0,34,14.0,1.0,1.0
CDK_Depict_37_18,C1CN1OF,C.CCC,FON1CC1,C.CCC,True,True,False,False,0.0,5,5.0,1.0,0.0
CDK_Depict_37_19,CCOC(N=N[Si](C)(C)C)O,CO.C[SiH](C)*=*CO,CCOC(O)N=N[Si](C)(C)C,CO.C[SiH](C)*=*CO,True,True,False,False,0.08571428571428572,11,11.0,0.0,1.0
CDK_Depict_37_20,CCCS(#N)=S,*#C=S.CCC,CCCS(#N)=S,,True,False,False,False,0.0,9,6.0,0.0,0.0
CDK_Depict_37_21,[B]B(C)I,CC.CSC,[B]B(C)I,CC.CSC,True,True,False,False,0.08333333333333333,7,4.0,0.0,0.0
CDK_Depict_37_22,CC[Al](N=[N+]=[N-])N=[N+]=[N-],*=*=*.*=*=N,C[CH2][Al]([N]=[N+]=[N-])[N]=[N+]=[N-],*=*=*.*=*=N,True,True,False,False,0.0,25,9.0,0.0,0.0
CDK_Depict_37_23,CN[C@@H]1C(CC(=C)CO1)N,*C1CC(=C)CO[C@@H]1NC,C=C1CO[C@H](NC)C(N)C1,*C1CC(=C)CO[C@@H]1NC,True,True,False,False,0.6129032258064516,17,10.0,1.0,2.0
CDK_Depict_37_25,CCCCS[N+]#CC,CC.CCC.CCCC,CC#[N+]SCCCC,CC.CCC.CCCC,True,True,False,False,0.18181818181818182,7,8.0,0.0,0.0
CDK_Depict_37_26,[2H]OOP,CC.CC,[2H]OOP,CC.CC,True,True,False,False,0.0,7,4.0,0.0,0.0
CDK_Depict_37_27,CN(C)[SiH2][SiH2]N(C)C,C*(C)*(C)C,CN(C)[SiH2][SiH2]N(C)C,C*(C)*(C)C,True,True,False,False,0.08333333333333333,14,8.0,0.0,2.0
CDK_Depict_37_28,CC#[N+]/C(=C/C=C\N)/C,*/C=C\C=C\C.CC,CC#[N+]/C(C)=C/C=C\N,*/C=C\C=C\C.CC,True,True,False,False,0.0967741935483871,12,9.0,0.0,0.0
CDK_Depict_37_29,C(=C(F)P(Cl)Cl)(F)F,CC.CC=C(C)C,FC(F)=C(F)P(Cl)Cl,CC.CC=C(C)C,True,True,False,False,0.05263157894736842,13,8.0,0.0,0.0
CDK_Depict_37_30,[2H]N=ICC(=O)O,O=C(O)C*=NS,[2H]N=ICC(=O)O,O=C(O)C*=NS,True,True,False,False,0.21428571428571427,12,7.0,0.0,0.0
CDK_Depict_37_31,[B]C(=[Zr])[CH2-],CC(C)C,[B][C]([CH2-])=[Zr],CC(C)C,True,True,False,False,0.0,13,4.0,0.0,0.0
CDK_Depict_37_32,C(F)[Al](CF)CF,CC[Al](CF)CF,F[CH2][Al]([CH2]F)[CH2]F,C[CH2][Al]([CH2]F)[CH2]F,True,True,False,False,0.5384615384615384,3,7.0,0.0,0.0
CDK_Depict_37_33,S=[As]S[As]=S,CC.CC,S=[As]S[As]=S,CC.CC,True,True,False,False,0.0,13,5.0,0.0,2.0
CDK_Depict_37_34,C1C(CN(C1C(=O)N)C2=CN=NS2)F,*.*.*=*.*C1CCC(C(C)=O)C1,NC(=O)C1CC(F)CN1c1cnns1,*.*.*=*.*C1CCC(C(C)=O)C1,True,True,False,False,0.11538461538461539,23,14.0,2.0,2.0
CDK_Depict_37_35,C[P+](=O)[Se],C=O.C=O,C[P+](=O)[Se],C=O.C=O,True,True,False,False,0.1111111111111111,10,4.0,0.0,1.0
CDK_Depict_37_36,CCC1(NN=C(O1)C2=CC=CO2)CC(Cl)(Cl)Cl,CC(C)C.CCCCCCCCCC,CCC1(CC(Cl)(Cl)Cl)NN=C(c2ccco2)O1,CC(C)C.CCCCCCCCCC,True,True,False,False,0.06521739130434782,21,17.0,2.0,1.0
CDK_Depict_37_37,C(=O)(Cl)Br,CCC,O=C(Cl)Br,CCC,True,True,False,False,0.0,9,4.0,0.0,0.0
CDK_Depict_37_38,CCOC(=O)C=NN(CC(=O)CNC(=O)OC(C)(C)C)N,*[V](CC(=O)C[V]C(=O)OC(C)(C)C)[W]CC(=O)OCC,CCOC(=O)C=NN(N)CC(=O)CNC(=O)OC(C)(C)C,[*][V]([CH2]C(=O)[CH2][V][C](=O)OC(C)(C)C)[W][CH2]C(=O)OCC,True,True,False,False,0.25,26,21.0,0.0,0.0
CDK_Depict_37_39,C[Si](C)(C)OC1(CCC1)C[N+](=O)[O-],C[Si](C)(C)CC1(C[N+](=O)[O-])CCC1,C[Si](C)(C)OC1(C[N+](=O)[O-])CCC1,C[Si](C)(C)CC1(C[N+](=O)[O-])CCC1,True,True,False,False,0.5454545454545454,11,13.0,1.0,0.0
CDK_Depict_37_40,CC(C)(C)SC(=N)SC(C)(C)N,*C(C)(C)C.CSC(C)(C)C,CC(C)(C)SC(=N)SC(C)(C)N,*C(C)(C)C.CSC(C)(C)C,True,True,False,False,0.20833333333333334,7,12.0,0.0,0.0
CDK_Depict_37_41,CN=CC1C(O1)N,CCCCC(C)C,CN=CC1OC1N,CCCCC(C)C,True,True,False,False,0.034482758620689655,6,7.0,1.0,2.0
CDK_Depict_37_42,CC1(N([C@@H](CO1)C=CCCCBr)OC(=O)OC(C)(C)C)C,CCCCC=CC(CC)COC(=O)OC(C)(C)C,CC(C)(C)OC(=O)ON1[C@H](C=CCCCBr)COC1(C)C,CCCCC=CC(CC)COC(=O)OC(C)(C)C,True,True,False,False,0.2903225806451613,19,21.0,1.0,1.0
CDK_Depict_37_43,CC(C(=O)OF)(C(F)(F)F)F,CC(C)(C)C.CF,CC(F)(C(=O)OF)C(F)(F)F,CC(C)(C)C.CF,True,True,False,False,0.2,13,11.0,0.0,1.0
CDK_Depict_37_44,CCCCC[C-]1CCOC=[O+]1,CCC*C*CCCCC,CCCCC[C-]1CCOC=[O+]1,CCC*C*CCCCC,True,True,False,False,0.1891891891891892,12,11.0,1.0,0.0
CDK_Depict_37_45,C(=N/OI)\F,CC=N.COC,F/C=N/OI,CC=N.COC,True,True,False,False,0.1,7,5.0,0.0,0.0
CDK_Depict_37_46,C1=COC=CC1(I)I,[IH-]C1ccccc1,IC1(I)C=COC=C1,,True,False,False,False,0.0,13,8.0,1.0,0.0
CDK_Depict_37_48,CC(C)([CH2+])C#[O+],CCC(C)(C)C,[CH2+]C(C)(C)C#[O+],CCC(C)(C)C,True,True,False,False,0.1875,11,6.0,0.0,0.0
CDK_Depict_37_49,C[Si](P)Br,*[Si](*)C,C[Si](P)Br,*[Si](*)C,True,True,False,False,0.2727272727272727,4,4.0,0.0,0.0
CDK_Depict_37_50,C1(=NC(=NC(=O)N1)N=O)[SiH3],O=[U]c1[U]c[U]C(=O)[U]1,O=Nc1nc([SiH3])[nH]c(=O)n1,[O]=[U][CH]1[U][CH2][U][C](=O)[U]1,True,True,False,False,0.07317073170731707,22,10.0,1.0,1.0
CDK_Depict_37_51,[N-]=IPP,*=IP,[N-]=IPP,*=IP,True,True,False,False,0.15384615384615385,5,4.0,0.0,1.0
CDK_Depict_37_52,C(C(Cl)(Cl)Cl)[Si][Si](Cl)(Cl)Cl,C.CC(C)(C)C.C[SiH3],ClC(Cl)(Cl)C[Si][Si](Cl)(Cl)Cl,C.CC(C)(C)C.C[SiH3],True,True,False,False,0.047619047619047616,20,10.0,0.0,0.0
CDK_Depict_37_53,C1=COC(=N1)C2(N=NN=N2)C3=NNN=C3,*.*.*.*.*.*.*.*.*.*.Cc1cccc1,c1coc(C2(c3cn[nH]n3)N=NN=N2)n1,,True,False,False,False,0.0,30,15.0,3.0,0.0
CDK_Depict_37_55,CC(C)(C)C(C(=NC)Cl)Br,CCC(C)C(C)C(C)(C)C,CN=C(Cl)C(Br)C(C)(C)C,CCC(C)C(C)C(C)(C)C,True,True,False,False,0.1724137931034483,9,10.0,0.0,1.0
CDK_Depict_37_56,CN/C=C(\C(=O)I)/C(F)(F)F,CCC(C)C,CN/C=C(\C(=O)I)C(F)(F)F,CCC(C)C,True,True,False,False,0.034482758620689655,17,11.0,0.0,0.0
CDK_Depict_37_57,B(NC1=NC(=NC(=N1)N)NB(O)O)(O)O,C=C.CC.C[AlH]*(O)O,Nc1nc(NB(O)O)nc(NB(O)O)n1,C=C.CC.[CH3][AlH][*](O)O,True,True,False,False,0.03333333333333333,22,15.0,1.0,0.0
CDK_Depict_37_58,CC1=C(C12C(C(=C2Cl)Cl)Cl)C,CCC.CCCC,CC1=C(C)C12C(Cl)=C(Cl)C2Cl,CCC.CCCC,True,True,False,False,0.043478260869565216,19,11.0,2.0,1.0
CDK_Depict_37_59,[B]C[Si],CCC,[B]C[Si],CCC,True,True,False,False,0.1111111111111111,7,3.0,0.0,0.0
CDK_Depict_37_60,C[N+](C)(C)CCSOCl(=O)(=O)=O,C=C(=C)CC.CC,C[N+](C)(C)CCSO[Cl+3]([O-])([O-])[O-],,True,False,False,False,0.0,20,12.0,0.0,0.0
CDK_Depict_37_61,C1COC(O1)C2OCC(O2)(CN(F)F)CN(F)F,C*(C)CC(CO)(CC(C)C)OC(C)C1OCCO1,FN(F)CC1(CN(F)F)COC(C2OCCO2)O1,C*(C)CC(CO)(CC(C)C)OC(C)C1OCCO1,True,True,False,False,0.1568627450980392,23,18.0,2.0,1.0
CDK_Depict_37_62,CC(C)CCC1=PC1,C=CCCCC,CC(C)CCC1=PC1,C=CCCCC,True,True,False,False,0.06666666666666667,7,8.0,1.0,1.0
CDK_Depict_37_63,CC#CC1=CSC[N+]1(C)C,CC.CC.CC.C[nH+]C,CC#CC1=CSC[N+]1(C)C,,True,False,False,False,0.0,10,10.0,1.0,0.0
CDK_Depict_37_64,[2H]C(=C=C)C(C(=O)OCC)NNC(=O)C1=CC=CC=C1,*C(=C=C)C(CCC(=O)c1ccccc1)C(=O)CCC,[2H]C(=C=C)C(NNC(=O)c1ccccc1)C(=O)OCC,*C(=C=C)C(CCC(=O)c1ccccc1)C(=O)CCC,True,True,False,False,0.29508196721311475,22,20.0,1.0,1.0
CDK_Depict_37_65,C(CC(S)SCCCC(S)S)COC1(OS1)N,CC1([Glky])OS1.CC(S)CCCC1(C)CC1(C)OS1,NC1(OCCCC(S)SCCCC(S)S)OS1,,True,False,False,False,0.0,23,17.0,1.0,2.0
CDK_Depict_37_66,CC1=NN(C(=S)O1)C(=O)Cl,CC(=O)N1*COC1=O,Cc1nn(C(=O)Cl)c(=S)o1,CC(=O)N1*COC1=O,True,True,False,False,0.17073170731707318,15,10.0,1.0,0.0
CDK_Depict_37_67,C1CSS(=O)(=S)SC1,O=S1(=S)*CCC*1,O=S1(=S)SCCCS1,O=S1(=S)*CCC*1,True,True,False,False,0.30434782608695654,11,8.0,1.0,0.0
CDK_Depict_37_70,C1CN(C1=O)C=C(S)S,CCC.CCC(S)SSS,O=C1CCN1C=C(S)S,CCC.CCC(S)SSS,True,True,False,False,0.05555555555555555,10,9.0,1.0,0.0
CDK_Depict_37_71,C1CC(=C(C(=C1)P)C=O)I,*C1CCCCC1CC,O=CC1=C(I)CCC=C1P,*C1CCCCC1CC,True,True,False,False,0.025,13,10.0,1.0,0.0
CDK_Depict_37_72,NP(O)OP(O)O,*[PH](Cl)OP(C)C,NP(O)OP(O)O,*[PH](Cl)OP(C)C,True,True,False,False,0.08,8,7.0,0.0,1.0
CDK_Depict_37_73,CC(C)(C)C(CCC(CO)C[P+](=O)O)O,*C(C)CCCC*=O,CC(C)(C)C(O)CCC(CO)C[P+](=O)O,*C(C)CCCC*=O,True,True,False,False,0.11904761904761904,19,15.0,0.0,3.0
CDK_Depict_37_74,[CH-]=[N+]=CC=NC#C,C#CNCC=[V]=[CH+],C#CN=CC=[N+]=[CH-],C#CNC[CH]=[V]=[CH+],True,True,False,False,0.12121212121212122,13,7.0,0.0,0.0
CDK_Depict_37_75,CC1=NC(=O)NN1C(=O)Cl,*=C(C)NC(C)=O,Cc1nc(=O)[nH]n1C(=O)Cl,*=C(C)NC(C)=O,True,True,False,False,0.11764705882352941,12,10.0,1.0,0.0
CDK_Depict_37_76,C1CN(C(=C1[N+](=O)[O-])N)OC(F)(F)F,C.Cc1NCCC1[N+](=O)[O-],NC1=C([N+](=O)[O-])CCN1OC(F)(F)F,C.CC1NCCC1[N+](=O)[O-],True,True,False,False,0.1276595744680851,18,14.0,1.0,0.0
CDK_Depict_37_77,C1C(CC1Cl)C(=S)N,*C(C)C1CC(C)C1,NC(=S)C1CC(Cl)C1,*C(C)C1CC(C)C1,True,True,False,False,0.1,9,8.0,1.0,2.0
CDK_Depict_37_78,CC[Te]Cl,C.CCC,CC[Te]Cl,C.CCC,True,True,False,False,0.2727272727272727,6,4.0,0.0,0.0
CDK_Depict_37_79,C(#N)[Sb],C=CC,N#[C][Sb],C=CC,True,True,False,False,0.0,8,3.0,0.0,0.0
CDK_Depict_37_80,C(=C(N=C(N)N)N=C(N)N)C=NC(=N)N,[(].[(].[)].[(].[)].[(].[)].[(].[)].[(].[)].[(].[)].[(].[)]=C([)]C([)])=[(],N=C(N)N=CC=C(N=C(N)N)N=C(N)N,,True,False,False,False,0.0,63,15.0,0.0,0.0
CDK_Depict_37_81,C1CCN(C1)C(=O)NOC2=CC=NC=C2,CC(=O)C1CCCC1.Cc1ccccc1,O=C(NOc1ccncc1)N1CCCC1,CC(=O)C1CCCC1.Cc1ccccc1,True,True,False,False,0.1702127659574468,21,15.0,2.0,0.0
CDK_Depict_37_82,C#CCCCCOC(C(C#COCCCC#C)N)(OCC#C)OC(CCC#C)CC#CCCC#C,*[Al](*)C(C#COCCCC#C)C(OCC#C)(OCCCCC#C)OC(CC#CCCC#C)CCC#C,C#CCCC#CCC(CCC#C)OC(OCC#C)(OCCCCC#C)C(N)C#COCCCC#C,[*][Al]([*])[CH](C#COCCCC#C)C(OCC#C)(OCCCCC#C)OC(CC#CCCC#C)CCC#C,True,True,False,False,0.7413793103448276,23,35.0,0.0,3.0
CDK_Depict_37_83,C=CC(=O)NCN(CCOP(=O)(O)O)NCCOP(=O)(O)O,**(*)(=O)OCCCCCNC(=O)C=C.*P(*)(=C)=O,C=CC(=O)NCN(CCOP(=O)(O)O)NCCOP(=O)(O)O,,True,False,False,False,0.0,23,22.0,0.0,0.0
CDK_Depict_37_84,CCC1=NC=NP1,CCC(C)CCCNC,CCc1ncn[pH]1,CCC(C)CCCNC,True,True,False,False,0.08571428571428572,7,7.0,1.0,1.0
CDK_Depict_37_85,CC(=O)CCN(C(=O)C)O,CC(C)=O.CC(C)C,CC(=O)CCN(O)C(C)=O,CC(C)=O.CC(C)C,True,True,False,False,0.22727272727272727,9,10.0,0.0,0.0
CDK_Depict_37_86,C(C=N)S(=O)OO,C=CCS(C)=O,N=CCS(=O)OO,C=CCS(C)=O,True,True,False,False,0.2222222222222222,7,7.0,0.0,1.0
CDK_Depict_37_87,C[Se][PH+]=O,C*(C)(C)C,C[Se][PH+]=O,C*(C)(C)C,True,True,False,False,0.08333333333333333,11,4.0,0.0,1.0
CDK_Depict_37_88,CCC(CC(=O)OCC(F)(F)F)(CC(F)(F)F)P(=O)(O)O,CCC(CC(C)=O)C(C(C)(C)C)P(=O)(O)O,CCC(CC(=O)OCC(F)(F)F)(CC(F)(F)F)P(=O)(O)O,CCC(CC(C)=O)C(C(C)(C)C)P(=O)(O)O,True,True,False,False,0.20408163265306123,15,21.0,0.0,1.0
CDK_Depict_37_89,CC(=C(CC(C=C)Cl)N)C,CC.CCC,C=CC(Cl)CC(N)=C(C)C,CC.CCC,True,True,False,False,0.08,14,10.0,0.0,1.0
CDK_Depict_37_90,CCCC[P+](CCCC)(CCCC)C/C(=C/C(=C/[C@H](C)NC(=O)/C(=C/CC)/OC)/C)/C,CCCCCCCCCCCCCCCCCCCCCCCCCCCCCCCCCCCCCCCCCCCCCC,CC/C=C(\OC)C(=O)N[C@@H](C)/C=C(C)/C=C(\C)C[P+](CCCC)(CCCC)CCCC,CCCCCCCCCCCCCCCCCCCCCCCCCCCCCCCCCCCCCCCCCCCCCC,True,True,False,False,0.13043478260869565,37,31.0,0.0,1.0
CDK_Depict_37_91,C(CO)NCCOOI,CC.CCCO,OCCNCCOOI,CC.CCCO,True,True,False,False,0.16,6,9.0,0.0,0.0
CDK_Depict_37_92,[N-]=[N+]=NN(Br)Br,***C,[N-]=[N+]=NN(Br)Br,***C,True,True,False,False,0.0,18,6.0,0.0,0.0
CDK_Depict_37_94,CC(C1=CC=CC(=C1)/C=N/OCC2=C(C=CC=C2Cl)Cl)C(=O)O,CC.CCC1=C(C)C=CC=C1C,CC(C(=O)O)c1cccc(/C=N/OCc2c(Cl)cccc2Cl)c1,CC.CCc1c(C)cccc1C,True,True,False,False,0.15384615384615385,31,23.0,2.0,1.0
CDK_Depict_37_95,CC1=NN=C(S1)N2CSC(=C2)O,*C1=CC(C2=**c(C)S2)CS1,Cc1nnc(N2C=C(O)SC2)s1,*C1=CC(C2=*=*C(C)S2)CS1,True,True,False,False,0.11320754716981132,17,12.0,2.0,0.0
CDK_Depict_37_96,C1=COC(=N1)CNC2=CN=CO2,C*c1c[U]cO1,c1coc(CNc2cnco2)n1,C*C1=[CH][U][CH2]O1,True,True,False,False,0.06521739130434782,19,12.0,2.0,0.0
CDK_Depict_37_98,B(=N)C(C)(C)I,CC.CC.CC.CC.CC.CC.CC.CC.CC.CC.CC.CC.CC.CC.CC.CC.CC.CC.CC,CC(C)(I)B=N,CC.CC.CC.CC.CC.CC.CC.CC.CC.CC.CC.CC.CC.CC.CC.CC.CC.CC.CC,True,True,False,False,0.08333333333333333,53,6.0,0.0,0.0
CDK_Depict_37_99,B(C)(N)[18F],CC.CC.[2HH],CB(N)[18F],CC.CC.[2HH],True,True,False,False,0.1,9,4.0,0.0,0.0
CDK_Depict_38_2,C/C(=N\OC(=O)N/C(=C/C=C)/C=C/Cl)/CCC1=CC=CS1,C=C/C=C(N)/C=C/Cl.CC(=O)O/N=C(\C)CCc1cccS1,C=C/C=C(\C=C\Cl)NC(=O)O/N=C(\C)CCc1cccs1,C=C/C=C(N)/C=C/Cl.CC(=O)O/N=C(\C)CCc1cccs1,True,True,False,False,0.7241379310344828,28,21.0,1.0,0.0
CDK_Depict_38_3,CC1(CC([SiH2][Si]([SiH2][Si](C1)(C)Cl)(C)Cl)(C)Cl)Cl,*C1(C)CC(C)(C)C[Si](*)(C)[SiH2][Si](C)(C)[SiH2]1.C,CC1(Cl)CC(C)(Cl)[SiH2][Si](C)(Cl)[SiH2][Si](C)(Cl)C1,*C1(C)CC(C)(C)C[Si](*)(C)[SiH2][Si](C)(C)[SiH2]1.C,True,True,False,False,0.2619047619047619,31,16.0,1.0,6.0
CDK_Depict_38_4,COP(=S)(CCCCSSSSSSCCCCP(=S)(OC)OC)OC,COP(=S)(CCCCSSSSSSCCCC[PH](=S)(OC)OC)OC,COP(=S)(CCCCSSSSSSCCCCP(=S)(OC)OC)OC,,True,False,False,False,0.0,3,26.0,0.0,0.0
CDK_Depict_38_5,CN(C)CCN(C)CCP(=S)(C)C,CN(C)CCN(C)CC*(C)(C)=S,CN(C)CCN(C)CCP(C)(C)=S,CN(C)CCN(C)CC*(C)(C)=S,True,True,False,False,0.42857142857142855,5,13.0,0.0,0.0
CDK_Depict_38_6,C1/C=C/C=C/C=C\C=C\C=C\C=C/N(NOO1)C(=O)O,*[Ni]N/C=C\C=C\C=C\C=C/C=C/CCCC.CC(=O)O,O=C(O)N1\C=C/C=C/C=C/C=C\C=C\C=C\COON1,CC(=O)O.[*][Ni][NH]\C=C/C=C/C=C/C=C\C=C\CCCC,True,True,False,False,0.07017543859649122,15,20.0,1.0,0.0
CDK_Depict_38_7,C1CCCCCC(NCCCCC1)OC2=C(N=NN=C2Cl)Cl,Cl.Clc1c(OC2CCCCCCCCCCCN2)c(Cl)nn*1,Clc1nnnc(Cl)c1OC1CCCCCCCCCCCN1,Cl.Clc1*nnc(Cl)c1OC1CCCCCCCCCCCN1,True,True,False,False,0.65,24,22.0,2.0,1.0
CDK_Depict_38_8,C1CN(C(=C(C#N)C#N)N1)P(=S)(O)O,N#C/C(C#[V])=C1/[V]CC[V]1P(=S)([W])[W],N#CC(C#N)=C1NCCN1P(O)(O)=S,N#C/C([C]#[V])=[C]1/[V][CH2][CH2][V]1[P](=S)([W])[W],True,True,False,False,0.2708333333333333,25,14.0,1.0,0.0
CDK_Depict_38_9,C(Br)(Br)(Br)I,CC(C)(C)[Br-],BrC(Br)(Br)I,,True,False,False,False,0.0,8,5.0,0.0,0.0
CDK_Depict_38_10,B(C1CC1)(NC)O,CC1CC1.CNC,CNB(O)C1CC1,CC1CC1.CNC,True,True,False,False,0.3,6,7.0,1.0,0.0
CDK_Depict_38_11,CC=C(C(=O)SC)N=C=O,CC=C([V]=C=O)C(=O)SC,CC=C(N=C=O)C(=O)SC,CC=[C]([V]=[C]=O)C(=O)SC,True,True,False,False,0.43333333333333335,12,10.0,0.0,0.0
CDK_Depict_38_12,CN(C)S(C)(C)I,*[Si](C)(C)C.C[V](C)C,CN(C)S(C)(C)I,*[Si](C)(C)C.[CH3][V]([CH3])[CH3],True,True,False,False,0.05555555555555555,13,7.0,0.0,0.0
CDK_Depict_38_13,CN(C)C1=NC(=NC(=N1)N\2C(=NC(=N/C2=N/O)N(C)C)N(C)C)N(C)C,C*(C)C(C)*C(=NC(=N)N(C)C)*1C(=NO)*c(*(C)C)*c1*(C)C,CN(C)c1nc(N(C)C)nc(-n2c(N(C)C)nc(N(C)C)n/c2=N/O)n1,C*(C)C(C)*C(=NC(=N)N(C)C)*1C(=NO)*C(*(C)C)*C1*(C)C,True,True,False,False,0.11940298507462686,27,26.0,2.0,0.0
CDK_Depict_38_14,S=[Sb](I)(I)I,C[Sb](C)(C)=S,[S]=[Sb]([I])([I])[I],[CH3][Sb]([CH3])([CH3])=[S],True,True,False,False,0.3333333333333333,6,5.0,0.0,0.0
CDK_Depict_38_15,CC(=O)CC(=O)C[Sn](Cl)(Cl)Cl,CC(=O)CC(=O)C[Sn](Cl)(Cl)Cl,CC(=O)CC(=O)[CH2][Sn]([Cl])([Cl])[Cl],CC(=O)CC(=O)[CH2][Sn]([Cl])([Cl])[Cl],True,True,True,True,1.0,0,11.0,0.0,0.0
CDK_Depict_38_16,C[Se](C)(S)S,CC.CS.S,C[Se](C)(S)S,CC.CS.S,True,True,False,False,0.2222222222222222,8,5.0,0.0,0.0
CDK_Depict_38_17,C[Si](=C)F,c[Si](C)C,C=[Si](C)F,,True,False,False,False,0.0,3,4.0,0.0,0.0
CDK_Depict_38_18,C1CC/C=C(\C(CC1)OCCNC(=O)C(F)(F)F)/Br,O=C(NCCOC1CCCCC/C=C\1[F-])C(F)(F)F,O=C(NCCOC1CCCCC/C=C\1Br)C(F)(F)F,,True,False,False,False,0.0,22,19.0,1.0,1.0
CDK_Depict_38_19,C1(C(OC(=O)O1)(I)I)I,CC(O)C(C)O,O=C1OC(I)C(I)(I)O1,CC(O)C(C)O,True,True,False,False,0.0,13,9.0,1.0,1.0
CDK_Depict_38_21,N[SiH2]S[SiH2]N,CS.C[Ir].C[NH2+]N,N[SiH2]S[SiH2]N,CS.C[NH2+]N.[CH3][Ir],True,True,False,False,0.058823529411764705,12,5.0,0.0,2.0
CDK_Depict_38_22,B(C1=CC=CC=N1)(O)P,*1cccC1.CCO,OB(P)c1ccccn1,*1=CC=CC1.CCO,True,True,False,False,0.05263157894736842,14,9.0,1.0,0.0
CDK_Depict_38_23,[3H]S(I)(I)I,CS(C)(C)I,[3H]S(I)(I)I,CS(C)(C)I,True,True,False,False,0.09090909090909091,6,5.0,0.0,0.0
CDK_Depict_38_24,CN(C)NP1OCCO1,C[V](C)N[IH]1OCCO1,CN(C)NP1OCCO1,[CH3][V]([CH3])[NH][IH]1OCCO1,True,True,False,False,0.21428571428571427,7,9.0,1.0,0.0
CDK_Depict_38_25,C1C2=CC(C=CC2=NC(O1)N)(CC3=NC=CS3)N,*C1nc2ccC(N)(Cc3=nC=CS3)cc2CO1,NC1N=C2C=CC(N)(Cc3nccs3)C=C2CO1,*C1N=C2C=CC(N)(Cc3nccs3)C=C2CO1,True,True,False,False,0.78,24,18.0,3.0,2.0
CDK_Depict_38_26,C[N+](C)(CCF)CBr,CCCC.CC[N+](C)(C)C,C[N+](C)(CBr)CCF,CCCC.CC[N+](C)(C)C,True,True,False,False,0.18181818181818182,10,8.0,0.0,0.0
CDK_Depict_38_27,C(C(=O)O)O[Si](O)(O)O,O=C(O)CO[Si](O)(O)O,O=C(O)CO[Si](O)(O)O,O=C(O)CO[Si](O)(O)O,True,True,True,True,1.0,5,9.0,0.0,0.0
CDK_Depict_38_28,C(=O)(F)[Si],C.CC(=O)[S-],O=C(F)[Si],C.CC(=O)[S-],True,True,False,False,0.21428571428571427,7,4.0,0.0,0.0
CDK_Depict_38_29,C(=[N-])=[SiH+],[SiH+]=C=[V],[N-]=C=[SiH+],[SiH+]=[C]=[V],True,True,False,False,0.3333333333333333,12,3.0,0.0,0.0
CDK_Depict_38_30,COC(CCNSC)C(F)(F)F,CC(CCN)C(F)(F)F.CSC,COC(CCNSC)C(F)(F)F,CC(CCN)C(F)(F)F.CSC,True,True,False,False,0.2857142857142857,7,12.0,0.0,1.0
CDK_Depict_38_31,CCCCCCP(=S)(S)S,CCCCCCC.S=[2H](S)[16S],CCCCCCP(=S)(S)S,,True,False,False,False,0.0,11,10.0,0.0,0.0
CDK_Depict_38_32,[P-]1P=P1,C[2H]C,P1=P[P-]1,,True,False,False,False,0.0,8,3.0,1.0,3.0
CDK_Depict_38_33,C/C=C(\C(=C)OCOC(C)N)/OC,C=C(OCC)/C(=C/C)OC.CC(C)O,C=C(OCOC(C)N)/C(=C\C)OC,C=C(OCC)/C(=C/C)OC.CC(C)O,True,True,False,False,0.5588235294117647,14,13.0,0.0,1.0
CDK_Depict_38_34,C[Si](C)(C)[Se]CC1=CC=CC=C1,CCc1ccccc1.C[Si](C)(C)C,C[Si](C)(C)[Se]Cc1ccccc1,CCc1ccccc1.C[Si](C)(C)C,True,True,False,False,0.48,21,12.0,1.0,0.0
CDK_Depict_38_35,C1=CNC=C2C1=CN=CC2=[N+]=[N-],[N-]=[N+]=C1C=*C=C2cc[nH]Cc21,[N-]=[N+]=c1cncc2cc[nH]cc1-2,[N-]=[N+]=C1C=*C=C2C=CNCC21,True,True,False,False,0.1346153846153846,21,12.0,2.0,0.0
CDK_Depict_38_36,C(=P#P)P,*C=C.[2HH],P#P=CP,*C=C.[2HH],True,True,False,False,0.06666666666666667,9,4.0,0.0,1.0
CDK_Depict_38_37,CC(CCNC)C(CBr)O,CNCCC(C)C(O)CBr,CNCCC(C)C(O)CBr,CNCCC(C)C(O)CBr,True,True,True,True,1.0,7,10.0,0.0,2.0
CDK_Depict_38_39,C=CN=C=[Se],C=CC.N=C=[SeH],C=CN=C=[Se],C=CC.N=C=[SeH],True,True,False,False,0.19047619047619047,3,5.0,0.0,0.0
CDK_Depict_38_41,COC1=NOC(=C1)NOC,CONc1cc(OC)*O1,CONc1cc(OC)no1,CONc1cc(OC)*o1,True,True,False,False,0.4117647058823529,10,10.0,1.0,0.0
CDK_Depict_38_42,CC(=NC(=NCC1=CC(=CCC1)Cl)/C(=N/C(=O)O)/N)N,C.CC(=N)C(N=C(C)N)=NCC1=CC(C)=CCC1.CC(=O)O,CC(N)=NC(=NCC1=CC(Cl)=CCC1)/C(N)=N/C(=O)O,C.CC(=N)C(N=C(C)N)=NCC1=CC(C)=CCC1.CC(=O)O,True,True,False,False,0.5555555555555556,26,20.0,1.0,0.0
CDK_Depict_38_43,C1=C(C2C(=C1)SC=N2)NC(=O)O,CC(C)=O.Cc1ccc2SC=*C12,O=C(O)NC1=CC=C2SC=NC12,CC(C)=O.CC1=CC=C2SC=*C12,True,True,False,False,0.3023255813953488,19,12.0,2.0,1.0
CDK_Depict_38_44,C1NCNC(N1)C(N)(N)N,CC.CC[AlH]CC.[HH].[HH],NC(N)(N)C1NCNCN1,CC.C[CH2][AlH][CH2]C.[HH].[HH],True,True,False,False,0.0,19,10.0,1.0,0.0
CDK_Depict_38_45,CC1=C(C1)SCC(=O)N,*C(=O)CSC1CC(C)C1,CC1=C(SCC(N)=O)C1,*C(=O)CSC1CC(C)C1,True,True,False,False,0.21621621621621623,11,9.0,1.0,0.0
CDK_Depict_38_46,CC1(CN(CCS1)/C=C\N)O,CC=C[NH].CCCSC(C)(O)CC,CC1(O)CN(/C=C\N)CCS1,CC=C[NH].CCCSC(C)(O)CC,True,True,False,False,0.061224489795918366,16,11.0,1.0,1.0
CDK_Depict_38_47,C1CC(CCC1NP)ON,CNC1CCC(O)CC1.C[W],NOC1CCC(NP)CC1,CNC1CCC(O)CC1.[CH3][W],True,True,False,False,0.1935483870967742,10,10.0,1.0,2.0
CDK_Depict_38_48,C=C(/C=C\C1=CNC(C1)C=O)C(=N)N,C=C(/C=C\C1CNC(C=O)C1)C(=N)N,C=C(/C=C\C1=CNC(C=O)C1)C(=N)N,C=C(/C=C\C1CNC(C=O)C1)C(=N)N,True,True,False,False,0.44680851063829785,5,14.0,1.0,1.0
CDK_Depict_38_49,CCCCC=P1(C(C1CC)C)C,CCCCC=[PH]1(C)C(C)C1CC,CCCCC=P1(C)C(C)C1CC,,True,False,False,False,0.0,8,12.0,1.0,3.0
CDK_Depict_38_50,CCCC=N/C(=C\SSCCNC(=O)CNN)/C,[2*]NNCC(=O)NCCSS/C=C(/C)N=CCCC,CCCC=N/C(C)=C\SSCCNC(=O)CNN,[2*]NNCC(=O)NCCSS/C=C(/C)N=CCCC,True,True,False,False,0.75,19,18.0,0.0,0.0
CDK_Depict_38_51,C1=CC=C(C=C1)C(CC2N(C=NN2Cl)Cl)N=O,O=[V]C(CC1N(Cl)C=[V][Al]1Cl)c1ccccc1,O=NC(CC1N(Cl)C=NN1Cl)c1ccccc1,[O]=[V][CH](C[CH]1N(Cl)[CH]=[V][Al]1[Cl])c1ccccc1,True,True,False,False,0.3090909090909091,27,17.0,2.0,2.0
CDK_Depict_38_52,CC(=C)C(C(C(=C)C)OOC(C)(C)C)OOC(C)(C)C,C=C(C)C(C)C(O)C(=C)C.CC.CC,C=C(C)C(OOC(C)(C)C)C(OOC(C)(C)C)C(=C)C,C=C(C)C(C)C(O)C(=C)C.CC.CC,True,True,False,False,0.25925925925925924,18,20.0,0.0,2.0
CDK_Depict_38_53,COP(C)N1CC1C#N,CC.COC.N#CC1C[Lv]1,COP(C)N1CC1C#N,CC.COC.N#C[CH]1[CH2][Lv]1,True,True,False,False,0.28125,11,9.0,1.0,3.0
CDK_Depict_38_54,CCOC(=O)C(=C=[N-])C[P+](C)(C)C1=CC=CC=C1,CC(=O)C(=C=[N-])C*(C)(C)C.CC1=CC=CC=C1.CCO,CCOC(=O)C(=C=[N-])C[P+](C)(C)c1ccccc1,CC(=O)C(=C=[N-])C*(C)(C)C.CCO.Cc1ccccc1,True,True,False,False,0.3877551020408163,13,18.0,1.0,0.0
CDK_Depict_38_56,CCNC(=O)OC[C@H](C(C)(C)C)N=C=O,CC(C)(C)[C@H](*=C=O)CO.CC*C(C)=O,CCNC(=O)OC[C@@H](N=C=O)C(C)(C)C,CC(C)(C)[C@H](*=C=O)CO.CC*C(C)=O,True,True,False,False,0.2653061224489796,18,15.0,0.0,1.0
CDK_Depict_38_57,C1=CC=C(C=C1)[Te]/C(=C(\C2=CC=CC=C2I)/I)/I,CC(C)=C(C)c1ccccC1I.CC1CccCC1,I/C([Te]c1ccccc1)=C(\I)c1ccccc1I,,True,False,False,False,0.0,30,18.0,2.0,0.0
CDK_Depict_38_58,C1C=NN(S1)NC(=S)N,CN1[NH]=CCS1,NC(=S)NN1N=CCS1,,True,False,False,False,0.0,13,9.0,1.0,0.0
CDK_Depict_38_59,C1=C(NC(=S)N1)Cl,CC(C)CNC([AlH])=S,S=c1[nH]cc(Cl)[nH]1,CC(C)CN[C]([AlH])=S,True,True,False,False,0.029411764705882353,11,7.0,1.0,0.0
CDK_Depict_38_60,CCC1C=C(C(=CN=C1N)F)N,CCC1CC(N)=C(C)C[V]=C1[V],CCC1C=C(N)C(F)=CN=C1N,CCC1CC(N)=C(C)[CH2][V]=[C]1[V],True,True,False,False,0.17391304347826086,14,12.0,1.0,1.0
CDK_Depict_38_61,CC(C)SOON(C)C,COOSC(C)C.C[V]C,CC(C)SOON(C)C,COOSC(C)C.[CH3][V][CH3],True,True,False,False,0.43478260869565216,10,9.0,0.0,0.0
CDK_Depict_38_62,C(=C(\S)/Cl)\I,C/C=C(/S)Cl,S/C(Cl)=C\I,C/C=C(/S)Cl,True,True,False,False,0.5,7,5.0,0.0,0.0
CDK_Depict_38_63,CP(C1=CC=CS1)SNCCCOC2=CC(=C(C=C2)Cl)Cl,CC1=CC=CS1.C[SH]S[SH]CCCOc1ccc(Cl)c(Cl)c1,CP(SNCCCOc1ccc(Cl)c(Cl)c1)c1cccs1,C[SH]S[SH]CCCOc1ccc(Cl)c(Cl)c1.Cc1cccs1,True,True,False,False,0.4666666666666667,25,21.0,2.0,1.0
CDK_Depict_38_64,CCCCC1(C=CC(C=C1)OCC(=O)N)N=C(N)NC(=O)N2C=C(NC(=C2Cl)N)N,*C(=O)CoC1ccC(CCCC)(N=C(*C)NC(=O)N2C=C(*)NC(*)=C2Cl)Cc1,CCCCC1(N=C(N)NC(=O)N2C=C(N)NC(N)=C2Cl)C=CC(OCC(N)=O)C=C1,,True,False,False,False,0.0,27,30.0,2.0,2.0
CDK_Depict_38_65,CC(C1=CC=CC=C1)O[SiH2]COC2=CC=C(C=C2)OC[SiH2]OC(C)C3=CC=CC=C3,CC(O[Si](COC1=CC=C(OC[SiH2]OC(C)c2ccccc2)C=C1)C1=CC=CC=C1)C1=CC=CC=C1,CC(O[SiH2]COc1ccc(OC[SiH2]OC(C)c2ccccc2)cc1)c1ccccc1,CC(O[SiH2]COc1ccc(OC[Si](OC(C)c2ccccc2)c2ccccc2)cc1)c1ccccc1,True,True,False,False,0.7,35,30.0,3.0,4.0
CDK_Depict_38_66,C(=O)(C(C(OC(=O)C(F)(F)F)(F)F)(O)F)N,*C(*)(C(N)=O)C(C)(C)F.CC(=O)C(C)(C)C,NC(=O)C(O)(F)C(F)(F)OC(=O)C(F)(F)F,*C(*)(C(N)=O)C(C)(C)F.CC(=O)C(C)(C)C,True,True,False,False,0.2571428571428571,21,16.0,0.0,1.0
CDK_Depict_38_67,CC(C1(CC=CC=C1)Cl)N=NC(C)C2(CC=CC=C2)Cl,CC(C)C1(C)CcccC1.CC(C)C1(Cl)CC=CCC1,CC(N=NC(C)C1(Cl)C=CC=CC1)C1(Cl)C=CC=CC1,,True,False,False,False,0.0,19,20.0,2.0,4.0
CDK_Depict_38_68,N(=S(=O)(O)OO)O,*C.COO.O=S=O,O=S(O)(=NO)OO,*C.COO.O=S=O,True,True,False,False,0.17391304347826086,12,7.0,0.0,1.0
CDK_Depict_38_69,COCCOCOC1=CC=CC(=C1)C#C[Si](C)(C)C,COCCOCOC1=CC=CC(C#C[Si](C)(C)C)=C1,COCCOCOc1cccc(C#C[Si](C)(C)C)c1,COCCOCOc1cccc(C#C[Si](C)(C)C)c1,True,True,True,True,1.0,8,19.0,1.0,0.0
CDK_Depict_38_70,C(NC(Cl)Cl)OP(=O)(OCNC(Cl)Cl)OCNC(Cl)Cl,ClC(Cl)Cl.NCO[PH](=O)(OCNC(Cl)Cl)OCNC(Cl)Cl,O=P(OCNC(Cl)Cl)(OCNC(Cl)Cl)OCNC(Cl)Cl,,True,False,False,False,0.0,8,20.0,0.0,0.0
CDK_Depict_38_71,CC1(NN1C/C(=C/C(=C(\C=C)/Cl)/OCCCOC)/Br)C,C=C/C(Cl)=C(\C=C(/C)CN1[W]C1(C)C)OCCCOC,C=C/C(Cl)=C(\C=C(/Br)CN1NC1(C)C)OCCCOC,C=C/C(Cl)=C(\C=C(/C)C[N]1[W][C]1(C)C)OCCCOC,True,True,False,False,0.5660377358490566,26,20.0,1.0,1.0
CDK_Depict_38_72,CNC(C/C=N\CCl)NCC(O)O,*C([1H])CNC(*C)C/C=N\CCl,CNC(C/C=N\CCl)NCC(O)O,*C([1H])CNC(*C)C/C=N\CCl,True,True,False,False,0.36363636363636365,19,13.0,0.0,1.0
CDK_Depict_38_73,CCOC(C)(/C=C/[Si])OCC,CCOC(C)(/C=C/[SiH3])OCC,CCOC(C)(/C=C/[Si])OCC,CCOC(C)(/C=C/[SiH3])OCC,True,True,False,False,0.5833333333333334,2,11.0,0.0,0.0
CDK_Depict_38_74,CC(C)CN1CCC(C1)CNC(=O)NC(C)(CO)C2CC2,*CC(C)(NC(=O)NCC1CCNC1)C1CC1.CCC(C)C,CC(C)CN1CCC(CNC(=O)NC(C)(CO)C2CC2)C1,*CC(C)(NC(=O)NCC1CCNC1)C1CC1.CCC(C)C,True,True,False,False,0.45,22,21.0,2.0,2.0
CDK_Depict_38_75,C1C(=NN=CN1C2=CC=CC=C2)Cl,Clc1n*c*(c2ccccc2)C1,ClC1=NN=CN(c2ccccc2)C1,ClC1=N*C*(c2ccccc2)C1,True,True,False,False,0.2619047619047619,20,13.0,2.0,0.0
CDK_Depict_38_76,CC/C=C/1\CCC(C#CC(ONC1)/C(=C/C)/C=C\C=C/C)O,C/C=C/C=C\C(CC)C(C)CO.CC/C=C(\CN)CCC(O)/C=C\C(CO)C(CC)CC,C\C=C/C=C\C(=C/C)C1C#CC(O)CC/C(=C\CC)CNO1,C/C=C/C=C\C(CC)C(C)CO.CC/C=C(\CN)CCC(O)/C=C\C(CO)C(CC)CC,True,True,False,False,0.13580246913580246,29,22.0,1.0,2.0
CDK_Depict_38_77,C1CCC(CC1)ONC(=O)NCCCCCN(C2=CC(=O)C2=O)NC3=CC=NC=C3,CC(=O)NCCCCCNNC1=CC=CC=C1.CC1=CC(=O)C1=O.NOC1CCCCC1,O=C(NCCCCCN(Nc1ccncc1)c1cc(=O)c1=O)NOC1CCCCC1,CC(=O)NCCCCCNNc1ccccc1.Cc1cc(=O)c1=O.NOC1CCCCC1,True,True,False,False,0.375,28,30.0,3.0,0.0
CDK_Depict_38_78,CCCCOC(=O)/C=C/C1CC2CC1N(N2OC(=O)OC(C)(C)C)OC(=O)OC(C)(C)C,CC.CC(=O)O.CCCCOC(=O)/C=C/C1CC2*N(C)C1C2.CO,CCCCOC(=O)/C=C/C1CC2CC1N(OC(=O)OC(C)(C)C)N2OC(=O)OC(C)(C)C,CC.CC(=O)O.CCCCOC(=O)/C=C/C1CC2*N(C)C1C2.CO,True,True,False,False,0.4603174603174603,32,32.0,2.0,3.0
CDK_Depict_38_79,[2H]C1=C(C(=C(C(=C1[2H])[2H])C2=C(C(=C(C(=C2[2H])[2H])Br)Br)C3=C(C(=C(C(=C3[2H])[2H])[2H])[2H])[2H])[2H])[2H],[2H]C1=C([2H])C([2H])=C(C2=C(C3=C([2H])c([2H])c([2H])c([2H])c3[2H])C([2H])=C(O)C([2H])=C2[2H])C([2H])=C1[2H],[2H]c1c([2H])c([2H])c(-c2c([2H])c([2H])c(Br)c(Br)c2-c2c([2H])c([2H])c([2H])c([2H])c2[2H])c([2H])c1[2H],[2H]c1c([2H])c([2H])c(-c2c([2H])c([2H])c(O)c([2H])c2-c2c([2H])c([2H])c([2H])c([2H])c2[2H])c([2H])c1[2H],True,True,False,False,0.3939393939393939,54,32.0,3.0,0.0
CDK_Depict_38_80,CCC(CC(C)OC)(N=N)OC,CCC(CC(C)C)(N=N)OC.O,CCC(CC(C)OC)(N=N)OC,CCC(CC(C)C)(N=N)OC.O,True,True,False,False,0.6896551724137931,3,12.0,0.0,2.0
CDK_Depict_38_81,CO[N+](=C(C#N)C1=CC=C(C=C1)CO)S(=O)O,CO[N+](C)=C(C#N)c1ccc(C[Cd])cc1,CO[N+](=C(C#N)c1ccc(CO)cc1)S(=O)O,CO[N+](C)=C(C#N)c1ccc([CH2][Cd])cc1,True,True,False,False,0.4666666666666667,19,17.0,1.0,1.0
CDK_Depict_38_82,CC(NS(=O)(=O)C)N(C(=O)O)C(C)(C)C,CC(N)NC(=O)O.CS(C)(=O)=O,CC(NS(C)(=O)=O)N(C(=O)O)C(C)(C)C,CC(N)NC(=O)O.CS(C)(=O)=O,True,True,False,False,0.3142857142857143,17,15.0,0.0,1.0
CDK_Depict_38_83,C1=CC(=C(C(=C1)C(F)(F)F)C(F)(F)F)C(OS(=O)(=O)Br)Br,*C(C)C1=C(c)c(C(c)(c)c)ccc1.O=S(=O)(=O)Br,O=S(=O)(Br)OC(Br)c1cccc(C(F)(F)F)c1C(F)(F)F,,True,False,False,False,0.0,28,21.0,1.0,1.0
CDK_Depict_38_84,C1=CC(=CN=C1)CC(CC(=O)O)C2=CC=CO2,CC(=O)CC(CC1ccc[U]C1)c1cccO1.O,O=C(O)CC(Cc1cccnc1)c1ccco1,,True,False,False,False,0.0,25,17.0,2.0,1.0
CDK_Depict_38_85,COCC1CN(C1)CC#CCOI,CC.CCC1CN(CC#CCOC)C1.O,COCC1CN(CC#CCOI)C1,CC.CCC1CN(CC#CCOC)C1.O,True,True,False,False,0.5405405405405406,10,13.0,1.0,0.0
CDK_Depict_38_86,CP1(=O)C(=C2C=CC=CC2=C1C3=CC=CC=C3)C4=CC=CC=C4,O=C1c(-c2ccccc2)c2ccccc2c1c1ccccc1,CP1(=O)C(c2ccccc2)=c2ccccc2=C1c1ccccc1,O=C1C(c2ccccc2)=c2ccccc2=C1c1ccccc1,True,True,False,False,0.39285714285714285,42,23.0,4.0,0.0
CDK_Depict_38_87,C1=NN(N=C1)ON2N=CC=N2,CN1[V]cc[V]1.C[V]1[V]cc[V]1,c1cnn(On2nccn2)n1,C[N]1[V][CH]=[CH][V]1.[CH3][V]1[V][CH]=[CH][V]1,True,True,False,False,0.07692307692307693,24,11.0,2.0,0.0
CDK_Depict_38_88,CNC(=S)NNC1=CC=C(C=C1)NS(=O)(=O)S(=O)(=O)S(=O)(=O)S(=O)(=O)S(=O)(=O)S(=O)(=O)S(=O)[O-],CNC(=S)NNc1ccc(NS(=O)(=O)S(=O)(=O)S(=O)(=O)S(=O)(=O)S(=O)(=O)S(=O)(=O)S(=O)(=O)[SH](=O)(=O)[O-])cc1,CNC(=S)NNc1ccc(NS(=O)(=O)S(=O)(=O)S(=O)(=O)S(=O)(=O)S(=O)(=O)S(=O)(=O)S(=O)[O-])cc1,,True,False,False,False,0.0,25,34.0,1.0,1.0
CDK_Depict_38_89,C=C(OCl)Cl,C=C(Cl)OCl,C=C(Cl)OCl,C=C(Cl)OCl,True,True,True,True,1.0,2,5.0,0.0,0.0
CDK_Depict_38_90,CC(C)(CNCl)COC,CCC(C)(C)CCCl,COCC(C)(C)CNCl,CCC(C)(C)CCCl,True,True,False,False,0.21428571428571427,6,9.0,0.0,0.0
CDK_Depict_38_91,C1=C(C(=C(S1)N)F)C(=O)O,*/C(C)=C(c)\C(=C\C)C(C)=O.S,Nc1scc(C(=O)O)c1F,,True,False,False,False,0.0,17,10.0,1.0,0.0
CDK_Depict_38_92,C1C[N+](C(N1)C2=CC=CC=C2)(CCCl)[O-],CCC[Li]1([O-])CC[V]C1c1ccccc1,[O-][N+]1(CCCl)CCNC1c1ccccc1,CC[CH2][Li]1([O-])[CH2][CH2][V][CH]1c1ccccc1,True,True,False,False,0.23076923076923078,27,15.0,2.0,2.0
CDK_Depict_38_93,CC(C(=C)Cl)NC(=S)N,C=C(Cl)C(C)C.CC(N)=S,C=C(Cl)C(C)NC(N)=S,C=C(Cl)C(C)C.CC(N)=S,True,True,False,False,0.52,12,9.0,0.0,1.0
CDK_Depict_38_94,C1C(=CC(=CC1(NC2=CC=CC=C2)Br)O)O,CC1(Nc2ccccc2)C=C(O)C=C(O)C1,OC1=CC(Br)(Nc2ccccc2)CC(O)=C1,CC1(Nc2ccccc2)C=C(O)C=C(O)C1,True,True,False,False,0.6111111111111112,23,16.0,2.0,1.0
CDK_Depict_38_95,C(CON(OCCO)Br)O,**(O)OCCO.CCCO,OCCON(Br)OCCO,**(O)OCCO.CCCO,True,True,False,False,0.25,9,10.0,0.0,0.0
CDK_Depict_38_96,CCC[Ge](CCC)(CCC)C(=COCC)CC,CCC[Ge](CCC)(CCC)C(=COCC)CC,CC[CH2][Ge]([CH2]CC)([CH2]CC)[C](=COCC)CC,CC[CH2][Ge]([CH2]CC)([CH2]CC)[C](=COCC)CC,True,True,True,True,1.0,0,17.0,0.0,0.0
CDK_Depict_38_97,C1CC[Si]([Si]([Si](C1)O)O)O,C[SiH]CCCC[SiH](O)[SiH2]O,O[Si]1CCCC[Si](O)[Si]1O,C[SiH]CCCC[SiH](O)[SiH2]O,True,True,False,False,0.030303030303030304,19,10.0,1.0,0.0
CDK_Depict_38_98,C1CC=C(C1)SP(S)S,CC1=CCCC1.CS,SP(S)SC1=CCCC1,CC1=CCCC1.CS,True,True,False,False,0.35714285714285715,10,9.0,1.0,0.0
CDK_Depict_38_99,C1NC2=C(N1)P=PC=C2,C/C=C\C(NC)C(C)N,c1cc2c(pp1)NCN2,C/C=C\C(NC)C(C)N,True,True,False,False,0.0,12,9.0,2.0,2.0
CDK_Depict_38_100,CC(C)(C)[Si](C)(CS(=O)(=O)C(F)(F)F)NS(=O)(=O)C(F)(F)F,CC(C)(C)S(=O)(=O)C[Si](C)(C)NS(=O)(=O)C(F)(F)F,CC(C)(C)[Si](C)(CS(=O)(=O)C(F)(F)F)NS(=O)(=O)C(F)(F)F,CC(C)(C)S(=O)(=O)C[Si](C)(C)NS(=O)(=O)C(F)(F)F,True,True,False,False,0.5588235294117647,16,22.0,0.0,1.0
CDK_Depict_38_101,CC1=CC=C(S1)/C=C/C(=O)N2CCCCO2,C1CCOCC1.CC1=CC=C(/C=C/C(=O)[AlH]2CCCCO2)S1,Cc1ccc(/C=C/C(=O)N2CCCCO2)s1,,True,False,False,False,0.0,19,16.0,2.0,0.0
CDK_Depict_38_102,C1CCOC(C1)OCN=CC2=CC3=C(C=C2)C=C(C=C3)O,C*CC.CC1CCCCO1.CCc1ccc2cc(Cl)ccc2c1.O,Oc1ccc2cc(C=NCOC3CCCCO3)ccc2c1,C*CC.CC1CCCCO1.CCc1ccc2cc(Cl)ccc2c1.O,True,True,False,False,0.26865671641791045,28,21.0,3.0,1.0
CDK_Depict_38_103,C[N+](=C(COC)O)C,CCC(C)=[N+](C)C.CO,COCC(O)=[N+](C)C,CCC(C)=[N+](C)C.CO,True,True,False,False,0.2608695652173913,12,8.0,0.0,0.0
CDK_Depict_38_104,CC(=COCCN=C=O)SC,CC.CC=C(C)C.CCC[U]=C=O,CSC(C)=COCCN=C=O,CC.CC=C(C)C.CC[CH2][U]=[C]=O,True,True,False,False,0.19047619047619047,14,11.0,0.0,0.0
CDK_Depict_38_105,[B-](CCCC)[N+]1=CN(C=C1)[B-](CCCC)[N+](C)(C)CC,CCCC[O-]C.CCCC[O-][N+]1=CC[V]C1,CCCC[B-][n+]1ccn([B-](CCCC)[N+](C)(C)CC)c1,,True,False,False,False,0.0,29,20.0,1.0,0.0
CDK_Depict_38_106,C/C=C\C=C(\CCCN1CCN(CC1)C(=O)OC)/C(=C/N)/F,C/C=C\C=C(CCCN1CCN(C(=O)OC)CC1)/C(C)=C/C,C\C=C/C=C(CCCN1CCN(C(=O)OC)CC1)\C(F)=C\N,C\C=C/C=C(CCCN1CCN(C(=O)OC)CC1)\C(C)=C\C,True,True,False,False,0.7142857142857143,14,22.0,1.0,0.0
CDK_Depict_38_107,B(N1C=CC=C1)(O)O,C1=CCCC1.CO,OB(O)n1cccc1,C1=CCCC1.CO,True,True,False,False,0.09090909090909091,9,8.0,1.0,0.0
CDK_Depict_38_108,C1=CSC=CC1=[Se],C/C=C\C(=S)CCC,[Se]=c1ccscc1,C/C=C\C(=S)CCC,True,True,False,False,0.0,11,7.0,1.0,0.0
CDK_Depict_38_109,C1=CC=C(C=C1)SC(=NC2=CC=C(C=C2)C(F)(F)F)[Te]C3=CC=CC=C3,Cc1ccc(C(C)(F)F)cc1.N=C(Sc1ccccc1)[Te]c1ccccc1,FC(F)(F)c1ccc(N=C(Sc2ccccc2)[Te]c2ccccc2)cc1,Cc1ccc(C(C)(F)F)cc1.N=C(Sc1ccccc1)[Te]c1ccccc1,True,True,False,False,0.44,42,26.0,3.0,0.0
CDK_Depict_38_110,C1=CC=C(C=C1)[P+]2(P3P4P3[P+](P2[P+]4(C5=CC=CC=C5)C6=CC=CC=C6)(C7=CC=CC=C7)C8=CC=CC=C8)C9=CC=CC=C9,CC1=CC=CC=C1.CCCC1=CC=C2C=C(C34C=C5C=CC=CC5)C=C1C2CCC1.C[P+]1(C2CCccc2)[PH]2[2H][D]3(C4=CC=CC=C4)[2H]12,c1ccc([P+]2(c3ccccc3)P3[P+](c4ccccc4)(c4ccccc4)p4p2p4[P+]3(c2ccccc2)c2ccccc2)cc1,,True,False,False,False,0.0,70,43.0,10.0,4.0
CDK_Depict_38_111,C/C(=C\C[Si]1CCCCO1)/C(=O)OC,COC(=O)C(C)CC[Si+]1CCCCO1,COC(=O)/C(C)=C/C[Si]1CCCCO1,COC(=O)C(C)CC[Si+]1CCCCO1,True,True,False,False,0.24528301886792453,17,14.0,1.0,0.0
CDK_Depict_38_112,C1=C[N+](=C(C=N1)F)[O-],Cc1c*cc[Li]1[O-],[O-][n+]1ccncc1F,C[C]1=C*C=[CH][Li]1[O-],True,True,False,False,0.08108108108108109,17,8.0,1.0,0.0
CDK_Depict_38_113,CC(=O)O/C=C/NC(=S)NN(C)C,CC(=O)O/C=C/NC(C)=S.CNC,CC(=O)O/C=C/NC(=S)NN(C)C,CC(=O)O/C=C/NC(C)=S.CNC,True,True,False,False,0.5757575757575758,6,13.0,0.0,0.0
CDK_Depict_38_114,C1=CC=C(C=C1)CP2C=CC=C2,CCCCC(CC)CC.CCCCCC,c1ccc(Cp2cccc2)cc1,CCCCC(CC)CC.CCCCCC,True,True,False,False,0.03125,10,12.0,2.0,0.0
CDK_Depict_38_115,CCP(=O)(CC(=O)N(C)CC(=O)N(C1=CN=CN1)O)O,*N(C(=O)CN(C)C(=O)CP(*)(=O)CC)C1=C*=C*1,CCP(=O)(O)CC(=O)N(C)CC(=O)N(O)c1cnc[nH]1,*N(C(=O)CN(C)C(=O)CP(*)(=O)CC)c1*c*c1,True,True,False,False,0.35,21,20.0,1.0,1.0
CDK_Depict_38_116,CCOC(=O)C(=N)COOCC,CCC.CCC(=N)C(C)=O.CCOC,CCOOCC(=N)C(=O)OCC,CCC.CCC(=N)C(C)=O.CCOC,True,True,False,False,0.3333333333333333,11,12.0,0.0,0.0
CDK_Depict_38_117,C/C(=N\NC1=CC=CC=C1)/C#CC#C[Si](C)(C)C,CC(=N)C#CC#C[Si](C)(C)C.Cc1ccccc1,C/C(C#CC#C[Si](C)(C)C)=N\Nc1ccccc1,CC(=N)C#CC#C[Si](C)(C)C.Cc1ccccc1,True,True,False,False,0.4878048780487805,25,18.0,1.0,0.0
CDK_Depict_38_118,CN/C(=C(\NNI)/I)/C(=O)OC,CN.CNC(C)=C([16NH]C)C(=O)OC,CN/C(C(=O)OC)=C(/I)NNI,CN.CNC(C)=C([16NH]C)C(=O)OC,True,True,False,False,0.2972972972972973,13,12.0,0.0,0.0
CDK_Depict_38_119,C1=CSC(=C1)S(=O)(=O)C([NH+]=[N-])S(=O)(=O)C(F)(F)F,cC(c)(c)S(=O)(=O)C([NH+]=[N-])S(=O)(=O)c1cccS1,[N-]=[NH+]C(S(=O)(=O)c1cccs1)S(=O)(=O)C(F)(F)F,,True,False,False,False,0.0,17,18.0,1.0,1.0
CDK_Depict_38_120,CSC(=C(C#N)C#N)N[P+](=O)S,CSC(=C(C#N)C#N)N(N=NN=NN=NN=NN=N)[C+](=O)S,CSC(N[P+](=O)S)=C(C#N)C#N,,True,False,False,False,0.0,18,12.0,0.0,1.0
CDK_Depict_38_121,CCCCCCCCCCCCCCCCC(CN=[P+]([O-])[O-])O,CCCCCCCCCCCCCCCCC(O)CCN=C([O-])O,CCCCCCCCCCCCCCCCC(O)CN=[P+]([O-])[O-],CCCCCCCCCCCCCCCCC(O)CCN=C([O-])O,True,True,False,False,0.4722222222222222,12,23.0,0.0,1.0
CDK_Depict_38_122,CC(C(F)(F)F)N1CCC(CC1)N=C(OC(C)(C)C)P,*C(=N)OC.CC1CC[NH+](C(C)C(F)(F)F)CC1,CC(N1CCC(N=C(P)OC(C)(C)C)CC1)C(F)(F)F,*C(=N)OC.CC1CC[NH+](C(C)C(F)(F)F)CC1,True,True,False,False,0.21818181818181817,26,20.0,1.0,1.0
CDK_Depict_38_123,CC(=O)[C@@H]1CCCSP(=O)(N1)Cl,CC(=O)[C@H]1CCCS[PH](C)(=O)N1,CC(=O)[C@@H]1CCCSP(=O)(Cl)N1,,True,False,False,False,0.0,10,12.0,1.0,2.0
CDK_Depict_38_124,C1[C@@H]2[C@@H](O2)CPO1,[H][C@@]12C*OC[C@@H]1O2,C1POC[C@H]2O[C@@H]12,*1C[C@H]2O[C@H]2CO1,True,True,False,False,0.3076923076923077,15,7.0,2.0,3.0
CDK_Depict_38_125,CS/C(=N/C1=CC(=O)NC=N1)/N=C/Cl,CC[U]C(=CC(C)=O)/N=C(\N=C/Cl)SC,CSC(/N=C/Cl)=N/c1cc(=O)[nH]cn1,C[CH2][U][C](=CC(C)=O)/N=C(\N=C/Cl)SC,True,True,False,False,0.2962962962962963,18,14.0,1.0,0.0
CDK_Depict_38_126,C1C=CN=C([N+]1=O)N[N+](=O)[O-],O=[N+]([O-])Nc1[V]CCC[N+]1=O,O=[N+]([O-])NC1=NC=CC[N+]1=O,O=[N+]([O-])N[CH]1[V][CH2]CC[N+]1=O,True,True,False,False,0.2222222222222222,23,11.0,1.0,0.0
CDK_Depict_38_127,C1=CC=C2C(=C1)O/C(=C\3/OC4=CC=CC=C4[Se]3)/[Se]2,CC(C)C(O)[Se].Cc1ccccc1C.Oc1ccccc1,c1ccc2c(c1)O/C(=C1/Oc3ccccc3[Se]1)[Se]2,CC(C)C(O)[Se].Cc1ccccc1C.Oc1ccccc1,True,True,False,False,0.13157894736842105,39,18.0,4.0,0.0
CDK_Depict_38_128,C1/C=C\C=C/N=CC=N/C=C\N=C/C=C\OO1,C/C=C\N=C\C=N/C=C\C=C/CO,C1=N/C=C\C=C/COO\C=C/C=N\C=C/N=C1,C\C=C/N=C/C=N\C=C/C=C\CO,True,True,False,False,0.020833333333333332,12,17.0,1.0,0.0
CDK_Depict_38_129,CC1=CC(=NO1)NC(=O)/N=C(/C(Cl)Cl)\N2CCSCC2,CC1=Cc(NC(=O)NC(C(Cl)Cl)=N2CCCCC2)*O1.Cl,Cc1cc(NC(=O)/N=C(/C(Cl)Cl)N2CCSCC2)no1,,True,False,False,False,0.0,18,20.0,2.0,0.0
CDK_Depict_38_130,C[C@H](C1(C=CC(=N1)CN2CC(C2)O)C)O,C=C(/C=C\C(C)(C)[C@@H](C)O)C[AlH]1CC(O)C1,C[C@@H](O)C1(C)C=CC(CN2CC(O)C2)=N1,,True,False,False,False,0.0,28,15.0,2.0,2.0
CDK_Depict_38_131,C1CCC(CC1)(/C=C\CN2CCOCC2)O,OC1(/C=C\CN2CCOCC2)CCCCC1,OC1(/C=C\CN2CCOCC2)CCCCC1,OC1(/C=C\CN2CCOCC2)CCCCC1,True,True,True,True,1.0,14,16.0,2.0,0.0
CDK_Depict_38_132,C1=CON=C1CC(C(F)(F)F)N=C=O,*C(*)(*)C(Cc1ccO*1)N=C,O=C=NC(Cc1ccon1)C(F)(F)F,,True,False,False,False,0.0,18,14.0,1.0,1.0
CDK_Depict_38_134,CC(C)(C)C(C#C)Br,C=CC(C)C,C#CC(Br)C(C)(C)C,C=CC(C)C,True,True,False,False,0.09090909090909091,10,8.0,0.0,1.0
CDK_Depict_38_135,CC(C)(C)N(C)N(C)OCCBr,CC.CC(C)(C)C.CN(C)C,CN(OCCBr)N(C)C(C)(C)C,CC.CC(C)(C)C.CN(C)C,True,True,False,False,0.2608695652173913,10,12.0,0.0,0.0
CDK_Depict_38_136,CC1=CC=C(C=C1)[Se]2(OOO[Se](OO2)(C3=CC=C(C=C3)C)C4=CC=C(C=C4)C)C5=CC=C(C=C5)C,Cc1ccc(C)cc1.Cc1ccc([Ce]2(OCO[Ge](c3ccc(C)cc3)(c3ccc(C)cc3)OO2)COCO[Ge](c2ccc(C)cc2)(c2ccc(C)cc2)OO2)cc1,Cc1ccc([Se]2(c3ccc(C)cc3)OOO[Se](c3ccc(C)cc3)(c3ccc(C)cc3)OO2)cc1,,True,False,False,False,0.0,73,35.0,5.0,0.0
CDK_Depict_38_137,C/C(=C(/C(=N)CO)\N(C(C)(C)C)NC)/Cl,CCC(=N)C(C)=C(C)Cl.CN,CNN(/C(C(=N)CO)=C(\C)Cl)C(C)(C)C,CCC(=N)C(C)=C(C)Cl.CN,True,True,False,False,0.2702702702702703,18,15.0,0.0,0.0
CDK_Depict_38_138,CNC(=O)CC(CC1=CC=C(C=C1)COCC(C2=CC=C(C=C2)C(F)(P)P)O)SC=O,*C(O)(F)c1ccc(C(O)COCc2ccc(CC(CC(=O)NC)SC=O)cc2)cc1,CNC(=O)CC(Cc1ccc(COCC(O)c2ccc(C(F)(P)P)cc2)cc1)SC=O,*C(O)(F)c1ccc(C(O)COCc2ccc(CC(CC(=O)NC)SC=O)cc2)cc1,True,True,False,False,0.8333333333333334,40,31.0,2.0,2.0
CDK_Depict_38_139,C/C=C(/C)\C/C(=C\[C@H](C)C#N)/C(=N)N,*=C([AlH2])C(=C[C@H](C)C#*)C/C(C)=C\C,C/C=C(/C)C/C(=C\[C@H](C)C#N)C(=N)N,*=[C]([AlH2])C(=C[C@H](C)C#*)C/C(C)=C\C,True,True,False,False,0.43902439024390244,18,14.0,0.0,1.0
CDK_Depict_38_141,[B]CC(C)(C)C1CCCN1,CCC(C)(C)C(C)N,[B]CC(C)(C)C1CCCN1,CCC(C)(C)C(C)N,True,True,False,False,0.11764705882352941,7,10.0,1.0,1.0
CDK_Depict_38_142,CCC(CCl)(P(O)O)Cl,CCC(C)(C)CC.OP,CCC(Cl)(CCl)P(O)O,CCC(C)(C)CC.OP,True,True,False,False,0.25,10,9.0,0.0,1.0
CDK_Depict_38_143,C/C(=C(\C#CCC(=C)CCN)/Cl)/Cl,*CCC(=C)CC#CC([U])=C(C)Cl,C=C(CC#C/C(Cl)=C(\C)Cl)CCN,*CCC(=C)CC#C[C]([U])=C(C)Cl,True,True,False,False,0.47368421052631576,14,13.0,0.0,0.0
CDK_Depict_38_145,C(COC(=O)OCC(=C(I)I)I)OCCCl,CC(=O)O.CC(C)=C(C)C.CCCCl.CCCOCC,O=C(OCCOCCCl)OCC(I)=C(I)I,CC(=O)O.CC(C)=C(C)C.CCCCl.CCCOCC,True,True,False,False,0.23809523809523808,18,16.0,0.0,0.0
CDK_Depict_38_146,CC(C)(C)[Si](C)(C)C(C(C)(C)C(F)(F)F)O,CC(C)C(O)[SiH](C)C.CCC,CC(C)(C(O)[Si](C)(C)C(C)(C)C)C(F)(F)F,CC(C)C(O)[SiH](C)C.CCC,True,True,False,False,0.125,21,16.0,0.0,1.0
CDK_Depict_38_148,C1CNOC1(F)F,CCCC(C)C,FC1(F)CCNO1,CCCC(C)C,True,True,False,False,0.0,6,7.0,1.0,0.0
CDK_Depict_38_149,CN1C2=C(C(=CN=N2)Cl)N=CN1,C[V][V]/C=[V]\C1c(Cl)c[V][V]c1C,CN1NC=Nc2c(Cl)cnnc21,[CH3][V][V]/[CH]=[V]\[CH]1C(Cl)=[CH][V][V][CH]1C,True,True,False,False,0.1320754716981132,25,12.0,2.0,0.0
CDK_Depict_38_150,C(C(=O)O)(N)S#P,*C(C)C(C)=O.C#[SH],NC(S#P)C(=O)O,*C(C)C(C)=O.C#[SH],True,True,False,False,0.15384615384615385,12,7.0,0.0,1.0
CDK_Depict_38_151,CC(CN(C1CCC(CC1)OC)C(=N)[C@H](CCO)N)NOC(=C)C,*[C@H](CCO)C(=N)N(CC(C)C)C1CCC(OC)CC1.CC(C)C,C=C(C)ONC(C)CN(C(=N)[C@@H](N)CCO)C1CCC(OC)CC1,*[C@H](CCO)C(=N)N(CC(C)C)C1CCC(OC)CC1.CC(C)C,True,True,False,False,0.5,29,24.0,1.0,4.0
CDK_Depict_38_152,CC1=NC2=C(O1)C=CC=C=C2,CC1CC2CCC=CCC2N1,Cc1nc2c(o1)C=CC=C=C2,CC1CC2CCC=CCC2N1,True,True,False,False,0.04,11,11.0,2.0,0.0
CDK_Depict_38_153,C[Ge](C)(C)C(CCOPC1C=CC=C1)[Ge](C)(C)C,CC1C=CC=C1.C[Ge](C)(C)C(CCO)[Ce](C)(C)C,[CH3][Ge]([CH3])([CH3])[CH](CCOPC1C=CC=C1)[Ge]([CH3])([CH3])[CH3],CC1C=CC=C1.[CH3][Ge]([CH3])([CH3])[CH](CCO)[Ce]([CH3])([CH3])[CH3],True,True,False,False,0.2619047619047619,21,18.0,1.0,1.0
CDK_Depict_38_154,COC(=O)/C=C/N1C=CC=CC1=P(=O)CC(C2=CC=CC=C2)C3=CC=CC=C3,C/C=C/C.O=*(CC(c1ccccc1)C1ccccc1)c1ccccN1,COC(=O)/C=C/n1ccccc1=[P+]([O-])CC(c1ccccc1)c1ccccc1,,True,False,False,False,0.0,42,28.0,3.0,1.0
CDK_Depict_38_155,CC1=CN=C(S1)N/C=C\[C@]2(CC2C/C=C\C=C(/C=C)\Br)C,CC/C(C)=C/C=C\CC1CC1(C)/C=C\[1444N]C1=NC=C(C)S1,C=C/C(Br)=C\C=C/CC1C[C@]1(C)/C=C\Nc1ncc(C)s1,CC/C(C)=C/C=C\CC1CC1(C)/C=C\[1444N]c1ncc(C)s1,True,True,False,False,0.4782608695652174,32,21.0,2.0,2.0
CDK_Depict_38_156,CN(CCO)C1C=NCNC1O,*C1[V]C[U]=CC1C.CCCN,CN(CCO)C1C=NCNC1O,*[CH]1[V][CH2][U]=[CH]C1C.CCCN,True,True,False,False,0.11538461538461539,15,12.0,1.0,2.0
CDK_Depict_38_157,CCC/C=C(/OS(=O)(=O)C)\I,CC.CCCC=C(C)C.CS(=O)(=O)O,CCC/C=C(\I)OS(C)(=O)=O,CC.CCCC=C(C)C.CS(=O)(=O)O,True,True,False,False,0.45161290322580644,12,11.0,0.0,0.0
CDK_Depict_38_158,CC1/C(=N\C(=N)/N=C(\C(N=C(N1)N)C)/C)/C,*C.C=C(C)C(C)C.CC(=N)N,C/C1=N/C(=N)/N=C(/C)C(C)NC(N)=NC1C,*C.C=C(C)C(C)C.CC(=N)N,True,True,False,False,0.07142857142857142,26,16.0,1.0,2.0
CDK_Depict_38_159,C/C=C\C(C)/C(=N/O)/N,*/C(=[U]\O)C(C)/C=C\C,C/C=C\C(C)/C(N)=N/O,*/[C](=[U]\[OH])C(C)/C=C\C,True,True,False,False,0.3793103448275862,14,9.0,0.0,1.0
CDK_Depict_38_160,CP(=O)(C)C12CC(C1)(C2)Br,C[PH](=o)(=O)C12CC([PH-])(C1)C2,CP(C)(=O)C12CC(Br)(C1)C2,,True,False,False,False,0.0,14,10.0,3.0,2.0
CDK_Depict_38_161,C1=CC=C([C+]=C1)CCC=[Ru](Cl)Cl,Cl.Cl.[K+]=CCCC1=CC=CC=[CH2+]1,[Cl][Ru]([Cl])=[CH]CCC1=CC=CC=[C+]1,,True,False,False,False,0.0,21,12.0,1.0,0.0
CDK_Depict_38_162,CS(=NC1=CC(=CN(C1)O)F)(=O)C,CC1C*(O)CC(N=S(C)(C)=O)C1,CS(C)(=O)=NC1=CC(F)=CN(O)C1,CC1C*(O)CC(N=S(C)(C)=O)C1,True,True,False,False,0.2127659574468085,16,13.0,1.0,0.0
CDK_Depict_38_163,CO/C(=C(\NC1=NC=CN=C1)/N=C)/N=C,C=*C(OC)=C(*C1C=[Al]C=CC1)C=C,C=N/C(Nc1cnccn1)=C(\N=C)OC,C=*C(OC)=C(*C1[CH]=[Al][CH]=CC1)C=C,True,True,False,False,0.11290322580645161,20,15.0,1.0,0.0
CDK_Depict_38_164,C1=C(SC(=C1)C(S(=O)[O-])S(=O)(=O)N)CCCCO,*S(=O)(=O)C(C1=CC=CS1)S(C)=O.CCCCCC,NS(=O)(=O)C(c1ccc(CCCCO)s1)S(=O)[O-],*S(=O)(=O)C(c1cccs1)S(C)=O.CCCCCC,True,True,False,False,0.2413793103448276,24,18.0,1.0,2.0
CDK_Depict_38_165,CC1CCOC(C1)C2=CC(=NC2)Br,CC1=NCc(C2CCCC(C)C2)c1,CC1CCOC(C2=CC(Br)=NC2)C1,CC1=NCC(C2CCCC(C)C2)=C1,True,True,False,False,0.35555555555555557,12,13.0,2.0,2.0
CDK_Depict_38_166,CC1=CC=C(N1)C(C2=CC=CC=C2)N(CC3=CC=CC=C3)O,CC1=CC=C(C(N)C2ccccc2)[AlH]1.O.[U],Cc1ccc(C(c2ccccc2)N(O)Cc2ccccc2)[nH]1,,True,False,False,False,0.0,28,22.0,3.0,1.0
CDK_Depict_38_167,COC1=C=C=C(O1)COS(=O)(=O)C(F)(F)F,*C(*)(*)C.CCc1ccC(OC)O1,COC1=C=C=C(COS(=O)(=O)C(F)(F)F)O1,,True,False,False,False,0.0,26,16.0,1.0,0.0
CDK_Depict_38_168,CCCC[Sn](CCCC)(CCCC)/C=C/C(C)OC1=NC=C(C=N1)Cl,CCCC[Sn+](/C=C/C(C)O/C(C)=N/C=C(Cl)C=[Lu])(CCCC)CCCC,CCC[CH2][Sn](/[CH]=C/C(C)Oc1ncc(Cl)cn1)([CH2]CCC)[CH2]CCC,,True,False,False,False,0.0,26,25.0,1.0,1.0
CDK_Depict_38_169,CC#C[N+]1=C(C=C(C=C1C)C)C,CC#CC.CC1=[NH+]c(C)cc(C)C1,CC#C[n+]1c(C)cc(C)cc1C,,True,False,False,False,0.0,16,12.0,1.0,0.0
CDK_Depict_38_170,C[C@@](C#C)([C@H](CO)O)N,C#C[C@@](C)(N)[C@@H](O)CC,C#C[C@@](C)(N)[C@@H](O)CO,C#C[C@@](C)(N)[C@@H](O)CC,True,True,False,False,0.68,11,9.0,0.0,2.0
CDK_Depict_38_171,CC(C)N(C(C)C)P(=O)(C)/C(=C/C1=CC=CC=C1)/C(C)(C)C,CC.CC(C)C.CC(C)C*(C)(=O)=O,CC(C)N(C(C)C)P(C)(=O)/C(=C/c1ccccc1)C(C)(C)C,CC.CC(C)C.CC(C)C*(C)(=O)=O,True,True,False,False,0.08888888888888889,32,22.0,1.0,1.0
CDK_Depict_38_172,C([C@@H](COC=O)OCP(=O)(O)O)NC(=O)N=C(N)N,*C[C@@H](CC)OC[PH](*)(*)*.CC(N)=O.CC=O,NC(N)=NC(=O)NC[C@@H](COC=O)OCP(=O)(O)O,*C[C@@H](CC)OC[PH](*)(*)*.CC(N)=O.CC=O,True,True,False,False,0.2033898305084746,23,19.0,0.0,1.0
CDK_Depict_38_173,N(S(=O)(=O)Cl)(S(=O)(=O)Cl)S(=O)(=O)Cl,CS(=O)(=O)Cl.CS(=O)(=O)Cl,O=S(=O)(Cl)N(S(=O)(=O)Cl)S(=O)(=O)Cl,CS(=O)(=O)Cl.CS(=O)(=O)Cl,True,True,False,False,0.38461538461538464,15,13.0,0.0,0.0
CDK_Depict_38_174,CCCC(C)CSP(=S)(CC)O,CC.CCC.CCCC(C)CC.S,CCCC(C)CSP(O)(=S)CC,CC.CCC.CCCC(C)CC.S,True,True,False,False,0.3225806451612903,11,12.0,0.0,2.0
CDK_Depict_38_175,C/C(=C/I)/C(C(C)(C)C(=O)N)O,*C(=O)C(C)(C)C(C)/C(C)=C\C,C/C(=C/I)C(O)C(C)(C)C(N)=O,*C(=O)C(C)(C)C(C)/C(C)=C\C,True,True,False,False,0.3235294117647059,15,12.0,0.0,1.0
CDK_Depict_38_177,CN(C)[Si](C)(N=[N+]=[N-])N(C)C,CN(C)[Si](C)(N=[N+]=[V])N(C)C,CN(C)[Si](C)(N=[N+]=[N-])N(C)C,CN(C)[Si](C)(N=[N+]=[V])N(C)C,True,True,False,False,0.5454545454545454,2,11.0,0.0,0.0
CDK_Depict_38_179,C(=NC1(C(=O)NN=NO1)N=C=O)=O,O=C=[V]C1([V]=C=O)***[1H]C1=O,O=C=NC1(N=C=O)ON=NNC1=O,,True,False,False,False,0.0,22,13.0,1.0,1.0
CDK_Depict_38_180,CN=NNI,CN=[V]NC,CN=NNI,C[N]=[V][NH]C,True,True,False,False,0.2,4,5.0,0.0,0.0
CDK_Depict_38_181,C(CCl)N(C(=O)NO[C@H]([C@H](C=O)O)[C@@H]([C@@H](CO)O)O)N=O,CCCN.CNC(=O)[C@H](O)[C@@H](O)C=O.Cl.N=O,O=C[C@H](O)[C@@H](ONC(=O)N(CCCl)N=O)[C@H](O)[C@H](O)CO,CCCN.CNC(=O)[C@H](O)[C@@H](O)C=O.Cl.N=O,True,True,False,False,0.22033898305084745,30,21.0,0.0,4.0
CDK_Depict_38_182,CC(C)(C)CC(C)(C)[Si](C)(C)Cl,CC(C)(C)CC(C)(C)[Si](C)(C)C,CC(C)(C)CC(C)(C)[Si](C)(C)Cl,CC(C)(C)CC(C)(C)[Si](C)(C)C,True,True,False,False,0.5789473684210527,1,12.0,0.0,0.0
CDK_Depict_38_183,CN(C1=CC=CC=C1N=C)OCC(=O)NC2CN(C2)SC,C=*c1ccccc1N(C)OCC(C)=O.CS,C=Nc1ccccc1N(C)OCC(=O)NC1CN(SC)C1,C=*c1ccccc1N(C)OCC(C)=O.CS,True,True,False,False,0.3387096774193548,23,21.0,2.0,0.0
CDK_Depict_38_184,C(CC=NO)CC(=O)N,CCC(=O)CCCC=NO,NC(=O)CCCC=NO,CCC(=O)CCCC=NO,True,True,False,False,0.5925925925925926,8,9.0,0.0,0.0
CDK_Depict_38_185,CC(C)C1=CN=CC(=N1)S(F)(F)(F)(F)F,*[SH](*)(*)(*)c1c[V]cc(C(C)C)[V]1,CC(C)c1cncc(S(F)(F)(F)(F)F)n1,*[SH](*)(*)(*)[C]1=[CH][V][CH]=[C](C(C)C)[V]1,True,True,False,False,0.14285714285714285,29,15.0,1.0,0.0
CDK_Depict_38_186,C1C(CS1)(CN=[N+]=[N-])CN=[N+]=[N-],CCC1(C*=[N+]=[W-])CSC1.N=[N+]=N,[N-]=[N+]=NCC1(CN=[N+]=[N-])CSC1,CCC1(C*=[N+]=[W-])CSC1.N=[N+]=N,True,True,False,False,0.2702702702702703,13,12.0,1.0,0.0
CDK_Depict_38_187,CCON(N(CC1=CC=CC=C1)OCC(C)C)OC,CC(C)CO.CCc1ccccc1,CCON(OC)N(Cc1ccccc1)OCC(C)C,CC(C)CO.CCc1ccccc1,True,True,False,False,0.34146341463414637,22,19.0,1.0,0.0
CDK_Depict_38_188,CCCN(CCC)C1=CC(=N)N(C(N1)N)N=O,CCCC.CCCC.C[V].C[V]O,CCCN(CCC)C1=CC(=N)N(N=O)C(N)N1,CCCC.CCCC.[CH3][V].[CH3][V][OH],True,True,False,False,0.09090909090909091,20,17.0,1.0,1.0
CDK_Depict_38_189,CCOC(=O)/C=C/NC1=C(C=C(C=C1)Cl)S,CCCCCCCCCCCCCCCCCl.O.[HH].[HH],CCOC(=O)/C=C/Nc1ccc(Cl)cc1S,CCCCCCCCCCCCCCCCCl.O.[HH].[HH],True,True,False,False,0.08163265306122448,25,16.0,1.0,0.0
CDK_Depict_38_191,C=C(CCC1C=CS[N+]1=O)C(=O)[O-],C/C=C\C(CCC(C)C(=O)[O-])N(=O)S,C=C(CCC1C=CS[N+]1=O)C(=O)[O-],,True,False,False,False,0.0,19,13.0,1.0,1.0
CDK_Depict_38_194,CCCCCCCCCCCCCCCCCCCCCPOOON,CCCCCCCCCCCCCCCCCCCPOC.COOC,CCCCCCCCCCCCCCCCCCCCCPOOON,CCCCCCCCCCCCCCCCCCCPOC.COOC,True,True,False,False,0.5357142857142857,5,26.0,0.0,1.0
CDK_Depict_38_195,C[Si](C)(C)[SiH2]OCC1CCCOC1=O,C[Si](C)(C)[SiH2]OCC1CCCOC1=O,C[Si](C)(C)[SiH2]OCC1CCCOC1=O,C[Si](C)(C)[SiH2]OCC1CCCOC1=O,True,True,True,True,1.0,0,14.0,1.0,2.0
CDK_Depict_38_196,CC(=O)NN[C@H]1CC=C(C[C@@H]1NNC(=O)OC(C)(C)C)C(=O)N=O,CC(=O)NN[C@H]1CC=C(C(=O)[V]=O)C[C@H]1N.CC(C)C,CC(=O)NN[C@H]1CC=C(C(=O)N=O)C[C@@H]1NNC(=O)OC(C)(C)C,CC(=O)NN[C@H]1CC=C([C](=O)[V]=[O])C[C@H]1N.CC(C)C,True,True,False,False,0.4107142857142857,25,24.0,1.0,2.0
CDK_Depict_38_197,C1=COC=C2C1=NC=N2,C=C/N=C1/C=COC=C1C,c1nc2ccocc-2n1,C=C/N=c1/ccocc1C,True,True,False,False,0.2571428571428571,11,9.0,2.0,0.0
CDK_Depict_38_198,CS(=NP1(=C=CC=[C+]1)C2=CC=CC=C2)(=O)O,C=C=CC=C1=O(=O)[CH](=N)=O.Cc1ccccc1,CS(=O)(O)=NP1(c2ccccc2)=C=CC=[C+]1,,True,False,False,False,0.0,29,16.0,2.0,2.0
CDK_Depict_38_199,B1(OCC(O1)COB2OCC(CO2)O)O,C[2H](O)OCC1C[2H][2H](O)O1,OB1OCC(COB2OCC(O)CO2)O1,,True,False,False,False,0.0,20,15.0,2.0,1.0
CDK_Depict_38_200,COC(=C(C#N)C#N)NC(=O)CC1=CC=CS1,CC(=O)Cc1cccS1.COC(C)=C(C#N)C#N,COC(NC(=O)Cc1cccs1)=C(C#N)C#N,CC(=O)Cc1cccs1.COC(C)=C(C#N)C#N,True,True,False,False,0.6222222222222222,22,17.0,1.0,0.0
CDK_Depict_38_201,CCC#[S-](C)C,CCCC#S(C)(C)C,CCC#[S-](C)C,CCCC#S(C)(C)C,True,True,False,False,0.18181818181818182,5,6.0,0.0,0.0
CDK_Depict_38_202,CCCCCCC1=CC=C(C=C1)N2C3=C(SC(=C3)I)SC4=C2C=C(S4)I,CCCCCCC1=CC=C(NC2=C(SC(C)=C(C)C=C(C)S)SC(C)=C2)cc1,CCCCCCc1ccc(N2c3cc(I)sc3Sc3sc(I)cc32)cc1,CCCCCCc1ccc(Nc2cc(C)sc2SC(C)=C(C)C=C(C)S)cc1,True,True,False,False,0.2898550724637681,22,26.0,4.0,0.0
CDK_Depict_38_203,C1=CC=C(C=C1)[S+]=C2C=CC(C=C2)C/C=C/C#N,N#C/C=C/CC1ccc(=[S+]c2ccccc2)cc1,N#C/C=C/CC1C=CC(=[S+]c2ccccc2)C=C1,N#C/C=C/CC1C=CC(=[S+]c2ccccc2)C=C1,True,True,True,True,1.0,30,18.0,2.0,1.0
CDK_Depict_38_204,CC1=NOC(=N1)OCN2C=CC=N2,C1=C[V][V]C1.CCOc1[V]Oc(C)[V]1,Cc1noc(OCn2cccn2)n1,C1=[CH][V][V][CH2]1.CCO[CH]1[V][O][CH](C)[V]1,True,True,False,False,0.09836065573770492,25,13.0,2.0,0.0
CDK_Depict_38_205,CC[N+](=CC)C(=CN=CC)C(=O)ON,*OC(=O)C(CN=CC)[N+](=CC)CC,CC=NC=C(C(=O)ON)[N+](=CC)CC,*OC(=O)C(CN=CC)[N+](=CC)CC,True,True,False,False,0.2857142857142857,17,14.0,0.0,0.0
CDK_Depict_38_206,C/C=C(/C=N)\C(=C/C)\N=CCl,C/C=C(/C)C(C=N)CC.C=CCl,C/C=C(C=N)\C(=C/C)N=CCl,C/C=C(/C)C(C=N)CC.C=CCl,True,True,False,False,0.21621621621621623,9,11.0,0.0,0.0
CDK_Depict_38_207,C1CCC(CC1)OS(=O)COC2OCO2,CC1OCO1.CCO.COC1CCCCC1,O=S(COC1OCO1)OC1CCCCC1,CC1OCO1.CCO.COC1CCCCC1,True,True,False,False,0.34146341463414637,16,15.0,2.0,1.0
CDK_Depict_38_208,C(=N[N+](=O)[O-])([S-])[S-],C=[N+]([O-])N=C([S-])[S-],O=[N+]([O-])N=C([S-])[S-],C=[N+]([O-])N=C([S-])[S-],True,True,False,False,0.5,8,7.0,0.0,0.0
CDK_Depict_38_209,CC([NH+]1C=CN=N1)OC,CC(C)[NH+]1C=CN=[NH+]1,COC(C)[NH+]1C=CN=N1,CC(C)[NH+]1C=CN=[NH+]1,True,True,False,False,0.24242424242424243,7,9.0,1.0,2.0
CDK_Depict_38_211,CC1=CC=NC2=NNC(=O)C12,Cc1cc*c2*[VH]C(=O)C12,CC1=CC=NC2=NNC(=O)C12,CC1=CC=*C2[*][VH][C](=O)C12,True,True,False,False,0.22727272727272727,11,11.0,2.0,1.0
CDK_Depict_38_212,CC(CC(C)OC(C(=C(C)N)C)O)N(C)C/N=C(\C1(CC(C1)N)O)/N,CCN(C)C(C)CC(C)OC(O)C(C)=C(C)N.COC1(C(=N)N)CC(N)C1,CC(N)=C(C)C(O)OC(C)CC(C)N(C)C/N=C(/N)C1(O)CC(N)C1,CCN(C)C(C)CC(C)OC(O)C(C)=C(C)N.COC1(C(=N)N)CC(N)C1,True,True,False,False,0.5666666666666667,25,25.0,1.0,5.0
CDK_Depict_38_213,CCC(CC)(CC)C(C)(C)N=[Ta],*=NC(C)(C)C(CC)(CC)CC,CCC(CC)(CC)C(C)(C)[N]=[Ta],*=NC(C)(C)C(CC)(CC)CC,True,True,False,False,0.5238095238095238,13,12.0,0.0,0.0
CDK_Depict_38_214,CC(/C=C\C(=C)NCO)C(=C)N=CC(C)Cl,C=C(/C=C\C(=C)NCO)N=CC(C)Cl,C=C(/C=C\C(C)C(=C)N=CC(C)Cl)NCO,C=C(/C=C\C(=C)NCO)N=CC(C)Cl,True,True,False,False,0.6578947368421053,6,16.0,0.0,2.0
CDK_Depict_38_215,CCCC(CCC)(C=NO)Cl,C=CC(C)(CCC)CCC,CCCC(Cl)(C=NO)CCC,C=CC(C)(CCC)CCC,True,True,False,False,0.2857142857142857,8,11.0,0.0,0.0
CDK_Depict_38_216,C1C(=C(C1=O)O)C2=C(C(=O)C2)O,O=C1CC(C2CC(=O)C2O)C1,O=C1CC(C2=C(O)C(=O)C2)=C1O,O=C1CC(C2CC(=O)C2O)C1,True,True,False,False,0.1724137931034483,16,12.0,2.0,0.0
CDK_Depict_38_217,CN1CCC2=NN(CC=C2C1)C3=CC=NC=C3,C*1CCC2=*N(c3cc*cc3)CC=C2C1,CN1CCC2=NN(c3ccncc3)CC=C2C1,C*1CCC2=*N(c3cc*cc3)CC=C2C1,True,True,False,False,0.22413793103448276,15,17.0,3.0,0.0
CDK_Depict_38_218,CCC1=NC(=CS1)C(=N)N2CCNC(C2=N)C,CCCN(C(=N)/C([V])=C/SC(C)CC)C(=N)C(C)C,CCc1nc(C(=N)N2CCNC(C)C2=N)cs1,CCCN(C(=N)/[C]([V])=C/SC(C)CC)C(=N)C(C)C,True,True,False,False,0.1,23,17.0,2.0,1.0
CDK_Depict_38_219,CC1=C(C(C(=C1C)C)(C)[As](N([Si](C)(C)C)[Si](C)(C)C)Cl)C,CC1=C(C)C(C)(*(N)Cl)C(C)=C1C.C[Si](C)(C)C,CC1=C(C)C(C)([As](Cl)N([Si](C)(C)C)[Si](C)(C)C)C(C)=C1C,CC1=C(C)C(C)(*(N)Cl)C(C)=C1C.C[Si](C)(C)C,True,True,False,False,0.3333333333333333,26,21.0,1.0,1.0
CDK_Depict_38_220,C1CCOC(C1)ON=C(C(=NOC2CCCCO2)N=[N+]=[N-])N=[N+]=[N-],CC(O)CCCCO.CC1CCCCO1.CN=C(N=[N+]=[U])C(=N)N=[N+]=[N-],[N-]=[N+]=NC(=NOC1CCCCO1)C(N=[N+]=[N-])=NOC1CCCCO1,CC(O)CCCCO.CC1CCCCO1.CN=C(N=[N+]=[U])C(=N)N=[N+]=[N-],True,True,False,False,0.296875,26,24.0,2.0,2.0
CDK_Depict_38_221,C1=C(C(=O)NC(=N1)N)NC(=O)[C@@H](CO)OP(=O)(O)OC[C@H](C(=O)NC2=CN=C(NC2=O)N)OP(=O)(O)O,*C[C@H](OP(=O)(O)OC[C@@H](C)C(=O)NC1=CN=C(*)NC1=O)C(=O)Nc1cN=C(N)NC1,Nc1ncc(NC(=O)[C@@H](COP(=O)(O)O[C@H](CO)C(=O)Nc2cnc(N)[nH]c2=O)OP(=O)(O)O)c(=O)[nH]1,*C[C@H](OP(=O)(O)OC[C@@H](C)C(=O)Nc1cnc(*)[nH]c1=O)C(=O)NC1=CN=C(N)NC1,True,True,False,False,0.4625,50,37.0,2.0,3.0
CDK_Depict_38_222,CC/C(=C\C=C/N=C(C(=O)OCC)SC=C)/C(F)(F)F,cC(c)(c)/C(=C/C=C\*=C(*C=C)C(C)=O)CC,C=CSC(=N/C=C\C=C(/CC)C(F)(F)F)C(=O)OCC,,True,False,False,False,0.0,24,20.0,0.0,0.0
CDK_Depict_38_223,CCC(=O)C(=C)C1=CC=[N+](C=CO1)C,C=C(C(=O)CC)c1cc*(C)ccO1,C=C(C(=O)CC)C1=CC=[N+](C)C=CO1,C=C(C(=O)CC)C1=CC=*(C)C=CO1,True,True,False,False,0.5348837209302325,18,14.0,1.0,0.0
CDK_Depict_38_224,CCOC(=O)CC(C)(C)CC(C(C(F)(F)F)(Cl)Br)O,CCOC(=O)CC(C)(C)CC(O)C(Cl)C(F)(F)F,CCOC(=O)CC(C)(C)CC(O)C(Cl)(Br)C(F)(F)F,CCOC(=O)CC(C)(C)CC(O)C(Cl)C(F)(F)F,True,True,False,False,0.5813953488372093,13,19.0,0.0,2.0
CDK_Depict_38_225,CC(=C(N(C)CNC)Cl)C,CC.CCNC(Cl)=C(C)C,CNCN(C)C(Cl)=C(C)C,CC.CCNC(Cl)=C(C)C,True,True,False,False,0.27586206896551724,9,10.0,0.0,0.0
CDK_Depict_38_226,CCC(C)S(C=C)(S)SC,*C(C=C)(SC)C(C)CC,C=CS(S)(SC)C(C)CC,*C(C=C)(SC)C(C)CC,True,True,False,False,0.3142857142857143,9,10.0,0.0,2.0
CDK_Depict_38_227,CC[Al]1CC[C@@H](C1)CSC2=CC=CC=C2,CCP1CC[C@@H](CSc2ccccc2)C1,C[CH2][Al]1[CH2]C[C@H](CSc2ccccc2)[CH2]1,CCP1CC[C@@H](CSc2ccccc2)C1,True,True,False,False,0.4883720930232558,16,15.0,2.0,1.0
CDK_Depict_38_228,B(CC1=CC=CC=C1)(O[N+]2=CC=CC=C2)O[N+]3=CC=CC=C3,BCc1ccccc1.C[N+]1ccccc1.O[N+]1ccC=CC1,c1ccc(CB(O[n+]2ccccc2)O[n+]2ccccc2)cc1,,True,False,False,False,0.0,30,22.0,3.0,0.0
CDK_Depict_38_230,CC(C)[Si](C(C)C)(C(C)C)O/[N+](=C\C(=O)OC)/[O-],C/N=C\C(=O)OC.CC(C)C.CC(C)[SiH](C)C(C)C,COC(=O)/C=[N+](/[O-])O[Si](C(C)C)(C(C)C)C(C)C,C/N=C\C(=O)OC.CC(C)C.CC(C)[SiH](C)C(C)C,True,True,False,False,0.3,32,18.0,0.0,0.0
CDK_Depict_38_231,C(C(C(C#CF)(F)F)(F)F)OC(C#N)(F)F,cC(c)(C#CF)C(c)(c)CC,N#CC(F)(F)OCC(F)(F)C(F)(F)C#CF,,True,False,False,False,0.0,20,16.0,0.0,0.0
CDK_Depict_38_232,CC/C(=C(\C=C)/F)/OCOO,C=C/C(C)=C(/C)CC.CCO[ClH],C=C/C(F)=C(\CC)OCOO,,True,False,False,False,0.0,14,11.0,0.0,0.0
CDK_Depict_38_233,CC(=O)N[C@H](C(=O)NCC1=CC=CC=C1)N2C=CC=C2,CC(=O)N[C@@H](C(C)=O)N1cccC1.Cl.Cl,CC(=O)N[C@H](C(=O)NCc1ccccc1)n1cccc1,,True,False,False,False,0.0,20,20.0,2.0,1.0
CDK_Depict_38_234,CCOC(=O)/C(=C(/N)\Cl)/C(=NC)N,*C(C)=C(C(C)=O)C([Nh])=NC.CCO,CCOC(=O)/C(C(N)=NC)=C(/N)Cl,*C(C)=C(C(C)=O)[C]([Nh])=NC.CCO,True,True,False,False,0.23809523809523808,21,13.0,0.0,0.0
CDK_Depict_38_235,CC1=CC(=O)NC(C1Br)(C)C,CC(=O)/C=C(/C)C(F)C(C)(C)C,CC1=CC(=O)NC(C)(C)C1Br,CC(=O)/C=C(/C)C(F)C(C)(C)C,True,True,False,False,0.046511627906976744,13,11.0,1.0,1.0
CDK_Depict_38_236,CC(=C(CC(=O)C#C)C(=C)C)C,C#CC(=C)CC(C(=C)C)=C(C)C,C#CC(=O)CC(C(=C)C)=C(C)C,C#CC(=C)CC(C(=C)C)=C(C)C,True,True,False,False,0.6296296296296297,10,12.0,0.0,0.0
CDK_Depict_38_237,CC1=CC=C2N1C(=NI=N2)C,CC1=NC=[V]c2ccc(C)*12,CC1=NI=Nc2ccc(C)n21,CC1=N[CH]=[V][c]2ccc(C)*21,True,True,False,False,0.14285714285714285,15,11.0,2.0,0.0
CDK_Depict_38_238,CC1=NSC(=C1)NC2=NN=C(S2)C,CC1=[U][U]=C(N)C1.Cc1cc(C)[V]c(C)S1,Cc1cc(Nc2nnc(C)s2)sn1,,True,False,False,False,0.0,25,13.0,2.0,0.0
CDK_Depict_38_239,CNC/C(=C(/N=C)\O)/C=C,*/C([U]C=C)=C(/C=C)CNC,C=C/C(CNC)=C(/O)N=C,*/[C]([U][CH]=C)=C(/C=C)CNC,True,True,False,False,0.46875,14,10.0,0.0,0.0
CDK_Depict_38_240,C[C@@H](C(=O)OC)NON(CC1=CC=CC=C1)S(=O)(=O)O,CCC(=O)[C@H](C)N.CNCC1=CC=CC=C1.CS(=O)(=O)O,COC(=O)[C@H](C)NON(Cc1ccccc1)S(=O)(=O)O,CCC(=O)[C@H](C)N.CNCc1ccccc1.CS(=O)(=O)O,True,True,False,False,0.35185185185185186,16,20.0,1.0,1.0
CDK_Depict_38_241,[2H]C1=CC(=C2N1C=CC=C2)[2H],[2H]c1cc(C)c2cccc[AlH]12,[2H]c1cc([2H])n2ccccc12,,True,False,False,False,0.0,20,11.0,2.0,0.0
CDK_Depict_38_242,C(=O)(C(N(Cl)Cl)(Cl)Cl)O[Al](OC(=O)C(N(Cl)Cl)(Cl)Cl)OC(=O)C(N(Cl)Cl)(Cl)Cl,Cl.Cl.Cl.O=C(O)C(Cl)(Cl)N(Cl)Cl.O=C(O)C(Cl)(Cl)N(Cl)Cl,O=C([O][Al]([O]C(=O)C(Cl)(Cl)N(Cl)Cl)[O]C(=O)C(Cl)(Cl)N(Cl)Cl)C(Cl)(Cl)N(Cl)Cl,Cl.Cl.Cl.O=C(O)C(Cl)(Cl)N(Cl)Cl.O=C(O)C(Cl)(Cl)N(Cl)Cl,True,True,False,False,0.44,35,28.0,0.0,0.0
CDK_Depict_38_243,C#CCCOC(F)F,C#CCCCOC(F)F,C#CCCOC(F)F,C#CCCCOC(F)F,True,True,False,False,0.7272727272727273,1,8.0,0.0,0.0
CDK_Depict_38_244,C1=CC=C(C=C1)COC(C(=O)O)[P+](=O)CCNC(=O)OCC2=CC=CC=C2,CC(=O)OCC1=CC=CC=C1.CC(C(=O)O)[S+](=O)CCNC(=O)OCC1=CC=CC=C1,O=C(NCC[P+](=O)C(OCc1ccccc1)C(=O)O)OCc1ccccc1,CC(=O)OCc1ccccc1.CC(C(=O)O)[S+](=O)CCNC(=O)OCc1ccccc1,True,True,False,False,0.48148148148148145,14,27.0,2.0,2.0
CDK_Depict_38_245,CCCSCC(CSC1=NC(=NC(=N1)SCC(CSCCS)SCCC)SCC(CSCCC)SCCS)SCCC,CCCSCC(CSC1=NC(SCC(CSCCS)SCCC)=NC(SCC(CSCCC)SCCC)N1)SCCS,CCCSCC(CSc1nc(SCC(CSCCS)SCCC)nc(SCC(CSCCC)SCCS)n1)SCCC,CCCSCC(CSC1=NC(SCC(CSCCS)SCCC)=NC(SCC(CSCCC)SCCC)N1)SCCS,True,True,False,False,0.5384615384615384,17,42.0,1.0,3.0
CDK_Depict_38_246,CC(C)(C)CN(CC(F)(F)F)C(=O)COCCOC1=CC=CC=C1,cC(c)(c)CN(CC(C)(C)C)C(=O)COCCOc1ccccc1,CC(C)(C)CN(CC(F)(F)F)C(=O)COCCOc1ccccc1,,True,False,False,False,0.0,15,24.0,1.0,0.0
CDK_Depict_38_247,C1C=CC=CN1NC(C(O)(O)O)O,*1ccC=CC1.*C(O)(O)C(O)NC,OC(NN1C=CC=CC1)C(O)(O)O,*1C=CC=CC1.*C(O)(O)C(O)NC,True,True,False,False,0.2727272727272727,12,13.0,1.0,1.0
CDK_Depict_38_248,[B]C(C(=O)NS(=O)(=O)C)NC,*C(NC)C(=O)[V]S(C)(=O)=O,[B]C(NC)C(=O)NS(C)(=O)=O,*C(NC)[C](=O)[V][S](C)(=O)=O,True,True,False,False,0.3235294117647059,14,11.0,0.0,1.0
CDK_Depict_38_249,C=CC(=O)OOOC1=NC(=NC(=N1)OOOC(=O)C=C)OOOC(=O)C=C,C=CC(=O)O.C=CC(=O)OOOC1=*C(C)=*C(C)=*1.C=CC(C)=O,C=CC(=O)OOOc1nc(OOOC(=O)C=C)nc(OOOC(=O)C=C)n1,C=CC(=O)O.C=CC(=O)OOOc1*c(C)*c(C)*1.C=CC(C)=O,True,True,False,False,0.425,27,27.0,1.0,0.0
CDK_Depict_38_250,CCC(=NOC(=S)NC1=CC=CC=C1NC(=S)ON=C(C)CC)C,CCC(C)=NOC(=S)NC1=CC=CCC1NC(O)=S.CN,CCC(C)=NOC(=S)Nc1ccccc1NC(=S)ON=C(C)CC,CCC(C)=NOC(=S)NC1=CC=CCC1NC(O)=S.CN,True,True,False,False,0.4423076923076923,14,24.0,1.0,0.0
CDK_Depict_38_251,CCS/C=C(\C)/C1(CC1)Cl,CCS/C=C(\C)C1(Cl)CC1,CCS/C=C(\C)C1(Cl)CC1,CCS/C=C(\C)C1(Cl)CC1,True,True,True,True,1.0,5,10.0,1.0,0.0
CDK_Depict_38_252,C[Si](C)(C)C1=CC=C(C(=O)C=C1)O,C[Si](C)(C)C1ccc(O)c(=O)cc1,C[Si](C)(C)c1ccc(O)c(=O)cc1,,True,False,False,False,0.0,12,13.0,1.0,0.0
CDK_Depict_38_253,CCC[Si]1(CCC(CC1)/C=C/C#CC2=CC(=C(C=C2)F)F)F,c[N+]1(CCC)CCC(/C=C/C#Cc2ccc(c)c(c)c2)CC1,CCC[Si]1(F)CCC(/C=C/C#Cc2ccc(F)c(F)c2)CC1,,True,False,False,False,0.0,23,22.0,2.0,2.0
CDK_Depict_38_254,CCCCCCCCCCCCCCCCCCC=C[SiH](CCl)OC1=CC=CC=C1,CCCCCCCCCCCCCCCCCCC=C[NH+](C)CCl.OC1=CC=CC=C1,CCCCCCCCCCCCCCCCCCC=C[SiH](CCl)Oc1ccccc1,CCCCCCCCCCCCCCCCCCC=C[NH+](C)CCl.Oc1ccccc1,True,True,False,False,0.42857142857142855,6,30.0,1.0,1.0
CDK_Depict_38_255,C1C(S1)CC(CC2CS2)COCC(CC3CS3)CC4CS4,CCC(CC1CS1)CC1CS1.OCC(CC1CS1)CC1CS1,C(OCC(CC1CS1)CC1CS1)C(CC1CS1)CC1CS1,CCC(CC1CS1)CC1CS1.OCC(CC1CS1)CC1CS1,True,True,False,False,0.4482758620689655,15,21.0,4.0,6.0
CDK_Depict_38_256,C1=CS[C@@H]2N1C(=S)C2CCF,[H][C@]12CCCN1C(=S)C2CCC,FCCC1C(=S)N2C=CS[C@@H]12,CCCC1C(=S)N2CCC[C@H]12,True,True,False,False,0.2,12,11.0,2.0,2.0
CDK_Depict_38_257,CC(=C1C=CC=NC(=N)S1)N,*C(C)=C1C=CC[U]C(=*)S1,CC(N)=C1C=CC=NC(=N)S1,*C(C)=C1C=C[CH2][U][C](=*)S1,True,True,False,False,0.20454545454545456,9,11.0,1.0,0.0
CDK_Depict_38_258,CN1C(=NN=N1)SN2CCC2=O,CC1=*[U]=[U]N1C.O=C1CCN1S,Cn1nnnc1SN1CCC1=O,CC1=[*][U]=[U][N]1C.O=C1CCN1S,True,True,False,False,0.23404255319148937,17,12.0,2.0,0.0
CDK_Depict_38_259,CC(C)(C)PC(=O)/C=C/CC1CCCCC1,CCCC.CCCC1CCCCC1,CC(C)(C)PC(=O)/C=C/CC1CCCCC1,CCCC.CCCC1CCCCC1,True,True,False,False,0.3055555555555556,13,16.0,1.0,1.0
CDK_Depict_38_260,B(=NC1=CC=CC=N1)C2=CC=CC=N2,C=Nc1cccc[Li]1.Cc1cccc[Li]1,B(=Nc1ccccn1)c1ccccn1,,True,False,False,False,0.0,23,14.0,2.0,0.0
CDK_Depict_38_261,C=C(C(C(F)(F)P(=O)(O)O)Cl)S(=O)(=O)P(=O)(O)O,CCC([Cr])C(F)(F)[PH](=O)(O)[Ho].C[PH](=O)(O)O,C=C(C(Cl)C(F)(F)P(=O)(O)O)S(=O)(=O)P(=O)(O)O,,True,False,False,False,0.0,23,18.0,0.0,1.0
CDK_Depict_38_262,CNC(=O)N(C)SC1=CN=CC=C1,CNC(=O)N(C)Sc1cccnc1,CNC(=O)N(C)Sc1cccnc1,CNC(=O)N(C)Sc1cccnc1,True,True,True,True,1.0,9,13.0,1.0,0.0
CDK_Depict_38_263,C[Si](C)(C=C)OC(CO[Si])(C=C)O[Si](C)(C)C=C,**CC(C)(C=C)O[SiH](C)C=C.C=C*(C)(C)O,C=CC(CO[Si])(O[Si](C)(C)C=C)O[Si](C)(C)C=C,**CC(C)(C=C)O[SiH](C)C=C.C=C*(C)(C)O,True,True,False,False,0.1568627450980392,22,18.0,0.0,0.0
CDK_Depict_38_264,CCCC[Sn](CCCC)(CCCC)C(=NC1=C(C=CC=C1C)C)C(F)(F)F,CCCC[CH]1(CCCC)(CCCC)(C(=Nc2c(C)CCC=C2C)C(C)(F)F)CCCCC1,CCC[CH2][Sn]([CH2]CCC)([CH2]CCC)[C](=Nc1c(C)cccc1C)C(F)(F)F,,True,False,False,False,0.0,20,27.0,1.0,0.0
CDK_Depict_38_265,C1CC1C2=NN(N=C2)NC(=O)C34CC5CC(C3)CC(C5)C4,*1*cc(C2CC2)*1.NC(=O)C12CC3CC(CC(C3)C1)C2,O=C(Nn1ncc(C2CC2)n1)C12CC3CC(CC(C3)C1)C2,*1:*cc(C2CC2)*:1.NC(=O)C12CC3CC(CC(C3)C1)C2,True,True,False,False,0.3333333333333333,23,21.0,6.0,4.0
CDK_Depict_38_266,CC(C)(CO)SC1=NC=CNC1=O,C/C=C\N=C(/C)C(N)=O.CC(C)(C)CO,CC(C)(CO)Sc1ncc[nH]c1=O,C/C=C\N=C(/C)C(N)=O.CC(C)(C)CO,True,True,False,False,0.16,20,13.0,1.0,0.0
CDK_Depict_38_267,CN1N=C(N=N1)C2=NSC=C2,CN1N=*c(-c2ccS[As]2)s1,Cn1nnc(-c2ccsn2)n1,,True,False,False,False,0.0,16,11.0,2.0,0.0
CDK_Depict_38_268,C[Sn](C)(C)C#CC(F)(F)F,C[Sn](C)(C)C,[CH3][Sn]([CH3])([CH3])[C]#CC(F)(F)F,[CH3][Sn]([CH3])([CH3])[CH3],True,True,False,False,0.1875,10,10.0,0.0,0.0
CDK_Depict_38_269,[2H][C@@]1(SC2CC(C2)(S1)[2H])CC=C,[2H][C@@]1(CC=C)SC2CC(b)(C2)S1,[2H]C12CC(C1)S[C@]([2H])(CC=C)S2,,True,False,False,False,0.0,16,12.0,3.0,3.0
CDK_Depict_38_270,CC[SiH](C=C)F,C=C[SiH](C)CCC,C=C[SiH](F)CC,C=C[SiH](C)CCC,True,True,False,False,0.34782608695652173,4,6.0,0.0,1.0
CDK_Depict_38_271,CC(C)(O[C@H](CCN)CC=O)OS,*CC[C@@H](CC=C)OC(C)(C)O*,CC(C)(OS)O[C@@H](CC=O)CCN,*CC[C@@H](CC=C)OC(C)(C)O*,True,True,False,False,0.3333333333333333,14,13.0,0.0,1.0
CDK_Depict_38_272,CC1=CC(=CC=C1)CS(=NCC2=CC=CC=C2)(=O)CC(=O)O,Cc1cccc(CS(=O)(CC(=O)O)=[U]Cc2ccccc2)c1,Cc1cccc(CS(=O)(CC(=O)O)=NCc2ccccc2)c1,Cc1cccc(C[S](=O)(CC(=O)O)=[U][CH2]c2ccccc2)c1,True,True,False,False,0.574468085106383,34,22.0,2.0,1.0
CDK_Depict_38_273,CC(=CC(CC(C)(C)CN=C=O)N=C=O)C,CC(C)=CC(*=C=O)CC(C)(C)CN=C=O,CC(C)=CC(CC(C)(C)CN=C=O)N=C=O,CC(C)=CC(*=C=O)CC(C)(C)CN=C=O,True,True,False,False,0.6,15,16.0,0.0,1.0
CDK_Depict_38_274,C=CC/C(=C/Br)/N,C=CC/C([NH12])=C/[Cr],C=CC/C(N)=C/Br,,True,False,False,False,0.0,12,7.0,0.0,0.0
CDK_Depict_38_275,CC(C)CC1=CSN=C=C1,CC(C)Cc1cc=NSC1,CC(C)CC1=CSN=C=C1,,True,False,False,False,0.0,7,10.0,1.0,0.0
CDK_Depict_38_276,C1=CPC(=C1CS)CS,SCc1cccc1CS,SCc1cc[pH]c1CS,,True,False,False,False,0.0,12,9.0,1.0,1.0
CDK_Depict_38_277,C1(C(=O)C(=O)O1)N,NC1OC(=O)C1=O,NC1OC(=O)C1=O,NC1OC(=O)C1=O,True,True,True,True,1.0,8,7.0,1.0,1.0
CDK_Depict_38_278,C[Si](C)(CCCN=C(NC1CCCCC1)NC2CCCCC2)O[Si](C)(C)O[Si](C)(C)CCCN=C(NC3CCCCC3)NC4CCCCC4,C[Si](C)(CCCN=C(N)NC1CCCCC1)O[Si](C)(C)O[Si](C)(C)CCCN=C(NC1CCCCC1)NC1CCCCC1,C[Si](C)(CCCN=C(NC1CCCCC1)NC1CCCCC1)O[Si](C)(C)O[Si](C)(C)CCCN=C(NC1CCCCC1)NC1CCCCC1,C[Si](C)(CCCN=C(N)NC1CCCCC1)O[Si](C)(C)O[Si](C)(C)CCCN=C(NC1CCCCC1)NC1CCCCC1,True,True,False,False,0.8536585365853658,14,49.0,4.0,0.0
CDK_Depict_38_279,CC1(CCNCC1S(=O)C)O,CS(=O)C1C[V]CCC1(C)O,CS(=O)C1CNCCC1(C)O,CS(=O)C1[CH2][V][CH2]CC1(C)O,True,True,False,False,0.4857142857142857,14,11.0,1.0,3.0
CDK_Depict_38_280,CC1=C(C(=NN1)N=NCl)Cl,Cc1c(N=NCl)[V]NC1C,Cc1[nH]nc(N=NCl)c1Cl,CC1=[C](N=NCl)[V][NH]C1C,True,True,False,False,0.2702702702702703,13,10.0,1.0,0.0
CDK_Depict_38_281,C1C=CC2(C=C1)OC=NO2,C=COC1(C)CCCCC1,C1=CC2(C=CC1)OC=NO2,C=COC1(C)CCCCC1,True,True,False,False,0.08108108108108109,12,10.0,2.0,0.0
CDK_Depict_38_282,C[N+]1(C(=C)C(=C)OC(=C)C1=C)[O-],C=C(C)C.C=C(C)C(C)C.O,C=C1OC(=C)C(=C)[N+](C)([O-])C1=C,C=C(C)C.C=C(C)C(C)C.O,True,True,False,False,0.07692307692307693,18,12.0,1.0,0.0
CDK_Depict_38_283,CC(C)(C[C@H]([C@@H]1CCC=CO1)C2CC2)[S@](=O)N,*[S@](=O)C(C)(C)C[C@H](C1CC1)[C@H]1CCC=CO1,CC(C)(C[C@@H](C1CC1)[C@@H]1CCC=CO1)[S@@](N)=O,*[S@](=O)C(C)(C)C[C@H](C1CC1)[C@H]1CCC=CO1,True,True,False,False,0.7619047619047619,32,17.0,2.0,3.0
CDK_Depict_38_284,CC1C=C(C=CC(=C1)[Se](C)(C)C)CC/C=C\C2=CCCC=C2C=C,C=Cc1cCCCc1/C=C\CCC1ccc([Se](C)(C)C)cC(C)C1,C=CC1=CCCC=C1/C=C\CCC1=CC(C)C=C([Se](C)(C)C)C=C1,,True,False,False,False,0.0,31,24.0,2.0,1.0
CDK_Depict_38_285,C(CSSN=C(N)N)N=C(N)N,*C(*)=NC.*C(N)=NCCC,NC(N)=NCCSSN=C(N)N,*C(*)=NC.*C(N)=NCCC,True,True,False,False,0.2,14,12.0,0.0,0.0
CDK_Depict_38_286,CCCC(C1=CC=NC=C1)OC(=NC=NC(C)(C)C)N,*C(=N)OC(CCC)c1cC=Ncc1,CCCC(OC(N)=NC=NC(C)(C)C)c1ccncc1,*C(=N)OC(CCC)c1ccncc1,True,True,False,False,0.5,24,20.0,1.0,1.0
CDK_Depict_38_288,CCCCCCCCCCCCCCCCCC(=O)ONN1C=CN=C1,CCCCCCCCCCCCCCCCCC(C)=O.CN.CN.c1cncN1,CCCCCCCCCCCCCCCCCC(=O)ONn1ccnc1,CCCCCCCCCCCCCCCCCC(C)=O.CN.CN.c1c[nH]cn1,True,True,False,False,0.34,13,26.0,1.0,0.0
CDK_Depict_38_289,CC(CC=CC(C(=O)O)Br)C(C(C)NC)O,*C(=O)C([Rf])C=CCC(C)C(*)C(C)NC,CNC(C)C(O)C(C)CC=CC(Br)C(=O)O,*C(=O)[CH]([Rf])C=CCC(C)C(*)C(C)NC,True,True,False,False,0.41304347826086957,20,16.0,0.0,4.0
CDK_Depict_38_290,CC1=NSC(=C1)C#CC(=O)OC,COC(=O)C#Cc1cc(C)*S1,COC(=O)C#Cc1cc(C)ns1,COC(=O)C#Cc1cc(C)*s1,True,True,False,False,0.5384615384615384,16,12.0,1.0,0.0
CDK_Depict_38_292,CC(/C(=C\C=C)/Cl)N=CC1=CCC(CC1)OC,C=C/C=C(/Cl)C(C)N=CC1CCC(C)CC1,C=C/C=C(/Cl)C(C)N=CC1=CCC(OC)CC1,C=C/C=C(/Cl)C(C)N=CC1CCC(C)CC1,True,True,False,False,0.4230769230769231,15,17.0,1.0,2.0
CDK_Depict_38_294,C1=CC=C(C=C1)C2=CC=C(C=C2)CCN=C3C#CN=CN3,C1=NCCC(=NCCC2CCC(C3ccccc3)CC2)N1,c1nc[nH]c(=NCCc2ccc(-c3ccccc3)cc2)c#1,,True,False,False,False,0.0,23,21.0,3.0,0.0
CDK_Depict_38_296,CCCCCCCC(C(=C)SC(F)(F)F)(F)F,C=C(S)C(F)(F)CCCCCCC.CC(F)(F)F,C=C(SC(F)(F)F)C(F)(F)CCCCCCC,C=C(S)C(F)(F)CCCCCCC.CC(F)(F)F,True,True,False,False,0.5454545454545454,18,17.0,0.0,0.0
CDK_Depict_38_297,CNCCSCC1=C(C=CC=N1)SSC(=C)C(=NC=C)CSCCNC,C=CN=C(CSCCNC)C(=C)SSc1ccc*c1CSCCNC,C=CN=C(CSCCNC)C(=C)SSc1cccnc1CSCCNC,C=CN=C(CSCCNC)C(=C)SSc1ccc*c1CSCCNC,True,True,False,False,0.6896551724137931,21,26.0,1.0,0.0
CDK_Depict_38_298,C1=CC=C(C=C1)C2=C(C(=[Pb](C=C2)Cl)Cl)C3=CC=CC=C3,ClC1c(-c2ccccc2)c(-c2ccccc2)cc[Pb]1Cl,Cl[C]1=[Pb]([Cl])[CH]=CC(c2ccccc2)=C1c1ccccc1,Cl[CH]1C(c2ccccc2)=C(c2ccccc2)C=[CH][Pb]1[Cl],True,True,False,False,0.43243243243243246,40,20.0,3.0,0.0
CDK_Depict_38_299,CC(=O)[C@@H]1[C@@H](N(C1=O)C#C[Si](C)(C)C(C)(C)C)[Si](C)(C)C,CC.CC#CN1C(=O)C(C=O)[C@@H]1[Si](C)(C)C,CC(=O)[C@H]1C(=O)N(C#C[Si](C)(C)C(C)(C)C)[C@H]1[Si](C)(C)C,CC.CC#CN1C(=O)C(C=O)[C@@H]1[Si](C)(C)C,True,True,False,False,0.35555555555555557,35,21.0,1.0,2.0
CDK_Depict_38_300,CC(C)C1=C(OCC(CO1)(F)P)C(C)C,CC(C)C(C)C(OCC(C)(C)CO)C(C)C,CC(C)C1=C(C(C)C)OCC(F)(P)CO1,CC(C)C(C)C(OCC(C)(C)CO)C(C)C,True,True,False,False,0.07142857142857142,8,15.0,1.0,0.0
CDK_Depict_39_2,CCC(CC)CC1C=CN(S1)C,CN1ccCS1,CCC(CC)CC1C=CN(C)S1,CN1C=CCS1,True,True,False,False,0.20588235294117646,14,12.0,1.0,1.0
CDK_Depict_39_3,CC(=S)[N+](C)(CC=CCl)CC=CCl,CCC=CCN(C)(CCCC)C(C)=S,CC(=S)[N+](C)(CC=CCl)CC=CCl,,True,False,False,False,0.0,13,13.0,0.0,1.0
CDK_Depict_39_4,CC(OC)OCCOC1=CSC(=C1)Br,*C(C)SCC(C)O.CCCOC(C)OC,COC(C)OCCOc1csc(Br)c1,*C(C)SCC(C)O.CCCOC(C)OC,True,True,False,False,0.2653061224489796,14,14.0,1.0,1.0
CDK_Depict_39_5,CCCC[Sn+2]I,CCCC[Sn+2][IH],CCC[CH2][Sn+2][I],CCC[CH2][Sn+2][IH],True,True,False,False,0.47368421052631576,3,6.0,0.0,0.0
CDK_Depict_39_6,C1=CC(=S(=O)=S)N(C=C1)[O-],O=[SH](=S)c1cccc[n+]1[O-],O=S(=S)=c1ccccn1[O-],O=[SH](=S)c1cccc[n+]1[O-],True,True,False,False,0.21621621621621623,19,10.0,1.0,0.0
CDK_Depict_39_8,CC1CC2N(C(=O)C1OO2)CCC(C)C,CCCCN1C(=O)C2OOC1CC2C,CC(C)CCN1C(=O)C2OOC1CC2C,CCCCN1C(=O)C2OOC1CC2C,True,True,False,False,0.6666666666666666,9,15.0,3.0,3.0
CDK_Depict_39_9,C=C1CCCC1=CNC2CCCC2,C=C1CCCC1=CCCCNC1CCCC1,C=C1CCCC1=CNC1CCCC1,C=C1CCCC1=CCCCNC1CCCC1,True,True,False,False,0.5,5,13.0,2.0,0.0
CDK_Depict_39_10,C=1=C(N=C=S1)C(F)(F)F,CC1C=scn1,FC(F)(F)C1=C=S=C=N1,CC1C=[SH]C=N1,True,True,False,False,0.030303030303030304,16,9.0,1.0,0.0
CDK_Depict_39_11,C(CC(Br)(Br)Br)C(N)Br,NC([Sr-])CCC(Br)(Br)[Dy],NC(Br)CCC(Br)(Br)Br,N[CH]([Sr-])CC[C](Br)(Br)[Dy],True,True,False,False,0.34615384615384615,16,9.0,0.0,1.0
CDK_Depict_39_12,B1(NC2=CC=CC3=C2C(=CC=C3)N1)[C@H](CC(=O)OC)C4=CC(=CC=C4)C(OCC)OCC,CCOC(OCC)c1cccc([C@@H](CC(=O)OC)*(N)CC(=O)OC)c1,CCOC(OCC)c1cccc([C@@H](CC(=O)OC)B2Nc3cccc4cccc(c34)N2)c1,CCOC(OCC)c1cccc([C@@H](CC(=O)OC)*(N)CC(=O)OC)c1,True,True,False,False,0.5084745762711864,39,32.0,4.0,1.0
CDK_Depict_39_13,C1N(CN2C(=NN=N2)N1CN3CN(CN4C3=NN=N4)CC5=CC=CC=C5)CC6=CC=CC=C6,CCN1C(N2CN(Cc3ccccc3)CC3Ccccc3)CN[n]c21.C1N(Cc2ccccc2)CN(C(=N)[nH]1C)CN=N[nH]=C1,c1ccc(CN2CN(CN3CN(Cc4ccccc4)Cn4nnnc43)c3nnnn3C2)cc1,,True,False,False,False,0.0,57,33.0,6.0,0.0
CDK_Depict_39_14,C[Si]([Si](Cl)(Cl)Cl)(Cl)Cl,C[Si](Cl)(Cl)[Si](Cl)(Cl)Cl,C[Si](Cl)(Cl)[Si](Cl)(Cl)Cl,C[Si](Cl)(Cl)[Si](Cl)(Cl)Cl,True,True,True,True,1.0,9,8.0,0.0,0.0
CDK_Depict_39_15,C(CN=C(N)N)C(C#P=O)(C#P=O)C(=O)O,CCC(C#p=o)(C#p=o)C(=O)p=O,NC(N)=NCCC(C#P=O)(C#P=O)C(=O)O,,True,False,False,False,0.0,15,16.0,0.0,3.0
CDK_Depict_39_16,CC(C=C)[Te]C,C=CC(C)C.CC,C=CC(C)[Te]C,C=CC(C)C.CC,True,True,False,False,0.4117647058823529,7,6.0,0.0,1.0
CDK_Depict_39_17,C1=CC(=CC(=C1)C(F)(F)F)CC2SC(=NS2(=O)=O)N,NC1=NS(=O)(=O)C(CC2=CC(C(F)(F)F)CC=C2)S1,NC1=NS(=O)(=O)C(Cc2cccc(C(F)(F)F)c2)S1,NC1=NS(=O)(=O)C(CC2=CC(C(F)(F)F)CC=C2)S1,True,True,False,False,0.45454545454545453,27,19.0,2.0,1.0
CDK_Depict_39_18,CN(C)C1CCN1OC2CCO2,CN(C)C1CCN1OC1CCO1,CN(C)C1CCN1OC1CCO1,CN(C)C1CCN1OC1CCO1,True,True,True,True,1.0,2,12.0,2.0,2.0
CDK_Depict_39_19,C1=CC=C2C(=C1)C=CNNN2CC(=O)O,*C(=O)CN1N*CCc2c1=CC=CC=2,O=C(O)Cn1[nH][nH]ccc2ccccc21,*C(=O)CN1N*CCc2ccccc21,True,True,False,False,0.2222222222222222,22,15.0,2.0,0.0
CDK_Depict_39_20,COC(=O)C(CNCCCCC1CCOCC1)I,*CCCCC1CCOCC1,COC(=O)C(I)CNCCCCC1CCOCC1,*CCCCC1CCOCC1,True,True,False,False,0.37209302325581395,13,18.0,1.0,1.0
CDK_Depict_39_21,C1(C(O1)(C(=O)O)N)O,*C1(C(=O)O)OC1O,NC1(C(=O)O)OC1O,*C1(C(=O)O)OC1O,True,True,False,False,0.4782608695652174,9,8.0,1.0,2.0
CDK_Depict_39_23,C1=CC=C(C=C1)N2NN(C=CN2P(=O)(O)O)P(=O)(O)O,*P([20H])(=O)N1CCN(P([20H])(=O)O)N(C2=CC=CC=C2)C1,O=P(O)(O)n1ccn(P(=O)(O)O)n(-c2ccccc2)[nH]1,*P([20H])(=O)N1CCN(P([20H])(=O)O)N(c2ccccc2)C1,True,True,False,False,0.2037037037037037,37,20.0,2.0,0.0
CDK_Depict_39_24,C1=NN=C(C1(CCO)N)N,NC1=NN=CC1(N)N,NC1=NN=CC1(N)CCO,NC1=NN=CC1(N)N,True,True,False,False,0.4642857142857143,6,10.0,1.0,1.0
CDK_Depict_39_25,CC1=CC(=C2C(=C(/C(=C\3/C=CC(=C)C(=C3)C)/[Si]2(C)C)C)C)C=CC1=C,C=C1CC=C(C2CC(C)C(C)C2C)Cc1C.C=C1CCC(C(C)C(C)[Si](C)(C)C)CC1C,C=c1ccc(=C2C(C)=C(C)/C(=c3/ccc(=C)c(C)c3)[Si]2(C)C)cc1C,C=C1CC=C(C2CC(C)C(C)C2C)CC1C.C=C1CCC(C(C)C(C)[Si](C)(C)C)CC1C,True,True,False,False,0.07462686567164178,31,25.0,3.0,0.0
CDK_Depict_39_26,CCO/C(=C(/C)\C(=N/C=C(\C)/CC(=C)NCC1=CC=CC(=C1)C)C)/C=C,C=C/C(OCC)=C(C)/C(C)=N/C=C(\C)CC(=C)NCc1cccc(C)c1,C=C/C(OCC)=C(C)/C(C)=N\C=C(/C)CC(=C)NCc1cccc(C)c1,C=C/C(OCC)=C(C)/C(C)=N/C=C(\C)CC(=C)NCc1cccc(C)c1,True,True,False,True,1.0,28,26.0,1.0,0.0
CDK_Depict_39_27,C(=O)(C(C(C(=O)O)(Cl)Br)(Cl)Br)O,O=CC(Cl)(Cl)C(Cl)(Cl)C(=O)O,O=C(O)C(Cl)(Br)C(Cl)(Br)C(=O)O,O=CC(Cl)(Cl)C(Cl)(Cl)C(=O)O,True,True,False,False,0.38095238095238093,18,12.0,0.0,2.0
CDK_Depict_39_28,C1OC=C(O1)C(=O)NC(=O)NC2=CC(=CC=C2)Br,O=C(NC(=O)c1COCO1)Nc1cccc([O-])c1,O=C(NC(=O)C1=COCO1)Nc1cccc(Br)c1,O=C(NC(=O)C1COCO1)Nc1cccc([O-])c1,True,True,False,False,0.3620689655172414,25,18.0,2.0,0.0
CDK_Depict_39_30,F[Si]1([Si][Si][Si][Si]([Si]1(F)F)(F)F)F,C[Si]1(F)[SiH2][Si][SiH2][Si](F)(F)[SiH2]1F,F[Si]1(F)[Si][Si][Si][Si](F)(F)[Si]1(F)F,,True,False,False,False,0.0,19,12.0,1.0,0.0
CDK_Depict_39_31,CC(=CC(=C(C)C(NCC=CCOC)(F)F)F)Br,CCCCCCCCCCCCCCC=CCOC,COCC=CCNC(F)(F)C(C)=C(F)C=C(C)Br,CCCCCCCCCCCCCCC=CCOC,True,True,False,False,0.25,18,18.0,0.0,0.0
CDK_Depict_39_32,[2H]C(C)(N=O)Cl,[2H]C(C)(Cl)Cl,[2H]C(C)(Cl)N=O,[2H]C(C)(Cl)Cl,True,True,False,False,0.5,3,6.0,0.0,1.0
CDK_Depict_39_33,CC(C)(C)[Si](C)C(=CC1=CC=CC=C1)S(=O)(=O)O,CC(C)[SiH](C)C(=Cc1ccccc1)S(=O)(=O)O,C[Si](C(=Cc1ccccc1)S(=O)(=O)O)C(C)(C)C,CC(C)[SiH](C)C(=Cc1ccccc1)S(=O)(=O)O,True,True,False,False,0.42857142857142855,13,18.0,1.0,0.0
CDK_Depict_39_34,CC(C)C1(NCCN1)/N=N/C2(NCCN2)C(C)C,CCC1(N=NC2(C(C)C)NCC[V]2)NCCN1,CC(C)C1(/N=N/C2(C(C)C)NCCN2)NCCN1,CCC1(N=N[C]2(C(C)C)NC[CH2][V]2)NCCN1,True,True,False,False,0.34285714285714286,21,18.0,2.0,0.0
CDK_Depict_39_35,C1=CC=C(C=C1)C2=C(SC(=C(S2)Br)C3=CC=CC=C3)[NH+](O)[O-],CC1SC(c2ccccc2)=C([NH+](=O)O)Sc1-c1ccCcc1,[O-][NH+](O)C1=C(c2ccccc2)SC(Br)=C(c2ccccc2)S1,,True,False,False,False,0.0,44,22.0,3.0,1.0
CDK_Depict_39_36,[2H]C1(CC1)C([2H])([2H])Br,CC1(C(C)(C)C1)CC1,[2H]C([2H])(Br)C1([2H])CC1,,True,False,False,False,0.0,19,8.0,1.0,0.0
CDK_Depict_39_37,CC1=NSC(=C1)C(C2=C(NN=C2)N)O,CC1CCCCC(C(O)C2CCCC(C)NC2)C1,Cc1cc(C(O)c2cn[nH]c2N)sn1,CC1CCCCC(C(O)C2CCCC(C)NC2)C1,True,True,False,False,0.0847457627118644,16,14.0,2.0,1.0
CDK_Depict_39_38,[H][C@]([2H])([C@@]([2H])(C(=O)O)O)N,[H]C(N)(S)C(C)(O)C=O,[2H][C@H](N)[C@]([2H])(O)C(=O)O,CC(O)(C=O)C(N)S,True,True,False,False,0.12121212121212122,23,9.0,0.0,2.0
CDK_Depict_39_39,C1=C(C(=C(N=C1N)C(F)F)Cl)Br,Nc1cc(Br)c(Cl)c(C(F)F)n1,Nc1cc(Br)c(Cl)c(C(F)F)n1,Nc1cc(Br)c(Cl)c(C(F)F)n1,True,True,True,True,1.0,19,12.0,1.0,0.0
CDK_Depict_39_41,C1=CC(=C(C=C1N)C(Cl)(Cl)Cl)S(=O)(=S)N,NC1CCC(S(N)(=O)=S)C(C(Cl)Cl)C1,Nc1ccc(S(N)(=O)=S)c(C(Cl)(Cl)Cl)c1,NC1CCC(S(N)(=O)=S)C(C(Cl)Cl)C1,True,True,False,False,0.16666666666666666,23,15.0,1.0,1.0
CDK_Depict_39_42,[B]C1(CCC2N1C(CCC2)(C)C)[B],C1CCCCCC[pH],[B]C1([B])CCC2CCCC(C)(C)N21,,True,False,False,False,0.0,18,13.0,2.0,1.0
CDK_Depict_39_43,C1=CC(C(C=C1)(O)F)C(=N)Cl,N=C(Cl)C1CCCCC1O,N=C(Cl)C1C=CC=CC1(O)F,N=C(Cl)C1CCCCC1O,True,True,False,False,0.19444444444444445,18,11.0,1.0,2.0
CDK_Depict_39_44,COC(=C=C)C#C,C#CC(=C=C)OC,C#CC(=C=C)OC,C#CC(=C=C)OC,True,True,True,True,1.0,4,7.0,0.0,0.0
CDK_Depict_39_45,CCN(CC)P(CP(N(CC)CC)OC)OC,CCN(C)P(C)O.CCN(CC)P(C)O,CCN(CC)P(CP(OC)N(CC)CC)OC,CCN(C)P(C)O.CCN(CC)P(C)O,True,True,False,False,0.2857142857142857,10,17.0,0.0,2.0
CDK_Depict_39_46,CC(C(O)(O)O)(N=[N+]=[N-])O,[N-]=[N+]=NC(O)(N=[N+]=[N-])C(O)(O)[Pd],CC(O)(N=[N+]=[N-])C(O)(O)O,[N-]=[N+]=NC(O)(N=[N+]=[N-])[C](O)(O)[Pd],True,True,False,False,0.4166666666666667,23,10.0,0.0,1.0
CDK_Depict_39_47,CCCCSNC(=S)S,CCCCSNC(=S)S,CCCCSNC(=S)S,CCCCSNC(=S)S,True,True,True,True,1.0,0,9.0,0.0,0.0
CDK_Depict_39_48,C(=O)(N)ON(N)S,CO[NH](N)S,NC(=O)ON(N)S,,True,False,False,False,0.0,7,7.0,0.0,0.0
CDK_Depict_39_49,CC(=O)NC1=CN=NS1=O,CCNc1cnns1=O,CC(=O)NC1=CN=NS1=O,CCNC1=CN=NS1=O,True,True,False,False,0.53125,11,10.0,1.0,1.0
CDK_Depict_39_50,C1=CC=C(C=C1)C[C@H](C2=CC=C(C=C2)C3=CC=C(C=C3)Br)C4=CC5=C(C=C4)C6=CC=CC=C6C=C5,C1CCCCCCCCCCCCCCCCC(c1ccc(-c2ccc3cc4c(ccc5ccccc5c4)cc3)cc1)c1ccccc1,Brc1ccc(-c2ccc([C@@H](Cc3ccccc3)c3ccc4c(ccc5ccccc54)c3)cc2)cc1,,True,False,False,False,0.0,61,35.0,6.0,1.0
CDK_Depict_39_51,CC1NC(=C(N1)/N=C\N=C)C,C=[N+]/C=N\c1[nH]C(C)[nH]c1C,C=N/C=N\C1=C(C)NC(C)N1,C=[N+]/C=N\C1=C(C)NC(C)N1,True,True,False,False,0.59375,21,11.0,1.0,1.0
CDK_Depict_39_52,C1=CN=C(N1)CNC(=O)C(F)(F)Cl,C1CNCN1,O=C(NCc1ncc[nH]1)C(F)(F)Cl,C1CNCN1,True,True,False,False,0.02564102564102564,20,13.0,1.0,0.0
CDK_Depict_39_53,C1=CC2C(=C(SC(=O)O2)N=NC3=C4C=CC=CC4OC(=O)S3)C=C1,O=C1OC2CCCC(=C(N=Nc3SC(=O)OC4CCCCC34)S1)C2CCCCC2,O=C1OC2C=CC=CC2=C(N=NC2=C3C=CC=CC3OC(=O)S2)S1,,True,False,False,False,0.0,32,24.0,4.0,2.0
CDK_Depict_39_54,CONN(N)ON,CON[U](N)NCON,CONN(N)ON,CO[NH][U]([NH2])[NH]CON,True,True,False,False,0.23333333333333334,5,7.0,0.0,0.0
CDK_Depict_39_55,[2H]C1C(=O)C2CCN1CC2,[2H][A]1CCC(C(=O)c1)CC1,[2H]C1C(=O)C2CCN1CC2,,True,False,False,False,0.0,14,10.0,3.0,3.0
CDK_Depict_39_56,CS(=O)(=O)C1=CNC(S1)NC(=O)C2=CC(=CC=C2)O,CS(=O)(=O)C1=C[NH2+]C(NC(=O)c2cccc(O)c2)S1,CS(=O)(=O)C1=CNC(NC(=O)c2cccc(O)c2)S1,CS(=O)(=O)C1=C[NH2+]C(NC(=O)c2cccc(O)c2)S1,True,True,False,False,0.6078431372549019,19,19.0,2.0,1.0
CDK_Depict_39_57,CC(C)(C)C(COCCOCCOC1=C(C=C(C(=C1)N)N)ONC(=O)O)(C(C)(C)C)NC(=O)O,CC(C)(C)C(COCCOCCOC1=C(ONC(=O)O)C=C([IH4])C([IH4])=C1)C(C)(C)C,CC(C)(C)C(COCCOCCOc1cc(N)c(N)cc1ONC(=O)O)(NC(=O)O)C(C)(C)C,CC(C)(C)C(COCCOCCOc1cc([IH4])c([IH4])cc1ONC(=O)O)C(C)(C)C,True,True,False,False,0.5272727272727272,30,34.0,1.0,0.0
CDK_Depict_39_58,CS(=O)(=O)C1OCCCS1,CS(=O)(=O)C1OCCCS1,CS(=O)(=O)C1OCCCS1,CS(=O)(=O)C1OCCCS1,True,True,True,True,1.0,0,10.0,1.0,1.0
CDK_Depict_39_59,C/C(=C(\CN(C=C)C=C)/N)/SN1CCCCC1,C=CN(C=C)C/C(C)=C(\C)SN1CCCCC1,C=CN(C=C)C/C(N)=C(\C)SN1CCCCC1,C=CN(C=C)C/C(C)=C(\C)SN1CCCCC1,True,True,False,False,0.7222222222222222,13,17.0,1.0,0.0
CDK_Depict_39_60,CN(C)/C=C(\C(=C)Cl)/C(=O)O,C=C(Cl)/C(=C\N(C)C)C(=O)O,C=C(Cl)/C(=C\N(C)C)C(=O)O,C=C(Cl)/C(=C\N(C)C)C(=O)O,True,True,True,True,1.0,9,11.0,0.0,0.0
CDK_Depict_39_61,CN(C)ON(C)CON(C)O,CN(C)ON(C)CON(C)O,CN(C)ON(C)CON(C)O,CN(C)ON(C)CON(C)O,True,True,True,True,1.0,0,11.0,0.0,0.0
CDK_Depict_39_62,C1=CC=C(C=C1)NC2=NC(=O)SS2,O=C1N=C(Nc2ccccc2)SS1,O=c1nc(Nc2ccccc2)ss1,O=c1nc(Nc2ccccc2)ss1,True,True,True,True,1.0,17,13.0,2.0,0.0
CDK_Depict_39_63,C1=CC=C(C=C1)[Se](=[Se])(=[Se])C2=CC=CC=C2,C(=[Se])[Se](c1ccccc1)(c1cccc(C1)CCC1)=[Se],[Se]=[Se](=[Se])(c1ccccc1)c1ccccc1,,True,False,False,False,0.0,34,15.0,2.0,0.0
CDK_Depict_39_65,C1CCC2=C(C#CC1)C(C=CS2)(F)F,C1CCCCCC1CCCCCC1,FC1(F)C=CSC2=C1C#CCCCC2,,True,False,False,False,0.0,15,14.0,2.0,0.0
CDK_Depict_39_66,CCN=[P+](C(C)C)[S-],CN=[P+](C)[S-],CCN=[P+]([S-])C(C)C,CN=[P+](C)[S-],True,True,False,False,0.22727272727272727,5,8.0,0.0,1.0
CDK_Depict_39_67,C[C@@](C(C)(C)C)(N(C)C(=C)C(C)(C)C)P,C=C(C)C.CC(C)(C)P,C=C(N(C)[C@](C)(P)C(C)(C)C)C(C)(C)C,C=C(C)C.CC(C)(C)P,True,True,False,False,0.34782608695652173,21,15.0,0.0,1.0
CDK_Depict_39_68,CCCCCOC(=O)CC(C)NP(CO)OC1=CC=CC=C1,*C.CCCCCOC(=O)CC(C)NP.COc1ccccc1,CCCCCOC(=O)CC(C)NP(CO)Oc1ccccc1,*C.CCCCCOC(=O)CC(C)NP.COc1ccccc1,True,True,False,False,0.6037735849056604,15,22.0,1.0,2.0
CDK_Depict_39_69,C/C(=C\C(=C(/C=C)\OC)\OC)/CC(C)(/C(=N/NN)/N)NCCCS(=O)O,*N/[AlH]=C(\*)C(CC(C)CC(OC)=C(C=C)OC)NCCCCC,C=C/C(OC)=C(\C=C(/C)CC(C)(NCCCS(=O)O)/C(N)=N/NN)OC,,True,False,False,False,0.0,35,26.0,0.0,2.0
CDK_Depict_39_70,C1=CC(=CC=C1C#N)C2=C(SC(N2)Cl)Br,CC1ClClC1C(CS)c1ccc(C#N)cc1,N#Cc1ccc(C2=C(Br)SC(Cl)N2)cc1,,True,False,False,False,0.0,23,15.0,2.0,1.0
CDK_Depict_39_71,C1=C(C(=O)NC1=O)[SiH2]C2=CC(=O)NC2=O,O=C1C=c([SiH2]C2CC(=O)NC2=O)c(=O)N1,O=C1C=C([SiH2]C2=CC(=O)NC2=O)C(=O)N1,O=C1C=C([SiH2]C2CC(=O)NC2=O)C(=O)N1,True,True,False,False,0.46875,21,15.0,2.0,0.0
CDK_Depict_39_72,CCOCC1=CN(C(=NC1=N)C)CC(=O)C2=CC=CS2,CCOCC1CN(CC(=O)c2cccs2)C2CCN(C2)C1=N,CCOCc1cn(CC(=O)c2cccs2)c(C)nc1=N,CCOCC1CN(CC(=O)c2cccs2)C2CCN(C2)C1=N,True,True,False,False,0.4264705882352941,21,20.0,2.0,0.0
CDK_Depict_39_73,C[Si](C)(C)C(F)(F)[Se]C1=CC=CC=C1,C[Si](C)(C)[Se](c1ccccc1)C(F)F,C[Si](C)(C)C(F)(F)[Se]c1ccccc1,C[Si](C)(C)[Se](c1ccccc1)C(F)F,True,True,False,False,0.29411764705882354,19,14.0,1.0,0.0
CDK_Depict_39_74,C1CNCCC12CCSCS2,c1[nH]CCC2(C1)CCSCS2,C1CC2(CCN1)CCSCS2,,True,False,False,False,0.0,9,11.0,2.0,0.0
CDK_Depict_39_75,CSC(CCOCC#CI)COC1=CN=CN=C1,[3H]C#CCOCCC[SH](C)COc1cnc[nH]c1,CSC(CCOCC#CI)COc1cncnc1,,True,False,False,False,0.0,21,18.0,1.0,1.0
CDK_Depict_39_77,CC(C)(C)P(C1=CC=CN1C)Cl,CC(C)(C)C.C[n+]1cccc1OP(Cl)Cl,Cn1cccc1P(Cl)C(C)(C)C,,True,False,False,False,0.0,15,12.0,1.0,1.0
CDK_Depict_39_78,C1=CC=C(C=C1)[PH-](C[PH-]([C+]2C=C[CH+]C=C2)([C+]3C=C[CH+]C=C3)(F)F)(C4=CC=CC=C4)(F)F,C[PH+](F)(F)(CCP(F)(F)(c1ccccc1)(C1ccccc1)(F)(F)C1ccccc1)(F)(F)C1CC[CH](CC1)CC1,F[PH-](F)(C[PH-](F)(F)([C+]1C=C[CH+]C=C1)[C+]1C=C[CH+]C=C1)(c1ccccc1)c1ccccc1,,True,False,False,False,0.0,67,31.0,4.0,0.0
CDK_Depict_39_79,CS(C)(C#C)C#N,C#CS(C)(C)C#N,C#CS(C)(C)C#N,C#CS(C)(C)C#N,True,True,True,True,1.0,4,7.0,0.0,0.0
CDK_Depict_39_80,C1=CC=C(C=C1)[Se]S(=O)(=O)C(F)(F)F,O=S(=O)([Se]c1cCccc1)C(F)(F)F,O=S(=O)([Se]c1ccccc1)C(F)(F)F,,True,False,False,False,0.0,18,14.0,1.0,0.0
CDK_Depict_39_81,CCC1=CC(=C[Se]1)Br,Cc1cc([Sr])c[se]1,CCc1cc(Br)c[se]1,Cc1c[c]([Sr])c[se]1,True,True,False,False,0.23333333333333334,15,8.0,1.0,0.0
CDK_Depict_39_82,C[C@H](C1=CC=CC=C1)N=C(NC#N)NC2=CN=CN=C2,N#CNC(N=C1CCC=CC1C1CCCCC1)NC1=CN=CN=C1,C[C@@H](N=C(NC#N)Nc1cncnc1)c1ccccc1,N#CNC(N=C1CCC=CC1C1CCCCC1)Nc1cncnc1,True,True,False,False,0.24285714285714285,18,20.0,2.0,1.0
CDK_Depict_39_83,CC1(NC(OCO1)(C)C)C,COCOC,CC1(C)NC(C)(C)OCO1,COCOC,True,True,False,False,0.047619047619047616,13,10.0,1.0,0.0
CDK_Depict_39_84,CC1=NC(=CN=C1C=C)N2C=NN=N2,C=CC1=[V]CC(N2cnnn2)N=C1C,C=Cc1ncc(-n2cnnn2)nc1C,C=C[C]1=[V][CH2]C(n2cnnn2)N=C1C,True,True,False,False,0.3018867924528302,20,14.0,2.0,0.0
CDK_Depict_39_85,CCCCCCC=S(=O)(C)N,CCCCCCC=S(C)(C)=O,CCCCCCC=S(C)(N)=O,CCCCCCC=S(C)(C)=O,True,True,False,False,0.68,4,11.0,0.0,1.0
CDK_Depict_39_86,B(C1=CC=CC=C1)(OC)OC(=C(C)C)/C=C/2\C(=C)CCO2,C=C1CCOC1.CC(C)=C(O)CC1CCO1.Cc1ccccc1,C=C1CCO/C1=C/C(OB(OC)c1ccccc1)=C(C)C,C=C1CCOC1.CC(C)=C(O)CC1CCO1.Cc1ccccc1,True,True,False,False,0.25757575757575757,27,21.0,2.0,0.0
CDK_Depict_39_87,C1[C@@H]([C@@H](CN1)ON)O,NO[C@H]1C[NH2+]C[C@@H]1O,NO[C@@H]1CNC[C@@H]1O,NO[C@H]1C[NH2+]C[C@@H]1O,True,True,False,False,0.4074074074074074,17,8.0,1.0,2.0
CDK_Depict_39_88,CI(C#N)(F)(Cl)Br,C[3H](F)(Cl)C#N,CI(F)(Cl)(Br)C#N,,True,False,False,False,0.0,9,7.0,0.0,0.0
CDK_Depict_39_89,CC/C=C/CC[C@]12CS1(CCO2)CN=CC=C(NC(=O)C)N(C)CC,CC/C=C\CC[C@@H]1COCCS1(CNC=CC(N(CC)C)=O)CCO1,CC/C=C/CC[C@]12CS1(CN=CC=C(NC(C)=O)N(C)CC)CCO2,,True,False,False,False,0.0,21,25.0,2.0,2.0
CDK_Depict_39_90,CC(C/C(=C\C(=C)C)/Cl)C(C)NC(=S)C,C=C(C)/C=C(/CCl)CC(C)C(C)NC(C)=S,C=C(C)/C=C(/Cl)CC(C)C(C)NC(C)=S,C=C(C)/C=C(/CCl)CC(C)C(C)NC(C)=S,True,True,False,False,0.6756756756756757,15,15.0,0.0,2.0
CDK_Depict_39_91,B1(CC=CC=C1)C(F)F,FC(F)s1ccCcc1,FC(F)B1C=CC=CC1,,True,False,False,False,0.0,15,9.0,1.0,0.0
CDK_Depict_39_92,C[Bi](C)C(C1=CC=CC=C1)C2=CC=CC=C2,CC(c1ccccc1)C1CCCCC1,[CH3][Bi]([CH3])[CH](c1ccccc1)c1ccccc1,CC(c1ccccc1)C1CCCCC1,True,True,False,False,0.3333333333333333,21,16.0,2.0,0.0
CDK_Depict_39_93,CNC(C(=O)N(C)OC)Br,CNC(Br)C(=O)N(C)OC,CNC(Br)C(=O)N(C)OC,CNC(Br)C(=O)N(C)OC,True,True,True,True,1.0,6,10.0,0.0,1.0
CDK_Depict_39_94,CN1CCOC2(C1)CN(C2)SF,*SN1CC2(CN(C)CCO2)C1,CN1CCOC2(C1)CN(SF)C2,*SN1CC2(CN(C)CCO2)C1,True,True,False,False,0.6774193548387096,11,12.0,2.0,0.0
CDK_Depict_39_95,CC(C)OP(=O)(C)CCCP(C)CCCPC,CC*CC[PH](CCCP(C)(C)=O)CCP(C)(C)=O,CPCCCP(C)CCCP(C)(=O)OC(C)C,CC*CC[PH](CCCP(C)(C)=O)CCP(C)(C)=O,True,True,False,False,0.17647058823529413,18,17.0,0.0,3.0
CDK_Depict_39_96,CC(CCCCN=C(N)N)(C(=O)I)N,*C(N)=NCCCCC(C)([V])C=O,CC(N)(CCCCN=C(N)N)C(=O)I,*C(N)=NCCCC[C](C)([V])C=O,True,True,False,False,0.3902439024390244,17,14.0,0.0,1.0
CDK_Depict_39_97,C1=CC=C(C=C1)C(=C(NC2=CC=CC=C2)NNC(=O)C3=CC=CC=C3)C4=CC=CC=C4,O=C(NC(NCC(NC1=CC=CC=C1)=C(c1ccccc1)c1ccccc1)=C(c1ccccc1)c1CCCC1=C(c1ccccc1)c1ccccc1)c1ccccc1,O=C(NNC(Nc1ccccc1)=C(c1ccccc1)c1ccccc1)c1ccccc1,O=C(NC(NCC(Nc1ccccc1)=C(c1ccccc1)c1ccccc1)=C(c1ccccc1)C1CCCC1=C(c1ccccc1)c1ccccc1)c1ccccc1,True,True,False,False,0.3620689655172414,72,31.0,4.0,0.0
CDK_Depict_39_98,C1(=C(C(C1(Br)Br)(Br)Br)Br)Br,CS.CS,BrC1=C(Br)C(Br)(Br)C1(Br)Br,CS.CS,True,True,False,False,0.0,27,10.0,1.0,0.0
CDK_Depict_39_99,C/C=C\C(=C)OC(C)(C)OC(C)CNC(=O)O,C/C=C\C(C)OC(C)(C)CC(C)CNC(=O)O,C=C(/C=C\C)OC(C)(C)OC(C)CNC(=O)O,C/C=C\C(C)OC(C)(C)CC(C)CNC(=O)O,True,True,False,False,0.42857142857142855,2,17.0,0.0,1.0
CDK_Depict_39_100,CCOC(=O)C(C)C(=C=C(C)C)Br,*C(=C=C)C(C)C(=O)O,CCOC(=O)C(C)C(Br)=C=C(C)C,*C(=C=C)C(C)C(=O)O,True,True,False,False,0.21052631578947367,13,13.0,0.0,1.0
CDK_Depict_39_101,C1SC=CN(S1)C2=CSC=C2,c1ccnccS1,C1=CN(c2ccsc2)SCS1,C1=CSC=CN=C1,True,True,False,False,0.075,17,11.0,2.0,0.0
CDK_Depict_39_102,C1CC1([C@H](N2CCNCC2)I)O,*C(C)(N1CC[Ni]CC1)C1(O)CC1,OC1([C@@H](I)N2CCNCC2)CC1,*C(C)(N1C[CH2][Ni][CH2]C1)C1(O)CC1,True,True,False,False,0.17073170731707318,20,12.0,2.0,1.0
CDK_Depict_39_103,C=C/C(=C(\C(=C)Cl)/[N+](=O)[O-])/C(=O)O,C=C/C(C(=O)O)=C(/C(=C)Cl)[N+](=O)[O-],C=C/C(C(=O)O)=C(\C(=C)Cl)[N+](=O)[O-],C=C/C(C(=O)O)=C(/C(=C)Cl)[N+](=O)[O-],True,True,False,True,1.0,17,13.0,0.0,0.0
CDK_Depict_39_104,CC(=O)NCCN/C(=C(/C=C)\Br)/N=C(\N)/Cl,CCC(C)=C(N=C(N)Cl)NCCNC(C)=O,C=C/C(Br)=C(\N=C(/N)Cl)NCCNC(C)=O,CCC(C)=C(N=C(N)Cl)NCCNC(C)=O,True,True,False,False,0.6,23,16.0,0.0,0.0
CDK_Depict_39_105,CC(C)(C)N(S(=O)O)Cl,CN(Cl)S(=O)O,CC(C)(C)N(Cl)S(=O)O,CN(Cl)S(=O)O,True,True,False,False,0.5,9,9.0,0.0,1.0
CDK_Depict_39_106,C1=CC(=C(C(=C1)[SiH2]O[SiH2]C2=CC(=C(C=C2)C(=O)O)C(=O)O)C(=O)O)C(=O)O,O=C(O)C1=C(C(=O)O)C=C([SiH2]O[SiH2]C2=CC=CC(C(=O)O)=C2C(=O)O)C=C1,O=C(O)c1ccc([SiH2]O[SiH2]c2cccc(C(=O)O)c2C(=O)O)cc1C(=O)O,O=C(O)c1ccc([SiH2]O[SiH2]c2cccc(C(=O)O)c2C(=O)O)cc1C(=O)O,True,True,True,True,1.0,29,27.0,2.0,2.0
CDK_Depict_39_107,CCC1=NN=CC1(OC)Br,CCc1nncC1OC,CCC1=NN=CC1(Br)OC,CCC1=NN=CC1OC,True,True,False,False,0.3333333333333333,10,10.0,1.0,1.0
CDK_Depict_39_108,B(C(C)(C)C)N=C=S,C[PbH][nH]=C=S,CC(C)(C)BN=C=S,,True,False,False,False,0.0,11,8.0,0.0,0.0
CDK_Depict_39_109,CCCOP(P)P,CCCOP(P)P,CCCOP(P)P,CCCOP(P)P,True,True,True,True,1.0,0,7.0,0.0,0.0
CDK_Depict_39_110,CC1C2C(CCCC2=C)N(N1)I,*NCC1C(=C)CCCC1C,C=C1CCCC2C1C(C)NN2I,*NCC1C(=C)CCCC1C,True,True,False,False,0.34146341463414637,14,12.0,2.0,3.0
CDK_Depict_39_112,C1CCC(C1)(CC(=O)NC2=CC=CC(=C2)C3=NC=CN3)O,CC1CC[NH-]C(c2cccc(NC(=O)CC3(O)CCCC3)C2)=N1,O=C(CC1(O)CCCC1)Nc1cccc(-c2ncc[nH]2)c1,,True,False,False,False,0.0,30,21.0,3.0,0.0
CDK_Depict_39_113,CCSC(=S)SC1(CC1(C)C(=O)C)C,CCSC(=S)SC1(C)CC1(C)C(C)=O,CCSC(=S)SC1(C)CC1(C)C(C)=O,CCSC(=S)SC1(C)CC1(C)C(C)=O,True,True,True,True,1.0,7,14.0,1.0,2.0
CDK_Depict_39_114,C1=C(NC(O1)CN)CO,NCC1NC(CCO)CO1,NCC1NC(CO)=CO1,NCC1NC(CCO)CO1,True,True,False,False,0.2894736842105263,9,9.0,1.0,1.0
CDK_Depict_39_115,CC(CCl)(CBr)OC1COC1,[O-]CC(C[O-])(CCl)OC1COC1,CC(CCl)(CBr)OC1COC1,[O-]CC(C[O-])(CCl)OC1COC1,True,True,False,False,0.47058823529411764,10,11.0,1.0,1.0
CDK_Depict_39_116,C1COCC1(C#N)C2=NC=CC=N2,N#Cc1ncccn1,N#CC1(c2ncccn2)CCOC1,N#Cc1ncccn1,True,True,False,False,0.30303030303030304,21,13.0,2.0,1.0
CDK_Depict_39_117,C1=CC(=CC(=C1)[Pb](C2=CC=CC(=C2)[N+](=O)[O-])(C3=CC=CC(=C3)[N+](=O)[O-])C4=CC=CC(=C4)[N+](=O)[O-])[N+](=O)[O-],CCc1cccc([N+](=O)[O-])c1.Cc1cccc([N+](=O)[O-])c1.Cc1cccc([N+](=O)[O-])c1.Cc1cccc([N+](=O)[O-])c1,O=[N+]([O-])c1ccc[c]([Pb]([c]2cccc([N+](=O)[O-])c2)([c]2cccc([N+](=O)[O-])c2)[c]2cccc([N+](=O)[O-])c2)c1,CCc1cccc([N+](=O)[O-])c1.Cc1cccc([N+](=O)[O-])c1.Cc1cccc([N+](=O)[O-])c1.Cc1cccc([N+](=O)[O-])c1,True,True,False,False,0.43243243243243246,64,37.0,4.0,0.0
CDK_Depict_39_118,C1=CC(C(C=C1)(P(=S)(C2(C=CC=CC2Cl)Cl)S)Cl)Cl,S=P(Cl)(C1CCC(Cl)C(Cl)([PH](=S)(=S)S)C1)C1(Cl)CCCCC1Cl,S=P(S)(C1(Cl)C=CC=CC1Cl)C1(Cl)C=CC=CC1Cl,,True,False,False,False,0.0,31,19.0,2.0,5.0
CDK_Depict_39_119,CCCON1CCSC1S(=O)(=O)N=NC(=O)NC2=NC(=NC(=N2)OC)OC,CCCO*1CCSC1S(=O)(=O)N=NC(=O)NC1=NC(OC)=NC(O)=N1,CCCON1CCSC1S(=O)(=O)N=NC(=O)Nc1nc(OC)nc(OC)n1,CCCO*1CCSC1S(=O)(=O)N=NC(=O)Nc1nc(O)nc(OC)n1,True,True,False,False,0.5492957746478874,11,27.0,2.0,1.0
CDK_Depict_39_120,CC(C)(C)N(C(C)(COC1=CC=CO1)C(=O)NC2=CC=CC=C2)O,CC(N(CO)C(C)(C)C)(C(Nc1ccccc1)=O)CCCc1ccc(OC1)cccc1,CC(C)(C)N(O)C(C)(COc1ccco1)C(=O)Nc1ccccc1,,True,False,False,False,0.0,32,24.0,2.0,1.0
CDK_Depict_39_121,CP(=O)(OP)OP,CP(=O)(OP)OP,CP(=O)(OP)OP,CP(=O)(OP)OP,True,True,True,True,1.0,0,7.0,0.0,0.0
CDK_Depict_39_122,CC(CCC1CC(C1F)F)(O)OC,*C1C(F)CC1CCC(C)(O)OC,COC(C)(O)CCC1CC(F)C1F,*C1C(F)CC1CCC(C)(O)OC,True,True,False,False,0.7272727272727273,9,13.0,1.0,4.0
CDK_Depict_39_123,CC1=C(C[Ge]C(C1)(C(C)(C)C)O[Si](C)(C)C)C,CC1CCC(C)(O[Si](C)(C)C)CC1,CC1=C(C)C[C](O[Si](C)(C)C)(C(C)(C)C)[Ge][CH2]1,CC1CCC(C)(O[Si](C)(C)C)CC1,True,True,False,False,0.23076923076923078,18,17.0,1.0,1.0
CDK_Depict_39_124,C1C(=P)CO1,P=C1COC1,P=C1COC1,P=C1COC1,True,True,True,True,1.0,7,5.0,1.0,0.0
CDK_Depict_39_126,C[C@@H](CC(=O)O[C@@H](C)/C=N\O[Si](C)(C)C(C)(C)C)OC(=O)/C=C/[C@H]([C@H](C)O)OCOCCOC,COCCOCCO[C@H](/C=C/C(=O)O[C@@H](C)CC(=O)O[C@H](C)/C=N\O[Si](C)(C)C)C(C)C,COCCOCO[C@H](/C=C/C(=O)O[C@@H](C)CC(=O)O[C@@H](C)/C=N\O[Si](C)(C)C(C)(C)C)[C@H](C)O,COCCOCCO[C@H](/C=C/C(=O)O[C@@H](C)CC(=O)O[C@H](C)/C=N\O[Si](C)(C)C)C(C)C,True,True,False,False,0.6417910447761194,48,34.0,0.0,4.0
CDK_Depict_39_127,CC1(CC(=C)O[Si](O1)(C)C=C)C,C=C[Si](C)(C)OC(=C)CC(C)OC,C=C[Si]1(C)OC(=C)CC(C)(C)O1,C=C[Si](C)(C)OC(=C)CC(C)OC,True,True,False,False,0.10416666666666667,17,12.0,1.0,1.0
CDK_Depict_39_128,CC(C)C(C)(C=C(C=C(COC)C(C)N=C/C(=C\CCN1CCNCC1)/S(=O)(=O)C)Cl)OC,CCN1CCN(CC/C=C(\C=NC(C)/C(=C/[C@H](Cl)CC(C)(OC)C(C)C)COC)S(C)(=O)=O)CC1,COCC(=CC(Cl)=CC(C)(OC)C(C)C)C(C)N=C/C(=C\CCN1CCNCC1)S(C)(=O)=O,CCN1CCN(CC/C=C(\C=NC(C)/C(=C/[C@H](Cl)CC(C)(OC)C(C)C)COC)S(C)(=O)=O)CC1,True,True,False,False,0.5714285714285714,41,33.0,1.0,2.0
CDK_Depict_39_129,CCCCN(CCC)C=CC(C)C1CCCC2(CC2C=C=CC1)F,CCCCC(C=CC(C)C1CCCC(C)(F)C1)CCCC,CCCCN(C=CC(C)C1CC=C=CC2CC2(F)CCC1)CCC,CCCCC(C=CC(C)C1CCCC(C)(F)C1)CCCC,True,True,False,False,0.375,15,24.0,2.0,4.0
CDK_Depict_39_130,CCCP(CCCCCCCC/C=C\CCCCCCCCCCC(O)O)Br,*C(O)CCCCCCCCCCCC.*C(O)CCCCCCCCCCCCCCCCCCCCCC,CCCP(Br)CCCCCCCC/C=C\CCCCCCCCCCC(O)O,*C(O)CCCCCCCCCCCC.*C(O)CCCCCCCCCCCCCCCCCCCCCC,True,True,False,False,0.2972972972972973,21,28.0,0.0,1.0
CDK_Depict_39_131,C1=CC=C(C=C1)CS(CC2=CC=CC=C2)(C3=CC=CC=C3)F,C[Si](Cc1ccccc1)(C1C=CC=CC=1)CCc1cccc(C1)c1,FS(Cc1ccccc1)(Cc1ccccc1)c1ccccc1,,True,False,False,False,0.0,30,22.0,3.0,0.0
CDK_Depict_39_132,C1N=C2C(=N2)O1,C1N=C2N=C2O1,C1N=C2N=C2O1,C1N=C2N=C2O1,True,True,True,True,1.0,4,6.0,2.0,0.0
CDK_Depict_39_133,B(C1=CC=C(C=C1)F)(C2=CC=C(C=C2)F)/C(=C(\CC)/C3CCCCC3)/C4=CC=C(C=C4)F,CC1=CC=C(C)C=C1.CCC(C)CC,CC/C(=C(\B(c1ccc(F)cc1)c1ccc(F)cc1)c1ccc(F)cc1)C1CCCCC1,CCC(C)CC.Cc1ccc(C)cc1,True,True,False,False,0.13043478260869565,47,32.0,4.0,0.0
CDK_Depict_39_134,CC1=NOC(C1)CNCC2=CC(=CC=C2)C#N,C=[N+](CC1=CC(C#N)=CC=C1)CC1CC(C)=NO1,CC1=NOC(CNCc2cccc(C#N)c2)C1,C=[N+](Cc1cccc(C#N)c1)CC1CC(C)=NO1,True,True,False,False,0.6346153846153846,23,17.0,2.0,1.0
CDK_Depict_39_138,COS(=O)(=O)CN1CCC(=CC1)C2=NC=NS2,COS(=O)(=O)CN1CC=C(C2=NC=NS2)CC1,COS(=O)(=O)CN1CC=C(c2ncns2)CC1,COS(=O)(=O)CN1CC=C(c2ncns2)CC1,True,True,True,True,1.0,9,17.0,2.0,0.0
CDK_Depict_39_139,C[Si](C)(C)/C=C/C(=C/C(=O)N)/C#C[Si](C)(C)C,C[Si](C)(C)C#CC(/C=C/[Si](C)(C)C)=C/C(N)=O,C[Si](C)(C)C#CC(=C\C(N)=O)/C=C/[Si](C)(C)C,C[Si](C)(C)C#CC(/C=C/[Si](C)(C)C)=C/C(N)=O,True,True,False,True,1.0,22,17.0,0.0,0.0
CDK_Depict_39_140,CC(C)(C)[Si](C)(C(C)(C)C)[Si]1S[Si](S1)[Si](C)(C(C)(C)C)C(C)(C)C,C[Si](C)(C)[SiH]1S[SiH]([Si](C)(C)C)S1,CC(C)(C)[Si](C)([Si]1S[Si]([Si](C)(C(C)(C)C)C(C)(C)C)S1)C(C)(C)C,C[Si](C)(C)[SiH]1S[SiH]([Si](C)(C)C)S1,True,True,False,False,0.18181818181818182,32,24.0,1.0,0.0
CDK_Depict_39_141,CC1C=CC(=CC1PC)PC,C[2H](C)C1=CCC(C)C=C1,CPC1=CC(PC)C(C)C=C1,,True,False,False,False,0.0,12,11.0,1.0,4.0
CDK_Depict_39_142,CCC(C)/C(=C(/C#N)\I)/C(C(F)(F)F)(F)F,CCCC.CCCC.CCCCCCCCC(C)C(C)C(C)C(C)C,CCC(C)/C(=C(\I)C#N)C(F)(F)C(F)(F)F,CCCC.CCCC.CCCCCCCCC(C)C(C)C(C)C(C)C,True,True,False,False,0.11363636363636363,23,16.0,0.0,1.0
CDK_Depict_39_143,C1C(=C(CS1(=O)=O)SC2=CC=CC=C2)N=[N+]=[N-],[N-]=[N+]=NC1=C(Sc2ccccc2)CS(=O)(=O)C1,[N-]=[N+]=NC1=C(Sc2ccccc2)CS(=O)(=O)C1,[N-]=[N+]=NC1=C(Sc2ccccc2)CS(=O)(=O)C1,True,True,True,True,1.0,34,17.0,2.0,0.0
CDK_Depict_39_144,C1=CN(SC2=C1C=C(C=N2)F)I,CN1CCC2CC(F)c[nH]c2S1,Fc1cnc2c(c1)C=CN(I)S2,,True,False,False,False,0.0,19,12.0,2.0,0.0
CDK_Depict_39_145,CC(=O)NC(C)(C)NCCOCCOCC(C)(C)C(=O)N,CCCCCCCCCCCCCCCCCCCCCCCCCCCCCCCCCCCCCCCCCCCCCCCCCCCCCCCCCCCCCCCCCCCCCCCCCCCCCCCCCCCCCCCCCCCCCCCCCCCCCCCCCCCCCCCCCCCCCCCCCCCCCCC)CCCCCCCCCCCCCCCCCCCCCCCCCCCCCCCCCC,CC(=O)NC(C)(C)NCCOCCOCC(C)(C)C(N)=O,,True,False,False,False,0.0,147,21.0,0.0,0.0
CDK_Depict_39_146,CCCCCOC(=C)N/C(=C(\CC)/C=C)/C=C/Cl,C=CC(CC)=C(C=CCl)NCCOCCCCC,C=C/C(CC)=C(\C=C\Cl)NC(=C)OCCCCC,C=CC(CC)=C(C=CCl)NCCOCCCCC,True,True,False,False,0.6444444444444445,18,18.0,0.0,0.0
CDK_Depict_39_147,C1=CC(=NS)C=CN=C1,C1CCNCC1,SN=c1cccncc1,C1CCNCC1,True,True,False,False,0.0,9,9.0,1.0,0.0
CDK_Depict_39_148,CC(S/C=C\N)I,CCS/C=C\N,CC(I)S/C=C\N,CCS/C=C\N,True,True,False,False,0.3333333333333333,3,7.0,0.0,1.0
CDK_Depict_39_150,C=CC(=O)OCC(=C)OS(=O)(=O)O,*S(=O)(=O)OC(=C)COC(=O)C=C,C=CC(=O)OCC(=C)OS(=O)(=O)O,*S(=O)(=O)OC(=C)COC(=O)C=C,True,True,False,False,0.7096774193548387,12,13.0,0.0,0.0
CDK_Depict_39_151,C1=CC(=CC=C1CBr)[Ar]I,CCCCCCCCCCCCCCCCCCCCCCCCCCCCCCCCCCCCCCCCCCCCCCCCCCCCCCCCCCCCCCCCCCCCCCCCCCCCCCCCCCCCCCCCCCCCCCCCCCCCCCCCCCCCCCCCCCCCCCCCCCCCCCCCCCCCCCCCCCCCCCCCCCCCCCCCCCCCCCCC,,CCCCCCCCCCCCCCCCCCCCCCCCCCCCCCCCCCCCCCCCCCCCCCCCCCCCCCCCCCCCCCCCCCCCCCCCCCCCCCCCCCCCCCCCCCCCCCCCCCCCCCCCCCCCCCCCCCCCCCCCCCCCCCCCCCCCCCCCCCCCCCCCCCCCCCCCCCCCCCCC,False,True,False,False,0.0,153,,,
CDK_Depict_39_152,CCCCOC1C(=CC(=NN1)/C=C/C2CCCCC2)OCCCC,CCCCOCC1[AuH]N=C(C=CC2CCCCC2)C=C1OCCCC,CCCCOC1=CC(/C=C/C2CCCCC2)=NNC1OCCCC,CCCCOC[CH]1[AuH][N]=C(C=CC2CCCCC2)C=C1OCCCC,True,True,False,False,0.5614035087719298,16,24.0,2.0,1.0
CDK_Depict_39_153,C1=CC=C(C(=C1)C(O)(F)Br)F,Fc1ccccc1C(F)(F)[Br-],OC(F)(Br)c1ccccc1F,,True,False,False,False,0.0,17,11.0,1.0,1.0
CDK_Depict_39_154,C1=CPC(=C1)C2NO2,C1=CC(C2NO2)PC1,c1c[pH]c(C2NO2)c1,C1=CC(C2NO2)PC1,True,True,False,False,0.20588235294117646,9,8.0,2.0,2.0
CDK_Depict_39_155,C1=CC=C2C=C(C=CC2=C1)OCC3=NS(=O)ON3,O=S1N=C(COCc2cC3=CC=CC=C3C=C2)NO1,O=S1N=C(COc2ccc3ccccc3c2)NO1,O=S1N=C(COCc2ccc3ccccc3c2)NO1,True,True,False,False,0.6818181818181818,24,18.0,3.0,1.0
CDK_Depict_39_156,CC(=O)C[C@@H](CC1=CC=CC=C1)C(=O)SCP(C2=CC=CC=C2)C3=CC=CC=C3,CC(Cc1ccccc1)C[C@@H](=O)C(SCP(c1ccccc1)c1ccccc1)c1ccccc1,CC(=O)C[C@@H](Cc1ccccc1)C(=O)SCP(c1ccccc1)c1ccccc1,,True,False,False,False,0.0,49,29.0,3.0,1.0
CDK_Depict_39_158,C1=C(C(N(C(=O)N1Cl)Cl)(N(Cl)Cl)Cl)Cl,ClC1C2N(Cl)C(=O)N(Cl)C1(Cl)N(Cl)C,O=C1N(Cl)C=C(Cl)C(Cl)(N(Cl)Cl)N1Cl,,True,False,False,False,0.0,16,14.0,1.0,1.0
CDK_Depict_39_159,CC(C)(CCCC1=CC=CC=C1F)NC[C@H](CN(C)[Si]C2=CC(=CC(=C2)C(F)(F)F)CCCC(=O)O)O,CN(C[C@H](O)CNC(C)(C)CCC1CCCCC1F)[SH]=C1C=C(CCCC(N)=O)C=C(C(F)(F)F)C1,CN(C[C@H](O)CNC(C)(C)CCCc1ccccc1F)[Si]c1cc(CCCC(=O)O)cc(C(F)(F)F)c1,CN(C[C@H](O)CNC(C)(C)CCC1CCCCC1F)[SH]=C1C=C(CCCC(N)=O)C=C(C(F)(F)F)C1,True,True,False,False,0.30097087378640774,47,37.0,2.0,1.0
CDK_Depict_39_160,CC1=NC=C(N=CC=CC(=C1)N)C(F)(F)F,Cc1cc(C#N)ccc(C(F)(F)F)nc(C(F)(F)F)c(CN1)c(C(F)(F)F)CN=CCCCC(C#N)c1,Cc1cc(N)cccnc(C(F)(F)F)cn1,,True,False,False,False,0.0,49,16.0,1.0,0.0
CDK_Depict_39_161,CCCNN(C(C=C(NC)NCC)N)NC(C)C,CCCCCCNC(CC([AlH2])N(NCCC)NC(C)C)NCC,CCCNN(NC(C)C)C(N)C=C(NC)NCC,CCCCCCNC(C[CH]([AlH2])N(NCCC)NC(C)C)NCC,True,True,False,False,0.34545454545454546,19,18.0,0.0,1.0
CDK_Depict_39_162,CCC(C)C(C(C)(C)C(N=C=O)(O)O)N=C=O,C=O=C=NC(O)(O)CC(N=C=O)C(C)C,CCC(C)C(N=C=O)C(C)(C)C(O)(O)N=C=O,,True,False,False,False,0.0,17,17.0,0.0,2.0
CDK_Depict_39_163,CC1C(P1OC2=CN(N=C2)C(C)(C)OC)(C)C,CCCCCCCCCCCCCCCCC,COC(C)(C)n1cc(OP2C(C)C2(C)C)cn1,CCCCCCCCCCCCCCCCC,True,True,False,False,0.023809523809523808,21,17.0,2.0,2.0
CDK_Depict_39_164,CS1(=O)(CCCCCCCCC1C2CCCCCCCCC2)I,CC1CCCCCCCCCCC1.CS(=O)(=O)C1CCCCC1,CS1(=O)(I)CCCCCCCCC1C1CCCCCCCCC1,CC1CCCCCCCCCCC1.CS(=O)(=O)C1CCCCC1,True,True,False,False,0.2222222222222222,20,23.0,2.0,1.0
CDK_Depict_39_165,CO/N=C\1/CN[C@H]1CN,COC/N=C1/CN[C@H]1CN,CO/N=C1/CN[C@H]1CN,COC/N=C1/CN[C@H]1CN,True,True,False,False,0.625,2,9.0,1.0,1.0
CDK_Depict_39_166,CC1C=C(C(=C[P+](=CC2=C(C=C(C=C2C)C)C)O[P+](=CC3=C(C=C(C=C3C)C)C)C=C4C(=CC(C=C4C)C)C)C(=C1)C)C,CC1=CC(C)C(=C[n+](C)=Cc2c(C)cc(C)cc2C)C(C)=C1.CCC(C)=Cc1c(C)cc(C)cc1C,CC1=CC(C)C=C(C)C1=C[P+](=Cc1c(C)cc(C)cc1C)O[P+](C=C1C(C)=CC(C)C=C1C)=Cc1c(C)cc(C)cc1C,,True,False,False,False,0.0,57,43.0,4.0,4.0
CDK_Depict_39_167,CC(C(C(=O)NC1CC1)O)N(C(=O)O)C2(CCC2)I,CC(N1C(C)(CCC1)CCC2)C(O)C(NC1CC1)=O,CC(C(O)C(=O)NC1CC1)N(C(=O)O)C1(I)CCC1,,True,False,False,False,0.0,20,19.0,2.0,2.0
CDK_Depict_39_168,CCN(CCOCCOCNN(C=C)C(=O)C)C(=O)C,C=CN(*COCCOCC*CC)C(C)=O,C=CN(NCOCCOCCN(CC)C(C)=O)C(C)=O,C=CN(*COCCOCC*CC)C(C)=O,True,True,False,False,0.37254901960784315,13,20.0,0.0,0.0
CDK_Depict_39_169,C=CCNC(=S)N1CCC2=C(C1)NNC2=O,C=CC[NH2+]CC(=S)N1CCC(C(C)=O)=C([NH2+]N)C1,C=CCNC(=S)N1CCc2c([nH][nH]c2=O)C1,C=CC[NH2+]CC(=S)N1CCC(C(C)=O)=C([NH2+]N)C1,True,True,False,False,0.265625,22,16.0,2.0,0.0
CDK_Depict_39_170,C1=CC=C2C(=C1)C(=S)C3=CC=CC=[N+]3N2,S=Cc1ccccc1.[H]N(C)c1cccc[n+]1,S=c1c2ccccc2[nH][n+]2ccccc12,CNC1=CC=CC=[N+]1.S=Cc1ccccc1,True,True,False,False,0.11538461538461539,28,15.0,3.0,0.0
CDK_Depict_39_171,[2H]C([2H])([2H])C(=O)N[C@@H](CS)C(=O)N,C1N[C@@H](C(N)=O)CS,[2H]C([2H])([2H])C(=O)N[C@@H](CS)C(N)=O,,True,False,False,False,0.0,27,13.0,0.0,1.0
CDK_Depict_39_172,CC(=O)/C(=C\C(=O)C=C)/SS,C=CC(=O)CC(SS)C(C)=O,C=CC(=O)/C=C(/SS)C(C)=O,C=CC(=O)CC(SS)C(C)=O,True,True,False,False,0.3333333333333333,13,11.0,0.0,0.0
CDK_Depict_39_173,C1=CC=C(C=C1)O[P+](C2NC3=CC=CC=C3C(=S)S2)([O-])OC4=CC=CC=C4,Cc1cccc2c1C(=S)SCCC(NC1CCCCC1)SC2=S.OC1=CC=CC=C1,[O-][P+](Oc1ccccc1)(Oc1ccccc1)C1Nc2ccccc2C(=S)S1,Cc1cccc2c1C(=S)SCCC(NC1CCCCC1)SC2=S.Oc1ccccc1,True,True,False,False,0.21739130434782608,37,27.0,4.0,1.0
CDK_Depict_39_174,CN1[C]=NC=NC1=S,CN1C=NC=NC1=S,Cn1[c]ncnc1=S,Cn1cncnc1=S,True,True,False,False,0.41379310344827586,2,8.0,1.0,0.0
CDK_Depict_39_175,C/C(=N\NC(=O)N=NC1=C(C=C(C=C1Cl)Cl)Cl)/CN2N=C(N=N2)[N+](=O)[O-],CC(CN1[nH][nH]([N+](C)=O)[nH]1)=NNNC(=O)NC(=O)N=NC1C(Cl)CC(C)CC1Cl,C/C(Cn1nnc([N+](=O)[O-])n1)=N\NC(=O)N=Nc1c(Cl)cc(Cl)cc1Cl,,True,False,False,False,0.0,53,26.0,2.0,0.0
CDK_Depict_39_176,CC(=COCC1CCCO1)C(C(=O)C)C(=O)C,CC(=O)C(C(C)=O)C(C)=COCC1CCCO1,CC(=O)C(C(C)=O)C(C)=COCC1CCCO1,CC(=O)C(C(C)=O)C(C)=COCC1CCCO1,True,True,True,True,1.0,15,17.0,1.0,1.0
CDK_Depict_39_177,C1=CC=C(C=C1)C2=CC(=O)N(S2)NCC3=CC=C(C=C3)OC(F)F,CC(CCc1ccc(CC(F)F)cc1)CN1CC(=O)C=C(C2=CC=CC=C2)S1,O=c1cc(-c2ccccc2)sn1NCc1ccc(OC(F)F)cc1,CC(CCc1ccc(CC(F)F)cc1)CN1CC(=O)C=C(c2ccccc2)S1,True,True,False,False,0.28169014084507044,32,24.0,3.0,0.0
CDK_Depict_39_178,CC(C)N(C(C)C)P([O-])OCC(CCC#N)N(C)CCP(=O)(OC)OC,CCCC(C)[NH+](C)C[O-].COC[PH](CCN(C)CCCC#N)(COC)OC.C[O-],COP(=O)(CCN(C)C(CCC#N)COP([O-])N(C(C)C)C(C)C)OC,CCCC(C)[NH+](C)C[O-].COC[PH](CCN(C)CCCC#N)(COC)OC.C[O-],True,True,False,False,0.22666666666666666,30,26.0,0.0,2.0
CDK_Depict_39_179,[B]N1CCN(CC1)C2=NNN=C2C3=NC=CS3,[2*]N1CCN(c2c(C3=NC=CS3)nN=N2)CC1,[B]N1CCN(c2n[nH]nc2-c2nccs2)CC1,,True,False,False,False,0.0,18,17.0,3.0,0.0
CDK_Depict_39_180,CC(C)N1CCN(P1C2N3CN4CN(C3)CP2C4)C(C)C,C1CN2CN3CCC1N(C2)C3,CC(C)N1CCN(C(C)C)P1C1N2CN3CN(C2)CP1C3,C1CN2CN3CCC1N(C2)C3,True,True,False,False,0.2571428571428571,23,21.0,5.0,5.0
CDK_Depict_39_181,C(C(=O)C(C(=O)F)(F)F)C(F)(F)F,O=C(F)C(F)(F)C(=O)CC(F)(F)F,O=C(F)C(F)(F)C(=O)CC(F)(F)F,O=C(F)C(F)(F)C(=O)CC(F)(F)F,True,True,True,True,1.0,14,13.0,0.0,0.0
CDK_Depict_39_182,C1CC2(CCC1C2)SP(=S)(N)SC34CCC(C3)CC4,C1CCC(S[PH]([W])(=S)SC2CCC(CC2)CC2)CC1,NP(=S)(SC12CCC(CC1)C2)SC12CCC(CC1)C2,,True,False,False,False,0.0,22,19.0,4.0,5.0
CDK_Depict_39_183,[B-]12(OCC(CO1)(CO2)C)C3=C(ON=C3C)C,CC1=NC(C)C1C1COCC(C)CO1,Cc1noc(C)c1[B-]12OCC(C)(CO1)CO2,CC1=NC(C)C1C1COCC(C)CO1,True,True,False,False,0.12244897959183673,23,16.0,4.0,2.0
CDK_Depict_39_184,C[Si](C)(C)C(CC(=C)C1=CC=CC=C1)(F)F,C[SiH](C)C(F)(F)F,C=C(CC(F)(F)[Si](C)(C)C)c1ccccc1,C[SiH](C)C(F)(F)F,True,True,False,False,0.125,21,16.0,1.0,0.0
CDK_Depict_39_185,CC(C(=O)O)(C(=O)S(=O)(=O)N)O,O=C(C([Ho])(CO)C(O)O)S(=O)(=O)[WH2],CC(O)(C(=O)O)C(=O)S(N)(=O)=O,O=C([C]([Ho])(CO)C(O)O)[S](=O)(=O)[WH2],True,True,False,False,0.1891891891891892,16,12.0,0.0,1.0
CDK_Depict_39_186,NP(O)[Se-],OP[Se-],NP(O)[Se-],OP[Se-],True,True,False,False,0.18181818181818182,4,4.0,0.0,1.0
CDK_Depict_39_187,C1C[In]N(C1=O)C2=CC=CC=C2,O=C1CC[Zn]N1c1ccccc1,O=C1C[CH2][In][N]1c1ccccc1,O=C1C[CH2][Zn][N]1c1ccccc1,True,True,False,False,0.4117647058823529,20,12.0,2.0,0.0
CDK_Depict_39_188,C1=CC(=O)O[Hg]OC1=O,O=C1ccc(=O)O*O1,O=C1C=CC(=O)[O][Hg][O]1,O=C1C=CC(=O)O*O1,True,True,False,False,0.4,12,9.0,1.0,0.0
CDK_Depict_39_189,C(=O)(C(F)(Cl)Cl)OP(=O)(O)O,C.C.CC(F)(F)C(=O)OP(=O)(O)O,O=C(OP(=O)(O)O)C(F)(Cl)Cl,C.C.CC(F)(F)C(=O)OP(=O)(O)O,True,True,False,False,0.5769230769230769,10,11.0,0.0,0.0
CDK_Depict_39_190,CCC(/C(=C/C)/C)(ONC)I,C[NH3+],C/C=C(\C)C(I)(CC)ONC,C[NH3+],True,True,False,False,0.038461538461538464,20,11.0,0.0,1.0
CDK_Depict_39_191,C1C=CC2=C(S1)N=NN=N2,C1ccnnnnc2s1,C1=Cc2nnnnc2SC1,,True,False,False,False,0.0,17,10.0,2.0,0.0
CDK_Depict_39_192,CNC(=O)C(=NO)C1=CSC(=N)N1O,CNC(=O)C(=NO)C1CSC(=N)N1o,CNC(=O)C(=NO)c1csc(=N)n1O,,True,False,False,False,0.0,2,14.0,1.0,0.0
CDK_Depict_39_194,CN(CCCl)C(CCl)P=O,CN(CCCl)C(CCl)[SH]=O,CN(CCCl)C(CCl)P=O,CN(CCCl)C(CCl)[SH]=O,True,True,False,False,0.4666666666666667,4,10.0,0.0,2.0
CDK_Depict_39_196,C1=CN=CN=C1C2(C=CN=N2)N,NC1(c2ccncn2)C=CN=N1,NC1(c2ccncn2)C=CN=N1,NC1(c2ccncn2)C=CN=N1,True,True,True,True,1.0,15,12.0,2.0,1.0
CDK_Depict_39_197,C1=CC=C(C=C1)NC2=C(C(=O)O[C@H]2NC(=O)N[C@H]3C(=C(C(=O)O3)Br)NC4=CC=CC=C4)Br,CC1C(=O)O[C@@H](C#NC(=O)N[C@@]23C(=C([R1])C(=O)O2)CN([H])Cc2ccccc2)C1Nc1ccccc1)C=1Nc1ccccc1,O=C(N[C@@H]1OC(=O)C(Br)=C1Nc1ccccc1)N[C@@H]1OC(=O)C(Br)=C1Nc1ccccc1,,True,False,False,False,0.0,64,32.0,4.0,2.0
CDK_Depict_39_198,B1(CCCCN1C2=CC=CC=C2)OB3CCCC=[N+]3C4=CC=CC=C4,C1CCCCC1.C1CCNCC1.c1ccc(N2CCCCC2)cc1,C1=[N+](c2ccccc2)B(OB2CCCCN2c2ccccc2)CCC1,C1CCCCC1.C1CCNCC1.c1ccc(N2CCCCC2)cc1,True,True,False,False,0.2549019607843137,31,25.0,4.0,0.0
CDK_Depict_39_199,CCOC(/C(=C(/C(NC(F)(F)F)(F)F)\F)/F)(F)F,CCOC(F)(CF)/C(F)=C(\F)C(F)(F)NC(F)(F)F,CCOC(F)(F)/C(F)=C(\F)C(F)(F)NC(F)(F)F,CCOC(F)(CF)/C(F)=C(\F)C(F)(F)NC(F)(F)F,True,True,False,False,0.65625,18,18.0,0.0,0.0
CDK_Depict_39_200,CCN(CC)C1=CC(=S)SC(C1)(C)C,CCN(C)C1CCSC(=S)C1,CCN(CC)C1=CC(=S)SC(C)(C)C1,CCN(C)C1CCSC(=S)C1,True,True,False,False,0.2222222222222222,11,14.0,1.0,0.0
CDK_Depict_40_1,CC1(C=CC(N=NN1)(C)S)C,C[1H]1C=CC(C)(S)n=N1,CC1(S)C=CC(C)(C)NN=N1,,True,False,False,False,0.0,14,11.0,1.0,1.0
CDK_Depict_40_2,C(C(C(Cl)Cl)(Cl)Cl)OCS,CC(COCS)(C(Cl)Cl)C(Cl)Cl,SCOCC(Cl)(Cl)C(Cl)Cl,CC(COCS)(C(Cl)Cl)C(Cl)Cl,True,True,False,False,0.56,10,10.0,0.0,0.0
CDK_Depict_40_3,CC(=O)OCN(CCCC(C1=CN=CC=C1)O)N=O,CC*(CCCC(O)c1cccnc1)[N+]=O,CC(=O)OCN(CCCC(O)c1cccnc1)N=O,CC*(CCCC(O)c1cccnc1)[N+]=O,True,True,False,False,0.43859649122807015,21,19.0,1.0,1.0
CDK_Depict_40_4,C1CSC(=C1C=O)C2=NC=CC=N2,O=CC1=C(c2nccc*2)SCC1,O=CC1=C(c2ncccn2)SCC1,O=CC1=C(c2*cccn2)SCC1,True,True,False,False,0.6216216216216216,18,13.0,2.0,0.0
CDK_Depict_40_5,C1COC(CN1)N(C2=NN=CC=C2)N3C=CC=C3,c1cnnc(N(C2C[NH2+]CCO2)n2cccc2)c1,c1cnnc(N(C2CNCCO2)n2cccc2)c1,c1cnnc(N(C2C[NH2+]CCO2)n2cccc2)c1,True,True,False,False,0.6458333333333334,27,18.0,3.0,1.0
CDK_Depict_40_6,C1CCC(CC1)(C(=NOS(=O)(=O)C(F)(F)F)C#N)C(F)(F)F,C#CC(=COS(=O)(=O)C(C)(C)C)C1(C(C)(C)C)CCCCC1,N#CC(=NOS(=O)(=O)C(F)(F)F)C1(C(F)(F)F)CCCCC1,C#CC(=COS(=O)(=O)C(C)(C)C)C1(C(C)(C)C)CCCCC1,True,True,False,False,0.3018867924528302,26,22.0,1.0,0.0
CDK_Depict_40_7,CC/C(=C\C=C(/C=C)\N(C)SC1=NC=NC(=C1)NCC)/F,C=C/C(=C\C=C(\C)CC)N(C)Sc1cc(NCC)[nH]c[nH]1,C=C/C(=C\C=C(\F)CC)N(C)Sc1cc(NCC)ncn1,,True,False,False,False,0.0,22,21.0,1.0,0.0
CDK_Depict_40_8,C([C@@H](C(=O)OSC[C@@H](C(=O)SS)N)N)S,CC(=O)N[C@H](CS)C(=O)SSC[C@@H](NC(C)=O)C(=O)SS#N,N[C@@H](CS)C(=O)OSC[C@H](N)C(=O)SS,CC(=O)N[C@H](CS)C(=O)SSC[C@@H](NC(C)=O)C(=O)SS#N,True,True,False,False,0.21568627450980393,21,15.0,0.0,2.0
CDK_Depict_40_9,CCC1=C=CC2(C1(P2)C)C,CCC1C2(C)[n-]C(C)C=C1,CCC1=C=CC2(C)PC12C,,True,False,False,False,0.0,13,10.0,2.0,3.0
CDK_Depict_40_10,CP(=O)(C[C@H](CN=[N+]=[N-])O)[O-],CP(=O)(C[C@@H](O)CN=[N+]=[N-])O[O-],CP(=O)([O-])C[C@@H](O)CN=[N+]=[N-],CP(=O)(C[C@@H](O)CN=[N+]=[N-])O[O-],True,True,False,False,0.6764705882352942,4,11.0,0.0,2.0
CDK_Depict_40_11,CCCC/C(=C(\C#N)/C(=O)N)/SOCC,CCCC/C(SOCC)=C(/C#N)C(=O)[NH](C)C,CCCC/C(SOCC)=C(\C#N)C(N)=O,,True,False,False,False,0.0,13,15.0,0.0,0.0
CDK_Depict_40_12,C1(C(SOP(=O)(O1)O)(Cl)Cl)(Cl)Cl,O=P1(O)OsC([Cd])C([Cd])([Cd])O1,O=P1(O)OSC(Cl)(Cl)C(Cl)(Cl)O1,O=P1(O)OS[CH]([Cd])[C]([Cd])([Cd])O1,True,True,False,False,0.40625,24,12.0,1.0,1.0
CDK_Depict_40_13,C1C2C(=CC=NC1=O)OCO2,O=C1*ccc2OCOC2C1,O=C1CC2OCOC2=CC=N1,,True,False,False,False,0.0,16,11.0,2.0,1.0
CDK_Depict_40_14,CC(=NC(=N)C1=CC=CC=N1)C2=C(C=CC(=C2)F)F,CCC(=NC(=N)c1ccccn1)c1cc(F)ccc1F,CC(=NC(=N)c1ccccn1)c1cc(F)ccc1F,CCC(=NC(=N)c1ccccn1)c1cc(F)ccc1F,True,True,False,False,0.717391304347826,25,19.0,2.0,0.0
CDK_Depict_40_15,CCS(CSOC1=CC(=C(C=C1)C)C)(NC2=CC(=C(C=C2)F)F)O,CCS(O)(CSOc1ccc(Cl)c(Cl)c1)Nc1ccc(F)c(F)c1,CCS(O)(CSOc1ccc(C)c(C)c1)Nc1ccc(F)c(F)c1,CCS(O)(CSOc1ccc(Cl)c(Cl)c1)Nc1ccc(F)c(F)c1,True,True,False,False,0.7450980392156863,33,24.0,2.0,1.0
CDK_Depict_40_16,C=CC12C=CC1(O2)C=C,C=CC1(C)C=CC1(O)C=C,C=CC12C=CC1(C=C)O2,C=CC1(C)C=CC1(O)C=C,True,True,False,False,0.2692307692307692,4,9.0,2.0,2.0
CDK_Depict_40_17,C1=CC=C(C=C1)N=N/C(=C/C(C(F)(F)F)(F)F)/F,CC(C)(C)C(C)(C)C(C)(C)C(C)(C)C,F/C(=C\C(F)(F)C(F)(F)F)N=Nc1ccccc1,CC(C)(C)C(C)(C)C(C)(C)C(C)(C)C,True,True,False,False,0.029411764705882353,24,18.0,1.0,0.0
CDK_Depict_40_18,C1CS(CC1CC(=O)CBr)(O)O,ONS1([Mo])CCC(CC(=O)CO)C1,O=C(CBr)CC1CCS(O)(O)C1,O=C(CO)CC1CC[S]([Mo])(NO)C1,True,True,False,False,0.4,17,12.0,1.0,1.0
CDK_Depict_40_19,C(#N)ONS,[*H2+][NH2+]OC#N,N#CONS,[*H2+][NH2+]OC#N,True,True,False,False,0.23809523809523808,14,5.0,0.0,0.0
CDK_Depict_40_20,C1=CC=C(C=C1)C2C=CC(C=C2)(P(=O)(O)O)P(=O)(O)O,O=P(O)(O)c1(P(=O)(O)O)ccc(-c2ccccc2)cc1,O=P(O)(O)C1(P(=O)(O)O)C=CC(c2ccccc2)C=C1,,True,False,False,False,0.0,36,20.0,2.0,0.0
CDK_Depict_40_21,CS1(=NC(=O)NC(=C1)C(=O)O)=O,C[SH]1(=O)C=C(C(=O)O)[nH]C(=O)n1,CS1(=O)=NC(=O)NC(C(=O)O)=C1,C[SH]1(=O)C=C(C(=O)O)NC(=O)N1,True,True,False,False,0.325,19,12.0,1.0,1.0
CDK_Depict_40_23,C1=C(N=C2N1C=NN=C2)O,[NH]Oc1cn2c[nH]ncc2n1,Oc1cn2cnncc2n1,,True,False,False,False,0.0,19,10.0,2.0,0.0
CDK_Depict_40_24,[B]C(C)(C)C(=O)NC1CC(=NO1)C2(CCCC2)COC3CCCCO3,CC(C)(C)C(=O)NC1CC(C2(COC3CCCCC3)CCCC2)=NO1,[B]C(C)(C)C(=O)NC1CC(C2(COC3CCCCO3)CCCC2)=NO1,CC(C)(C)C(=O)NC1CC(C2(COC3CCCCC3)CCCC2)=NO1,True,True,False,False,0.65,18,25.0,3.0,2.0
CDK_Depict_40_25,C1=COC(O1)C2=C(C=NN2)C#N,N#Cc1cnnc1C1OC=CO1,N#Cc1cn[nH]c1C1OC=CO1,,True,False,False,False,0.0,20,12.0,2.0,0.0
CDK_Depict_40_26,CCC/C(=C(/C#N)\NC(C)(C)C)/OC,CCC/C(OC)=C(/C#N)NC(C)(C)C,CCC/C(OC)=C(/C#N)NC(C)(C)C,CCC/C(OC)=C(/C#N)NC(C)(C)C,True,True,True,True,1.0,8,14.0,0.0,0.0
CDK_Depict_40_27,CS(C)(C)(C1=CC=CC=C1)(C2=CC=CC=C2)C3=CC=CC=C3P=O,*Pc1ccccc1[Si](C)(C)(c1ccccc1)(c1ccccc1)c1ccccc1,CS(C)(C)(c1ccccc1)(c1ccccc1)c1ccccc1P=O,,True,False,False,False,0.0,45,24.0,3.0,1.0
CDK_Depict_40_28,CSC1=C(NN=C1)Br,CSc1cN[NH2]c1[O-],CSc1cn[nH]c1Br,,True,False,False,False,0.0,12,8.0,1.0,0.0
CDK_Depict_40_29,[C-]#[N+]CC1CSCC1C[N+]#[C-],[C-]#[N+]CC1CSCC1C[N+]#[C-]C,[C-]#[N+]CC1CSCC1C[N+]#[C-],,True,False,False,False,0.0,1,11.0,1.0,2.0
CDK_Depict_40_30,CN/C(=C(\NC)/[N+](=O)[O-])/C1CCCO1,CN/C(=C(/C1CCCO1)N(C)N)[N+](=O)[O-],CN/C(=C(\NC)[N+](=O)[O-])C1CCCO1,CN/C(=C(/C1CCCO1)N(C)N)[N+](=O)[O-],True,True,False,False,0.6341463414634146,21,14.0,1.0,1.0
CDK_Depict_40_31,CCNC(=O)C(=O)N(NCC)O,CCNC(=O)C(=O)N(O)NCC,CCNC(=O)C(=O)N(O)NCC,CCNC(=O)C(=O)N(O)NCC,True,True,True,True,1.0,4,12.0,0.0,0.0
CDK_Depict_40_32,CC1=C(C=CC=C1Cl)CI2CC2,C1CC1.CCCc1cccc(C[U])c1C,Cc1c(Cl)cccc1CI1CC1,C1CC1.CCCc1cccc([CH2][U])c1C,True,True,False,False,0.3,18,12.0,2.0,0.0
CDK_Depict_40_33,C1=NNN=C1CSOOO,*OOSCc1c[nH][nH]1,OOOSCc1cn[nH]n1,*OOSCc1c[nH][nH]1,True,True,False,False,0.25,17,10.0,1.0,0.0
CDK_Depict_40_34,C[N+](C)(C)C(C=CCBr)Br,*CC=CC(Br)[N+](C)(C)C,C[N+](C)(C)C(Br)C=CCBr,*CC=CC(Br)[N+](C)(C)C,True,True,False,False,0.625,17,10.0,0.0,1.0
CDK_Depict_40_35,C1(=NNN=C1P(=O)(C2=NNN=C2C(=O)O)C3=NNN=C3C(=O)O)C(=O)O,CC(=O)c1[nH][nH][nH]c1OC1n[nH]nc1C(=O)O,O=C(O)c1n[nH]nc1P(=O)(c1n[nH]nc1C(=O)O)c1n[nH]nc1C(=O)O,,True,False,False,False,0.0,41,26.0,3.0,0.0
CDK_Depict_40_36,CC[Al](CC)C1(CCCCO1)[Si](CC)(CC)CC,CC[Al](CC)C1([Si](CC)(CC)CC)CCCCO1,C[CH2][Al]([CH2]C)[C]1([Si](CC)(CC)CC)CCCCO1,C[CH2][Al]([CH2]C)[C]1([Si](CC)(CC)CC)CCCCO1,True,True,True,True,1.0,14,18.0,1.0,1.0
CDK_Depict_40_37,C1C=NC2=C(C1=O)C(=CN(N2)Cl)Cl,*N1cc(Cl)c2c(n1)ncCC2=O,O=C1CC=NC2=C1C(Cl)=CN(Cl)N2,,True,False,False,False,0.0,24,13.0,2.0,0.0
CDK_Depict_40_38,C[Al]1SCC(S1)C2=CC=CC=C2,CC1(=O)sC(C)(C)(=O)SC1c1ccccc1,[CH3][Al]1[S]CC(c2ccccc2)[S]1,,True,False,False,False,0.0,24,12.0,2.0,1.0
CDK_Depict_40_39,CCO/C(=C(/NS(=O)(=O)C)\OCC)/C,CCO/C(C)=C(/NS(C)(=O)=O)OCC,CCO/C(C)=C(/NS(C)(=O)=O)OCC,CCO/C(C)=C(/NS(C)(=O)=O)OCC,True,True,True,True,1.0,10,14.0,0.0,0.0
CDK_Depict_40_40,CPC(CCCC(=O)O)(CC(=O)O)PC,CNC(CCCC(C)=O)(CC(C)=O)PC,CPC(CCCC(=O)O)(CC(=O)O)PC,CNC(CCCC(C)=O)(CC(C)=O)PC,True,True,False,False,0.3684210526315789,7,15.0,0.0,3.0
CDK_Depict_40_41,CCCCCOC1=CC=C(C=C1)C=CC2=NC(=CN(N2)C(Cl)(Cl)Cl)C(Cl)(Cl)Cl,CCCCCCc1ccc(C=CC2=CNC(C(C)(C)C)=CN(C(C)(C)C)N2)cc1,CCCCCOc1ccc(C=CC2=NC(C(Cl)(Cl)Cl)=CN(C(Cl)(Cl)Cl)N2)cc1,CCCCCCc1ccc(C=Cc2c[nH]c(C(C)(C)C)cn(C(C)(C)C)[nH]2)cc1,True,True,False,False,0.25675675675675674,33,28.0,2.0,0.0
CDK_Depict_40_42,CC[C@]1(C(=C(CSCC1=O)C)C)O,*[C@]1(CC)C(=O)CSCC(C)=C1C,CC[C@]1(O)C(=O)CSCC(C)=C1C,*[C@]1(CC)C(=O)CSCC(C)=C1C,True,True,False,False,0.5882352941176471,14,13.0,1.0,1.0
CDK_Depict_40_43,CP(=O)(C([18F])(P(=O)(O)O)Br)O,CP(=O)(O)C(F)(Br)P(=O)(O)[OH4+],CP(=O)(O)C([18F])(Br)P(=O)(O)O,,True,False,False,False,0.0,14,11.0,0.0,2.0
CDK_Depict_40_44,CC(C)O[P+](C(C)(C)C)(O)[S-],CC(O[SH]([O-4])([SH])C)CCCCCCCCCCCCCCCCCCCCCCCCCCCCCCCCCCCCCCCCCCCCCCCCCCCCCCCCCCCCCCCCCCCCCCCCCCCCCCCCCCCCCCCCCCCCCCCCCCCCCCCCCCCCCCCCCCCCCCCCCCCCCCCC)CCCCCCCC)CCCCCCCCCCCCCCCCCCCCCCCCCCCCCCCCCCCCCCCCCCCCCCCCCCCCCCCCCCCCC,CC(C)O[P+](O)([S-])C(C)(C)C,,True,False,False,False,0.0,210,11.0,0.0,1.0
CDK_Depict_40_45,CCOC(=O)C(C(=O)C#CC1=CC=CC=C1)[N+](=O)[O-],CCOC(=O)C(C(=O)C#Cc1ccccc1)[N+](=O)[O-],CCOC(=O)C(C(=O)C#Cc1ccccc1)[N+](=O)[O-],CCOC(=O)C(C(=O)C#Cc1ccccc1)[N+](=O)[O-],True,True,True,True,1.0,9,19.0,1.0,1.0
CDK_Depict_40_46,CC1(C(=C(NN1)OC2=CC=CC=C2)N)N,[He]N(C1=C([NH](C)C)C(C)([NH](C)C)NN1)c1ccccc1,CC1(N)NNC(Oc2ccccc2)=C1N,,True,False,False,False,0.0,33,15.0,2.0,1.0
CDK_Depict_40_47,CC(C)(C)CC1=NC2=NNN=C2N=C1,CC(C)(C)Cc1c=nc2n[nH]nc2n1,CC(C)(C)Cc1cnc2n[nH]nc2n1,,True,False,False,False,0.0,14,14.0,2.0,0.0
CDK_Depict_40_49,[2H]C([2H])([2H])C([2H])(C1=CN=C(N=C1)Br)C([2H])([2H])[2H],CC(C(C1ccc([2c])nc1)C(C)(C)C)C(C)(C)C,[2H]C([2H])([2H])C([2H])(c1cnc(Br)nc1)C([2H])([2H])[2H],,True,False,False,False,0.0,39,17.0,1.0,0.0
CDK_Depict_40_50,CC1=NC(=NC=C1C(=O)Cl)Br,CC(=O)C1cnc(Br)nc1C,Cc1nc(Br)ncc1C(=O)Cl,,True,False,False,False,0.0,17,11.0,1.0,0.0
CDK_Depict_40_51,CN=C(N)NCC(CCCCI)(C(=O)O)N,CNC(=O)C(N)(CCCI)C[NH2+]([NH2+])C(=NC)[NH](C)C,CN=C(N)NCC(N)(CCCCI)C(=O)O,,True,False,False,False,0.0,30,16.0,0.0,1.0
CDK_Depict_40_52,CC1=NC(=NN1O)C(=S)N,*N1nc(C(=S)[N+]([CH2-])=S)N=c1C,Cc1nc(C(N)=S)nn1O,*n1nc(C(=S)[N+]([CH2-])=S)nc1C,True,True,False,False,0.34210526315789475,21,10.0,1.0,0.0
CDK_Depict_40_53,[2H]C([2H])([2H])C([2H])(C)C(C)(C([2H])(C)C([2H])([2H])[2H])F,[2H]C([2H])([2H])C([2H])(C)CC([2H])(C)C([2H])([2H])C([2H])([2H])[2H],[2H]C([2H])([2H])C([2H])(C)C(C)(F)C([2H])(C)C([2H])([2H])[2H],[2H]C([2H])([2H])C([2H])(C)CC([2H])(C)C([2H])([2H])C([2H])([2H])[2H],True,True,False,False,0.2413793103448276,13,17.0,0.0,3.0
CDK_Depict_40_54,CCSC1=NC(=C(C)C)CS1=O,CCS/C(C)=*/C(CC)=C(C)C,CCSC1=NC(=C(C)C)CS1=O,CCS/C(C)=*/C(CC)=C(C)C,True,True,False,False,0.16666666666666666,13,12.0,1.0,1.0
CDK_Depict_40_55,B1=CC=C2CCN(C2=C1)C(C)C,CC(C)N1CCc2ccocc21,CC(C)N1CCc2ccbcc21,,True,False,False,False,0.0,18,12.0,2.0,0.0
CDK_Depict_40_56,CC1=CC(=CC(=C1)S(=C)N(C)SC)CN2CCN(CC2)C(=N)N,C=S(c1cC(C)cc(CN2CCN(C(=N)N[Na])CC2)c1)N(C)SC,C=S(c1cc(C)cc(CN2CCN(C(=N)N)CC2)c1)N(C)SC,,True,False,False,False,0.0,31,23.0,2.0,1.0
CDK_Depict_40_57,CCOC(=O)C1(CCNOC1)N,C*C1(C(=O)OCC)CC[nH]sC1,CCOC(=O)C1(N)CCNOC1,C*C1(C(=O)OCC)CCNSC1,True,True,False,False,0.3617021276595745,13,12.0,1.0,1.0
CDK_Depict_40_58,C1C(C(=O)C1Cl)C=C(Cl)Cl,C/C([Cd])=C\C1CC([Cf])C1=O,O=C1C(Cl)CC1C=C(Cl)Cl,C/[C]([Cd])=C\C1C[CH]([Cf])C1=O,True,True,False,False,0.36363636363636365,16,10.0,1.0,2.0
CDK_Depict_40_59,CC12CP(CC1O2)OC,COP1CC2OC2(C)C1,COP1CC2OC2(C)C1,COP1CC2OC2(C)C1,True,True,True,True,1.0,11,9.0,2.0,3.0
CDK_Depict_40_60,C/C(=C\C(=C)Br)/O/C(=C\C(=O)F)/C,CC(C)=CC(=O)F,C=C(Br)/C=C(\C)O/C(C)=C\C(=O)F,CC(C)=CC(=O)F,True,True,False,False,0.4074074074074074,19,13.0,0.0,0.0
CDK_Depict_40_61,CC1C(=C(N=N1)C#N)C(=O)C,CC(=O)c1c(C#N)n[nH]c1C,CC(=O)C1=C(C#N)N=NC1C,CC(=O)c1c(C#N)n[nH]c1C,True,True,False,False,0.3076923076923077,16,11.0,1.0,1.0
CDK_Depict_40_62,CC(=[S]CC1=CC=CO1)[O-],COC(C)=S,CC([O-])=[S]Cc1ccco1,COC(C)=S,True,True,False,False,0.09375,18,10.0,1.0,0.0
CDK_Depict_40_63,CCC1=COC(=C1)C/C=C\C(=NCC=CC2=CC=CC=C2)C=COC,CCC1=COC(CC=CC(C=COC)=NCC=Cc2ccccc2)C1,CCc1coc(C/C=C\C(C=COC)=NCC=Cc2ccccc2)c1,CCC1=COC(CC=CC(C=COC)=NCC=Cc2ccccc2)C1,True,True,False,False,0.5454545454545454,19,25.0,2.0,0.0
CDK_Depict_40_64,CC(C)(C=C)[SiH]1OO1,C=CC(C)(C)[Si]1(=C)OO1,C=CC(C)(C)[SiH]1OO1,,True,False,False,False,0.0,9,8.0,1.0,0.0
CDK_Depict_40_65,CCN(CC)CCC(=C)C(=O)Br,C=C(CCN(CC)CC)C(C)=O,C=C(CCN(CC)CC)C(=O)Br,C=C(CCN(CC)CC)C(C)=O,True,True,False,False,0.6666666666666666,10,12.0,0.0,0.0
CDK_Depict_40_66,CC[Si](CC)(CC)OC(=O)C(C)(COS(=O)(=O)C)C(=O)C,CC[Si](CC)(CC)OC(=O)C(C)(COS(C)(=O)=O)C(C)=O,CC[Si](CC)(CC)OC(=O)C(C)(COS(C)(=O)=O)C(C)=O,CC[Si](CC)(CC)OC(=O)C(C)(COS(C)(=O)=O)C(C)=O,True,True,True,True,1.0,8,21.0,0.0,1.0
CDK_Depict_40_67,C/C=C(\C=C(/C)\S(=O)(=O)Cl)/C(=O)O,cS(=O)(=O)/C(C)=C\C(=C/C)C(=O)[Gd],C/C=C(\C=C(/C)S(=O)(=O)Cl)C(=O)O,,True,False,False,False,0.0,24,13.0,0.0,0.0
CDK_Depict_40_68,CC(COC)OC(=O)CCCSC1CCC(C(C1)[N+]#[C-])[N+]#[C-],[C-]#[N+]C1CC(SCCCC(=O)OC(C)COC)CCC1[N+]#C,[C-]#[N+]C1CCC(SCCCC(=O)OC(C)COC)CC1[N+]#[C-],[C-]#[N+]C1CC(SCCCC(=O)OC(C)COC)CCC1[N+]#C,True,True,False,False,0.88,31,22.0,1.0,4.0
CDK_Depict_40_69,CC1NC(=CC=N1)C2CC2=C,C=C1CC1c1ccnc(C)[nH]1,C=C1CC1C1=CC=NC(C)N1,,True,False,False,False,0.0,16,11.0,2.0,2.0
CDK_Depict_40_70,C(O)P(=O)(CO)C(C(F)(F)F)(C(F)(F)F)O,[2H]CP(=O)(C[2H])C(O)(C(F)(F)F)C(F)(F)F,O=P(CO)(CO)C(O)(C(F)(F)F)C(F)(F)F,[2H]CP(=O)(C[2H])C(O)(C(F)(F)F)C(F)(F)F,True,True,False,False,0.4230769230769231,15,16.0,0.0,0.0
CDK_Depict_40_71,CS/N=C/1\C(=C)C=CC=C1S(=O)[O-],C=C1Cccc([SH](=O)=O)/C1=N/SC,C=C1C=CC=C(S(=O)[O-])/C1=N/SC,,True,False,False,False,0.0,25,13.0,1.0,1.0
CDK_Depict_40_72,CC(C#CCCl)(OC(=O)C1=CC=CC=C1)[Si](C)(C)C,CC[Si](C)(C)C(C)(C#CCCl)OCC(=O)c1ccccc1,CC(C#CCCl)(OC(=O)c1ccccc1)[Si](C)(C)C,CC[Si](C)(C)C(C)(C#CCCl)OCC(=O)c1ccccc1,True,True,False,False,0.5714285714285714,30,19.0,1.0,1.0
CDK_Depict_40_74,C=CN=C(C(F)(F)F)N=CC(C/C(=C(\N=C)/Br)/F)N,*C(C=NNC(=NC=C)C(F)(F)F)C/C(=C(/[Sc])N=C)C(C)C,C=CN=C(N=CC(N)C/C(F)=C(/Br)N=C)C(F)(F)F,*C(C=NNC(=NC=C)C(F)(F)F)C/C(=[C](/[Sc])N=C)C(C)C,True,True,False,False,0.2698412698412698,26,19.0,0.0,1.0
CDK_Depict_40_75,C1C(=O)N=NN2N1C=CC=C2,O=C1CN2ccccN2N=N1,O=C1CN2C=CC=CN2N=N1,O=C1CN2C=CC=CN2N=N1,True,True,True,True,1.0,16,11.0,2.0,0.0
CDK_Depict_40_76,[2H]C([2H])([2H])S[O],[2H]C([2H])([2H])SO,[2H]C([2H])([2H])S[O],[2H]C([2H])([2H])SO,True,True,False,False,0.38461538461538464,2,6.0,0.0,0.0
CDK_Depict_40_77,B(OSC1=CC=CC=C1)(OSC2=CC=CC=C2)OSC3=CC=CC=C3,C1=CCc(SO[sH]2(OSc3ccccc3)OSc3ccccc3)cc1,c1ccc(SOB(OSc2ccccc2)OSc2ccccc2)cc1,,True,False,False,False,0.0,35,25.0,3.0,0.0
CDK_Depict_40_78,C[Si](C(C(C(F)(F)F)(F)F)(F)F)(F)F,FC(F)(F)C(F)(F)C(F)(F)[Si](F)(F)F,C[Si](F)(F)C(F)(F)C(F)(F)C(F)(F)F,FC(F)(F)C(F)(F)C(F)(F)[Si](F)(F)F,True,True,False,False,0.5555555555555556,16,14.0,0.0,0.0
CDK_Depict_40_79,CCP(=O)(CC)CCC(C#CC)C(=O)O,C#CC(CCP(=O)(CC)CC)C(C)=O,CC#CC(CCP(=O)(CC)CC)C(=O)O,C#CC(CCP(=O)(CC)CC)C(C)=O,True,True,False,False,0.5277777777777778,13,15.0,0.0,1.0
CDK_Depict_40_80,CN(CC(F)F)/C(=N\NC=O)/CO,CN(CC(F)F)/C(C[No])=N\NC=O,CN(CC(F)F)/C(CO)=N\NC=O,CN(CC(F)F)/C([CH2][No])=N\NC=O,True,True,False,False,0.7428571428571429,9,13.0,0.0,0.0
CDK_Depict_40_81,C1C(CC12CNC2C(=O)C(F)(F)F)C=O,CC(F)(F)C(=O)C1NCC12CC(C=O)C2,O=CC1CC2(CNC2C(=O)C(F)(F)F)C1,CC(F)(F)C(=O)C1NCC12CC(C=O)C2,True,True,False,False,0.7714285714285715,21,15.0,2.0,3.0
CDK_Depict_40_82,C1=CC=C2C(=C1)C=CC3=C(C2=O)C=C(C=C3)P(=O)(O)O,O=C1c2cc(P(=O)(O)O)ccc2C=cc2ccccc21,O=c1c2ccccc2ccc2ccc(P(=O)(O)O)cc12,,True,False,False,False,0.0,36,20.0,3.0,0.0
CDK_Depict_40_83,CC(C(C)(C)I)S(=O)(=O)C,CC(C)C(C)S(C)(=O)=O,CC(C(C)(C)I)S(C)(=O)=O,CC(C)C(C)S(C)(=O)=O,True,True,False,False,0.36363636363636365,8,10.0,0.0,1.0
CDK_Depict_40_84,CC(=NC(=C(C(=C)C)SC=C)Cl)C,C=CSC(C(=C)C)=C(Cl)N=C(C)C,C=CSC(C(=C)C)=C(Cl)N=C(C)C,C=CSC(C(=C)C)=C(Cl)N=C(C)C,True,True,True,True,1.0,12,13.0,0.0,0.0
CDK_Depict_40_85,CCCCOC1=CC(=C(C=C1)Br)N(C2=NC=CC=N2)Cl,CCCCOc1ccc(F)c(N(Cl)c2ncccn2)c1,CCCCOc1ccc(Br)c(N(Cl)c2ncccn2)c1,CCCCOc1ccc(F)c(N(Cl)c2ncccn2)c1,True,True,False,False,0.7142857142857143,25,20.0,2.0,0.0
CDK_Depict_40_86,C[N+]1(CCCC1)/C=C/CC[N+]2(CCCC2)/C=C/CCC[N+]3(CCCC3)C#C,C#C[N+]1(CCC/C=C/[N+]2(CC/C=C/[N+]3(C)CCCC3)CCCC2)CCCC1,C#C[N+]1(CCC/C=C/[N+]2(CC/C=C/[N+]3(C)CCCC3)CCCC2)CCCC1,C#C[N+]1(CCC/C=C/[N+]2(CC/C=C/[N+]3(C)CCCC3)CCCC2)CCCC1,True,True,True,True,1.0,25,27.0,3.0,0.0
CDK_Depict_40_87,C/C(=C\1/C=CN=C1N=CN)/N(C)C,CNC=CNc1[nH]cc/C1=C(\C)N(C)C,C/C(=C1/C=CN=C1N=CN)N(C)C,,True,False,False,False,0.0,16,13.0,1.0,0.0
CDK_Depict_40_88,CC1(C(=C1[SiH3])[SiH3])C,*C1=C(*)C1(C)C,CC1(C)C([SiH3])=C1[SiH3],*C1=C(*)C1(C)C,True,True,False,False,0.38461538461538464,17,7.0,1.0,2.0
CDK_Depict_40_89,C[Si](C)(C)OON=CC=C,C=CC=NOO[Si](C)(C)C,C=CC=NOO[Si](C)(C)C,C=CC=NOO[Si](C)(C)C,True,True,True,True,1.0,14,10.0,0.0,0.0
CDK_Depict_40_90,CC(=O)NCC1(SS1)S,O=C[NH2+]CC1(S)SS1,CC(=O)NCC1(S)SS1,O=C[NH2+]CC1(S)SS1,True,True,False,False,0.2903225806451613,12,9.0,1.0,0.0
CDK_Depict_40_91,C1=CC=C(C(=C1)NC2=C(OC=C2)N)Cl,*c1c([NH2+]c2ccccc2[Cu])ccO1,Nc1occc1Nc1ccccc1Cl,*c1occc1[NH2+]c1cccc[c]1[Cu],True,True,False,False,0.22727272727272727,28,14.0,2.0,0.0
CDK_Depict_40_92,CC1=CC=C(C=C1)N/N=N/C2=NCCCCN2,Clc1ccc(N=C=Nc2nCCCCN2)cc1,Cc1ccc(N/N=N/C2=NCCCCN2)cc1,Clc1ccc(N=C=NC2=NCCCCN2)cc1,True,True,False,False,0.38,21,17.0,2.0,0.0
CDK_Depict_40_93,B(/C=C(/C(CCCCC)O[Si](C)(C)C)\[Sn](C)(C)C)(OCC)OCC,CCCCCC(O[Si](C)(C)C)/C(=C/[Si](OCC)(OCC)OCC)[Sn](C)(C)C,CCCCCC(O[Si](C)(C)C)/[C](=C/B(OCC)OCC)[Sn]([CH3])([CH3])[CH3],CCCCCC(O[Si](C)(C)C)/[C](=C/[Si](OCC)(OCC)OCC)[Sn]([CH3])([CH3])[CH3],True,True,False,False,0.6222222222222222,30,24.0,0.0,1.0
CDK_Depict_40_94,C1=CC(=CC=C1NN2C=CN(C=C2)CC3=CC=NC=C3)Cl,Clc1ccc(Nn2cc[nH+](Cc3cc[nH+]cc3)cc2)cc1,Clc1ccc(NN2C=CN(Cc3ccncc3)C=C2)cc1,Clc1ccc(NN2C=C[NH+](Cc3cc[nH+]cc3)C=C2)cc1,True,True,False,False,0.4444444444444444,37,21.0,3.0,0.0
CDK_Depict_40_95,CC(=O)O/C(=C\SC1=CC=C(C=C1)Br)/C(CC=C)C2=CC=CC=C2,C=CCC(/C(=C/Sc1ccc(C(=O)[O-])cc1)OC(C)=O)C1ccccc1,C=CCC(/C(=C/Sc1ccc(Br)cc1)OC(C)=O)c1ccccc1,,True,False,False,False,0.0,35,24.0,2.0,1.0
CDK_Depict_40_96,CC1=CC(=C(C=C1)N([Si](C)(C)CC2=CC=CC=C2)[Si](C)(C)CC3=CC=CC=C3)Br,CN([Si](C)(C)Cc1ccccc1)[Si](C)(Cc1ccccc1)C[Si](C)(C)Cc1ccccc1,Cc1ccc(N([Si](C)(C)Cc2ccccc2)[Si](C)(C)Cc2ccccc2)c(Br)c1,CN([Si](C)(C)Cc1ccccc1)[Si](C)(Cc1ccccc1)C[Si](C)(C)Cc1ccccc1,True,True,False,False,0.37777777777777777,44,29.0,3.0,0.0
CDK_Depict_40_97,CO[P+](NC1=CC=CC=C1)(N(CCCl)CCCl)[O-],OC[nH](CO)(N(CCCl)CCCl)[nH](c1ccccc1)c1ccccc1,CO[P+]([O-])(Nc1ccccc1)N(CCCl)CCCl,,True,False,False,False,0.0,35,18.0,1.0,1.0
CDK_Depict_40_98,C1=CC=C(C=C1)CONC(=O)C2=CC=C(O2)C#N,C#Nc1ccc(C(=O)NCCc2cccc2)o1,N#Cc1ccc(C(=O)NOCc2ccccc2)o1,,True,False,False,False,0.0,26,18.0,2.0,0.0
CDK_Depict_40_99,C1=CC=C(C=C1)C(C2=CC=CC=C2)(NC(=O)NS(=O)(=O)C(F)(F)F)NC(=O)NS(=O)(=O)C(F)(F)F,O=C(NC(NC(=O)NS(=O)(=O)C(F)(F)F)(c1ccccc1)C1ccccc1)NS(=O)(=O)C(F)(F)F,O=C(NC(NC(=O)NS(=O)(=O)C(F)(F)F)(c1ccccc1)c1ccccc1)NS(=O)(=O)C(F)(F)F,,True,False,False,False,0.0,40,35.0,2.0,0.0
CDK_Depict_40_100,CC(C)C1C(O1)(C=C)C(F)(F)F,C=CC1(C(F)(F)F)OC1C(C)C,C=CC1(C(F)(F)F)OC1C(C)C,C=CC1(C(F)(F)F)OC1C(C)C,True,True,True,True,1.0,15,12.0,1.0,2.0
CDK_Depict_40_101,C1=N[Sn+2]N=C1,*1C=N[Sn+2]1,C1=[N][Sn+2][N]=C1,[*]1C=[N][Sn+2]1,True,True,False,False,0.2857142857142857,5,5.0,1.0,0.0
CDK_Depict_40_102,CCO[P+]1(OC(O1)C)C(C)S,CCO[P+]12(C(C)S)OC(C)O1,CCO[P+]1(C(C)S)OC(C)O1,,True,False,False,False,0.0,8,11.0,1.0,3.0
CDK_Depict_40_103,CCCN(C)C/N=C\NC(CC)/C=C(\C)/O/N=C/C,C/C=N/CCC(C)C=C(CC)N/C=N\CN(C)CCC,C/C=N/O/C(C)=C/C(CC)N/C=N\CN(C)CCC,C/C=N/CCC(C)C=C(CC)N/C=N\CN(C)CCC,True,True,False,False,0.41379310344827586,19,19.0,0.0,1.0
CDK_Depict_40_105,CC(=O)C1=CC(=C(C=C1)SSC2=C(C=C(C=C2)C(=O)C)S(=O)O)S(=O)O,CC(=O)c1ccc(SSc2ccc(C(C)C)cc2S(=O)O)c(S(=O)O)c1,CC(=O)c1ccc(SSc2ccc(C(C)=O)cc2S(=O)O)c(S(=O)O)c1,CC(=O)c1ccc(SSc2ccc(C(C)C)cc2S(=O)O)c(S(=O)O)c1,True,True,False,False,0.7777777777777778,32,26.0,2.0,2.0
CDK_Depict_40_106,B(C)(N1CCN(C(C1)CC(=O)O)F)O,C[2H](O)N1CCN(F)C(CC(=O)O)C1,CB(O)N1CCN(F)C(CC(=O)O)C1,,True,False,False,False,0.0,14,14.0,1.0,1.0
CDK_Depict_40_107,C1COC(=C1)S(=O)(=O)C2=NNC(=O)C=C2,O=C1ccc(S(=O)(=O)c2cCCO2)nn1,O=c1ccc(S(=O)(=O)C2=CCCO2)n[nH]1,,True,False,False,False,0.0,20,15.0,2.0,0.0
CDK_Depict_40_108,CC(=C)C(=O)OOOCCCN1CCOCC1,C=C(C)C(=O)OCCCN1CCOCCCN2CCOCC2,C=C(C)C(=O)OOOCCCN1CCOCC1,,True,False,False,False,0.0,11,17.0,1.0,0.0
CDK_Depict_40_109,C1=C(C(=O)ONOC1=O)O,O=C1c[nH]cc(=O)c(O)C1,O=C1C=C(O)C(=O)ONO1,,True,False,False,False,0.0,16,10.0,1.0,0.0
CDK_Depict_40_110,COS(=O)C1=CC/C(=C(\C(=C/C=C)\N)/N)/C(=C1)O,*C(=C1CCc(S(=O)OC)cc1O)/C(N)=C\C=C,C=C/C=C(N)\C(N)=C1/CC=C(S(=O)OC)C=C1O,,True,False,False,False,0.0,28,18.0,1.0,1.0
CDK_Depict_41_1,C=CC(NCCS)(Cl)Cl,C=CC(C)(C#N)NCCS,C=CC(Cl)(Cl)NCCS,C=CC(C)(C#N)NCCS,True,True,False,False,0.4666666666666667,8,9.0,0.0,0.0
CDK_Depict_41_2,C(=CCl)N=N,C=CN=[W],N=NC=CCl,C=C[N]=[W],True,True,False,False,0.10526315789473684,7,5.0,0.0,0.0
CDK_Depict_41_3,CC(C)S[SiH](SC(C)C)SC(C)C,CCS[S+](SC)SC(C)C,CC(C)S[SiH](SC(C)C)SC(C)C,CCS[S+](SC)SC(C)C,True,True,False,False,0.19230769230769232,9,13.0,0.0,0.0
CDK_Depict_41_4,CC1=C(C=C(C=C1)Cl)N(C2=C(C=CC(=C2)Cl)C)NC(=O)N=N,Cc1ccc(Cl)cC1N(NC(=O)N=N)c1cc(C)ccc1C,Cc1ccc(Cl)cc1N(NC(=O)N=N)c1cc(Cl)ccc1C,,True,False,False,False,0.0,35,22.0,2.0,0.0
CDK_Depict_41_5,CC(C)C(C(=O)C)SSOC(=O)O,CC(=O)C(SSOC(=O)O)C(C)C,CC(=O)C(SSOC(=O)O)C(C)C,CC(=O)C(SSOC(=O)O)C(C)C,True,True,True,True,1.0,12,13.0,0.0,1.0
CDK_Depict_41_6,CC(C)O[Si](C)(C)/C=C/C[Si](C)(C)C,CO[Si](C)(C)/C=C/C[Si](C)(C)C,CC(C)O[Si](C)(C)/C=C/C[Si](C)(C)C,CO[Si](C)(C)/C=C/C[Si](C)(C)C,True,True,False,False,0.5769230769230769,4,14.0,0.0,0.0
CDK_Depict_41_7,C1CCN(CC1)C2C=C(N(C(=N)C2=N)O)N,N=C1C(=N)N(O)C(N)=CC1[NH+]1CCCCC1,N=C1C(=N)N(O)C(N)=CC1N1CCCCC1,N=C1C(=N)N(O)C(N)=CC1[NH+]1CCCCC1,True,True,False,False,0.5384615384615384,26,16.0,2.0,1.0
CDK_Depict_41_8,CC(=O)C1C(SC2(C(N2I)(S1)C)C)C(=O)I,*N1C2(C)SC(C(C)=O)C(C(C)=O)SC12C,CC(=O)C1SC2(C)N(I)C2(C)SC1C(=O)I,*N1C2(C)SC(C(C)=O)C(C(C)=O)SC12C,True,True,False,False,0.5517241379310345,24,16.0,2.0,5.0
CDK_Depict_41_9,COC1=CN=C([N+](=C1)OC)NC(=O)CSC2=CC=CC=N2,COC1=C[NH+]=C(NC(=O)CSc2ccccn2)[N+](OC)=C1,COc1cnc(NC(=O)CSc2ccccn2)[n+](OC)c1,COc1c[nH+]c(NC(=O)CSc2ccccn2)[n+](OC)c1,True,True,False,False,0.6842105263157895,28,21.0,2.0,0.0
CDK_Depict_41_10,C[Si](C)(C)/C(=C(/CNC1=CC=C(C=C1)Cl)\Cl)/SC,C#C/C(CNc1ccc(C#C)cc1)=C(/SC)[Si](C)(C)C,CS/C(=C(/Cl)CNc1ccc(Cl)cc1)[Si](C)(C)C,C#C/C(CNc1ccc(C#C)cc1)=C(/SC)[Si](C)(C)C,True,True,False,False,0.4782608695652174,31,18.0,1.0,0.0
CDK_Depict_41_11,CN=CN(C1=NC(=CN=C1N)Br)N=C,C=[N+]N(C=N)C1=Nc(Br)cnC1[NH2+]C,C=NN(C=NC)c1nc(Br)cnc1N,,True,False,False,False,0.0,21,14.0,1.0,0.0
CDK_Depict_41_12,B(C1=CC=CC=C1)(C2=CC=CC=C2)N=C(C3=CC=C(C=C3)C)C4=CC=C(C=C4)C,CC(OC1ccccc1)=C(c1ccc(C)cc1)c1ccc(C)cc1,Cc1ccc(C(=NB(c2ccccc2)c2ccccc2)c2ccc(C)cc2)cc1,,True,False,False,False,0.0,47,29.0,4.0,0.0
CDK_Depict_41_13,C1=CC2=CN=C3C=CC=CC3=C4C(=C2C=C1)O4,C1C=Cc2c(c[n]c3c(COc2c2cc1)cccc3)C=1,c1ccc2c3oc-3c3ccccc3ncc2c1,,True,False,False,False,0.0,30,17.0,4.0,0.0
CDK_Depict_41_14,C1=CC=C2C(=C1)C(=O)N=S2Cl,C#C[SH](C)c1ccccc1C(N)=O,O=C1N=S(Cl)c2ccccc21,C#C[SH](C)c1ccccc1C(N)=O,True,True,False,False,0.13333333333333333,22,11.0,2.0,1.0
CDK_Depict_41_15,C#CC1=C(C(=CC=C1)N(C(=O)NN)N)CS,C#Cc1cccc(N(C)C(=O)NN)c1CS,C#Cc1cccc(N(N)C(=O)NN)c1CS,C#Cc1cccc(N(C)C(=O)NN)c1CS,True,True,False,False,0.7441860465116279,14,16.0,1.0,0.0
CDK_Depict_41_16,CC(C)N(C(C)C)P(=O)(OC)OP(N)OP(=O)(N(C(C)C)C(C)C)OC,CCC(C)N(C(C)C)P(=O)(OC)OP(C)OPN(C(C)C)C(C)C,COP(=O)(OP(N)OP(=O)(OC)N(C(C)C)C(C)C)N(C(C)C)C(C)C,CCC(C)N(C(C)C)P(=O)(OC)OP(C)OPN(C(C)C)C(C)C,True,True,False,False,0.4186046511627907,10,26.0,0.0,3.0
CDK_Depict_41_17,C[N+]1(C[Si-]2([N+](N=CO2)(C)C)(OC=N1)C)C,C[N+]1(C)C[Si-2]2(C)(COCN1)COCN[N+]2(C)C,C[N+]1(C)C[Si-]2(C)(OC=N1)OC=N[N+]2(C)C,C[N+]1(C)C[Si-2]2(C)(COCN1)COCN[N+]2(C)C,True,True,False,False,0.11363636363636363,21,15.0,2.0,0.0
CDK_Depict_41_19,CC(CC(=NNO)C(=O)O)CN=C(N)N,C[NH2+]C(N)=NCC(C)CC(=NNO)C(=O)[OH2+],CC(CN=C(N)N)CC(=NNO)C(=O)O,C[NH2+]C(N)=NCC(C)CC(=NNO)C(=O)[OH2+],True,True,False,False,0.5581395348837209,24,15.0,0.0,1.0
CDK_Depict_41_20,C1CC(C2(CNC(N(C2)O)C(=O)N)C(C1)S)S,NC(=O)C1NCC2(CN1O)C(S)CCCC2S,NC(=O)C1NCC2(CN1O)C(S)CCCC2S,NC(=O)C1NCC2(CN1O)C(S)CCCC2S,True,True,True,True,1.0,20,17.0,2.0,4.0
CDK_Depict_41_21,CC(=O)ON(CC1CCCCC1)C(=N)NC(=O)OCCOC(=O)CCC2=CC=CC=C2,CC(=O)ON(CC1CCCCC1)C(=O)NCOCCOC(=O)CCc1ccccc1,CC(=O)ON(CC1CCCCC1)C(=N)NC(=O)OCCOC(=O)CCc1ccccc1,CC(=O)ON(CC1CCCCC1)C(=O)NCOCCOC(=O)CCc1ccccc1,True,True,False,False,0.6935483870967742,16,31.0,2.0,0.0
CDK_Depict_41_23,COC1=CC(=NC=C1)CCC2=NC3=C(N2)C=ICN3,COc1cc[nH]c(CCC2CNc3c(c[nH]CN3)N2)c1,COc1ccnc(CCc2nc3c([nH]2)C=ICN3)c1,,True,False,False,False,0.0,28,19.0,3.0,0.0
CDK_Depict_41_24,C1=C(NC=N1)NC(=O)NC2=NNN=N2,O=C(Nc1cnc[nH]1)Nc1n[nH]n[nH]1,O=C(Nc1nn[nH]n1)Nc1cnc[nH]1,,True,False,False,False,0.0,25,14.0,2.0,0.0
CDK_Depict_41_25,C(CC(=O)O)C(=C=S)[C@@H](C(=O)O)N,*[C@](C)(C(=O)O)C(=C=S)CCC(=O)O,N[C@H](C(=O)O)C(=C=S)CCC(=O)O,*[C@](C)(C(=O)O)C(=C=S)CCC(=O)O,True,True,False,False,0.35135135135135137,14,13.0,0.0,1.0
CDK_Depict_41_26,CC(N)NCC(C)(C1=CC=CC=C1)[Si](OC)(OC)OC,CO[Si](OC)(OC)C(C)(C[NH2+]C(C)[NH2+])c1ccccc1,CO[Si](OC)(OC)C(C)(CNC(C)N)c1ccccc1,CO[Si](OC)(OC)C(C)(C[NH2+]C(C)[NH2+])c1ccccc1,True,True,False,False,0.5348837209302325,32,20.0,1.0,2.0
CDK_Depict_41_29,C(C(C(=O)[Si]O[Si])F)F,O=C([Si]O[SiH3])C(F)CF,O=C([Si]O[Si])C(F)CF,O=C([Si]O[SiH3])C(F)CF,True,True,False,False,0.6296296296296297,12,9.0,0.0,1.0
CDK_Depict_41_30,CSC1=NC(=NC(=C1Cl)C(=O)O)[Sn](C)(C)C,CSc1nc([Sn](C)(C)C)nc(C(=O)C#N)c1Cl,CSc1n[c]([Sn]([CH3])([CH3])[CH3])nc(C(=O)O)c1Cl,CSc1n[c]([Sn]([CH3])([CH3])[CH3])nc(C(=O)C#N)c1Cl,True,True,False,False,0.6842105263157895,28,16.0,1.0,0.0
CDK_Depict_41_31,CC[C@@H](CCCCNC(=O)CSCC(CO)O)C(=O)C[C@@H](CCCCNC(=O)CSC(=C)SCCCN(C)OC)C(=O)C,CC([C@H](CC([C@H]1CCCCNC(CSCC(O)C[(H)])=O)=O)CCCC[NH2+]C(CSC(SCCCN(COC)C)=C)=O)=O,C=C(SCCCN(C)OC)SCC(=O)NCCCC[C@H](CC(=O)[C@@H](CC)CCCCNC(=O)CSCC(O)CO)C(C)=O,,True,False,False,False,0.0,44,43.0,0.0,3.0
CDK_Depict_41_32,C1=CC=C(C=C1)CN(N=O)S(=O)(=O)C(F)(F)F,O=NN(Cc1ccccc1)S(=O)(=O)C(F)(F)F,O=NN(Cc1ccccc1)S(=O)(=O)C(F)(F)F,O=NN(Cc1ccccc1)S(=O)(=O)C(F)(F)F,True,True,True,True,1.0,15,17.0,1.0,0.0
CDK_Depict_41_33,CC1CN(CCN1C(=O)C)CCSC2=C(C(=NC=C2)CCl)C,CC(=O)N1CCN(CCSc2ccnc(CCCl)c2C)CC1C,CC(=O)N1CCN(CCSc2ccnc(CCl)c2C)CC1C,CC(=O)N1CCN(CCSc2ccnc(CCCl)c2C)CC1C,True,True,False,False,0.8545454545454545,25,22.0,2.0,1.0
CDK_Depict_41_34,CN(C)C(C#CC1=CCCCC1)(N(C)C)N(C)C,CN(C)C(C)(C#CC1CCCCC1)N(C)C,CN(C)C(C#CC1=CCCCC1)(N(C)C)N(C)C,CN(C)C(C)(C#CC1CCCCC1)N(C)C,True,True,False,False,0.21951219512195122,11,18.0,1.0,0.0
CDK_Depict_41_35,C1=COPOC(=C1)O,OC1=OPOC=C=C1,Oc1ccco[pH]o1,,True,False,False,False,0.0,6,8.0,1.0,1.0
CDK_Depict_41_36,C(=O)(O)S(=S)O,O=C(O)S(O)=S,O=C(O)S(O)=S,O=C(O)S(O)=S,True,True,True,True,1.0,8,6.0,0.0,1.0
CDK_Depict_41_37,C1=CC=C(C=C1)C2=NN(N=N2)S(=O)(=O)C(F)(F)F,CN1N=NC(c2ccccc2)=N1,O=S(=O)(n1nnc(-c2ccccc2)n1)C(F)(F)F,Cn1nnc(-c2ccccc2)n1,True,True,False,False,0.4594594594594595,34,18.0,2.0,0.0
CDK_Depict_41_38,CN(C)CC1=CC=C(C=C1)C=C2CCN=C(C2)C=S,CN(C)Cc1ccc(C=C2CC(C=S)NCS2)cc1,CN(C)Cc1ccc(C=C2CCN=C(C=S)C2)cc1,CN(C)Cc1ccc(C=C2CC(C=S)NCS2)cc1,True,True,False,False,0.4,18,19.0,2.0,0.0
CDK_Depict_41_39,C1CC2=C(CNC1CC3=CC=CC=C3)C=CO2,C1=COC2(C1)CCNC(Cc1ccCcc1)CC2,c1ccc(CC2CCc3occc3CN2)cc1,,True,False,False,False,0.0,19,17.0,3.0,1.0
CDK_Depict_41_40,CC(C)[Si](C(C)C)(C(C)C)/C(=C/SC(F)(F)F)/OS(=O)(=O)C(F)(F)F,CC(C)[Si](/C(=C/SC(F)(F)F)OS(=O)(=O)C(F)(F)F)(C(C)C)C(C)C,CC(C)[Si](/C(=C/SC(F)(F)F)OS(=O)(=O)C(F)(F)F)(C(C)C)C(C)C,CC(C)[Si](/C(=C/SC(F)(F)F)OS(=O)(=O)C(F)(F)F)(C(C)C)C(C)C,True,True,True,True,1.0,27,25.0,0.0,0.0
CDK_Depict_41_41,CCC1(OC(=C(O1)F)O)C,CCC1(C)OC(O)=C(F)O1,CCC1(C)OC(O)=C(F)O1,CCC1(C)OC(O)=C(F)O1,True,True,True,True,1.0,9,10.0,1.0,1.0
CDK_Depict_41_42,CC(CC(=C[P+](=O)OCC1=CC=CC=C1)C2=CC=CC=C2)C(=O)O,CC(=O)O.CCc1ccccc1,CC(CC(=C[P+](=O)OCc1ccccc1)c1ccccc1)C(=O)O,CC(=O)O.CCc1ccccc1,True,True,False,False,0.28888888888888886,38,24.0,2.0,2.0
CDK_Depict_41_43,CC(=CN(C1=NC=C(C=N1)OC2=CC=CC=C2)S(=O)(=O)OC3=CC=CC=C3)C,CC(C)=CN(C1=NC=c(OC2=CC=CC=C2)cn1)S(=O)(=O)Oc1ccccc1,CC(C)=CN(c1ncc(Oc2ccccc2)cn1)S(=O)(=O)Oc1ccccc1,CC(C)=CN(c1ncc(Oc2ccccc2)cn1)S(=O)(=O)Oc1ccccc1,True,True,True,True,1.0,25,28.0,3.0,0.0
CDK_Depict_41_44,[B-](CCCC)(CCCC)(CCCC)CS(=O)C,CCCC[S+](CCCC)(CCCC)CS(C)=O,CCCC[B-](CCCC)(CCCC)CS(C)=O,CCCC[S+](CCCC)(CCCC)CS(C)=O,True,True,False,False,0.3793103448275862,13,17.0,0.0,1.0
CDK_Depict_41_45,CNCCCN1C(=C)CSC=C1COCC2=CC=C(C=C2)Cl,C=C1CSC=C(COCc2ccc(Cl)cc2)N1CCC[NH+]C,C=C1CSC=C(COCc2ccc(Cl)cc2)N1CCCNC,C=C1CSC=C(COCc2ccc(Cl)cc2)N1CCC[NH+]C,True,True,False,False,0.75,28,22.0,2.0,0.0
CDK_Depict_41_46,CC=S(=O)(C1=NC2=C(C=CC=N2)SN1)N,*[SH](=O)(CC)C1NSc2ccc[n+]c2N1,CC=S(N)(=O)C1=Nc2ncccc2SN1,*[SH](=O)(CC)C1NSC2=CC=C[N+]=C2N1,True,True,False,False,0.11940298507462686,24,15.0,2.0,1.0
CDK_Depict_41_47,C=C(CN(CC(=C)Br)N)Br,*N(CC(=C)[18c])CC(=C)Br,C=C(Br)CN(N)CC(=C)Br,,True,False,False,False,0.0,15,10.0,0.0,0.0
CDK_Depict_41_48,CN(C=O)C1=CC(=CC=C1)[Si](C)(C)C[Si](C)(C)O[Si](C)(C=C)O[Si](C)(C)C,C=C[Si](C)(O[Si](C)(C)C)O[Si](C)(C)C[Si](C)(C)c1cccc(N(C)C=O)c1,C=C[Si](C)(O[Si](C)(C)C)O[Si](C)(C)C[Si](C)(C)c1cccc(N(C)C=O)c1,C=C[Si](C)(O[Si](C)(C)C)O[Si](C)(C)C[Si](C)(C)c1cccc(N(C)C=O)c1,True,True,True,True,1.0,32,27.0,1.0,1.0
CDK_Depict_41_49,C1C=C(C=CC1O/C(=C(/O)\F)/F)Cl,OC(F)=C(F)OC1ccc(Cl)cC1,O/C(F)=C(\F)OC1C=CC(Cl)=CC1,OC(F)=C(F)OC1C=CC(Cl)=CC1,True,True,False,True,1.0,21,13.0,1.0,1.0
CDK_Depict_41_50,CC(CO)C(C(CO)O)OOOC1=CC=CC=C1CO,CC(CCCO)C(OOOc1ccccc1CO)C(O)CO,CC(CO)C(OOOc1ccccc1CO)C(O)CO,CC(CCCO)C(OOOc1ccccc1CO)C(O)CO,True,True,False,False,0.7906976744186046,19,20.0,1.0,3.0
CDK_Depict_41_51,C([C@H]([C@H]1[C@@H]([C@H](/C(=C(/F)\P(=O)(O)O)/O1)O)O)O)O,O=P(O)(O)C(F)C(O)[C@@H](O)[C@@H](O)[C@H](O)[C@@H](O)CO,O=P(O)(O)/C(F)=C1/O[C@@H]([C@H](O)CO)[C@H](O)[C@H]1O,O=P(O)(O)C(F)C(O)[C@@H](O)[C@@H](O)[C@H](O)[C@@H](O)CO,True,True,False,False,0.25,42,17.0,1.0,4.0
CDK_Depict_41_52,CC(CN1CCCC1)C(C=O)OC(=O)N,*C(=O)OC(C=O)C(C)CN1CCCC1,CC(CN1CCCC1)C(C=O)OC(N)=O,*C(=O)OC(C=O)C(C)CN1CCCC1,True,True,False,False,0.7297297297297297,17,15.0,1.0,2.0
CDK_Depict_41_53,C/C(=C(\C)/[Sb]C1=CC=CC1)/C(=[Sb])C,CC(=O)/C(C)=C(\C)[Sg]c1cccc1,C[C](=[Sb])/C(C)=[C](/C)[Sb][C]1=CC=CC1,,True,False,False,False,0.0,25,13.0,1.0,0.0
CDK_Depict_41_54,C1=CC(=CC=C1C2=C(N=CN=C2N)C#CC3=CN=CN=C3)Cl,CN1cn=c(N)c(CC2ccc(Cl)cc2)c1C#Cc1c=ncnc1,Nc1ncnc(C#Cc2cncnc2)c1-c1ccc(Cl)cc1,,True,False,False,False,0.0,34,22.0,3.0,0.0
CDK_Depict_41_55,CC12C(O1)C3=CC=CI=C23,CC12OC1c1ccc[3H]c12,CC12OC1C1=CC=CI=C12,,True,False,False,False,0.0,15,10.0,3.0,2.0
CDK_Depict_41_56,CCSN/C(=C(\NC1=C(C=C(C=C1)C)Cl)/N(C)C=O)/C=C(C)C,CCSC/C(C=C(C)C)=C(/N)N(C)C=O.Cc1ccc(Cl)cc1Cl,CCSN/C(C=C(C)C)=C(\Nc1ccc(C)cc1Cl)N(C)C=O,CCSC/C(C=C(C)C)=C(/N)N(C)C=O.Cc1ccc(Cl)cc1Cl,True,True,False,False,0.38235294117647056,29,23.0,1.0,0.0
CDK_Depict_41_57,C1=CC=C2C(=C1)C(=CC=C2S(=O)(=O)Br)S(=O)(=O)Br,O=S(=O)(Br)c1ccc(S(=O)(=O)Br)c2ccccc12,O=S(=O)(Br)c1ccc(S(=O)(=O)Br)c2ccccc12,O=S(=O)(Br)c1ccc(S(=O)(=O)Br)c2ccccc12,True,True,True,True,1.0,29,18.0,2.0,0.0
CDK_Depict_41_58,CC(=O)CC(=O)C(=O)O[Sb](OC(=O)C(=O)CC(=O)C)OC(=O)C(=O)CC(=O)C,CC(=O)CC(=O)C(=O)O[SbH](OC(=O)C(=O)CC(C)=O)OC(=O)C(=O)CC(C)=O,CC(=O)CC(=O)C(=O)[O][Sb]([O]C(=O)C(=O)CC(C)=O)[O]C(=O)C(=O)CC(C)=O,CC(=O)CC(=O)C(=O)[O][SbH]([O]C(=O)C(=O)CC(C)=O)[O]C(=O)C(=O)CC(C)=O,True,True,False,False,0.5384615384615384,9,28.0,0.0,0.0
CDK_Depict_41_59,C1=COC(=C1)OP(=O)(C(=O)OC(F)(F)F)O,CC(=O)P(O)(=S)Oc1oC=CC1,O=C(OC(F)(F)F)P(=O)(O)Oc1ccco1,,True,False,False,False,0.0,21,16.0,1.0,1.0
CDK_Depict_41_60,CC(=C)C(C1CCNCC1)F,C=C(C)C(F)C1CCNCC1,C=C(C)C(F)C1CCNCC1,C=C(C)C(F)C1CCNCC1,True,True,True,True,1.0,6,11.0,1.0,1.0
CDK_Depict_41_61,C(=O)(C(C(N)(N)N)(N)N)ON,NC([NH3+])([NH3+])C(N)([NH3+])C(=O)O[NH3+],NOC(=O)C(N)(N)C(N)(N)N,NC([NH3+])([NH3+])C(N)([NH3+])C(=O)O[NH3+],True,True,False,False,0.3076923076923077,28,11.0,0.0,0.0
CDK_Depict_41_62,CC(C)C(CS(=O)(=O)P)(F)F,CC(C)C(F)(F)CS(C)(=O)=O,CC(C)C(F)(F)CS(=O)(=O)P,CC(C)C(F)(F)CS(C)(=O)=O,True,True,False,False,0.6086956521739131,13,11.0,0.0,0.0
CDK_Depict_41_63,CC(C)(C)C1C=CN(O1)N,C[NH12+][nH]1ccC(C)o1,CC(C)(C)C1C=CN(N)O1,,True,False,False,False,0.0,18,10.0,1.0,1.0
CDK_Depict_41_64,C1C2=CN=CC3=CSC(=C23)CN1,c1c2cncc3c2c(CNC3)S1,c1ncc2csc3c2c1CNC3,c1ncc2csc3c2c1CNC3,True,True,True,True,1.0,17,12.0,3.0,0.0
CDK_Depict_41_65,CCC(=O)OC1=C(CCO1)[P+](CC2=CC=CC=C2)(O)O,CCC(=O)Oc1c([I+](O)(O)CC2=CC=CC=C2)CCO1,CCC(=O)OC1=C([P+](O)(O)Cc2ccccc2)CCO1,CCC(=O)OC1=C([I+](O)(O)Cc2ccccc2)CCO1,True,True,False,False,0.5833333333333334,17,20.0,2.0,0.0
CDK_Depict_41_66,C=CC(=C(C=CC=[O+]ON)C(=O)NCNOCC1=C(C=C(C=C1)O)COO)C(=O)O,*OCc1cc(O)ccc1CONCNC(=O)/C(CC[N+]=[O+]O[W])=C(/N=C)C(=O)O,C=CC(C(=O)O)=C(C=CC=[O+]ON)C(=O)NCNOCc1ccc(O)cc1COO,*OCc1cc(O)ccc1CONCNC(=O)/C(CC[N+]=[O+][O][W])=C(/N=C)C(=O)O,True,True,False,False,0.38823529411764707,39,30.0,1.0,0.0
CDK_Depict_41_67,CCOC(=O)C1=CNS(=NC1=O)C,CCOC(=O)C1=C[NH2+]S(C)=NC1=O,CCOC(=O)C1=CNS(C)=NC1=O,CCOC(=O)C1=C[NH2+]S(C)=NC1=O,True,True,False,False,0.5609756097560976,9,13.0,1.0,1.0
CDK_Depict_41_68,COOCC(=O)OC=C,C=COC(=O)COOC,C=COC(=O)COOC,C=COC(=O)COOC,True,True,True,True,1.0,6,9.0,0.0,0.0
CDK_Depict_41_69,CP(C)(C#CC1=CC=CC=C1)(C2=CC=CC=C2)Br,C[PH](C)(C#Cc1ccccc1)C1C=CC=Cc1,CP(C)(Br)(C#Cc1ccccc1)c1ccccc1,C[PH](C)(C#Cc1ccccc1)C1C=CC=CC1,True,True,False,False,0.27906976744186046,20,18.0,2.0,0.0
CDK_Depict_41_70,COC(=CC(=CC(=O)OC)[O-])[O-],COCC(=O)C=C(O)C=C(O)OC,COC(=O)C=C([O-])C=C([O-])OC,COCC(=O)C=C(O)C=C(O)OC,True,True,False,False,0.25,15,12.0,0.0,0.0
CDK_Depict_41_71,CC(C)(C(=O)S)OCC(F)(F)F,CC(C)(OCC(F)(F)F)C(=O)S,CC(C)(OCC(F)(F)F)C(=O)S,CC(C)(OCC(F)(F)F)C(=O)S,True,True,True,True,1.0,13,12.0,0.0,0.0
CDK_Depict_41_72,CC(=O)N(C(C1=CC=CC=C1Cl)O[Si](C)(C)C)[Si](C)(C)C,C#Cc1ccccc1C(O[Si](C)(C)C)N(C(C)C)[Si](C)(C)C,CC(=O)N(C(O[Si](C)(C)C)c1ccccc1Cl)[Si](C)(C)C,C#Cc1ccccc1C(O[Si](C)(C)C)N(C(C)C)[Si](C)(C)C,True,True,False,False,0.4,25,21.0,1.0,1.0
CDK_Depict_41_73,CC1=CC(=NN1)N/N=C(/C#N)\C(=O)N,*C(=O)C(C#N)N[NH2+]c1cc(I)NN=1,Cc1cc(N/N=C(/C#N)C(N)=O)n[nH]1,*C(=O)C(C#N)N[NH2+]c1cc(I)[nH]n1,True,True,False,False,0.23728813559322035,23,14.0,1.0,0.0
CDK_Depict_41_74,B(C1=NN=CC1)(O)O,OB(O)c1CcN=N1,OB(O)C1=NN=CC1,OB(O)C1CCN=N1,True,True,False,False,0.15625,13,8.0,1.0,0.0
CDK_Depict_41_75,C1=CC=C(C=C1)[P+](C2=CC=CC=C2)(C3=CC=CC=C3)OC(=NC4=CC=CC5=CC=CC=C54)C(F)(F)F,FC(F)(F)C(=NC1=CC=Cc2=CC=CC=C21)O[P+](C1=CC=CC=C1)(C1=CC=CC=C1)C1=CC=CC=C1,FC(F)(F)C(=Nc1cccc2ccccc12)O[P+](c1ccccc1)(c1ccccc1)c1ccccc1,FC(F)(F)C(=Nc1cccc2ccccc12)O[P+](c1ccccc1)(c1ccccc1)c1ccccc1,True,True,True,True,1.0,42,36.0,5.0,0.0
CDK_Depict_41_76,CC1=NC(N=C1Br)(CO)[N+](=O)[O-],Cc1nC(CO)([N+](=O)O)N=c1S#N,CC1=NC(CO)([N+](=O)[O-])N=C1Br,CC1=NC(CO)([N+](=O)O)N=C1S#N,True,True,False,False,0.4146341463414634,20,12.0,1.0,1.0
CDK_Depict_41_77,C=CCC(CCC(O)PC(CCN)O)O,C=CCC(O)CCC(O)[PH2+]C(O)CCN,C=CCC(O)CCC(O)PC(O)CCN,C=CCC(O)CCC(O)[PH2+]C(O)CCN,True,True,False,False,0.5757575757575758,12,15.0,0.0,4.0
CDK_Depict_41_78,CNP(=S)(NC(=O)C(Cl)(Br)Br)OC1=CC=CC=C1,CNP(=S)(NC(=O)C([S-])(Br)[Cd])Oc1ccccc1,CNP(=S)(NC(=O)C(Cl)(Br)Br)Oc1ccccc1,CNP(=S)(NC(=O)[C]([S-])(Br)[Cd])Oc1ccccc1,True,True,False,False,0.7142857142857143,17,18.0,1.0,1.0
CDK_Depict_41_79,CC(C)NP(=S)(NC(=O)C1=CC=CC=C1C(=O)O)OC,COP(=S)(NC(=O)c1cC=CC=c1C(=O)O)NC(C)C,COP(=S)(NC(=O)c1ccccc1C(=O)O)NC(C)C,COP(=S)(NC(=O)c1ccccc1C(=O)O)NC(C)C,True,True,True,True,1.0,14,20.0,1.0,1.0
CDK_Depict_41_80,C[Se]C1=C(SC(=S)S1)CCC2CCCCO2,CSC1=C(CCC2CCCCO2)SC(=S)S1,C[Se]c1sc(=S)sc1CCC1CCCCO1,CSc1sc(=S)sc1CCC1CCCCO1,True,True,False,False,0.6444444444444445,20,16.0,2.0,1.0
CDK_Depict_41_81,CC(C)(C)[Si](C)(C)C1=C2C(=CC=C1)S[Te](S2)(Cl)Cl,C[Si](C)(C)c1c=CC=C2S[No](Cl)(Cl)Sc12,CC(C)(C)[Si](C)(C)c1cccc2c1S[Te](Cl)(Cl)S2,,True,False,False,False,0.0,23,18.0,2.0,0.0
CDK_Depict_41_82,C1=CC=C2C(=C1)C=C([N+](=O)O2)C(=O)CI,c1cc(/C=C\[N+](=O)Oc2cc1)c(O)cc1,O=C(CI)c1cc2ccccc2o[n+]1=O,,True,False,False,False,0.0,22,15.0,2.0,0.0
CDK_Depict_41_83,COCC#C/C=C(/COCOC)\Br,COCC#C/C=C(\[Sr])COCOC,COCC#C/C=C(\Br)COCOC,COCC#C/C=[C](\[Sr])COCOC,True,True,False,False,0.6470588235294118,10,13.0,0.0,0.0
CDK_Depict_41_84,CC([C@@H]1CC1C(C)I)ON,*C(C)C1C[C@H]1C(C)ON,CC(I)C1C[C@H]1C(C)ON,*C(C)C1C[C@H]1C(C)ON,True,True,False,False,0.6153846153846154,12,10.0,1.0,4.0
CDK_Depict_41_85,COCC(=O)C1=CCC(N=C1)Br,COCC(=O)c1cCc([O-])nc1,COCC(=O)C1=CCC(Br)N=C1,,True,False,False,False,0.0,11,12.0,1.0,1.0
CDK_Depict_41_86,COC1C(=O)C(=CC2=CC=CO2)C=CO1,COC1CC(=Cc2ccco2)CcO1,COC1OC=CC(=Cc2ccco2)C1=O,COC1CC(=Cc2ccco2)CCO1,True,True,False,False,0.4,13,15.0,2.0,1.0
CDK_Depict_41_88,C[Si](C)(C)C(=C(F)F)OC1CCCC=C1,CS(C)(C)C(OC1C=CCCC1)=C(F)F,C[Si](C)(C)C(OC1C=CCCC1)=C(F)F,CS(C)(C)C(OC1C=CCCC1)=C(F)F,True,True,False,False,0.5945945945945946,16,15.0,1.0,1.0
CDK_Depict_41_89,CN(CC1=CC(=NN1)COC)OC2=CC=C(C=C2)CCNC[C@@H](C3=CC=C(C=C3)O)O,COCC1=N[NH+]C(CN(C)Oc2ccc(CC[NH2+]C[C@H](O)c3ccc(O)cc3)cc2)=C1,COCc1cc(CN(C)Oc2ccc(CCNC[C@H](O)c3ccc(O)cc3)cc2)[nH]n1,COCC1=N[NH+]C(CN(C)Oc2ccc(CC[NH2+]C[C@H](O)c3ccc(O)cc3)cc2)=C1,True,True,False,False,0.46153846153846156,43,31.0,3.0,1.0
CDK_Depict_41_90,CC(C)C(C#C)N=C=S,C#CC(N=C=S)C(C)C,C#CC(N=C=S)C(C)C,C#CC(N=C=S)C(C)C,True,True,True,True,1.0,11,9.0,0.0,1.0
CDK_Depict_41_91,C[Si]1(C(C(O[Si]([Si]1(C)C)(C)C)O)O)C,C[Si]1(C)OC(O)C(O)[Si](C)(C)[Si]1(C)C,C[Si]1(C)OC(O)C(O)[Si](C)(C)[Si]1(C)C,C[Si]1(C)OC(O)C(O)[Si](C)(C)[Si]1(C)C,True,True,True,True,1.0,17,14.0,1.0,2.0
CDK_Depict_41_92,C[N+]1(C=CC(=N1)C(=O)N)C(=O)N,C[N+]1(C(N)=O)C=CC(C(N)=O)=N1,C[N+]1(C(N)=O)C=CC(C(N)=O)=N1,C[N+]1(C(N)=O)C=CC(C(N)=O)=N1,True,True,True,True,1.0,15,12.0,1.0,1.0
CDK_Depict_41_93,CCCC(C)(OCC1=CC=CC=C1)S[Si]CCCl,CCC[SiH2]SC(C)(CCC)OCc1ccccc1,CCCC(C)(OCc1ccccc1)S[Si]CCCl,CCC[SiH2]SC(C)(CCC)OCc1ccccc1,True,True,False,False,0.5555555555555556,23,18.0,1.0,1.0
CDK_Depict_41_94,B1=C(CCC(=O)N1CC2=CC=CC=C2)C3=CC=CC=C3,[2H]N(Cc1ccccc1)C(=O)CC,O=C1CCC(c2ccccc2)=BN1Cc1ccccc1,[2H]N(Cc1ccccc1)C(=O)CC,True,True,False,False,0.2127659574468085,31,20.0,3.0,0.0
CDK_Depict_41_95,C1=NO1,C1=NO1,C1=NO1,C1=NO1,True,True,True,True,1.0,0,3.0,1.0,0.0
CDK_Depict_41_96,C(#N)NSN=[N+]=[N-],N#C[NH2+]SN=[N+]=[N-],N#CNSN=[N+]=[N-],N#C[NH2+]SN=[N+]=[N-],True,True,False,False,0.4074074074074074,8,7.0,0.0,0.0
CDK_Depict_41_97,C1CSCCN1C(=O)CN=C2CNC(=O)N2,O=C1NCC(=NCC(=O)N2CCSCC2)N1,O=C1NCC(=NCC(=O)N2CCSCC2)N1,O=C1NCC(=NCC(=O)N2CCSCC2)N1,True,True,True,True,1.0,15,16.0,2.0,0.0
CDK_Depict_41_98,C1CCC(CC1)CNC(=O)CN2CCCCC(C2=O)P(N)S(=O)CC3=CC=CC=C3,NN=NP(C1CCCCN(CC(=O)NCC2CCCCC2)C1=O)S(=O)Cc1ccccc1,NP(C1CCCCN(CC(=O)NCC2CCCCC2)C1=O)S(=O)Cc1ccccc1,NN=NP(C1CCCCN(CC(=O)NCC2CCCCC2)C1=O)S(=O)Cc1ccccc1,True,True,False,False,0.7619047619047619,30,30.0,3.0,3.0
CDK_Depict_41_99,CC(=O)C(=[Se](C=C)C1=CC=CC=C1)C(=O)C,C=C[Se](=C=C(C(C)=O)C(C)=O)c1ccccc1,C=C[Se](=C(C(C)=O)C(C)=O)c1ccccc1,C=C[Se](=C=C(C(C)=O)C(C)=O)c1ccccc1,True,True,False,False,0.5277777777777778,25,16.0,1.0,1.0
CDK_Depict_41_100,C1=NC(=O)N(N=N1)CCCl,*CCN1nnC=NC1=O,O=c1ncnnn1CCCl,*CCn1nncnc1=O,True,True,False,False,0.6666666666666666,16,10.0,1.0,0.0
CDK_Depict_42_1,C1=CC=C(C=C1)C(C(P(=O)(O)O)Br)Br,*CP(=O)(O)[Ho],O=P(O)(O)C(Br)C(Br)c1ccccc1,*C[P](=O)(O)[Ho],True,True,False,False,0.16129032258064516,23,14.0,1.0,2.0
CDK_Depict_42_2,CC1=C(OC=C1C(C)C)F,Cc1coc1C,Cc1c(C(C)C)coc1F,,True,False,False,False,0.0,14,10.0,1.0,0.0
CDK_Depict_42_3,C1C2CC1(C2)NF,C1C2CC1[NH][E],FNC12CC(C1)C2,,True,False,False,False,0.0,7,7.0,3.0,2.0
CDK_Depict_42_4,CN1C2=C(C=C3C1=N[Se][Se]3)[Se][Se][N]2,CN1c2c(cc3c1=N[Se][Se]3)[Se][Se]N2,CN1C2=N[Se][Se]C2=CC2=C1[N][Se][Se]2,Cn1c2n[se][se]c-2cc2[se][se][nH]c1=2,True,True,False,False,0.1320754716981132,9,13.0,3.0,0.0
CDK_Depict_42_5,CC(/N=N\NC1=C(C=CC(=C1)F)N(C)C=N)OC,COC(C)/N=N\Nc1cc(F)ccc1NC=N,COC(C)/N=N\Nc1cc(F)ccc1N(C)C=N,COC(C)/N=N\Nc1cc(F)ccc1NC=N,True,True,False,False,0.6458333333333334,22,18.0,1.0,1.0
CDK_Depict_42_6,CCOC[C@@]1(C(=CCN1C)C(C)C)I,CCOC[C@]1(I)C(C(C)C)=CCN1C,CCOC[C@]1(I)C(C(C)C)=CCN1C,CCOC[C@]1(I)C(C(C)C)=CCN1C,True,True,True,True,1.0,13,14.0,1.0,1.0
CDK_Depict_42_7,B1(C(=C(B(S1)SC)CC)CC)SC,CCc1c(CC)o(SC)so1SC,CCC1=C(CC)B(SC)SB1SC,,True,False,False,False,0.0,17,13.0,1.0,0.0
CDK_Depict_42_8,[2H]C([2H])C([2H])([2H])C([2H])([2H])C(=C([2H])[2H])C(=O)O,[2H]C([2H])C(C(=O)O)C([2H])([2H])C(C)(C)C([2H])[2H],[2H]C([2H])=C(C(=O)O)C([2H])([2H])C([2H])([2H])C([2H])[2H],[2H]C([2H])C(C(=O)O)C([2H])([2H])C(C)(C)C([2H])[2H],True,True,False,False,0.23684210526315788,21,16.0,0.0,0.0
CDK_Depict_42_10,C(C(CBr)OCC(CCl)(F)F)O,OCC(CBr)OCC(F)(F)CCl,OCC(CBr)OCC(F)(F)CCl,OCC(CBr)OCC(F)(F)CCl,True,True,True,True,1.0,8,12.0,0.0,1.0
CDK_Depict_42_11,C[As]1O[As](O1)C,C[As]1O[As](C)O1,C[As]1O[As](C)O1,C[As]1O[As](C)O1,True,True,True,True,1.0,4,6.0,1.0,2.0
CDK_Depict_42_12,C1=CC(=O)OOC(=O)C=C(OC1=O)C(=O)O,O=C1C=CC(=O)O/C(C(=O)O)=C\C(=O)OO1,O=C1C=CC(=O)OC(C(=O)O)=CC(=O)OO1,O=C1C=CC(=O)O/C(C(=O)O)=C\C(=O)OO1,True,True,False,True,1.0,16,16.0,1.0,0.0
CDK_Depict_42_13,C/C=C\C(=N/C(=O)NO)\C(C)(C)C,C/C=C\C(=NC(=O)NO)C(C)(C)C,C/C=C\C(=N/C(=O)NO)C(C)(C)C,C/C=C\C(=NC(=O)NO)C(C)(C)C,True,True,False,True,1.0,2,13.0,0.0,0.0
CDK_Depict_42_14,CC1=C(N(CCC1)C)/N=C(\NC=O)/N2CCN(CC2)C(C)C3=NC=CC=N3,CC1=C(/N=C(/CN2CCN(C(C)C3nccCN3)CC2)NC=O)N(C)CCC1,CC1=C(/N=C(\NC=O)N2CCN(C(C)c3ncccn3)CC2)N(C)CCC1,,True,False,False,False,0.0,31,27.0,3.0,1.0
CDK_Depict_42_15,[B](C)C(C)(C)CC(C)(C)O,CC(C)(O)CC(C)(C)S,C[B]C(C)(C)CC(C)(C)O,CC(C)(O)CC(C)(C)S,True,True,False,False,0.42857142857142855,7,10.0,0.0,0.0
CDK_Depict_42_16,C1N=C(NO1)C(=O)Cl,O=C(Cl)c1nCON1,O=C(Cl)C1=NCON1,O=C(Cl)C1=NCON1,True,True,True,True,1.0,13,8.0,1.0,0.0
CDK_Depict_42_17,C1=NOC(=C1SC#N)N,N#CSc1c(N)onC1,N#CSc1cnoc1N,,True,False,False,False,0.0,14,9.0,1.0,0.0
CDK_Depict_42_18,CC(C)(C)C1(C=CC(S1(=O)=O)(C(C)(C)C)Br)Br,*C1(C(C)(C)C)C=CC(C)(C)S1(=O)=O,CC(C)(C)C1(Br)C=CC(Br)(C(C)(C)C)S1(=O)=O,*C1(C(C)(C)C)C=CC(C)(C)S1(=O)=O,True,True,False,False,0.3793103448275862,24,17.0,1.0,2.0
CDK_Depict_42_19,C1=CC(C=NC=C1)(CN)Br,NCC1(Br)C=CC=CN=C1,NCC1(Br)C=CC=CN=C1,NCC1(Br)C=CC=CN=C1,True,True,True,True,1.0,13,10.0,1.0,1.0
CDK_Depict_42_20,CC(=O)C(C(C(=O)O)(S)S)(N)N,CC(=O)C(N)(N)N,CC(=O)C(N)(N)C(S)(S)C(=O)O,CC(=O)C(N)(N)N,True,True,False,False,0.42857142857142855,13,12.0,0.0,0.0
CDK_Depict_42_21,C(#N)C1=C(OC(=C1S)C#N)C#N,N#Cc1oc(C#N)c(C#N)c1S,N#Cc1oc(C#N)c(C#N)c1S,N#Cc1oc(C#N)c(C#N)c1S,True,True,True,True,1.0,17,12.0,1.0,0.0
CDK_Depict_42_22,C1=CC=C(C=C1)CN2C(=CC=C2NCC(CO)O)N,OCC(O)CNc1=CC=C([MnH])N1Cc1ccccc1,Nc1ccc(NCC(O)CO)n1Cc1ccccc1,OCC(O)CNc1cc[c]([MnH])n1Cc1ccccc1,True,True,False,False,0.7317073170731707,26,19.0,2.0,1.0
CDK_Depict_42_23,CS1(=NC(=O)N2C=NN=C2C1)=O,CS1(=O)=NC(=O)N2C=CnnC2C1,CS1(=O)=NC(=O)n2cnnc2C1,CS1(=O)=NC(=O)N2C=CN=NC2C1,True,True,False,False,0.32608695652173914,9,12.0,2.0,1.0
CDK_Depict_42_24,C1=CC(=CC=C1N)S(=O)(=O)NC2NN=C(S2)S(=O)(=O)N,*S(=O)(=O)C(=NNC(S)NCS(C)(=O)=O)S(*)(=O)=O,Nc1ccc(S(=O)(=O)NC2NN=C(S(N)(=O)=O)S2)cc1,*S(=O)(=O)C(=NNC(S)NCS(C)(=O)=O)S(*)(=O)=O,True,True,False,False,0.08196721311475409,29,20.0,2.0,1.0
CDK_Depict_42_25,CCCSC1=NCC(S1)(CBr)Cl,*CC(Cl)(Cl)C/N=C(\C)S,CCCSC1=NCC(Cl)(CBr)S1,*CC(Cl)(Cl)C/N=C(\C)S,True,True,False,False,0.061224489795918366,16,12.0,1.0,1.0
CDK_Depict_42_26,CCOC(C)C[Si](C)(C)C=[N+]=[N-],CCOC(C)C[Si](C)(C)C=[N+]=[N-],CCOC(C)C[Si](C)(C)C=[N+]=[N-],CCOC(C)C[Si](C)(C)C=[N+]=[N-],True,True,True,True,1.0,0,12.0,0.0,1.0
CDK_Depict_42_27,C/C=C(\C=C/1\CCCCC1=C)/C(=O)/C(=N/NC2=CC(=CC(=C2)Cl)Cl)/C#N,C=C1CCCC/C1=C\C(=C/C)C(=O)/C(C#N)=N/Nc1cc(Cl)cc(Cl)c1,C=C1CCCC/C1=C/C(=C\C)C(=O)/C(C#N)=N/Nc1cc(Cl)cc(Cl)c1,C=C1CCCC/C1=C\C(=C/C)C(=O)/C(C#N)=N/Nc1cc(Cl)cc(Cl)c1,True,True,False,True,1.0,34,26.0,2.0,0.0
CDK_Depict_42_28,CC1=C(C(=C(S1)C)SC(F)(Cl)Cl)SC(F)(F)F,CC(C)=C(SC(F)(F)F)C(SC(F)(Cl)Cl)C(C)C,Cc1sc(C)c(SC(F)(Cl)Cl)c1SC(F)(F)F,CC(C)=C(SC(F)(F)F)C(SC(F)(Cl)Cl)C(C)C,True,True,False,False,0.21951219512195122,16,17.0,1.0,0.0
CDK_Depict_42_29,CCCOC1(C(O1)C)[Si](C)(O[Si])[Si]O[Si](C)C,CCCOC1(C[Si](C)(O[SiH3])[SiH2]O[SiH3]C)sC1C,CCCOC1([Si](C)(O[Si])[Si]O[Si](C)C)OC1C,,True,False,False,False,0.0,16,17.0,1.0,3.0
CDK_Depict_42_30,C1C[C@H]2[C@H]([C@@H]2Cl)OC1,[H][C@@]12CCCO[C@]1([H])[C@@H]2Cl,Cl[C@@H]1[C@H]2CCCO[C@@H]12,Cl[C@@H]1[C@@H]2CCCO[C@H]12,True,True,False,True,1.0,18,8.0,2.0,3.0
CDK_Depict_42_31,CC/C(=N/NC(=O)N)/C=NCC(=O)N,CC/C(C=NCC(N)=O)=N/NC(N)=O,CC/C(C=NCC(N)=O)=N/NC(N)=O,CC/C(C=NCC(N)=O)=N/NC(N)=O,True,True,True,True,1.0,14,14.0,0.0,0.0
CDK_Depict_42_32,CC1C(=CC1(C)[C@H](C)OC[C@@H](C(=O)O)N)N,CC1C(N)=CC1(C)[C@H](C)OCC([NH4])(C(=O)O)C(=O)O,CC1C(N)=CC1(C)[C@H](C)OC[C@H](N)C(=O)O,,True,False,False,False,0.0,13,16.0,1.0,4.0
CDK_Depict_42_33,C1=CC2(C=CN=N2)C=C3C1=NN=C3,C1=CC2(C=Cc3n[nH]cc3c2)N=N1,C1=CC2(C=CC3=NN=CC3=C2)N=N1,,True,False,False,False,0.0,15,13.0,3.0,1.0
CDK_Depict_42_34,CC(C)N=NF,CC(C)CN=C=N[12CH2]F,CC(C)N=NF,CC(C)CN=C=N[12CH2]F,True,True,False,False,0.19230769230769232,10,6.0,0.0,0.0
CDK_Depict_42_35,C/C=C\C=C(/C=C)\C(=N\CN1CCN(CC1)C(=O)OC(C)(C)N)\ON=C,C=C/C(=C/C=C\C)C(=NCN1CCN(C(=O)OC(C)(C)N)CC1)OCN=C,C=CC(=C\C=C/C)/C(=N/CN1CCN(C(=O)OC(C)(C)N)CC1)ON=C,C=C/C(=C/C=C\C)C(=NCN1CCN(C(=O)OC(C)(C)N)CC1)OCN=C,True,True,False,False,0.7894736842105263,18,26.0,1.0,0.0
CDK_Depict_42_36,CC1(O[C@H]([C@@H](O1)C#C)CNN2COCCC2[Si](C)(C)C)C,C=C[C@@H]1OC(C)(C)O[C@H]1CNN1COCCC1[Si](C)(C)C,C#C[C@@H]1OC(C)(C)O[C@H]1CNN1COCCC1[Si](C)(C)C,C=C[C@@H]1OC(C)(C)O[C@H]1CNN1COCCC1[Si](C)(C)C,True,True,False,False,0.6470588235294118,23,21.0,2.0,3.0
CDK_Depict_42_37,CC1=CC=C(C=C1)CS[P+](C(CC2=CC=CC=C2)N=[N+]=[N-])([O-])OCCOCC(=O)OC(C)(C)C,CC1ccc(CS[PH](C)(OCCOCC(OCC(C)(C)C)=O)CC(CC2ccc3c(C2)C=2)N=[N+]=[N-])=O)cc1,Cc1ccc(CS[P+]([O-])(OCCOCC(=O)OC(C)(C)C)C(Cc2ccccc2)N=[N+]=[N-])cc1,,True,False,False,False,0.0,57,34.0,2.0,2.0
CDK_Depict_42_38,CC1=CC(=C(C=C1)[Si]NO[Si](C)(C)C(C)(C)C)C,Cc1ccc([SiH2]NO[Si](C)(C)C(C)(C)C)c(C)c1,Cc1ccc([Si]NO[Si](C)(C)C(C)(C)C)c(C)c1,Cc1ccc([SiH2]NO[Si](C)(C)C(C)(C)C)c(C)c1,True,True,False,False,0.5238095238095238,19,18.0,1.0,0.0
CDK_Depict_42_39,C/C=C\N(C1CCCCC1)I(CC(=O)NC2=C(C=C(C=C2C)C)C)C=C,Cc1cc(C)c(NC(CI(C=C)N2C3CCCCC3)=O)c(C)c1,C=CI(CC(=O)Nc1c(C)cc(C)cc1C)N(/C=C\C)C1CCCCC1,,True,False,False,False,0.0,30,26.0,2.0,0.0
CDK_Depict_42_40,CC(C)(C)[P+]1=N[P+](=N[P+](=N1)C(C)(C)C)C(C)(C)C,CC(C)(C)C.C[P+]1=N[P+](C)=N[P+](C(C)(C)C)=N1,CC(C)(C)[p+]1n[p+](C(C)(C)C)n[p+](C(C)(C)C)n1,CC(C)(C)C.C[p+]1n[p+](C)n[p+](C(C)(C)C)n1,True,True,False,False,0.5882352941176471,17,18.0,1.0,3.0
CDK_Depict_42_41,[2H]C([2H])([2H])C(C1=CC=C(C=C1)CC(C)(C(=O)O)C(=O)O)(C(=O)O)C(=O)O,[2H]C([2H])(P)C(C(=O)O)(C(=O)O)c1ccc(CC(C)(C(=O)O)C(=O)O)cc1,[2H]C([2H])([2H])C(C(=O)O)(C(=O)O)c1ccc(CC(C)(C(=O)O)C(=O)O)cc1,[2H]C([2H])(P)C(C(=O)O)(C(=O)O)c1ccc(CC(C)(C(=O)O)C(=O)O)cc1,True,True,False,False,0.5897435897435898,30,26.0,1.0,0.0
CDK_Depict_42_42,CC(C)C1=C(C=CC=N1)N2C=NN=N2,CC(C)c1ncccc1N1cnnn1,CC(C)c1ncccc1-n1cnnn1,CC(C)c1ncccc1-n1cnnn1,True,True,True,True,1.0,19,14.0,2.0,0.0
CDK_Depict_42_43,CCOP(=O)(C1=C(SC=C1)[N+](=O)[O-])OCC,CCOP(=O)(OCC)c1ccSc1[N+](=O)[O-],CCOP(=O)(OCC)c1ccsc1[N+](=O)[O-],CCOP(=O)(OCC)c1ccsc1[N+](=O)[O-],True,True,True,True,1.0,14,16.0,1.0,0.0
CDK_Depict_42_44,CN1CCN2CCN(P3C1(C2)CN3C)C,C[NH+]1C23C[NH+](C)[p]2[nH+](C)CCN(C2)C1,CN1CCN2CCN(C)C3(C2)CN(C)P13,,True,False,False,False,0.0,26,15.0,3.0,3.0
CDK_Depict_42_45,C/C=C\C(=C/C=C)\OC(C)C(=O)N/N=C/C1=CC=CC=C1,C=CC=C(O)/C=C\C.CCC(N)=O,C=C/C=C(\C=C/C)OC(C)C(=O)N/N=C/c1ccccc1,C=CC=C(O)/C=C\C.CCC(N)=O,True,True,False,False,0.2727272727272727,27,21.0,1.0,1.0
CDK_Depict_42_46,CC(C)C(/C=C\OCOC)O,*C(/C=C\C)C(C)C,COCO/C=C\C(O)C(C)C,*C(/C=C\C)C(C)C,True,True,False,False,0.22580645161290322,9,11.0,0.0,1.0
CDK_Depict_42_47,CC(C)(C)P(C(C)(C)C)P1P(P(P1P(C(C)(C)C)C(C)(C)C)P(C(C)(C)C)C(C)(C)C)P(C(C)(C)C)C(C)(C)C,CCCCCCCCCCCCCCCCCCCCCCCCCCCCCCCCCCCCCCCCCCCCCCCCCCCCCCCCCCCCCCCCCCCCCCCCCCCCCCCCCCCCCCCCCCCCCCCCCCCCCCCCCCCCCCCCCCCCCCCCCCCCCCCCCCCCCCCCCCCCCCCCCCCCCCCCCCCCCCCC,CC(C)(C)P(P1P(P(C(C)(C)C)C(C)(C)C)P(P(C(C)(C)C)C(C)(C)C)P1P(C(C)(C)C)C(C)(C)C)C(C)(C)C,CCCCCCCCCCCCCCCCCCCCCCCCCCCCCCCCCCCCCCCCCCCCCCCCCCCCCCCCCCCCCCCCCCCCCCCCCCCCCCCCCCCCCCCCCCCCCCCCCCCCCCCCCCCCCCCCCCCCCCCCCCCCCCCCCCCCCCCCCCCCCCCCCCCCCCCCCCCCCCCC,True,True,False,False,0.05555555555555555,128,40.0,1.0,4.0
CDK_Depict_42_48,C1CCC(=C(C1)NS(=O)(=O)C(F)(F)F)NS(=O)(=O)C(F)(F)F,O=S(=O)(NC1=C([NH2+]S(=O)(=O)C(F)(F)F)CCCC1)C(F)(F)F,O=S(=O)(NC1=C(NS(=O)(=O)C(F)(F)F)CCCC1)C(F)(F)F,O=S(=O)(NC1=C([NH2+]S(=O)(=O)C(F)(F)F)CCCC1)C(F)(F)F,True,True,False,False,0.6333333333333333,25,22.0,1.0,0.0
CDK_Depict_42_49,C1CN(CCC1CCC(=O)C2=COC=CO2)CCCS(=O)(=O)N3CCOCC3,O=C(CCC1CCN(CCCS(=O)(=O)N2CCOCC2)CC1)C1=COC=CO1,O=C(CCC1CCN(CCCS(=O)(=O)N2CCOCC2)CC1)C1=COC=CO1,O=C(CCC1CCN(CCCS(=O)(=O)N2CCOCC2)CC1)C1=COC=CO1,True,True,True,True,1.0,29,28.0,3.0,0.0
CDK_Depict_42_50,CP(C)C1=C(C(=C(C1)P(C)C)P(C)C)P(C)C,CCP(C)c1cc(P(C)C)c(P(C)C)c1CP(C)C,CP(C)C1=C(P(C)C)C(P(C)C)=C(P(C)C)C1,,True,False,False,False,0.0,15,17.0,1.0,0.0
CDK_Depict_42_51,CN(C)C1=NC=C(C=N1)CN2CCC(CC2)OC3=CC=CC=C3OC,COc1ccccc1COC1CCN(Cc2cnC(N(C)C)nc2)CC1,COc1ccccc1OC1CCN(Cc2cnc(N(C)C)nc2)CC1,,True,False,False,False,0.0,31,25.0,3.0,0.0
CDK_Depict_42_52,CC1=NNN=C1C2=CN=NC=C2Br,Cc1n[nH][nH]c1Cc1cN=Ncc1Br,Cc1n[nH]nc1-c1cnncc1Br,,True,False,False,False,0.0,18,13.0,2.0,0.0
CDK_Depict_42_53,C1=CSN(S1)SSN2SC=CS2,c1csN(SSN2SCCS2)S1,C1=CSN(SSN2SC=CS2)S1,C1=CSN(SSN2SCCS2)S1,True,True,False,False,0.6666666666666666,11,12.0,2.0,0.0
CDK_Depict_42_54,[2H]C#CC1=C(C(=C(C(=C1C#C[2H])O[2H])C)C)O[2H],[2H]C#Cc1c(C#C[2H])c(OC)c(C)c(C)c1OC,[2H]C#Cc1c(C#C[2H])c(O[2H])c(C)c(C)c1O[2H],[2H]C#Cc1c(C#C[2H])c(OC)c(C)c(C)c1OC,True,True,False,False,0.4482758620689655,27,18.0,1.0,0.0
CDK_Depict_42_55,CC1=NCC(C(N1)C(O)O)O,*C(C)C1[NH2+]c(C)nCC1O,CC1=NCC(O)C(C(O)O)N1,*C(C)C1[NH2+]C(C)=NCC1O,True,True,False,False,0.3333333333333333,17,11.0,1.0,2.0
CDK_Depict_42_56,CCOC[Si]1(CCCN1[Si](C)(C)C)COCC,CCOC[Si]1(COCC)CCCN1[Si](C)(C)C,CCOC[Si]1(COCC)CCCN1[Si](C)(C)C,CCOC[Si]1(COCC)CCCN1[Si](C)(C)C,True,True,True,True,1.0,10,17.0,1.0,0.0
CDK_Depict_42_57,CC(=O)NC1NC(=CS1)C2=CC=CC=CC2,C1=C(c2cccccc2)[NH2+]CS1.CC=O,CC(=O)NC1NC(C2=CC=CC=CC2)=CS1,,True,False,False,False,0.0,25,16.0,2.0,1.0
CDK_Depict_42_58,CCCCCCCCC=[N+]=NC(=CC)CCCC,CC=C(CCCC)N=[N+]=CCCCCCCCC,CC=C(CCCC)N=[N+]=CCCCCCCCC,CC=C(CCCC)N=[N+]=CCCCCCCCC,True,True,True,True,1.0,8,18.0,0.0,0.0
CDK_Depict_42_59,CCC(C#N)(C(C#N)(C#N)O)N(CCO)CCO,CCC(C#N)(N(CCO)CCO)C(O)(C#N)C#N,CCC(C#N)(N(CCO)CCO)C(O)(C#N)C#N,CCC(C#N)(N(CCO)CCO)C(O)(C#N)C#N,True,True,True,True,1.0,13,18.0,0.0,1.0
CDK_Depict_42_60,CCC1O[Bi](O1)OC(CC)O[Bi]2OC(O2)CC,CCC(O[Si]1OCCO1)O[Si]1OC(CC)O1,CCC1[O][Bi]([O]C(CC)[O][Bi]2[O]C(CC)[O]2)[O]1,CCC(O[Si]1OCCO1)O[Si]1OC(CC)O1,True,True,False,False,0.35135135135135137,14,17.0,2.0,0.0
CDK_Depict_42_61,CCCC[Si](CCCC)(CCCC)C1=CC(=O)O[C@@H](C1)C(Cl)(Cl)Cl,CCCC[Si](CCC)(CCCC)c1c[C@@H](C(Cl)(Cl)[Cf])OC(=O)C=1,CCCC[Si](CCCC)(CCCC)C1=CC(=O)O[C@H](C(Cl)(Cl)Cl)C1,,True,False,False,False,0.0,25,24.0,1.0,1.0
CDK_Depict_42_62,CCCC(C(=C(OC(F)(F)F)F)F)(OC(CCC)(C(=C(OC(F)(F)F)F)F)F)F,CCCC(OC(C(F)=C(C)OC(F)(F)F)C(F)=C(F)OC(F)(F)F)C(F)=C(F)OC(F)(F)F,CCCC(F)(OC(F)(CCC)C(F)=C(F)OC(F)(F)F)C(F)=C(F)OC(F)(F)F,CCCC(OC(C(F)=C(C)OC(F)(F)F)C(F)=C(F)OC(F)(F)F)C(F)=C(F)OC(F)(F)F,True,True,False,False,0.3409090909090909,28,29.0,0.0,2.0
CDK_Depict_42_63,CC(C)(C=C=O)OC(=O)NNOCC1=CC=CC=C1,CC(C)(C=C=O)OC(=O)NNOCc1ccccc1,CC(C)(C=C=O)OC(=O)NNOCc1ccccc1,CC(C)(C=C=O)OC(=O)NNOCc1ccccc1,True,True,True,True,1.0,9,19.0,1.0,0.0
CDK_Depict_42_64,CCOC(/C=C(/C(F)(F)F)\Br)OCC,CCOC(C=C([Sr])C(F)(F)F)OCC,CCOC(/C=C(\Br)C(F)(F)F)OCC,CCOC(C=[C]([Sr])C(F)(F)F)OCC,True,True,False,False,0.6,10,14.0,0.0,0.0
CDK_Depict_42_65,CC1=CC=CN1N=NC(C)(C)C,CN=NN1cccc1C,Cc1cccn1N=NC(C)(C)C,CN=Nn1cccc1C,True,True,False,False,0.6071428571428571,16,12.0,1.0,0.0
CDK_Depict_42_66,C1=CC(=CC(=C1)NC(=C(C(=O)O)Cl)Cl)C(F)(F)F,CC(F)(F)c1cccc(NC(Cl)=C(Cl)C(=O)O)c1,O=C(O)C(Cl)=C(Cl)Nc1cccc(C(F)(F)F)c1,CC(F)(F)c1cccc(NC(Cl)=C(Cl)C(=O)O)c1,True,True,False,False,0.7894736842105263,27,18.0,1.0,0.0
CDK_Depict_42_67,CC(=O)OC/C(=C(/COC(=O)C)\Cl)/S(=O)CC[Si](C)(C)C,CC(=O)OC/C(Cl)=C(/COC(C)=O)S(=O)CC[Si](C)(C)C,CC(=O)OC/C(Cl)=C(/COC(C)=O)S(=O)CC[Si](C)(C)C,CC(=O)OC/C(Cl)=C(/COC(C)=O)S(=O)CC[Si](C)(C)C,True,True,True,True,1.0,10,21.0,0.0,1.0
CDK_Depict_42_68,C(=O)N(C(=O)O)N=C=O,O=C=NCN(C=O)C(=O)O,O=C=NN(C=O)C(=O)O,O=C=NCN(C=O)C(=O)O,True,True,False,False,0.43333333333333335,11,9.0,0.0,0.0
CDK_Depict_42_69,CN1CCN(CC1)C/C/2=C/C(CCC(=C=C2)Br)F,CN1CCN(Cc2ccc(OOO[Sr])ccc(F)c2)CC1,CN1CCN(C/C2=C/C(F)CCC(Br)=C=C2)CC1,CN1CCN(CC2=CC=C(OO[O][Sr])C=CC(F)=C2)CC1,True,True,False,False,0.3050847457627119,25,18.0,2.0,1.0
CDK_Depict_42_70,C1CCC(C1)ONCC(=O)NC(=O)N,*C(=O)NC(=O)C[NH2+]OC1CCCC1,NC(=O)NC(=O)CNOC1CCCC1,*C(=O)NC(=O)C[NH2+]OC1CCCC1,True,True,False,False,0.35714285714285715,21,14.0,1.0,0.0
CDK_Depict_42_71,C1[C@H]2[C@H]([C@@H]([C@@H]1Cl)[NH2+]C2(C(F)(F)F)C(F)(F)F)Br,[H][C@@]12[NH2+]C(C(F)(F)F)(C(F)(F)F)[C@]([H])(C[C@H]1Cl)[C@H]2Br,FC(F)(F)C1(C(F)(F)F)[NH2+][C@H]2[C@H](Br)[C@@H]1C[C@H]2Cl,FC(F)(F)C1(C(F)(F)F)[NH2+][C@H]2[C@H](Br)[C@H]1C[C@H]2Cl,True,True,False,True,1.0,50,17.0,2.0,4.0
CDK_Depict_42_72,B1(N(B(N(N1C)C)Cl)C)C,CCN(C)N(C)C,CB1N(C)B(Cl)N(C)N1C,CCN(C)N(C)C,True,True,False,False,0.038461538461538464,14,10.0,1.0,0.0
CDK_Depict_42_73,CCC(CC)(/C(=N/O)/C)N,*N=C(C)C([Ni+4])(CC)CC,CCC(N)(CC)/C(C)=N/O,*N=C(C)[C]([Ni+4])(CC)CC,True,True,False,False,0.32142857142857145,15,10.0,0.0,0.0
CDK_Depict_42_74,CNC1CC1NS,NC1CC1[NH2+]S,CNC1CC1NS,NC1CC1[NH2+]S,True,True,False,False,0.15384615384615385,6,7.0,1.0,2.0
CDK_Depict_42_75,CCCCCCOP(=S)(N)NS(=O)(=O)CCCCCC,CCCCCS(=O)(=O)NP(N)(=S)OC,CCCCCCOP(N)(=S)NS(=O)(=O)CCCCCC,CCCCCS(=O)(=O)NP(N)(=S)OC,True,True,False,False,0.7142857142857143,15,20.0,0.0,1.0
CDK_Depict_42_76,C1=NC(=C(N1)C#N)S,N#Cc1c(S)[nH]C[NH2+]1,N#Cc1[nH]cnc1S,N#CC1=C(S)NC[NH2+]1,True,True,False,False,0.23529411764705882,18,8.0,1.0,0.0
CDK_Depict_42_77,C([SiH3])(SC(=S)N)SSC(=S)N,[NH4+]C(=S)SSC([SiH3])SC(=S)[Nh],NC(=S)SSC([SiH3])SC(N)=S,,True,False,False,False,0.0,20,11.0,0.0,2.0
CDK_Depict_42_78,CC(=C1SCC(S1)CCl)C,Cc(C)c1SCCS1,CC(C)=C1SCC(CCl)S1,,True,False,False,False,0.0,11,10.0,1.0,1.0
CDK_Depict_42_79,CC[Si](OC)(OC)OCCS(=O)[O-],CC[Si](OC)(OC)OCCS(=O)[O-],CC[Si](OC)(OC)OCCS(=O)[O-],CC[Si](OC)(OC)OCCS(=O)[O-],True,True,True,True,1.0,0,13.0,0.0,1.0
CDK_Depict_42_80,CCOC(=C(C(=O)CCC=C=C[C@@H]1COC(O1)(C)C)[N+]#N)O,CCOC(CO)=C([N+]#N)C(=O)CCC=C=C[C@@H]1COC(C)(C)O1,CCOC(O)=C([N+]#N)C(=O)CCC=C=C[C@@H]1COC(C)(C)O1,CCOC(CO)=C([N+]#N)C(=O)CCC=C=C[C@@H]1COC(C)(C)O1,True,True,False,False,0.7857142857142857,22,22.0,1.0,1.0
CDK_Depict_42_81,C(C1(C(=O)OC(=O)O1)F)C(F)(F)F,O=C1OC(=O)C(F)(CC(F)(F)F)O1,O=C1OC(=O)C(F)(CC(F)(F)F)O1,O=C1OC(=O)C(F)(CC(F)(F)F)O1,True,True,True,True,1.0,14,13.0,1.0,1.0
CDK_Depict_42_82,C#CCN(C(=O)CN)[O-],*CC(=O)N([O-])CC#C,C#CCN([O-])C(=O)CN,*CC(=O)N([O-])CC#C,True,True,False,False,0.6296296296296297,12,9.0,0.0,0.0
CDK_Depict_42_83,C(CC(=S)N(CS)CS)C(=S)N(CS)CS,CCN(CS)C(=S)CCC(=S)N(CS)CS,S=C(CCC(=S)N(CS)CS)N(CS)CS,CCN(CS)C(=S)CCC(=S)N(CS)CS,True,True,False,False,0.75,7,16.0,0.0,0.0
CDK_Depict_42_84,CONCC(=N)/C=C\C=C,C=C/C=C\C(=[NH2+])CNOC,C=C/C=C\C(=N)CNOC,C=C/C=C\C(=[NH2+])CNOC,True,True,False,False,0.6129032258064516,15,10.0,0.0,0.0
CDK_Depict_42_85,C(C(CO)(CO)C(N)S(=O)(=O)O)O,NC(C(CO)(CO)CO)S(=O)(=O)O,NC(C(CO)(CO)CO)S(=O)(=O)O,NC(C(CO)(CO)CO)S(=O)(=O)O,True,True,True,True,1.0,5,13.0,0.0,1.0
CDK_Depict_42_86,C1=CC=C(C=C1)COC=C2C(=O)NC(=O)N2,O=C1NC(=O)C(=COCc2ccccc2)N1,O=C1NC(=O)C(=COCc2ccccc2)N1,O=C1NC(=O)C(=COCc2ccccc2)N1,True,True,True,True,1.0,20,16.0,2.0,0.0
CDK_Depict_42_87,COC(C1=CC=CC=C1)(OC2=CC=CC=C2)OOC3=CC=CC=C3,COC(CO)(Oc1ccccc1)c1ccccc1.O,COC(OOc1ccccc1)(Oc1ccccc1)c1ccccc1,COC(CO)(Oc1ccccc1)c1ccccc1.O,True,True,False,False,0.4473684210526316,34,24.0,3.0,1.0
CDK_Depict_42_88,C1=CC=C(C=C1)C#CC2=NN=C(S2)C#CC3=CC=C(C=C3)C#CC4=NN=C(S4)C#CC5=CC=CC=C5,C(#Cc1ccccc1)c1nN=c(C#c2ccc(C#C3nnc(C#Cc4ccccc4)S3)cc2)S1,C(#Cc1nnc(C#Cc2ccc(C#Cc3nnc(C#Cc4ccccc4)s3)cc2)s1)c1ccccc1,,True,False,False,False,0.0,55,36.0,5.0,0.0
CDK_Depict_42_89,CCOC(=O)C(OS(=O)(=O)F)(F)F,CCOC(=O)C(F)(F)F,CCOC(=O)C(F)(F)OS(=O)(=O)F,CCOC(=O)C(F)(F)F,True,True,False,False,0.5555555555555556,10,13.0,0.0,0.0
CDK_Depict_42_90,C[N+](C)(N=NC=C)N=NC=C,C=CN=N[N+](C)(C)[N+]=NC=C,C=CN=N[N+](C)(C)N=NC=C,C=CN=N[N+](C)(C)[N+]=NC=C,True,True,False,False,0.4782608695652174,13,11.0,0.0,0.0
CDK_Depict_42_91,CC(C)[N+]1=NOC(=C1)NP(=O)(Cl)Cl,CC(C)[n+]1cc(NP(=O)(Cl)Cl)on1,CC(C)[n+]1cc(NP(=O)(Cl)Cl)on1,CC(C)[n+]1cc(NP(=O)(Cl)Cl)on1,True,True,True,True,1.0,13,13.0,1.0,0.0
CDK_Depict_42_92,C#CC1CP(OC1C(F)(F)F)O,C#CC1Cp(O)oC1C(F)(F)F,C#CC1CP(O)OC1C(F)(F)F,C#CC1CP(O)OC1C(F)(F)F,True,True,True,True,1.0,5,12.0,1.0,3.0
CDK_Depict_42_93,CC(C)CC1=CN=C(C=C1)N2N=C(N2C)/N=C/N(C)C,CC(C)Cc1ccc(N2N=c(N=CN(C)C)N2C)[nH]c1,CC(C)Cc1ccc(-n2nc(/N=C/N(C)C)n2C)nc1,,True,False,False,False,0.0,25,20.0,2.0,0.0
CDK_Depict_42_96,C/C(=C\OC)/CCC(=O)N,*C(=C)CC/C(C)=C/COCC,CO/C=C(\C)CCC(N)=O,*C(=C)CC/C(C)=C/COCC,True,True,False,False,0.23076923076923078,12,10.0,0.0,0.0
CDK_Depict_42_97,C1C(CN1)(C2=C(C=CS2)Cl)F,FC1(c2sccc2Cl)CNC1,FC1(c2sccc2Cl)CNC1,FC1(c2sccc2Cl)CNC1,True,True,True,True,1.0,17,11.0,2.0,0.0
CDK_Depict_42_98,CC(C)(C)S(=O)(=O)CCC1CSCC1Cl,*C1CSCC1CCS(C)(=O)=O,CC(C)(C)S(=O)(=O)CCC1CSCC1Cl,*C1CSCC1CCS(C)(=O)=O,True,True,False,False,0.42105263157894735,19,15.0,1.0,2.0
CDK_Depict_42_99,C[N+]1=C(C(CC(C1N)C(F)(F)F)Cl)OCC#C,C#CCSc1c(Cl)cc(C(F)(F)F)C([NH3+])[nH+]1C,C#CCOC1=[N+](C)C(N)C(C(F)(F)F)CC1Cl,C#CCSC1=C(Cl)C=C(C(F)(F)F)C([NH3+])[NH+]1C,True,True,False,False,0.20634920634920634,28,17.0,1.0,3.0
CDK_Depict_42_100,C1CON=C1N(C(=O)O)SS(=O)(=O)C2=CC=CC=N2,O=C([Ho])N(SS(=O)(=O)c1ccccn1)C1=NOCC1,O=C(O)N(SS(=O)(=O)c1ccccn1)C1=NOCC1,O=[C]([Ho])N(SS(=O)(=O)c1ccccn1)C1=NOCC1,True,True,False,False,0.8,26,19.0,2.0,0.0
CDK_Depict_44_1,C1C2CC3CC1CC(C2)(C3)C(C4=CC=C[Se]4)(C56CC7CC(C5)CC(C7)C6)O,C1CCC1.CC1CCCC(C)C1.CCCCC,OC(c1ccc[se]1)(C12CC3CC(CC(C3)C1)C2)C12CC3CC(CC(C3)C1)C2,C1CCC1.CC1CCCC(C)C1.CCCCC,True,True,False,False,0.06666666666666667,38,27.0,9.0,9.0
CDK_Depict_44_4,C(C(C(O)(I)I)(I)I)I,CC.CCC(C)C,OC(I)(I)C(I)(I)CI,CC.CCC(C)C,True,True,False,False,0.047619047619047616,14,9.0,0.0,0.0
CDK_Depict_44_5,CC(N(SC(F)(Cl)Cl)S(=O)(=O)O)Cl,*C(C)(C#N)SN(CC#C)S(=O)(=O)O,CC(Cl)N(SC(F)(Cl)Cl)S(=O)(=O)O,*C(C)(C#N)SN(CC#C)S(=O)(=O)O,True,True,False,False,0.2391304347826087,14,13.0,0.0,1.0
CDK_Depict_44_6,C[Si](C)(C)[Si]C1CCCCC1,[SiH2-][ScH2+]C1CCCCC1,C[Si](C)(C)[Si]C1CCCCC1,[SiH2-][ScH2+][CH]1CCCCC1,True,True,False,False,0.24,11,11.0,1.0,0.0
CDK_Depict_44_7,C/C(=C/C(=O)C)/O[I-]I,CC(=O)/C=C(/C)O[IH],CC(=O)/C=C(/C)O[I-]I,CC(=O)/C=C(/C)O[IH],True,True,False,False,0.48,10,9.0,0.0,0.0
CDK_Depict_44_8,CCC(C)/C(=C\N(C)C(C=C)C(C)C)/S,C/C=C(/S)C(C)CC.C=CC(C)C(C)C,C=CC(C(C)C)N(C)/C=C(/S)C(C)CC,C/C=C(/S)C(C)CC.C=CC(C)C(C)C,True,True,False,False,0.5,15,15.0,0.0,2.0
CDK_Depict_44_9,CNC(/C(=C/C(=O)OC)/N)[OH2+],COC(=O)CC(N)C(C)O,CNC([OH2+])/C(N)=C/C(=O)OC,COC(=O)CC(N)C(C)O,True,True,False,False,0.23684210526315788,17,11.0,0.0,1.0
CDK_Depict_44_10,CN(C(=O)Cl)C(C(=O)OC)(Br)Br,*C(*)(NC(=O)Cl)C(=O)OC,COC(=O)C(Br)(Br)N(C)C(=O)Cl,*C(*)(NC(=O)Cl)C(=O)OC,True,True,False,False,0.375,14,12.0,0.0,0.0
CDK_Depict_44_11,CNC(C=NC)C=O,CNC(C=N)C=O,CN=CC(C=O)NC,CNC(C=N)C=O,True,True,False,False,0.5,1,8.0,0.0,1.0
CDK_Depict_44_14,CC(C)[C@@H](C(=O)N=S(=O)=O)N,CC[C@H](N)C(=O)Ns(=O)=O,CC(C)[C@H](N)C(=O)N=S(=O)=O,,True,False,False,False,0.0,10,11.0,0.0,1.0
CDK_Depict_44_15,C1[C@H](OC=C1Cl)[C@@H](C(=O)O)N,CC1COC(C(N)C(=O)O)C1,N[C@H](C(=O)O)[C@@H]1CC(Cl)=CO1,CC1COC(C(N)C(=O)O)C1,True,True,False,False,0.38461538461538464,19,11.0,1.0,2.0
CDK_Depict_44_16,CCCCCC(OP(C1=CC=CC=C1)OC(CCCCC)[P+](=O)CCCOCCC)[P+](=O)CCCOCCC,CCCCCC(CC(OC(CCCCC)[P+](=O)CCCOCCCC)C1ccccc1)[P+](=O)CCCOCCC,CCCCCC(OP(OC(CCCCC)[P+](=O)CCCOCCC)c1ccccc1)[P+](=O)CCCOCCC,,True,False,False,False,0.0,23,39.0,1.0,5.0
CDK_Depict_44_17,CN1CN(S1(=O)=O)C,CN1CNS(C)(=O)=O,CN1CN(C)S1(=O)=O,,True,False,False,False,0.0,5,8.0,1.0,0.0
CDK_Depict_44_19,CCCC(=NCCNCCN)CP(=O)(CC(=NCCNCCN)CCC)CC(=NCCNCCN)CCC,*NCCNCCN=C(CCC)CCCC(=O)C(CCCC)CN(CCCC(CCC)=NCCNCCN*)CCC(CCC)=NCC[NH2+]CCN,CCCC(CP(=O)(CC(CCC)=NCCNCCN)CC(CCC)=NCCNCCN)=NCCNCCN,*NCCNCCN=C(CCC)CCCC(=O)C(CCCC)CN(CCCC(CCC)=NCCNCCN*)CCC(CCC)=NCC[NH2+]CCN,True,True,False,False,0.34285714285714286,36,38.0,0.0,1.0
CDK_Depict_44_20,CC1=CC(=C([N+](=C1)[O-])Cl)[N+](=O)[O-],CC.CC.CN(=O)c1cccn(=O)c1,Cc1cc([N+](=O)[O-])c(Cl)[n+]([O-])c1,,True,False,False,False,0.0,25,12.0,1.0,0.0
CDK_Depict_44_21,CC=COC(=C)C1=CC=NO1,CCCCCC1CC=NO1,C=C(OC=CC)c1ccno1,CCCCCC1CC=NO1,True,True,False,False,0.08,6,11.0,1.0,0.0
CDK_Depict_44_22,CCCCC(CCCN)/C=C(/C(=NCC)N(C)C)\SC=O,CCCCC(C)C=C(C)SC=O.N,CCCCC(/C=C(\SC=O)C(=NCC)N(C)C)CCCN,CCCCC(C)C=C(C)SC=O.N,True,True,False,False,0.35294117647058826,19,21.0,0.0,1.0
CDK_Depict_44_23,[2H]C([2H])([2H])C(/C=C/C1=CC=C(C=C1)C)(C([2H])([2H])[2H])O[2H],CCC(C)(/C=C\C1CCCCC1)C(C)(C)C,[2H]OC(/C=C/c1ccc(C)cc1)(C([2H])([2H])[2H])C([2H])([2H])[2H],CCC(C)(/C=C\C1CCCCC1)C(C)(C)C,True,True,False,False,0.08333333333333333,40,20.0,1.0,0.0
CDK_Depict_44_24,C1CN(C=C1)P(=O)(SN)SN,CCN.CS,NSP(=O)(SN)N1C=CCC1,CCN.CS,True,True,False,False,0.03333333333333333,16,11.0,1.0,0.0
CDK_Depict_44_25,C(C/C=C/CC(F)(F)F)CNSI,CC.CCCC(C)C.CSC,FC(F)(F)C/C=C/CCCNSI,CC.CCCC(C)C.CSC,True,True,False,False,0.05128205128205128,12,13.0,0.0,0.0
CDK_Depict_44_26,C1CCN(CC1)CC(=C(C#N)C#N)N=S2CCCC2,C1CCCC1.N[SH]1CCCCC1,N#CC(C#N)=C(CN1CCCCC1)N=S1CCCC1,C1CCCC1.N[SH]1CCCCC1,True,True,False,False,0.07692307692307693,21,19.0,2.0,0.0
CDK_Depict_44_27,CC(=C)C(=O)OCCC1=C(C(=NNN1NC)Cl)Cl,CCC.CCC1CC(C)CN(C)N1,C=C(C)C(=O)OCCC1=C(Cl)C(Cl)=NNN1NC,CCC.CCC1CC(C)CN(C)N1,True,True,False,False,0.06779661016949153,21,18.0,1.0,0.0
CDK_Depict_44_28,[2H]C([2H])([2H])C([2H])(C)C[C@H](CC)C(=O)NCCC(C)C,CC[C@H](CC(C)C(C)(C)C)C(=O)N(C)CCCC(C)C,[2H]C([2H])([2H])C([2H])(C)C[C@H](CC)C(=O)NCCC(C)C,CC[C@H](CC(C)C(C)(C)C)C(=O)N(C)CCCC(C)C,True,True,False,False,0.3,26,19.0,0.0,2.0
CDK_Depict_44_30,B(C(C)C)(C(C)C)C(Cl)Cl,C.CC,CC(C)B(C(C)C)C(Cl)Cl,C.CC,True,True,False,False,0.07142857142857142,19,10.0,0.0,0.0
CDK_Depict_44_31,C1NCNC(N1)C2SCSCS2,C.CC.CC,C1NCNC(C2SCSCS2)N1,C.CC.CC,True,True,False,False,0.0,13,12.0,2.0,0.0
CDK_Depict_44_33,CC(/C=C(\C)/NC)OC(C)F,CNC(C)CC(C)OC(C)C,CN/C(C)=C/C(C)OC(C)F,CNC(C)CC(C)OC(C)C,True,True,False,False,0.2,9,11.0,0.0,2.0
CDK_Depict_44_34,CP(C)(C)(SC)I,CC.CC,CSP(C)(C)(C)I,CC.CC,True,True,False,False,0.09090909090909091,9,7.0,0.0,0.0
CDK_Depict_44_35,C1CC=C(C=C1)COCCCC2CC(=NO2)C(=O)N=O,CC1ccCCc1.CCCCC(CC)ONCC(=O)N=O,O=NC(=O)C1=NOC(CCCOCC2=CCCC=C2)C1,CC1C=CCCC1.CCCCC(CC)ONCC(=O)N=O,True,True,False,False,0.189873417721519,15,20.0,2.0,1.0
CDK_Depict_44_37,B(C1=CC=CC=C1COC2CC(CCO2)OC3=CC=C(C=C3)C#N)(O)O,CCCCCCCCCCCCCCCCCCCCCCCCCCCCCCCCCCCCCCCCCCCCCCCCCCCCCCCCCCCCCCCCCCCCCCCCCCCCCCCCCCCCCCCCCCCCCCCCCCCCCCCCCCCCCCCCCCCCCCCCCCCCCCCCCCCC)CCCCCCCCCCCCCCCCCCCCCCCCCCCCCCCCCCCCCCCCCCCCCCCCCCCCCCCCCCCCCCCCCCCCCCCCCCCCC,N#Cc1ccc(OC2CCOC(OCc3ccccc3B(O)O)C2)cc1,,True,False,False,False,0.0,190,26.0,3.0,2.0
CDK_Depict_44_38,C(C(F)(F)F)N1N=C(N=N1)C(=O)N,CC.CC.CC.CC.CC.CC.CC.CC.CC.CC.CC.CC.CC.CC.CC.CC.CC.CC.CC.CC.CC.CC.CC.CC.CC.CC.CC.CC.CC.CC.CC.CC.CC.CC.CC.CC.CC.CC.CC.CC.CC.CC.CC.CC.CC.CC.CC.CC.CC.CC.CCC.CCC.CCC.CCC.CCC.CCC.CCC.CCC.CCC.CCC.CCC.CCC.CCCC,NC(=O)c1nnn(CC(F)(F)F)n1,CC.CC.CC.CC.CC.CC.CC.CC.CC.CC.CC.CC.CC.CC.CC.CC.CC.CC.CC.CC.CC.CC.CC.CC.CC.CC.CC.CC.CC.CC.CC.CC.CC.CC.CC.CC.CC.CC.CC.CC.CC.CC.CC.CC.CC.CC.CC.CC.CC.CC.CCC.CCC.CCC.CCC.CCC.CCC.CCC.CCC.CCC.CCC.CCC.CCC.CCCC,True,True,False,False,0.029411764705882353,198,13.0,1.0,0.0
CDK_Depict_44_39,CC(CC(CC(=O)N)C(=O)N)(CSSCC(C)(CC(CC(=O)NC)C(=O)NC)Cl)Cl,*N(C)C(=O)CC(CC(C)(C)CC)C(N)=O.CCC(CC(C)CC(C)(C)CC(CC(C)N)C(N)=O)CC(C)(C)C,CNC(=O)CC(CC(C)(Cl)CSSCC(C)(Cl)CC(CC(N)=O)C(N)=O)C(=O)NC,*N(C)C(=O)CC(CC(C)(C)CC)C(N)=O.CCC(CC(C)CC(C)(C)CC(CC(C)N)C(N)=O)CC(C)(C)C,True,True,False,False,0.2191780821917808,36,30.0,0.0,4.0
CDK_Depict_45_1,CC(C)(C)C(=NCC=O)CN(C)S(=O)(=O)N(C)C,CNS(=O)(=O)NCC(=NCCO)C(C)(C)C,CN(C)S(=O)(=O)N(C)CC(=NCC=O)C(C)(C)C,CNS(=O)(=O)NCC(=NCCO)C(C)(C)C,True,True,False,False,0.2708333333333333,20,18.0,0.0,0.0
CDK_Depict_45_5,CCC[C@@H](C(=O)C#CO)N[C@@H](C)C(=O)Cl,*C(=O)[C@H](C)N[C@@H](CCC)C(=O)C#C[O-2],CCC[C@H](N[C@@H](C)C(=O)Cl)C(=O)C#CO,,True,False,False,False,0.0,23,15.0,0.0,2.0
CDK_Depict_45_6,CC(=O)ON/C(=N/[As]=CC1=CC(=C(C=C1)F)Cl)/N,*C1=C(F)C=Cc(/C=[As]/N=C(/NOC(C)=O)[NH2+]C)c1,CC(=O)ON/C(N)=N/[As]=Cc1ccc(F)c(Cl)c1,*c1cc(/C=[As]/N=C(/NOC(C)=O)[NH2+]C)ccc1F,True,True,False,False,0.5454545454545454,32,18.0,1.0,1.0
CDK_Depict_45_7,C/C(=C\C(=C(/N)\N[C@@H]1CCCC([C@@H]1N)(F)F)\F)/C#N,C*/C(N[C@@H]1CCCC(F)(F)[C@@]1(C)N)=C(F)\C=C(/C)C#N,C/C(C#N)=C\C(F)=C(/N)N[C@@H]1CCCC(F)(F)[C@@H]1N,C*/C(N[C@@H]1CCCC(F)(F)[C@@]1(C)N)=C(F)\C=C(/C)C#N,True,True,False,False,0.4576271186440678,31,19.0,1.0,2.0
CDK_Depict_45_8,C=CCN=C1N=NCS1,C=CCN=C1NNCS1,C=CCN=C1N=NCS1,C=CCN=C1NNCS1,True,True,False,False,0.4,1,9.0,1.0,0.0
CDK_Depict_45_9,CC(=O)OCC1=NC2=C(CN=C2I)N=C1Cl,*c1ncc2nc([Cd])c(COCC)Nc12,CC(=O)OCc1nc2c(nc1Cl)CN=C2I,*c1ncc2n[c]([Cd])c(COCC)[nH]c1-2,True,True,False,False,0.1076923076923077,24,16.0,2.0,0.0
CDK_Depict_45_10,CCC#CNCC1(CC1CCC(=O)C2CSC(N2)C3CCC(CC3Cl)Cl)CC,*C1CC(C)CCC1C1NC(C(=O)CCC2CC2(CC)C[NH+]([H])C#CCC)CS1,CCC#CNCC1(CC)CC1CCC(=O)C1CSC(C2CCC(Cl)CC2Cl)N1,*C1CC(C)CCC1C1NC(C(=O)CCC2CC2(CC)C[NH2+]C#CCC)CS1,True,True,False,False,0.5384615384615384,29,28.0,3.0,7.0
CDK_Depict_45_11,CCCCCC1(CC(CC(C1)(C)C)C)N(C(=O)S)NC(=S)OC2=CC=CC=C2,C1CCCCC2(N(NC(Oc3ccccc3)=S)C(S)=O)CC(C)(C)CC(C)C2,CCCCCC1(N(NC(=S)Oc2ccccc2)C(=O)S)CC(C)CC(C)(C)C1,,True,False,False,False,0.0,30,28.0,2.0,2.0
CDK_Depict_45_12,C1=CC=C(C=C1)SSC(C(C(F)(F)F)(F)F)(F)F,FC(F)C(F)(F)C(F)(F)SSc1ccccc1,FC(F)(F)C(F)(F)C(F)(F)SSc1ccccc1,FC(F)C(F)(F)C(F)(F)SSc1ccccc1,True,True,False,False,0.6,26,18.0,1.0,0.0
CDK_Depict_45_13,CCOC(OCC)P(O)O[Si](C)(C)C,CCOC(OCC)PO[Si](C)(C)C,CCOC(OCC)P(O)O[Si](C)(C)C,CCOC(OCC)PO[Si](C)(C)C,True,True,False,False,0.36666666666666664,3,14.0,0.0,1.0
CDK_Depict_45_14,CCOC(=O)C(C)SC(=O)OC1=CC=CC=C1,CCOC(=O)C(C)SC(=O)Oc1ccccc1,CCOC(=O)C(C)SC(=O)Oc1ccccc1,CCOC(=O)C(C)SC(=O)Oc1ccccc1,True,True,True,True,1.0,9,17.0,1.0,1.0
CDK_Depict_45_15,C(C#N)C(=O)C(=C(C(=O)C#N)Cl)Cl,N#CCC(=O)C(Cl)=C([Cd])C(=O)C#N,N#CCC(=O)C(Cl)=C(Cl)C(=O)C#N,N#CCC(=O)C(Cl)=[C]([Cd])C(=O)C#N,True,True,False,False,0.7037037037037037,19,13.0,0.0,0.0
CDK_Depict_45_16,CCOC(CS(=O)OC)OCC,CCOC(CS(=O)OC)OCC,CCOC(CS(=O)OC)OCC,CCOC(CS(=O)OC)OCC,True,True,True,True,1.0,0,12.0,0.0,1.0
CDK_Depict_45_17,C#CC1=COC(C1)S,C#Cc1cc(S)OC=1,C#CC1=COC(S)C1,C#Cc1coc(S)c1,True,True,False,False,0.2727272727272727,10,8.0,1.0,1.0
CDK_Depict_45_18,CC(C)(C)OC(=O)C[C@@H](C#CS(=O)(=O)C)N,C[C@H](C#C*(C)(=O)=O)CC(=O)OC(C)(C)C,CC(C)(C)OC(=O)C[C@H](N)C#CS(C)(=O)=O,C[C@H](C#C*(C)(=O)=O)CC(=O)OC(C)(C)C,True,True,False,False,0.42857142857142855,25,16.0,0.0,1.0
CDK_Depict_45_19,C1=CN2C(=CN[Se]2)C=C1Cl,CC.Cc1ccn2c(c[nH]*2)c1,ClC1=CC2=CN[Se]N2C=C1,CC.CC1=CC2=CN*N2C=C1,True,True,False,False,0.21428571428571427,19,10.0,2.0,0.0
CDK_Depict_45_20,C1=CNC(=C1)C(C2=C(C=CC(=C2)Br)I)O,[1*]c1ccc(I)c(C(O)c2cC=CN2)c1,OC(c1ccc[nH]1)c1cc(Br)ccc1I,[1*]c1ccc(I)c(C(O)c2ccc[nH]2)c1,True,True,False,False,0.6842105263157895,26,15.0,2.0,1.0
CDK_Depict_45_21,CC1CC(NN1)N2C=C(N=N2)N,CC1CC(N2cc(N)N=N2)[nH]CN1,CC1CC(n2cc(N)nn2)NN1,CC1CC(n2cc(N)nn2)NCN1,True,True,False,False,0.6756756756756757,15,12.0,2.0,2.0
CDK_Depict_45_22,CC(C)C1=CN=C(N1)NC(=O)CCC2=NN=C(C2)CC3=CC=CC=C3,CC(C)C1=CN=C(NC(=O)CCC2=NN=c(Cc3ccccc3)C2)N1,CC(C)c1cnc(NC(=O)CCC2=NN=C(Cc3ccccc3)C2)[nH]1,CC(C)c1cnc(NC(=O)CCC2=NN=C(Cc3ccccc3)C2)[nH]1,True,True,True,True,1.0,17,25.0,3.0,0.0
CDK_Depict_45_23,CN1C(N(C(=N)C1=O)C=O)C(Cl)(Cl)Cl,CN1C(=O)C(=[W])N(C=O)C1C(Cl)(Cl)Cl,CN1C(=O)C(=N)N(C=O)C1C(Cl)(Cl)Cl,CN1C(=O)[C](=[W])N(C=O)C1C(Cl)(Cl)Cl,True,True,False,False,0.6470588235294118,12,14.0,1.0,1.0
CDK_Depict_45_24,CC(=CCC1=C([N+](C=N1)(C)C)/C=C/C(=O)OC)C,COC(=O)C=Cc1c(CC=C(C)C)[nH]c[n+]1(C)C,COC(=O)/C=C/C1=C(CC=C(C)C)N=C[N+]1(C)C,,True,False,False,False,0.0,24,18.0,1.0,0.0
CDK_Depict_45_25,COCCOC(=O)NC1=CC=CC(=C1)NC(=O)C2CC2[N+](=O)[O-],COCCOC(=O)Nc1cccc(NC(=O)C2CC2N(C)=O)c1,COCCOC(=O)Nc1cccc(NC(=O)C2CC2[N+](=O)[O-])c1,,True,False,False,False,0.0,19,23.0,2.0,2.0
CDK_Depict_45_26,CCO/C(=C(\C(=C)OSC1CCC2CC2C1)/I)/I,C=C(OSC1CCCCCCCCCCCCCCCC)/C(I)=C(/I)CCCCCCCCCCCCCCCCCCCCCCCCCCCCCCCCCCCCCCCCCCCCCCCCCCCCCCCCCCCCCCCCCCCCCCCCCCCCCCCCCCCCCCCCCCCCCCCCCCCC)CCCCCCCCCCCCCCCCC)C)CCCCCCCCCCCCCCCCCCC,C=C(OSC1CCC2CC2C1)/C(I)=C(/I)OCC,,True,False,False,False,0.0,156,18.0,2.0,3.0
CDK_Depict_45_27,CNC1CC(CCN1CCCC#CC2=C(C=CC(=C2)Cl)Cl)N(CC=O)C(=O)O,[2H]C(=O)N(CC=O)C1CCN(CCCC#Cc2cc(Cl)ccc2Cl)C([NH2+]C)C1,CNC1CC(N(CC=O)C(=O)O)CCN1CCCC#Cc1cc(Cl)ccc1Cl,[2H]C(=O)N(CC=O)C1CCN(CCCC#Cc2cc(Cl)ccc2Cl)C([NH2+]C)C1,True,True,False,False,0.5714285714285714,37,28.0,2.0,2.0
CDK_Depict_45_28,CC(C)(CCC1=NNN=C1)NS(=O)(=O)C,CC(C)(CCc1c=NNn1)NS(C)(=O)=O,CC(C)(CCc1cn[nH]n1)NS(C)(=O)=O,,True,False,False,False,0.0,9,15.0,1.0,0.0
CDK_Depict_45_29,CCOC(=O)CSCCN=C1C=CC2=NCCN2N1,CCOC(=O)CSCCN=C1C=CC2=NCCN2N1,CCOC(=O)CSCCN=C1C=CC2=NCCN2N1,CCOC(=O)CSCCN=C1C=CC2=NCCN2N1,True,True,True,True,1.0,0,19.0,2.0,0.0
CDK_Depict_45_30,CCCCCCC(=O)OCSC1=NNN=C1,CCCCCCC(=O)OCSc1c=NNN=1,CCCCCCC(=O)OCSc1cn[nH]n1,,True,False,False,False,0.0,3,16.0,1.0,0.0
CDK_Depict_45_31,CC(=O)C1C=CC=NO1,CC(=O)C1cccno1,CC(=O)C1C=CC=NO1,CC(=O)C1C=CC=NO1,True,True,True,True,1.0,7,9.0,1.0,1.0
CDK_Depict_45_32,CCOC(=S)SCC(=O)N(CC#C)CC(=O)NC(C)(C)C,C#CCN(CC(=O)NC(C)(C)C)C(=O)CSC(=S)OCCl,C#CCN(CC(=O)NC(C)(C)C)C(=O)CSC(=S)OCC,C#CCN(CC(=O)NC(C)(C)C)C(=O)CSC(=S)OCCl,True,True,False,False,0.8297872340425532,18,21.0,0.0,0.0
CDK_Depict_45_33,CNC1(OC(=O)C(=O)O1)C(=O)N(C)C,CNC1(C(=O)N(C)C)OC(=O)C(=O)O1,CNC1(C(=O)N(C)C)OC(=O)C(=O)O1,CNC1(C(=O)N(C)C)OC(=O)C(=O)O1,True,True,True,True,1.0,12,14.0,1.0,0.0
CDK_Depict_45_34,CCOC1=NN=C(O1)NC#N,CCOc1nnc(NC#N)o1,CCOc1nnc(NC#N)o1,CCOc1nnc(NC#N)o1,True,True,True,True,1.0,12,11.0,1.0,0.0
CDK_Depict_45_35,C1=C(C=NC(=C1[Se]C2=C(N=CC(=C2)Br)Br)Br)Br,Cc1c([S-])ncc([S-])c1[Se-]c1c([Se-]c2cc([S-])cnc2[S-])cc([S-])c[Se-]1,Brc1cnc(Br)c([Se]c2cc(Br)cnc2Br)c1,,True,False,False,False,0.0,56,17.0,2.0,0.0
CDK_Depict_45_36,C1C2=C(C=NNC=C2)OC1=O,O=C1Cc2cc[nH]ncC2O1,O=C1CC2=C(C=NNC=C2)O1,,True,False,False,False,0.0,16,11.0,2.0,0.0
CDK_Depict_45_37,CCN(C(=C)C1=NC(=CC=C=C1)Br)/N=C/C(OC)OC,*c1cc=ccc(C(=C)N(CC)/N=C/C(OC)OC)n1,C=C(C1=NC(Br)=CC=C=C1)N(CC)/N=C/C(OC)OC,,True,False,False,False,0.0,23,20.0,1.0,0.0
CDK_Depict_45_38,COC(=O)/C(=C/C(C1=CC=C(C=C1)Cl)N=[N+]=[N-])/N=[N+]=[N-],C#Cc1ccc(C(/C=C(\N=[N+]=[N-])C(=O)OC)N=[N+]=[N-])cc1,COC(=O)/C(=C/C(N=[N+]=[N-])c1ccc(Cl)cc1)N=[N+]=[N-],C#Cc1ccc(C(/C=C(\N=[N+]=[N-])C(=O)OC)N=[N+]=[N-])cc1,True,True,False,False,0.7446808510638298,34,20.0,1.0,1.0
CDK_Depict_45_39,C1=CC=C(C(=C1)[P+](=S)S)Cl,S=[P+](S)c1ccccc1Cl,S=[P+](S)c1ccccc1Cl,S=[P+](S)c1ccccc1Cl,True,True,True,True,1.0,21,10.0,1.0,1.0
CDK_Depict_45_40,C/1(=N\O)\C(=O)C(=NC1=O)C(=O)O,CC(=O)C1=NC(=O)C(=NO)C1=O,O=C(O)c1nc(=O)/c(=N/O)c1=O,CC(=O)c1nc(=O)c(=NO)c1=O,True,True,False,False,0.6785714285714286,14,12.0,1.0,0.0
CDK_Depict_45_41,COC1C=CN(C(N1[N+](=O)[O-])OC)[N+](=O)[O-],COC1ccN([N+]([NH-])=O)C(OC)N1[N+](=O)[O-],COC1C=CN([N+](=O)[O-])C(OC)N1[N+](=O)[O-],COC1C=CN([N+]([NH-])=O)C(OC)N1[N+](=O)[O-],True,True,False,False,0.7941176470588235,18,16.0,1.0,2.0
CDK_Depict_45_43,CCCCCCCCCCS(=O)(=O)CC(=O)NNC1=CC=C(C=C1)Cl,CCCCCCCCCCS(=O)(=O)CC(=O)NNc1=CC=C(Cl)C=C1,CCCCCCCCCCS(=O)(=O)CC(=O)NNc1ccc(Cl)cc1,CCCCCCCCCCS(=O)(=O)CC(=O)NNc1ccc(Cl)cc1,True,True,True,True,1.0,6,25.0,1.0,0.0
CDK_Depict_45_44,CC/C=C\C/C=C\C/C=C\C=C\C=C\[C@H]([C@H](CCCC(=O)O)O)C(=O)CNSC[C@H](C(=O)O)N,CC/C=C\C/C=C\C/C=C\C=C\C=C\[C@@H](C(CNSC[C@@H](NC)C(O)=O)=O)[C@@H](O)CCCC(O)=O)C=C\C=C\C=C/C/C=C\C/C=C\CC,CC/C=C\C/C=C\C\C=C/C=C/C=C/[C@@H](C(=O)CNSC[C@@H](N)C(=O)O)[C@@H](O)CCCC(=O)O,,True,False,False,False,0.0,46,34.0,0.0,3.0
CDK_Depict_45_45,C1COCCN1C(C(C(F)(F)F)C(F)(F)F)(O)F,*C(F)(C(C(F)(F)F)C(F)(F)F)N1CCOCC1,OC(F)(C(C(F)(F)F)C(F)(F)F)N1CCOCC1,*C(F)(C(C(F)(F)F)C(F)(F)F)N1CCOCC1,True,True,False,False,0.5862068965517241,15,18.0,1.0,1.0
CDK_Depict_45_46,CC1=NC(CC1=O)(C)CNCCNC(=S)NC,CNC(=S)NCCNCC1(C)CC(=O)C(C)=N1,CNC(=S)NCCNCC1(C)CC(=O)C(C)=N1,CNC(=S)NCCNCC1(C)CC(=O)C(C)=N1,True,True,True,True,1.0,18,17.0,1.0,1.0
CDK_Depict_45_47,C1=C(C=C(C=C1NCCC2=NC=NO2)F)N,C/N=C\N=C(O)CCNc1cc(I)cc([NH2+]C)c1,Nc1cc(F)cc(NCCc2ncno2)c1,C/N=C\N=C(O)CCNc1cc(I)cc([NH2+]C)c1,True,True,False,False,0.15625,24,16.0,2.0,0.0
CDK_Depict_45_48,CC(C)(C)C1=CC=C(C=C1)CSC(=S)NCC2=CC(=C(C=C2)NSOC)F,CSNc1ccc(CNC(=S)SCc2ccc(C(C)(C)C)c2)cc1F,COSNc1ccc(CNC(=S)SCc2ccc(C(C)(C)C)cc2)cc1F,,True,False,False,False,0.0,34,27.0,2.0,0.0
CDK_Depict_45_49,C[C@@H](C([C@](C)(CO)NN)S)C(F)(F)F,*C[C@](C)(N*)C(S)[C@H](C)C(F)(F)F,C[C@@H](C(S)[C@](C)(CO)NN)C(F)(F)F,*C[C@](C)(N*)C(S)[C@H](C)C(F)(F)F,True,True,False,False,0.5142857142857142,16,14.0,0.0,3.0
CDK_Depict_45_50,CC(=C)C(=O)OC1C[C@H](NC1)C(=O)[Si](OC)(OC)OC,C=C(C)C(=O)OC1C[NH2+][C@H](C(=O)[Si](OC)(OC)OC)C1,C=C(C)C(=O)OC1CN[C@H](C(=O)[Si](OC)(OC)OC)C1,C=C(C)C(=O)OC1C[NH2+][C@H](C(=O)[Si](OC)(OC)OC)C1,True,True,False,False,0.5555555555555556,15,20.0,1.0,2.0
CDK_Depict_45_51,C1=C(N=NS1)C2=NC(=NO2)I,IC1=NOC(c2CSN=N2)=N1,Ic1noc(-c2csnn2)n1,Ic1noc(C2CSN=N2)n1,True,True,False,False,0.27906976744186046,16,11.0,2.0,0.0
CDK_Depict_45_52,C1CS1=NC#N,N#CN=S1CC1,N#CN=S1CC1,N#CN=S1CC1,True,True,True,True,1.0,8,6.0,1.0,0.0
CDK_Depict_45_53,C(C(=O)O)NP=O,O=PNCC(=O)O,O=PNCC(=O)O,O=PNCC(=O)O,True,True,True,True,1.0,10,7.0,0.0,1.0
CDK_Depict_45_56,CC[C@H]1C=C[C@H](O1)CN=O,CC[C@H]1C=C[C@@H](CN=O)O1,CC[C@H]1C=C[C@@H](CN=O)O1,CC[C@H]1C=C[C@@H](CN=O)O1,True,True,True,True,1.0,7,10.0,1.0,2.0
CDK_Depict_45_57,CNN(C(=O)O)N=O,CNN(N=O)C(=O)O,CNN(N=O)C(=O)O,CNN(N=O)C(=O)O,True,True,True,True,1.0,7,8.0,0.0,0.0
CDK_Depict_45_58,CCCCOP(=O)(CC(=NP(=O)(OCC(C)C)OCC(C)C)N(CC)CC)OCCCC,CCCCO[PH](=O)(=NP(OCC(C)C)OCC(C)C)OCCCC,CCCCOP(=O)(CC(=NP(=O)(OCC(C)C)OCC(C)C)N(CC)CC)OCCCC,,True,False,False,False,0.0,18,32.0,0.0,0.0
CDK_Depict_45_59,C1CCC(C(C1)C(=O)C2CCC(CC2)SC3CCC(CC3)[S+](C4CCC(CC4)F)C5CCC(CC5)F)Cl,C#CC1CCCCC1C(=O)C1CCC(SC2CCC([S+](C3CCC(F)CC3)C3CCC(F)CC3)CC2)CC1,O=C(C1CCC(SC2CCC([S+](C3CCC(F)CC3)C3CCC(F)CC3)CC2)CC1)C1CCCCC1Cl,C#CC1CCCCC1C(=O)C1CCC(SC2CCC([S+](C3CCC(F)CC3)C3CCC(F)CC3)CC2)CC1,True,True,False,False,0.7045454545454546,30,37.0,5.0,11.0
CDK_Depict_45_60,CC(N)S(=O)(=O)C(C)O,*C(C)S(=O)(=O)C(C)O,CC(N)S(=O)(=O)C(C)O,*C(C)S(=O)(=O)C(C)O,True,True,False,False,0.5238095238095238,2,9.0,0.0,2.0
CDK_Depict_45_61,C1=CN2C(=CN=N2)C=NN1,C1=CN2nNcc2C=NN1,C1=Cn2nncc2C=NN1,c1cn2[nH][nH]cc-2cn[nH]1,True,True,False,False,0.13636363636363635,7,10.0,2.0,0.0
CDK_Depict_45_62,CC(C)OP(=O)(CS[C@H]1CO[C@H]2[C@@H]1OC(O2)(C)C)OC(C)C,[H][C@@]12OC[C@H](SCP(=O)(OC(C)C)OC(C)C)[C@@]1([H])OC(C)(C)O2,CC(C)OP(=O)(CS[C@H]1CO[C@@H]2OC(C)(C)O[C@@H]21)OC(C)C,CC(C)OP(=O)(CS[C@H]1CO[C@H]2OC(C)(C)O[C@@H]21)OC(C)C,True,True,False,True,1.0,42,22.0,2.0,3.0
CDK_Depict_45_63,CN(C)OC(CCNO)O,CN(C)OC(O)CCNO,CN(C)OC(O)CCNO,CN(C)OC(O)CCNO,True,True,True,True,1.0,4,10.0,0.0,1.0
CDK_Depict_45_64,[2H]C(=C([2H])C1=CC=CC=N1)[2H],*C(C)=C(*)C1=CC=CCNC1,[2H]C([2H])=C([2H])c1ccccn1,*C(C)=C(*)C1=CC=CCNC1,True,True,False,False,0.041666666666666664,16,11.0,1.0,0.0
CDK_Depict_45_65,CC1=NC(=S)C(C(=C1)/C=C/C2=CC=C(C=C2)Br)C#N,Cc1cc(/C=C/c2ccc(Cl)cc2)C(C#N)C(=S)N1,CC1=NC(=S)C(C#N)C(/C=C/c2ccc(Br)cc2)=C1,,True,False,False,False,0.0,32,19.0,2.0,1.0
CDK_Depict_45_66,C1=NON=C1NN=C2C(NON2)([N+](=O)[O-])[N+](=O)[O-],C1c(N[Z](N=C2NONC2([N+]([O-])=O)[N+](=O)[O-])N[Z](N=C2NONC2([N+]([O-])=O)[N+](=O)[O-])N1)=NON=1,O=[N+]([O-])C1([N+](=O)[O-])NONC1=NNc1cnon1,,True,False,False,False,0.0,58,18.0,2.0,0.0
CDK_Depict_45_67,C([C@H](C(=O)N)C(CS)(C(=O)N)OC(=O)C(F)(F)F)S,*C(=O)[C@H](CS)C(CS)(OC(=O)C(F)(F)F)C(N)=O,NC(=O)[C@@H](CS)C(CS)(OC(=O)C(F)(F)F)C(N)=O,*C(=O)[C@H](CS)C(CS)(OC(=O)C(F)(F)F)C(N)=O,True,True,False,False,0.7777777777777778,22,19.0,0.0,2.0
CDK_Depict_45_68,C1=CSC(=C1)C(=O)OC2=C(C=NC=C2)I,O=C(Oc1c(I)C=NC=C1)c1cccs1,O=C(Oc1ccncc1I)c1cccs1,O=C(Oc1ccncc1I)c1cccs1,True,True,True,True,1.0,23,15.0,2.0,0.0
CDK_Depict_45_69,CN(C)C(=NC(N(C)C)(Cl)Cl)Cl,CN(C)C(C#N)=NC(C#N)(C#N)N(C)C,CN(C)C(Cl)=NC(Cl)(Cl)N(C)C,CN(C)C(C#N)=NC(C#N)(C#N)N(C)C,True,True,False,False,0.3125,13,12.0,0.0,0.0
CDK_Depict_45_70,[3H]C1=C(C(=C(C(=C1[3H])[3H])[Cl+]C2=CC=CC=C2)[3H])[3H],[H]C1=C([H])[C+](#[C+]c2ccCcc2)c([23H])c([H])c1[2H],[3H]c1c([3H])c([3H])c([Cl+]c2ccccc2)c([3H])c1[3H],,True,False,False,False,0.0,36,18.0,2.0,0.0
CDK_Depict_45_71,CCC(CC)(NS(=O)(=O)O)Br,CCC([Sr])(CC)NS(=O)(=O)O,CCC(Br)(CC)NS(=O)(=O)O,CC[C]([Sr])(CC)NS(=O)(=O)O,True,True,False,False,0.5384615384615384,10,11.0,0.0,0.0
CDK_Depict_45_72,C1=CC(=C(C(=C1C#N)CBr)Br)F,N#Cc1ccc(I)c([Sr-])c1C[Sr],N#Cc1ccc(F)c(Br)c1CBr,N#Cc1ccc(I)[c]([Sr-])c1[CH2][Sr],True,True,False,False,0.325,23,12.0,1.0,0.0
CDK_Depict_45_73,CC1=C(C(=CC=C1)C(N)(N)S)C,CC1=C(C)C(C(N)([IH])S[Hf])=CC=C1,Cc1cccc(C(N)(N)S)c1C,Cc1cccc(C(N)([IH])[S][Hf])c1C,True,True,False,False,0.53125,20,12.0,1.0,0.0
CDK_Depict_45_74,CCOC(=O)OC1=NN(C=C1)N2CC=NC=C2,CCOC(=O)OC1=NN(N2C=CN=CC2)C=C1,CCOC(=O)Oc1ccn(N2C=CN=CC2)n1,CCOC(=O)Oc1ccn(N2C=CN=CC2)n1,True,True,True,True,1.0,8,17.0,2.0,0.0
CDK_Depict_45_75,C1=CC(=C(C(=C1)N=NN2C=CN=C2)C#N)C#N,N#Cc1cCcc(N=N=N2ccnc2)c1C#N,N#Cc1cccc(N=Nn2ccnc2)c1C#N,,True,False,False,False,0.0,23,17.0,2.0,0.0
CDK_Depict_45_76,CCCC=NOS(=O)(=S)O,CCCC=NOS(=O)(O)=S,CCCC=NOS(=O)(O)=S,CCCC=NOS(=O)(O)=S,True,True,True,True,1.0,4,10.0,0.0,1.0
CDK_Depict_45_77,C1[C@@H](C(=O)N1OS(=O)(=O)ON2C[C@@H](C2=O)[As]C(=O)CC3=CC=CC=C3)[As]C(=O)CC4=CC=CC=C4,O=C(Cc1ccccc1)C[C@@H]1CN(OS(=O)(=O)CN2C[C@H](NC(=O)Cc3ccccc3)C2=O)C1=O,O=C(Cc1ccccc1)[As][C@H]1CN(OS(=O)(=O)ON2C[C@H]([As]C(=O)Cc3ccccc3)C2=O)C1=O,O=C(Cc1ccccc1)C[C@@H]1CN(OS(=O)(=O)CN2C[C@H](NC(=O)Cc3ccccc3)C2=O)C1=O,True,True,False,False,0.4126984126984127,54,35.0,4.0,4.0
CDK_Depict_45_78,C[Al](C)NC1=NC=CS1,C[Al](C)NC1NCCS1,[CH3][Al]([CH3])[NH]c1nccs1,[CH3][Al]([CH3])[NH]C1NCCS1,True,True,False,False,0.15789473684210525,2,9.0,1.0,0.0
CDK_Depict_45_79,COC#CC(=O)C(Cl)Cl,CC#CC(C#C)C(=O)C#COC,COC#CC(=O)C(Cl)Cl,C#CC(C#CC)C(=O)C#COC,True,True,False,False,0.46875,10,9.0,0.0,0.0
CDK_Depict_45_80,B1(CC(C(C1)(C)C)(C)C)CCCCC(CN(CCC(=O)NCC2=CC=CC=C2)/N=N\N=C)NC[Pb]C3=CC=CC=C3,C=N/N=N\N(CCC(=O)NCC1CCCCC1)CC(CCCC[SH]1CC(C)(C)C(C)(C)C1)NCOc1ccccc1,C=N/N=N\N(CCC(=O)NCc1ccccc1)CC(CCCCB1CC(C)(C)C(C)(C)C1)N[CH2][Pb][c]1ccccc1,C=N/N=N\N(CCC(=O)NCC1CCCCC1)CC(CCCC[SH]1CC(C)(C)C(C)(C)C1)NCOc1ccccc1,True,True,False,False,0.4639175257731959,55,41.0,3.0,1.0
CDK_Depict_45_81,C1N=NNN1O[N+](=O)[O-],C1N(ON2NN=NC2)=O,O=[N+]([O-])ON1CN=NN1,,True,False,False,False,0.0,14,9.0,1.0,0.0
CDK_Depict_45_82,CC1=C(C=CC(=C1)F)C/[N+](=C(/O)\OC(C)(C)C)/C(=O)OC(C)(C)C,COC(=O)/[N+](Cc1ccC(F)=CC1C)=C(\O)OC(C)C,Cc1cc(F)ccc1C/[N+](C(=O)OC(C)(C)C)=C(/O)OC(C)(C)C,,True,False,False,False,0.0,29,24.0,1.0,0.0
CDK_Depict_45_83,CC1=NC(=O)CCCNC1,CC(=O)/N=C(/C)C[NH+]1CCCC(=O)N1,CC1=NC(=O)CCCNC1,CC(=O)/N=C(/C)C[NH+]1CCCC(=O)N1,True,True,False,False,0.1702127659574468,19,10.0,1.0,0.0
CDK_Depict_45_84,C/C=C/CC(C)(C)/C=C/OC=O,C/C=C/CC(C)(C)/C=C/OC=O,C/C=C/CC(C)(C)/C=C/OC=O,C/C=C/CC(C)(C)/C=C/OC=O,True,True,True,True,1.0,0,12.0,0.0,0.0
CDK_Depict_45_85,B1(OB(OB(O1)C2=CC(=C(C(=C2)Cl)[Si](C)(C)C)Cl)C3=CC(=C(C(=C3)Cl)[Si](C)(C)C)Cl)C4=CC(=C(C(=C4)Cl)[Si](C)(C)C)Cl,C[Si](C)(C)C1C(Cl)=CC(B2O[SiH](c3cc(Cl)c([Si](C)(C)C)c(Cl)c3)O[SiH](C3C=C([CL])c([Si](C)(C)C)c(Cl)c3)O2)=CC=1[CL])=CC=1[CL],C[Si](C)(C)c1c(Cl)cc(B2OB(c3cc(Cl)c([Si](C)(C)C)c(Cl)c3)OB(c3cc(Cl)c([Si](C)(C)C)c(Cl)c3)O2)cc1Cl,,True,False,False,False,0.0,74,42.0,4.0,0.0
CDK_Depict_45_86,CC(C)(CCC(F)(F)Br)C(=O)[O-],CC(C)(CCC(F)(F)[Sc])C(=O)[O-],CC(C)(CCC(F)(F)Br)C(=O)[O-],CC(C)(CC[C](F)(F)[Sc])C(=O)[O-],True,True,False,False,0.6296296296296297,4,12.0,0.0,0.0
CDK_Depict_45_87,C1C(=CC2=C1NC3=C(S2)C=C(C3)Cl)Cl,N#CC1=Cc2c([nH]c3c(cc(Cl)C3)S2)C1,ClC1=CC2=C(C1)NC1=C(C=C(Cl)C1)S2,N#CC1=CC2=C(C1)NC1=C(C=C(Cl)C1)S2,True,True,False,False,0.7,23,14.0,3.0,0.0
CDK_Depict_45_88,CCCCS[Sn](CCCC(SC)(SCC)SCCC)(SCCCC)SC(C)C,CCCCSCC(SCCCC)SCCCC(SC)(SCC)SCCC,CCCC[S][Sn]([CH2]CCC(SC)(SCC)SCCC)([S]CCCC)[S]C(C)C,CCCCSCC(SCCCC)SCCCC(SC)(SCC)SCCC,True,True,False,False,0.5106382978723404,16,28.0,0.0,1.0
CDK_Depict_45_91,CC1(CC=CC=C1SC)CC(CC(CC2=CC=CC=C2)C(=C)N)OCl,C=C(N)C(Cc1ccccc1)CC(CC1(C)CC=CC=C1SC)OC#N,C=C(N)C(Cc1ccccc1)CC(CC1(C)CC=CC=C1SC)OCl,C=C(N)C(Cc1ccccc1)CC(CC1(C)CC=CC=C1SC)OC#N,True,True,False,False,0.7868852459016393,26,25.0,2.0,3.0
CDK_Depict_45_92,C/C=C/1\C(=C(/N=C(\N)/SC)\Cl)\C(C[C@@]1(C)I)(C)C,C/C=C1C(=C(\C)C#N)/C(C)(C)CC/1(I)I,C\C=C1/C(=C(Cl)\N=C(/N)SC)C(C)(C)C[C@@]1(C)I,C/C=C1/C(=C(\C)C#N)C(C)(C)CC1(I)I,True,True,False,False,0.3469387755102041,23,18.0,1.0,1.0
CDK_Depict_45_93,CC1C2C(N1C=C(C=N2)C(C)C)P,*c1c2ncc(C(C)C)CN(C1)C2C,CC(C)C1=CN2C(C)C(N=C1)C2P,,True,False,False,False,0.0,16,13.0,3.0,3.0
CDK_Depict_45_94,CC(/C=C\I1CC1)C(=O)C,CC(=O)C(C)/C=C\*1CC1,CC(=O)C(C)/C=C\I1CC1,CC(=O)C(C)/C=C\*1CC1,True,True,False,False,0.4666666666666667,14,10.0,1.0,1.0
CDK_Depict_45_95,C=CCOC(=O)C1C(=O)N(CCO1)Br,C=CCOC(=O)C1OCCN([S-])C1=O,C=CCOC(=O)C1OCCN(Br)C1=O,C=CCOC(=O)C1OCCN([S-])C1=O,True,True,False,False,0.7142857142857143,13,14.0,1.0,1.0
CDK_Depict_45_96,C1=CN(N=N1)C2(C(O2)O)O,OC1OC1(O)N1C=CN=N1,OC1OC1(O)n1ccnn1,OC1OC1(O)n1ccnn1,True,True,True,True,1.0,15,10.0,2.0,2.0
CDK_Depict_45_97,C(C#CS(=O)(=O)O)S(=O)(=O)O,O=S(=O)(O)C#CCS(=O)(=O)O,O=S(=O)(O)C#CCS(=O)(=O)O,O=S(=O)(O)C#CCS(=O)(=O)O,True,True,True,True,1.0,10,11.0,0.0,0.0
CDK_Depict_45_98,C1COCC1(C(C2=CON=C2)N)O,*C(C1C=NOC1)C1(O)CCOC1,NC(c1cnoc1)C1(O)CCOC1,*C(C1C=NOC1)C1(O)CCOC1,True,True,False,False,0.3469387755102041,18,13.0,2.0,2.0
CDK_Depict_45_99,C1=CN=CC=C1OC2=NN=C(S2)N,ClNC1=NN=C(Oc2c=CN=CC2)S1,Nc1nnc(Oc2ccncc2)s1,ClNc1nnc(OC2=C=CN=CC2)s1,True,True,False,False,0.22,13,13.0,2.0,0.0
CDK_Depict_45_100,CC1(C(CO1)N(F)F)C,*N(F)C1COC1(C)C,CC1(C)OCC1N(F)F,*N(F)C1COC1(C)C,True,True,False,False,0.6666666666666666,12,9.0,1.0,1.0
CDK_Depict_46_1,C1C(N(N=N1)C=O)C(F)(F)F,C=CN1nnCC1C(C)C,O=CN1N=NCC1C(F)(F)F,C=CN1N=NCC1C(C)C,True,True,False,False,0.2972972972972973,16,11.0,1.0,1.0
CDK_Depict_46_2,COC(=O)C1=CSC(=S)C=C1,CCC(=O)c1ccc(=[U])[3H]C1,COC(=O)c1ccc(=S)sc1,,True,False,False,False,0.0,13,11.0,1.0,0.0
CDK_Depict_46_3,CCC(=C(N)N)/C=C(/C(=O)O)\N,*C(=O)C([NH])=CC(CC)C(C)C,CCC(/C=C(\N)C(=O)O)=C(N)N,*C(=O)C([NH])=CC(CC)C(C)C,True,True,False,False,0.175,17,12.0,0.0,0.0
CDK_Depict_46_4,CCC(N)OP(=O)(CC(C)Cl)O,*C(C)CC.C=[PH](C)(C)CC(C)C,CCC(N)OP(=O)(O)CC(C)Cl,,True,False,False,False,0.0,16,12.0,0.0,3.0
CDK_Depict_46_5,C1(=C(N=NC1=[N+]=[N-])N)[N+](=O)[O-],*c1n[U]c(=[N+]=[W])c1C(=O)[O-],[N-]=[N+]=C1N=NC(N)=C1[N+](=O)[O-],,True,False,False,False,0.0,19,11.0,1.0,0.0
CDK_Depict_46_6,CC(C)[Si](C(C)C)(C(C)C)OCC1CC(=CS(=O)(=O)C)C1(C)C,CC(C)[Si](OCC1CC(=CS(C)(=O)=O)C1(C)C)(C(C)C)C(C)C,CC(C)[Si](OCC1CC(=CS(C)(=O)=O)C1(C)C)(C(C)C)C(C)C,CC(C)[Si](OCC1CC(=CS(C)(=O)=O)C1(C)C)(C(C)C)C(C)C,True,True,True,True,1.0,21,23.0,1.0,1.0
CDK_Depict_46_7,C=C/C=C(\C=C/CC1=C(NN1)C(=C)C=C)/N2CCOCC2,C=C/C=C(/C=C\CC1=C(C(C)C=C)CC1)C1CCCCC1,C=C/C=C(\C=C/Cc1[nH][nH]c1C(=C)C=C)N1CCOCC1,C=C/C=C(/C=C\CC1=C(C(C)C=C)CC1)C1CCCCC1,True,True,False,False,0.2028985507246377,13,21.0,2.0,0.0
CDK_Depict_46_8,C#CCCC1(N=N1)CCC(=O)NC2=CN3C=CN=C3N=C2,C#CCCC1(CCC(=O)Nc2ccc3nccc3c2)N=[V]1,C#CCCC1(CCC(=O)Nc2cnc3nccn3c2)N=N1,,True,False,False,False,0.0,21,21.0,3.0,0.0
CDK_Depict_46_9,C(C(CBr)Br)C(=CO[P+](=O)[O-])CC(CBr)Br,*CC([O-])CC(CO[P+](=O)[O-])CC(O)CC,O=[P+]([O-])OC=C(CC(Br)CBr)CC(Br)CBr,*CC([O-])CC(CO[P+](=O)[O-])CC(O)CC,True,True,False,False,0.19607843137254902,15,16.0,0.0,3.0
CDK_Depict_46_10,CCCSP(=S)(O)OC1(C(=O)O1)C#N,CC1(C#N)OC1=O.CCCC*(O)=S,CCCSP(O)(=S)OC1(C#N)OC1=O,CC1(C#N)OC1=O.CCCC*(O)=S,True,True,False,False,0.34,20,14.0,1.0,2.0
CDK_Depict_46_11,CCOC(=NC(=O)CCl)N,*CC(=O)C=C(*)CCC,CCOC(N)=NC(=O)CCl,*CC(=O)C=C(*)CCC,True,True,False,False,0.15,11,10.0,0.0,0.0
CDK_Depict_46_12,C[N+](=C)O[N-][N+](=N)C,*=**O[N+](=C)C,C=[N+](C)O[N-][N+](C)=N,*=**O[N+](=C)C,True,True,False,False,0.25925925925925924,13,8.0,0.0,0.0
CDK_Depict_46_13,[B](C1CC(C1)C)I,CCC1CC(C)C1,CC1CC([B]I)C1,CCC1CC(C)C1,True,True,False,False,0.3181818181818182,7,7.0,1.0,2.0
CDK_Depict_46_14,CC1(C=CC2=C(N=C1)OCO2)C,CC1(C)C=Cc2c(n=C1)OCO2,CC1(C)C=CC2=C(N=C1)OCO2,CC1(C)C=CC2=C(N=C1)OCO2,True,True,True,True,1.0,8,12.0,2.0,0.0
CDK_Depict_46_15,CCC(C)(C)OOC1=CC=CN1,CC1cccC1.CCC(C)(C)C,CCC(C)(C)OOc1ccc[nH]1,,True,False,False,False,0.0,14,12.0,1.0,0.0
CDK_Depict_46_16,C1COC2C(O1)SC(=C3SC(C(=O)S3)C4[Se]CC[Se]4)S2,C=C1sC(=C2CC3CCCCC3S2)sC1C1[se]CC[se]1,O=C1SC(=C2SC3OCCOC3S2)SC1C1[Se]CC[Se]1,C=C1SC(=C2CC3CCCCC3S2)SC1C1[Se]CC[Se]1,True,True,False,False,0.3018867924528302,26,20.0,4.0,3.0
CDK_Depict_46_17,C(=O)(N=S(Cl)Cl)F,CC(=O)N=C(C)C,O=C(F)N=S(Cl)Cl,CC(=O)N=C(C)C,True,True,False,False,0.18181818181818182,7,7.0,0.0,0.0
CDK_Depict_46_18,CN(C)C1CCN(CC1)NC2C=C(C=CN2)CC3=CC=C(CC3F)N,CC(C)C1CCCCC1.CCC1CCC(C(C)C)CC1,CN(C)C1CCN(NC2C=C(CC3=CC=C(N)CC3F)C=CN2)CC1,CC(C)C1CCCCC1.CCC1CCC(C(C)C)CC1,True,True,False,False,0.08955223880597014,22,25.0,3.0,2.0
CDK_Depict_46_19,[B][B]B([B])C(C(C1=CC=CC=C1)O)NB([B])B([B])[B],CCC(C)C(C)C(C)C1=CC=CC=C1.CCC(C)C(C)CC(C)C(C)C,[B][B]B([B])C(NB([B])B([B])[B])C(O)c1ccccc1,CCC(C)C(C)C(C)c1ccccc1.CCC(C)C(C)CC(C)C(C)C,True,True,False,False,0.2,30,19.0,1.0,2.0
CDK_Depict_46_20,CC(C(=[NH+]NP=S)C(=O)O)O[Si](C)(C)C(C)(C)C,CC(C[Si-](C)(C)C(C)(C)C)C(=CNP=S)C(=O)O,CC(O[Si](C)(C)C(C)(C)C)C(=[NH+]NP=S)C(=O)O,CC(C[Si-](C)(C)C(C)(C)C)C(=CNP=S)C(=O)O,True,True,False,False,0.2777777777777778,29,18.0,0.0,2.0
CDK_Depict_46_21,CC1=C(C2=NC(=O)N=C(N2C1)C)C,C=C1*c2c(C)c(C)c*2c(C)[U]1,CC1=C(C)c2nc(=O)nc(C)n2C1,C=[C]1*c2*(cc(C)c2C)[CH](C)[U]1,True,True,False,False,0.06,22,13.0,2.0,0.0
CDK_Depict_46_22,CN1C(=O)C(CS1)N(Cl)Cl,C=C[V](C)C1CSN(C)C1=O,CN1SCC(N(Cl)Cl)C1=O,C=[CH][V]([CH3])[CH]1CSN(C)C1=O,True,True,False,False,0.42857142857142855,14,10.0,1.0,1.0
CDK_Depict_46_23,CN1C2=CC=CC=C2C(=O)O[Si]1(C)C,CN1c2ccccc2C(=O)O[Si]1(C)C,CN1c2ccccc2C(=O)O[Si]1(C)C,CN1c2ccccc2C(=O)O[Si]1(C)C,True,True,True,True,1.0,9,14.0,2.0,0.0
CDK_Depict_46_24,CCC1=CC2=C(S2(C)N(NCC3=CN=CC(=C3)C)F)C=C1,CCc1ccc2c(c1)C2(C)CCCc1cncc(C)c1,CCc1ccc2c(c1)S2(C)N(F)NCc1cncc(C)c1,CCc1ccc2c(c1)C2(C)CCCc1cncc(C)c1,True,True,False,False,0.3793103448275862,28,21.0,3.0,1.0
CDK_Depict_46_25,C1C=NC=C2N1C=CC=CS2,*1C=CC=C*C1.*1cccCC1,C1=CSC2=CN=CCN2C=C1,*1=CC=CCC1.*1C=CC=C*C1,True,True,False,False,0.06521739130434782,12,11.0,2.0,0.0
CDK_Depict_46_26,C[C@@H](C(=O)OC)NSP(=O)(OC1=CC=CC=C1)Cl,COC(=O)C(C)CSP(C)(=O)Cc1ccccc1,COC(=O)[C@H](C)NSP(=O)(Cl)Oc1ccccc1,COC(=O)C(C)CSP(C)(=O)Cc1ccccc1,True,True,False,False,0.38461538461538464,26,18.0,1.0,2.0
CDK_Depict_46_27,C(N1C(C(N(C1=S)CO)O)O)O,OCN1C(=S)N(CO)C(O)C1O,OCN1C(=S)N(CO)C(O)C1O,OCN1C(=S)N(CO)C(O)C1O,True,True,True,True,1.0,12,12.0,1.0,2.0
CDK_Depict_46_28,COC1=CC=CC=C1CNNC(=S)NCCC2=CCCCC2,CCc1ccccc1CCCC(=S)NCCC1CCCCC1,COc1ccccc1CNNC(=S)NCCC1=CCCCC1,CCc1ccccc1CCCC(=S)NCCC1CCCCC1,True,True,False,False,0.2571428571428571,15,22.0,2.0,0.0
CDK_Depict_46_29,CCO[Si](CCCP(=O)(C1CCCCC1)C2CCCCC2)(C=C)OCC,C=CC(C)(CCC)CCC*(=O)(C1CCCCC1)C1CCCCC1,C=C[Si](CCCP(=O)(C1CCCCC1)C1CCCCC1)(OCC)OCC,C=CC(C)(CCC)CCC*(=O)(C1CCCCC1)C1CCCCC1,True,True,False,False,0.26785714285714285,22,26.0,2.0,0.0
CDK_Depict_46_30,CN(C)CCCN(OCCCN(C)C)S,CCCCCCC(C)CCCC(C)C,CN(C)CCCON(S)CCCN(C)C,CCCCCCC(C)CCCC(C)C,True,True,False,False,0.08108108108108109,9,15.0,0.0,0.0
CDK_Depict_46_31,CCCCNC(=O)/C(=C/Cl)/S(=O)CCCC,C/C=C(\C(=O)CCCC)C(=O)CCCCC,CCCCNC(=O)/C(=C/Cl)S(=O)CCCC,C/C=C(\C(=O)CCCC)C(=O)CCCCC,True,True,False,False,0.24390243902439024,12,16.0,0.0,1.0
CDK_Depict_46_32,CN(C)P(=O)(CCOS(=O)(=O)C)N(C)C,CN(C)P(=O)(CCOS(C)(=O)=O)N(C)C,CN(C)P(=O)(CCOS(C)(=O)=O)N(C)C,CN(C)P(=O)(CCOS(C)(=O)=O)N(C)C,True,True,True,True,1.0,4,15.0,0.0,0.0
CDK_Depict_46_33,CCCC1C(P1)CF,CCCC1CC1CC.[HH],CCCC1PC1CF,CCCC1CC1CC.[HH],True,True,False,False,0.25,8,8.0,1.0,3.0
CDK_Depict_46_34,C1=CC=C(C=C1)N(P(=O)(N)N)Cl,*C(=O)*(C)C.C*(C)p(C)=O,NP(N)(=O)N(Cl)c1ccccc1,,True,False,False,False,0.0,20,12.0,1.0,0.0
CDK_Depict_46_35,CCCCCNC1C(=S)NN=N1,CCCCC*C1C=*CC1=S,CCCCCNC1N=NNC1=S,CCCCC*C1C=*CC1=S,True,True,False,False,0.2553191489361702,8,12.0,1.0,1.0
CDK_Depict_46_36,C1CSOC(C1[N+](=O)[O-])([N+](=O)[O-])[N+](=O)[O-],O=NC1CCSOC1.O=[N+]([O-])[O-],O=[N+]([O-])C1CCSOC1([N+](=O)[O-])[N+](=O)[O-],O=NC1CCSOC1.O=[N+]([O-])[O-],True,True,False,False,0.3684210526315789,30,15.0,1.0,1.0
CDK_Depict_46_37,B(B(N(C)C)N(C)C)(B(N(C)C)N(C)C)N(C)C,CC.CC[2H](C)N(C)C.CN(C)[2H](N(C)C)N(C)N(C)C,CN(C)B(B(N(C)C)N(C)C)B(N(C)C)N(C)C,,True,False,False,False,0.0,19,18.0,0.0,0.0
CDK_Depict_46_38,C[P+](=O)N1C2=C(C=C(C=N2)Br)C(=N1)I,*c1cCC2=C(c1)CCN2[P+](C)=O,C[P+](=O)n1nc(I)c2cc(Br)cnc21,,True,False,False,False,0.0,26,14.0,2.0,1.0
CDK_Depict_46_39,CC1=CC(=O)CCC=C(N1)NC(=O)NCCC[N+](C)(C)CCCNC(=O)CC(CC(C(=O)NCCC[N+](C)(C)CCCN)O)O,CC1=CC(=O)CC=C(NC(=O)NCCC[N+](C)(C)CCCNC(=O)CC(O)CC(O)C(=O)NCCC[N+](C)(C)CCCN)N1,CC1=CC(=O)CCC=C(NC(=O)NCCC[N+](C)(C)CCCNC(=O)CC(O)CC(O)C(=O)NCCC[N+](C)(C)CCCN)N1,CC1=CC(=O)CC=C(NC(=O)NCCC[N+](C)(C)CCCNC(=O)CC(O)CC(O)C(=O)NCCC[N+](C)(C)CCCN)N1,True,True,False,False,0.855072463768116,11,45.0,1.0,2.0
CDK_Depict_46_40,C1=CC(=C(C=C1CBr)Br)N2OC(=O)OC(=O)O2,*c1cC(CC)ccc1C.CC(=O)CCCC(C)=O,O=C1OC(=O)ON(c2ccc(CBr)cc2Br)O1,,True,False,False,False,0.0,25,17.0,2.0,0.0
CDK_Depict_46_41,C=CC(=NC1=NN=CC(=C1)C(F)(F)F)NN=C,C=CN=C(C=C)NC.C=CNC(C=C)=NC,C=CC(=Nc1cc(C(F)(F)F)cnn1)NN=C,C=CN=C(C=C)NC.C=CNC(C=C)=NC,True,True,False,False,0.16666666666666666,20,17.0,1.0,0.0
CDK_Depict_46_42,C=C/C=C(\C=C)/C=C(\COCC1=CC=CC=C1)/OI,C=C/C=C(C=C)/C=C(\CC)OC.CCc1ccccc1,C=C/C=C(C=C)/C=C(\COCc1ccccc1)OI,C=C/C=C(C=C)/C=C(\CC)OC.CCc1ccccc1,True,True,False,False,0.5208333333333334,15,19.0,1.0,0.0
CDK_Depict_46_43,CC(C)(C)N(C=C1C=NN=C1)O,CC(O)C=C1C=NN=C1,CC(C)(C)N(O)C=C1C=NN=C1,CC(O)C=C1C=NN=C1,True,True,False,False,0.36666666666666664,8,12.0,1.0,0.0
CDK_Depict_46_44,CC1(CNN(C1)/N=C\N)C2=C=CC=C(C=C2)C(F)(F)F,cC(C)(C)c1cccc(C2(C)CN*(/N=C\N)C2)cc1,CC1(C2=C=CC=C(C(F)(F)F)C=C2)CNN(/N=C\N)C1,,True,False,False,False,0.0,27,20.0,2.0,1.0
CDK_Depict_46_45,CC=CN=CC(=C)C1(CCN1C)C,C=C(C=CC=CC)C1(C)CCC1,C=C(C=NC=CC)C1(C)CCN1C,C=C(C=CC=CC)C1(C)CCC1,True,True,False,False,0.2857142857142857,10,13.0,1.0,1.0
CDK_Depict_46_46,CCCCCCCC(=[NH+]CC(C(C)C)N(N=O)O)O,*C(C)C(CN=C(CCCCCCC)OOOO)N(C)C,CCCCCCCC(O)=[NH+]CC(C(C)C)N(O)N=O,*C(C)C(CN=C(CCCCCCC)OOOO)N(C)C,True,True,False,False,0.27586206896551724,21,19.0,0.0,1.0
CDK_Depict_46_47,CN(C)N1CCC(C1(OC)F)O,COC1(F)C(O)CC[V]1*(C)C,COC1(F)C(O)CCN1N(C)C,CO[C]1(F)C(O)C[CH2][V]1[*](C)C,True,True,False,False,0.35,16,12.0,1.0,2.0
CDK_Depict_46_48,C=CC1=C(C(=CC=C1)NS(=O)C2=CSC=C2Br)N,*c1c(C=C)cccc1CS(=O)c1cSCc1C,C=Cc1cccc(NS(=O)c2cscc2Br)c1N,,True,False,False,False,0.0,25,18.0,2.0,1.0
CDK_Depict_46_49,CCO[C@]1(C(O1)F)[C@H](C)/C(=C(\C=C)/C(F)(F)F)/F,C=C/C(=C(\C)[C@@H](C)[C@@]1(C)CC1C)C(C)(C)C,C=C/C(=C(/F)[C@@H](C)[C@@]1(OCC)OC1F)C(F)(F)F,C=C/C(=C(\C)[C@@H](C)[C@@]1(C)CC1C)C(C)(C)C,True,True,False,False,0.28846153846153844,28,18.0,1.0,3.0
CDK_Depict_46_50,C1CC(C(CC1NSC2C(CC(S2)Cl)C3CCC(S3)Cl)O)C(F)(F)F,CC1CCC(C2CC(C)sC2S[V]C2CCC(C(C)(F)F)C(O)C2)C1,OC1CC(NSC2SC(Cl)CC2C2CCC(Cl)S2)CCC1C(F)(F)F,CC1CCC(C2CC(C)SC2[S][V][CH]2CCC(C(C)(F)F)C(O)C2)C1,True,True,False,False,0.29411764705882354,26,25.0,3.0,8.0
CDK_Depict_46_51,C(=C/C(=C(\I)/C=C/C(=C/I)/I)/I)\C(=C\I)\I,C/C=C(C)/C=C/C(C)=C(I)/C=C/C(C)=C/C,I/C=C(I)/C=C/C(I)=C(I)/C=C/C(I)=C/I,C/C=C(C)/C=C/C(C)=C(I)/C=C/C(C)=C/C,True,True,False,False,0.28,21,16.0,0.0,0.0
CDK_Depict_46_52,C1CCN(CC1)C(=S)C(=O)O,CC(=O)C(=S)[V]1CCCCC1,O=C(O)C(=S)N1CCCCC1,CC(=O)[C](=S)[V]1[CH2]CCC[CH2]1,True,True,False,False,0.3,15,11.0,1.0,0.0
CDK_Depict_46_53,CC(=CC=C)N=C1N=C(C(=N)S1)C(=O)N,*C(=O)c1c(=*)SC(=CC(C)=CC=C)N1,C=CC=C(C)N=C1N=C(C(N)=O)C(=N)S1,,True,False,False,False,0.0,21,15.0,1.0,0.0
CDK_Depict_46_54,C(=O)NC(C(=O)O)N=[N+]=[N-],O=C[4NH]C([4NH]=[V]=[V])C(=O)O,[N-]=[N+]=NC(NC=O)C(=O)O,,True,False,False,False,0.0,24,10.0,0.0,1.0
CDK_Depict_46_55,C1=CC=C(C=C1)C(=O)S2(C=CN=C2)Br,CC(=O)c1ccccc1.CC(=O)c1ccccc1,O=C(c1ccccc1)S1(Br)C=CN=C1,CC(=O)c1ccccc1.CC(=O)c1ccccc1,True,True,False,False,0.3333333333333333,26,14.0,2.0,1.0
CDK_Depict_46_56,CN(C)CCC1NNNN1,CN(C)CCC1*[V]NN1,CN(C)CCC1NNNN1,CN(C)CCC1[*][V][NH]N1,True,True,False,False,0.4,4,10.0,1.0,0.0
CDK_Depict_46_57,CCOC(=O)C(=C)C(=O)ON(C)/C=C/CC(CCC=N)C=C,C=C(C(=O)OCC)C(=O)OCC.C=CC(C/C=C/CC)CCC=N,C=CC(C/C=C/N(C)OC(=O)C(=C)C(=O)OCC)CCC=N,C=C(C(=O)OCC)C(=O)OCC.C=CC(C/C=C/CC)CCC=N,True,True,False,False,0.7142857142857143,18,22.0,0.0,1.0
CDK_Depict_46_58,CCCC(O)(OC(C(=C)COCC=C)O)OPC(C)(C)OCCC,C=CCCCC(=C)C(O)CC(O)(CCC)CCC(C)(C)OCCC,C=CCOCC(=C)C(O)OC(O)(CCC)OPC(C)(C)OCCC,C=CCCCC(=C)C(O)CC(O)(CCC)CCC(C)(C)OCCC,True,True,False,False,0.359375,17,24.0,0.0,3.0
CDK_Depict_46_59,C[C@@H](C(=O)OCC1=NC(=NC(=N1)N)N)OC2=CC=CC=C2,*c1cc(COC(=O)[C@H](C)Oc2ccccc2)nc(*)n1,C[C@H](Oc1ccccc1)C(=O)OCc1nc(N)nc(N)n1,*c1cc(COC(=O)[C@H](C)Oc2ccccc2)nc(*)n1,True,True,False,False,0.5510204081632653,36,21.0,2.0,1.0
CDK_Depict_46_60,CC(=C)C(C1(CC1)NC(=O)O)N,*C(=O)NC1(C(*)C(=C)C)CC1,C=C(C)C(N)C1(NC(=O)O)CC1,*C(=O)NC1(C(*)C(=C)C)CC1,True,True,False,False,0.4444444444444444,12,12.0,1.0,1.0
CDK_Depict_46_61,CCOC(=O)/C=C(\C(F)(F)F)/OP(=NC1=CC=CC=C1)(OCC)OCC,CCCP(C/C(=C\C(=O)OCC)C(F)(F)F)(=Nc1ccccc1)OCC,CCOC(=O)/C=C(/OP(=Nc1ccccc1)(OCC)OCC)C(F)(F)F,CCCP(C/C(=C\C(=O)OCC)C(F)(F)F)(=Nc1ccccc1)OCC,True,True,False,False,0.5789473684210527,31,26.0,1.0,0.0
CDK_Depict_46_62,CC1CCN(CC1)C(=O)[N+]2(CCC(CC2F)(C)F)OC(=O)O,*C(=O)O[V]1(C(=O)[V]2CCC(C)CC2)CCC(C)(C)CC1F,CC1CCN(C(=O)[N+]2(OC(=O)O)CCC(C)(F)CC2F)CC1,*C(=O)[O][V]1([C](=O)[V]2[CH2]CC(C)C[CH2]2)[CH2]CC(C)(C)C[CH]1F,True,True,False,False,0.27692307692307694,26,22.0,2.0,3.0
CDK_Depict_46_63,C1CCC(CC1)N=C(N)NC2=C(SC=C2Cl)Cl,CC1=CCC(Cl)=C1NC(=N)CC1CCCCC1,NC(=NC1CCCCC1)Nc1c(Cl)csc1Cl,CC1=CCC(Cl)=C1NC(=N)CC1CCCCC1,True,True,False,False,0.25,17,17.0,2.0,0.0
CDK_Depict_46_64,CC(C#N)(C(OC)OC)NCCCN=[N+]=[N-],COC(OC)C(C)(C#N)NCCCN=*=N,COC(OC)C(C)(C#N)NCCCN=[N+]=[N-],COC(OC)C(C)(C#N)NCCCN=*=N,True,True,False,False,0.6428571428571429,16,16.0,0.0,1.0
CDK_Depict_46_65,C1=CC=C(C=C1)CSCC(C2=NNN=N2)SC3=NNN=N3,*1=[V]C(SC(CSCc2cC=Ccc2)c2NNN=[W]2)=[W]N1,c1ccc(CSCC(Sc2nn[nH]n2)c2nn[nH]n2)cc1,[*]1=[V][C](SC(CSCc2ccccc2)[CH]2NN[N]=[W]2)=[W][NH]1,True,True,False,False,0.30303030303030304,28,21.0,3.0,1.0
CDK_Depict_46_66,C/C/1=C(\C=C/C=C/OCO1)/CC(=O)C,CC(=O)CC1=C(C)OCCC=CC=C1,CC(=O)CC1=C(/C)OCO/C=C/C=C\1,CC(=O)CC1=C(C)OCCC=CC=C1,True,True,False,False,0.6,19,14.0,1.0,0.0
CDK_Depict_46_67,CC(C(=NO)N)NC1CC(C1(C)C)O,CC=C(N=NN=NN=NN=NN=NN=NN=N)C(C)NC1CC(C)C1(C)C,CC(NC1CC(O)C1(C)C)C(N)=NO,CC=C(N=NN=NN=NN=NN=NN=NN=N)C(C)NC1CC(C)C1(C)C,True,True,False,False,0.34,27,14.0,1.0,3.0
CDK_Depict_46_68,C[C@@H](/C=C/[C@H](C1C(CO[SiH2]O[SiH2]O1)O)O)O,*[C@H](C)/C=C/[C@@H](O)C1C*C[SiH2]OCC1O,C[C@H](O)/C=C/[C@@H](O)C1O[SiH2]O[SiH2]OCC1O,*[C@H](C)/C=C/[C@@H](O)C1C*C[SiH2]OCC1O,True,True,False,False,0.34615384615384615,21,16.0,1.0,6.0
CDK_Depict_46_69,C(CS)C(=O)OCCOCCNC(=O)OPF,O=C(CCSSSS)OCCOCCNC(=O)OSF,O=C(CCS)OCCOCCNC(=O)OPF,O=C(CCSSSS)OCCOCCNC(=O)OSF,True,True,False,False,0.47058823529411764,9,17.0,0.0,1.0
CDK_Depict_46_70,B(C1CCC1(C)C)(O)O,CC(C)CCCC(C)O,CC1(C)CCC1B(O)O,CC(C)CCCC(C)O,True,True,False,False,0.06451612903225806,9,9.0,1.0,1.0
CDK_Depict_46_71,[B]1[B][B][B]C2[B][B]C([B]2)([B][B][B]1)C(CCN(C(=O)O)C(=O)O)(C(C)(C)C)C(C)(C)C,CC(=O)N(CCC1(C(C)(C)C)C(C)(C)C)C(=O)O.CC(=O)N(CCC1(C(C)(C)C)C23[g]C4[f][f][f][f][f][f][f]3)C(=O)O,CC(C)(C)C(CCN(C(=O)O)C(=O)O)(C(C)(C)C)C12[B][B][B][B][B][B][B]C([B][B]1)[B]2,,True,False,False,False,0.0,78,30.0,2.0,2.0
CDK_Depict_46_72,C[N+]12C=CC1=C2,C[W]12ccc12,C[N+]12C=CC1=C2,,True,False,False,False,0.0,8,6.0,2.0,1.0
CDK_Depict_46_73,CC1(CC=CC1)CC=O,CC=CCC.CCC=O,CC1(CC=O)CC=CC1,CC=CCC.CCC=O,True,True,False,False,0.21428571428571427,6,9.0,1.0,0.0
CDK_Depict_46_74,C1=CC=C(C=C1)/C=C/C(N(CC2=CC=CS2)C3=CNN=C3)O,CC(/C=C/c1ccccc1)C(CC1=CC=CS1)C1=CCC=C1,OC(/C=C/c1ccccc1)N(Cc1cccs1)c1cn[nH]c1,CC(/C=C/c1ccccc1)C(Cc1cccs1)C1=CCC=C1,True,True,False,False,0.390625,24,22.0,3.0,1.0
CDK_Depict_46_75,CCCCN1PNP1,CCCCN1[1H][1H][1H]1,CCCCN1PNP1,,True,False,False,False,0.0,12,8.0,1.0,2.0
CDK_Depict_46_76,C1C(CN1NC(=O)C(=O)NN2CC(C2)([N+](=O)[O-])[N+](=O)[O-])([N+](=O)[O-])[N+](=O)[O-],O=C(CC1CC([N+](=O)[O-])([N+](=O)[O-])C1)C(=O)NC1CC([N+](=O)[O-])([N+](=O)[O-])C1,O=C(NN1CC([N+](=O)[O-])([N+](=O)[O-])C1)C(=O)NN1CC([N+](=O)[O-])([N+](=O)[O-])C1,O=C(CC1CC([N+](=O)[O-])([N+](=O)[O-])C1)C(=O)NC1CC([N+](=O)[O-])([N+](=O)[O-])C1,True,True,False,False,0.358974358974359,29,26.0,2.0,0.0
CDK_Depict_46_77,C=S(=O)(N)OC1=CC=CC(=C1)C2=CC=CC(=C2)CN3CC=NC=N3,C=C(=O)Oc1cccc(C2=CC=CC(CC3CC=NC=N3)=C2)c1,C=S(N)(=O)Oc1cccc(-c2cccc(CN3CC=NC=N3)c2)c1,,True,False,False,False,0.0,26,24.0,3.0,1.0
CDK_Depict_46_78,CN(C)[P@]1(=O)N(CCO1)N,*N1CC*p1(=O)N(C)C,CN(C)[P@@]1(=O)OCCN1N,*N1CC*P1(=O)N(C)C,True,True,False,False,0.2857142857142857,11,10.0,1.0,1.0
CDK_Depict_46_79,C(SI)SI,CSCSC,ISCSI,CSCSC,True,True,False,False,0.23076923076923078,4,5.0,0.0,0.0
CDK_Depict_46_80,C[Si](C)(C)NC(=O)C1=CC(=S)CC=C1,C[Si](C)(C)*C(=O)c1ccCC(=S)C1,C[Si](C)(C)NC(=O)C1=CC(=S)CC=C1,,True,False,False,False,0.0,7,14.0,1.0,0.0
CDK_Depict_46_81,C1=CC(=CC=C1OCC2=NC=C(N2)Br)Cl,CCCC1=CC=C(C)CC1.C[Re],Clc1ccc(OCc2ncc(Br)[nH]2)cc1,CCCC1=CC=C(C)CC1.[CH3][Re],True,True,False,False,0.06,19,15.0,2.0,0.0
CDK_Depict_46_82,CCC=P(=O)C(C)(OCC)OCC,CCC=C(=O)C(C)(OCC)OCC,CCC=[P+]([O-])C(C)(OCC)OCC,,True,False,False,False,0.0,1,13.0,0.0,1.0
CDK_Depict_46_83,CNC(=O)N(C(=O)OC)OS(=O)(=O)NC1CCCCC1,CCC(=O)N(OS(=O)(=O)NC1CCCCC1)C(=O)OC,CNC(=O)N(OS(=O)(=O)NC1CCCCC1)C(=O)OC,CCC(=O)N(OS(=O)(=O)NC1CCCCC1)C(=O)OC,True,True,False,False,0.6829268292682927,17,20.0,1.0,0.0
CDK_Depict_46_84,C1(C(=C(C(=NC1=O)F)Cl)N)Cl,C#CC1C(=O)*c(C)c(C)c1[Nd],NC1=C(Cl)C(F)=NC(=O)C1Cl,C#CC1C(=O)*=C(C)C(C)=[C]1[Nd],True,True,False,False,0.08695652173913043,20,11.0,1.0,1.0
CDK_Depict_46_85,CCOC(=O)C(=O)C(=NC(C)(C)C)Cl,CCOC(=O)C(=O)C(C)=[V]C(C)(C)C,CCOC(=O)C(=O)C(Cl)=NC(C)(C)C,CCOC(=O)C(=O)[C](C)=[V][C](C)(C)C,True,True,False,False,0.45714285714285713,8,14.0,0.0,0.0
CDK_Depict_46_86,CCC(=NOC(=O)C(=O)ONC(=CC)C)C,CC=C(C)COC(=O)C(=O)C*=C(C)CC,CC=C(C)NOC(=O)C(=O)ON=C(C)CC,CC=C(C)COC(=O)C(=O)C*=C(C)CC,True,True,False,False,0.25,9,16.0,0.0,0.0
CDK_Depict_46_87,CCOC(=O)C1=NC(=NC(=N1)C(=O)NCC2=CC(=C(C=C2)F)Cl)C=CN,CCCC(=O)C1=[V]C(C=C[V](C)C)=CC(C(=O)[V]CC2=CC(C)=C(F)cc2)=[V]1,CCOC(=O)c1nc(C=CN)nc(C(=O)NCc2ccc(F)c(Cl)c2)n1,CCCC(=O)[C]1=[V][C](C=[CH][V]([CH3])[CH3])=C[C]([C](=O)[V][CH2]c2ccc(F)c(C)c2)=[V]1,True,True,False,False,0.22727272727272727,32,26.0,2.0,0.0
CDK_Depict_46_88,CS(=O)(=O)O/C=C/C1=CSC=C1,CS(=O)(=O)O/C=C/c1ccsc1,CS(=O)(=O)O/C=C/c1ccsc1,CS(=O)(=O)O/C=C/c1ccsc1,True,True,True,True,1.0,7,12.0,1.0,0.0
CDK_Depict_46_89,CC1=CC(=CC=C1)C(C(=O)OP(OC(=O)C(C2=CC=CC(=C2)C)S)OC(=O)C(C3=CC=CC(=C3)C)S)S,CC1=CC(C(C)C(=O)OP(OC(=O)C(O)C2=CC=CC(C)=C2)OC(=O)C(O)c2cccc(C)c2)=CC=C1,Cc1cccc(C(S)C(=O)OP(OC(=O)C(S)c2cccc(C)c2)OC(=O)C(S)c2cccc(C)c2)c1,Cc1cccc(C(C)C(=O)OP(OC(=O)C(O)c2cccc(C)c2)OC(=O)C(O)c2cccc(C)c2)c1,True,True,False,False,0.6097560975609756,30,37.0,3.0,4.0
CDK_Depict_46_90,C1(=C(C(=C(C(=C1Cl)I)Br)I)Cl)C2=C(C(=C(C(=C2I)I)I)Cl)I,*c1c(*)c(-c2c(*)c(*)c(C)c(C)c2C)c(*)c(C)c1C,Clc1c(I)c(I)c(I)c(-c2c(Cl)c(I)c(Br)c(I)c2Cl)c1I,*c1c(*)c(-c2c(*)c(*)c(C)c(C)c2C)c(*)c(C)c1C,True,True,False,False,0.05714285714285714,41,22.0,2.0,0.0
CDK_Depict_46_91,C[C@@H](CC(=O)C1=CC(=NCC1=O)Cl)C(C)(C)O,Cc1cCC(=O)c(C(=O)C[C@H](C)C(C)(C)O)c1,C[C@@H](CC(=O)C1=CC(Cl)=NCC1=O)C(C)(C)O,CC1=CCC(=O)C(C(=O)C[C@H](C)C(C)(C)O)=C1,True,True,False,False,0.5652173913043478,22,17.0,1.0,1.0
CDK_Depict_46_92,CCC1CN=C(S1)NCC2=NOC=C2,CCC1C*C([W]CC2=C*C=C2)S1,CCC1CN=C(NCc2ccon2)S1,CCC1C*[CH]([W][CH2]c2c*cc2)S1,True,True,False,False,0.19672131147540983,11,14.0,2.0,1.0
CDK_Depict_46_93,C1C(ONC1=S)COC(=N)C(F)(F)F,[1H]=C(OCC1CC(=S)NO1)C(C)(F)F,N=C(OCC1CC(=S)NO1)C(F)(F)F,,True,False,False,False,0.0,14,14.0,1.0,1.0
CDK_Depict_46_94,C(C(P(=O)(C(C(O)Cl)(Cl)Cl)O)(Cl)Cl)(O)Cl,CC(C)C(C)(C)O(=O)(=O)C(C)(C)C(C)C,O=P(O)(C(Cl)(Cl)C(O)Cl)C(Cl)(Cl)C(O)Cl,,True,False,False,False,0.0,21,15.0,0.0,3.0
CDK_Depict_46_95,C[Si](C)(C)[Te]C,C[Si](C)(C)C,C[Te][Si](C)(C)C,C[Si](C)(C)C,True,True,False,False,0.3333333333333333,4,6.0,0.0,0.0
CDK_Depict_46_96,CC(C)(CO)C(=O)OP(=O)(CC=S)N,[12H]p(=O)(CC=S)OC(=O)C(C)(C)CC,CC(C)(CO)C(=O)OP(N)(=O)CC=S,,True,False,False,False,0.0,17,14.0,0.0,1.0
CDK_Depict_46_97,CCS/C(=C(/C)\C(=NC1=CC(=NC=C1NC)SC(F)(F)F)C)/SC(=N)Br,CC(F)(F)F.CCSC(SC(=N)S)=C(C)/C(C)=N/C1=CC=NC=C1,CCS/C(SC(=N)Br)=C(/C)C(C)=Nc1cc(SC(F)(F)F)ncc1NC,CC(F)(F)F.CCSC(SC(=N)S)=C(C)/C(C)=N/c1ccncc1,True,True,False,False,0.391304347826087,35,26.0,1.0,0.0
CDK_Depict_46_98,CC(C)[Si](C#C/C=C(\OC)/O[Si](C(C)C)(C(C)C)C(C)C)(C(C)C)C(C)C,CC/C(=C\C#C[Si](C(C)C)(C(C)C)C(C)C)O[Si](C(C)C)(C(C)C)C(C)C,CO/C(=C\C#C[Si](C(C)C)(C(C)C)C(C)C)O[Si](C(C)C)(C(C)C)C(C)C,CC/C(=C\C#C[Si](C(C)C)(C(C)C)C(C)C)O[Si](C(C)C)(C(C)C)C(C)C,True,True,False,False,0.5833333333333334,26,27.0,0.0,0.0
CDK_Depict_46_99,C#CC(=NC=N)CCO,C=C(CCOOOO)=[U]C=N,C#CC(CCO)=NC=N,,True,False,False,False,0.0,13,9.0,0.0,0.0
CDK_Depict_46_100,CC(=O)CNNCC(=O)C(=O)CNN[C@@H](CS)C(=O)SC1=C(C(=NC(=C1Cl)F)F)Cl,CC[C@H](NNCC(=O)C(=O)CNNCC(C)=O)C(=O)Sc1c(C)c(F)cc(F)c1C,CC(=O)CNNCC(=O)C(=O)CNN[C@@H](CS)C(=O)Sc1c(Cl)c(F)nc(F)c1Cl,CC[C@H](NNCC(=O)C(=O)CNNCC(C)=O)C(=O)Sc1c(C)c(F)cc(F)c1C,True,True,False,False,0.5172413793103449,30,30.0,1.0,1.0
CDK_Depict_47_1,C[Sn](C)(C)C#CC1CCCCC1,C*(C)(C)C#CCC1CCC[IH]CC1,[CH3][Sn]([CH3])([CH3])[C]#CC1CCCCC1,C*(C)(C)C#CCC1CCC[IH]CC1,True,True,False,False,0.14634146341463414,9,12.0,1.0,0.0
CDK_Depict_47_2,CC(C(N1CCN=C1)SC)O,C1=C[V]CC1.CC,CSC(C(C)O)N1C=NCC1,C1=[CH][V][CH2]C1.CC,True,True,False,False,0.10526315789473684,12,11.0,1.0,2.0
CDK_Depict_47_3,CC1(C=NN(C=N1)C(N)NC)NC,C[AlH2]C.C[AlH2]C([AlH2Z])[AlH2]1C=[AlH2],CNC(N)N1C=NC(C)(NC)C=N1,,True,False,False,False,0.0,35,13.0,1.0,2.0
CDK_Depict_47_4,C1NCN(C(=N1)N[N+](=O)[O-])OCCC2=CN=C(C=C2)Cl,CC1CC=C(CCOC2CCCCC2N[N+](=O)[O-])CC1,O=[N+]([O-])NC1=NCNCN1OCCc1ccc(Cl)nc1,CC1CC=C(CCOC2CCCCC2N[N+](=O)[O-])CC1,True,True,False,False,0.17721518987341772,30,20.0,2.0,0.0
CDK_Depict_47_5,C1COC(O1)C2=CC3=C(C=C2)[Se]C(=C4SC5=C(S4)SCCS5)[Se]3,CC(C)=C(C)[Ce]C1=C(Cl)cc(C2OCCO2)cc1,c1cc2c(cc1C1OCCO1)[Se]C(=C1SC3=C(SCCS3)S1)[Se]2,CC(C)=[C](C)[Ce][c]1ccc(C2OCCO2)cc1Cl,True,True,False,False,0.3018867924528302,33,23.0,5.0,0.0
CDK_Depict_47_6,CC(=O)N/C=C/CNC(=S)S,CC(=O)N/C=C/CCC(C)=S,CC(=O)N/C=C/CNC(=S)S,CC(=O)N/C=C/CCC(C)=S,True,True,False,False,0.5151515151515151,4,11.0,0.0,0.0
CDK_Depict_47_8,C(C(C(C(=O)O)O)[N+](=O)[O-])C(=O)O,CCC(=O)O.CCC(C)C,O=C(O)CC(C(O)C(=O)O)[N+](=O)[O-],CCC(=O)O.CCC(C)C,True,True,False,False,0.22580645161290322,23,13.0,0.0,2.0
CDK_Depict_47_9,CC1(CC(=O)C(C(=O)C1)N=NC2C(=O)OC(OC2=O)(C)C)C,C=C.CC(C)CC(=O)C(C)CC(C)C(=O)CC(C)C,CC1(C)CC(=O)C(N=NC2C(=O)OC(C)(C)OC2=O)C(=O)C1,C=C.CC(C)CC(=O)C(C)CC(C)C(=O)CC(C)C,True,True,False,False,0.045454545454545456,20,22.0,2.0,0.0
CDK_Depict_47_10,CC1=C(OC(=CC1)C)C#N,CC1CCC(C)C(C#N)C1,CC1=CCC(C)=C(C#N)O1,CC1CCC(C)C(C#N)C1,True,True,False,False,0.16666666666666666,10,10.0,1.0,0.0
CDK_Depict_47_11,CC(C)(C)[Si](C)(C)OCC1(CC=CSS1)CO,C[Si](OCC1(CCl)CCCSS1)C(C)(C)C,CC(C)(C)[Si](C)(C)OCC1(CO)CC=CSS1,C[Si](OCC1(CCl)CCCSS1)C(C)(C)C,True,True,False,False,0.1896551724137931,22,17.0,1.0,1.0
CDK_Depict_47_13,CCCCC1=CC=C(C=C1)OC2(OS2)N(S)S,*C(*)C1(Oc2ccc(CCCC)cc2)OS1,CCCCc1ccc(OC2(N(S)S)OS2)cc1,*C(*)C1(Oc2ccc(CCCC)cc2)OS1,True,True,False,False,0.6190476190476191,23,17.0,2.0,1.0
CDK_Depict_47_14,CCCC(=O)[C@H](C)NCP(=O)(CCCN)CN[C@@H](C)C(=O)CCC,C=C.CCC(C)=O.CCCC(=O)CC.CCN,CCCC(=O)[C@H](C)NCP(=O)(CCCN)CN[C@@H](C)C(=O)CCC,C=C.CCC(C)=O.CCCC(=O)CC.CCN,True,True,False,False,0.25,32,24.0,0.0,2.0
CDK_Depict_47_15,CC1=C(C=C(C=C1)CCC(NC(=S)NCC2=CC=C(C=C2)NS(=O)(=O)C)OC(=O)C(C)(C)C)C,Cc1ccc(CCC(NC(=S)NCc2ccc(NS(C)(=O)=O)cc2)OC(=O)C(C)(C)C)cc1C,Cc1ccc(CCC(NC(=S)NCc2ccc(NS(C)(=O)=O)cc2)OC(=O)C(C)(C)C)cc1C,Cc1ccc(CCC(NC(=S)NCc2ccc(NS(C)(=O)=O)cc2)OC(=O)C(C)(C)C)cc1C,True,True,True,True,1.0,31,34.0,2.0,1.0
CDK_Depict_47_16,CC1=NC(N(N1C)C)[Si],C=C(C)C.C[Si],CC1=NC([Si])N(C)N1C,C=C(C)C.C[Si],True,True,False,False,0.08,9,9.0,1.0,1.0
CDK_Depict_47_17,CCCOCC(C)CN(CCP(=O)(C)C)CP(=O)(C)C,C*(C)(=O)=O.CC.CCCC.C[PH](C)=O,CCCOCC(C)CN(CCP(C)(C)=O)CP(C)(C)=O,C*(C)(=O)=O.CC.CCCC.C[PH](C)=O,True,True,False,False,0.11363636363636363,24,20.0,0.0,1.0
CDK_Depict_47_18,CC1C2C(C1OC=N2)N,CC1C2CCOC1CC2,CC1C2N=COC1C2N,CC1C2CCOC1CC2,True,True,False,False,0.14285714285714285,7,9.0,3.0,4.0
CDK_Depict_47_19,[B-](O)(C1([I+]C1CC)CC)(/C(=C/CC)/CC)/C(=C/CC)/CC,CCC.CCC(C)C(C)CC.CCCC(C)CC.CCCC(CC)CC(CC)CCC,CC/C=C(\CC)[B-](O)(/C(=C/CC)CC)C1(CC)[I+]C1CC,CCC.CCC(C)C(C)CC.CCCC(C)CC.CCCC(CC)CC(CC)CCC,True,True,False,False,0.061224489795918366,28,21.0,1.0,3.0
CDK_Depict_47_20,C1CC=C(C1)P(O)O,COC.Cc1cCCC1.O,OP(O)C1=CCCC1,CC1=CCCC1.COC.O,True,True,False,False,0.32142857142857145,11,8.0,1.0,0.0
CDK_Depict_47_21,C=CC1(CC(C1)C#N)Cl,C#CC(C)CC(C)C=C,C=CC1(Cl)CC(C#N)C1,C#CC(C)CC(C)C=C,True,True,False,False,0.10810810810810811,9,9.0,1.0,2.0
CDK_Depict_47_22,C1[C@H](CC(=C(F)F)[C@H]1N)C2=NNN=N2,*C(C)=C1C[C@@H](C)C[C@@H]1*,N[C@H]1C[C@@H](c2nn[nH]n2)CC1=C(F)F,*C(C)=C1C[C@@H](C)C[C@@H]1*,True,True,False,False,0.14893617021276595,24,14.0,2.0,2.0
CDK_Depict_47_23,CCCC[C@H](C(=C=C(CO)CO[Si](C)(C)C(C)(C)C)C)OCOC,CC(C)(C)[Si](C)(C)O.CCCC[C@H](OCCC)C(C)=C=C(CC)CO,CCCC[C@@H](OCOC)C(C)=C=C(CO)CO[Si](C)(C)C(C)(C)C,CC(C)(C)[Si](C)(C)O.CCCC[C@H](OCCC)C(C)=C=C(CC)CO,True,True,False,False,0.5849056603773585,27,24.0,0.0,1.0
CDK_Depict_47_24,CCN=C(C(=CCO)Cl)Cl,CC/C=C(/C)CCCC.CCC,CCN=C(Cl)C(Cl)=CCO,CC/C=C(/C)CCCC.CCC,True,True,False,False,0.17647058823529413,10,10.0,0.0,0.0
CDK_Depict_47_25,CN(C)CCN(C)C(=O)NI,**C(=O)*(C)CCC,CN(C)CCN(C)C(=O)NI,**C(=O)*(C)CCC,True,True,False,False,0.13513513513513514,14,11.0,0.0,0.0
CDK_Depict_47_26,[B]C(C)C(C)C=O,C=CC(C)C(C)C,[B]C(C)C(C)C=O,C=CC(C)C(C)C,True,True,False,False,0.23809523809523808,5,7.0,0.0,2.0
CDK_Depict_47_27,CC(=O)OC1(N=NC(O1)(C)C)CC2=CC=CC=C2,C=C(C)C.CCC(CC1ccccc1)CC(C)(C)C,CC(=O)OC1(Cc2ccccc2)N=NC(C)(C)O1,,True,False,False,False,0.0,24,18.0,2.0,1.0
CDK_Depict_47_28,CCCCN=C(C)C1C(=O)CSC1=O,CCCCCC(C)C1C(=O)CCC1C,CCCCN=C(C)C1C(=O)CSC1=O,CCCCCC(C)C1C(=O)CCC1C,True,True,False,False,0.24,5,14.0,1.0,1.0
CDK_Depict_47_29,CC(C)(/C=C/OC)C1=CC(=C(C=C1)OC)O[I-]C(=O)C2=CC=CC=C2,C/C=C/C(C)(C)C.CC.CC1CCCCC1OCC(=O)c1ccccc1,CO/C=C/C(C)(C)c1ccc(OC)c(O[I-]C(=O)c2ccccc2)c1,C/C=C/C(C)(C)C.CC.CC1CCCCC1OCC(=O)c1ccccc1,True,True,False,False,0.23943661971830985,32,25.0,2.0,0.0
CDK_Depict_47_30,C1=CC=[N+](C=C1)C2=NC(=C(C(=N2)NC=CC=CC=O)Cl)N,C=CCCC=CCc1[nH]c(-[nH]2ccccc2)[nH]c(C)c1Cl,Nc1nc(-[n+]2ccccc2)nc(NC=CC=CC=O)c1Cl,,True,False,False,False,0.0,37,21.0,2.0,0.0
CDK_Depict_47_31,CC(C)(C)C(=O)OCOC(=O)CCC1=NN=CS1,CC(=O)C(C)C.CC(=O)CCC1CCCS1,CC(C)(C)C(=O)OCOC(=O)CCc1nncs1,CC(=O)C(C)C.CC(=O)CCC1CCCS1,True,True,False,False,0.11864406779661017,13,18.0,1.0,0.0
CDK_Depict_47_32,CC(C)(C)[Si](C)(C)OC1=CC(=C(C=C1)OC)P(N(C)C)N(C)C,**(c1cc(O[Si](C)(C)C(C)(C)C)ccc1OC)C(C)C,COc1ccc(O[Si](C)(C)C(C)(C)C)cc1P(N(C)C)N(C)C,**(c1cc(O[Si](C)(C)C(C)(C)C)ccc1OC)C(C)C,True,True,False,False,0.5,26,23.0,1.0,0.0
CDK_Depict_47_33,COC1=CC(C(=CC1C([N+](=O)[O-])([N+](=O)[O-])[N+](=O)[O-])F)O,CCC1CC(C)C(C)CC1C(C)(C(=O)[O-])N(=O)[O-],COC1=CC(O)C(F)=CC1C([N+](=O)[O-])([N+](=O)[O-])[N+](=O)[O-],,True,False,False,False,0.0,29,20.0,1.0,2.0
CDK_Depict_47_34,B1=CB=C1,CC.CCC,B1=CB=C1,CC.CCC,True,True,False,False,0.0,6,4.0,1.0,0.0
CDK_Depict_47_35,C[C@H]([C@@H]([C@H](CC(OC)OC)Cl)Cl)OC(=O)C(Cl)(Cl)Cl,CCC(C)CC(C)C(C)C(C)CC(C)CCCC(C)CCC(=O)C(C)(C)C,COC(C[C@H](Cl)[C@@H](Cl)[C@@H](C)OC(=O)C(Cl)(Cl)Cl)OC,CCC(C)CC(C)C(C)C(C)CC(C)CCCC(C)CCC(=O)C(C)(C)C,True,True,False,False,0.16666666666666666,27,19.0,0.0,3.0
CDK_Depict_47_36,[B]1C(CCC1(C)CCCC)/C=C/C(=O)O,CCCCC(C)(C)CCC(C)/C=C/C(C)=O,CCCCC1(C)[B]C(/C=C/C(=O)O)CC1,CCCCC(C)(C)CCC(C)/C=C/C(C)=O,True,True,False,False,0.20754716981132076,11,15.0,1.0,2.0
CDK_Depict_47_37,CC(=O)NNC(=S)N/C=C(\C#N)/C(=O)OC,C#CC(CCC(N)=S)C(=O)OC.CC=O,COC(=O)/C(C#N)=C/NC(=S)NNC(C)=O,C#CC(CCC(N)=S)C(=O)OC.CC=O,True,True,False,False,0.2037037037037037,22,16.0,0.0,0.0
CDK_Depict_47_38,C1=CC=C2C(=C1)C(=NC3=CC=NC=C3)C4=CC=CC=C4[Se]2,C=C(c1ccccc1C)c1ccccc1C,c1ccc2c(=Nc3ccncc3)c3ccccc3[se]c2c1,C=C(c1ccccc1C)c1ccccc1C,True,True,False,False,0.15384615384615385,38,21.0,4.0,0.0
CDK_Depict_47_39,C1=CN=CC(=C1C2OC=CO2)N,*c1ccccc1C1OCCCO1,Nc1cnccc1C1OC=CO1,*c1ccccc1C1OCCCO1,True,True,False,False,0.16666666666666666,16,12.0,2.0,0.0
CDK_Depict_47_40,CC(C)(C)NC1=CN=C(N=C1)CC(C)(C)NC2=CC(=CN=C2)F,CCc1ccc(N)cc1.Cc1c*cc(Cl)c1,CC(C)(C)Nc1cnc(CC(C)(C)Nc2cncc(F)c2)nc1,CCc1ccc(N)cc1.Cc1c*cc(Cl)c1,True,True,False,False,0.13559322033898305,36,23.0,2.0,0.0
CDK_Depict_47_41,B(C(C)(C)C)(C(C)(C)C)N=S=NB(C(C)(C)C)C(C)(C)C,CC(C)(C)C.CC(C)(C)C.CC(C)(C)C,CC(C)(C)B(N=S=NB(C(C)(C)C)C(C)(C)C)C(C)(C)C,CC(C)(C)C.CC(C)(C)C.CC(C)(C)C,True,True,False,False,0.21428571428571427,19,21.0,0.0,0.0
CDK_Depict_47_42,CC(C)(C)N(O)[Si](C)C,C[SiH](C)N(O)C(C)(C)C,C[Si](C)N(O)C(C)(C)C,C[SiH](C)N(O)C(C)(C)C,True,True,False,False,0.35,9,9.0,0.0,0.0
CDK_Depict_47_43,CC(=O)N[C@H]1[C@@H](C=C[C@@H]1SC(=O)C)O,CC(C)=O.CC(C)C.C[C@H]1CC[C@H](C)C1,CC(=O)N[C@H]1[C@H](O)C=C[C@@H]1SC(C)=O,CC(C)=O.CC(C)C.C[C@H]1CC[C@H](C)C1,True,True,False,False,0.15384615384615385,21,14.0,1.0,3.0
CDK_Depict_47_44,CC(C)(ONC)OS(=O)(=O)C,CCC(C)CS(C)(=O)=O,CNOC(C)(C)OS(C)(=O)=O,CCC(C)CS(C)(=O)=O,True,True,False,False,0.15625,9,11.0,0.0,0.0
CDK_Depict_47_45,CC/C=C(\C=C(/C(=C=C)OC)\Cl)/Cl,C=C=C(C)C(C)CC(C)CC,C=C=C(OC)/C(Cl)=C\C(Cl)=C/CC,C=C=C(C)C(C)CC(C)CC,True,True,False,False,0.19047619047619047,15,13.0,0.0,0.0
CDK_Depict_47_46,C1=CN(NC(=O)N1)N[C@@H]2[C@H]([C@@H]([C@H](O2)CO)O)O,C=C[Zr]C(N)=O.CC[C@H]1CC(C)C(C)C1C,O=C1NC=CN(N[C@H]2O[C@H](CO)[C@@H](O)[C@@H]2O)N1,C=[CH][Zr][C](N)=O.CC[C@H]1CC(C)C(C)C1C,True,True,False,False,0.06060606060606061,34,17.0,2.0,4.0
CDK_Depict_47_47,[B-]1(C#CC2=CC(=C[N+](=C2)[B-](C#CC3=CC(=C[N+](=C3)[B-](C#CC4=CC(=C[N+]1=C4)OC)(CC)CC)OC)(CC)CC)OC)(CC)CC,CC.CC[(S-](CC)(CC)[n+]1cc(C#C[n+](CC)(CC)[n+]2cc(OC)cc(C#C[S-](CC)(CC)[n+]3cc(C)cc(C#C[S-](CC)(CC)[n+]4cc(CC)cc(C#C[n+](CC)(CC)[n+](c2)c2)c1)c3)c2)c1,CC[B-]1(CC)C#Cc2cc(OC)c[n+](c2)[B-](CC)(CC)C#Cc2cc(OC)c[n+](c2)[B-](CC)(CC)C#Cc2cc(OC)c[n+]1c2,,True,False,False,False,0.0,97,45.0,4.0,0.0
CDK_Depict_47_48,CC=NS(=O)OC(F)(F)F,CC=CS(=O)CC(C)(C)C,CC=NS(=O)OC(F)(F)F,CC=CS(=O)CC(C)(C)C,True,True,False,False,0.21212121212121213,5,10.0,0.0,1.0
CDK_Depict_47_49,CCCSC(CO)C(CO)(CO)C(=S)S,CCC(C)(CO)C(=S)S.CCCC,CCCSC(CO)C(CO)(CO)C(=S)S,CCC(C)(CO)C(=S)S.CCCC,True,True,False,False,0.3611111111111111,13,15.0,0.0,1.0
CDK_Depict_47_50,CC(C)O[Si](C)(C)OC(C)(C)S,CCO[Si](C)(C)OC,CC(C)O[Si](C)(C)OC(C)(C)S,CCO[Si](C)(C)OC,True,True,False,False,0.16666666666666666,10,12.0,0.0,0.0
CDK_Depict_47_52,CC/C=N\C(=N/C(=C)OC)\OC,C=C(C)C=C(C)*CC,C=C(/N=C(\N=C/CC)OC)OC,C=C(C)C=C(C)*CC,True,True,False,False,0.1891891891891892,13,12.0,0.0,0.0
CDK_Depict_47_53,COC(=C(C=C)NC(=O)C(=CCN1CC2C(C1)OCCO2)F)C=C,C=CC(CC)=C(C=C)C(C)=C(F)C(F)=CCN1CC2CCCCC2C1,C=CC(NC(=O)C(F)=CCN1CC2OCCOC2C1)=C(C=C)OC,C=CC(CC)=C(C=C)C(C)=C(F)C(F)=CCN1CC2CCCCC2C1,True,True,False,False,0.29850746268656714,23,24.0,2.0,2.0
CDK_Depict_47_54,C/C(=C(/NC)\F)/C(NC)Br,C[4H]/C(C)=C(\C)C(C)C,CN/C(F)=C(/C)C(Br)NC,,True,False,False,False,0.0,14,10.0,0.0,1.0
CDK_Depict_47_55,CC(CN1C=NN=C1)C(=O)N2CCNCC2,CC(C*1C=**C1)C(=O)*1CC[1H]CC1,CC(Cn1cnnc1)C(=O)N1CCNCC1,,True,False,False,False,0.0,11,16.0,2.0,1.0
CDK_Depict_47_56,B(=NC1=CC=CC=C1C2=CC=CC=C2)C3=CC=CC=C3C4=CC=CC=C4,Cc1ccccc1-c1ccccc1.Cc1ccccc1-c1ccccc1,B(=Nc1ccccc1-c1ccccc1)c1ccccc1-c1ccccc1,Cc1ccccc1-c1ccccc1.Cc1ccccc1-c1ccccc1,True,True,False,False,0.3793103448275862,46,26.0,4.0,0.0
CDK_Depict_47_57,CC(CN1C=CN=C1)NC2=NSN=C2Cl,CC1CS*c1*C*1C=*C=C1,CC(Cn1ccnc1)Nc1nsnc1Cl,CC1CS*C1*C*1c*cc1,True,True,False,False,0.05970149253731343,18,15.0,2.0,1.0
CDK_Depict_47_58,C1(C(=C(N1F)F)F)C(=O)O,CC1C([Z])CC(=O)O,O=C(O)C1C(F)=C(F)N1F,,True,False,False,False,0.0,11,10.0,1.0,1.0
CDK_Depict_47_59,CC(C)(C/C=C\CCC(C(F)(F)F)(F)F)CC(C)(C)CCl,CCC/C=C\CCC(C)(C)C(C)(C)C,CC(C)(CCl)CC(C)(C)C/C=C\CCC(F)(F)C(F)(F)F,CCC/C=C\CCC(C)(C)C(C)(C)C,True,True,False,False,0.2631578947368421,17,21.0,0.0,0.0
CDK_Depict_47_60,C1C(=O)C=CC(=C1C(=O)C[N+](=O)[O-])Br,CC*(=O)CC(=O)C1CC(C)CCC1SC,O=C1C=CC(Br)=C(C(=O)C[N+](=O)[O-])C1,CC*(=O)CC(=O)C1CC(C)CCC1SC,True,True,False,False,0.08333333333333333,22,14.0,1.0,0.0
CDK_Depict_47_62,C1=C(SC(=C1OC(=O)Cl)S(=O)(=O)Cl)Cl,C=C(C)Oc1ccSc1O(C)(=O)=O,O=C(Cl)Oc1cc(Cl)sc1S(=O)(=O)Cl,,True,False,False,False,0.0,20,14.0,1.0,0.0
CDK_Depict_47_63,C(CBr)C(CC(=O)CC(CCBr)(S)S)(S)S,CCCC(C)(C)CCC.CCCC(C)S,O=C(CC(S)(S)CCBr)CC(S)(S)CCBr,CCCC(C)(C)CCC.CCCC(C)S,True,True,False,False,0.11428571428571428,18,16.0,0.0,0.0
CDK_Depict_47_64,CC(C)N(C(C)C)P(CCC(CCCNC(=O)C(F)(F)F)CCC#N)(N)(O)O,C#CCCC(CCCC)CC[(C]([Cd)])([Cd)z])([Cd)z])([Cd)z])([Cd)].CC(C)C,CC(C)N(C(C)C)P(N)(O)(O)CCC(CCC#N)CCCNC(=O)C(F)(F)F,,True,False,False,False,0.0,41,28.0,0.0,1.0
CDK_Depict_47_65,COCC(=S)C=C(C(F)(F)F)S,CC(=S)C=C(C)C(F)(F)F,COCC(=S)C=C(S)C(F)(F)F,CC(=S)C=C(C)C(F)(F)F,True,True,False,False,0.3125,6,12.0,0.0,0.0
CDK_Depict_47_66,C1CC(=C(C(=C1)F)C#N)I,C#Cc1c(I)CCcc1I,N#CC1=C(I)CCC=C1F,C#CC1=C(I)CCC=C1I,True,True,False,False,0.45161290322580644,15,10.0,1.0,0.0
CDK_Depict_47_67,C1=CS(C(=C1)[N+](=O)[O-])(C(=O)N)Br,*C(=O)S1(*)C=CC=C1C(C)=O,NC(=O)S1(Br)C=CC=C1[N+](=O)[O-],*C(=O)S1(*)C=CC=C1C(C)=O,True,True,False,False,0.2619047619047619,27,12.0,1.0,1.0
CDK_Depict_47_68,CC1=C(NN=C1)CNC2=C(ON=C2)C,CC1=C(CCC2=C(C)CC=C2)[4H][U]=C1,Cc1cn[nH]c1CNc1cnoc1C,,True,False,False,False,0.0,18,14.0,2.0,0.0
CDK_Depict_47_69,CCNC1=NC(=NC(=N1)SC)[N+]2=C(CC(=N2)C)C,CCNC1=[(]C(CC)=[(]C(N2[(]C(C)=CC2C)=[(]1)=[(])=[(],CCNc1nc(SC)nc([N+]2=C(C)CC(C)=N2)n1,,True,False,False,False,0.0,33,18.0,2.0,0.0
CDK_Depict_47_70,CC(C)(CONO)C(=O)NC(CSC(=O)C(C)(C)CO[N+](=O)[O-])SC,**CCC(C)(C)C(=O)NC(CCC(=O)C(C)(C)C*[N+](=O)[O-])SC,CSC(CSC(=O)C(C)(C)CO[N+](=O)[O-])NC(=O)C(C)(C)CONO,**CCC(C)(C)C(=O)NC(CCC(=O)C(C)(C)C*[N+](=O)[O-])SC,True,True,False,False,0.3382352941176471,8,25.0,0.0,1.0
CDK_Depict_47_71,B(CC[Si](C)(C)C)(O)OCCNCCO,*CC*CCO[Si](O)CC[SiH](C)C,C[Si](C)(C)CCB(O)OCCNCCO,*CC*CCO[Si](O)CC[SiH](C)C,True,True,False,False,0.09259259259259259,17,15.0,0.0,0.0
CDK_Depict_47_72,CN(CCC1CCOCC1)C(=O)NCN=C=O,CN(CCC1CCOCC1)C(=O)*C*=C=O,CN(CCC1CCOCC1)C(=O)NCN=C=O,CN(CCC1CCOCC1)C(=O)*C*=C=O,True,True,False,False,0.5,2,17.0,1.0,0.0
CDK_Depict_47_73,C1=CN=NC=C1C(=O)NNC(=O)N,CC(C)=O.CCCC(CC)CC,NC(=O)NNC(=O)c1ccnnc1,CC(C)=O.CCCC(CC)CC,True,True,False,False,0.075,16,13.0,1.0,0.0
CDK_Depict_47_74,C1(=NC(=NN1)P)C2=NNC(=N2)Cl,*C.C=C(C)[U]*C(C)C,Pc1n[nH]c(-c2n[nH]c(Cl)n2)n1,*C.C=[C](C)[U][*]C(C)C,True,True,False,False,0.0,19,12.0,2.0,0.0
CDK_Depict_47_75,CC1=CC=C(O1)C(C)/C=C(/C=C/C(=O)OC)\OC(=O)C,CC(=O)CCC(C)CC(C)c1ccc(C)c1.CC(C)=O,COC(=O)/C=C/C(=C/C(C)c1ccc(C)o1)OC(C)=O,,True,False,False,False,0.0,28,20.0,1.0,1.0
CDK_Depict_47_76,CC1=C(C(=NN1C)F)I,CCCCCC.CCCCCCC,Cc1c(I)c(F)nn1C,CCCCCC.CCCCCCC,True,True,False,False,0.037037037037037035,12,9.0,1.0,0.0
CDK_Depict_47_77,COP(=O)(C)OCC(=O)C1=COC=C1,C/C=C(\C)CC.CCC(C)=O,COP(C)(=O)OCC(=O)c1ccoc1,C/C=C(\C)CC.CCC(C)=O,True,True,False,False,0.11363636363636363,17,14.0,1.0,1.0
CDK_Depict_47_78,[2H]C([2H])([2H])C(=O)N([2H])I,C=CC,[2H]N(I)C(=O)C([2H])([2H])[2H],C=CC,True,True,False,False,0.047619047619047616,28,9.0,0.0,0.0
CDK_Depict_47_79,C(=N)(N)SNC(=S)N,CC(C)S.S,N=C(N)SNC(N)=S,CC(C)S.S,True,True,False,False,0.0,11,8.0,0.0,0.0
CDK_Depict_47_80,C1=C2NC(=N1)N2[N+](=O)[O-],O=*(=O)*1C2*C1C[U]C2,O=[N+]([O-])n1c2cnc1[nH]2,O=*(=O)*1C2*C1[CH2][U][CH2]2,True,True,False,False,0.023809523809523808,22,9.0,3.0,0.0
CDK_Depict_47_81,C1CCN(C1)N2N=CC(=CS2)C3=CC=CS3,*1cccc1C1CCCSC1.C1CCC1,C1=NN(N2CCCC2)SC=C1c1cccs1,*1cccc1C1CCCSC1.C1CCC1,True,True,False,False,0.125,21,16.0,3.0,0.0
CDK_Depict_47_82,CCCCCCCCCCC(=O)C(C(N)(Br)Br)N,*C(C(=C)CCCCCCCCCC)C(C)(C)C,CCCCCCCCCCC(=O)C(N)C(N)(Br)Br,*C(C(=C)CCCCCCCCCC)C(C)(C)C,True,True,False,False,0.3333333333333333,16,18.0,0.0,1.0
CDK_Depict_47_83,CC(C)(C)ON(NC(C)(C)C=O)O,C=CC(C)(C)C.CC.CC(C)(C)C,CC(C)(C=O)NN(O)OC(C)(C)C,C=CC(C)(C)C.CC.CC(C)(C)C,True,True,False,False,0.13333333333333333,12,13.0,0.0,0.0
CDK_Depict_47_85,CC(C)OP(=O)(C1=C(NN=C1SC)N)OC(C)C,CC(C)C.CCC.C[PH](C)(=O)=O.C[W]C,CSc1n[nH]c(N)c1P(=O)(OC(C)C)OC(C)C,,True,False,False,False,0.0,24,18.0,1.0,0.0
CDK_Depict_47_86,COP(=O)(C/C(=N/NC(=O)N)/COC1=CC(=CC=C1)Cl)OC,CC1=CC=CC(C)=C1.CCC(C*(=O)(O)CC)NC(C)=O,COP(=O)(C/C(COc1cccc(Cl)c1)=N/NC(N)=O)OC,CCC(C*(=O)(O)CC)NC(C)=O.Cc1cccc(C)c1,True,True,False,False,0.16901408450704225,31,22.0,1.0,0.0
CDK_Depict_47_87,CC(C)(C)OO[Al](OC(C)(C)C)OC(C)(C)C,CC.CC.CC.CC(C)(C)C.CO,CC(C)(C)O[O][Al]([O]C(C)(C)C)[O]C(C)(C)C,CC.CC.CC.CC(C)(C)C.CO,True,True,False,False,0.15,21,17.0,0.0,0.0
CDK_Depict_47_88,CCCCC1=C(N(C(=C1)O)C)SC,CCCC(C=CO)C(C)[O-],CCCCc1cc(O)n(C)c1SC,CCCC(C=CO)C(C)[O-],True,True,False,False,0.10869565217391304,13,13.0,1.0,0.0
CDK_Depict_47_89,CCSC(C1=C(C=CC(=C1)Br)N=[N+]=[N-])SCC,CCC.CCC.CCC(c1ccc([K])c1)C(C)C,CCSC(SCC)c1cc(Br)ccc1N=[N+]=[N-],,True,False,False,False,0.0,24,17.0,1.0,0.0
CDK_Depict_47_90,CC(C)(C)C1NC(CO1)COC=O,CC(C)(C)C1COCC(COC=O)[U]1,CC(C)(C)C1NC(COC=O)CO1,CC(C)(C)[CH]1COC[CH](COC=O)[U]1,True,True,False,False,0.4186046511627907,10,13.0,1.0,2.0
CDK_Depict_47_91,CCOC(=O)CC1=NC=C(C(=C1Br)C(F)F)CBr,C.CC1ccccc1.CCC,CCOC(=O)Cc1ncc(CBr)c(C(F)F)c1Br,,True,False,False,False,0.0,27,18.0,1.0,0.0
CDK_Depict_47_92,C1COCC(N1NO)(NN)NNC2=CC=CC=C2,**[Al]1CCOCC1([Al][AlH]c1ccccc1)[AlH]*,NNC1(NNc2ccccc2)COCCN1NO,*[*][Al]1[CH2]COC[C]1([Al][AlH][c]1ccccc1)[AlH][*],True,True,False,False,0.203125,32,18.0,2.0,1.0
CDK_Depict_47_93,CCOC(=C)C(CS)NCNC,CC.CC(O)CCS.CCC,C=C(OCC)C(CS)NCNC,CC.CC(O)CCS.CCC,True,True,False,False,0.2222222222222222,8,12.0,0.0,1.0
CDK_Depict_47_94,CC(C)(C)C1=CC(=O)C=C(C1=S=S=C2C(=CC(=O)C=C2C(C)(C)C)C(C)(C)C)C(C)(C)C,C=C1cc(C(C)(C)C)c(C=CC2c(C(C)(C)C)cC(=O)Cc2C(C)(C)C)c(C(C)(C)C)C1,CC(C)(C)C1=CC(=O)C=C(C(C)(C)C)C1=S=S=C1C(C(C)(C)C)=CC(=O)C=C1C(C)(C)C,C=C1C=C(C(C)(C)C)C(C=CC2C(C(C)(C)C)=CC(=O)CC2C(C)(C)C)=C(C(C)(C)C)C1,True,True,False,False,0.20754716981132076,33,32.0,2.0,0.0
CDK_Depict_47_95,C1CN(CCN1)CCC2=CN=CN=N2,*1cC=*cc1CCC1CCNCC1,c1ncc(CCN2CCNCC2)nn1,*1=C(CCC2CCNCC2)C=*=CC1,True,True,False,False,0.16981132075471697,15,14.0,2.0,0.0
CDK_Depict_47_96,C[N+](C)(CCOO[PH+](C)OCC(CO)O)CC(CO)O,COCC(O)CO[P+](C)(CO)COCCN(C)(C)CC(O)CO,C[PH+](OCC(O)CO)OOCC[N+](C)(C)CC(O)CO,,True,False,False,False,0.0,20,20.0,0.0,3.0
CDK_Depict_47_97,CC1=[N+](N=CC1=C)C,C=C1c**(C)c1C,C=C1C=N[N+](C)=C1C,C=C1C*=*(C)C1C,True,True,False,False,0.11428571428571428,13,8.0,1.0,0.0
CDK_Depict_47_98,C[Si](C)(C)OCCCOC(C1=CC=CC=C1)[N+]#[C-],C#[N+]C(CCCCC*(C)(C)C)c1ccccc1,[C-]#[N+]C(OCCCO[Si](C)(C)C)c1ccccc1,C#[N+]C(CCCCC*(C)(C)C)c1ccccc1,True,True,False,False,0.26,26,18.0,1.0,1.0
CDK_Depict_47_99,C=C(N)[N+](=O)[S-],C=C.C=O,C=C(N)[N+](=O)[S-],C=C.C=O,True,True,False,False,0.13333333333333333,13,6.0,0.0,0.0
CDK_Depict_47_100,CCOCNC(/C=C\CC([C@@](C)(CF)C(C)NC)F)C#C,C#CC(/C=C\CC(C)C(C)(C)C(C)CC)CCCCC,C#CC(/C=C\CC(F)[C@@](C)(CF)C(C)NC)NCOCC,C#CC(/C=C\CC(C)C(C)(C)C(C)CC)CCCCC,True,True,False,False,0.25,12,21.0,0.0,4.0
CDK_Depict_47_101,[2H]C1=CC(=CC(=C1O)[2H])/C(=C/C(=O)O)/[2H],*c1cC(CCC(=C)C)cc(C)C1O,[2H]/C(=C\C(=O)O)c1cc([2H])c(O)c([2H])c1,*C1=CC(CCC(=C)C)C=C(C)C1O,True,True,False,False,0.0784313725490196,28,15.0,1.0,0.0
CDK_Depict_47_102,CC/C(=C(/C)\C=C)/OS(=O)(=O)N,C=CC(C)=C(C)O.C[SH](=O)=O,C=C/C(C)=C(\CC)OS(N)(=O)=O,C=CC(C)=C(C)O.C[SH](=O)=O,True,True,False,False,0.29411764705882354,15,12.0,0.0,0.0
CDK_Depict_47_103,CS(=O)(=O)C1=CC=C(S1)S(C2=CC=CC=C2)(O)O,*S(*)(c1ccc(S(C)(=O)=O)c1)C1ccccc1,CS(=O)(=O)c1ccc(S(O)(O)c2ccccc2)s1,,True,False,False,False,0.0,31,18.0,2.0,0.0
CDK_Depict_47_104,C1C(N(C(=S)O1)C2=NC=CC=N2)(N)[N+](=O)[O-],*.*.*.*.*.*.*.*.*.*.*.*.*.*.*.*.*.*.*,NC1([N+](=O)[O-])COC(=S)N1c1ncccn1,*.*.*.*.*.*.*.*.*.*.*.*.*.*.*.*.*.*.*,True,True,False,False,0.0,41,16.0,2.0,1.0
CDK_Depict_47_105,CC(OC)[SiH]1CCC(CC1)S,CCC(C)[SiH]1CCC(C)CC1,COC(C)[SiH]1CCC(S)CC1,CCC(C)[SiH]1CCC(C)CC1,True,True,False,False,0.3125,6,11.0,1.0,3.0
CDK_Depict_47_106,C=S1(=O)CC2=C(C=CC=C2O)C(=N1)N,*C1=*[SH](C)(=O)Cc2c(O)cccc21,C=S1(=O)Cc2c(O)cccc2C(N)=N1,*C1=*[SH](C)(=O)Cc2c(O)cccc21,True,True,False,False,0.30612244897959184,25,14.0,2.0,1.0
CDK_Depict_47_107,CC(C)C1=NC/C(=C/COCC2=CC=CC=C2)/S1,CCCC1CCC(C(C)C)s1.CCc1ccccc1,CC(C)C1=NC/C(=C/COCc2ccccc2)S1,CCCC1CCC(C(C)C)S1.CCc1ccccc1,True,True,False,False,0.24561403508771928,20,18.0,2.0,0.0
CDK_Depict_47_108,CC(CO[Si](C)(C)C)(C#N)N=NC(C)(CO[Si](C)(C)C)C#N,C#CC(CC)[V]=*C(C)C=C.C[SiH](C)C,CC(C#N)(CO[Si](C)(C)C)N=NC(C)(C#N)CO[Si](C)(C)C,C#C[CH](CC)[V]=[*]C(C)C=C.C[SiH](C)C,True,True,False,False,0.08163265306122448,29,22.0,0.0,2.0
CDK_Depict_47_110,C/C=C/C(=C)P(C)C(C)C,C=C(C)CCC.CCC,C=C(/C=C/C)P(C)C(C)C,C=C(C)CCC.CCC,True,True,False,False,0.13333333333333333,10,10.0,0.0,1.0
CDK_Depict_47_111,B(O[C@H]([C@@H](COCC1=CC=CC=C1)C(C)C)N([Si](C)(C)C)[Si](C)(C)C)(O[C@H]([C@@H](COCC2=CC=CC=C2)C(C)C)N([Si](C)(C)C)[Si](C)(C)C)O[C@H]([C@@H](COCC3=CC=CC=C3)C(C)C)N([Si](C)(C)C)[Si](C)(C)C,CC(C)[C@@H](COCc1ccccc1)[C@@H](C)O[Si](C)(O[C@@H]([C@H](COCc1ccccc1)C(C)C)N([Si](C)(C)C)[Si](C)(C)C)N([Si](C)(C)C)[Si](C)(C)C)[C@@H](C)O[Si](C)(C)C,CC(C)[C@H](COCc1ccccc1)[C@@H](OB(O[C@H]([C@@H](COCc1ccccc1)C(C)C)N([Si](C)(C)C)[Si](C)(C)C)O[C@H]([C@@H](COCc1ccccc1)C(C)C)N([Si](C)(C)C)[Si](C)(C)C)N([Si](C)(C)C)[Si](C)(C)C,,True,False,False,False,0.0,82,73.0,3.0,6.0
CDK_Depict_47_112,C/C=C(\C(C(C)CCl)O)/Br,C=C(N)CCCC,C/C=C(/Br)C(O)C(C)CCl,C=C(N)CCCC,True,True,False,False,0.08823529411764706,14,10.0,0.0,2.0
CDK_Depict_47_113,CC1=C(C(=O)CC2(C1)CCCC2)N=NC3=NC=NS3,CC(C)C(*=*c1S[U]c[U]1)C(=O)CC1CCCC1,CC1=C(N=Nc2ncns2)C(=O)CC2(CCCC2)C1,CC(C)C(*=*[CH]1[S][U][CH2][U]1)C(=O)CC1CCCC1,True,True,False,False,0.0821917808219178,29,19.0,3.0,0.0
CDK_Depict_47_114,CC(=O)OC(C)(C)C(C)(C)C(CBr)Br,CC.CC.CC.CC.CC,CC(=O)OC(C)(C)C(C)(C)C(Br)CBr,CC.CC.CC.CC.CC,True,True,False,False,0.038461538461538464,19,14.0,0.0,1.0
CDK_Depict_47_115,CI(C)(C)(C)OI,CC.CC,CI(C)(C)(C)OI,CC.CC,True,True,False,False,0.1,9,7.0,0.0,0.0
CDK_Depict_47_116,CC(C#N)(C(=O)Cl)F,CC(=O)CC#N,CC(F)(C#N)C(=O)Cl,CC(=O)CC#N,True,True,False,False,0.25925925925925924,10,8.0,0.0,1.0
CDK_Depict_47_117,CN(C)CCCNCC(=N)C#N,*=C(C#C)CC.CCCCCC,CN(C)CCCNCC(=N)C#N,*=C(C#C)CC.CCCCCC,True,True,False,False,0.12195121951219512,12,12.0,0.0,0.0
CDK_Depict_47_118,C(C([N+](=O)[O-])(F)F)OC1=NC(=NC(=N1)OCC([N+](=O)[O-])(F)F)OCC([N+](=O)[O-])(F)F,CC1=CC(CCC(C)(C)[N+](=O)[O-])=*C(OCC(C)[N+](=O)[O-])=C1.CCC(C)(C)[N+](=O)[O-],O=[N+]([O-])C(F)(F)COc1nc(OCC(F)(F)[N+](=O)[O-])nc(OCC(F)(F)[N+](=O)[O-])n1,CCC(C)(C)[N+](=O)[O-].Cc1cc(CCC(C)(C)[N+](=O)[O-])*c(OCC(C)[N+](=O)[O-])c1,True,True,False,False,0.21052631578947367,45,30.0,1.0,0.0
CDK_Depict_47_119,C[Si](C)(C)/C=C/[Ge](C)(C)C,C[Co]CC[Co](C)(C)C,C[Si](C)(C)/C=[CH]/[Ge]([CH3])([CH3])[CH3],[CH3][Co][CH2][CH2][Co]([CH3])([CH3])[CH3],True,True,False,False,0.037037037037037035,13,10.0,0.0,0.0
CDK_Depict_47_120,C(=O)(C(F)(F)F)NN(N=[N+]=[N-])O,**(C)*=*.CC(=O)C(C)(F)F.F,[N-]=[N+]=NN(O)NC(=O)C(F)(F)F,**(C)*=*.CC(=O)C(C)(F)F.F,True,True,False,False,0.14634146341463414,27,12.0,0.0,0.0
CDK_Depict_47_121,CC(CN1C(=O)C=C(N1)Cl)OC2=CC=CC=C2,C=C1CCC(C)C1.CCC(C)C.Cc1ccccc1,CC(Cn1[nH]c(Cl)cc1=O)Oc1ccccc1,C=C1CCC(C)C1.CCC(C)C.Cc1ccccc1,True,True,False,False,0.1694915254237288,24,17.0,2.0,1.0
CDK_Depict_47_122,CC(C)(C(=O)OCC[Si](C)(C)CCC1=CC=C(C=C1)C[N+](C)(C)C)Br,C=C(CCCC)C(C)(C)S.CCCC1ccC(CC)=CC1,CC(C)(Br)C(=O)OCC[Si](C)(C)CCc1ccc(C[N+](C)(C)C)cc1,C=C(CCCC)C(C)(C)S.CCCC1C=CC(CC)=CC1,True,True,False,False,0.0958904109589041,32,25.0,1.0,0.0
CDK_Depict_47_123,C1=CC=C2C(=C1)C3=CC=CC=C3[Te]N2,CC.CCC1CCCCC1C1CCCCC1,c1ccc2c(c1)N[Te]c1ccccc1-2,CC.CCC1CCCCC1C1CCCCC1,True,True,False,False,0.024390243902439025,19,14.0,3.0,0.0
CDK_Depict_47_124,CN(C)N1C=CC=C1SC,C*C.CSc1ccc*1,CSc1cccn1N(C)C,C*C.CSc1*ccc1,True,True,False,False,0.22857142857142856,13,10.0,1.0,0.0
CDK_Depict_47_125,CCN(CC)C(=O)SCC1(CC=CC=C1)Cl,C=C(C)C.CCC.CCCCCCCCC,CCN(CC)C(=O)SCC1(Cl)C=CC=CC1,C=C(C)C.CCC.CCCCCCCCC,True,True,False,False,0.09302325581395349,15,16.0,1.0,1.0
CDK_Depict_47_126,C=C/C=C(/C=N/NC(=O)N)\OC[N+](=O)[O-],*C(=O)**CC(=CC=C)CCC(=O)O,C=C/C=C(/C=N/NC(N)=O)OC[N+](=O)[O-],*C(=O)**CC(=CC=C)CCC(=O)O,True,True,False,False,0.2,25,15.0,0.0,0.0
CDK_Depict_47_127,CN1C(=O)CC#CN=C1N,C1=CCC(=O)C(C)C(=C1,CN1C(=O)CC#CN=C1N,,True,False,False,False,0.0,8,10.0,1.0,0.0
CDK_Depict_47_128,CC(C)N1C=C(N=C1SC2=NC(=CN2C(C)C)C(C)(C)C)C(C)(C)C,CC1=CN(C(C)C)C(CC2=NC(C(C)(C)C)=CN2C(C)C)=[U]1,CC(C)n1cc(C(C)(C)C)nc1Sc1nc(C(C)(C)C)cn1C(C)C,C[C]1=CN(C(C)C)[C](Cc2nc(C(C)(C)C)cn2C(C)C)=[U]1,True,True,False,False,0.41304347826086957,26,25.0,2.0,0.0
CDK_Depict_47_129,CC(C)P(O)(O)(OCl)Cl,C.CC(C)C.CO,CC(C)P(O)(O)(Cl)OCl,C.CC(C)C.CO,True,True,False,False,0.21052631578947367,13,9.0,0.0,0.0
CDK_Depict_47_130,C1C[C@H](OC1)CNC(=O)CSC2=NC=NC=C2,CC.CC.CCC(=O)CCC1CCCO1,O=C(CSc1ccncn1)NC[C@@H]1CCCO1,CC.CC.CCC(=O)CCC1CCCO1,True,True,False,False,0.2857142857142857,19,17.0,2.0,1.0
CDK_Depict_47_131,CC1C(=C=N)C(=CC=N1)SC,*=CC(C)C(S)CCC.CC,CSC1=CC=NC(C)C1=C=N,*=CC(C)C(S)CCC.CC,True,True,False,False,0.02127659574468085,13,11.0,1.0,1.0
CDK_Depict_47_132,[2H]C(C(CC)C(=O)OP(=O)(O)ON)O,C*(=O)O.C=C(C)O.CC(C)O,[2H]C(O)C(CC)C(=O)OP(=O)(O)ON,C*(=O)O.C=C(C)O.CC(C)O,True,True,False,False,0.09523809523809523,21,14.0,0.0,3.0
CDK_Depict_47_134,CC(C)(C)[Sn]C1=CN=C(S1)[Si](C)(C)C,CCCCCCC(C)C,C[C](C)(C)[Sn][c]1cnc([Si](C)(C)C)s1,CCCCCCC(C)C,True,True,False,False,0.02631578947368421,23,14.0,1.0,0.0
CDK_Depict_47_136,C1=NC(=CN=O)N=C1,C=NCCCC=C1CCCC1,O=NC=C1N=CC=N1,C=NCCCC=C1CCCC1,True,True,False,False,0.08108108108108109,9,8.0,1.0,0.0
CDK_Depict_47_137,C1COCC(N1[N+](=O)[O-])C(=O)COC2=CC=CC=C2,C1CCCCC1.CCC(C)C1CCCCC1.C[Al](C)=O,O=C(COc1ccccc1)C1COCCN1[N+](=O)[O-],,True,False,False,False,0.0,28,19.0,2.0,1.0
CDK_Depict_47_138,CC(C)(C)NCOOC,CC(C)(C)C.CCCN,COOCNC(C)(C)C,CC(C)(C)C.CCCN,True,True,False,False,0.16666666666666666,5,9.0,0.0,0.0
CDK_Depict_47_139,C1C(=C(C(=N)CO1)C#N)N=N,*.*=*C1=C(C#C)C(=*)CCC1,N#CC1=C(N=N)COCC1=N,*.*=*C1=C(C#C)C(=*)CCC1,True,True,False,False,0.13636363636363635,18,11.0,1.0,0.0
CDK_Depict_47_140,CC[Si](CC)(CC)/C(=C/CO[Si](C(C)C)(C(C)C)C(C)C)/C=O,C=C/C(=C\CC)C(CC)CC.CC(C)C,CC[Si](CC)(CC)/C(C=O)=C/CO[Si](C(C)C)(C(C)C)C(C)C,C=C/C(=C\CC)C(CC)CC.CC(C)C,True,True,False,False,0.19047619047619047,29,23.0,0.0,0.0
CDK_Depict_47_141,C1=COC=C1N(CCl)O,CCc1c*cc1,ON(CCl)c1ccoc1,CCc1c*cc1,True,True,False,False,0.10810810810810811,13,9.0,1.0,0.0
CDK_Depict_47_142,C1COCC(N1)CSC2=CC=C(S2)Br,Cc1ccc(SCC2CCCCC2)S1,Brc1ccc(SCC2COCCN2)s1,Cc1ccc(SCC2CCCCC2)s1,True,True,False,False,0.32653061224489793,15,14.0,2.0,1.0
CDK_Depict_47_143,[B]PCC#C,C=CCC,[B]PCC#C,C=CCC,True,True,False,False,0.047619047619047616,5,5.0,0.0,1.0
CDK_Depict_47_145,CN1C(=O)N(N=N1)CC2=C(C=CC(=C2F)C(=O)O)Cl,CC(=O)O.CC1CCCCC1CN1CCNC1=O,Cn1nnn(Cc2c(Cl)ccc(C(=O)O)c2F)c1=O,CC(=O)O.CC1CCCCC1CN1CCNC1=O,True,True,False,False,0.15625,24,19.0,2.0,0.0
CDK_Depict_47_146,CC(C1=CC=CC=C1Cl)(F)P,Cc1ccccc1C(C)([Cr])C[K],CC(F)(P)c1ccccc1Cl,Cc1ccccc1[C](C)([Cr])[CH2][K],True,True,False,False,0.2857142857142857,18,11.0,1.0,1.0
CDK_Depict_47_147,C(=O)(NC(O)(O)O)O,O=C(O)NC(O)(O)O,O=C(O)NC(O)(O)O,O=C(O)NC(O)(O)O,True,True,True,True,1.0,6,8.0,0.0,0.0
CDK_Depict_47_148,C(CONC(CS)C(=O)O)C(=O)NCC(C(=O)O)S,CC(CS)C(=O)O.CCCC(=O)CCCC(C)=O,O=C(CCONC(CS)C(=O)O)NCC(S)C(=O)O,CC(CS)C(=O)O.CCCC(=O)CCCC(C)=O,True,True,False,False,0.21153846153846154,15,19.0,0.0,2.0
CDK_Depict_47_149,CC(C)C(=C)CCCCP(=C)(CCCCC(=C)C(=C)C)CCCOC(=C)C(=C)C,C=C(C)C(=C)CCCC*(CCCCC(=C)C(C)C)(CCCCC(C)C(C)C)CCCCC(C)C(C)C,C=C(C)C(=C)CCCCP(=C)(CCCCC(=C)C(C)C)CCCOC(=C)C(=C)C,C=C(C)C(=C)CCCC*(CCCCC(=C)C(C)C)(CCCCC(C)C(C)C)CCCCC(C)C(C)C,True,True,False,False,0.42,19,29.0,0.0,1.0
CDK_Depict_47_150,CC1(C2C(O2)(N=N1)C)C,C=C.CCOC(C)(C)C,CC1(C)N=NC2(C)OC12,C=C.CCOC(C)(C)C,True,True,False,False,0.03333333333333333,11,9.0,2.0,2.0
CDK_Depict_47_151,CCC(N)OP(=O)(OC(=O)CC1=CC=C(C=C1)OC2=CC=CC=C2)OS(=O)(=O)C3=CC=C(C=C3)Cl,C.CC.CC.CCOS(=O)(=O)c1ccc(C)cc1.CCOS(=O)(=O)c1ccc(C)cc1,CCC(N)OP(=O)(OC(=O)Cc1ccc(Oc2ccccc2)cc1)OS(=O)(=O)c1ccc(Cl)cc1,C.CC.CC.CCOS(=O)(=O)c1ccc(C)cc1.CCOS(=O)(=O)c1ccc(C)cc1,True,True,False,False,0.21212121212121213,45,35.0,3.0,2.0
CDK_Depict_47_152,C1=C(N=C(NC1=O)SCC(=O)N)N2SS2,CC(=O)CSC1=*C(*2**2)=CC(=O)C1,NC(=O)CSc1nc(-n2ss2)cc(=O)[nH]1,CC(=O)CSC1=*C(*2**2)=CC(=O)C1,True,True,False,False,0.16666666666666666,21,15.0,2.0,0.0
CDK_Depict_47_153,CC(=O)OC(C)(C)C(=C=C)OC,C=C=CCC.CC,C=C=C(OC)C(C)(C)OC(C)=O,C=C=CCC.CC,True,True,False,False,0.11764705882352941,15,12.0,0.0,0.0
CDK_Depict_47_154,C(NC(=S)N(CO)N)N(C(=S)N)N,*[U]C*C(=S)*(*)CO,NC(=S)N(N)CNC(=S)N(N)CO,[*][U][CH2]*C(=S)*(*)CO,True,True,False,False,0.12195121951219512,20,13.0,0.0,0.0
CDK_Depict_47_155,C[C@@H]([Si](C)(C)C)[Ge](C)(C)F,CCC,C[C@@H]([Si](C)(C)C)[Ge]([CH3])([CH3])[F],CCC,True,True,False,False,0.05555555555555555,28,10.0,0.0,1.0
CDK_Depict_47_156,CC1=NN=C(O1)CN2CCCN(CC2)S(=O)(=O)N3CCCC3,CCCC*CCCCCCCCCCCCCCC.CCc1**C(C)*1,Cc1nnc(CN2CCCN(S(=O)(=O)N3CCCC3)CC2)o1,CCC1*C(C)*=*1.CCCC*CCCCCCCCCCCCCCC,True,True,False,False,0.031746031746031744,30,22.0,3.0,0.0
CDK_Depict_47_157,C1C=C(C(=C1N=O)C=O)O,C=O.CCC1CCCc1O,O=CC1=C(N=O)CC=C1O,C=O.CCC1CCCC1O,True,True,False,False,0.0975609756097561,13,10.0,1.0,0.0
CDK_Depict_47_158,C(C(C(C(F)(F)F)(F)F)F)(C(F)(F)F)N(O)P,CC(C)C(C)C(C)C(N)C(C)C,ON(P)C(C(F)C(F)(F)C(F)(F)F)C(F)(F)F,CC(C)C(C)C(C)C(N)C(C)C,True,True,False,False,0.029411764705882353,23,17.0,0.0,2.0
CDK_Depict_47_159,C1=CC=C(C=C1)C(=NO[P@@](=O)(N)N(CCCl)CCCl)C2=CC=CC=C2,CCC.CCCC.C[PH](C)(=O)OCC(c1ccccc1)c1ccccc1,N[P@](=O)(ON=C(c1ccccc1)c1ccccc1)N(CCCl)CCCl,,True,False,False,False,0.0,38,25.0,2.0,1.0
CDK_Depict_47_160,C(=O)NOI,C=CC.CO,O=CNOI,C=CC.CO,True,True,False,False,0.05,6,5.0,0.0,0.0
CDK_Depict_47_161,CS(=O)(=O)O[P+](=O)OC=C,C=CO[C+](=O)O[SH](C)=O,C=CO[P+](=O)OS(C)(=O)=O,,True,False,False,False,0.0,14,10.0,0.0,1.0
CDK_Depict_47_162,CC1=C(C=C(C(=C1Cl)OBr)C(OBr)(OBr)OBr)Cl,C.C.C.C.C.C.C.C.C.C.C.C.C.C.C.C.C.C.C.C.C.C.C.C.C.C.C.C.CC.CC.CC.CC.CC.CC.CC.CC.CC.CC.CC.CC.CC.CC.CC.CC.CC.CC.CC.CC.CC.CC.CC.CC.CC.CC.CC.CC.CC.CC.CC.CC.CC.CC.CC.CC.CC.CC.CC.CC.CC.CC.CC.CC.CC.CC.CC.CC.CC.CC.CC.CC.CC,Cc1c(Cl)cc(C(OBr)(OBr)OBr)c(OBr)c1Cl,C.C.C.C.C.C.C.C.C.C.C.C.C.C.C.C.C.C.C.C.C.C.C.C.C.C.C.C.CC.CC.CC.CC.CC.CC.CC.CC.CC.CC.CC.CC.CC.CC.CC.CC.CC.CC.CC.CC.CC.CC.CC.CC.CC.CC.CC.CC.CC.CC.CC.CC.CC.CC.CC.CC.CC.CC.CC.CC.CC.CC.CC.CC.CC.CC.CC.CC.CC.CC.CC.CC.CC,True,True,False,False,0.03333333333333333,204,18.0,1.0,0.0
CDK_Depict_47_163,CCCCNCCC(C)(C)COC(=O)OO,*CC(=O)OCC(C)(C)CC.CCCC,CCCCNCCC(C)(C)COC(=O)OO,*CC(=O)OCC(C)(C)CC.CCCC,True,True,False,False,0.32558139534883723,13,16.0,0.0,0.0
CDK_Depict_47_164,CC(C)(C)SC1=CC(=S)NN=C1C2=CC=CC=C2,CC(C)(C)N.S.c1ccc(-c2ccC(S)[U][(]2)cc2ccccc2,CC(C)(C)Sc1cc(=S)[nH]nc1-c1ccccc1,,True,False,False,False,0.0,29,18.0,2.0,0.0
CDK_Depict_47_165,CCCCCCCC=CC(=O)C#CC#CC(C=C)O,C=CC(C#N)C#CCCC(=O)CCCCCCCCC,C=CC(O)C#CC#CC(=O)C=CCCCCCCC,C=CC(C#N)C#CCCC(=O)CCCCCCCCC,True,True,False,False,0.32727272727272727,13,19.0,0.0,1.0
CDK_Depict_47_166,CC(C)N(C(C)C)P(N1C=NC(=C1C#N)C#N)OCC[N+]#[C-],C#Cc1c(C#N)ncN1*(C)N(C(C)C)C(C)C.C=C.C=C.CC*CCC,[C-]#[N+]CCOP(N(C(C)C)C(C)C)n1cnc(C#N)c1C#N,C#Cc1c(C#N)ncn1*(C)N(C(C)C)C(C)C.C=C.C=C.CC*CCC,True,True,False,False,0.3188405797101449,32,22.0,1.0,1.0
CDK_Depict_47_167,CC1CCCC(C1)SCC2=CC(=NC=C2)C#N,C#Cc1*C=CC(CCC2CCCC(C)C2)=C1,CC1CCCC(SCc2ccnc(C#N)c2)C1,C#CC1*C=CC(CCC2CCCC(C)C2)=C1,True,True,False,False,0.23076923076923078,15,17.0,2.0,2.0
CDK_Depict_47_168,CC(C)(C)CC1=CI=C(C=C1)N,Cc1ccc(CC(C)(C)C)cc1,CC(C)(C)CC1=CI=C(N)C=C1,Cc1ccc(CC(C)(C)C)cc1,True,True,False,False,0.2727272727272727,17,12.0,1.0,0.0
CDK_Depict_47_169,CCP(=[Se])(CC)[Se][Na],CC.CCC.C[SeH][Mo-],CCP(=[Se])(CC)[Se][Na],CC.CCC.C[SeH][Mo-],True,True,False,False,0.13636363636363635,15,8.0,0.0,0.0
CDK_Depict_47_170,C1=CC(=CC=C1CN2C(=O)N=C(C=N2)Cl)Cl,C.Cc1ccc(C*2[Al]cc*C2=O)cc1,O=c1nc(Cl)cnn1Cc1ccc(Cl)cc1,C.Cc1ccc(C[*]2[Al][CH]=C*C2=O)cc1,True,True,False,False,0.1509433962264151,27,16.0,2.0,0.0
CDK_Depict_47_171,[2H]/C(=C(\[C@H](C=O)O)/[C@@H]([C@@H](CO)O)O)/F,C=CC(C)C(=C(C)C)C(C)C(C)CO,[2H]/C(F)=C(\[C@@H](O)C=O)[C@H](O)[C@H](O)CO,C=CC(C)C(=C(C)C)C(C)C(C)CO,True,True,False,False,0.13636363636363635,32,14.0,0.0,3.0
CDK_Depict_47_172,CC(C(=O)OCC=C)SSP(=O)(O)O,*C.C=CCOC(=O)C(C)C.CS,C=CCOC(=O)C(C)SSP(=O)(O)O,*C.C=CCOC(=O)C(C)C.CS,True,True,False,False,0.4594594594594595,16,14.0,0.0,1.0
CDK_Depict_47_173,CC1=CC(=C(S1)C)CS(=O)(=O)CC2=NC(=NO2)C(C)(C)C,CC(C)(C)C1=NOC(CC(=O)O)C1.CCc1cc(C)cc1C,Cc1cc(CS(=O)(=O)Cc2nc(C(C)(C)C)no2)c(C)s1,,True,False,False,False,0.0,27,21.0,2.0,0.0
CDK_Depict_47_174,CC(=C/C=C(/N)\N=N)C,C=C.CC(C)=CC=C(C)C,CC(C)=C/C=C(/N)N=N,C=C.CC(C)=CC=C(C)C,True,True,False,False,0.4,12,9.0,0.0,0.0
CDK_Depict_47_175,C1CC=C(C1)C2=NSCC2,*1cc(-c2cCCC2)CC1,C1=C(C2=NSCC2)CCC1,*1C=C(C2=CCCC2)CC1,True,True,False,False,0.35294117647058826,14,10.0,2.0,0.0
CDK_Depict_47_176,C1=CC=C(C=C1)C#[N+][C-](C(F)(F)F)C(F)(F)F,cC(C)(C)C.cC(C)(C)CN#C.cC(c)(C)C,FC(F)(F)[C-]([N+]#Cc1ccccc1)C(F)(F)F,,True,False,False,False,0.0,28,17.0,1.0,0.0
CDK_Depict_47_177,C1CN(CC2C1CNC2)/N=C(\C3=C(NC=C3)N)/N,CC1=C(C(=N)[W])C=C[W]1,N/C(=N/N1CCC2CNCC2C1)c1cc[nH]c1N,C[C]1=C([C](=N)[W])C=[CH][W]1,True,True,False,False,0.05172413793103448,27,18.0,3.0,2.0
CDK_Depict_47_178,C1CN(CCN1)NC(C#N)N=O,C=C=C.CCCCCCCCCC,N#CC(N=O)NN1CCNCC1,C=C=C.CCCCCCCCCC,True,True,False,False,0.02631578947368421,15,12.0,1.0,1.0
CDK_Depict_47_179,CN=C1C2CN2C(N1)Cl,C=CCCCC.CCCCCCCCCCC,CN=C1NC(Cl)N2CC12,C=CCCCC.CCCCCCCCCCC,True,True,False,False,0.02564102564102564,13,9.0,2.0,3.0
CDK_Depict_47_181,CCP(=S)(CC)SCSCC,C.CC.CC,CCSCSP(=S)(CC)CC,C.CC.CC,True,True,False,False,0.047619047619047616,11,11.0,0.0,0.0
CDK_Depict_47_182,COC(=O)NC1=NC=C(N1)SC2=CC=CC=N2,CC.CC.CSc1ccccn1,COC(=O)Nc1ncc(Sc2ccccn2)[nH]1,CC.CC.CSc1ccccn1,True,True,False,False,0.3409090909090909,25,17.0,2.0,0.0
CDK_Depict_47_184,CCCC[Sn](CCCC)(CCCC)NC(=O)OCC,CCC.CCC.CCCC.CCCC[CH]1(C)(C)(C)CCCCC1,CCC[CH2][Sn]([CH2]CCC)([CH2]CCC)[NH]C(=O)OCC,,True,False,False,False,0.0,22,19.0,0.0,0.0
CDK_Depict_47_185,C(#N)NNC(=O)N,*.C#CNCC(C)=O,N#CNNC(N)=O,*.C#CNCC(C)=O,True,True,False,False,0.16129032258064516,10,7.0,0.0,0.0
CDK_Depict_47_186,CCSCOP(=O)(N)N,CCSC.[CH]C,CCSCOP(N)(N)=O,CCSC.[CH]C,True,True,False,False,0.2,10,9.0,0.0,0.0
CDK_Depict_47_187,CC1=NN(C(C(=O)N1N)C(C)(C)C)S,CC.CC.CC.CC(C)n,CC1=NN(S)C(C(C)(C)C)C(=O)N1N,,True,False,False,False,0.0,19,14.0,1.0,1.0
CDK_Depict_47_188,CC(CN(C(=O)N)O)SC1=CC=CC=N1,CC(O)CCCCC1*CCCC1,CC(CN(O)C(N)=O)Sc1ccccn1,CC(O)CCCCC1*CCCC1,True,True,False,False,0.08333333333333333,15,15.0,1.0,1.0
CDK_Depict_47_189,C/C=C/SO[C@@H]1C(C([C@@H](S1)O)C)C,CCCCCCCC1CC1CCCCC1C,C/C=C/SO[C@H]1S[C@@H](O)C(C)C1C,,True,False,False,False,0.0,24,13.0,1.0,4.0
CDK_Depict_47_190,CS/N=C/C=N/SC,*=C.*=C.CCC*=[N+]=[N-],CS/N=C/C=N/SC,*=C.*=C.CCC*=[N+]=[N-],True,True,False,False,0.03571428571428571,17,8.0,0.0,0.0
CDK_Depict_47_191,C(C(COC(=O)N)N=[N+]=[N-])N=[N+]=[N-],CS/*=C/C=*/S,[N-]=[N+]=NCC(COC(N)=O)N=[N+]=[N-],CS/*=C/C=*/S,True,True,False,False,0.0,33,13.0,0.0,1.0
CDK_Depict_47_192,CC(C)N(C(C)C)P1(=CC(C)(C)C)N(P(=CC(C)(C)C)(N1C(C)(C)C)N(C(C)C)C(C)C)C(C)(C)C,CC(C)CN(C(C)C)[PH](=N)(=CC(C)(C)C)N(C(C)(C)C)[PH](=CC(C)(C)C)(N(C)C(C)(C)C)=N(C(C)C)C(C)C,CC(C)N(C(C)C)P1(=CC(C)(C)C)N(C(C)(C)C)P(=CC(C)(C)C)(N(C(C)C)C(C)C)N1C(C)(C)C,,True,False,False,False,0.0,28,36.0,1.0,2.0
CDK_Depict_47_193,CNS(=O)(=O)CCNS(=O)(=O)C1=CC=CC=C1C#CCN,CCCCC1=CC=CC=C1S(=O)(=O)NCCS(=O)(=O)NC,CNS(=O)(=O)CCNS(=O)(=O)c1ccccc1C#CCN,CCCCc1ccccc1S(=O)(=O)NCCS(=O)(=O)NC,True,True,False,False,0.52,25,21.0,1.0,0.0
CDK_Depict_47_194,CN1C(=NN=N1)ON,CC1=[U]*=N1,Cn1nnnc1ON,C[C]1=[U][*]=N1,True,True,False,False,0.10344827586206896,9,8.0,1.0,0.0
CDK_Depict_47_195,CC1(CC[N+]2=C1C(CC2)C=C)CI,CCC1CCC[NH+]2CCC(C)(CI)C12,C=CC1CC[N+]2=C1C(C)(CI)CC2,CCC1CCC[NH+]2CCC(C)(CI)C12,True,True,False,False,0.24,12,13.0,2.0,2.0
CDK_Depict_47_196,CCN(CC)S(C)(CC)S,CCC(C)(C)CC,CCN(CC)S(C)(S)CC,CCC(C)(C)CC,True,True,False,False,0.13636363636363635,6,10.0,0.0,1.0
CDK_Depict_47_197,CCCON(C)[SiH3],CCCCCC,CCCON(C)[SiH3],CCCCCC,True,True,False,False,0.21052631578947367,10,7.0,0.0,1.0
CDK_Depict_47_198,C1C(N(N=N1)C2=CC=CO2)[N+](=O)[O-],**(*)C.*C.c1cc([U]2C[W]=[W]2)oC1,O=[N+]([O-])C1CN=NN1c1ccco1,,True,False,False,False,0.0,30,13.0,2.0,1.0
CDK_Depict_47_199,CCC1=CC(=C([CH+]C(=NC2=C(C=NC=C2C)C)N)N)[CH+]C=C1,C=C(C)[U]C1C(C)CCCC1C.CCC1CCCC(=C(C)C(C)C)C1,CCC1=CC(=C(N)[CH+]C(N)=Nc2c(C)cncc2C)[CH+]C=C1,C=[C](C)[U][CH]1C(C)CCCC1C.CCC1CCCC(=C(C)C(C)C)C1,True,True,False,False,0.06329113924050633,31,22.0,2.0,0.0
CDK_Depict_47_200,C=CCN=C(N)SN,*SC(*)=*CC=C,C=CCN=C(N)SN,*SC(*)=*CC=C,True,True,False,False,0.21212121212121213,11,8.0,0.0,0.0
