"compound_id","raw_smiles","canonical_smiles","split"
"CHEMBL6329","Cc1cc(-n2ncc(=O)[nH]c2=O)ccc1C(=O)c1ccccc1Cl","Cc1cc(-n2ncc(=O)[nH]c2=O)ccc1C(=O)c1ccccc1Cl","train"
"CHEMBL6328","Cc1cc(-n2ncc(=O)[nH]c2=O)ccc1C(=O)c1ccc(C#N)cc1","Cc1cc(-n2ncc(=O)[nH]c2=O)ccc1C(=O)c1ccc(C#N)cc1","train"
"CHEMBL265667","Cc1cc(-n2ncc(=O)[nH]c2=O)cc(C)c1C(O)c1ccc(Cl)cc1","Cc1cc(-n2ncc(=O)[nH]c2=O)cc(C)c1C(O)c1ccc(Cl)cc1","train"
"CHEMBL6362","Cc1ccc(C(=O)c2ccc(-n3ncc(=O)[nH]c3=O)cc2)cc1","Cc1ccc(C(=O)c2ccc(-n3ncc(=O)[nH]c3=O)cc2)cc1","train"
"CHEMBL267864","Cc1cc(-n2ncc(=O)[nH]c2=O)ccc1C(=O)c1ccc(Cl)cc1","Cc1cc(-n2ncc(=O)[nH]c2=O)ccc1C(=O)c1ccc(Cl)cc1","train"
"CHEMBL6363","Cc1cc(-n2ncc(=O)[nH]c2=O)ccc1C(=O)c1ccccc1","Cc1cc(-n2ncc(=O)[nH]c2=O)ccc1C(=O)c1ccccc1","train"
"CHEMBL6352","Cc1cc(Br)ccc1C(=O)c1ccc(-n2ncc(=O)[nH]c2=O)cc1Cl","Cc1cc(Br)ccc1C(=O)c1ccc(-n2ncc(=O)[nH]c2=O)cc1Cl","train"
"CHEMBL268097","O=C(c1ccc(Cl)cc1Cl)c1ccc(-n2ncc(=O)[nH]c2=O)cc1Cl","O=C(c1ccc(Cl)cc1Cl)c1ccc(-n2ncc(=O)[nH]c2=O)cc1Cl","train"
"CHEMBL266457","CS(=O)(=O)c1ccc(C(=O)c2ccc(-n3ncc(=O)[nH]c3=O)cc2Cl)cc1","CS(=O)(=O)c1ccc(C(=O)c2ccc(-n3ncc(=O)[nH]c3=O)cc2Cl)cc1","train"
"CHEMBL268556","c1cc2cc(c1)-c1cccc(c1)C[n+]1ccc(c3ccccc31)NCCCCCCCCCCNc1cc[n+](c3ccccc13)C2","c1cc2cc(c1)-c1cccc(c1)C[n+]1ccc(c3ccccc31)NCCCCCCCCCCNc1cc[n+](c3ccccc13)C2","train"
"CHEMBL6214","CSc1ccc(C(=O)c2ccc(-n3ncc(=O)[nH]c3=O)cc2Cl)cc1","CSc1ccc(C(=O)c2ccc(-n3ncc(=O)[nH]c3=O)cc2Cl)cc1","train"
"CHEMBL6222","O=C(c1ccc(Cl)cc1)c1ccc(-n2ncc(=O)[nH]c2=O)cc1Cl","O=C(c1ccc(Cl)cc1)c1ccc(-n2ncc(=O)[nH]c2=O)cc1Cl","train"
"CHEMBL6206","O=C1O/C(=C/Br)CCC1c1cccc2ccccc12","O=C1O/C(=C/Br)CCC1c1cccc2ccccc12","train"
"CHEMBL6223","O=C1O/C(=C/I)CCC1c1cccc2ccccc12","O=C1O/C(=C/I)CCC1c1cccc2ccccc12","train"
"CHEMBL269758","C#C/C=C1\CCC(c2cccc3ccccc23)C(=O)O1","C#C/C=C1\CCC(c2cccc3ccccc23)C(=O)O1","train"
"CHEMBL6228","O=C1O/C(=C\I)CCC1c1cccc2ccccc12","O=C1O/C(=C\I)CCC1c1cccc2ccccc12","train"
"CHEMBL268365","O=C(c1ccccc1)c1ccc(-n2ncc(=O)[nH]c2=O)cc1","O=C(c1ccccc1)c1ccc(-n2ncc(=O)[nH]c2=O)cc1","train"
"CHEMBL6230","O=c1cnn(-c2ccc(C(O)c3ccc(Cl)cc3)c(Cl)c2)c(=O)[nH]1","O=c1cnn(-c2ccc(C(O)c3ccc(Cl)cc3)c(Cl)c2)c(=O)[nH]1","train"
"CHEMBL6254","O=C(c1ccccc1)c1cc(-n2ncc(=O)[nH]c2=O)ccc1Cl","O=C(c1ccccc1)c1cc(-n2ncc(=O)[nH]c2=O)ccc1Cl","train"
"CHEMBL6268","Cc1cc(-n2ncc(=O)[nH]c2=O)ccc1C(O)c1ccccc1","Cc1cc(-n2ncc(=O)[nH]c2=O)ccc1C(O)c1ccccc1","train"
"CHEMBL414196","COc1cc2nc(N3CCN(C(=O)C4CC4c4ccccc4)CC3)nc(N)c2cc1OC","COc1cc2nc(N3CCN(C(=O)C4CC4c4ccccc4)CC3)nc(N)c2cc1OC","train"
"CHEMBL268528","COc1ccc(C(=O)c2ccc(-n3ncc(=O)[nH]c3=O)cc2)cc1","COc1ccc(C(=O)c2ccc(-n3ncc(=O)[nH]c3=O)cc2)cc1","train"
"CHEMBL6266","c1ccc2c(c1)c1cc[n+]2Cc2ccc(cc2)-c2ccc(cc2)C[n+]2ccc(c3ccccc32)NCCCCCCCCCCN1","c1ccc2c(c1)c1cc[n+]2Cc2ccc(cc2)-c2ccc(cc2)C[n+]2ccc(c3ccccc32)NCCCCCCCCCCN1","train"
"CHEMBL429017","Nc1cc[n+](Cc2ccc(CCc3ccc(C[n+]4ccc(N)c5ccccc54)cc3)cc2)c2ccccc12","Nc1cc[n+](Cc2ccc(CCc3ccc(C[n+]4ccc(N)c5ccccc54)cc3)cc2)c2ccccc12","train"
"CHEMBL6361","Nc1cc[n+](Cc2ccc(/C=C\c3ccc(C[n+]4ccc(N)c5ccccc54)cc3)cc2)c2ccccc12","Nc1cc[n+](Cc2ccc(/C=C\c3ccc(C[n+]4ccc(N)c5ccccc54)cc3)cc2)c2ccccc12","train"
"CHEMBL266885","c1ccc2c(c1)c1cc[n+]2Cc2ccc(cc2)CCc2ccc(cc2)C[n+]2ccc(c3ccccc32)NCCCCCCCCCCN1","c1ccc2c(c1)c1cc[n+]2Cc2ccc(cc2)CCc2ccc(cc2)C[n+]2ccc(c3ccccc32)NCCCCCCCCCCN1","train"
"CHEMBL446445","c1ccc2c(c1)c1cc[n+]2Cc2ccc(cc2)Cc2ccc(cc2)C[n+]2ccc(c3ccccc32)NCCCCCCCCCCN1","c1ccc2c(c1)c1cc[n+]2Cc2ccc(cc2)Cc2ccc(cc2)C[n+]2ccc(c3ccccc32)NCCCCCCCCCCN1","train"
"CHEMBL269729","Nc1cc[n+](Cc2ccc(-c3ccc(C[n+]4ccc(N)c5ccccc54)cc3)cc2)c2ccccc12","Nc1cc[n+](Cc2ccc(-c3ccc(C[n+]4ccc(N)c5ccccc54)cc3)cc2)c2ccccc12","train"
"CHEMBL6344","Cc1cc(-n2ncc(=O)[nH]c2=O)ccc1C(=O)c1ccc(Cl)cc1Cl","Cc1cc(-n2ncc(=O)[nH]c2=O)ccc1C(=O)c1ccc(Cl)cc1Cl","train"
"CHEMBL6207","c1ccc2c(c1)c1cc[n+]2Cc2ccc3c(c2)Cc2cc(ccc2-3)C[n+]2ccc(c3ccccc32)NCCCCCCCCCCN1","c1ccc2c(c1)c1cc[n+]2Cc2ccc3c(c2)Cc2cc(ccc2-3)C[n+]2ccc(c3ccccc32)NCCCCCCCCCCN1","train"
"CHEMBL266223","COC(=O)/C=C/C(=O)Nc1ccc(CCCCC(=O)N2CCN(c3nc(N)c4cc(OC)c(OC)cc4n3)CC2)cc1","COC(=O)/C=C/C(=O)Nc1ccc(CCCCC(=O)N2CCN(c3nc(N)c4cc(OC)c(OC)cc4n3)CC2)cc1","train"
"CHEMBL263077","COc1cc2nc(N3CCN(C(=O)CCc4ccccc4)CC3)nc(N)c2cc1OC","COc1cc2nc(N3CCN(C(=O)CCc4ccccc4)CC3)nc(N)c2cc1OC","train"
"CHEMBL6347","COc1ccc(/C=C/C(=O)N2CCN(c3nc(N)c4cc(OC)c(OC)cc4n3)CC2)cc1","COc1ccc(/C=C/C(=O)N2CCN(c3nc(N)c4cc(OC)c(OC)cc4n3)CC2)cc1","train"
"CHEMBL6348","COc1cc2nc(N3CCN(C(=O)/C=C/c4cccc(F)c4)CC3)nc(N)c2cc1OC","COc1cc2nc(N3CCN(C(=O)/C=C/c4cccc(F)c4)CC3)nc(N)c2cc1OC","train"
"CHEMBL6339","COc1cc2nc(N3CCN(C(=O)C4CC5C=CC4C5)CC3)nc(N)c2cc1OC","COc1cc2nc(N3CCN(C(=O)C4CC5C=CC4C5)CC3)nc(N)c2cc1OC","train"
"CHEMBL6340","C/C=C/C=C/C(=O)N1CCN(c2nc(N)c3cc(OC)c(OC)cc3n2)CC1","C/C=C/C=C/C(=O)N1CCN(c2nc(N)c3cc(OC)c(OC)cc3n2)CC1","train"
"CHEMBL268768","COc1cc2nc(N3CCN(C(=O)/C=C/c4ccccc4)CC3)nc(N)c2cc1OC","COc1cc2nc(N3CCN(C(=O)/C=C/c4ccccc4)CC3)nc(N)c2cc1OC","train"
"CHEMBL6358","COc1cc2nc(N3CCN(C(=O)/C=C/c4ccc(F)cc4)CC3)nc(N)c2cc1OC","COc1cc2nc(N3CCN(C(=O)/C=C/c4ccc(F)cc4)CC3)nc(N)c2cc1OC","train"
"CHEMBL6351","COc1cc2nc(N3CCN(C(=O)/C=C/c4ccc(Cl)cc4)CC3)nc(N)c2cc1OC","COc1cc2nc(N3CCN(C(=O)/C=C/c4ccc(Cl)cc4)CC3)nc(N)c2cc1OC","train"
"CHEMBL6342","COc1cc2nc(N3CCN(C(=O)/C(F)=C/c4ccccc4)CC3)nc(N)c2cc1OC","COc1cc2nc(N3CCN(C(=O)/C(F)=C/c4ccccc4)CC3)nc(N)c2cc1OC","train"
"CHEMBL6218","COc1cc2nc(N3CCN(C(=O)Nc4ccccc4)CC3)nc(N)c2cc1OC","COc1cc2nc(N3CCN(C(=O)Nc4ccccc4)CC3)nc(N)c2cc1OC","train"
"CHEMBL6219","COC(=O)/C=C/C(=O)Nc1ccc(/C=C/C(=O)N2CCN(c3nc(N)c4cc(OC)c(OC)cc4n3)CC2)cc1","COC(=O)/C=C/C(=O)Nc1ccc(/C=C/C(=O)N2CCN(c3nc(N)c4cc(OC)c(OC)cc4n3)CC2)cc1","train"
"CHEMBL6208","COc1cc2nc(N3CCN(/C(S)=N/C4CCCCC4)CC3)nc(N)c2cc1OC","COc1cc2nc(N3CCN(/C(S)=N/C4CCCCC4)CC3)nc(N)c2cc1OC","train"
"CHEMBL429379","COc1cc2nc(N3CCN(C(=O)C4=CC5C=CC4CC5)CC3)nc(N)c2cc1OC","COc1cc2nc(N3CCN(C(=O)C4=CC5C=CC4CC5)CC3)nc(N)c2cc1OC","train"
"CHEMBL415285","COc1cc2nc(N3CCN(S(=O)(=O)c4ccc(C)cc4)CC3)nc(N)c2cc1OC","COc1cc2nc(N3CCN(S(=O)(=O)c4ccc(C)cc4)CC3)nc(N)c2cc1OC","train"
"CHEMBL264721","COc1cc2nc(N3CCN(/C(S)=N/c4ccccc4)CC3)nc(N)c2cc1OC","COc1cc2nc(N3CCN(/C(S)=N/c4ccccc4)CC3)nc(N)c2cc1OC","train"
"CHEMBL415286","O=C(c1ccc(-n2ncc(=O)[nH]c2=O)cc1)c1cccs1","O=C(c1ccc(-n2ncc(=O)[nH]c2=O)cc1)c1cccs1","train"
"CHEMBL6226","Cc1cc(-n2ncc(=O)[nH]c2=O)ccc1Cc1ccccc1","Cc1cc(-n2ncc(=O)[nH]c2=O)ccc1Cc1ccccc1","train"
"CHEMBL6236","Cc1cc(-n2ncc(=O)[nH]c2=O)cc(Cl)c1C(=O)c1ccc(Cl)cc1","Cc1cc(-n2ncc(=O)[nH]c2=O)cc(Cl)c1C(=O)c1ccc(Cl)cc1","train"
"CHEMBL6237","O=C(c1ccccc1)c1cccc(-n2ncc(=O)[nH]c2=O)c1","O=C(c1ccccc1)c1cccc(-n2ncc(=O)[nH]c2=O)c1","train"
"CHEMBL6238","Cc1cc(-n2ncc(=O)[nH]c2=O)cc(C)c1C(=O)c1ccc(Cl)cc1","Cc1cc(-n2ncc(=O)[nH]c2=O)cc(C)c1C(=O)c1ccc(Cl)cc1","train"
"CHEMBL266484","Cc1cc(Cl)ccc1C(=O)c1ccc(-n2ncc(=O)[nH]c2=O)cc1C","Cc1cc(Cl)ccc1C(=O)c1ccc(-n2ncc(=O)[nH]c2=O)cc1C","train"
"CHEMBL6239","CC(=O)c1ccc(-n2ncc(=O)[nH]c2=O)cc1Cl","CC(=O)c1ccc(-n2ncc(=O)[nH]c2=O)cc1Cl","train"
"CHEMBL6240","O=C(c1ccccc1)c1ccc(-n2ncc(=O)[nH]c2=O)cc1Cl","O=C(c1ccccc1)c1ccc(-n2ncc(=O)[nH]c2=O)cc1Cl","train"
"CHEMBL6243","Cc1cc(C)c(C(=O)c2ccc(-n3ncc(=O)[nH]c3=O)cc2)c(C)c1","Cc1cc(C)c(C(=O)c2ccc(-n3ncc(=O)[nH]c3=O)cc2)c(C)c1","train"
"CHEMBL6272","O=C(c1ccc(Cl)cc1)c1ccc(-n2ncc(=O)[nH]c2=O)cc1","O=C(c1ccc(Cl)cc1)c1ccc(-n2ncc(=O)[nH]c2=O)cc1","train"
"CHEMBL269496","Cc1cc(-n2ncc(=O)[nH]c2=O)ccc1C(O)c1ccc(Cl)cc1","Cc1cc(-n2ncc(=O)[nH]c2=O)ccc1C(O)c1ccc(Cl)cc1","train"
"CHEMBL6283","c1cncc(CN2CCN(CC3CCCCN3)CC2)c1","c1cncc(CN2CCN(CC3CCCCN3)CC2)c1","train"
"CHEMBL6284","c1cc(CN2CCN(CC3CCCCN3)CC2)ccn1","c1cc(CN2CCN(CC3CCCCN3)CC2)ccn1","train"
"CHEMBL6277","CN1CCCCC1CN1CCN(Cc2ccncc2)CC1","CN1CCCCC1CN1CCN(Cc2ccncc2)CC1","train"
"CHEMBL268830","CN1CCCCC1CN1CCN(Cc2cccnc2)CC1","CN1CCCCC1CN1CCN(Cc2cccnc2)CC1","train"
"CHEMBL6290","COc1cc2nc(N3CCN(C(=O)/C=C/c4ccc(Br)cc4)CC3)nc(N)c2cc1OC","COc1cc2nc(N3CCN(C(=O)/C=C/c4ccc(Br)cc4)CC3)nc(N)c2cc1OC","train"
"CHEMBL6308","CCCC(=O)c1ccc(-n2ncc(=O)[nH]c2=O)cc1","CCCC(=O)c1ccc(-n2ncc(=O)[nH]c2=O)cc1","train"
"CHEMBL268150","CC(=O)c1ccc(-n2ncc(=O)[nH]c2=O)cc1","CC(=O)c1ccc(-n2ncc(=O)[nH]c2=O)cc1","train"
"CHEMBL6293","O=c1cnn(-c2ccc(-c3ccc4oc5ccc(Cl)cc5c(=O)c4c3)cc2)c(=O)[nH]1","O=c1cnn(-c2ccc(-c3ccc4oc5ccc(Cl)cc5c(=O)c4c3)cc2)c(=O)[nH]1","train"
"CHEMBL447227","COc1cc2nc(N3CCN(C(=O)c4ccc(N=C=S)c(I)c4)CC3)nc(N)c2cc1OC","COc1cc2nc(N3CCN(C(=O)c4ccc(N=C=S)c(I)c4)CC3)nc(N)c2cc1OC","train"
"CHEMBL6302","COc1cc2nc(N3CCN(/C(S)=N/c4ccc(NC(=S)N5CC5)cc4)CC3)nc(N)c2cc1OC","COc1cc2nc(N3CCN(/C(S)=N/c4ccc(NC(=S)N5CC5)cc4)CC3)nc(N)c2cc1OC","train"
"CHEMBL268831","CN1CCC[C@H]1CN1CCN(Cc2ccncc2)CC1","CN1CCC[C@H]1CN1CCN(Cc2ccncc2)CC1","train"
"CHEMBL267915","CN1CCC[C@H]1CN1CCN(Cc2cccnc2)CC1","CN1CCC[C@H]1CN1CCN(Cc2cccnc2)CC1","train"
"CHEMBL2","COc1cc2nc(N3CCN(C(=O)c4ccco4)CC3)nc(N)c2cc1OC","COc1cc2nc(N3CCN(C(=O)c4ccco4)CC3)nc(N)c2cc1OC","train"
"CHEMBL6306","COC(=O)/C=C/C=C/C(=O)N1CCN(c2nc(N)c3cc(OC)c(OC)cc3n2)CC1","COC(=O)/C=C/C=C/C(=O)N1CCN(c2nc(N)c3cc(OC)c(OC)cc3n2)CC1","train"
"CHEMBL415103","COc1cc2nc(N3CCN(C(=O)C4OC4c4ccccc4)CC3)nc(N)c2cc1OC","COc1cc2nc(N3CCN(C(=O)C4OC4c4ccccc4)CC3)nc(N)c2cc1OC","train"
"CHEMBL6321","COc1cc2nc(N3CCN(C(=O)/C=C/C(=O)c4ccccc4)CC3)nc(N)c2cc1OC","COc1cc2nc(N3CCN(C(=O)/C=C/C(=O)c4ccccc4)CC3)nc(N)c2cc1OC","train"
"CHEMBL6313","COc1cc2nc(N3CCN(/C(S)=N/c4ccc(N=[N+]=[N-])cc4)CC3)nc(N)c2cc1OC","COc1cc2nc(N3CCN(/C(S)=N/c4ccc(N=[N+]=[N-])cc4)CC3)nc(N)c2cc1OC","train"
"CHEMBL266081","COc1cc2nc(N3CCN(C(=O)c4cccc(CCl)c4)CC3)nc(N)c2cc1OC","COc1cc2nc(N3CCN(C(=O)c4cccc(CCl)c4)CC3)nc(N)c2cc1OC","train"
"CHEMBL6314","COc1cc2nc(N3CCN(C(=O)/C=C/c4ccc(N=C=S)cc4)CC3)nc(N)c2cc1OC","COc1cc2nc(N3CCN(C(=O)/C=C/c4ccc(N=C=S)cc4)CC3)nc(N)c2cc1OC","train"
"CHEMBL6343","COc1cc2nc(N3CCN(C(=O)/C=C/c4ccc(NC(=O)CBr)cc4)CC3)nc(N)c2cc1OC","COc1cc2nc(N3CCN(C(=O)/C=C/c4ccc(NC(=O)CBr)cc4)CC3)nc(N)c2cc1OC","train"
"CHEMBL204146","O=c1oc2c(O)c(O)ccc2c2ccc(O)cc12","O=c1oc2c(O)c(O)ccc2c2ccc(O)cc12","train"
"CHEMBL6355","O=c1oc2ccccc2c2ccccc12","O=c1oc2ccccc2c2ccccc12","train"
"CHEMBL6364","O=c1oc2c(O)c(O)ccc2c2ccccc12","O=c1oc2c(O)c(O)ccc2c2ccccc12","train"
"CHEMBL6365","O=c1oc2ccccc2c2cc(O)c(O)cc12","O=c1oc2ccccc2c2cc(O)c(O)cc12","train"
"CHEMBL266458","O=c1oc2cc(O)c(O)cc2c2cc(O)c(O)cc12","O=c1oc2cc(O)c(O)cc2c2cc(O)c(O)cc12","train"
"CHEMBL6366","COc1cc2nc(N3CCN(C(=O)COc4ccccc4)CC3)nc(N)c2cc1OC","COc1cc2nc(N3CCN(C(=O)COc4ccccc4)CC3)nc(N)c2cc1OC","train"
"CHEMBL216458","C=C(C=O)C[C@H]1C[C@H](O)[C@]2(C)O[C@@H]3C[C@@H]4O[C@@H]5C[C@]6(C)O[C@]7(C)CC[C@@H]8O[C@@H]9C[C@]%10(C)O[C@@H]%11C(C)=CC(=O)O[C@H]%11C[C@H]%10O[C@H]9C[C@@H](C)[C@H]8O[C@H]7C[C@H]6O[C@@]5(C)C/C=C\[C@H]4O[C@H]3C[C@H]2O1","C=C(C=O)C[C@H]1C[C@H](O)[C@]2(C)O[C@@H]3C[C@@H]4O[C@@H]5C[C@]6(C)O[C@]7(C)CC[C@@H]8O[C@@H]9C[C@]%10(C)O[C@@H]%11C(C)=CC(=O)O[C@H]%11C[C@H]%10O[C@H]9C[C@@H](C)[C@H]8O[C@H]7C[C@H]6O[C@@]5(C)C/C=C\[C@H]4O[C@H]3C[C@H]2O1","train"
"CHEMBL3","CN1CCC[C@H]1c1cccnc1","CN1CCC[C@H]1c1cccnc1","train"
"CHEMBL6200","c1cncc([C@@H]2CCCN2)c1","c1cncc([C@@H]2CCCN2)c1","train"
"CHEMBL266886","CCC(C)(C)NC(=O)OCC1CN(C(=O)c2cc(OC)c(OC)c(OC)c2)CCN1C(=O)c1cc(OC)c(OC)c(OC)c1","CCC(C)(C)NC(=O)OCC1CN(C(=O)c2cc(OC)c(OC)c(OC)c2)CCN1C(=O)c1cc(OC)c(OC)c(OC)c1","train"
"CHEMBL269132","COc1cc(C(=O)N2CCN(C(=O)c3cc(OC)c(OC)c(OC)c3)C(COC(=O)NC(C)CC(C)C)C2)cc(OC)c1OC","COc1cc(C(=O)N2CCN(C(=O)c3cc(OC)c(OC)c(OC)c3)C(COC(=O)NC(C)CC(C)C)C2)cc(OC)c1OC","train"
"CHEMBL269133","CCCC(C)NC(=O)OCC1CN(C(=O)c2cc(OC)c(OC)c(OC)c2)CCN1C(=O)c1cc(OC)c(OC)c(OC)c1","CCCC(C)NC(=O)OCC1CN(C(=O)c2cc(OC)c(OC)c(OC)c2)CCN1C(=O)c1cc(OC)c(OC)c(OC)c1","train"
"CHEMBL414181","c1cncc(CN2CCN(C[C@@H]3CCCN3)CC2)c1","c1cncc(CN2CCN(C[C@@H]3CCCN3)CC2)c1","train"
"CHEMBL6334","c1cc(CN2CCN(C[C@@H]3CCCN3)CC2)ccn1","c1cc(CN2CCN(C[C@@H]3CCCN3)CC2)ccn1","train"
"CHEMBL263076","O=c1oc2c(O)c(O)ccc2c2cc(F)ccc12","O=c1oc2c(O)c(O)ccc2c2cc(F)ccc12","train"
"CHEMBL6335","O=c1oc2c(Cl)c(Cl)ccc2c2cc(O)c(O)cc12","O=c1oc2c(Cl)c(Cl)ccc2c2cc(O)c(O)cc12","train"
"CHEMBL6336","Cc1cc(O)c(O)c2oc(=O)c3ccc(F)cc3c12","Cc1cc(O)c(O)c2oc(=O)c3ccc(F)cc3c12","train"
"CHEMBL6353","ONC1c2cc(O)c(O)cc2-c2cc(O)c(O)cc21","ONC1c2cc(O)c(O)cc2-c2cc(O)c(O)cc21","train"
"CHEMBL268770","O=c1oc2c(F)c(F)ccc2c2cc(O)c(O)cc12","O=c1oc2c(F)c(F)ccc2c2cc(O)c(O)cc12","train"
"CHEMBL6349","O=c1oc2cc(O)c(O)cc2c2cc(F)ccc12","O=c1oc2cc(O)c(O)cc2c2cc(F)ccc12","train"
"CHEMBL413593","C[C@]12CCC3C(CC=C4C[C@@H](O)[C@H]5COC[C@]43C5)C1CC[C@@H]2OC1CC1","C[C@]12CCC3C(CC=C4C[C@@H](O)[C@H]5COC[C@]43C5)C1CC[C@@H]2OC1CC1","train"
"CHEMBL267358","C[C@]12CCC(=O)C=C1C(=O)CC1C2CC[C@@]2(C)C1CC[C@@H]2OC1CC1","C[C@]12CCC(=O)C=C1C(=O)CC1C2CC[C@@]2(C)C1CC[C@@H]2OC1CC1","train"
"CHEMBL6338","O=c1oc2c(O)c(O)ccc2c2cc(O)c(O)cc12","O=c1oc2c(O)c(O)ccc2c2cc(O)c(O)cc12","train"
"CHEMBL269134","COc1cc(C(=O)N2CCN(C(=O)c3cc(OC)c(OC)c(OC)c3)C(COC(=O)NCC(C)(C)C)C2)cc(OC)c1OC","COc1cc(C(=O)N2CCN(C(=O)c3cc(OC)c(OC)c(OC)c3)C(COC(=O)NCC(C)(C)C)C2)cc(OC)c1OC","train"
"CHEMBL6359","COc1cc(C(=O)N2CCN(C(=O)c3cc(OC)c(OC)c(OC)c3)C(COC(=O)NC(C)(C)C)C2)cc(OC)c1OC","COc1cc(C(=O)N2CCN(C(=O)c3cc(OC)c(OC)c(OC)c3)C(COC(=O)NC(C)(C)C)C2)cc(OC)c1OC","train"
"CHEMBL6211","CCCCCCCC(=O)OCC1CN(C(=O)c2cc(OC)c(OC)c(OC)c2)CCN1C(=O)c1cc(OC)c(OC)c(OC)c1","CCCCCCCC(=O)OCC1CN(C(=O)c2cc(OC)c(OC)c(OC)c2)CCN1C(=O)c1cc(OC)c(OC)c(OC)c1","train"
"CHEMBL266184","CCCCCCCCCC(=O)OCC1CN(C(=O)c2cc(OC)c(OC)c(OC)c2)CCN1C(=O)c1cc(OC)c(OC)c(OC)c1","CCCCCCCCCC(=O)OCC1CN(C(=O)c2cc(OC)c(OC)c(OC)c2)CCN1C(=O)c1cc(OC)c(OC)c(OC)c1","train"
"CHEMBL6217","COc1cc(C(=O)N2CCN(C(=O)c3cc(OC)c(OC)c(OC)c3)C(COC(C)=O)C2)cc(OC)c1OC","COc1cc(C(=O)N2CCN(C(=O)c3cc(OC)c(OC)c(OC)c3)C(COC(C)=O)C2)cc(OC)c1OC","train"
"CHEMBL24879","CCCCCCCCNC(=O)OCC1CN(C(=O)c2cc(OC)c(OC)c(OC)c2)CCN1C(=O)c1cc(OC)c(OC)c(OC)c1","CCCCCCCCNC(=O)OCC1CN(C(=O)c2cc(OC)c(OC)c(OC)c2)CCN1C(=O)c1cc(OC)c(OC)c(OC)c1","train"
"CHEMBL227457","CCCCCCCCCCCCCCCCCC(=O)OCC1CN(C(=O)c2cc(OC)c(OC)c(OC)c2)CCN1C(=O)c1cc(OC)c(OC)c(OC)c1","CCCCCCCCCCCCCCCCCC(=O)OCC1CN(C(=O)c2cc(OC)c(OC)c(OC)c2)CCN1C(=O)c1cc(OC)c(OC)c(OC)c1","train"
"CHEMBL6201","Cn1c(CC(=O)O)cc(CO)c1C(=O)c1ccc(Cl)cc1","Cn1c(CC(=O)O)cc(CO)c1C(=O)c1ccc(Cl)cc1","train"
"CHEMBL265773","COc1cc(C(=O)N2CCN(C(=O)c3cc(OC)c(OC)c(OC)c3)C(COC(=O)COc3ccc(Cl)cc3)C2)cc(OC)c1OC","COc1cc(C(=O)N2CCN(C(=O)c3cc(OC)c(OC)c(OC)c3)C(COC(=O)COc3ccc(Cl)cc3)C2)cc(OC)c1OC","train"
"CHEMBL414696","COc1cc(C(=O)N2CCN(C(=O)c3cc(OC)c(OC)c(OC)c3)C(COC(=O)COc3ccc(F)cc3)C2)cc(OC)c1OC","COc1cc(C(=O)N2CCN(C(=O)c3cc(OC)c(OC)c(OC)c3)C(COC(=O)COc3ccc(F)cc3)C2)cc(OC)c1OC","train"
"CHEMBL267913","C[C@]12CCC(=O)C=C1CCC1C2CC[C@@]2(C)C1CC[C@@H]2OC1CC1","C[C@]12CCC(=O)C=C1CCC1C2CC[C@@]2(C)C1CC[C@@H]2OC1CC1","train"
"CHEMBL6245","CC1(C)C2=CCC3C(CC[C@@]4(C)C3CC[C@@H]4OC3CC3)[C@@]2(C)CC[C@@H]1O","CC1(C)C2=CCC3C(CC[C@@]4(C)C3CC[C@@H]4OC3CC3)[C@@]2(C)CC[C@@H]1O","train"
"CHEMBL4","CC1COc2c(N3CCN(C)CC3)c(F)cc3c(=O)c(C(=O)O)cn1c23","CC1COc2c(N3CCN(C)CC3)c(F)cc3c(=O)c(C(=O)O)cn1c23","train"
"CHEMBL5","CCn1cc(C(=O)O)c(=O)c2ccc(C)nc21","CCn1cc(C(=O)O)c(=O)c2ccc(C)nc21","train"
"CHEMBL6247","Cc1cc(O)c(O)c2oc(=O)c3cc(O)c(O)cc3c12","Cc1cc(O)c(O)c2oc(=O)c3cc(O)c(O)cc3c12","train"
"CHEMBL268597","COc1cc(C(=O)N2CCN(C(=O)c3cc(OC)c(OC)c(OC)c3)C(COC(=O)C3CCCCC3)C2)cc(OC)c1OC","COc1cc(C(=O)N2CCN(C(=O)c3cc(OC)c(OC)c(OC)c3)C(COC(=O)C3CCCCC3)C2)cc(OC)c1OC","train"
"CHEMBL6270","CCC(CC)C(=O)OCC1CN(C(=O)c2cc(OC)c(OC)c(OC)c2)CCN1C(=O)c1cc(OC)c(OC)c(OC)c1","CCC(CC)C(=O)OCC1CN(C(=O)c2cc(OC)c(OC)c(OC)c2)CCN1C(=O)c1cc(OC)c(OC)c(OC)c1","train"
"CHEMBL6311","CC(=O)/C=C/CC1C(=O)N2[C@@H](C(=O)O)C(C)(C)S(=O)(=O)[C@@H]12","CC(=O)/C=C/CC1C(=O)N2[C@@H](C(=O)O)C(C)(C)S(=O)(=O)[C@@H]12","train"
"CHEMBL6312","C=Cn1cc(C(=O)O)c(=O)c2cc(F)c(N3CCC(CNCC)C3)c(F)c21","C=Cn1cc(C(=O)O)c(=O)c2cc(F)c(N3CCC(CNCC)C3)c(F)c21","train"
"CHEMBL204021","CCN(CC)CCN(Cc1ccc(-c2ccc(C(F)(F)F)cc2)cc1)C(=O)Cn1c(SCc2ccc(F)cc2)nc(=O)c2c1CCC2","CCN(CC)CCN(Cc1ccc(-c2ccc(C(F)(F)F)cc2)cc1)C(=O)Cn1c(SCc2ccc(F)cc2)nc(=O)c2c1CCC2","train"
"CHEMBL383864","COCCc1ccc(OCC(O)CN(CC(O)COc2ccc(CCOC)cc2)C(C)COCC(C)OCC(C)OCC(C)N(CC(O)COc2ccc(CCOC)cc2)CC(O)COc2ccc(CCOC)cc2)cc1","COCCc1ccc(OCC(O)CN(CC(O)COc2ccc(CCOC)cc2)C(C)COCC(C)OCC(C)OCC(C)N(CC(O)COc2ccc(CCOC)cc2)CC(O)COc2ccc(CCOC)cc2)cc1","train"
"CHEMBL266222","CC[C@H](NC(=O)[C@H](CC1CCCCC1)NC(=O)[C@@H](NC(=O)[C@H](CC(C)C)NC(=O)c1cnccn1)[C@@H](C)CC)C(=O)C(=O)N[C@@H](CCCCN)C(=O)O","CC[C@H](NC(=O)[C@H](CC1CCCCC1)NC(=O)[C@@H](NC(=O)[C@H](CC(C)C)NC(=O)c1cnccn1)[C@@H](C)CC)C(=O)C(=O)N[C@@H](CCCCN)C(=O)O","train"
"CHEMBL6263","CCCCCN(CCCCC)C(=O)OCC1CN(C(=O)c2cc(OC)c(OC)c(OC)c2)CCN1C(=O)c1cc(OC)c(OC)c(OC)c1","CCCCCN(CCCCC)C(=O)OCC1CN(C(=O)c2cc(OC)c(OC)c(OC)c2)CCN1C(=O)c1cc(OC)c(OC)c(OC)c1","train"
"CHEMBL6319","CCCCN(CCCC)C(=O)OCC1CN(C(=O)c2cc(OC)c(OC)c(OC)c2)CCN1C(=O)c1cc(OC)c(OC)c(OC)c1","CCCCN(CCCC)C(=O)OCC1CN(C(=O)c2cc(OC)c(OC)c(OC)c2)CCN1C(=O)c1cc(OC)c(OC)c(OC)c1","train"
"CHEMBL6341","CCCC(=O)OCC1CN(C(=O)c2cc(OC)c(OC)c(OC)c2)CCN1C(=O)c1cc(OC)c(OC)c(OC)c1","CCCC(=O)OCC1CN(C(=O)c2cc(OC)c(OC)c(OC)c2)CCN1C(=O)c1cc(OC)c(OC)c(OC)c1","train"
"CHEMBL269131","CCCN(CCC)C(=O)OCC1CN(C(=O)c2cc(OC)c(OC)c(OC)c2)CCN1C(=O)c1cc(OC)c(OC)c(OC)c1","CCCN(CCC)C(=O)OCC1CN(C(=O)c2cc(OC)c(OC)c(OC)c2)CCN1C(=O)c1cc(OC)c(OC)c(OC)c1","train"
"CHEMBL6322","CCN(CC)C(=O)OCC1CN(C(=O)c2cc(OC)c(OC)c(OC)c2)CCN1C(=O)c1cc(OC)c(OC)c(OC)c1","CCN(CC)C(=O)OCC1CN(C(=O)c2cc(OC)c(OC)c(OC)c2)CCN1C(=O)c1cc(OC)c(OC)c(OC)c1","train"
"CHEMBL267357","COc1cc(NC(=O)OCC2CN(C(=O)c3cc(OC)c(OC)c(OC)c3)CCN2C(=O)c2cc(OC)c(OC)c(OC)c2)cc(OC)c1OC","COc1cc(NC(=O)OCC2CN(C(=O)c3cc(OC)c(OC)c(OC)c3)CCN2C(=O)c2cc(OC)c(OC)c(OC)c2)cc(OC)c1OC","train"
"CHEMBL380444","CCC(CC)NC(=O)OCC1CN(C(=O)c2cc(OC)c(OC)c(OC)c2)CCN1C(=O)c1cc(OC)c(OC)c(OC)c1","CCC(CC)NC(=O)OCC1CN(C(=O)c2cc(OC)c(OC)c(OC)c2)CCN1C(=O)c1cc(OC)c(OC)c(OC)c1","train"
"CHEMBL204022","CCC(C)CNC(=O)OCC1CN(C(=O)c2cc(OC)c(OC)c(OC)c2)CCN1C(=O)c1cc(OC)c(OC)c(OC)c1","CCC(C)CNC(=O)OCC1CN(C(=O)c2cc(OC)c(OC)c(OC)c2)CCN1C(=O)c1cc(OC)c(OC)c(OC)c1","train"
"CHEMBL6350","CCCCC(CC)CNC(=O)OCC1CN(C(=O)c2cc(OC)c(OC)c(OC)c2)CCN1C(=O)c1cc(OC)c(OC)c(OC)c1","CCCCC(CC)CNC(=O)OCC1CN(C(=O)c2cc(OC)c(OC)c(OC)c2)CCN1C(=O)c1cc(OC)c(OC)c(OC)c1","train"
"CHEMBL6202","COc1cc(C(=O)N2CCN(C(=O)c3cc(OC)c(OC)c(OC)c3)C(COC(=O)NCCC(C)C)C2)cc(OC)c1OC","COc1cc(C(=O)N2CCN(C(=O)c3cc(OC)c(OC)c(OC)c3)C(COC(=O)NCCC(C)C)C2)cc(OC)c1OC","train"
"CHEMBL258053","COc1cc(C(=O)N2CCN(C(=O)c3cc(OC)c(OC)c(OC)c3)C(COC(=O)NC(C)C(C)C)C2)cc(OC)c1OC","COc1cc(C(=O)N2CCN(C(=O)c3cc(OC)c(OC)c(OC)c3)C(COC(=O)NC(C)C(C)C)C2)cc(OC)c1OC","train"
"CHEMBL6203","COc1cc(C(=O)N2CCN(C(=O)c3cc(OC)c(OC)c(OC)c3)C(COC(=O)c3ccccc3Cl)C2)cc(OC)c1OC","COc1cc(C(=O)N2CCN(C(=O)c3cc(OC)c(OC)c(OC)c3)C(COC(=O)c3ccccc3Cl)C2)cc(OC)c1OC","train"
"CHEMBL258253","CCCCCC(=O)OCC1CN(C(=O)c2cc(OC)c(OC)c(OC)c2)CCN1C(=O)c1cc(OC)c(OC)c(OC)c1","CCCCCC(=O)OCC1CN(C(=O)c2cc(OC)c(OC)c(OC)c2)CCN1C(=O)c1cc(OC)c(OC)c(OC)c1","train"
"CHEMBL263777","Cc1nccn1CCCCc1ccc(CC(=O)N[C@H](CO)Cc2ccc(OCCC3CCCCC3)c(CCCN)c2)cc1","Cc1nccn1CCCCc1ccc(CC(=O)N[C@H](CO)Cc2ccc(OCCC3CCCCC3)c(CCCN)c2)cc1","train"
"CHEMBL268596","COc1cc(C(=O)N2CCN(C(=O)c3cc(OC)c(OC)c(OC)c3)C(COC(=O)C(C)(C)C)C2)cc(OC)c1OC","COc1cc(C(=O)N2CCN(C(=O)c3cc(OC)c(OC)c(OC)c3)C(COC(=O)C(C)(C)C)C2)cc(OC)c1OC","train"
"CHEMBL6","COc1ccc2c(c1)c(CC(=O)O)c(C)n2C(=O)c1ccc(Cl)cc1","COc1ccc2c(c1)c(CC(=O)O)c(C)n2C(=O)c1ccc(Cl)cc1","train"
"CHEMBL6233","O=C(C1CCCCN1)N1CCN(Cc2ccccn2)CC1","O=C(C1CCCCN1)N1CCN(Cc2ccccn2)CC1","train"
"CHEMBL268598","O=C([C@@H]1CCCN1)N1CCN(Cc2ccccn2)CC1","O=C([C@@H]1CCCN1)N1CCN(Cc2ccccn2)CC1","train"
"CHEMBL6232","COc1cc(C(=O)N2CCN(C(=O)c3cc(OC)c(OC)c(OC)c3)C(COC(=O)CC(C)(C)C)C2)cc(OC)c1OC","COc1cc(C(=O)N2CCN(C(=O)c3cc(OC)c(OC)c(OC)c3)C(COC(=O)CC(C)(C)C)C2)cc(OC)c1OC","train"
"CHEMBL6253","C[C@]12CC[C@H](O)CC1=CCC1C2CC[C@@]2(C)C1CC[C@@H]2OC1CC1","C[C@]12CC[C@H](O)CC1=CCC1C2CC[C@@]2(C)C1CC[C@@H]2OC1CC1","train"
"CHEMBL414006","C[C@]12CCC3C(CCC4=CC(=O)[C@H]5COC[C@]43C5)C1CC[C@@H]2OC1CC1","C[C@]12CCC3C(CCC4=CC(=O)[C@H]5COC[C@]43C5)C1CC[C@@H]2OC1CC1","train"
"CHEMBL414007","CCC(CC)C(=O)OCC1CN(Cc2cc(OC)c(OC)c(OC)c2)CCN1Cc1cc(OC)c(OC)c(OC)c1","CCC(CC)C(=O)OCC1CN(Cc2cc(OC)c(OC)c(OC)c2)CCN1Cc1cc(OC)c(OC)c(OC)c1","train"
"CHEMBL6244","COc1cc(C(=O)N2CCN(C(=O)c3cc(OC)c(OC)c(OC)c3)CC2)cc(OC)c1OC","COc1cc(C(=O)N2CCN(C(=O)c3cc(OC)c(OC)c(OC)c3)CC2)cc(OC)c1OC","train"
"CHEMBL6227","Cc1nccn1CCCCc1ccc(CC(=O)N[C@H](CO)Cc2ccc(OCCC3CCCCC3)c(CCCCN)c2)cc1","Cc1nccn1CCCCc1ccc(CC(=O)N[C@H](CO)Cc2ccc(OCCC3CCCCC3)c(CCCCN)c2)cc1","train"
"CHEMBL6242","Cc1nccn1CCCCc1ccc(CC(=O)N[C@@H](CO)Cc2ccc(OCCC3CCCCC3)c(CCCN)c2)cc1","Cc1nccn1CCCCc1ccc(CC(=O)N[C@@H](CO)Cc2ccc(OCCC3CCCCC3)c(CCCN)c2)cc1","train"
"CHEMBL269340","CCCCNC(=O)OCC1CN(C(=O)c2cc(OC)c(OC)c(OC)c2)CCN1C(=O)c1cc(OC)c(OC)c(OC)c1","CCCCNC(=O)OCC1CN(C(=O)c2cc(OC)c(OC)c(OC)c2)CCN1C(=O)c1cc(OC)c(OC)c(OC)c1","train"
"CHEMBL6251","N[C@@H](CCC(=O)Nc1ccc([N+](=O)[O-])cc1)C(=O)O","N[C@@H](CCC(=O)Nc1ccc([N+](=O)[O-])cc1)C(=O)O","train"
"CHEMBL267627","CON(C)C(=O)/C=C/CC1C(=O)N2[C@@H]1[S+]([O-])C(C)(C)[C@@H]2C(=O)O","CON(C)C(=O)/C=C/CC1C(=O)N2[C@@H]1[S+]([O-])C(C)(C)[C@@H]2C(=O)O","train"
"CHEMBL6286","CC1(C)[C@H](C(=O)O)N2C(=O)C(C/C=C/C=O)[C@H]2S1(=O)=O","CC1(C)[C@H](C(=O)O)N2C(=O)C(C/C=C/C=O)[C@H]2S1(=O)=O","train"
"CHEMBL403","CC1(C)[C@H](C(=O)O)N2C(=O)C[C@H]2S1(=O)=O","CC1(C)[C@H](C(=O)O)N2C(=O)C[C@H]2S1(=O)=O","train"
"CHEMBL6289","CCNCC1CCN(c2c(F)cc3c(=O)c(C(=O)O)cn(OC)c3c2F)C1","CCNCC1CCN(c2c(F)cc3c(=O)c(C(=O)O)cn(OC)c3c2F)C1","train"
"CHEMBL6282","CCNCC1CCN(c2c(F)cc3c(=O)c(C(=O)O)cn(C4CC4C)c3c2F)C1","CCNCC1CCN(c2c(F)cc3c(=O)c(C(=O)O)cn(C4CC4C)c3c2F)C1","train"
"CHEMBL448105","CC(C)C[C@H](NC(=O)[C@H](C)N)C(=O)N[C@@H](Cc1ccc(O)cc1)C(=O)N[C@@H](C)C(=O)N[C@@H](CO)C(=O)N[C@@H](CCCCN)C(=O)N[C@@H](CC(C)C)C(=O)N[C@@H](CO)C(N)=O","CC(C)C[C@H](NC(=O)[C@H](C)N)C(=O)N[C@@H](Cc1ccc(O)cc1)C(=O)N[C@@H](C)C(=O)N[C@@H](CO)C(=O)N[C@@H](CCCCN)C(=O)N[C@@H](CC(C)C)C(=O)N[C@@H](CO)C(N)=O","train"
"CHEMBL6269","Cc1nccn1CCCCc1ccc(CC(=O)N[C@@H](CO)C(=O)N[C@@H](CCCCN)C(=O)NCCC2CCCCC2)cc1","Cc1nccn1CCCCc1ccc(CC(=O)N[C@@H](CO)C(=O)N[C@@H](CCCCN)C(=O)NCCC2CCCCC2)cc1","train"
"CHEMBL6301","CC(=O)/C=C/CC1C(=O)N2[C@@H](C(=O)O)C(C)(C)S(=O)(=O)[C@H]12","CC(=O)/C=C/CC1C(=O)N2[C@@H](C(=O)O)C(C)(C)S(=O)(=O)[C@H]12","train"
"CHEMBL6309","COC(=O)/C=C/CC1C(=O)N2[C@@H](C(=O)O)C(C)(C)S(=O)(=O)[C@H]12","COC(=O)/C=C/CC1C(=O)N2[C@@H](C(=O)O)C(C)(C)S(=O)(=O)[C@H]12","train"
"CHEMBL265664","CCNCC1CCN(c2c(F)cc3c(=O)c(C(=O)O)cn(C(C)C)c3c2F)C1","CCNCC1CCN(c2c(F)cc3c(=O)c(C(=O)O)cn(C(C)C)c3c2F)C1","train"
"CHEMBL268887","CCNCC1CCN(c2c(F)cc3c(=O)c(C(=O)O)cn(-c4ccc(F)cc4)c3c2F)C1","CCNCC1CCN(c2c(F)cc3c(=O)c(C(=O)O)cn(-c4ccc(F)cc4)c3c2F)C1","train"
"CHEMBL6259","CN1CCN(c2cc3c(cc2F)c(=O)c(C(=O)O)cn3-c2ccc(F)cc2)CC1","CN1CCN(c2cc3c(cc2F)c(=O)c(C(=O)O)cn3-c2ccc(F)cc2)CC1","train"
"CHEMBL404","C[C@]1(Cn2ccnn2)[C@H](C(=O)O)N2C(=O)C[C@H]2S1(=O)=O","C[C@]1(Cn2ccnn2)[C@H](C(=O)O)N2C(=O)C[C@H]2S1(=O)=O","train"
"CHEMBL6281","CC1(C)[C@H](C(=O)O)N2C(=O)[C@@H](Cc3cn(-c4ccc(O)cc4)nn3)[C@H]2S1(=O)=O","CC1(C)[C@H](C(=O)O)N2C(=O)[C@@H](Cc3cn(-c4ccc(O)cc4)nn3)[C@H]2S1(=O)=O","train"
"CHEMBL6273","CN1CCN(c2c(F)cc3c(=O)c(C(=O)O)cn(CCF)c3c2F)CC1","CN1CCN(c2c(F)cc3c(=O)c(C(=O)O)cn(CCF)c3c2F)CC1","train"
"CHEMBL6287","CCNCC1CCN(c2c(F)cc3c(=O)c(C(=O)O)cn(C)c3c2F)C1","CCNCC1CCN(c2c(F)cc3c(=O)c(C(=O)O)cn(C)c3c2F)C1","train"
"CHEMBL267628","CCNCC1CCN(c2c(F)cc3c(=O)c(C(=O)O)cn(C4CCCCC4)c3c2F)C1","CCNCC1CCN(c2c(F)cc3c(=O)c(C(=O)O)cn(C4CCCCC4)c3c2F)C1","train"
"CHEMBL6291","Cn1cc(C2=C(c3cn(CCCSC(=N)N)c4ccccc34)C(=O)NC2=O)c2ccccc21","Cn1cc(C2=C(c3cn(CCCSC(=N)N)c4ccccc34)C(=O)NC2=O)c2ccccc21","train"
"CHEMBL6292","CC1(C)[C@H](C(=O)O)N2C(=O)[C@@H](Cc3cn(-c4ccc(F)cc4)nn3)[C@H]2S1(=O)=O","CC1(C)[C@H](C(=O)O)N2C(=O)[C@@H](Cc3cn(-c4ccc(F)cc4)nn3)[C@H]2S1(=O)=O","train"
"CHEMBL267863","CC1(C)[C@H](C(=O)O)N2C(=O)[C@@H](Cc3cn(-c4ccc(N)cc4)nn3)[C@H]2S1(=O)=O","CC1(C)[C@H](C(=O)O)N2C(=O)[C@@H](Cc3cn(-c4ccc(N)cc4)nn3)[C@H]2S1(=O)=O","train"
"CHEMBL6331","Cn1cc(C2=C(c3cn(CCC[N+](C)(C)C)c4ccccc34)C(=O)NC2=O)c2ccccc21","Cn1cc(C2=C(c3cn(CCC[N+](C)(C)C)c4ccccc34)C(=O)NC2=O)c2ccccc21","train"
"CHEMBL6332","Cn1cc(C2=C(c3cn(CCCCC(=N)N)c4ccccc34)C(=O)NC2=O)c2ccccc21","Cn1cc(C2=C(c3cn(CCCCC(=N)N)c4ccccc34)C(=O)NC2=O)c2ccccc21","train"
"CHEMBL268769","CN(C)CCCn1cc(C2=C(c3cn(C)c4ccccc34)C(=O)NC2=O)c2ccccc21","CN(C)CCCn1cc(C2=C(c3cn(C)c4ccccc34)C(=O)NC2=O)c2ccccc21","train"
"CHEMBL269264","Cn1cc(C2=C(c3cn(CCCN)c4ccccc34)C(=O)NC2=O)c2ccccc21","Cn1cc(C2=C(c3cn(CCCN)c4ccccc34)C(=O)NC2=O)c2ccccc21","train"
"CHEMBL6209","CCNCC1CCN(c2c(F)cc3c(=O)c(C(=O)O)cn(CC)c3c2F)C1","CCNCC1CCN(c2c(F)cc3c(=O)c(C(=O)O)cn(CC)c3c2F)C1","train"
"CHEMBL6210","CCNCC1CCN(c2c(F)cc3c(=O)c(C(=O)O)cn(C4CC4)c3c2F)C1","CCNCC1CCN(c2c(F)cc3c(=O)c(C(=O)O)cn(C4CC4)c3c2F)C1","train"
"CHEMBL267386","Cn1cc(C2=C(c3cn(CCCN=C(N)N)c4ccccc34)C(=O)NC2=O)c2ccccc21","Cn1cc(C2=C(c3cn(CCCN=C(N)N)c4ccccc34)C(=O)NC2=O)c2ccccc21","train"
"CHEMBL6220","CC1(C)[C@H](C(=O)O)N2C(=O)[C@@H](Cc3cn(-c4ccccc4)nn3)[C@H]2S1(=O)=O","CC1(C)[C@H](C(=O)O)N2C(=O)[C@@H](Cc3cn(-c4ccccc4)nn3)[C@H]2S1(=O)=O","train"
"CHEMBL267626","CC1(C)[C@H](C(=O)O)N2C(=O)C(C/C=C/C#N)[C@@H]2S1(=O)=O","CC1(C)[C@H](C(=O)O)N2C(=O)C(C/C=C/C#N)[C@@H]2S1(=O)=O","train"
"CHEMBL6221","COC(=O)/C=C/CC1C(=O)N2[C@@H](C(=O)O)C(C)(C)S(=O)(=O)[C@@H]12","COC(=O)/C=C/CC1C(=O)N2[C@@H](C(=O)O)C(C)(C)S(=O)(=O)[C@@H]12","train"
"CHEMBL265663","CCNCC1CCN(c2c(F)cc3c(=O)c(C(=O)O)cn(CC(F)(F)F)c3c2F)C1","CCNCC1CCN(c2c(F)cc3c(=O)c(C(=O)O)cn(CC(F)(F)F)c3c2F)C1","train"
"CHEMBL268292","Cn1cc(C2=C(c3cn(CCO)c4ccccc34)C(=O)NC2=O)c2ccccc21","Cn1cc(C2=C(c3cn(CCO)c4ccccc34)C(=O)NC2=O)c2ccccc21","train"
"CHEMBL6205","Cn1cc(C2=C(c3cn(CCCO)c4ccccc34)C(=O)NC2=O)c2ccccc21","Cn1cc(C2=C(c3cn(CCCO)c4ccccc34)C(=O)NC2=O)c2ccccc21","train"
"CHEMBL441172","Cn1cc(C2=C(c3cn(CCCCO)c4ccccc34)C(=O)NC2=O)c2ccccc21","Cn1cc(C2=C(c3cn(CCCCO)c4ccccc34)C(=O)NC2=O)c2ccccc21","train"
"CHEMBL6199","Cn1cc(C2=C(c3cn(CCCCCO)c4ccccc34)C(=O)NC2=O)c2ccccc21","Cn1cc(C2=C(c3cn(CCCCCO)c4ccccc34)C(=O)NC2=O)c2ccccc21","train"
"CHEMBL429244","CNCCCn1cc(C2=C(c3cn(C)c4ccccc34)C(=O)NC2=O)c2ccccc21","CNCCCn1cc(C2=C(c3cn(C)c4ccccc34)C(=O)NC2=O)c2ccccc21","train"
"CHEMBL6204","COc1ccc(-c2c(-c3ccccn3)nc3n2CCC3)cc1","COc1ccc(-c2c(-c3ccccn3)nc3n2CCC3)cc1","train"
"CHEMBL6229","CCc1cc2c(Sc3nnc(N)s3)ncnc2s1","CCc1cc2c(Sc3nnc(N)s3)ncnc2s1","train"
"CHEMBL6231","CNn1cc(C(=O)O)c(=O)c2cc(F)c(N3CCN(C)CC3)cc21","CNn1cc(C(=O)O)c(=O)c2cc(F)c(N3CCN(C)CC3)cc21","train"
"CHEMBL6215","CCc1cc2c(O)ncnc2s1","CCc1cc2c(O)ncnc2s1","train"
"CHEMBL6235","Cn1cc(C2=C(c3cn(CCCCCN)c4ccccc34)C(=O)NC2=O)c2ccccc21","Cn1cc(C2=C(c3cn(CCCCCN)c4ccccc34)C(=O)NC2=O)c2ccccc21","train"
"CHEMBL266483","Cn1cc(C2=C(c3cn(CCCCN)c4ccccc34)C(=O)NC2=O)c2ccccc21","Cn1cc(C2=C(c3cn(CCCCN)c4ccccc34)C(=O)NC2=O)c2ccccc21","train"
"CHEMBL8","O=C(O)c1cn(C2CC2)c2cc(N3CCNCC3)c(F)cc2c1=O","O=C(O)c1cn(C2CC2)c2cc(N3CCNCC3)c(F)cc2c1=O","train"
"CHEMBL6224","C1=C(c2ccccc2)CCNC1","C1=C(c2ccccc2)CCNC1","train"
"CHEMBL6225","CCNCC1CCN(c2c(F)cc3c(=O)c(C(=O)O)cn(CC4CC4)c3c2F)C1","CCNCC1CCN(c2c(F)cc3c(=O)c(C(=O)O)cn(CC4CC4)c3c2F)C1","train"
"CHEMBL6256","CCNCC1CCN(c2c(F)cc3c(=O)c(C(=O)O)cn(NC)c3c2F)C1","CCNCC1CCN(c2c(F)cc3c(=O)c(C(=O)O)cn(NC)c3c2F)C1","train"
"CHEMBL267230","C[N+]1([O-])CC=C(c2ccccc2)CC1","C[N+]1([O-])CC=C(c2ccccc2)CC1","train"
"CHEMBL9","CCn1cc(C(=O)O)c(=O)c2cc(F)c(N3CCNCC3)cc21","CCn1cc(C(=O)O)c(=O)c2cc(F)c(N3CCNCC3)cc21","train"
"CHEMBL268888","Cn1cc(C2=C(c3cn(CCCCSC(=N)N)c4ccccc34)C(=O)NC2=O)c2ccccc21","Cn1cc(C2=C(c3cn(CCCCSC(=N)N)c4ccccc34)C(=O)NC2=O)c2ccccc21","train"
"CHEMBL415287","CCNCC1CCN(c2c(F)cc3c(=O)c(C(=O)O)cn(CCF)c3c2F)C1","CCNCC1CCN(c2c(F)cc3c(=O)c(C(=O)O)cn(CCF)c3c2F)C1","train"
"CHEMBL6250","O=C(O)c1ccc(-c2nc(-c3ccc4c(c3)OCO4)c(-c3ccccn3)[nH]2)cc1","O=C(O)c1ccc(-c2nc(-c3ccc4c(c3)OCO4)c(-c3ccccn3)[nH]2)cc1","train"
"CHEMBL10","C[S+]([O-])c1ccc(-c2nc(-c3ccc(F)cc3)c(-c3ccncc3)[nH]2)cc1","C[S+]([O-])c1ccc(-c2nc(-c3ccc(F)cc3)c(-c3ccncc3)[nH]2)cc1","train"
"CHEMBL268889","c1ccc(-c2nc3n(c2-c2ccc4c(c2)OCO4)CCC3)nc1","c1ccc(-c2nc3n(c2-c2ccc4c(c2)OCO4)CCC3)nc1","train"
"CHEMBL266706","Fc1ccc(-c2c(-c3ccccn3)nc3n2CCS3)cc1","Fc1ccc(-c2c(-c3ccccn3)nc3n2CCS3)cc1","train"
"CHEMBL6304","Fc1ccc(-c2c(-c3ccccn3)nc3n2CCC3)cc1","Fc1ccc(-c2c(-c3ccccn3)nc3n2CCC3)cc1","train"
"CHEMBL266707","Fc1ccc(-c2c(-c3ccncc3)nc3n2CCS3)cc1","Fc1ccc(-c2c(-c3ccncc3)nc3n2CCS3)cc1","train"
"CHEMBL6294","Fc1ccc(-c2c(-c3cccnc3)nc3n2CCC3)cc1","Fc1ccc(-c2c(-c3cccnc3)nc3n2CCC3)cc1","train"
"CHEMBL263075","CCNCC1CCN(c2c(F)cc3c(=O)c(C(=O)O)cn(-c4ccccc4)c3c2F)C1","CCNCC1CCN(c2c(F)cc3c(=O)c(C(=O)O)cn(-c4ccccc4)c3c2F)C1","train"
"CHEMBL6276","CCNCC1CCN(c2c(F)cc3c(=O)c(C(=O)O)cn(C4(C)CC4)c3c2F)C1","CCNCC1CCN(c2c(F)cc3c(=O)c(C(=O)O)cn(C4(C)CC4)c3c2F)C1","train"
"CHEMBL6279","Cn1cc(C2=C(c3cn(CCC/N=C(\N)N[N+](=O)[O-])c4ccccc34)C(=O)NC2=O)c2ccccc21","Cn1cc(C2=C(c3cn(CCC/N=C(\N)N[N+](=O)[O-])c4ccccc34)C(=O)NC2=O)c2ccccc21","train"
"CHEMBL269056","CCc1cc2c(Cl)ncnc2s1","CCc1cc2c(Cl)ncnc2s1","train"
"CHEMBL267127","CCc1cc2c(Sc3nnc(C)s3)ncnc2s1","CCc1cc2c(Sc3nnc(C)s3)ncnc2s1","train"
"CHEMBL267678","Cc1ccc(Sc2cncc3sc(C(N)=O)cc23)cc1","Cc1ccc(Sc2cncc3sc(C(N)=O)cc23)cc1","train"
"CHEMBL6248","COc1ccc2sc(C(N)=O)c(OC(C)C)c2c1","COc1ccc2sc(C(N)=O)c(OC(C)C)c2c1","train"
"CHEMBL269339","O=C(O)c1ccc(-c2nc(-c3ccc(F)cc3)c(-c3ccccn3)[nH]2)cc1","O=C(O)c1ccc(-c2nc(-c3ccc(F)cc3)c(-c3ccccn3)[nH]2)cc1","train"
"CHEMBL269341","N#Cc1ccc(-c2nc(-c3ccc4c(c3)OCO4)c(-c3ccccn3)[nH]2)cc1","N#Cc1ccc(-c2nc(-c3ccc4c(c3)OCO4)c(-c3ccccn3)[nH]2)cc1","train"
"CHEMBL440084","NC(=O)c1ccc(-c2nc(-c3ccccn3)c(-c3ccc4c(c3)OCO4)[nH]2)cc1","NC(=O)c1ccc(-c2nc(-c3ccccn3)c(-c3ccc4c(c3)OCO4)[nH]2)cc1","train"
"CHEMBL267228","OCc1ccc(-c2nc(-c3ccccn3)c(-c3ccc4c(c3)OCO4)[nH]2)cc1","OCc1ccc(-c2nc(-c3ccccn3)c(-c3ccc4c(c3)OCO4)[nH]2)cc1","train"
"CHEMBL6252","O=C(O)c1ccc(-c2nc(-c3ccc(F)cc3)c(-c3ccncc3)[nH]2)cc1","O=C(O)c1ccc(-c2nc(-c3ccc(F)cc3)c(-c3ccncc3)[nH]2)cc1","train"
"CHEMBL268529","Cn1cc(C2=C(c3cn(CCN)c4ccccc34)C(=O)NC2=O)c2ccccc21","Cn1cc(C2=C(c3cn(CCN)c4ccccc34)C(=O)NC2=O)c2ccccc21","train"
"CHEMBL267126","Cn1cc(C2=C(c3cn(CCSC(=N)N)c4ccccc34)C(=O)NC2=O)c2ccccc21","Cn1cc(C2=C(c3cn(CCSC(=N)N)c4ccccc34)C(=O)NC2=O)c2ccccc21","train"
"CHEMBL6274","Cn1cc(C2=C(c3cn(CCCCCSC(=N)N)c4ccccc34)C(=O)NC2=O)c2ccccc21","Cn1cc(C2=C(c3cn(CCCCCSC(=N)N)c4ccccc34)C(=O)NC2=O)c2ccccc21","train"
"CHEMBL268530","Cc1ccc(Sc2cncc3sc(CO)cc23)cc1","Cc1ccc(Sc2cncc3sc(CO)cc23)cc1","train"
"CHEMBL6275","Cc1cc(C)cc(Sc2cncc3sc(C(N)=O)cc23)c1","Cc1cc(C)cc(Sc2cncc3sc(C(N)=O)cc23)c1","train"
"CHEMBL267125","Cc1ccc(Sc2cncc3sc(C(N)=O)cc23)cc1C","Cc1ccc(Sc2cncc3sc(C(N)=O)cc23)cc1C","train"
"CHEMBL269497","Cc1cccc(Sc2cncc3sc(C(N)=O)cc23)c1","Cc1cccc(Sc2cncc3sc(C(N)=O)cc23)c1","train"
"CHEMBL106406","Cc1cccc(C)c1C(=O)N1CCC(C)(N2CCC(Cc3ccc(I)cc3)CC2)CC1","Cc1cccc(C)c1C(=O)N1CCC(C)(N2CCC(Cc3ccc(I)cc3)CC2)CC1","train"
"CHEMBL106155","CCCCCCC(c1ccccc1)N1CC[C@H]1[C@H](N)c1cccc(Cl)c1","CCCCCCC(c1ccccc1)N1CC[C@H]1[C@H](N)c1cccc(Cl)c1","train"
"CHEMBL265115","CNC(=O)CCCCC(=O)N[C@@H](CCCN=C(N)N)C(=O)N[C@@H](Cc1ccccc1)C(=O)N[C@@H](Cc1ccccc1)C(=O)N(CCCNC(C)=O)CC(=O)N[C@@H](CC(C)C)C(=O)N[C@@H](CCSC)C(N)=O","CNC(=O)CCCCC(=O)N[C@@H](CCCN=C(N)N)C(=O)N[C@@H](Cc1ccccc1)C(=O)N[C@@H](Cc1ccccc1)C(=O)N(CCCNC(C)=O)CC(=O)N[C@@H](CC(C)C)C(=O)N[C@@H](CCSC)C(N)=O","train"
"CHEMBL106184","CSCC[C@H](NC(=O)[C@H](CC(C)C)NC(=O)CN(CCCN)C(=O)[C@H](Cc1ccccc1)NC(=O)[C@H](Cc1ccccc1)NC(=O)[C@H](CCCN=C(N)N)NC(C)=O)C(N)=O","CSCC[C@H](NC(=O)[C@H](CC(C)C)NC(=O)CN(CCCN)C(=O)[C@H](Cc1ccccc1)NC(=O)[C@H](Cc1ccccc1)NC(=O)[C@H](CCCN=C(N)N)NC(C)=O)C(N)=O","train"
"CHEMBL422779","CSCC[C@H](NC(=O)[C@H](CC(C)C)NC(=O)[C@H]1CCCN1C(=O)[C@H](Cc1ccccc1)NC(=O)[C@H](Cc1ccccc1)NC(=O)[C@H](CCCN=C(N)N)NC(C)=O)C(N)=O","CSCC[C@H](NC(=O)[C@H](CC(C)C)NC(=O)[C@H]1CCCN1C(=O)[C@H](Cc1ccccc1)NC(=O)[C@H](Cc1ccccc1)NC(=O)[C@H](CCCN=C(N)N)NC(C)=O)C(N)=O","train"
"CHEMBL444268","Fc1ccc(C(OCCNCC2CNc3ccccc3O2)c2ccc(F)cc2)cc1","Fc1ccc(C(OCCNCC2CNc3ccccc3O2)c2ccc(F)cc2)cc1","train"
"CHEMBL110132","Fc1ccc(N2CCN(CC3CN(Cc4ccccc4)c4ccccc4O3)CC2)cc1","Fc1ccc(N2CCN(CC3CN(Cc4ccccc4)c4ccccc4O3)CC2)cc1","train"
"CHEMBL110131","O=C(O)CCCCCCc1ccc(Cc2ccc([N+](=O)[O-])cc2)cc1","O=C(O)CCCCCCc1ccc(Cc2ccc([N+](=O)[O-])cc2)cc1","train"
"CHEMBL108725","O=C(N[C@@H](Cc1ccccc1)C(=O)N1CCc2ccccc2C1)[C@@H]1CCCN1C(=S)NCc1ccccc1Cl","O=C(N[C@@H](Cc1ccccc1)C(=O)N1CCc2ccccc2C1)[C@@H]1CCCN1C(=S)NCc1ccccc1Cl","train"
"CHEMBL110272","CCCCN1CCC=C(c2csc(NC)n2)C1","CCCCN1CCC=C(c2csc(NC)n2)C1","train"
"CHEMBL109118","CCCc1sc(NS(=O)(=O)/C=C/c2ccc(C)cc2)nc1-c1ccc(-c2ccccc2)cc1","CCCc1sc(NS(=O)(=O)/C=C/c2ccc(C)cc2)nc1-c1ccc(-c2ccccc2)cc1","train"
"CHEMBL321599","CCCc1sc(NS(=O)(=O)/C=C/c2ccc3ccccc3c2)nc1-c1ccc2ccccc2c1","CCCc1sc(NS(=O)(=O)/C=C/c2ccc3ccccc3c2)nc1-c1ccc2ccccc2c1","train"
"CHEMBL108328","CCCCCCCCCCc1sc(NS(=O)(=O)/C=C/c2ccccc2Cl)nc1-c1ccccc1","CCCCCCCCCCc1sc(NS(=O)(=O)/C=C/c2ccccc2Cl)nc1-c1ccccc1","train"
"CHEMBL106026","O=C(O)CCCCCCc1ccc(Cc2cccc3ccccc23)cc1","O=C(O)CCCCCCc1ccc(Cc2cccc3ccccc23)cc1","train"
"CHEMBL325560","CNC(=O)[C@H](CC(C)C)NC(=O)[C@H](Cc1ccccc1)NC(=O)CNC(=O)CNC(=O)[C@@H](N)Cc1ccc(O)cc1","CNC(=O)[C@H](CC(C)C)NC(=O)[C@H](Cc1ccccc1)NC(=O)CNC(=O)CNC(=O)[C@@H](N)Cc1ccc(O)cc1","train"
"CHEMBL106872","CNC(=O)[C@H](CC(C)C)N(C)C(=O)[C@H](Cc1ccccc1)NC(=O)CNC(=O)CNC(=O)[C@@H](N)Cc1ccc(O)cc1","CNC(=O)[C@H](CC(C)C)N(C)C(=O)[C@H](Cc1ccccc1)NC(=O)CNC(=O)CNC(=O)[C@@H](N)Cc1ccc(O)cc1","train"
"CHEMBL106444","NC(=O)[C@H](Cc1ccccc1)NC(=O)[C@H](Cc1ccc2ccc(O)cc2c1)[C@H](O)C(=O)NO","NC(=O)[C@H](Cc1ccccc1)NC(=O)[C@H](Cc1ccc2ccc(O)cc2c1)[C@H](O)C(=O)NO","train"
"CHEMBL107046","O=C(O)CCCCCCc1ccc(Cc2ccncc2)cc1","O=C(O)CCCCCCc1ccc(Cc2ccncc2)cc1","train"
"CHEMBL107047","CCN(CC)CCCC(C)Nc1cccc2cc(Cl)ccc12","CCN(CC)CCCC(C)Nc1cccc2cc(Cl)ccc12","train"
"CHEMBL106408","CCN(CC)CCCC(C)Cc1ccnc2cc(Cl)ccc12","CCN(CC)CCCC(C)Cc1ccnc2cc(Cl)ccc12","train"
"CHEMBL106093","CCCN(c1nc(-c2c(C)cc(C)cc2C)n(CC(F)(F)F)n1)C(C1CC1)C1CC1","CCCN(c1nc(-c2c(C)cc(C)cc2C)n(CC(F)(F)F)n1)C(C1CC1)C1CC1","train"
"CHEMBL106034","Cc1ccc(C(O)(Cn2ccnc2)c2ccc(Br)cc2)cc1","Cc1ccc(C(O)(Cn2ccnc2)c2ccc(Br)cc2)cc1","train"
"CHEMBL320062","OC(Cn1ccnc1)(c1ccc(Br)cc1)c1ccc(F)cc1F","OC(Cn1ccnc1)(c1ccc(Br)cc1)c1ccc(F)cc1F","train"
"CHEMBL262270","OC(Cn1ccnc1)(c1ccccc1)c1ccc(-c2ccncc2)cc1","OC(Cn1ccnc1)(c1ccccc1)c1ccc(-c2ccncc2)cc1","train"
"CHEMBL317240","CCCCCNC1=NCCN1OCc1ccccc1OC","CCCCCNC1=NCCN1OCc1ccccc1OC","train"
"CHEMBL105928","CCCCCNC1=NCCN1OCc1ccccc1C","CCCCCNC1=NCCN1OCc1ccccc1C","train"
"CHEMBL106309","O=C(O)CCCCCCc1ccc(Cc2ccc3ccccc3n2)cc1","O=C(O)CCCCCCc1ccc(Cc2ccc3ccccc3n2)cc1","train"
"CHEMBL105939","COc1ccc(-c2c3c(nc4cc5c(cc24)OCO5)COC3=O)cc1OC","COc1ccc(-c2c3c(nc4cc5c(cc24)OCO5)COC3=O)cc1OC","train"
"CHEMBL106403","O=C(O)CCCCCCc1ccc(CCCc2ccc(O)cc2)s1","O=C(O)CCCCCCc1ccc(CCCc2ccc(O)cc2)s1","train"
"CHEMBL320792","COc1ccc(-c2c3c(nc4cc(OC)c(OC)cc24)COC3=O)cc1OC","COc1ccc(-c2c3c(nc4cc(OC)c(OC)cc24)COC3=O)cc1OC","train"
"CHEMBL316550","CNC(=O)[C@H](Cc1ccccc1)NC(=O)[C@H](Cc1cc2ccccc2o1)[C@H](O)C(=O)NO","CNC(=O)[C@H](Cc1ccccc1)NC(=O)[C@H](Cc1cc2ccccc2o1)[C@H](O)C(=O)NO","train"
"CHEMBL316805","CC(=O)S[C@@H](C(=O)NC1(C(=O)N[C@@H](Cc2ccc(O)cc2)C(=O)OCCC(C)C)CCCC1)C(C)C","CC(=O)S[C@@H](C(=O)NC1(C(=O)N[C@@H](Cc2ccc(O)cc2)C(=O)OCCC(C)C)CCCC1)C(C)C","train"
"CHEMBL106366","CCCC(c1ccccc1)N1CC[C@H]1[C@H](N)c1cccc(Cl)c1","CCCC(c1ccccc1)N1CC[C@H]1[C@H](N)c1cccc(Cl)c1","train"
"CHEMBL317674","CCCN1CCC=C(c2csc(C)n2)C1","CCCN1CCC=C(c2csc(C)n2)C1","train"
"CHEMBL322978","CCCN1CCC=C(c2cnc(N)s2)C1","CCCN1CCC=C(c2cnc(N)s2)C1","train"
"CHEMBL110813","C=C(C)[C@@H]1CC[C@]2(C(=O)O)CC[C@]3(C)C(CCC4[C@@]5(C)CC[C@H](OC(=O)c6ccc(CCCCC)cc6)C(C)(C)C5CC[C@]43C)C12","C=C(C)[C@@H]1CC[C@]2(C(=O)O)CC[C@]3(C)C(CCC4[C@@]5(C)CC[C@H](OC(=O)c6ccc(CCCCC)cc6)C(C)(C)C5CC[C@]43C)C12","train"
"CHEMBL110340","CN(Cc1ccccc1)C(=O)[C@H](Cc1cn(C)c2ccccc12)NC(=O)[C@@H]1CCCN1/C(S)=N/Cc1ccccc1Cl","CN(Cc1ccccc1)C(=O)[C@H](Cc1cn(C)c2ccccc12)NC(=O)[C@@H]1CCCN1/C(S)=N/Cc1ccccc1Cl","train"
"CHEMBL108683","CN(Cc1ccccc1)C(=O)[C@H](Cc1c[nH]c2ccccc12)NC(=O)[C@@H]1CCCN1/C(S)=N/Cc1ccccc1Cl","CN(Cc1ccccc1)C(=O)[C@H](Cc1c[nH]c2ccccc12)NC(=O)[C@@H]1CCCN1/C(S)=N/Cc1ccccc1Cl","train"
"CHEMBL108682","CCCN1CCC=C(c2csc(NC)n2)C1","CCCN1CCC=C(c2csc(NC)n2)C1","train"
"CHEMBL320953","CCCc1sc(NS(=O)(=O)/C=C/c2ccc(C(F)(F)F)cc2)nc1-c1ccc(-c2ccccc2)cc1","CCCc1sc(NS(=O)(=O)/C=C/c2ccc(C(F)(F)F)cc2)nc1-c1ccc(-c2ccccc2)cc1","train"
"CHEMBL105883","Cc1cc2cc(O)c(O)cc2c(C)c1-c1ccccc1C(F)(F)F","Cc1cc2cc(O)c(O)cc2c(C)c1-c1ccccc1C(F)(F)F","train"
"CHEMBL106946","Cc1cc2ccc(F)cc2c(C)c1-c1ccc(O)c(O)c1","Cc1cc2ccc(F)cc2c(C)c1-c1ccc(O)c(O)c1","train"
"CHEMBL321604","CC(=O)N[C@H]1[C@@H](O)[C@H](c2nc(C(N)=O)cs2)O[C@@H]1CO","CC(=O)N[C@H]1[C@@H](O)[C@H](c2nc(C(N)=O)cs2)O[C@@H]1CO","train"
"CHEMBL106679","O=C(O)CCCCCCc1ccc(Cc2cccnc2)cc1","O=C(O)CCCCCCc1ccc(Cc2cccnc2)cc1","train"
"CHEMBL106680","O=C(O)CCCCCCc1ccc(Cc2ccccn2)cc1","O=C(O)CCCCCCc1ccc(Cc2ccccn2)cc1","train"
"CHEMBL107180","CCc1c(O)nc(SCC(=O)c2ccc(F)cc2)nc1Cc1cccc2ccccc12","CCc1c(O)nc(SCC(=O)c2ccc(F)cc2)nc1Cc1cccc2ccccc12","train"
"CHEMBL108062","Cc1cc2cc(O)c(O)cc2c(C)c1-c1ccc(F)cc1","Cc1cc2cc(O)c(O)cc2c(C)c1-c1ccc(F)cc1","train"
"CHEMBL106785","N[C@H](c1cccc(Cl)c1)[C@@H]1CCN1C(c1ccc(Cl)cc1)c1ccc(Cl)cc1","N[C@H](c1cccc(Cl)c1)[C@@H]1CCN1C(c1ccc(Cl)cc1)c1ccc(Cl)cc1","train"
"CHEMBL321462","N[C@H](c1cccc(Cl)c1)[C@@H]1CCN1C(c1ccc(F)cc1)c1ccc(F)cc1","N[C@H](c1cccc(Cl)c1)[C@@H]1CCN1C(c1ccc(F)cc1)c1ccc(F)cc1","train"
"CHEMBL320061","N[C@H](c1cccc(Cl)c1)[C@@H]1CCN1C(c1cccc(C(F)(F)F)c1)c1cccc(C(F)(F)F)c1","N[C@H](c1cccc(Cl)c1)[C@@H]1CCN1C(c1cccc(C(F)(F)F)c1)c1cccc(C(F)(F)F)c1","train"
"CHEMBL105787","OC(Cn1ccnc1)(c1ccc(F)cc1)c1cccc(-c2ccncc2)c1","OC(Cn1ccnc1)(c1ccc(F)cc1)c1cccc(-c2ccncc2)c1","train"
"CHEMBL320314","COc1cccc2[nH]cc(CC/N=C(/N)NC(=O)c3ccc(C)cc3)c12","COc1cccc2[nH]cc(CC/N=C(/N)NC(=O)c3ccc(C)cc3)c12","train"
"CHEMBL322987","CCCCCNC1=NCCN1OCc1ccccc1Cl","CCCCCNC1=NCCN1OCc1ccccc1Cl","train"
"CHEMBL321919","CCCCCNC1=NCCN1OCc1ccccc1F","CCCCCNC1=NCCN1OCc1ccccc1F","train"
"CHEMBL107957","O=C1CCc2ccc(cc2)Oc2cccc(c2)CCN1","O=C1CCc2ccc(cc2)Oc2cccc(c2)CCN1","train"
"CHEMBL324198","C[C@@H](NC(=O)[C@H](Cc1ccccc1)C[C@H](O)[C@H](Cc1ccccc1)NC(=O)OC(C)(C)C)C1CCCCC1","C[C@@H](NC(=O)[C@H](Cc1ccccc1)C[C@H](O)[C@H](Cc1ccccc1)NC(=O)OC(C)(C)C)C1CCCCC1","train"
"CHEMBL106657","CC(C)(C)OC(=O)N[C@@H](Cc1ccccc1)[C@@H](O)C[C@@H](Cc1ccccc1)C(=O)NCC1CCCCC1","CC(C)(C)OC(=O)N[C@@H](Cc1ccccc1)[C@@H](O)C[C@@H](Cc1ccccc1)C(=O)NCC1CCCCC1","train"
"CHEMBL106658","CCCCN1CCC=C(c2csc(N)n2)C1","CCCCN1CCC=C(c2csc(N)n2)C1","train"
"CHEMBL321288","CNC(=O)[C@H](Cc1ccccc1)NC(=O)[C@H](Cc1csc2ccccc12)[C@H](O)C(=O)NO","CNC(=O)[C@H](Cc1ccccc1)NC(=O)[C@H](Cc1csc2ccccc12)[C@H](O)C(=O)NO","train"
"CHEMBL109202","CN1CCC=C(c2csc(N)n2)C1","CN1CCC=C(c2csc(N)n2)C1","train"
"CHEMBL322329","COc1cccc(C23CCN(C)C(CC(=O)C2)C3)c1","COc1cccc(C23CCN(C)C(CC(=O)C2)C3)c1","train"
"CHEMBL321155","CCCN(c1nc(-c2c(C)cc(C)cc2C)n(CC)n1)C(C1CC1)C1CC1","CCCN(c1nc(-c2c(C)cc(C)cc2C)n(CC)n1)C(C1CC1)C1CC1","train"
"CHEMBL110933","CCCC(c1ccccc1)N1CC[C@H]1[C@@H](N)c1cccc(Cl)c1","CCCC(c1ccccc1)N1CC[C@H]1[C@@H](N)c1cccc(Cl)c1","train"
"CHEMBL323385","C/C(=C\COC(=O)NCCCl)C1=CC(=O)C(C)(C)O1","C/C(=C\COC(=O)NCCCl)C1=CC(=O)C(C)(C)O1","train"
"CHEMBL326892","Cc1ccc2cc(C)c(-c3ccc(O)c(O)c3)c(C)c2c1","Cc1ccc2cc(C)c(-c3ccc(O)c(O)c3)c(C)c2c1","train"
"CHEMBL108617","Cc1cc2cc(O)c(O)cc2c(C)c1-c1ccc(C(F)(F)F)cc1","Cc1cc2cc(O)c(O)cc2c(C)c1-c1ccc(C(F)(F)F)cc1","train"
"CHEMBL109123","CC(=O)CN1CN(CCc2ccccc2)C2(CCN(C)CC2)C1=O","CC(=O)CN1CN(CCc2ccccc2)C2(CCN(C)CC2)C1=O","train"
"CHEMBL109172","CC(=O)CN1CN(CC2CCCCC2)C2(CCN(C)CC2)C1=O","CC(=O)CN1CN(CC2CCCCC2)C2(CCN(C)CC2)C1=O","train"
"CHEMBL320116","OCC1NC(CO)[C@H](O)[C@@H](O)[C@@H]1O","OCC1NC(CO)[C@H](O)[C@@H](O)[C@@H]1O","train"
"CHEMBL108351","NC(=O)c1csc([C@@H]2O[C@H](CO)[C@@H](F)[C@H]2O)n1","NC(=O)c1csc([C@@H]2O[C@H](CO)[C@@H](F)[C@H]2O)n1","train"
"CHEMBL320702","CCc1c(O)nc(SCC(=O)c2ccc(C)cc2)nc1Cc1cccc2ccccc12","CCc1c(O)nc(SCC(=O)c2ccc(C)cc2)nc1Cc1cccc2ccccc12","train"
"CHEMBL440706","CCc1c(O)nc(SCC(=O)c2ccc(OC)cc2)nc1Cc1cccc2ccccc12","CCc1c(O)nc(SCC(=O)c2ccc(OC)cc2)nc1Cc1cccc2ccccc12","train"
"CHEMBL414231","CCC(=O)OC(=O)[C@]12CC[C@@H](C(C)C)C1C1CCC3[C@@]4(C)CC[C@H](O)C(C)(C)C4CC[C@@]3(C)[C@]1(C)CC2","CCC(=O)OC(=O)[C@]12CC[C@@H](C(C)C)C1C1CCC3[C@@]4(C)CC[C@H](O)C(C)(C)C4CC[C@@]3(C)[C@]1(C)CC2","train"
"CHEMBL107543","CC(C)[C@@H](CN1CCCC1)N(C)C(=O)COc1ccccc1","CC(C)[C@@H](CN1CCCC1)N(C)C(=O)COc1ccccc1","train"
"CHEMBL107702","COc1ccc(CC(=O)N(C)[C@H](CN2CCCC2)C(C)C)cc1","COc1ccc(CC(=O)N(C)[C@H](CN2CCCC2)C(C)C)cc1","train"
"CHEMBL324682","CC(C)[C@@H](CN1CCCC1)N(C)C(=O)Cc1ccc(C(F)(F)F)cc1","CC(C)[C@@H](CN1CCCC1)N(C)C(=O)Cc1ccc(C(F)(F)F)cc1","train"
"CHEMBL110615","N=C(N)NC(=O)c1ccccc1","N=C(N)NC(=O)c1ccccc1","train"
"CHEMBL108362","COc1cc2c(cc1NCCN(C)C)nc(Nc1c(C)cccc1Cl)c1cncn12","COc1cc2c(cc1NCCN(C)C)nc(Nc1c(C)cccc1Cl)c1cncn12","train"
"CHEMBL321554","CN(Cc1ccccc1)C(=O)[C@H](Cc1ccc2ccccc2c1)NC(=O)[C@@H]1CCCN1C(=O)Nc1ccc(C#N)cc1","CN(Cc1ccccc1)C(=O)[C@H](Cc1ccc2ccccc2c1)NC(=O)[C@@H]1CCCN1C(=O)Nc1ccc(C#N)cc1","train"
"CHEMBL318084","CN(Cc1ccccc1)C(=O)[C@H](Cc1ccc2ccccc2c1)NC(=O)[C@@H]1CCCN1C(=O)Nc1cccc(C#N)c1","CN(Cc1ccccc1)C(=O)[C@H](Cc1ccc2ccccc2c1)NC(=O)[C@@H]1CCCN1C(=O)Nc1cccc(C#N)c1","train"
"CHEMBL318085","CN(Cc1ccccc1)C(=O)[C@H](Cc1ccc2ccccc2c1)NC(=O)[C@@H]1CCCN1C(=O)Nc1ccccc1C#N","CN(Cc1ccccc1)C(=O)[C@H](Cc1ccc2ccccc2c1)NC(=O)[C@@H]1CCCN1C(=O)Nc1ccccc1C#N","train"
"CHEMBL320882","CN(C(=O)Cc1ccc(Cl)c(Cl)c1)C(CN1CCCC1)c1ccccc1","CN(C(=O)Cc1ccc(Cl)c(Cl)c1)C(CN1CCCC1)c1ccccc1","train"
"CHEMBL106462","C=CC(=O)OC(=O)[C@]12CC[C@@H](C(=C)C)C1C1CCC3[C@@]4(C)CC[C@H](O)C(C)(C)C4CC[C@@]3(C)[C@]1(C)CC2","C=CC(=O)OC(=O)[C@]12CC[C@@H](C(=C)C)C1C1CCC3[C@@]4(C)CC[C@H](O)C(C)(C)C4CC[C@@]3(C)[C@]1(C)CC2","train"
"CHEMBL106217","CN(Cc1ccccc1)C(=O)[C@H](Cc1ccc(Cl)c(Cl)c1)NC(=O)[C@@H]1CCCN1/C(S)=N/Cc1ccccc1Cl","CN(Cc1ccccc1)C(=O)[C@H](Cc1ccc(Cl)c(Cl)c1)NC(=O)[C@@H]1CCCN1/C(S)=N/Cc1ccccc1Cl","train"
"CHEMBL319476","CN(Cc1ccccc1)C(=O)[C@H](Cc1ccc2ccccc2c1)N(C)C(=O)[C@@H]1CCCN1/C(S)=N/Cc1ccccc1Cl","CN(Cc1ccccc1)C(=O)[C@H](Cc1ccc2ccccc2c1)N(C)C(=O)[C@@H]1CCCN1/C(S)=N/Cc1ccccc1Cl","train"
"CHEMBL106078","CN(Cc1ccccc1)C(=O)[C@H](Cc1ccc2ccccc2c1)NC(=O)[C@@H]1CCCN1/C(S)=N/Cc1ccccc1Cl","CN(Cc1ccccc1)C(=O)[C@H](Cc1ccc2ccccc2c1)NC(=O)[C@@H]1CCCN1/C(S)=N/Cc1ccccc1Cl","train"
"CHEMBL106267","COc1cc(-c2c3c(nc4cc(OC)c(OC)c(OC)c24)COC3=O)cc(OC)c1OC","COc1cc(-c2c3c(nc4cc(OC)c(OC)c(OC)c24)COC3=O)cc(OC)c1OC","train"
"CHEMBL320359","COc1ccccc1COC(=O)N1CCC[C@H]1C(=O)NC(c1ccccc1)c1ccccc1","COc1ccccc1COC(=O)N1CCC[C@H]1C(=O)NC(c1ccccc1)c1ccccc1","train"
"CHEMBL110652","CC(=O)CN1CN(c2ccccc2)C2(CCN(C)CC2)C1=O","CC(=O)CN1CN(c2ccccc2)C2(CCN(C)CC2)C1=O","train"
"CHEMBL432583","CC(C)(C)[C@H](NC(=O)[C@H](Cc1ccc2ccccc2c1)[C@H](O)C(=O)NO)C(N)=O","CC(C)(C)[C@H](NC(=O)[C@H](Cc1ccc2ccccc2c1)[C@H](O)C(=O)NO)C(N)=O","train"
"CHEMBL108358","NC(=O)c1csc([C@@H]2O[C@H](CO)[C@@H](O)[C@H]2O)n1","NC(=O)c1csc([C@@H]2O[C@H](CO)[C@@H](O)[C@H]2O)n1","train"
"CHEMBL110878","COC1=C(/C=C(\CCCCCc2cccnc2)C(=O)O)C(=O)C(C)=C(C)C1=O","COC1=C(/C=C(\CCCCCc2cccnc2)C(=O)O)C(=O)C(C)=C(C)C1=O","train"
"CHEMBL110924","CN(C(=O)Cc1ccc(Cl)c(Cl)c1)C(CN1CCCC1)c1cccc(Cl)c1","CN(C(=O)Cc1ccc(Cl)c(Cl)c1)C(CN1CCCC1)c1cccc(Cl)c1","train"
"CHEMBL110870","CC(NP(=O)(O)O)C(=O)C1CCCC1C(=O)O","CC(NP(=O)(O)O)C(=O)C1CCCC1C(=O)O","train"
"CHEMBL107635","O=C(O)CCc1cc(O)c2n(c1=O)C(C(=O)O)CC2","O=C(O)CCc1cc(O)c2n(c1=O)C(C(=O)O)CC2","train"
"CHEMBL317022","COc1ccc(-c2nnc(C)n2-c2cc(OC)c(OC)c(OC)c2)cc1N","COc1ccc(-c2nnc(C)n2-c2cc(OC)c(OC)c(OC)c2)cc1N","train"
"CHEMBL323257","CCCN(c1nc(-c2ccc(C)cc2C)n(C)n1)C(C1CC1)C1CC1","CCCN(c1nc(-c2ccc(C)cc2C)n(C)n1)C(C1CC1)C1CC1","train"
"CHEMBL322468","CN1CCC2(c3cccc(O)c3)CC(=O)/C(=C/c3ccc(Cl)c(Cl)c3)C1C2","CN1CCC2(c3cccc(O)c3)CC(=O)/C(=C/c3ccc(Cl)c(Cl)c3)C1C2","train"
"CHEMBL105814","COCCN1Cc2cc(C(=O)NCc3nc4ccccc4[nH]3)ccc2N[C@@H](CC(=O)O)C1=O","COCCN1Cc2cc(C(=O)NCc3nc4ccccc4[nH]3)ccc2N[C@@H](CC(=O)O)C1=O","train"
"CHEMBL105815","O=C1c2ccccc2C(=O)c2c(NCC(Cl)CO)ccc(NCC(Cl)CO)c21","O=C1c2ccccc2C(=O)c2c(NCC(Cl)CO)ccc(NCC(Cl)CO)c21","train"
"CHEMBL106088","CCOC(=O)c1nc2c(O)nc3cc(Cl)c(N)cc3n2n1","CCOC(=O)c1nc2c(O)nc3cc(Cl)c(N)cc3n2n1","train"
"CHEMBL322202","COc1ccc(C[C@H]2C(=O)N[C@@H](C)C(=O)N(C)[C@H]3C(=O)N(C)[C@H]3C(=O)NC(C)C(=O)N[C@@H](C)C(=O)N2C)cc1","COc1ccc(C[C@H]2C(=O)N[C@@H](C)C(=O)N(C)[C@H]3C(=O)N(C)[C@H]3C(=O)NC(C)C(=O)N[C@@H](C)C(=O)N2C)cc1","train"
"CHEMBL325762","COC(=O)[C@@H]1Cc2ccc(OC)c(c2)Oc2ccc(cc2)C[C@H](N(C)C(=O)OCc2ccccc2)C(=O)N1","COC(=O)[C@@H]1Cc2ccc(OC)c(c2)Oc2ccc(cc2)C[C@H](N(C)C(=O)OCc2ccccc2)C(=O)N1","train"
"CHEMBL317476","Cc1cccc(C)c1C(=O)N1CCC(C)(N2CCC(Cc3ccc(OC(F)(F)F)cc3)CC2)CC1","Cc1cccc(C)c1C(=O)N1CCC(C)(N2CCC(Cc3ccc(OC(F)(F)F)cc3)CC2)CC1","train"
"CHEMBL106299","Cc1cccc(C)c1C(=O)N1CCC(C)(N2CCC(Cc3ccc(Cl)cc3)CC2)CC1","Cc1cccc(C)c1C(=O)N1CCC(C)(N2CCC(Cc3ccc(Cl)cc3)CC2)CC1","train"
"CHEMBL106404","Cc1cc(C)cc(C(=O)N2CCN(C(=O)CNC3CCNCC3)[C@H](c3ccc(Cl)c(Cl)c3)C2)c1","Cc1cc(C)cc(C(=O)N2CCN(C(=O)CNC3CCNCC3)[C@H](c3ccc(Cl)c(Cl)c3)C2)c1","train"
"CHEMBL106534","COc1cc(-c2c3c(nc4cc5c(cc24)-c2ccccc2C5)COC3=O)cc(OC)c1OC","COc1cc(-c2c3c(nc4cc5c(cc24)-c2ccccc2C5)COC3=O)cc(OC)c1OC","train"
"CHEMBL322055","C/N=C(\NCCCCc1ccccc1)NC(=O)c1ccc(C)cc1","C/N=C(\NCCCCc1ccccc1)NC(=O)c1ccc(C)cc1","train"
"CHEMBL316515","CN(Cc1ccccc1)C(=O)[C@H](Cc1cc2ccccc2s1)NC(=O)[C@@H]1CCCN1/C(S)=N/Cc1ccccc1Cl","CN(Cc1ccccc1)C(=O)[C@H](Cc1cc2ccccc2s1)NC(=O)[C@@H]1CCCN1/C(S)=N/Cc1ccccc1Cl","train"
"CHEMBL106100","CN(Cc1ccccc1)C(=O)[C@H](Cc1ccc2ccccc2c1)NC(=O)[C@@H]1CCCN1C(=O)Nc1ccccc1O","CN(Cc1ccccc1)C(=O)[C@H](Cc1ccc2ccccc2c1)NC(=O)[C@@H]1CCCN1C(=O)Nc1ccccc1O","train"
"CHEMBL320016","COc1cc(-c2c3c(nc4cc5c(cc24)CCC5)COC3=O)cc(OC)c1OC","COc1cc(-c2c3c(nc4cc5c(cc24)CCC5)COC3=O)cc(OC)c1OC","train"
"CHEMBL110356","COc1cc2nc3c(c(-c4cc(OC)c(OC)c(OC)c4)c2cc1OC)C(=O)OC3","COc1cc2nc3c(c(-c4cc(OC)c(OC)c(OC)c4)c2cc1OC)C(=O)OC3","train"
"CHEMBL108737","CNC(=O)[C@@H](NC(=O)[C@H](Cc1ccc2ccccc2c1)[C@H](O)C(=O)NO)C(C)(C)C","CNC(=O)[C@@H](NC(=O)[C@H](Cc1ccc2ccccc2c1)[C@H](O)C(=O)NO)C(C)(C)C","train"
"CHEMBL321862","COc1cc2c(cc1NCCN(C)C)nc(Nc1c(F)cccc1Cl)c1cncn12","COc1cc2c(cc1NCCN(C)C)nc(Nc1c(F)cccc1Cl)c1cncn12","train"
"CHEMBL110355","CN(Cc1ccccc1)C(=O)[C@H](Cc1ccc2ccccc2c1)NC(=O)[C@@H]1CCCN1C(=O)Nc1ccccc1F","CN(Cc1ccccc1)C(=O)[C@H](Cc1ccc2ccccc2c1)NC(=O)[C@@H]1CCCN1C(=O)Nc1ccccc1F","train"
"CHEMBL110386","COC1=C(/C=C(\CCCCCc2cccnc2)C(=O)O)C(=O)C(C)=CC1=O","COC1=C(/C=C(\CCCCCc2cccnc2)C(=O)O)C(=O)C(C)=CC1=O","train"
"CHEMBL110465","O=C1C=C(COP(=O)(NCCCl)NCCCl)C(=O)c2ccccc21","O=C1C=C(COP(=O)(NCCCl)NCCCl)C(=O)c2ccccc21","train"
"CHEMBL316775","Cn1c(COP(N)(=O)N(CCCl)CCCl)nc2c1C(=O)C=CC2=O","Cn1c(COP(N)(=O)N(CCCl)CCCl)nc2c1C(=O)C=CC2=O","train"
"CHEMBL321061","CC(C)C[C@@H](CN1CCCC1)N(C)C(=O)Cc1ccc(Cl)c(Cl)c1","CC(C)C[C@@H](CN1CCCC1)N(C)C(=O)Cc1ccc(Cl)c(Cl)c1","train"
"CHEMBL105942","CCC(C)[C@@H](CN1CCCC1)N(C)C(=O)Cc1ccc(Cl)c(Cl)c1","CCC(C)[C@@H](CN1CCCC1)N(C)C(=O)Cc1ccc(Cl)c(Cl)c1","train"
"CHEMBL107091","C=CCn1nc(N(CCC)C(C2CC2)C2CC2)nc1-c1c(C)cc(C)cc1C","C=CCn1nc(N(CCC)C(C2CC2)C2CC2)nc1-c1c(C)cc(C)cc1C","train"
"CHEMBL107092","Cc1cccc(C)c1C(=O)N1CCC(C)(N2CCC(Cc3ccc(C(F)(F)F)cc3)CC2)CC1","Cc1cccc(C)c1C(=O)N1CCC(C)(N2CCC(Cc3ccc(C(F)(F)F)cc3)CC2)CC1","train"
"CHEMBL322416","COCCN1Cc2cc(C(=O)N(C)Cc3nc4ccccc4[nH]3)ccc2N[C@@H](CC(=O)O)C1=O","COCCN1Cc2cc(C(=O)N(C)Cc3nc4ccccc4[nH]3)ccc2N[C@@H](CC(=O)O)C1=O","train"
"CHEMBL320700","Cc1c(C(C)C)c(=O)on1C(=O)N1CCCCC1C","Cc1c(C(C)C)c(=O)on1C(=O)N1CCCCC1C","train"
"CHEMBL108270","Cc1c(C(C)C)c(=O)on1C(=O)N1CCC[C@@H](C)C1","Cc1c(C(C)C)c(=O)on1C(=O)N1CCC[C@@H](C)C1","train"
"CHEMBL108269","CCCCC/N=C1/CCCN1CCc1ccccc1","CCCCC/N=C1/CCCN1CCc1ccccc1","train"
"CHEMBL322598","COc1cc2c(cc1NCCN1CCOCC1)nc(Nc1c(C)cccc1Cl)c1cncn12","COc1cc2c(cc1NCCN1CCOCC1)nc(Nc1c(C)cccc1Cl)c1cncn12","train"
"CHEMBL106457","COc1cc2c(cc1OCCN1CCOCC1)nc(Nc1c(C)cccc1Cl)c1cncn12","COc1cc2c(cc1OCCN1CCOCC1)nc(Nc1c(C)cccc1Cl)c1cncn12","train"
"CHEMBL106369","COc1ccc(CC2CCN(C3(C)CCN(C(=O)c4c(C)cccc4C)CC3)CC2)cc1","COc1ccc(CC2CCN(C3(C)CCN(C(=O)c4c(C)cccc4C)CC3)CC2)cc1","train"
"CHEMBL105788","CC1=C(/C=C(\CCCCCc2cccnc2)C(=O)O)C(=O)C(OCC2CCCCC2)=C(C)C1=O","CC1=C(/C=C(\CCCCCc2cccnc2)C(=O)O)C(=O)C(OCC2CCCCC2)=C(C)C1=O","train"
"CHEMBL106253","CC(C)C[C@H]1C(=O)NCN1C(=O)[C@H](Cc1ccccc1)NC(=O)CNC(=O)CNC(=O)[C@@H](N)Cc1ccc(O)cc1","CC(C)C[C@H]1C(=O)NCN1C(=O)[C@H](Cc1ccccc1)NC(=O)CNC(=O)CNC(=O)[C@@H](N)Cc1ccc(O)cc1","train"
"CHEMBL106254","CCOC1=C(C)C(=O)C(C)=C(/C=C(\CCCCCc2cccnc2)C(=O)O)C1=O","CCOC1=C(C)C(=O)C(C)=C(/C=C(\CCCCCc2cccnc2)C(=O)O)C1=O","train"
"CHEMBL108223","CCCCOC1=C(C)C(=O)C(C)=C(/C=C(\CCCCCc2cccnc2)C(=O)O)C1=O","CCCCOC1=C(C)C(=O)C(C)=C(/C=C(\CCCCCc2cccnc2)C(=O)O)C1=O","train"
"CHEMBL320095","COC(=O)C1Sc2cccc3[nH]cc(c23)C1C","COC(=O)C1Sc2cccc3[nH]cc(c23)C1C","train"
"CHEMBL326422","NC(=O)[C@H](Cc1ccccc1)NC(=O)[C@H](Cc1sc2ccccc2c1Cl)[C@H](O)C(=O)NO","NC(=O)[C@H](Cc1ccccc1)NC(=O)[C@H](Cc1sc2ccccc2c1Cl)[C@H](O)C(=O)NO","train"
"CHEMBL326669","C[C@]12CCC3C(CC[C@@H]4CC(O)=CC[C@]34C)C1CCC2=O","C[C@]12CCC3C(CC[C@@H]4CC(O)=CC[C@]34C)C1CCC2=O","train"
"CHEMBL108070","Cc1ccc(C(=O)NC(=N)NCCc2cccs2)cc1","Cc1ccc(C(=O)NC(=N)NCCc2cccs2)cc1","train"
"CHEMBL106084","CCCCCC(c1ccccc1)N1CC[C@H]1[C@@H](N)c1cccc(Cl)c1","CCCCCC(c1ccccc1)N1CC[C@H]1[C@@H](N)c1cccc(Cl)c1","train"
"CHEMBL106213","COc1cc2c(cc1NCCN(C)C)nc(Nc1c(C)cccc1Cl)c1cnc(C)n12","COc1cc2c(cc1NCCN(C)C)nc(Nc1c(C)cccc1Cl)c1cnc(C)n12","train"
"CHEMBL106373","COC1=C(OC)C(=O)C(/C=C(\CCCCCc2cccnc2)C(=O)O)=C(C)C1=O","COC1=C(OC)C(=O)C(/C=C(\CCCCCc2cccnc2)C(=O)O)=C(C)C1=O","train"
"CHEMBL321272","Nc1ccc2nc(O)c3nc(C(=O)O)nn3c2c1","Nc1ccc2nc(O)c3nc(C(=O)O)nn3c2c1","train"
"CHEMBL106555","CN1CCN(C(=O)CNC2CCN(Cc3ccccc3)CC2)C(c2ccccc2)C1","CN1CCN(C(=O)CNC2CCN(Cc3ccccc3)CC2)C(c2ccccc2)C1","train"
"CHEMBL106578","CN(CCBr)P(=O)(OCC1=CC(=O)c2ccccc2C1=O)N(C)CCBr","CN(CCBr)P(=O)(OCC1=CC(=O)c2ccccc2C1=O)N(C)CCBr","train"
"CHEMBL106579","CCCCCNC1=NCCN1CCc1ccccc1","CCCCCNC1=NCCN1CCc1ccccc1","train"
"CHEMBL105864","COC(=O)[C@@H]1Cc2ccc(OC)c(c2)Oc2ccc(cc2)C[C@H](N(C)C(=O)OC(C)(C)C)C(=O)N1","COC(=O)[C@@H]1Cc2ccc(OC)c(c2)Oc2ccc(cc2)C[C@H](N(C)C(=O)OC(C)(C)C)C(=O)N1","train"
"CHEMBL105783","CC[C@@H](CN1CCCC1)N(C)C(=O)Cc1ccc(Cl)c(Cl)c1","CC[C@@H](CN1CCCC1)N(C)C(=O)Cc1ccc(Cl)c(Cl)c1","train"
"CHEMBL105838","Cn1c(COP(N)(=O)N(CCBr)CCBr)nc2c1C(=O)C=CC2=O","Cn1c(COP(N)(=O)N(CCBr)CCBr)nc2c1C(=O)C=CC2=O","train"
"CHEMBL324191","COc1c(O)c(C)c(C)c(O)c1/C=C(\CCCCCc1cccnc1)C(=O)O","COc1c(O)c(C)c(C)c(O)c1/C=C(\CCCCCc1cccnc1)C(=O)O","train"
"CHEMBL321959","COc1c(C)c(O)c(C)c(/C=C(\CCCCCc2cccnc2)C(=O)O)c1O","COc1c(C)c(O)c(C)c(/C=C(\CCCCCc2cccnc2)C(=O)O)c1O","train"
"CHEMBL106553","CC1(C)Cc2c(-c3ccc(C(=O)O)cc3)cn(Cc3cccnc3)c2-c2cc3c(cc21)C(C)(C)CCC3(C)C","CC1(C)Cc2c(-c3ccc(C(=O)O)cc3)cn(Cc3cccnc3)c2-c2cc3c(cc21)C(C)(C)CCC3(C)C","train"
"CHEMBL108784","CCCN(c1n[nH]c(-c2c(C)cc(C)cc2C)n1)C(C1CC1)C1CC1","CCCN(c1n[nH]c(-c2c(C)cc(C)cc2C)n1)C(C1CC1)C1CC1","train"
"CHEMBL110114","CC(C)N1Cc2cc(C(=O)NCc3nc4ccccc4[nH]3)ccc2N[C@@H](CC(=O)O)C1=O","CC(C)N1Cc2cc(C(=O)NCc3nc4ccccc4[nH]3)ccc2N[C@@H](CC(=O)O)C1=O","train"
"CHEMBL110759","NP(=O)(OCC1=C(Br)C(=O)c2ccccc2C1=O)N(CCCl)CCCl","NP(=O)(OCC1=C(Br)C(=O)c2ccccc2C1=O)N(CCCl)CCCl","train"
"CHEMBL107827","CCCCCCCOC1=C(C)C(=O)C(C)=C(/C=C(\CCCCCc2cccnc2)C(=O)O)C1=O","CCCCCCCOC1=C(C)C(=O)C(C)=C(/C=C(\CCCCCc2cccnc2)C(=O)O)C1=O","train"
"CHEMBL108956","CSC1=C(COP(N)(=O)N(CCCl)CCCl)C(=O)c2ccccc2C1=O","CSC1=C(COP(N)(=O)N(CCCl)CCCl)C(=O)c2ccccc2C1=O","train"
"CHEMBL108957","CC1=C(COP(N)(=O)N(CCBr)CCBr)C(=O)c2ccccc2C1=O","CC1=C(COP(N)(=O)N(CCBr)CCBr)C(=O)c2ccccc2C1=O","train"
"CHEMBL110609","CCCN(c1nc(-c2ccc(Cl)cc2Cl)n(C)n1)C(C1CC1)C1CC1","CCCN(c1nc(-c2ccc(Cl)cc2Cl)n(C)n1)C(C1CC1)C1CC1","train"
"CHEMBL325564","CCCc1sc(NS(=O)(=O)/C=C/c2ccc(-c3ccccc3)cc2)nc1-c1ccc(Cl)cc1","CCCc1sc(NS(=O)(=O)/C=C/c2ccc(-c3ccccc3)cc2)nc1-c1ccc(Cl)cc1","train"
"CHEMBL325309","CCCc1sc(NS(=O)(=O)/C=C/c2ccc(C)cc2)nc1-c1ccc(Cl)cc1","CCCc1sc(NS(=O)(=O)/C=C/c2ccc(C)cc2)nc1-c1ccc(Cl)cc1","train"
"CHEMBL110165","CCOC(=O)c1nc2c(O)nc3ccc(N)cc3n2n1","CCOC(=O)c1nc2c(O)nc3ccc(N)cc3n2n1","train"
"CHEMBL110166","Cc1c(C(C)C)c(=O)on1C(=O)N1CCN(c2ncccn2)CC1","Cc1c(C(C)C)c(=O)on1C(=O)N1CCN(c2ncccn2)CC1","train"
"CHEMBL110388","Cc1c(C(C)C)c(=O)on1C(=O)N1CCOCC1","Cc1c(C(C)C)c(=O)on1C(=O)N1CCOCC1","train"
"CHEMBL108043","CCCCCNC1=NCCN1OCCc1ccccc1","CCCCCNC1=NCCN1OCCc1ccccc1","train"
"CHEMBL108044","Cc1cccc(Cl)c1Nc1nc2cc(N3CCN(C)CC3)ccc2n2cncc12","Cc1cccc(Cl)c1Nc1nc2cc(N3CCN(C)CC3)ccc2n2cncc12","train"
"CHEMBL110932","Cc1cccc(Cl)c1Nc1nc2cc(NCCN(C)C)ccc2n2cncc12","Cc1cccc(Cl)c1Nc1nc2cc(NCCN(C)C)ccc2n2cncc12","train"
"CHEMBL265763","NC(=O)[C@H](Cc1ccccc1)NC(=O)[C@H](Cc1ccc2ccc(OCc3ccccc3)cc2c1)[C@H](O)C(=O)NO","NC(=O)[C@H](Cc1ccccc1)NC(=O)[C@H](Cc1ccc2ccc(OCc3ccccc3)cc2c1)[C@H](O)C(=O)NO","train"
"CHEMBL108591","C=C(C)[C@@H]1CC[C@]2(C(=O)O)CC[C@]3(C)C(CCC4[C@@]5(C)CC[C@H](OC(=O)Cc6cc(OC)ccc6OC)C(C)(C)C5CC[C@]43C)C12","C=C(C)[C@@H]1CC[C@]2(C(=O)O)CC[C@]3(C)C(CCC4[C@@]5(C)CC[C@H](OC(=O)Cc6cc(OC)ccc6OC)C(C)(C)C5CC[C@]43C)C12","train"
"CHEMBL108673","CCCN(c1nc(-c2ccc(Br)cc2C)n(C)n1)C(C1CC1)C1CC1","CCCN(c1nc(-c2ccc(Br)cc2C)n(C)n1)C(C1CC1)C1CC1","train"
"CHEMBL110611","NCC#Cc1ccccc1","NCC#Cc1ccccc1","train"
"CHEMBL106238","C=C(CN)c1ccco1","C=C(CN)c1ccco1","train"
"CHEMBL106124","CSCC[C@H](NC(=O)[C@H](CC(C)C)NC(=O)CNC(=O)[C@H](Cc1ccccc1)N(C)C(=O)[C@H](Cc1ccccc1)NC(=O)[C@H](CC(=O)O)NC(=O)CCC(=O)O)C(N)=O","CSCC[C@H](NC(=O)[C@H](CC(C)C)NC(=O)CNC(=O)[C@H](Cc1ccccc1)N(C)C(=O)[C@H](Cc1ccccc1)NC(=O)[C@H](CC(=O)O)NC(=O)CCC(=O)O)C(N)=O","train"
"CHEMBL319473","CSCC[C@H](NC(=O)[C@H](CC(C)C)NC(=O)CN1CCNC(=O)CCC(=O)NCC(=O)N[C@@H](CCCN=C(N)N)C(=O)N[C@H](Cc2ccccc2)C(=O)N[C@@H](Cc2ccccc2)C1=O)C(N)=O","CSCC[C@H](NC(=O)[C@H](CC(C)C)NC(=O)CN1CCNC(=O)CCC(=O)NCC(=O)N[C@@H](CCCN=C(N)N)C(=O)N[C@H](Cc2ccccc2)C(=O)N[C@@H](Cc2ccccc2)C1=O)C(N)=O","train"
"CHEMBL431243","CSCC[C@H](NC(=O)[C@H](CC(C)C)NC(=O)CN1CCCCCCNC(=O)CCCC(=O)N[C@@H](CCCN=C(N)N)C(=O)N[C@H](Cc2ccccc2)C(=O)N[C@@H](Cc2ccccc2)C1=O)C(N)=O","CSCC[C@H](NC(=O)[C@H](CC(C)C)NC(=O)CN1CCCCCCNC(=O)CCCC(=O)N[C@@H](CCCN=C(N)N)C(=O)N[C@H](Cc2ccccc2)C(=O)N[C@@H](Cc2ccccc2)C1=O)C(N)=O","train"
"CHEMBL110617","CC(C)(C)[C@H](NC(=O)[C@H](Cc1ccc2cc(F)c(F)cc2c1)[C@H](O)C(=O)NO)C(N)=O","CC(C)(C)[C@H](NC(=O)[C@H](Cc1ccc2cc(F)c(F)cc2c1)[C@H](O)C(=O)NO)C(N)=O","train"
"CHEMBL419376","CN(Cc1nc2ccccc2[nH]1)C(=O)c1ccc2c(c1)CNC(=O)[C@H](CC(=O)O)N2","CN(Cc1nc2ccccc2[nH]1)C(=O)c1ccc2c(c1)CNC(=O)[C@H](CC(=O)O)N2","train"
"CHEMBL110231","CCCN(CC1CC1)c1nc(-c2ccc(Cl)cc2Cl)n(C)n1","CCCN(CC1CC1)c1nc(-c2ccc(Cl)cc2Cl)n(C)n1","train"
"CHEMBL108675","O=C(O)CCCCCCCc1ccc(CCCc2ccccc2)cc1","O=C(O)CCCCCCCc1ccc(CCCc2ccccc2)cc1","train"
"CHEMBL321014","O=C(O)CCCCCc1ccc(CCCc2ccccc2)s1","O=C(O)CCCCCc1ccc(CCCc2ccccc2)s1","train"
"CHEMBL419562","CCCCCNc1nc2ccccc2n1CCc1ccccc1","CCCCCNc1nc2ccccc2n1CCc1ccccc1","train"
"CHEMBL110684","CCCCCSC1=NCCN1OCc1ccccc1","CCCCCSC1=NCCN1OCc1ccccc1","train"
"CHEMBL322984","CC(C)(C)OC(=O)N[C@@H](Cc1ccccc1)[C@@H](O)C[C@@H](CCCc1ccccc1)C(=O)N[C@H]1c2ccccc2[C@@H](O)[C@H]1O","CC(C)(C)OC(=O)N[C@@H](Cc1ccccc1)[C@@H](O)C[C@@H](CCCc1ccccc1)C(=O)N[C@H]1c2ccccc2[C@@H](O)[C@H]1O","train"
"CHEMBL106924","CC1=C(COP(N)(=O)N(CCCl)CCCl)C(=O)c2ccccc2C1=O","CC1=C(COP(N)(=O)N(CCCl)CCCl)C(=O)c2ccccc2C1=O","train"
"CHEMBL106247","Cc1cccc(C)c1C(=O)N1CCC(C)(N2CCC(Cc3ccc(Br)cc3)CC2)CC1","Cc1cccc(C)c1C(=O)N1CCC(C)(N2CCC(Cc3ccc(Br)cc3)CC2)CC1","train"
"CHEMBL108581","CCc1c(O)nc(SCC(=O)c2ccc(Cl)cc2)nc1Cc1cccc2ccccc12","CCc1c(O)nc(SCC(=O)c2ccc(Cl)cc2)nc1Cc1cccc2ccccc12","train"
"CHEMBL108621","COc1ccc(-c2c[nH]nc2-c2cc(OC)c(OC)c(OC)c2)cc1N","COc1ccc(-c2c[nH]nc2-c2cc(OC)c(OC)c(OC)c2)cc1N","train"
"CHEMBL108461","O=C1c2ccccc2C(=O)c2c(NCC3CO3)ccc(NCC3CO3)c21","O=C1c2ccccc2C(=O)c2c(NCC3CO3)ccc(NCC3CO3)c21","train"
"CHEMBL419197","COc1cccc(N2CCN(C(=O)n3oc(=O)c(C(C)C)c3C)CC2)c1","COc1cccc(N2CCN(C(=O)n3oc(=O)c(C(C)C)c3C)CC2)c1","train"
"CHEMBL324436","Cc1c(C(C)C)c(=O)on1C(=O)N1CCSCC1","Cc1c(C(C)C)c(=O)on1C(=O)N1CCSCC1","train"
"CHEMBL110572","N=C(NCCCCc1ccccc1)NC(=O)c1cccc2ccccc12","N=C(NCCCCc1ccccc1)NC(=O)c1cccc2ccccc12","train"
"CHEMBL108347","CCCCOc1ccc(C(=O)NC(=N)NCCCCc2ccccc2)cc1","CCCCOc1ccc(C(=O)NC(=N)NCCCCc2ccccc2)cc1","train"
"CHEMBL108841","COc1cc2nc(Nc3c(C)cccc3Cl)c3cncn3c2cc1OCCN1CCOCC1","COc1cc2nc(Nc3c(C)cccc3Cl)c3cncn3c2cc1OCCN1CCOCC1","train"
"CHEMBL110385","CC(C)(C)OC(=O)N[C@@H](Cc1ccccc1)[C@@H](O)CCC(=O)N[C@H]1c2ccccc2C[C@H]1O","CC(C)(C)OC(=O)N[C@@H](Cc1ccccc1)[C@@H](O)CCC(=O)N[C@H]1c2ccccc2C[C@H]1O","train"
"CHEMBL320505","C=C(C)[C@@H]1CC[C@]2(C(=O)O)CC[C@]3(C)C(CCC4[C@@]5(C)CC[C@H](OC(=O)c6ccc(CCCCCCC)cc6)C(C)(C)C5CC[C@]43C)C12","C=C(C)[C@@H]1CC[C@]2(C(=O)O)CC[C@]3(C)C(CCC4[C@@]5(C)CC[C@H](OC(=O)c6ccc(CCCCCCC)cc6)C(C)(C)C5CC[C@]43C)C12","train"
"CHEMBL108847","CN(Cc1ccccc1)C(=O)[C@H](Cc1ccccc1)NC(=O)[C@@H]1CCCN1/C(S)=N/Cc1ccccc1[N+](=O)[O-]","CN(Cc1ccccc1)C(=O)[C@H](Cc1ccccc1)NC(=O)[C@@H]1CCCN1/C(S)=N/Cc1ccccc1[N+](=O)[O-]","train"
"CHEMBL110913","CN(Cc1ccccc1)C(=O)[C@H](Cc1ccccc1)NC(=O)[C@@H]1CCCN1/C(S)=N/Cc1ccccc1C(F)(F)F","CN(Cc1ccccc1)C(=O)[C@H](Cc1ccccc1)NC(=O)[C@@H]1CCCN1/C(S)=N/Cc1ccccc1C(F)(F)F","train"
"CHEMBL321019","CCCCOC1=C(C)C(=O)C(C)=C(/C=C(\CCCc2cccnc2)C(=O)O)C1=O","CCCCOC1=C(C)C(=O)C(C)=C(/C=C(\CCCc2cccnc2)C(=O)O)C1=O","train"
"CHEMBL110454","COc1cc2c(cc1C(C)C)CCc1c(-c3ccc(C(=O)O)cc3)cn(Cc3cccnc3)c1-2","COc1cc2c(cc1C(C)C)CCc1c(-c3ccc(C(=O)O)cc3)cn(Cc3cccnc3)c1-2","train"
"CHEMBL108842","NC(=O)[C@H](Cc1ccccc1)NC(=O)[C@H](Cc1ccc2ccccc2c1)[C@H](O)C(=O)NO","NC(=O)[C@H](Cc1ccccc1)NC(=O)[C@H](Cc1ccc2ccccc2c1)[C@H](O)C(=O)NO","train"
"CHEMBL108185","CC(C)(C)c1ccc(Cc2ccc(CCCCCCC(=O)O)cc2)cc1","CC(C)(C)c1ccc(Cc2ccc(CCCCCCC(=O)O)cc2)cc1","train"
"CHEMBL108811","O=C(O)CCCCCCc1ccc(CCCc2ccccc2)cc1","O=C(O)CCCCCCc1ccc(CCCc2ccccc2)cc1","train"
"CHEMBL110786","Cc1ccc(CC2CCN(C3(C)CCN(C(=O)c4c(C)cccc4C)CC3)CC2)cc1","Cc1ccc(CC2CCN(C3(C)CCN(C(=O)c4c(C)cccc4C)CC3)CC2)cc1","train"
"CHEMBL326893","CN(Cc1ccccc1)C(=O)[C@H](Cc1ccccc1)NC(=O)[C@@H]1CCCN1/C(S)=N/Cc1c(Cl)cccc1Cl","CN(Cc1ccccc1)C(=O)[C@H](Cc1ccccc1)NC(=O)[C@@H]1CCCN1/C(S)=N/Cc1c(Cl)cccc1Cl","train"
"CHEMBL108633","COc1cc(-c2c3c(nc4cc5c(cc24)OCO5)COC3=O)cc(OC)c1OC","COc1cc(-c2c3c(nc4cc5c(cc24)OCO5)COC3=O)cc(OC)c1OC","train"
"CHEMBL110222","CCCN(c1nc(-c2c(C)cc(C)cc2C)n(C)n1)C(C1CC1)C1CC1","CCCN(c1nc(-c2c(C)cc(C)cc2C)n(C)n1)C(C1CC1)C1CC1","train"
"CHEMBL110607","CC1(C)CCC(C)(C)c2cc3c(cc21)OCc1c(-c2ccc(C(=O)O)cc2)cn(Cc2cccnc2)c1-3","CC1(C)CCC(C)(C)c2cc3c(cc21)OCc1c(-c2ccc(C(=O)O)cc2)cn(Cc2cccnc2)c1-3","train"
"CHEMBL322717","CCCCCCC(c1ccccc1)N1CC[C@H]1[C@@H](N)c1cccc(Cl)c1","CCCCCCC(c1ccccc1)N1CC[C@H]1[C@@H](N)c1cccc(Cl)c1","train"
"CHEMBL108995","CCCCCC(c1ccccc1)N1CC[C@H]1[C@H](N)c1cccc(Cl)c1","CCCCCC(c1ccccc1)N1CC[C@H]1[C@H](N)c1cccc(Cl)c1","train"
"CHEMBL108996","OC(Cn1ccnc1)(c1ccc(F)cc1)c1cccc(-c2ccccn2)c1","OC(Cn1ccnc1)(c1ccc(F)cc1)c1cccc(-c2ccccn2)c1","train"
"CHEMBL324879","OC(Cn1ccnc1)(c1ccc(-c2ccncc2)cc1)c1ccc(F)cc1F","OC(Cn1ccnc1)(c1ccc(-c2ccncc2)cc1)c1ccc(F)cc1F","train"
"CHEMBL110164","COc1cc(C(=O)NC(=N)NCCCCc2ccccc2)cc(OC)c1OC","COc1cc(C(=O)NC(=N)NCCCCc2ccccc2)cc(OC)c1OC","train"
"CHEMBL325108","O=C(O)CCCCCCc1ccc(-c2ccccc2)s1","O=C(O)CCCCCCc1ccc(-c2ccccc2)s1","train"
"CHEMBL322533","O=C(O)CCCCCCc1ccc(-c2ccccc2)cc1","O=C(O)CCCCCCc1ccc(-c2ccccc2)cc1","train"
"CHEMBL321641","C=CC[C@H](C[C@H](O)[C@H](Cc1ccccc1)NC(=O)OC(C)(C)C)C(=O)N[C@H]1c2ccccc2C[C@H]1O","C=CC[C@H](C[C@H](O)[C@H](Cc1ccccc1)NC(=O)OC(C)(C)C)C(=O)N[C@H]1c2ccccc2C[C@H]1O","train"
"CHEMBL210195","Cc1cc(C(F)(F)F)nc(SCC(=O)Nc2ccc(Cl)cc2F)n1","Cc1cc(C(F)(F)F)nc(SCC(=O)Nc2ccc(Cl)cc2F)n1","train"
"CHEMBL210216","Cc1nc(SCC(=O)Nc2ccc([N+](=O)[O-])cc2)nc(O)c1C","Cc1nc(SCC(=O)Nc2ccc([N+](=O)[O-])cc2)nc(O)c1C","train"
"CHEMBL210787","Cc1ccc2c(c1)=[N+]([O-])C(C)(C)[N+]=2[O-]","Cc1ccc2c(c1)=[N+]([O-])C(C)(C)[N+]=2[O-]","train"
"CHEMBL210898","COc1ccc2c(c1)=[N+]([O-])C(C)(C)[N+]=2[O-]","COc1ccc2c(c1)=[N+]([O-])C(C)(C)[N+]=2[O-]","train"
"CHEMBL378103","Cc1n(O)c2ccc(/C=C/c3ccccc3)cc2[n+]1[O-]","Cc1n(O)c2ccc(/C=C/c3ccccc3)cc2[n+]1[O-]","train"
"CHEMBL208723","CCCn1c(=O)c2nc(-c3cnn(Cc4cc(C(F)(F)F)cc(C(F)(F)F)c4)c3)[nH]c2n(CCC)c1=O","CCCn1c(=O)c2nc(-c3cnn(Cc4cc(C(F)(F)F)cc(C(F)(F)F)c4)c3)[nH]c2n(CCC)c1=O","train"
"CHEMBL380153","COC1=CC(=O)c2c(O)c3c(c(O)c2C1=O)C(=O)[C@]1(CCc2c1c(O)c1c(O)nc(/C=C/c4csc(N)n4)cc1c2Br)C3=O","COC1=CC(=O)c2c(O)c3c(c(O)c2C1=O)C(=O)[C@]1(CCc2c1c(O)c1c(O)nc(/C=C/c4csc(N)n4)cc1c2Br)C3=O","train"
"CHEMBL210710","C=C1/C(=C\C=C2/CCC[C@]3(C)C([C@H](C)OCC(=O)O)=CCC23)C[C@@H](O)C[C@@H]1O","C=C1/C(=C\C=C2/CCC[C@]3(C)C([C@H](C)OCC(=O)O)=CCC23)C[C@@H](O)C[C@@H]1O","train"
"CHEMBL208964","O=C([C@@H]1CN[C@H](C(=O)N2CCCC2)C1)N1Cc2ccc(Cl)cc2C1","O=C([C@@H]1CN[C@H](C(=O)N2CCCC2)C1)N1Cc2ccc(Cl)cc2C1","train"
"CHEMBL377168","CCCc1nn(C)c2c(O)nc(-c3cc(C(C)=O)ccc3OCC)nc12","CCCc1nn(C)c2c(O)nc(-c3cc(C(C)=O)ccc3OCC)nc12","train"
"CHEMBL377354","Cc1cc(Nc2ccc([N+](=O)[O-])cc2S(=O)(=O)NC(=O)NC(C)(C)C)ccc1Br","Cc1cc(Nc2ccc([N+](=O)[O-])cc2S(=O)(=O)NC(=O)NC(C)(C)C)ccc1Br","train"
"CHEMBL210354","COCCn1c(NC(=O)c2cccc([N+](=O)[O-])c2)nc2ccccc21","COCCn1c(NC(=O)c2cccc([N+](=O)[O-])c2)nc2ccccc21","train"
"CHEMBL210366","CCOCCn1c(NC(=O)c2cccc([N+](=O)[O-])c2)nc2ccccc21","CCOCCn1c(NC(=O)c2cccc([N+](=O)[O-])c2)nc2ccccc21","train"
"CHEMBL209770","CCOc1nc(NC(=O)CN2CCC(O)CC2)cc(N)c1C#N","CCOc1nc(NC(=O)CN2CCC(O)CC2)cc(N)c1C#N","train"
"CHEMBL209669","CCCCNC(=O)C1CCN(CC(=O)Nc2cc(N)c(C#N)c(OCC)n2)CC1","CCCCNC(=O)C1CCN(CC(=O)Nc2cc(N)c(C#N)c(OCC)n2)CC1","train"
"CHEMBL377579","CCCOc1ncc(C(C)=O)cc1-c1nc(O)c2nn(C3CN(C)C3)c(CC)c2n1","CCCOc1ncc(C(C)=O)cc1-c1nc(O)c2nn(C3CN(C)C3)c(CC)c2n1","train"
"CHEMBL210533","CCCOc1ncc(C(C)=O)cc1-c1nc(O)c2nn(C3CN(CC)C3)c(CC)c2n1","CCCOc1ncc(C(C)=O)cc1-c1nc(O)c2nn(C3CN(CC)C3)c(CC)c2n1","train"
"CHEMBL211026","c1ccc(N2CCN(Cc3cn(-c4ccccc4)nn3)CC2)cc1","c1ccc(N2CCN(Cc3cn(-c4ccccc4)nn3)CC2)cc1","train"
"CHEMBL210232","COc1ccccc1N1CCN(Cc2cn(-c3ccccc3)nn2)CC1","COc1ccccc1N1CCN(Cc2cn(-c3ccccc3)nn2)CC1","train"
"CHEMBL210262","[N-]=[N+]=NCCOCCOCCOc1nc(N)c2[nH]c(=O)n(Cc3ccccc3)c2n1","[N-]=[N+]=NCCOCCOCCOc1nc(N)c2[nH]c(=O)n(Cc3ccccc3)c2n1","train"
"CHEMBL210878","C[C@H]1CCC[C@H](O)[C@@]1(O)/C=C/C=C\C(=O)O","C[C@H]1CCC[C@H](O)[C@@]1(O)/C=C/C=C\C(=O)O","train"
"CHEMBL378456","C/C=C/C=C/c1cc2c(Br)c3c(c(O)c2c(O)n1)[C@@]1(CC3)C(=O)C2=C(C(=O)c3c(O)c(NC4CC4)cc(O)c3C2=O)C1=O","C/C=C/C=C/c1cc2c(Br)c3c(c(O)c2c(O)n1)[C@@]1(CC3)C(=O)C2=C(C(=O)c3c(O)c(NC4CC4)cc(O)c3C2=O)C1=O","train"
"CHEMBL378045","CC[C@H](C)[C@H](NC(=O)[C@@H](N)[C@@H](C)O)C(=O)N[C@H](C(=O)N[C@@H](Cc1ccc(O)cc1)C(=O)N[C@@H](CC(=O)O)C(=O)N[C@@H](CC(C)C)C(=O)O)[C@@H](C)O","CC[C@H](C)[C@H](NC(=O)[C@@H](N)[C@@H](C)O)C(=O)N[C@H](C(=O)N[C@@H](Cc1ccc(O)cc1)C(=O)N[C@@H](CC(=O)O)C(=O)N[C@@H](CC(C)C)C(=O)O)[C@@H](C)O","train"
"CHEMBL210851","N[C@@H](Cc1ccc(O)cc1)C(=O)N[C@@H](Cc1c[nH]c2ccccc12)C(=O)O","N[C@@H](Cc1ccc(O)cc1)C(=O)N[C@@H](Cc1c[nH]c2ccccc12)C(=O)O","train"
"CHEMBL266830","N#Cc1ccc2[nH]c(N3CCN(c4ncccc4C(F)(F)F)CC3)nc2c1","N#Cc1ccc2[nH]c(N3CCN(c4ncccc4C(F)(F)F)CC3)nc2c1","train"
"CHEMBL210951","Cc1cc(=O)[nH]c(=O)n1COC(CO)CO","Cc1cc(=O)[nH]c(=O)n1COC(CO)CO","train"
"CHEMBL210736","Cc1c(Br)c(=O)[nH]c(=O)n1COC(CO)CO","Cc1c(Br)c(=O)[nH]c(=O)n1COC(CO)CO","train"
"CHEMBL210251","FC(F)(F)c1ccc2[nH]c(N3CCN(c4c(Cl)cccc4Cl)CC3)nc2c1","FC(F)(F)c1ccc2[nH]c(N3CCN(c4c(Cl)cccc4Cl)CC3)nc2c1","train"
"CHEMBL210302","NC(=O)c1cnc(N2CCN(c3nc4cc(C(F)(F)F)ccc4[nH]3)CC2)c(Cl)c1","NC(=O)c1cnc(N2CCN(c3nc4cc(C(F)(F)F)ccc4[nH]3)CC2)c(Cl)c1","train"
"CHEMBL210890","CCCn1c(=O)c2nc(-c3cnn(Cc4c(F)cccc4F)c3)[nH]c2n(CCC)c1=O","CCCn1c(=O)c2nc(-c3cnn(Cc4c(F)cccc4F)c3)[nH]c2n(CCC)c1=O","train"
"CHEMBL380024","NCCCC[C@H](NC(=O)[C@@H](N)CCCN=C(N)N)C(=O)O","NCCCC[C@H](NC(=O)[C@@H](N)CCCN=C(N)N)C(=O)O","train"
"CHEMBL210196","COc1ccc(C(=O)OCC2(CO)C/C(=C\CC(C(C)C)C(C)C)C(=O)O2)cc1","COc1ccc(C(=O)OCC2(CO)C/C(=C\CC(C(C)C)C(C)C)C(=O)O2)cc1","train"
"CHEMBL209938","COc1ccc(C(=O)OCC2(CO)C/C(=C/CC(C(C)C)C(C)C)C(=O)O2)cc1","COc1ccc(C(=O)OCC2(CO)C/C(=C/CC(C(C)C)C(C)C)C(=O)O2)cc1","train"
"CHEMBL379221","Cn1nc(C[C@@H](CC(=O)O)c2ccc3c(c2)OCO3)cc1OCCc1ccc2c(n1)NCCC2","Cn1nc(C[C@@H](CC(=O)O)c2ccc3c(c2)OCO3)cc1OCCc1ccc2c(n1)NCCC2","train"
"CHEMBL210513","CCCCn1nc(CC(CC(=O)O)c2ccc3c(c2)OCO3)cc1OCCc1ccc2c(n1)NCCC2","CCCCn1nc(CC(CC(=O)O)c2ccc3c(c2)OCO3)cc1OCCc1ccc2c(n1)NCCC2","train"
"CHEMBL379999","N#C[C@@H]1CCCN1C(=O)[C@@H]1CC[C@H](COc2ccc(C(=O)O)cc2Cl)N1","N#C[C@@H]1CCCN1C(=O)[C@@H]1CC[C@H](COc2ccc(C(=O)O)cc2Cl)N1","train"
"CHEMBL379726","C=C1/C(=C\C=C2/CCC[C@]3(C)C([C@H](C)OCC(=O)OC(C)(CC)CC)=CCC23)C[C@@H](O)C[C@@H]1O","C=C1/C(=C\C=C2/CCC[C@]3(C)C([C@H](C)OCC(=O)OC(C)(CC)CC)=CCC23)C[C@@H](O)C[C@@H]1O","train"
"CHEMBL210697","C=C1/C(=C\C=C2/CCC[C@]3(C)C([C@H](C)OCC(=O)NC(C)(C)C)=CCC23)C[C@@H](O)C[C@@H]1O","C=C1/C(=C\C=C2/CCC[C@]3(C)C([C@H](C)OCC(=O)NC(C)(C)C)=CCC23)C[C@@H](O)C[C@@H]1O","train"
"CHEMBL426138","CC[C@H](C)[C@H](NC(=O)[C@@H](N)[C@@H](C)O)C(=O)N[C@H](C(=O)N[C@@H](Cc1ccc(O)cc1)C(=O)N[C@@H](CC(=O)O)C(=O)N[C@@H](Cc1ccccc1)C(=O)O)[C@@H](C)O","CC[C@H](C)[C@H](NC(=O)[C@@H](N)[C@@H](C)O)C(=O)N[C@H](C(=O)N[C@@H](Cc1ccc(O)cc1)C(=O)N[C@@H](CC(=O)O)C(=O)N[C@@H](Cc1ccccc1)C(=O)O)[C@@H](C)O","train"
"CHEMBL378002","CC[C@H](C)[C@H](NC(=O)[C@@H](N)[C@@H](C)O)C(=O)N[C@H](C(=O)N[C@@H](Cc1ccccc1)C(=O)N[C@@H](CC(=O)O)C(=O)N[C@@H](Cc1ccc(O)cc1)C(=O)O)[C@@H](C)O","CC[C@H](C)[C@H](NC(=O)[C@@H](N)[C@@H](C)O)C(=O)N[C@H](C(=O)N[C@@H](Cc1ccccc1)C(=O)N[C@@H](CC(=O)O)C(=O)N[C@@H](Cc1ccc(O)cc1)C(=O)O)[C@@H](C)O","train"
"CHEMBL379749","CCCCCC(=O)N[C@H](C(=O)N[C@H](C(=O)N[C@H](C(=O)N[C@@H](Cc1ccccc1)C(=O)N[C@@H](CCCCN)C(=O)N[C@@H](Cc1ccccc1)C(=O)O)[C@@H](C)O)C(C)C)[C@@H](C)O","CCCCCC(=O)N[C@H](C(=O)N[C@H](C(=O)N[C@H](C(=O)N[C@@H](Cc1ccccc1)C(=O)N[C@@H](CCCCN)C(=O)N[C@@H](Cc1ccccc1)C(=O)O)[C@@H](C)O)C(C)C)[C@@H](C)O","train"
"CHEMBL378865","CCCCCCCC(=O)N[C@H](C(=O)N[C@H](C(=O)N[C@H](C(=O)N[C@@H](Cc1ccccc1)C(=O)N[C@@H](CCCCN)C(=O)N[C@@H](Cc1ccccc1)C(=O)O)[C@@H](C)O)C(C)C)[C@@H](C)O","CCCCCCCC(=O)N[C@H](C(=O)N[C@H](C(=O)N[C@H](C(=O)N[C@@H](Cc1ccccc1)C(=O)N[C@@H](CCCCN)C(=O)N[C@@H](Cc1ccccc1)C(=O)O)[C@@H](C)O)C(C)C)[C@@H](C)O","train"
"CHEMBL100097","CCCCCCCCCCCCCCCC(=O)N[C@@H](Cc1ccc(O)cc1)C(=O)N[C@@H](CCC(=O)O)C(=O)N[C@@H](CC(C)C)C(=O)O","CCCCCCCCCCCCCCCC(=O)N[C@@H](Cc1ccc(O)cc1)C(=O)N[C@@H](CCC(=O)O)C(=O)N[C@@H](CC(C)C)C(=O)O","train"
"CHEMBL209984","CCCCCCCCCCCCCCCC(=O)N[C@@H](Cc1ccc(O)cc1)C(=O)N[C@@H](CC(N)=O)C(=O)N[C@H](C(=O)O)[C@@H](C)O","CCCCCCCCCCCCCCCC(=O)N[C@@H](Cc1ccc(O)cc1)C(=O)N[C@@H](CC(N)=O)C(=O)N[C@H](C(=O)O)[C@@H](C)O","train"
"CHEMBL209719","Cc1ccc2cccc(OCc3c(Cl)ccc(S(=O)(=O)NC(C)(C)C(=O)N4CCN(CCCCCCN=C(N)N)CC4)c3Cl)c2n1","Cc1ccc2cccc(OCc3c(Cl)ccc(S(=O)(=O)NC(C)(C)C(=O)N4CCN(CCCCCCN=C(N)N)CC4)c3Cl)c2n1","train"
"CHEMBL209773","Cc1ccc2cccc(OCc3c(Cl)ccc(S(=O)(=O)NC(C)(C)C(=O)N4CCN(C(=O)CN5CCNCC5)CC4)c3Cl)c2n1","Cc1ccc2cccc(OCc3c(Cl)ccc(S(=O)(=O)NC(C)(C)C(=O)N4CCN(C(=O)CN5CCNCC5)CC4)c3Cl)c2n1","train"
"CHEMBL383989","Cc1ccc2cccc(OCc3c(Cl)ccc(S(=O)(=O)NC(C)(C)C(=O)N4CCN(C(=O)C[C@@H](N)CCCN(C)C)CC4)c3Cl)c2n1","Cc1ccc2cccc(OCc3c(Cl)ccc(S(=O)(=O)NC(C)(C)C(=O)N4CCN(C(=O)C[C@@H](N)CCCN(C)C)CC4)c3Cl)c2n1","train"
"CHEMBL379750","C[C@@H]1CN(c2ncc(CO)cc2Cl)CCN1c1nc2c(N(Cc3ccccc3)Cc3ccccc3)cc(C(F)(F)F)cc2[nH]1","C[C@@H]1CN(c2ncc(CO)cc2Cl)CCN1c1nc2c(N(Cc3ccccc3)Cc3ccccc3)cc(C(F)(F)F)cc2[nH]1","train"
"CHEMBL210225","O=C([C@@H]1CN[C@H](C(=O)N2CCCC2)C1)N1Cc2ccc(F)cc2C1","O=C([C@@H]1CN[C@H](C(=O)N2CCCC2)C1)N1Cc2ccc(F)cc2C1","train"
"CHEMBL210226","NC(=O)c1c(NC(=O)c2ccc(Cl)cc2)sc2c1CCCC2","NC(=O)c1c(NC(=O)c2ccc(Cl)cc2)sc2c1CCCC2","train"
"CHEMBL210227","NC(=O)c1c(NC(=O)c2ccc(Br)cc2)sc2c1CCCC2","NC(=O)c1c(NC(=O)c2ccc(Br)cc2)sc2c1CCCC2","train"
"CHEMBL210784","CC(=O)N[C@@H](Cc1ccccc1)C(=O)N[C@@H](Cc1ccc(O)cc1)C(N)=O","CC(=O)N[C@@H](Cc1ccccc1)C(=O)N[C@@H](Cc1ccc(O)cc1)C(N)=O","train"
"CHEMBL380047","C[C@H](N)C(=O)N[C@@H](CC(=O)O)C(=O)O","C[C@H](N)C(=O)N[C@@H](CC(=O)O)C(=O)O","train"
"CHEMBL210194","CCOC(=O)Cn1c(NC(=O)c2cccc([N+](=O)[O-])c2)nc2ccccc21","CCOC(=O)Cn1c(NC(=O)c2cccc([N+](=O)[O-])c2)nc2ccccc21","train"
"CHEMBL210785","CC(C)Cc1ccc(-c2nc(-c3ccc([C@@H]4CC[C@@H](CC(=O)O)N4)cc3)no2)cc1","CC(C)Cc1ccc(-c2nc(-c3ccc([C@@H]4CC[C@@H](CC(=O)O)N4)cc3)no2)cc1","train"
"CHEMBL377578","CCOc1nc(NC(=O)CN2CCC(C(=O)NC(C)C)CC2)cc(N)c1C#N","CCOc1nc(NC(=O)CN2CCC(C(=O)NC(C)C)CC2)cc(N)c1C#N","train"
"CHEMBL210552","CCCCC(=O)Nc1nc(OCC)c(C#N)c(N)c1Cl","CCCCC(=O)Nc1nc(OCC)c(C#N)c(N)c1Cl","train"
"CHEMBL210553","CCCCC(=O)N(C)c1cc(N)c(C#N)c(OCC)n1","CCCCC(=O)N(C)c1cc(N)c(C#N)c(OCC)n1","train"
"CHEMBL378828","C/C=C/C=C/c1cc2cc3c(c(O)c2c(O)n1)[C@@]1(CC3)C(=O)C2=C(C(=O)c3c(O)c(N(C)C)cc(O)c3C2=O)C1=O","C/C=C/C=C/c1cc2cc3c(c(O)c2c(O)n1)[C@@]1(CC3)C(=O)C2=C(C(=O)c3c(O)c(N(C)C)cc(O)c3C2=O)C1=O","train"
"CHEMBL210756","C/C=C/C=C/c1cc2cc3c(c(O)c2c(O)n1)[C@@]1(CC3)C(=O)C2=C(C(=O)c3c(O)c(OCCN(C)C)cc(O)c3C2=O)C1=O","C/C=C/C=C/c1cc2cc3c(c(O)c2c(O)n1)[C@@]1(CC3)C(=O)C2=C(C(=O)c3c(O)c(OCCN(C)C)cc(O)c3C2=O)C1=O","train"
"CHEMBL210231","CC[C@H](C)[C@H](NC(=O)[C@@H](N)[C@@H](C)O)C(=O)N[C@H](C(=O)N[C@@H](Cc1ccc(O)cc1)C(=O)N[C@@H](CCC(=O)O)C(=O)N[C@@H](Cc1ccc(O)cc1)C(=O)O)[C@@H](C)O","CC[C@H](C)[C@H](NC(=O)[C@@H](N)[C@@H](C)O)C(=O)N[C@H](C(=O)N[C@@H](Cc1ccc(O)cc1)C(=O)N[C@@H](CCC(=O)O)C(=O)N[C@@H](Cc1ccc(O)cc1)C(=O)O)[C@@H](C)O","train"
"CHEMBL425955","CCCCCC(=O)N[C@H](C(=O)N[C@H](C(=O)N[C@H](C(=O)N[C@@H](Cc1ccccc1)C(=O)N[C@@H](CC(=O)O)C(=O)N[C@@H](Cc1ccc(O)cc1)C(=O)O)[C@@H](C)O)[C@@H](C)CC)[C@@H](C)O","CCCCCC(=O)N[C@H](C(=O)N[C@H](C(=O)N[C@H](C(=O)N[C@@H](Cc1ccccc1)C(=O)N[C@@H](CC(=O)O)C(=O)N[C@@H](Cc1ccc(O)cc1)C(=O)O)[C@@H](C)O)[C@@H](C)CC)[C@@H](C)O","train"
"CHEMBL380151","C/C=C/C=C/c1cc2c(I)c3c(c(O)c2c(O)n1)[C@@]1(CC3)C(=O)c2c(O)c3c(c(O)c2C1=O)C(=O)C(OC)=CC3=O","C/C=C/C=C/c1cc2c(I)c3c(c(O)c2c(O)n1)[C@@]1(CC3)C(=O)c2c(O)c3c(c(O)c2C1=O)C(=O)C(OC)=CC3=O","train"
"CHEMBL277276","COC1=CC(=O)c2c(O)c3c(c(O)c2C1=O)C(=O)[C@]1(CCc2cc4cc(C(O)C(O)C(O)C(C)O)nc(O)c4c(O)c21)C3=O","COC1=CC(=O)c2c(O)c3c(c(O)c2C1=O)C(=O)[C@]1(CCc2cc4cc(C(O)C(O)C(O)C(C)O)nc(O)c4c(O)c21)C3=O","train"
"CHEMBL426134","CCOc1nc(NC(=O)Cc2ccc(OC)cc2)cc(N)c1C#N","CCOc1nc(NC(=O)Cc2ccc(OC)cc2)cc(N)c1C#N","train"
"CHEMBL378443","CCCCCNC(=O)NS(=O)(=O)c1cc([N+](=O)[O-])ccc1Nc1cccc(C)c1C","CCCCCNC(=O)NS(=O)(=O)c1cc([N+](=O)[O-])ccc1Nc1cccc(C)c1C","train"
"CHEMBL208910","C=Cc1cnc(N2CCN(c3nc4c(-c5cc(F)c(F)c(F)c5)cc(C(F)(F)F)cc4[nH]3)[C@H](C)C2)c(Cl)c1","C=Cc1cnc(N2CCN(c3nc4c(-c5cc(F)c(F)c(F)c5)cc(C(F)(F)F)cc4[nH]3)[C@H](C)C2)c(Cl)c1","train"
"CHEMBL210142","O=C(Nc1ccccc1Br)N[C@@H]1CCN(c2ccccn2)C1","O=C(Nc1ccccc1Br)N[C@@H]1CCN(c2ccccn2)C1","train"
"CHEMBL209937","Cc1ccccc1C(=O)Nc1sc2c(c1C(N)=O)CCCC2","Cc1ccccc1C(=O)Nc1sc2c(c1C(N)=O)CCCC2","train"
"CHEMBL210329","COc1ccccc1C(=O)Nc1sc2c(c1C(N)=O)CCCC2","COc1ccccc1C(=O)Nc1sc2c(c1C(N)=O)CCCC2","train"
"CHEMBL380281","FC(F)(F)c1cccnc1N1CCN(c2nc3cc(Br)ccc3[nH]2)CC1","FC(F)(F)c1cccnc1N1CCN(c2nc3cc(Br)ccc3[nH]2)CC1","train"
"CHEMBL378570","CCCn1c(=O)c2nc(-c3cnn(Cc4cccc(C)c4)c3)[nH]c2n(CCC)c1=O","CCCn1c(=O)c2nc(-c3cnn(Cc4cccc(C)c4)c3)[nH]c2n(CCC)c1=O","train"
"CHEMBL208654","Cc1c(I)c(=O)[nH]c(=O)n1COC(CO)CO","Cc1c(I)c(=O)[nH]c(=O)n1COC(CO)CO","train"
"CHEMBL208916","Cc1cc(O)cc(C)c1C[C@H](N)C(=O)C1NC(C(=O)N[C@@H](CCC(=O)O)C(=O)NC(CN2C(=O)c3cc4ccc(N(C)C)cc4cc3C2=O)C(N)=O)Cc2ccccc21","Cc1cc(O)cc(C)c1C[C@H](N)C(=O)C1NC(C(=O)N[C@@H](CCC(=O)O)C(=O)NC(CN2C(=O)c3cc4ccc(N(C)C)cc4cc3C2=O)C(N)=O)Cc2ccccc21","train"
"CHEMBL208627","Cc1cccc(C)c1Nc1ccc([N+](=O)[O-])cc1S(=O)(=O)NC(=O)NCC(C)C","Cc1cccc(C)c1Nc1ccc([N+](=O)[O-])cc1S(=O)(=O)NC(=O)NCC(C)C","train"
"CHEMBL379532","CC(=O)N[C@@H](Cc1ccc(OP(=O)(OCc2ccc([N+](=O)[O-])o2)N(C)CCCCCl)cc1)C(=O)NC(C)c1ccc(OCC2CCCCC2)c(C(N)=O)c1","CC(=O)N[C@@H](Cc1ccc(OP(=O)(OCc2ccc([N+](=O)[O-])o2)N(C)CCCCCl)cc1)C(=O)NC(C)c1ccc(OCC2CCCCC2)c(C(N)=O)c1","train"
"CHEMBL209777","CC(NC(=O)c1ccc(NP(=O)(OCc2ccc([N+](=O)[O-])o2)N(C)CCCCCl)cc1)c1ccc(OCC2CCCCC2)c(C(N)=O)c1","CC(NC(=O)c1ccc(NP(=O)(OCc2ccc([N+](=O)[O-])o2)N(C)CCCCCl)cc1)c1ccc(OCC2CCCCC2)c(C(N)=O)c1","train"
"CHEMBL377103","C[C@H](O)c1cnc(N2CCN(c3nc4c(-c5cc(F)c(F)c(F)c5)cc(C(F)(F)F)cc4[nH]3)[C@H](C)C2)c(Cl)c1","C[C@H](O)c1cnc(N2CCN(c3nc4c(-c5cc(F)c(F)c(F)c5)cc(C(F)(F)F)cc4[nH]3)[C@H](C)C2)c(Cl)c1","train"
"CHEMBL210490","N[C@@H](CC(=O)O)C(=O)N[C@@H](Cc1c[nH]c2ccccc12)C(=O)O","N[C@@H](CC(=O)O)C(=O)N[C@@H](Cc1c[nH]c2ccccc12)C(=O)O","train"
"CHEMBL378075","NCC(=O)N[C@@H](Cc1ccc(O)cc1)C(N)=O","NCC(=O)N[C@@H](Cc1ccc(O)cc1)C(N)=O","train"
"CHEMBL208813","O=C(O)CC(Cc1cc(OCCc2ccc3c(n2)NCCC3)n(CC(F)(F)F)n1)c1ccc2c(c1)OCO2","O=C(O)CC(Cc1cc(OCCc2ccc3c(n2)NCCC3)n(CC(F)(F)F)n1)c1ccc2c(c1)OCO2","train"
"CHEMBL208751","COc1cc(C(=O)O)ccc1OC[C@H]1CC[C@@H](C(=O)N2CCC[C@H]2C#N)N1","COc1cc(C(=O)O)ccc1OC[C@H]1CC[C@@H](C(=O)N2CCC[C@H]2C#N)N1","train"
"CHEMBL210323","COC(=O)c1ccc2c(c1)C(=O)C(=O)N2Cc1ccccc1","COC(=O)c1ccc2c(c1)C(=O)C(=O)N2Cc1ccccc1","train"
"CHEMBL209928","CC(=O)c1ccc(C(=O)Nc2sc3c(c2C(N)=O)CCCC3)cc1","CC(=O)c1ccc(C(=O)Nc2sc3c(c2C(N)=O)CCCC3)cc1","train"
"CHEMBL210149","CC(C)(C)c1ccc(C(=O)Nc2sc3c(c2C(N)=O)CCCC3)cc1","CC(C)(C)c1ccc(C(=O)Nc2sc3c(c2C(N)=O)CCCC3)cc1","train"
"CHEMBL380292","Cc1cc(C)cc(C(=O)N2CCc3cc(N)ccc32)c1","Cc1cc(C)cc(C(=O)N2CCc3cc(N)ccc32)c1","train"
"CHEMBL437490","Fc1ccc(N2CCN(Cc3cnn(-c4ccccc4)c3)CC2)cc1","Fc1ccc(N2CCN(Cc3cnn(-c4ccccc4)c3)CC2)cc1","train"
"CHEMBL377404","FC(F)(F)c1cc(-c2cc3ccccc3s2)c2[nH]c(N3CCN(c4ncccc4C(F)(F)F)CC3)nc2c1","FC(F)(F)c1cc(-c2cc3ccccc3s2)c2[nH]c(N3CCN(c4ncccc4C(F)(F)F)CC3)nc2c1","train"
"CHEMBL210618","CCOc1nc(NC(=O)Cc2cc(OC)ccc2OC)cc(N)c1C#N","CCOc1nc(NC(=O)Cc2cc(OC)ccc2OC)cc(N)c1C#N","train"
"CHEMBL209035","Cc1ccc(Oc2ccc([N+](=O)[O-])cc2S(=O)(=O)NC(=O)NC(C)(C)C)cc1","Cc1ccc(Oc2ccc([N+](=O)[O-])cc2S(=O)(=O)NC(=O)NC(C)(C)C)cc1","train"
"CHEMBL210670","CCNC(=O)Nc1cc(N)c(C#N)c(OCC)n1","CCNC(=O)Nc1cc(N)c(C#N)c(OCC)n1","train"
"CHEMBL379703","CN(C)c1ccc(-c2cc(C(F)(F)F)cc3[nH]c(N4CCN(c5ncccc5C(F)(F)F)CC4)nc23)cc1","CN(C)c1ccc(-c2cc(C(F)(F)F)cc3[nH]c(N4CCN(c5ncccc5C(F)(F)F)CC4)nc23)cc1","train"
"CHEMBL210832","NC(=O)c1c(NC(=O)c2ccccc2Cl)sc2c1CCCC2","NC(=O)c1c(NC(=O)c2ccccc2Cl)sc2c1CCCC2","train"
"CHEMBL210833","COc1ccc(C(=O)Nc2sc3c(c2C(N)=O)CCCC3)cc1OC","COc1ccc(C(=O)Nc2sc3c(c2C(N)=O)CCCC3)cc1OC","train"
"CHEMBL426687","NC(=O)c1c(NC(=O)c2ccc3c(c2)OCO3)sc2c1CCCC2","NC(=O)c1c(NC(=O)c2ccc3c(c2)OCO3)sc2c1CCCC2","train"
"CHEMBL210284","Clc1cccc(-n2nnnc2Cc2cccnc2)c1Cl","Clc1cccc(-n2nnnc2Cc2cccnc2)c1Cl","train"
"CHEMBL210263","FC(F)(F)Oc1cccc(-c2cc(C(F)(F)F)cc3[nH]c(N4CCN(c5ncccc5C(F)(F)F)CC4)nc23)c1","FC(F)(F)Oc1cccc(-c2cc(C(F)(F)F)cc3[nH]c(N4CCN(c5ncccc5C(F)(F)F)CC4)nc23)c1","train"
"CHEMBL209569","C[C@@H]1CN(c2ncc(C(O)CO)cc2Cl)CCN1c1nc2c(-c3cc(F)c(F)c(F)c3)cc(C(F)(F)F)cc2[nH]1","C[C@@H]1CN(c2ncc(C(O)CO)cc2Cl)CCN1c1nc2c(-c3cc(F)c(F)c(F)c3)cc(C(F)(F)F)cc2[nH]1","train"
"CHEMBL210802","FC(F)(F)c1ccnc(N2CC[C@H]3CNC[C@H]32)n1","FC(F)(F)c1ccnc(N2CC[C@H]3CNC[C@H]32)n1","train"
"CHEMBL377872","N[C@@H](Cc1c[nH]cn1)C(=O)N[C@@H](Cc1c[nH]cn1)C(=O)O","N[C@@H](Cc1c[nH]cn1)C(=O)N[C@@H](Cc1c[nH]cn1)C(=O)O","train"
"CHEMBL209765","N[C@@H](Cc1c[nH]cn1)C(=O)N[C@@H](Cc1c[nH]c2ccccc12)C(=O)O","N[C@@H](Cc1c[nH]cn1)C(=O)N[C@@H](Cc1c[nH]c2ccccc12)C(=O)O","train"
"CHEMBL210279","O=S1(=O)NC[C@@H]2C[C@](c3cc(F)ccc3F)(S(=O)(=O)c3ccc(Cl)cc3)CC[C@@H]2N1","O=S1(=O)NC[C@@H]2C[C@](c3cc(F)ccc3F)(S(=O)(=O)c3ccc(Cl)cc3)CC[C@@H]2N1","train"
"CHEMBL210332","Oc1[nH]c2ccccc2c1/N=N/C(S)=N/c1ncc(C2CCC2)o1","Oc1[nH]c2ccccc2c1/N=N/C(S)=N/c1ncc(C2CCC2)o1","train"
"CHEMBL380277","Oc1[nH]c2ccc(F)cc2c1/N=N/C(S)=N/c1ncc(C2CCC2)o1","Oc1[nH]c2ccc(F)cc2c1/N=N/C(S)=N/c1ncc(C2CCC2)o1","train"
"CHEMBL210538","COc1cc2c(c3c1c(=O)c1c4ccccc4ccc1n3C)[C@@H](OC(C)=O)[C@@H](OC(=O)c1ccccc1)C(C)(C)O2","COc1cc2c(c3c1c(=O)c1c4ccccc4ccc1n3C)[C@@H](OC(C)=O)[C@@H](OC(=O)c1ccccc1)C(C)(C)O2","train"
"CHEMBL210698","C[C@@H]1CN(c2ncc(CO)cc2Cl)CCN1c1nc2c(NCc3ccccc3)cc(C(F)(F)F)cc2[nH]1","C[C@@H]1CN(c2ncc(CO)cc2Cl)CCN1c1nc2c(NCc3ccccc3)cc(C(F)(F)F)cc2[nH]1","train"
"CHEMBL210418","Nc1ccc2c(c1)CCN2C(=O)c1cc(C(F)(F)F)cc(C(F)(F)F)c1","Nc1ccc2c(c1)CCN2C(=O)c1cc(C(F)(F)F)cc(C(F)(F)F)c1","train"
"CHEMBL379307","CC(C)(C)c1cc(C(=O)N2CCc3cc(N)ccc32)cc(C(C)(C)C)c1","CC(C)(C)c1cc(C(=O)N2CCc3cc(N)ccc32)cc(C(C)(C)C)c1","train"
"CHEMBL380368","Nc1ccc2c(c1)CCN2C(=O)c1cc(Cl)cc(Cl)c1","Nc1ccc2c(c1)CCN2C(=O)c1cc(Cl)cc(Cl)c1","train"
"CHEMBL209670","CC(C)C[C@H](NC(=O)CN)C(=O)N[C@@H](Cc1ccccc1)C(=O)O","CC(C)C[C@H](NC(=O)CN)C(=O)N[C@@H](Cc1ccccc1)C(=O)O","train"
"CHEMBL377838","CCCCSc1nc(NC(C)=O)cc(N)c1C#N","CCCCSc1nc(NC(C)=O)cc(N)c1C#N","train"
"CHEMBL380044","CCNc1nc(NC(C)=O)cc(N)c1C#N","CCNc1nc(NC(C)=O)cc(N)c1C#N","train"
"CHEMBL210534","CCCn1c(=O)c2c(nc(-n3cccn3)n2Cc2ccccc2)n(CCC)c1=O","CCCn1c(=O)c2c(nc(-n3cccn3)n2Cc2ccccc2)n(CCC)c1=O","train"
"CHEMBL210584","CCCn1c(=O)c2c(nc(-n3cc(I)cn3)n2Cc2ccccc2)n(CCC)c1=O","CCCn1c(=O)c2c(nc(-n3cc(I)cn3)n2Cc2ccccc2)n(CCC)c1=O","train"
"CHEMBL210717","Fc1ccccc1N1CCN(Cc2cnn(-c3ccccc3)c2)CC1","Fc1ccccc1N1CCN(Cc2cnn(-c3ccccc3)c2)CC1","train"
"CHEMBL378674","CSc1sc(-c2nc(C)cs2)c(C)c1-c1ccnc(SCC(=O)Nc2ccccc2Cl)n1","CSc1sc(-c2nc(C)cs2)c(C)c1-c1ccnc(SCC(=O)Nc2ccccc2Cl)n1","train"
"CHEMBL376987","C=C1/C(=C\C=C2/CCC[C@@]3(C)C2CC[C@@H]3[C@H](C)OCC(=O)OC(C)(C)C)C[C@@H](O)C[C@@H]1O","C=C1/C(=C\C=C2/CCC[C@@]3(C)C2CC[C@@H]3[C@H](C)OCC(=O)OC(C)(C)C)C[C@@H](O)C[C@@H]1O","train"
"CHEMBL210718","O=C([C@@H]1CN[C@H](C(=O)N2CCCC2)C1)N1Cc2ccc(C(F)(F)F)cc2C1","O=C([C@@H]1CN[C@H](C(=O)N2CCCC2)C1)N1Cc2ccc(C(F)(F)F)cc2C1","train"
"CHEMBL380274","Cc1ccc(Sc2ccc([N+](=O)[O-])cc2S(=O)(=O)NC(=O)NC(C)(C)C)cc1","Cc1ccc(Sc2ccc([N+](=O)[O-])cc2S(=O)(=O)NC(=O)NC(C)(C)C)cc1","train"
"CHEMBL210314","CC(C)(C)NC(=O)NS(=O)(=O)c1cc([N+](=O)[O-])ccc1Sc1ccc(Cl)cc1","CC(C)(C)NC(=O)NS(=O)(=O)c1cc([N+](=O)[O-])ccc1Sc1ccc(Cl)cc1","train"
"CHEMBL209571","N[C@@H](Cc1ccc(O)cc1)C(=O)N[C@@H](CCC(=O)O)C(=O)N[C@@H](CC(=O)O)C(=O)O","N[C@@H](Cc1ccc(O)cc1)C(=O)N[C@@H](CCC(=O)O)C(=O)N[C@@H](CC(=O)O)C(=O)O","train"
"CHEMBL210852","CC(C)C[C@H](NC(=O)[C@H](CCC(=O)O)NC(=O)[C@@H](N)Cc1ccc(O)cc1)C(=O)O","CC(C)C[C@H](NC(=O)[C@H](CCC(=O)O)NC(=O)[C@@H](N)Cc1ccc(O)cc1)C(=O)O","train"
"CHEMBL210835","FC(F)(F)c1cccc(-n2nnnc2Cc2cccnc2)c1Cl","FC(F)(F)c1cccc(-n2nnnc2Cc2cccnc2)c1Cl","train"
"CHEMBL384209","c1ccc(-c2nnnn2Cc2cccnc2)cc1","c1ccc(-c2nnnn2Cc2cccnc2)cc1","train"
"CHEMBL425423","FC(F)(F)c1ccnc(N2CC[C@@H]3CNC[C@@H]32)n1","FC(F)(F)c1ccnc(N2CC[C@@H]3CNC[C@@H]32)n1","train"
"CHEMBL377429","Cc1cc(C)cc(N2CCc3cc(N)ccc32)c1","Cc1cc(C)cc(N2CCc3cc(N)ccc32)c1","train"
"CHEMBL210576","NCCCCN(CCCN)Cc1ccccc1","NCCCCN(CCCN)Cc1ccccc1","train"
"CHEMBL210685","O=C(O)/C=C\C=C\C1(O)[C@H](O)CCC[C@H]1O","O=C(O)/C=C\C=C\C1(O)[C@H](O)CCC[C@H]1O","train"
"CHEMBL210554","O=[N+]([O-])c1ccccc1-n1ccc2ccccc21","O=[N+]([O-])c1ccccc1-n1ccc2ccccc21","train"
"CHEMBL379584","CC1(C)[N+]([O-])=c2ccc(C3OCCO3)cc2=[N+]1[O-]","CC1(C)[N+]([O-])=c2ccc(C3OCCO3)cc2=[N+]1[O-]","train"
"CHEMBL376934","Oc1cccc(-c2c3nc(c(-c4ccccc4)c4ccc([nH]4)c(-c4ccccc4)c4nc(c(-c5ccccc5)c5ccc2[nH]5)C=C4)C=C3)c1","Oc1cccc(-c2c3nc(c(-c4ccccc4)c4ccc([nH]4)c(-c4ccccc4)c4nc(c(-c5ccccc5)c5ccc2[nH]5)C=C4)C=C3)c1","train"
"CHEMBL378407","COc1cc(/C=C/Cc2cc(O)c3cc(C)sc3c2)cc(OC)c1OC","COc1cc(/C=C/Cc2cc(O)c3cc(C)sc3c2)cc(OC)c1OC","train"
"CHEMBL377998","O=c1[nH]c(=O)n(COC(CO)CO)cc1Cl","O=c1[nH]c(=O)n(COC(CO)CO)cc1Cl","train"
"CHEMBL379526","O=c1[nH]c(=O)n(COC(CO)CO)cc1[N+](=O)[O-]","O=c1[nH]c(=O)n(COC(CO)CO)cc1[N+](=O)[O-]","train"
"CHEMBL210192","FC(F)(F)c1ccnc(N2C[C@@H]3CCN[C@@H]3C2)n1","FC(F)(F)c1ccnc(N2C[C@@H]3CCN[C@@H]3C2)n1","train"
"CHEMBL209136","CC(=O)Nc1cc(N)c(C#N)c(NC(C)C)n1","CC(=O)Nc1cc(N)c(C#N)c(NC(C)C)n1","train"
"CHEMBL378521","C=C1/C(=C\C=C2/CCC[C@]3(C)C([C@H](C)OCC(=O)OC(C)(C)C)=CCC23)C[C@@H](O)C[C@@H]1O","C=C1/C(=C\C=C2/CCC[C@]3(C)C([C@H](C)OCC(=O)OC(C)(C)C)=CCC23)C[C@@H](O)C[C@@H]1O","train"
"CHEMBL377336","COC1=CC(=O)c2c(O)c3c(c(O)c2C1=O)C(=O)[C@]1(CCc2c1c(O)c1c(O)nc(/C=C/c4csc(NC(C)=O)n4)cc1c2Br)C3=O","COC1=CC(=O)c2c(O)c3c(c(O)c2C1=O)C(=O)[C@]1(CCc2c1c(O)c1c(O)nc(/C=C/c4csc(NC(C)=O)n4)cc1c2Br)C3=O","train"
"CHEMBL379330","CCCn1c(=O)c2nc(-n3cccn3)[nH]c2n(CCC)c1=O","CCCn1c(=O)c2nc(-n3cccn3)[nH]c2n(CCC)c1=O","train"
"CHEMBL210097","O=C(CSc1nccc(-c2cc(-c3ccc(Cl)cc3Cl)no2)n1)Nc1ccc(C(F)(F)F)cc1","O=C(CSc1nccc(-c2cc(-c3ccc(Cl)cc3Cl)no2)n1)Nc1ccc(C(F)(F)F)cc1","train"
"CHEMBL209667","O=C(CSc1nccc(-c2cc(-c3ccccc3Cl)no2)n1)Nc1ccc(Cl)cc1","O=C(CSc1nccc(-c2cc(-c3ccccc3Cl)no2)n1)Nc1ccc(Cl)cc1","train"
"CHEMBL209668","O=[N+]([O-])c1cccc(CNc2nc3ccccc3[nH]2)c1","O=[N+]([O-])c1cccc(CNc2nc3ccccc3[nH]2)c1","train"
"CHEMBL210748","O=C(Nc1cccc([N+](=O)[O-])c1)Nc1nc2ccccc2[nH]1","O=C(Nc1cccc([N+](=O)[O-])c1)Nc1nc2ccccc2[nH]1","train"
"CHEMBL208762","O=[N+]([O-])c1cccc(S(=O)(=O)Nc2nc3ccccc3[nH]2)c1","O=[N+]([O-])c1cccc(S(=O)(=O)Nc2nc3ccccc3[nH]2)c1","train"
"CHEMBL210391","COC(=O)c1ccc2[nH]c(N3CCN(c4ncccc4C(F)(F)F)CC3)nc2c1","COC(=O)c1ccc2[nH]c(N3CCN(c4ncccc4C(F)(F)F)CC3)nc2c1","train"
"CHEMBL380279","COc1ccc(OC)c(CC(=O)Nc2cc(N)c(C#N)c(Br)n2)c1","COc1ccc(OC)c(CC(=O)Nc2cc(N)c(C#N)c(Br)n2)c1","train"
"CHEMBL378931","CC(=O)Nc1cc(N)c(C#N)c(OC(C)C)n1","CC(=O)Nc1cc(N)c(C#N)c(OC(C)C)n1","train"
"CHEMBL426136","CC[C@H](C)[C@H](NC(=O)[C@@H](N)[C@@H](C)O)C(=O)N[C@@H](CO)C(=O)N[C@@H](Cc1ccc(O)cc1)C(=O)N[C@@H](CC(=O)O)C(=O)N[C@@H](Cc1ccc(O)cc1)C(=O)O","CC[C@H](C)[C@H](NC(=O)[C@@H](N)[C@@H](C)O)C(=O)N[C@@H](CO)C(=O)N[C@@H](Cc1ccc(O)cc1)C(=O)N[C@@H](CC(=O)O)C(=O)N[C@@H](Cc1ccc(O)cc1)C(=O)O","train"
"CHEMBL379309","CCCCCCCC(=O)N[C@H](C(=O)N[C@H](C(=O)N[C@H](C(=O)N[C@@H](Cc1ccccc1)C(=O)N[C@@H](CC(=O)O)C(=O)N[C@@H](Cc1ccc(O)cc1)C(=O)O)[C@@H](C)O)[C@@H](C)CC)[C@@H](C)O","CCCCCCCC(=O)N[C@H](C(=O)N[C@H](C(=O)N[C@H](C(=O)N[C@@H](Cc1ccccc1)C(=O)N[C@@H](CC(=O)O)C(=O)N[C@@H](Cc1ccc(O)cc1)C(=O)O)[C@@H](C)O)[C@@H](C)CC)[C@@H](C)O","train"
"CHEMBL380390","CCCCCCCCCCCCCCCC(=O)N[C@@H](Cc1ccccc1)C(=O)N[C@@H](CCCCN)C(=O)N[C@@H](Cc1ccccc1)C(=O)O","CCCCCCCCCCCCCCCC(=O)N[C@@H](Cc1ccccc1)C(=O)N[C@@H](CCCCN)C(=O)N[C@@H](Cc1ccccc1)C(=O)O","train"
"CHEMBL210442","FC(F)(F)c1cc(/C=C/c2ccccc2)c2[nH]c(N3CCN(c4ncccc4C(F)(F)F)CC3)nc2c1","FC(F)(F)c1cc(/C=C/c2ccccc2)c2[nH]c(N3CCN(c4ncccc4C(F)(F)F)CC3)nc2c1","train"
"CHEMBL210492","FC(F)(F)c1ccc2[nH]c(N3CCN(c4ccccn4)CC3)nc2c1","FC(F)(F)c1ccc2[nH]c(N3CCN(c4ccccn4)CC3)nc2c1","train"
"CHEMBL210903","CCCCCCCCCCCCCCC(N)C(=O)O","CCCCCCCCCCCCCCC(N)C(=O)O","train"
"CHEMBL380176","CCCn1c(=O)c2nc(-c3cn[nH]c3)[nH]c2n(CCC)c1=O","CCCn1c(=O)c2nc(-c3cn[nH]c3)[nH]c2n(CCC)c1=O","train"
"CHEMBL208667","O=C(Nc1nc2cc(F)c(F)cc2[nH]1)c1cccc([N+](=O)[O-])c1","O=C(Nc1nc2cc(F)c(F)cc2[nH]1)c1cccc([N+](=O)[O-])c1","train"
"CHEMBL379985","O=C(Nc1nc2ccccc2n1CCO)c1cccc([N+](=O)[O-])c1","O=C(Nc1nc2ccccc2n1CCO)c1cccc([N+](=O)[O-])c1","train"
"CHEMBL208668","CC(=O)Nc1cc(N)c(C#N)c(OCCN(C)C)n1","CC(=O)Nc1cc(N)c(C#N)c(OCCN(C)C)n1","train"
"CHEMBL210307","CC(=O)Nc1cc(N)c(C#N)c(OCCC(=O)O)n1","CC(=O)Nc1cc(N)c(C#N)c(OCCC(=O)O)n1","train"
"CHEMBL377348","CC(=O)Nc1cc(N)c(C#N)c(OC2CCOC2)n1","CC(=O)Nc1cc(N)c(C#N)c(OC2CCOC2)n1","train"
"CHEMBL210975","FC(F)(F)c1ccc2[nH]c(N3CCN(c4ncccc4I)CC3)nc2c1","FC(F)(F)c1ccc2[nH]c(N3CCN(c4ncccc4I)CC3)nc2c1","train"
"CHEMBL209202","CC(C)n1c(NC(=O)c2cccc([N+](=O)[O-])c2)nc2ccccc21","CC(C)n1c(NC(=O)c2cccc([N+](=O)[O-])c2)nc2ccccc21","train"
"CHEMBL210751","O=C(Nc1nc2cc([N+](=O)[O-])ccc2[nH]1)c1cccc([N+](=O)[O-])c1","O=C(Nc1nc2cc([N+](=O)[O-])ccc2[nH]1)c1cccc([N+](=O)[O-])c1","train"
"CHEMBL210752","CCCCN(CCCC)CC(=O)Nc1cc(N)c(C#N)c(OCC)n1","CCCCN(CCCC)CC(=O)Nc1cc(N)c(C#N)c(OCC)n1","train"
"CHEMBL210804","CCCCNCC(=O)Nc1cc(N)c(C#N)c(OCC)n1","CCCCNCC(=O)Nc1cc(N)c(C#N)c(OCC)n1","train"
"CHEMBL377962","OCc1cc(O)cc(Nc2c3ccccc3nc3c(OCCN(CCCl)CCCl)cccc23)c1","OCc1cc(O)cc(Nc2c3ccccc3nc3c(OCCN(CCCl)CCCl)cccc23)c1","train"
"CHEMBL208757","C[C@@H]1CN(c2ncccc2C(F)(F)F)CCN1c1nc2cc(C(F)(F)F)ccc2[nH]1","C[C@@H]1CN(c2ncccc2C(F)(F)F)CCN1c1nc2cc(C(F)(F)F)ccc2[nH]1","train"
"CHEMBL208805","CCCCCCCCCC(=O)N[C@@H](Cc1ccc(O)cc1)C(=O)N[C@@H](CCC(=O)O)C(=O)N[C@@H](CC(C)C)C(=O)O","CCCCCCCCCC(=O)N[C@@H](Cc1ccc(O)cc1)C(=O)N[C@@H](CCC(=O)O)C(=O)N[C@@H](CC(C)C)C(=O)O","train"
"CHEMBL210601","COc1ccc(C(=O)Nc2sc3c(c2C(N)=O)CCC3)cc1OC","COc1ccc(C(=O)Nc2sc3c(c2C(N)=O)CCC3)cc1OC","train"
"CHEMBL210087","CCCCCNC(=O)NS(=O)(=O)c1cc([N+](=O)[O-])ccc1Nc1ccc(Cl)cc1","CCCCCNC(=O)NS(=O)(=O)c1cc([N+](=O)[O-])ccc1Nc1ccc(Cl)cc1","train"
"CHEMBL379419","CC(NC(=O)Cc1ccc(NP(=O)(OCc2ccc([N+](=O)[O-])o2)N(C)CCCCCl)cc1)c1ccc(OCC2CCCCC2)c(C(N)=O)c1","CC(NC(=O)Cc1ccc(NP(=O)(OCc2ccc([N+](=O)[O-])o2)N(C)CCCCCl)cc1)c1ccc(OCC2CCCCC2)c(C(N)=O)c1","train"
"CHEMBL377856","COC1=CC(=O)c2c(O)c3c(c(O)c2C1=O)C(=O)[C@]1(CCc2c1c(O)c1c(O)nc(/C=C/c4csc(C)n4)cc1c2Br)C3=O","COC1=CC(=O)c2c(O)c3c(c(O)c2C1=O)C(=O)[C@]1(CCc2c1c(O)c1c(O)nc(/C=C/c4csc(C)n4)cc1c2Br)C3=O","train"
"CHEMBL442473","CCCCCCCCCCCCCCCC(=O)N[C@H](C(=O)N[C@H](C(=O)N[C@H](C(=O)N[C@@H](Cc1ccc(O)cc1)C(=O)N[C@@H](CCCCN)C(=O)N[C@@H](Cc1ccccc1)C(=O)O)[C@@H](C)O)C(C)C)[C@@H](C)O","CCCCCCCCCCCCCCCC(=O)N[C@H](C(=O)N[C@H](C(=O)N[C@H](C(=O)N[C@@H](Cc1ccc(O)cc1)C(=O)N[C@@H](CCCCN)C(=O)N[C@@H](Cc1ccccc1)C(=O)O)[C@@H](C)O)C(C)C)[C@@H](C)O","train"
"CHEMBL211017","Cc1ccc2cccc(OCc3c(Cl)ccc(S(=O)(=O)NC(C)(C)C(=O)N4CCN(CCN=C(N)N)CC4)c3Cl)c2n1","Cc1ccc2cccc(OCc3c(Cl)ccc(S(=O)(=O)NC(C)(C)C(=O)N4CCN(CCN=C(N)N)CC4)c3Cl)c2n1","train"
"CHEMBL379852","CC1(C)CC[C@]2(C(=O)OCc3ccccc3)CC[C@]3(C)C(=CCC4[C@@]5(C)CC(=N\O)/C(=N\O)C(C)(C)C5CC[C@]43C)[C@@H]2C1","CC1(C)CC[C@]2(C(=O)OCc3ccccc3)CC[C@]3(C)C(=CCC4[C@@]5(C)CC(=N\O)/C(=N\O)C(C)(C)C5CC[C@]43C)[C@@H]2C1","train"
"CHEMBL210993","C[C@@H]1CN(c2ncc(C(=O)O)cc2Cl)CCN1c1nc2c(-c3cc(F)c(F)c(F)c3)cc(C(F)(F)F)cc2[nH]1","C[C@@H]1CN(c2ncc(C(=O)O)cc2Cl)CCN1c1nc2c(-c3cc(F)c(F)c(F)c3)cc(C(F)(F)F)cc2[nH]1","train"
"CHEMBL210886","CC1(C)CC[C@]2(C(=O)O)CC[C@]3(C)C(=CCC4[C@@]5(C)CC[C@H](OC(=O)CCC(=O)O)C(C)(C)C5CC[C@]43C)[C@@H]2C1","CC1(C)CC[C@]2(C(=O)O)CC[C@]3(C)C(=CCC4[C@@]5(C)CC[C@H](OC(=O)CCC(=O)O)C(C)(C)C5CC[C@]43C)[C@@H]2C1","train"
"CHEMBL378780","CCC[C@H](NC(=O)OC(C)(C)C)C(=O)c1nnc(-c2ccccc2OC)o1","CCC[C@H](NC(=O)OC(C)(C)C)C(=O)c1nnc(-c2ccccc2OC)o1","train"
"CHEMBL210202","COc1ccc(Nc2c3ccccc3nc3c(OCCCCN(CCCl)CCCl)cccc23)cc1N","COc1ccc(Nc2c3ccccc3nc3c(OCCCCN(CCCl)CCCl)cccc23)cc1N","train"
"CHEMBL210203","CC(C)(C)c1ccc(C(=O)Nc2ccc(-c3ncccc3C(F)(F)F)cc2)cc1","CC(C)(C)c1ccc(C(=O)Nc2ccc(-c3ncccc3C(F)(F)F)cc2)cc1","train"
"CHEMBL210367","c1ccc(Cn2nnnc2-c2ccncc2)cc1","c1ccc(Cn2nnnc2-c2ccncc2)cc1","train"
"CHEMBL210834","c1ccc(Cn2nnnc2-c2cccc3ncccc23)cc1","c1ccc(Cn2nnnc2-c2cccc3ncccc23)cc1","train"
"CHEMBL210887","O=C(Nc1nc2ccccc2n1CCCO)c1cccc([N+](=O)[O-])c1","O=C(Nc1nc2ccccc2n1CCCO)c1cccc([N+](=O)[O-])c1","train"
"CHEMBL209817","O=C(O)Cn1c(NC(=O)c2cccc([N+](=O)[O-])c2)nc2ccccc21","O=C(O)Cn1c(NC(=O)c2cccc([N+](=O)[O-])c2)nc2ccccc21","train"
"CHEMBL378980","CCCCOc1nc(NC(C)=O)cc(N)c1C#N","CCCCOc1nc(NC(C)=O)cc(N)c1C#N","train"
"CHEMBL377265","COC1=CC(=O)c2c(O)c3c(c(O)c2C1=O)C(=O)[C@]1(CCc2c1c(O)c1c(O)nc(/C=N/N4CCN(C)CC4)cc1c2Br)C3=O","COC1=CC(=O)c2c(O)c3c(c(O)c2C1=O)C(=O)[C@]1(CCc2c1c(O)c1c(O)nc(/C=N/N4CCN(C)CC4)cc1c2Br)C3=O","train"
"CHEMBL377827","COC1=CC(=O)c2c(O)c3c(c(O)c2C1=O)C(=O)[C@]1(CCc2c1c(O)c1c(O)nc(/C=N/OC(C)C)cc1c2Br)C3=O","COC1=CC(=O)c2c(O)c3c(c(O)c2C1=O)C(=O)[C@]1(CCc2c1c(O)c1c(O)nc(/C=N/OC(C)C)cc1c2Br)C3=O","train"
"CHEMBL441687","CC1(C)[C@@H](O[C@H]2O[C@H](C(=O)O)[C@@H](O)[C@H](O)[C@H]2O[C@@H]2O[C@H](C(=O)O)[C@@H](O)[C@H](O)[C@H]2O)CC[C@]2(C)[C@H]3C(=O)C=C4[C@@H]5C[C@@](C)(C(=O)O)CC[C@]5(C)CC[C@@]4(C)[C@]3(C)CC[C@@H]12","CC1(C)[C@@H](O[C@H]2O[C@H](C(=O)O)[C@@H](O)[C@H](O)[C@H]2O[C@@H]2O[C@H](C(=O)O)[C@@H](O)[C@H](O)[C@H]2O)CC[C@]2(C)[C@H]3C(=O)C=C4[C@@H]5C[C@@](C)(C(=O)O)CC[C@]5(C)CC[C@@]4(C)[C@]3(C)CC[C@@H]12","train"
"CHEMBL380055","CC(C)[C@H](NC(=O)[C@@H](N)[C@@H](C)O)C(=O)N[C@H](C(=O)N[C@@H](Cc1ccc(O)cc1)C(=O)N[C@@H](CCCCN)C(=O)N[C@@H](Cc1ccc(O)cc1)C(=O)O)[C@@H](C)O","CC(C)[C@H](NC(=O)[C@@H](N)[C@@H](C)O)C(=O)N[C@H](C(=O)N[C@@H](Cc1ccc(O)cc1)C(=O)N[C@@H](CCCCN)C(=O)N[C@@H](Cc1ccc(O)cc1)C(=O)O)[C@@H](C)O","train"
"CHEMBL209818","Cc1cccc(Nc2ncnc3ccc(N(C)C(=O)N(CCCl)N=O)cc23)c1","Cc1cccc(Nc2ncnc3ccc(N(C)C(=O)N(CCCl)N=O)cc23)c1","train"
"CHEMBL210378","CN(C(=O)N(CCCl)N=O)c1ccc2ncnc(Nc3cccc(Cl)c3)c2c1","CN(C(=O)N(CCCl)N=O)c1ccc2ncnc(Nc3cccc(Cl)c3)c2c1","train"
"CHEMBL210427","Cc1ccc2cccc(OCc3c(Cl)ccc(S(=O)(=O)NC(C)(C)C(=O)Nc4ccccc4)c3Cl)c2n1","Cc1ccc2cccc(OCc3c(Cl)ccc(S(=O)(=O)NC(C)(C)C(=O)Nc4ccccc4)c3Cl)c2n1","train"
"CHEMBL210217","Cc1ccc2cccc(OCc3c(Cl)ccc(S(=O)(=O)NC(C)(C)C(=O)NCCN=C(N)N)c3Cl)c2n1","Cc1ccc2cccc(OCc3c(Cl)ccc(S(=O)(=O)NC(C)(C)C(=O)NCCN=C(N)N)c3Cl)c2n1","train"
"CHEMBL380205","FC(F)(F)c1ccc2nc(N3CCN(c4ncccc4C(F)(F)F)CC3)n(Cc3ccccc3)c2c1","FC(F)(F)c1ccc2nc(N3CCN(c4ncccc4C(F)(F)F)CC3)n(Cc3ccccc3)c2c1","train"
"CHEMBL210711","CC[C@@H]1CN(c2ncccc2C(F)(F)F)CCN1c1nc2cc(C(F)(F)F)ccc2[nH]1","CC[C@@H]1CN(c2ncccc2C(F)(F)F)CCN1c1nc2cc(C(F)(F)F)ccc2[nH]1","train"
"CHEMBL208965","CCC[C@@H]1CN(c2ncccc2C(F)(F)F)CCN1c1nc2cc(C(F)(F)F)ccc2[nH]1","CCC[C@@H]1CN(c2ncccc2C(F)(F)F)CCN1c1nc2cc(C(F)(F)F)ccc2[nH]1","train"
"CHEMBL209016","COc1ccc(C(=O)Nc2sc3c(c2C(N)=O)CCCCC3)cc1OC","COc1ccc(C(=O)Nc2sc3c(c2C(N)=O)CCCCC3)cc1OC","train"
"CHEMBL378981","CN(C)C(=O)[C@@H](c1ccc(-c2ccc3ncnn3c2)cc1)[C@H](N)C(=O)N1CCC(F)(F)C1","CN(C)C(=O)[C@@H](c1ccc(-c2ccc3ncnn3c2)cc1)[C@H](N)C(=O)N1CCC(F)(F)C1","train"
"CHEMBL208669","FC(F)(F)c1cc(Br)c2[nH]c(N3CCN(c4ncccc4C(F)(F)F)CC3)nc2c1","FC(F)(F)c1cc(Br)c2[nH]c(N3CCN(c4ncccc4C(F)(F)F)CC3)nc2c1","train"
"CHEMBL377160","C[C@@H]1CN(c2ncc(Br)cc2Cl)CCN1c1nc2c(-c3cc(F)c(F)c(F)c3)cc(C(F)(F)F)cc2[nH]1","C[C@@H]1CN(c2ncc(Br)cc2Cl)CCN1c1nc2c(-c3cc(F)c(F)c(F)c3)cc(C(F)(F)F)cc2[nH]1","train"
"CHEMBL210619","c1ccc(CNCCCCNCCCNCc2ccccc2)cc1","c1ccc(CNCCCCNCCCNCc2ccccc2)cc1","train"
"CHEMBL210233","CN(C(=O)C(N)=O)c1nc(C(=O)NCc2ccc(F)cc2)c(O)c2ncccc12","CN(C(=O)C(N)=O)c1nc(C(=O)NCc2ccc(F)cc2)c(O)c2ncccc12","train"
"CHEMBL210234","CN(C(=O)C(=O)N1CCCCC1)c1nc(C(=O)NCc2ccc(F)cc2)c(O)c2ncccc12","CN(C(=O)C(=O)N1CCCCC1)c1nc(C(=O)NCc2ccc(F)cc2)c(O)c2ncccc12","train"
"CHEMBL210757","CCCC(=O)O[C@H]1CC[C@@]2(C)C(CC[C@]3(C)C2CC=C2[C@@H]4CC(C)(C)CC[C@]4(C(=O)O)CC[C@]23C)C1(C)C","CCCC(=O)O[C@H]1CC[C@@]2(C)C(CC[C@]3(C)C2CC=C2[C@@H]4CC(C)(C)CC[C@]4(C(=O)O)CC[C@]23C)C1(C)C","train"
"CHEMBL210758","Cc1cc(N)cc(Nc2c3ccccc3nc3c(OCCN(CCCl)CCCl)cccc23)c1","Cc1cc(N)cc(Nc2c3ccccc3nc3c(OCCN(CCCl)CCCl)cccc23)c1","train"
"CHEMBL426686","CN(C)C(=O)C(=O)N(C)c1nc(C(=O)NCc2ccc(F)cc2)c(O)c2ncccc12","CN(C)C(=O)C(=O)N(C)c1nc(C(=O)NCc2ccc(F)cc2)c(O)c2ncccc12","train"
"CHEMBL210667","Cc1cccnc1-c1ccc(NC(=O)c2cccc(C(F)(F)F)c2)cc1","Cc1cccnc1-c1ccc(NC(=O)c2cccc(C(F)(F)F)c2)cc1","train"
"CHEMBL210668","FC(F)(F)c1ccc(-c2nc3cc(-c4ncccc4C(F)(F)F)ccc3[nH]2)cc1","FC(F)(F)c1ccc(-c2nc3cc(-c4ncccc4C(F)(F)F)ccc3[nH]2)cc1","train"
"CHEMBL379421","c1ccc(Cn2nnnc2-c2cccc3cccnc23)cc1","c1ccc(Cn2nnnc2-c2cccc3cccnc23)cc1","train"
"CHEMBL377125","O=C(O)CCn1c(NC(=O)c2cccc([N+](=O)[O-])c2)nc2ccccc21","O=C(O)CCn1c(NC(=O)c2cccc([N+](=O)[O-])c2)nc2ccccc21","train"
"CHEMBL426688","O=C(O)C[C@@H]1CC[C@H](c2ccc(-c3noc(-c4ccc(C5CCCC5)c(F)c4)n3)cc2)N1","O=C(O)C[C@@H]1CC[C@H](c2ccc(-c3noc(-c4ccc(C5CCCC5)c(F)c4)n3)cc2)N1","train"
"CHEMBL209989","O=C(Cc1c(F)cccc1F)NCc1cccc(-c2cccc(-c3cc4c[nH]ccc-4n3)c2O)c1","O=C(Cc1c(F)cccc1F)NCc1cccc(-c2cccc(-c3cc4c[nH]ccc-4n3)c2O)c1","train"
"CHEMBL210945","CC(=O)Nc1sc2c(c1C(N)=O)CCCC2","CC(=O)Nc1sc2c(c1C(N)=O)CCCC2","train"
"CHEMBL210893","CN(C(=O)N(CCCl)N=O)c1ccc2ncnc(Nc3cccc(Br)c3)c2c1","CN(C(=O)N(CCCl)N=O)c1ccc2ncnc(Nc3cccc(Br)c3)c2c1","train"
"CHEMBL209873","Cc1ccc2cccc(OCc3c(Cl)ccc(S(=O)(=O)NC(C)(C)C(=O)NCCCN=C(N)N)c3Cl)c2n1","Cc1ccc2cccc(OCc3c(Cl)ccc(S(=O)(=O)NC(C)(C)C(=O)NCCCN=C(N)N)c3Cl)c2n1","train"
"CHEMBL455964","CC(C)S(=O)(=O)N(C)c1ccc(NC(=O)c2ccccc2)cc1","CC(C)S(=O)(=O)N(C)c1ccc(NC(=O)c2ccccc2)cc1","train"
"CHEMBL451325","CC(C)S(=O)(=O)N(C)c1ccc(N(C)C(=O)c2ccccc2)cc1","CC(C)S(=O)(=O)N(C)c1ccc(N(C)C(=O)c2ccccc2)cc1","train"
"CHEMBL540197","CC(C)S(=O)(=O)N(C)c1ccc(N(C)S(=O)(=O)c2ccc(F)cc2)cc1","CC(C)S(=O)(=O)N(C)c1ccc(N(C)S(=O)(=O)c2ccc(F)cc2)cc1","train"
"CHEMBL455945","CC(C)S(=O)(=O)N1CCN2C(=O)CCC2C1","CC(C)S(=O)(=O)N1CCN2C(=O)CCC2C1","train"
"CHEMBL455969","CC(=O)N1CCN2C(=O)c3ccccc3C2C1","CC(=O)N1CCN2C(=O)c3ccccc3C2C1","train"
"CHEMBL456177","CCC(=O)N1CCN2C(=O)c3ccccc3C2C1","CCC(=O)N1CCN2C(=O)c3ccccc3C2C1","train"
"CHEMBL456178","CCC(=O)N[C@H]1CC[C@H](NC(=O)c2ccccc2)CC1","CCC(=O)N[C@H]1CC[C@H](NC(=O)c2ccccc2)CC1","train"
"CHEMBL456179","COc1ccc2c(c1)C(Cl)=C(/C=N/NC(=N)N)CC2","COc1ccc2c(c1)C(Cl)=C(/C=N/NC(=N)N)CC2","train"
"CHEMBL456106","COc1ccc2c(c1)CCC(/C=N/NC(=N)N)=C2Cl","COc1ccc2c(c1)CCC(/C=N/NC(=N)N)=C2Cl","train"
"CHEMBL456392","Cc1cc(C)c2c(c1)C(Cl)=C(/C=N/NC(=N)N)CC2","Cc1cc(C)c2c(c1)C(Cl)=C(/C=N/NC(=N)N)CC2","train"
"CHEMBL456393","CC1CC(/C=N/NC(=N)N)=C(Cl)c2ccccc21","CC1CC(/C=N/NC(=N)N)=C(Cl)c2ccccc21","train"
"CHEMBL456598","N=C(N)N/N=C/C1=C(Cl)c2ccccc2C1","N=C(N)N/N=C/C1=C(Cl)c2ccccc2C1","train"
"CHEMBL456599","N=C(N)N/N=C/C1=C(Br)c2ccccc2CC1","N=C(N)N/N=C/C1=C(Br)c2ccccc2CC1","train"
"CHEMBL456600","COC1=C(/C=N/NC(=N)N)CCc2ccccc21","COC1=C(/C=N/NC(=N)N)CCc2ccccc21","train"
"CHEMBL509570","O[C@@H]1[C@@H](O)[C@H](ON2CCCCC2)OC[C@H]1O","O[C@@H]1[C@@H](O)[C@H](ON2CCCCC2)OC[C@H]1O","train"
"CHEMBL513262","CC(=O)O[C@@H]1OC[C@@H](OC(C)=O)[C@H](OC(C)=O)[C@H]1OC(C)=O","CC(=O)O[C@@H]1OC[C@@H](OC(C)=O)[C@H](OC(C)=O)[C@H]1OC(C)=O","train"
"CHEMBL458293","CO[C@@H]1OC[C@@H](OC(=O)c2ccccc2)[C@H](OC(=O)c2ccccc2)[C@H]1OC(=O)c1ccccc1","CO[C@@H]1OC[C@@H](OC(=O)c2ccccc2)[C@H](OC(=O)c2ccccc2)[C@H]1OC(=O)c1ccccc1","train"
"CHEMBL458294","CO[C@@H]1OC[C@@H](OC(=O)C(C)(C)C)[C@H](OC(=O)C(C)(C)C)[C@H]1OC(=O)C(C)(C)C","CO[C@@H]1OC[C@@H](OC(=O)C(C)(C)C)[C@H](OC(=O)C(C)(C)C)[C@H]1OC(=O)C(C)(C)C","train"
"CHEMBL504643","CCS[C@@H]1OC[C@@H](O)[C@H](O)[C@H]1O","CCS[C@@H]1OC[C@@H](O)[C@H](O)[C@H]1O","train"
"CHEMBL445736","CCCS[C@@H]1OC[C@@H](O)[C@H](O)[C@H]1O","CCCS[C@@H]1OC[C@@H](O)[C@H](O)[C@H]1O","train"
"CHEMBL461878","C[C@H](NC1=NC(=O)C(C)(CC(C)(C)O)S1)c1ccc(F)cc1","C[C@H](NC1=NC(=O)C(C)(CC(C)(C)O)S1)c1ccc(F)cc1","train"
"CHEMBL461879","C[C@H](NC1=NC(=O)C(C)(C(C)(C)O)S1)c1ccc(F)cc1","C[C@H](NC1=NC(=O)C(C)(C(C)(C)O)S1)c1ccc(F)cc1","train"
"CHEMBL460393","C[C@H](NC1=NC(=O)C(C)(C2(O)CCC2)S1)c1ccc(F)cc1","C[C@H](NC1=NC(=O)C(C)(C2(O)CCC2)S1)c1ccc(F)cc1","train"
"CHEMBL517874","C[C@H](NC1=NC(=O)C(C)(C2(O)CCCC2)S1)c1ccc(F)cc1","C[C@H](NC1=NC(=O)C(C)(C2(O)CCCC2)S1)c1ccc(F)cc1","train"
"CHEMBL509749","C[C@H](NC1=NC(=O)C(C)(C(C)(C)O)S1)c1ccc(C#N)cc1","C[C@H](NC1=NC(=O)C(C)(C(C)(C)O)S1)c1ccc(C#N)cc1","train"
"CHEMBL462304","O=C(Nc1cccc(C(=O)N2CCC[C@@H]3CCCC[C@H]32)c1)c1ccccc1","O=C(Nc1cccc(C(=O)N2CCC[C@@H]3CCCC[C@H]32)c1)c1ccccc1","train"
"CHEMBL460827","CC(C)(C)OC(=O)N1CC=C(c2cn(-c3ccc(F)cc3)nn2)CC1","CC(C)(C)OC(=O)N1CC=C(c2cn(-c3ccc(F)cc3)nn2)CC1","train"
"CHEMBL511352","Cc1ccccc1-n1cc(C2=CCN(C(=O)OC(C)(C)C)CC2)nn1","Cc1ccccc1-n1cc(C2=CCN(C(=O)OC(C)(C)C)CC2)nn1","train"
"CHEMBL461033","COc1ccccc1-n1cc(C2=CCN(C(=O)OC(C)(C)C)CC2)nn1","COc1ccccc1-n1cc(C2=CCN(C(=O)OC(C)(C)C)CC2)nn1","train"
"CHEMBL461034","CC(C)(C)NC(=O)N1CC=C(c2cn(-c3ccccc3F)nn2)CC1","CC(C)(C)NC(=O)N1CC=C(c2cn(-c3ccccc3F)nn2)CC1","train"
"CHEMBL461035","CC(C)(C)CC(=O)N1CC=C(c2cn(-c3ccccc3F)nn2)CC1","CC(C)(C)CC(=O)N1CC=C(c2cn(-c3ccccc3F)nn2)CC1","train"
"CHEMBL518779","CC1(C)CC2(CN(Cc3ccc(C(F)(F)F)cc3)CCO2)c2ccccc2O1","CC1(C)CC2(CN(Cc3ccc(C(F)(F)F)cc3)CCO2)c2ccccc2O1","train"
"CHEMBL459767","CC1(C)CC2(CN(Cc3ccc(Br)cc3)CCO2)c2ccccc2O1","CC1(C)CC2(CN(Cc3ccc(Br)cc3)CCO2)c2ccccc2O1","train"
"CHEMBL525390","COc1ccc(CN2CCOC3(C2)CC(C)(C)Oc2ccccc23)cc1","COc1ccc(CN2CCOC3(C2)CC(C)(C)Oc2ccccc23)cc1","train"
"CHEMBL459768","COc1ccccc1CN1CCOC2(C1)CC(C)(C)Oc1ccccc12","COc1ccccc1CN1CCOC2(C1)CC(C)(C)Oc1ccccc12","train"
"CHEMBL514581","COc1cccc(CN2CCOC3(C2)CC(C)(C)Oc2ccccc23)c1","COc1cccc(CN2CCOC3(C2)CC(C)(C)Oc2ccccc23)c1","train"
"CHEMBL457660","COc1ccc(Cc2cc(C3CCN(C(=O)c4ccc5ccoc5c4)CC3)nc(N)n2)cc1","COc1ccc(Cc2cc(C3CCN(C(=O)c4ccc5ccoc5c4)CC3)nc(N)n2)cc1","train"
"CHEMBL515680","COc1ccc(Cc2cc(C3CCN(C(=O)c4ccc5ncoc5c4)CC3)nc(N)n2)cc1","COc1ccc(Cc2cc(C3CCN(C(=O)c4ccc5ncoc5c4)CC3)nc(N)n2)cc1","train"
"CHEMBL456614","COc1ccc(Cc2cc(C3CCN(C(=O)c4ccc5[nH]ccc5c4)CC3)nc(N)n2)cc1","COc1ccc(Cc2cc(C3CCN(C(=O)c4ccc5[nH]ccc5c4)CC3)nc(N)n2)cc1","train"
"CHEMBL526708","O=C1C(Br)=C(Nc2cccc(Cl)c2)C(=O)c2[nH]cnc21","O=C1C(Br)=C(Nc2cccc(Cl)c2)C(=O)c2[nH]cnc21","train"
"CHEMBL501504","O=C1C(Br)=C(Nc2cccc(Br)c2)C(=O)c2[nH]cnc21","O=C1C(Br)=C(Nc2cccc(Br)c2)C(=O)c2[nH]cnc21","train"
"CHEMBL455985","CCCn1c(=O)c2[nH]c(-c3ccc(C)cc3)c(O)c2n(CCC)c1=O","CCCn1c(=O)c2[nH]c(-c3ccc(C)cc3)c(O)c2n(CCC)c1=O","train"
"CHEMBL455986","CCCn1c(=O)c2[nH]c(-c3ccc(N)cc3)cc2n(CCC)c1=O","CCCn1c(=O)c2[nH]c(-c3ccc(N)cc3)cc2n(CCC)c1=O","train"
"CHEMBL457880","CCCn1c(=O)c2c(cc(-c3ccc(N)cc3)n2O)n(CCC)c1=O","CCCn1c(=O)c2c(cc(-c3ccc(N)cc3)n2O)n(CCC)c1=O","train"
"CHEMBL510409","CCCn1c(=O)c2[nH]c(-c3ccc(N)cc3)c(O)c2n(CCC)c1=O","CCCn1c(=O)c2[nH]c(-c3ccc(N)cc3)c(O)c2n(CCC)c1=O","train"
"CHEMBL457881","CCCn1c(=O)c2[nH]c(-c3ccc(O)cc3)cc2n(CCC)c1=O","CCCn1c(=O)c2[nH]c(-c3ccc(O)cc3)cc2n(CCC)c1=O","train"
"CHEMBL458095","CC/C=C\C/C=C\C/C=C\CCCCCCCC(=O)NCCO","CC/C=C\C/C=C\C/C=C\CCCCCCCC(=O)NCCO","train"
"CHEMBL455997","CCCCC/C=C\C/C=C\C/C=C\CCCCC(=O)NCCO","CCCCC/C=C\C/C=C\C/C=C\CCCCC(=O)NCCO","train"
"CHEMBL455965","O=C1CCC(N2C(=O)c3ccccc3C2=O)C(=O)N1CSC(=S)NCc1ccccc1","O=C1CCC(N2C(=O)c3ccccc3C2=O)C(=O)N1CSC(=S)NCc1ccccc1","train"
"CHEMBL456174","O=C1CCC(N2C(=O)c3ccccc3C2=O)C(=O)N1CSC(=S)NCCc1ccccc1","O=C1CCC(N2C(=O)c3ccccc3C2=O)C(=O)N1CSC(=S)NCCc1ccccc1","train"
"CHEMBL456175","S=c1[nH]nc(-c2cc3c([nH]c4ccccc43)c(-c3ccccc3)n2)o1","S=c1[nH]nc(-c2cc3c([nH]c4ccccc43)c(-c3ccccc3)n2)o1","train"
"CHEMBL519093","COc1ccc(-c2nc(-c3n[nH]c(=S)o3)cc3c2[nH]c2ccccc23)cc1","COc1ccc(-c2nc(-c3n[nH]c(=S)o3)cc3c2[nH]c2ccccc23)cc1","train"
"CHEMBL456180","O=C(Nc1ccccc1Cl)Nc1cc(F)c(CC(=O)N2C[C@@H](F)C[C@H]2COc2ccc(C(=O)O)cc2)cc1Cl","O=C(Nc1ccccc1Cl)Nc1cc(F)c(CC(=O)N2C[C@@H](F)C[C@H]2COc2ccc(C(=O)O)cc2)cc1Cl","train"
"CHEMBL456601","CC(Cc1ccccc1)C(=O)NCC(=O)O","CC(Cc1ccccc1)C(=O)NCC(=O)O","train"
"CHEMBL455750","CC(C)SCC(=O)NCC(=O)O","CC(C)SCC(=O)NCC(=O)O","train"
"CHEMBL456499","O=C(O)CNC(=O)C1CC1c1ccccc1","O=C(O)CNC(=O)C1CC1c1ccccc1","train"
"CHEMBL456602","O=C(O)CNC(=O)SCc1ccccc1","O=C(O)CNC(=O)SCc1ccccc1","train"
"CHEMBL456396","CC(C)CCC(=O)NCC(=O)O","CC(C)CCC(=O)NCC(=O)O","train"
"CHEMBL456371","CC(C)(C)OC(=O)NCC(=O)NCC(=O)O","CC(C)(C)OC(=O)NCC(=O)NCC(=O)O","train"
"CHEMBL456397","CC(=O)N[C@H]1CC[C@H](NC(=O)c2ccccc2)CC1","CC(=O)N[C@H]1CC[C@H](NC(=O)c2ccccc2)CC1","train"
"CHEMBL451299","CC(C)S(=O)(=O)N[C@H]1CC[C@H](NC(=O)c2ccccc2)CC1","CC(C)S(=O)(=O)N[C@H]1CC[C@H](NC(=O)c2ccccc2)CC1","train"
"CHEMBL443130","CCC(=O)N[C@H]1CC[C@H](NC(=O)CC)CC1","CCC(=O)N[C@H]1CC[C@H](NC(=O)CC)CC1","train"
"CHEMBL458295","O=C(Nc1ccc(NS(=O)(=O)c2ccc(F)cc2)cc1)c1ccccc1","O=C(Nc1ccc(NS(=O)(=O)c2ccc(F)cc2)cc1)c1ccccc1","train"
"CHEMBL511509","CCC(=O)Nc1ccc(NS(=O)(=O)c2ccc(F)cc2)cc1","CCC(=O)Nc1ccc(NS(=O)(=O)c2ccc(F)cc2)cc1","train"
"CHEMBL512206","N=C(N)N/N=C/C1=C(Oc2ccccc2)c2ccccc2CC1","N=C(N)N/N=C/C1=C(Oc2ccccc2)c2ccccc2CC1","train"
"CHEMBL458495","N=C(N)N/N=C/C1=C(C(F)(F)F)c2ccccc2CC1","N=C(N)N/N=C/C1=C(C(F)(F)F)c2ccccc2CC1","train"
"CHEMBL458496","N=C(N)N/N=C/C=C(\Cl)c1ccccc1","N=C(N)N/N=C/C=C(\Cl)c1ccccc1","train"
"CHEMBL460174","CC(/C=N/NC(=N)N)=C(/Cl)c1ccccc1","CC(/C=N/NC(=N)N)=C(/Cl)c1ccccc1","train"
"CHEMBL459968","N=C(N)N/N=C/C=C(\Cl)c1cccc2ccccc12","N=C(N)N/N=C/C=C(\Cl)c1cccc2ccccc12","train"
"CHEMBL508968","C/C(=N\NC(=N)N)C1=C(Cl)c2ccccc2CC1","C/C(=N\NC(=N)N)C1=C(Cl)c2ccccc2CC1","train"
"CHEMBL460147","C=C(C)[C@]1(O)CC[C@@]2(C)CCC[C@@](C)(N=C=S)[C@@H]2C1","C=C(C)[C@]1(O)CC[C@@]2(C)CCC[C@@](C)(N=C=S)[C@@H]2C1","train"
"CHEMBL460175","C=C(C)[C@]1(OO)CC[C@@]2(C)CCC[C@@](C)(N=C=S)[C@@H]2C1","C=C(C)[C@]1(OO)CC[C@@]2(C)CCC[C@@](C)(N=C=S)[C@@H]2C1","train"
"CHEMBL452682","CC(C)=CCCC(C)(N=C=S)[C@H]1CC=C(C)CC1","CC(C)=CCCC(C)(N=C=S)[C@H]1CC=C(C)CC1","train"
"CHEMBL461880","C[C@H]1CC[C@H](O)C2=CC(=O)[C@H]3[C@H](C3(C)C)[C@@]21C","C[C@H]1CC[C@H](O)C2=CC(=O)[C@H]3[C@H](C3(C)C)[C@@]21C","train"
"CHEMBL512221","C[C@H]1CC[C@@H](O)C2=CC(=O)[C@H]3[C@H](C3(C)C)[C@@]21C","C[C@H]1CC[C@@H](O)C2=CC(=O)[C@H]3[C@H](C3(C)C)[C@@]21C","train"
"CHEMBL461881","C[C@H]1CC[C@@H](OO)C2=CC(=O)[C@H]3[C@H](C3(C)C)[C@@]21C","C[C@H]1CC[C@@H](OO)C2=CC(=O)[C@H]3[C@H](C3(C)C)[C@@]21C","train"
"CHEMBL462088","CCCCCCCCCCCC(=O)S[C@@H]1OC[C@@H](O)[C@H](O)[C@H]1O","CCCCCCCCCCCC(=O)S[C@@H]1OC[C@@H](O)[C@H](O)[C@H]1O","train"
"CHEMBL499271","CC1(C)O[C@H]2O[C@H](CO)[C@H](O)[C@H]2O1","CC1(C)O[C@H]2O[C@H](CO)[C@H](O)[C@H]2O1","train"
"CHEMBL460611","CC1(C)OC[C@H]2O[C@@H]3OC(C)(C)O[C@@H]3[C@H]2O1","CC1(C)OC[C@H]2O[C@@H]3OC(C)(C)O[C@@H]3[C@H]2O1","train"
"CHEMBL518336","COC(OC)[C@@H]1OC(c2ccccc2)O[C@@H]2COC(c3ccccc3)O[C@@H]21","COC(OC)[C@@H]1OC(c2ccccc2)O[C@@H]2COC(c3ccccc3)O[C@@H]21","train"
"CHEMBL460612","COC(OC)[C@@H]1OC(c2ccc(F)cc2)O[C@@H]2COC(c3ccc(F)cc3)O[C@@H]21","COC(OC)[C@@H]1OC(c2ccc(F)cc2)O[C@@H]2COC(c3ccc(F)cc3)O[C@@H]21","train"
"CHEMBL443623","CO[C@H]1OC[C@@H](O)[C@H](O)[C@H]1O","CO[C@H]1OC[C@@H](O)[C@H](O)[C@H]1O","train"
"CHEMBL443423","O=C1Cc2ccc([N+](=O)[O-])cc2C(=O)N1O","O=C1Cc2ccc([N+](=O)[O-])cc2C(=O)N1O","train"
"CHEMBL446740","O=C1Cc2ccc(Cl)cc2C(=O)N1O","O=C1Cc2ccc(Cl)cc2C(=O)N1O","train"
"CHEMBL444646","O=C1Cc2ccc(Br)cc2C(=O)N1O","O=C1Cc2ccc(Br)cc2C(=O)N1O","train"
"CHEMBL461036","O=C1Cc2ccc(I)cc2C(=O)N1O","O=C1Cc2ccc(I)cc2C(=O)N1O","train"
"CHEMBL455061","O=C1Cc2ccc(O)cc2C(=O)N1O","O=C1Cc2ccc(O)cc2C(=O)N1O","train"
"CHEMBL461247","CC(=O)Nc1ccc2c(c1)C(=O)N(O)C(=O)C2","CC(=O)Nc1ccc2c(c1)C(=O)N(O)C(=O)C2","train"
"CHEMBL446644","CCCCC(=O)Nc1ccc2c(c1)C(=O)N(O)C(=O)C2","CCCCC(=O)Nc1ccc2c(c1)C(=O)N(O)C(=O)C2","train"
"CHEMBL506407","Cc1cc(=O)oc2c3c(ccc12)OC(C)(C)[C@H](OC(=O)[C@@]12CC[C@](C)(C(=O)O1)C2(C)C)[C@@H]3OC(=O)[C@@]12CC[C@](C)(C(=O)O1)C2(C)C","Cc1cc(=O)oc2c3c(ccc12)OC(C)(C)[C@H](OC(=O)[C@@]12CC[C@](C)(C(=O)O1)C2(C)C)[C@@H]3OC(=O)[C@@]12CC[C@](C)(C(=O)O1)C2(C)C","train"
"CHEMBL456945","Cc1c(CC#N)c(=O)oc2c3c(ccc12)OC(C)(C)[C@H](OC(=O)[C@@]12CC[C@](C)(C(=O)O1)C2(C)C)[C@@H]3OC(=O)[C@@]12CC[C@](C)(C(=O)O1)C2(C)C","Cc1c(CC#N)c(=O)oc2c3c(ccc12)OC(C)(C)[C@H](OC(=O)[C@@]12CC[C@](C)(C(=O)O1)C2(C)C)[C@@H]3OC(=O)[C@@]12CC[C@](C)(C(=O)O1)C2(C)C","train"
"CHEMBL457871","C[C@H]1CCN(C(=O)CC#N)C[C@@H]1N(C)c1ncnc2[nH]ccc12","C[C@H]1CCN(C(=O)CC#N)C[C@@H]1N(C)c1ncnc2[nH]ccc12","train"
"CHEMBL457872","CC(C)(C)OC(=O)N1CC=C(c2cn(-c3ccccn3)nn2)CC1","CC(C)(C)OC(=O)N1CC=C(c2cn(-c3ccccn3)nn2)CC1","train"
"CHEMBL453249","CC(C)(C)OC(=O)N1CC=C(c2cn(-c3cccnc3)nn2)CC1","CC(C)(C)OC(=O)N1CC=C(c2cn(-c3cccnc3)nn2)CC1","train"
"CHEMBL457873","CC(C)(C)OC(=O)N1CC=C(c2cn(-c3ccncc3)nn2)CC1","CC(C)(C)OC(=O)N1CC=C(c2cn(-c3ccncc3)nn2)CC1","train"
"CHEMBL452618","CC(C)(C)OC(=O)N1CC=C(c2cn(-c3ncccc3F)nn2)CC1","CC(C)(C)OC(=O)N1CC=C(c2cn(-c3ncccc3F)nn2)CC1","train"
"CHEMBL456823","Cc1c(C2=CCN(C(=O)OC(C)(C)C)CC2)nnn1-c1ncccc1F","Cc1c(C2=CCN(C(=O)OC(C)(C)C)CC2)nnn1-c1ncccc1F","train"
"CHEMBL456824","CC1(C)CC2(CN(Cc3ccccc3)CCO2)c2cc(Br)ccc2O1","CC1(C)CC2(CN(Cc3ccccc3)CCO2)c2cc(Br)ccc2O1","train"
"CHEMBL514255","CC1(C)CC2(CN(Cc3ccc(N)cc3)CCO2)c2cc(Br)ccc2O1","CC1(C)CC2(CN(Cc3ccc(N)cc3)CCO2)c2cc(Br)ccc2O1","train"
"CHEMBL509974","Cc1ccc(CN2CCOC3(C2)CC(C)(C)Oc2ccc(Br)cc23)cc1","Cc1ccc(CN2CCOC3(C2)CC(C)(C)Oc2ccc(Br)cc23)cc1","train"
"CHEMBL456195","COc1ccc(Cc2cc(C3CCN(Cc4ccc5c(c4)OCO5)CC3)nc(N)n2)cc1","COc1ccc(Cc2cc(C3CCN(Cc4ccc5c(c4)OCO5)CC3)nc(N)n2)cc1","train"
"CHEMBL458096","COc1ccc(Cc2cc(C3CCN(C(=O)c4ccc5c(c4)OCO5)CC3)nc(Cl)n2)cc1","COc1ccc(Cc2cc(C3CCN(C(=O)c4ccc5c(c4)OCO5)CC3)nc(Cl)n2)cc1","train"
"CHEMBL458097","COc1ccc(Cc2cc(C3CCN(C(=O)c4ccc5c(c4)OCO5)CC3)ncn2)cc1","COc1ccc(Cc2cc(C3CCN(C(=O)c4ccc5c(c4)OCO5)CC3)ncn2)cc1","train"
"CHEMBL513264","O=C1C(Br)=C(Nc2cccc(C(F)(F)F)c2)C(=O)c2[nH]cnc21","O=C1C(Br)=C(Nc2cccc(C(F)(F)F)c2)C(=O)c2[nH]cnc21","train"
"CHEMBL455998","CCCn1c(=O)c2c(cc(-c3ccc(O)cc3)n2O)n(CCC)c1=O","CCCn1c(=O)c2c(cc(-c3ccc(O)cc3)n2O)n(CCC)c1=O","train"
"CHEMBL455999","CCCn1c(=O)c2[nH]c(-c3ccc(O)cc3)c(O)c2n(CCC)c1=O","CCCn1c(=O)c2[nH]c(-c3ccc(O)cc3)c(O)c2n(CCC)c1=O","train"
"CHEMBL449133","CCCn1c(=O)c2[nH]c(-c3ccc(OC)cc3)cc2n(CCC)c1=O","CCCn1c(=O)c2[nH]c(-c3ccc(OC)cc3)cc2n(CCC)c1=O","train"
"CHEMBL457209","CCCn1c(=O)c2c(cc(-c3ccc(OC)cc3)n2O)n(CCC)c1=O","CCCn1c(=O)c2c(cc(-c3ccc(OC)cc3)n2O)n(CCC)c1=O","train"
"CHEMBL457418","CCCn1c(=O)c2[nH]c(-c3ccc(OC)cc3)c(O)c2n(CCC)c1=O","CCCn1c(=O)c2[nH]c(-c3ccc(OC)cc3)c(O)c2n(CCC)c1=O","train"
"CHEMBL457419","CCCCCCCCCCCCCCCC(=O)NCCc1ccc(O)c(O)c1","CCCCCCCCCCCCCCCC(=O)NCCc1ccc(O)c(O)c1","train"
"CHEMBL456176","CCCCC/C=C\C/C=C\C/C=C\CCCCC(=O)NCCc1ccc(O)c(O)c1","CCCCC/C=C\C/C=C\C/C=C\CCCCC(=O)NCCc1ccc(O)c(O)c1","train"
"CHEMBL456386","Oc1ccc(-c2nc(-c3n[nH]c(=S)o3)cc3c2[nH]c2ccccc23)cc1","Oc1ccc(-c2nc(-c3n[nH]c(=S)o3)cc3c2[nH]c2ccccc23)cc1","train"
"CHEMBL456387","O=[N+]([O-])c1cccc(-c2nc(-c3n[nH]c(=S)o3)cc3c2[nH]c2ccccc23)c1","O=[N+]([O-])c1cccc(-c2nc(-c3n[nH]c(=S)o3)cc3c2[nH]c2ccccc23)c1","train"
"CHEMBL514720","O=[N+]([O-])c1ccc(-c2nc(-c3n[nH]c(=S)o3)cc3c2[nH]c2ccccc23)cc1","O=[N+]([O-])c1ccc(-c2nc(-c3n[nH]c(=S)o3)cc3c2[nH]c2ccccc23)cc1","train"
"CHEMBL456388","COc1cc(-c2nc(-c3n[nH]c(=S)o3)cc3c2[nH]c2ccccc23)ccc1O","COc1cc(-c2nc(-c3n[nH]c(=S)o3)cc3c2[nH]c2ccccc23)ccc1O","train"
"CHEMBL514099","CN(C)c1ccc(-c2nc(-c3n[nH]c(=S)o3)cc3c2[nH]c2ccccc23)cc1","CN(C)c1ccc(-c2nc(-c3n[nH]c(=S)o3)cc3c2[nH]c2ccccc23)cc1","train"
"CHEMBL456814","Cc1ccccc1NC(=O)Nc1cc(Cl)c(CC(=O)N2C[C@@H](F)C[C@H]2COc2ccc(C(=O)O)cc2)cc1Cl","Cc1ccccc1NC(=O)Nc1cc(Cl)c(CC(=O)N2C[C@@H](F)C[C@H]2COc2ccc(C(=O)O)cc2)cc1Cl","train"
"CHEMBL456815","Cc1ccccc1NC(=O)Nc1cc(F)c(CC(=O)N2C[C@@H](F)C[C@H]2COc2ccc(C(=O)O)cc2)cc1Cl","Cc1ccccc1NC(=O)Nc1cc(F)c(CC(=O)N2C[C@@H](F)C[C@H]2COc2ccc(C(=O)O)cc2)cc1Cl","train"
"CHEMBL515662","Cc1cc(NC(=O)Nc2ccccc2C)c(Cl)cc1CC(=O)N1C[C@@H](F)C[C@H]1COc1ccc(C(=O)O)cc1","Cc1cc(NC(=O)Nc2ccccc2C)c(Cl)cc1CC(=O)N1C[C@@H](F)C[C@H]1COc1ccc(C(=O)O)cc1","train"
"CHEMBL450364","O=C(O)CNC(=O)CSc1ccccc1","O=C(O)CNC(=O)CSc1ccccc1","train"
"CHEMBL456604","O=C(O)CNC(=O)Nc1ccccc1","O=C(O)CNC(=O)Nc1ccccc1","train"
"CHEMBL456605","O=C(O)CNC(=O)CNC(=O)CNC(=O)c1ccccc1","O=C(O)CNC(=O)CNC(=O)CNC(=O)c1ccccc1","train"
"CHEMBL456606","O=C(O)CNC(=O)/C=C/c1ccccc1","O=C(O)CNC(=O)/C=C/c1ccccc1","train"
"CHEMBL456607","O=C(O)CNC(=S)CCc1ccccc1","O=C(O)CNC(=S)CCc1ccccc1","train"
"CHEMBL458497","O=C(O)CNC(=O)Cc1ccccc1","O=C(O)CNC(=O)Cc1ccccc1","train"
"CHEMBL458498","O=C(O)CNC(=O)CCCc1ccccc1","O=C(O)CNC(=O)CCCc1ccccc1","train"
"CHEMBL512207","O=C(O)CNC(=O)CNC(=O)c1ccc([N+](=O)[O-])cc1","O=C(O)CNC(=O)CNC(=O)c1ccc([N+](=O)[O-])cc1","train"
"CHEMBL502368","CCC(=O)Nc1ccc(NS(=O)(=O)C(C)C)cc1","CCC(=O)Nc1ccc(NS(=O)(=O)C(C)C)cc1","train"
"CHEMBL458499","CC(=O)Nc1ccc(NC(=O)c2ccccc2)cc1","CC(=O)Nc1ccc(NC(=O)c2ccccc2)cc1","train"
"CHEMBL455977","CC(=O)Nc1ccc(NS(=O)(=O)C(C)C)cc1","CC(=O)Nc1ccc(NS(=O)(=O)C(C)C)cc1","train"
"CHEMBL455978","CC(=O)Nc1ccc(NS(=O)(=O)c2ccc(F)cc2)cc1","CC(=O)Nc1ccc(NS(=O)(=O)c2ccc(F)cc2)cc1","train"
"CHEMBL454536","NC12CC3CC(CC1C3)C2","NC12CC3CC(CC1C3)C2","train"
"CHEMBL448878","COc1ccccc1CNC12CC3CC(CC1C3)C2","COc1ccccc1CNC12CC3CC(CC1C3)C2","train"
"CHEMBL460176","COc1cccc(CNC23CC4CC(CC2C4)C3)c1","COc1cccc(CNC23CC4CC(CC2C4)C3)c1","train"
"CHEMBL500090","c1csc(CNC23CC4CC(CC2C4)C3)c1","c1csc(CNC23CC4CC(CC2C4)C3)c1","train"
"CHEMBL462089","COc1cc(CCN(C)C)c2c(c1O)SSSSS2","COc1cc(CCN(C)C)c2c(c1O)SSSSS2","train"
"CHEMBL462090","COc1c(C)c(CCN(C)C)c2c(c1OC)SSSSS2","COc1c(C)c(CCN(C)C)c2c(c1OC)SSSSS2","train"
"CHEMBL513108","CSC1=C(CCN)c2nc3ccccc3c3ccnc(c23)C1=O","CSC1=C(CCN)c2nc3ccccc3c3ccnc(c23)C1=O","train"
"CHEMBL462091","C[C@H]1CC(=O)C=C2[C@H]3O[C@H]3[C@H]3[C@H](C3(C)C)[C@@]21C","C[C@H]1CC(=O)C=C2[C@H]3O[C@H]3[C@H]3[C@H](C3(C)C)[C@@]21C","train"
"CHEMBL460613","C[C@H]1CCCC2=C[C@H](C#N)[C@H]3[C@H](C3(C)C)[C@@]21C","C[C@H]1CCCC2=C[C@H](C#N)[C@H]3[C@H](C3(C)C)[C@@]21C","train"
"CHEMBL509522","C=C1CCC[C@]2(C)CC[C@@H](C(=C)C)[C@H](N=C=S)[C@@H]12","C=C1CCC[C@]2(C)CC[C@@H](C(=C)C)[C@H](N=C=S)[C@@H]12","train"
"CHEMBL460822","C/C(=C/C=C/C(C)C)[C@H]1CC[C@](C)(C#N)CC1","C/C(=C/C=C/C(C)C)[C@H]1CC[C@](C)(C#N)CC1","train"
"CHEMBL499142","C[C@H]1CCCC2=CC(=O)[C@H]3[C@H](C3(C)C)[C@@]21C","C[C@H]1CCCC2=CC(=O)[C@H]3[C@H](C3(C)C)[C@@]21C","train"
"CHEMBL443679","CCCCC(=O)c1ccc(OC)c(OC2CCOCC2)c1","CCCCC(=O)c1ccc(OC)c(OC2CCOCC2)c1","train"
"CHEMBL446547","CCCC(O)c1ccc(OC2CCOCC2)c(OC)c1","CCCC(O)c1ccc(OC2CCOCC2)c(OC)c1","train"
"CHEMBL507064","CCCCC(O)c1ccc(OC2CCOCC2)c(OC)c1","CCCCC(O)c1ccc(OC2CCOCC2)c(OC)c1","train"
"CHEMBL462517","CCCC(O)c1ccc(OC2CCOC2)c(OC)c1","CCCC(O)c1ccc(OC2CCOC2)c(OC)c1","train"
"CHEMBL462448","CCCCC(O)c1ccc(OC2CCOC2)c(OC)c1","CCCCC(O)c1ccc(OC2CCOC2)c(OC)c1","train"
"CHEMBL462518","CCCCC(O)c1ccc(OC)c(OC2CCOC2)c1","CCCCC(O)c1ccc(OC)c(OC2CCOC2)c1","train"
"CHEMBL461248","O=C1C(=O)N(Cc2ccc(F)cc2)c2ccc(S(=O)(=O)N3CCCC3)cc21","O=C1C(=O)N(Cc2ccc(F)cc2)c2ccc(S(=O)(=O)N3CCCC3)cc21","train"
"CHEMBL516490","O=C1C(=O)N(Cc2ccc(F)cc2)c2ccc(S(=O)(=O)N3CCC[C@H]3COc3ccc(F)cc3)cc21","O=C1C(=O)N(Cc2ccc(F)cc2)c2ccc(S(=O)(=O)N3CCC[C@H]3COc3ccc(F)cc3)cc21","train"
"CHEMBL461249","O=C1C(=O)N(Cc2ccc(F)cc2)c2ccc(S(=O)(=O)N3CCC[C@H]3COc3cccc(F)c3)cc21","O=C1C(=O)N(Cc2ccc(F)cc2)c2ccc(S(=O)(=O)N3CCC[C@H]3COc3cccc(F)c3)cc21","train"
"CHEMBL516941","O=C1C(=O)N(Cc2ccc(F)cc2)c2ccc(S(=O)(=O)N3CCC[C@H]3COc3ccc(F)cc3F)cc21","O=C1C(=O)N(Cc2ccc(F)cc2)c2ccc(S(=O)(=O)N3CCC[C@H]3COc3ccc(F)cc3F)cc21","train"
"CHEMBL459769","C[C@H]1CCN(C(=O)CC#N)C[C@H]1N(C)c1ncnc2[nH]ccc12","C[C@H]1CCN(C(=O)CC#N)C[C@H]1N(C)c1ncnc2[nH]ccc12","train"
"CHEMBL459977","C[C@@H]1CCN(C(=O)CC#N)C[C@H]1N(C)c1ncnc2[nH]ccc12","C[C@@H]1CCN(C(=O)CC#N)C[C@H]1N(C)c1ncnc2[nH]ccc12","train"
"CHEMBL517866","CN1CC[C@@]23C[C@@H]1CC[C@H]2Oc1ccc(O)cc13","CN1CC[C@@]23C[C@@H]1CC[C@H]2Oc1ccc(O)cc13","train"
"CHEMBL515681","Oc1ccc2c(c1)[C@@]13CCN(CCc4ccccc4)[C@@H](CC[C@H]1O2)C3","Oc1ccc2c(c1)[C@@]13CCN(CCc4ccccc4)[C@@H](CC[C@H]1O2)C3","train"
"CHEMBL450850","CN1CC[C@@]23C[C@@H]1CC[C@H]2Oc1c(O)cccc13","CN1CC[C@@]23C[C@@H]1CC[C@H]2Oc1c(O)cccc13","train"
"CHEMBL515842","Oc1cccc2c1O[C@@H]1CC[C@H]3C[C@@]21CCN3CCc1ccccc1","Oc1cccc2c1O[C@@H]1CC[C@H]3C[C@@]21CCN3CCc1ccccc1","train"
"CHEMBL458088","CCCN(CCN1CCN(c2ccccc2)CC1)[C@H]1CCc2ccc(O)cc2C1","CCCN(CCN1CCN(c2ccccc2)CC1)[C@H]1CCc2ccc(O)cc2C1","train"
"CHEMBL456825","CCCN(CCN1CCN(c2ccccc2)CC1)[C@@H]1CCc2ccc(O)cc2C1","CCCN(CCN1CCN(c2ccccc2)CC1)[C@@H]1CCc2ccc(O)cc2C1","train"
"CHEMBL457024","CCCN(CCN1CCN(c2ccccc2)CC1)[C@H]1CCc2c(O)cccc2C1","CCCN(CCN1CCN(c2ccccc2)CC1)[C@H]1CCc2c(O)cccc2C1","train"
"CHEMBL457025","CCCN(CCN1CCN(c2ccccc2)CC1)[C@@H]1CCc2c(O)cccc2C1","CCCN(CCN1CCN(c2ccccc2)CC1)[C@@H]1CCc2c(O)cccc2C1","train"
"CHEMBL457026","CC(C)OC(=O)N1CC=C(c2cn(-c3cccnc3F)nn2)CC1","CC(C)OC(=O)N1CC=C(c2cn(-c3cccnc3F)nn2)CC1","train"
"CHEMBL456196","Cc1c(C2=CCN(C(=O)OC(C)C)CC2)nnn1-c1cccnc1F","Cc1c(C2=CCN(C(=O)OC(C)C)CC2)nnn1-c1cccnc1F","train"
"CHEMBL502882","Cc1c(C2=CCN(C(=O)N(C)C(C)C)CC2)nnn1-c1cccnc1F","Cc1c(C2=CCN(C(=O)N(C)C(C)C)CC2)nnn1-c1cccnc1F","train"
"CHEMBL458303","CC1(C)CC2(CN(Cc3ccc(C(F)(F)F)cc3)CCO2)c2cc(Br)ccc2O1","CC1(C)CC2(CN(Cc3ccc(C(F)(F)F)cc3)CCO2)c2cc(Br)ccc2O1","train"
"CHEMBL458304","CC1(C)CC2(CN(Cc3ccc(Br)cc3)CCO2)c2cc(Br)ccc2O1","CC1(C)CC2(CN(Cc3ccc(Br)cc3)CCO2)c2cc(Br)ccc2O1","train"
"CHEMBL457420","COc1ccc(CN2CCOC3(C2)CC(C)(C)Oc2ccc(Br)cc23)cc1","COc1ccc(CN2CCOC3(C2)CC(C)(C)Oc2ccc(Br)cc23)cc1","train"
"CHEMBL515989","COc1ccccc1CN1CCOC2(C1)CC(C)(C)Oc1ccc(Br)cc12","COc1ccccc1CN1CCOC2(C1)CC(C)(C)Oc1ccc(Br)cc12","train"
"CHEMBL455960","COc1cccc(CN2CCOC3(C2)CC(C)(C)Oc2ccc(Br)cc23)c1","COc1cccc(CN2CCOC3(C2)CC(C)(C)Oc2ccc(Br)cc23)c1","train"
"CHEMBL456385","O=C1C=C(Nc2ccc(OC(F)(F)F)cc2)C(=O)c2[nH]c(-c3ccccn3)nc21","O=C1C=C(Nc2ccc(OC(F)(F)F)cc2)C(=O)c2[nH]c(-c3ccccn3)nc21","train"
"CHEMBL456595","O=C1C(Cl)=C(Nc2cccc(Cl)c2)C(=O)c2[nH]c(-c3ccccn3)nc21","O=C1C(Cl)=C(Nc2cccc(Cl)c2)C(=O)c2[nH]c(-c3ccccn3)nc21","train"
"CHEMBL456816","CCCn1c(=O)c2[nH]c(-c3ccc(C(C)=O)cc3)c(O)c2n(CCC)c1=O","CCCn1c(=O)c2[nH]c(-c3ccc(C(C)=O)cc3)c(O)c2n(CCC)c1=O","train"
"CHEMBL457014","CCCn1c(=O)c2[nH]c(-c3ccc([N+](=O)[O-])cc3)c(O)c2n(CCC)c1=O","CCCn1c(=O)c2[nH]c(-c3ccc([N+](=O)[O-])cc3)c(O)c2n(CCC)c1=O","train"
"CHEMBL507754","CCCn1c(=O)c2[nH]c(-c3ccc(S(C)(=O)=O)cc3)c(O)c2n(CCC)c1=O","CCCn1c(=O)c2[nH]c(-c3ccc(S(C)(=O)=O)cc3)c(O)c2n(CCC)c1=O","train"
"CHEMBL457015","CCCn1c(=O)c2[nH]c(-c3ccc(S(C)(=O)=O)cc3)c(O)c2n(C)c1=O","CCCn1c(=O)c2[nH]c(-c3ccc(S(C)(=O)=O)cc3)c(O)c2n(C)c1=O","train"
"CHEMBL454700","CCCn1c(=O)c2[nH]c(-c3ccco3)c(O)c2n(CCC)c1=O","CCCn1c(=O)c2[nH]c(-c3ccco3)c(O)c2n(CCC)c1=O","train"
"CHEMBL456817","CCCCC/C=C\C/C=C\C/C=C\C/C=C\CCCCCC(=O)NCCc1ccc(O)c(O)c1","CCCCC/C=C\C/C=C\C/C=C\C/C=C\CCCCCC(=O)NCCc1ccc(O)c(O)c1","train"
"CHEMBL509972","S=c1[nH]nc(-c2cc3c([nH]c4ccccc43)c(-c3ccccc3Cl)n2)o1","S=c1[nH]nc(-c2cc3c([nH]c4ccccc43)c(-c3ccccc3Cl)n2)o1","train"
"CHEMBL455979","CSc1nnc(-c2cc3c([nH]c4ccccc43)c(-c3ccccc3)n2)o1","CSc1nnc(-c2cc3c([nH]c4ccccc43)c(-c3ccccc3)n2)o1","train"
"CHEMBL455980","COc1ccc(-c2nc(-c3nnc(SC)o3)cc3c2[nH]c2ccccc23)cc1","COc1ccc(-c2nc(-c3nnc(SC)o3)cc3c2[nH]c2ccccc23)cc1","train"
"CHEMBL460177","CSc1nnc(-c2cc3c([nH]c4ccccc43)c(-c3ccc(O)cc3)n2)o1","CSc1nnc(-c2cc3c([nH]c4ccccc43)c(-c3ccc(O)cc3)n2)o1","train"
"CHEMBL517872","CSc1nnc(-c2cc3c([nH]c4ccccc43)c(-c3cccc([N+](=O)[O-])c3)n2)o1","CSc1nnc(-c2cc3c([nH]c4ccccc43)c(-c3cccc([N+](=O)[O-])c3)n2)o1","train"
"CHEMBL456399","O=C(Nc1ccccc1Cl)Nc1cc(Cl)c(CC(=O)N2C[C@@H](F)C[C@H]2COc2ccc(C(=O)O)cc2)cc1Cl","O=C(Nc1ccccc1Cl)Nc1cc(Cl)c(CC(=O)N2C[C@@H](F)C[C@H]2COc2ccc(C(=O)O)cc2)cc1Cl","train"
"CHEMBL456608","Cc1cc(NC(=O)Nc2ccccc2Cl)c(Cl)cc1CC(=O)N1C[C@@H](F)C[C@H]1COc1ccc(C(=O)O)cc1","Cc1cc(NC(=O)Nc2ccccc2Cl)c(Cl)cc1CC(=O)N1C[C@@H](F)C[C@H]1COc1ccc(C(=O)O)cc1","train"
"CHEMBL515819","O=C(Nc1cc(F)c(CC(=O)N2C[C@@H](F)C[C@H]2COc2ccc(C(=O)O)cc2)cc1Cl)Nc1ccccc1Br","O=C(Nc1cc(F)c(CC(=O)N2C[C@@H](F)C[C@H]2COc2ccc(C(=O)O)cc2)cc1Cl)Nc1ccccc1Br","train"
"CHEMBL462299","O=C(O)CNC(=O)CCCCc1ccccc1","O=C(O)CNC(=O)CCCCc1ccccc1","train"
"CHEMBL462300","O=C(O)CNC(=O)CCCCCCCc1ccccc1","O=C(O)CNC(=O)CCCCCCCc1ccccc1","train"
"CHEMBL503660","O=C(O)CNC(=O)Sc1ccccn1","O=C(O)CNC(=O)Sc1ccccn1","train"
"CHEMBL445286","O=C(O)CNC(=S)Cc1ccccc1","O=C(O)CNC(=S)Cc1ccccc1","train"
"CHEMBL452143","O=C(O)CNC(=O)CNC(=O)c1ccccc1","O=C(O)CNC(=O)CNC(=O)c1ccccc1","train"
"CHEMBL448659","O=C(O)CNC(=O)CCCCCc1ccccc1","O=C(O)CNC(=O)CCCCCc1ccccc1","train"
"CHEMBL445861","CN(Cc1ccccc1)C12CC3CC(CC1C3)C2","CN(Cc1ccccc1)C12CC3CC(CC1C3)C2","train"
"CHEMBL460760","CN(C)C12CC3CC(CC1C3)C2","CN(C)C12CC3CC(CC1C3)C2","train"
"CHEMBL511702","C1CCN(C23CC4CC(CC2C4)C3)CC1","C1CCN(C23CC4CC(CC2C4)C3)CC1","train"
"CHEMBL444922","CNC12CC3CC(CC1C3)C2","CNC12CC3CC(CC1C3)C2","train"
"CHEMBL462519","c1ccc(CNCC23CC4CC(CC2C4)C3)cc1","c1ccc(CNCC23CC4CC(CC2C4)C3)cc1","train"
"CHEMBL462520","CN(Cc1ccccc1)CC12CC3CC(CC1C3)C2","CN(Cc1ccccc1)CC12CC3CC(CC1C3)C2","train"
"CHEMBL499125","N=C(N)NCC12CC3CC(CC1C3)C2","N=C(N)NCC12CC3CC(CC1C3)C2","train"
"CHEMBL456513","CNCC12CC3CC(CC1C3)C2","CNCC12CC3CC(CC1C3)C2","train"
"CHEMBL451265","O=C(O)C(=O)CCCC(=O)C(=O)O","O=C(O)C(=O)CCCC(=O)C(=O)O","train"
"CHEMBL456197","CCOC(=O)/C=C/C(=O)/C=C/C(=O)OCC","CCOC(=O)/C=C/C(=O)/C=C/C(=O)OCC","train"
"CHEMBL456159","O=C(O)/C=C/C(=O)/C=C/C(=O)O","O=C(O)/C=C/C(=O)/C=C/C(=O)O","train"
"CHEMBL511510","O=C1C=CC(=O)c2c1cnc1c2C(=O)CCC1","O=C1C=CC(=O)c2c1cnc1c2C(=O)CCC1","train"
"CHEMBL452417","Cc1nc2c(c3c1C(=O)C=CC3=O)C(=O)CCC2","Cc1nc2c(c3c1C(=O)C=CC3=O)C(=O)CCC2","train"
"CHEMBL458305","CC1(C)CC(=O)c2c(ncc3c2C(=O)C=CC3=O)C1","CC1(C)CC(=O)c2c(ncc3c2C(=O)C=CC3=O)C1","train"
"CHEMBL442894","Cn1c(=O)c2c3c(cnc2n(C)c1=O)C(=O)C=CC3=O","Cn1c(=O)c2c3c(cnc2n(C)c1=O)C(=O)C=CC3=O","train"
"CHEMBL458508","Cc1nc2c(c3c1C(=O)C=CC3=O)c(=O)n(C)c(=O)n2C","Cc1nc2c(c3c1C(=O)C=CC3=O)c(=O)n(C)c(=O)n2C","train"
"CHEMBL455962","CCCCC(=O)c1ccc(OC2CCN(C(=O)OC(C)(C)C)CC2)c(OC)c1","CCCCC(=O)c1ccc(OC2CCN(C(=O)OC(C)(C)C)CC2)c(OC)c1","train"
"CHEMBL509969","CCCC(=O)c1ccc(OC2CCOCC2)c(OC)c1","CCCC(=O)c1ccc(OC2CCOCC2)c(OC)c1","train"
"CHEMBL456170","CCCC(=O)c1ccc(OC2CCN(C(=O)OC(C)(C)C)CC2)c(OC)c1","CCCC(=O)c1ccc(OC2CCN(C(=O)OC(C)(C)C)CC2)c(OC)c1","train"
"CHEMBL447757","CCCCC(=O)c1ccc(OC2CCOCC2)c(OC)c1","CCCCC(=O)c1ccc(OC2CCOCC2)c(OC)c1","train"
"CHEMBL445832","CCCC(=O)c1ccc(OC2CCOC2)c(OC)c1","CCCC(=O)c1ccc(OC2CCOC2)c(OC)c1","train"
"CHEMBL456592","O=C1C(=O)N(Cc2ccc(F)cc2)c2ccc(S(=O)(=O)N3CCC[C@H]3COc3cc(F)cc(F)c3)cc21","O=C1C(=O)N(Cc2ccc(F)cc2)c2ccc(S(=O)(=O)N3CCC[C@H]3COc3cc(F)cc(F)c3)cc21","train"
"CHEMBL456593","O=C1C(=O)N(Cc2ccc(F)cc2)c2ccc(S(=O)(=O)N3CCC[C@H]3COC3CCOCC3)cc21","O=C1C(=O)N(Cc2ccc(F)cc2)c2ccc(S(=O)(=O)N3CCC[C@H]3COC3CCOCC3)cc21","train"
"CHEMBL515506","O=C1C(=O)N(Cc2ccc(F)cc2)c2ccc(S(=O)(=O)N3CCC[C@H]3COc3ccncn3)cc21","O=C1C(=O)N(Cc2ccc(F)cc2)c2ccc(S(=O)(=O)N3CCC[C@H]3COc3ccncn3)cc21","train"
"CHEMBL515661","C#CCN1C(=O)C(=O)c2cc(S(=O)(=O)N3CCC[C@H]3COc3ccc(F)cc3F)ccc21","C#CCN1C(=O)C(=O)c2cc(S(=O)(=O)N3CCC[C@H]3COc3ccc(F)cc3F)ccc21","train"
"CHEMBL456596","Oc1ccc2c(c1)[C@@H]1CCCN(CCN3CCN(c4ccccc4)CC3)[C@H]1CC2","Oc1ccc2c(c1)[C@@H]1CCCN(CCN3CCN(c4ccccc4)CC3)[C@H]1CC2","train"
"CHEMBL456597","CCCN(CCN1CCN(c2ccccc2)CC1)[C@H]1CCc2nc(N)sc2C1","CCCN(CCN1CCN(c2ccccc2)CC1)[C@H]1CCc2nc(N)sc2C1","train"
"CHEMBL514885","CCCN(CCN1CCN(c2ccc(-c3ccccc3)cc2)CC1)[C@H]1CCc2nc(N)sc2C1","CCCN(CCN1CCN(c2ccc(-c3ccccc3)cc2)CC1)[C@H]1CCc2nc(N)sc2C1","train"
"CHEMBL457016","COCCNS(=O)(=O)c1ccc(Nc2nccc(-c3cnc4cccnn34)n2)cc1","COCCNS(=O)(=O)c1ccc(Nc2nccc(-c3cnc4cccnn34)n2)cc1","train"
"CHEMBL515515","CN(C)CCCNS(=O)(=O)c1ccc(Nc2nccc(-c3cnc4cccnn34)n2)cc1","CN(C)CCCNS(=O)(=O)c1ccc(Nc2nccc(-c3cnc4cccnn34)n2)cc1","train"
"CHEMBL514100","O=C(N/N=C/c1ccc(-c2cccc(C(F)(F)F)c2)o1)c1cc(I)ccc1Cl","O=C(N/N=C/c1ccc(-c2cccc(C(F)(F)F)c2)o1)c1cc(I)ccc1Cl","train"
"CHEMBL456819","O=C(N/N=C/c1ccc(-c2cccc(C(F)(F)F)c2)o1)c1ccc(Br)cc1","O=C(N/N=C/c1ccc(-c2cccc(C(F)(F)F)c2)o1)c1ccc(Br)cc1","train"
"CHEMBL457017","O=C(N/N=C/c1ccc(-c2ccc(Cl)cc2Cl)o1)c1ccccc1[N+](=O)[O-]","O=C(N/N=C/c1ccc(-c2ccc(Cl)cc2Cl)o1)c1ccccc1[N+](=O)[O-]","train"
"CHEMBL456188","O=C(N/N=C/c1ccc(-c2ccc(Cl)c(Cl)c2)o1)c1ccccc1O","O=C(N/N=C/c1ccc(-c2ccc(Cl)c(Cl)c2)o1)c1ccccc1O","train"
"CHEMBL1207329","O=C(O)c1c(-c2ccc(O)c(Br)c2)oc2c(Br)cc(/C=C(OS(=O)(=O)O)/C(=C/c3cc(Br)c4oc(-c5ccc(O)c(Br)c5)cc4c3)OS(=O)(=O)O)cc12","O=C(O)c1c(-c2ccc(O)c(Br)c2)oc2c(Br)cc(/C=C(OS(=O)(=O)O)/C(=C/c3cc(Br)c4oc(-c5ccc(O)c(Br)c5)cc4c3)OS(=O)(=O)O)cc12","train"
"CHEMBL1207330","O=C(O)[C@@]1(O)CS[C@](O)(C(=O)O)CS1","O=C(O)[C@@]1(O)CS[C@](O)(C(=O)O)CS1","train"
"CHEMBL1207331","CC(C)n1c(CC[C@@H](O)C[C@@H](O)CC(=O)O)c(-c2ccc(F)cc2)c(-c2ccccc2)c1C(=O)Nc1ccccc1","CC(C)n1c(CC[C@@H](O)C[C@@H](O)CC(=O)O)c(-c2ccc(F)cc2)c(-c2ccccc2)c1C(=O)Nc1ccccc1","train"
"CHEMBL1207332","C/C=C1/C(=O)N2C(C(=O)O)=C3[C@@H](OCCF)CCC[C@@H]3[C@H]12","C/C=C1/C(=O)N2C(C(=O)O)=C3[C@@H](OCCF)CCC[C@@H]3[C@H]12","train"
"CHEMBL1207333","CC(=O)N[C@H]1[C@@H]([C@H](O)[C@H](O)CNC(=O)c2ccccc2-c2ccccc2)O[C@@](OCc2ccccc2)(C(=O)O)C[C@@H]1O","CC(=O)N[C@H]1[C@@H]([C@H](O)[C@H](O)CNC(=O)c2ccccc2-c2ccccc2)O[C@@](OCc2ccccc2)(C(=O)O)C[C@@H]1O","train"
"CHEMBL1207334","CO[C@@H]1CO[C@@H](OCC[C@@H](CC[C@@H](C)[C@H]2[C@@H](O)[C@@H](O)[C@@H]3[C@]2(C)CC[C@@H]2[C@@]4(C)CC[C@H](O)[C@H](O)[C@@H]4[C@@H](OS(=O)(=O)O)C[C@]23O)C(C)C)[C@H](O)[C@H]1O","CO[C@@H]1CO[C@@H](OCC[C@@H](CC[C@@H](C)[C@H]2[C@@H](O)[C@@H](O)[C@@H]3[C@]2(C)CC[C@@H]2[C@@]4(C)CC[C@H](O)[C@H](O)[C@@H]4[C@@H](OS(=O)(=O)O)C[C@]23O)C(C)C)[C@H](O)[C@H]1O","train"
"CHEMBL1207336","CCCCOc1ccc(Sc2ccc(-c3ccccc3C(O)C#CCOCCCCCCCCCCCO)cc2S(=O)(=O)O)cc1","CCCCOc1ccc(Sc2ccc(-c3ccccc3C(O)C#CCOCCCCCCCCCCCO)cc2S(=O)(=O)O)cc1","train"
"CHEMBL1207337","C/C=C1/C(=O)N2C(C(=O)O)=C3[C@@H](OC)CCC[C@@H]3[C@H]12","C/C=C1/C(=O)N2C(C(=O)O)=C3[C@@H](OC)CCC[C@@H]3[C@H]12","train"
"CHEMBL1207338","C/C=C1/C(=O)N2C(C(=O)O)=C3[C@@H](OC(C)C)CCC[C@@H]3[C@H]12","C/C=C1/C(=O)N2C(C(=O)O)=C3[C@@H](OC(C)C)CCC[C@@H]3[C@H]12","train"
"CHEMBL1207339","CCCCCCCCCCC#CCc1ccccc1-c1ccc(Sc2ccc(OCCCC)cc2)c(S(=O)(=O)O)c1","CCCCCCCCCCC#CCc1ccccc1-c1ccc(Sc2ccc(OCCCC)cc2)c(S(=O)(=O)O)c1","train"
"CHEMBL1207340","CCCCCCCCCCC#CC(C)(O)c1ccccc1-c1ccc(Sc2ccc(OCCCC)cc2)c(S(=O)(=O)O)c1","CCCCCCCCCCC#CC(C)(O)c1ccccc1-c1ccc(Sc2ccc(OCCCC)cc2)c(S(=O)(=O)O)c1","train"
"CHEMBL1207341","C/C=C1/C(=O)N2C(C(=O)O)=C3[C@@H](CCC[C@H]3OCCCC)[C@H]12","C/C=C1/C(=O)N2C(C(=O)O)=C3[C@@H](CCC[C@H]3OCCCC)[C@H]12","train"
"CHEMBL1207342","CCCCOc1ccc(Sc2ccc(-c3ccccc3C(O)C#CCOCCCCCO)cc2S(=O)(=O)O)cc1","CCCCOc1ccc(Sc2ccc(-c3ccccc3C(O)C#CCOCCCCCO)cc2S(=O)(=O)O)cc1","train"
"CHEMBL1207343","CCCCOc1ccc(Sc2ccc(-c3ccccc3C(O)C#CCOCCCCCCCO)cc2S(=O)(=O)O)cc1","CCCCOc1ccc(Sc2ccc(-c3ccccc3C(O)C#CCOCCCCCCCO)cc2S(=O)(=O)O)cc1","train"
"CHEMBL1207344","C/C=C1/C(=O)N2C(C(=O)O)=C3[C@@H](OCCC#N)CCC[C@@H]3[C@H]12","C/C=C1/C(=O)N2C(C(=O)O)=C3[C@@H](OCCC#N)CCC[C@@H]3[C@H]12","train"
"CHEMBL1207346","Cc1csc(CNC(=O)c2c(-c3ccccc3)c(-c3ccc(F)cc3)c(CC[C@@H](O)C[C@@H](O)CC(=O)O)n2C(C)C)n1","Cc1csc(CNC(=O)c2c(-c3ccccc3)c(-c3ccc(F)cc3)c(CC[C@@H](O)C[C@@H](O)CC(=O)O)n2C(C)C)n1","train"
"CHEMBL1207347","CC(C)n1c(CC[C@@H](O)C[C@@H](O)CC(=O)O)c(-c2ccc(F)cc2)c(-c2ccccc2)c1C(=O)NCc1ccccn1","CC(C)n1c(CC[C@@H](O)C[C@@H](O)CC(=O)O)c(-c2ccc(F)cc2)c(-c2ccccc2)c1C(=O)NCc1ccccn1","train"
"CHEMBL1207348","CC(C)c1c(C(=O)N(C)Cc2ccc(F)cc2)nn(-c2ccc(F)cc2)c1CC[C@@H](O)C[C@@H](O)CC(=O)O","CC(C)c1c(C(=O)N(C)Cc2ccc(F)cc2)nn(-c2ccc(F)cc2)c1CC[C@@H](O)C[C@@H](O)CC(=O)O","train"
"CHEMBL1207349","CC(C)c1c(C(=O)NCc2ccc(C(=O)N(C)C)cc2)nn(-c2ccc(F)cc2)c1CC[C@@H](O)C[C@@H](O)CC(=O)O","CC(C)c1c(C(=O)NCc2ccc(C(=O)N(C)C)cc2)nn(-c2ccc(F)cc2)c1CC[C@@H](O)C[C@@H](O)CC(=O)O","train"
"CHEMBL1207350","CCn1c(CC[C@@H](O)C[C@@H](O)CC(=O)O)c(-c2ccc(F)cc2)c(C)c1C(=O)NCc1ccc(C(=O)O)cc1","CCn1c(CC[C@@H](O)C[C@@H](O)CC(=O)O)c(-c2ccc(F)cc2)c(C)c1C(=O)NCc1ccc(C(=O)O)cc1","train"
"CHEMBL1207351","CC(C)c1c(C(=O)N2CCCCC2c2ccccc2)nn(-c2ccc(F)cc2)c1CC[C@@H](O)C[C@@H](O)CC(=O)O","CC(C)c1c(C(=O)N2CCCCC2c2ccccc2)nn(-c2ccc(F)cc2)c1CC[C@@H](O)C[C@@H](O)CC(=O)O","train"
"CHEMBL1207352","Cc1cc(CNC(=O)c2c(-c3ccccc3)c(-c3ccc(F)cc3)c(CC[C@@H](O)C[C@@H](O)CC(=O)O)n2C(C)C)nn1C","Cc1cc(CNC(=O)c2c(-c3ccccc3)c(-c3ccc(F)cc3)c(CC[C@@H](O)C[C@@H](O)CC(=O)O)n2C(C)C)nn1C","train"
"CHEMBL1207353","COc1ccc(CN(C)C(=O)c2nn(-c3ccc(F)cc3)c(CC[C@@H](O)C[C@@H](O)CC(=O)O)c2C(C)C)cc1","COc1ccc(CN(C)C(=O)c2nn(-c3ccc(F)cc3)c(CC[C@@H](O)C[C@@H](O)CC(=O)O)c2C(C)C)cc1","train"
"CHEMBL1207355","CC(C)c1c(C(=O)N(C)[C@H](C)c2ccccc2)nn(-c2ccc(F)cc2)c1CC[C@@H](O)C[C@@H](O)CC(=O)O","CC(C)c1c(C(=O)N(C)[C@H](C)c2ccccc2)nn(-c2ccc(F)cc2)c1CC[C@@H](O)C[C@@H](O)CC(=O)O","train"
"CHEMBL1207356","COc1ccc(C(=O)NC[C@@H](O)[C@H](O)[C@@H]2O[C@@](OCc3ccccc3)(C(=O)O)C[C@H](O)[C@H]2NC(C)=O)cc1","COc1ccc(C(=O)NC[C@@H](O)[C@H](O)[C@@H]2O[C@@](OCc3ccccc3)(C(=O)O)C[C@H](O)[C@H]2NC(C)=O)cc1","train"
"CHEMBL1207359","O=C(O)COCCCCN(c1cnc(-c2ccccc2)c(-c2ccccc2)n1)C1CCCC1","O=C(O)COCCCCN(c1cnc(-c2ccccc2)c(-c2ccccc2)n1)C1CCCC1","train"
"CHEMBL1207360","CC(C)n1c(CC[C@@H](O)C[C@@H](O)CC(=O)O)c(-c2ccc(F)cc2)c(-c2ccccc2)c1C(=O)NCc1ccccc1","CC(C)n1c(CC[C@@H](O)C[C@@H](O)CC(=O)O)c(-c2ccc(F)cc2)c(-c2ccccc2)c1C(=O)NCc1ccccc1","train"
"CHEMBL1207361","COc1cccc(CNC(=O)c2c(-c3ccccc3)c(-c3ccc(F)cc3)c(CC[C@@H](O)C[C@@H](O)CC(=O)O)n2C(C)C)c1","COc1cccc(CNC(=O)c2c(-c3ccccc3)c(-c3ccc(F)cc3)c(CC[C@@H](O)C[C@@H](O)CC(=O)O)n2C(C)C)c1","train"
"CHEMBL1207363","CC(C)c1c(C(=O)NCc2ccc(F)cc2)nn(-c2ccc(F)cc2)c1CC[C@@H](O)C[C@@H](O)CC(=O)O","CC(C)c1c(C(=O)NCc2ccc(F)cc2)nn(-c2ccc(F)cc2)c1CC[C@@H](O)C[C@@H](O)CC(=O)O","train"
"CHEMBL1207365","CC(C)n1c(CC[C@@H](O)C[C@@H](O)CC(=O)O)c(-c2ccc(F)cc2)c(-c2ccc(F)cc2)c1C(=O)Nc1cccc(C(=O)N(C)C)c1","CC(C)n1c(CC[C@@H](O)C[C@@H](O)CC(=O)O)c(-c2ccc(F)cc2)c(-c2ccc(F)cc2)c1C(=O)Nc1cccc(C(=O)N(C)C)c1","train"
"CHEMBL1207367","CC[C@@]12C=C(C(=O)O)n3c4c(c5ccccc53)CCN(CCC1)[C@@H]42","CC[C@@]12C=C(C(=O)O)n3c4c(c5ccccc53)CCN(CCC1)[C@@H]42","train"
"CHEMBL1207368","O=C(O)C1C/C(=C2/CC(=O)N(c3ccccc3)C2=O)c2ccc(Cl)cc2N1","O=C(O)C1C/C(=C2/CC(=O)N(c3ccccc3)C2=O)c2ccc(Cl)cc2N1","train"
"CHEMBL1207369","Cc1cc(CNC(=O)c2c(-c3ccccc3)c(-c3ccc(F)cc3)c(CC[C@@H](O)C[C@@H](O)CC(=O)O)n2C(C)C)n[nH]1","Cc1cc(CNC(=O)c2c(-c3ccccc3)c(-c3ccc(F)cc3)c(CC[C@@H](O)C[C@@H](O)CC(=O)O)n2C(C)C)n[nH]1","train"
"CHEMBL1207370","CC(C)n1c(CC[C@@H](O)C[C@@H](O)CC(=O)O)c(-c2ccc(F)cc2)c(-c2ccc(F)cc2)c1C(=O)Nc1cccc(O)c1","CC(C)n1c(CC[C@@H](O)C[C@@H](O)CC(=O)O)c(-c2ccc(F)cc2)c(-c2ccc(F)cc2)c1C(=O)Nc1cccc(O)c1","train"
"CHEMBL1207371","O=C(O)CC[C@H](NP(=O)(O)OCCNC(=O)c1ccccc1)C(=O)O","O=C(O)CC[C@H](NP(=O)(O)OCCNC(=O)c1ccccc1)C(=O)O","train"
"CHEMBL1207372","CC(C)n1c(CC[C@@H](O)C[C@@H](O)CC(=O)O)c(-c2ccc(F)cc2)c(-c2ccccc2)c1C(=O)NCc1ccc(C#N)cc1","CC(C)n1c(CC[C@@H](O)C[C@@H](O)CC(=O)O)c(-c2ccc(F)cc2)c(-c2ccccc2)c1C(=O)NCc1ccc(C#N)cc1","train"
"CHEMBL1207373","CC(C)n1c(CC[C@@H](O)C[C@@H](O)CC(=O)O)c(-c2ccc(F)cc2)c(-c2ccccc2)c1C(=O)Nc1ccc(O)cc1","CC(C)n1c(CC[C@@H](O)C[C@@H](O)CC(=O)O)c(-c2ccc(F)cc2)c(-c2ccccc2)c1C(=O)Nc1ccc(O)cc1","train"
"CHEMBL1207374","O=c1[nH]cnc2c1ncn2[C@@H]1O[C@H](COP(=O)(O)O)[C@@H](O)[C@H]1O","O=c1[nH]cnc2c1ncn2[C@@H]1O[C@H](COP(=O)(O)O)[C@@H](O)[C@H]1O","train"
"CHEMBL1207375","CC(=O)N[C@H]1[C@H]([C@@H](O)[C@H](O)CNC(=O)c2ccc([N+](=O)[O-])cc2)O[C@@](OCc2ccccc2)(C(=O)O)C[C@@H]1O","CC(=O)N[C@H]1[C@H]([C@@H](O)[C@H](O)CNC(=O)c2ccc([N+](=O)[O-])cc2)O[C@@](OCc2ccccc2)(C(=O)O)C[C@@H]1O","train"
"CHEMBL1207376","CC(C)n1c(CC[C@@H](O)C[C@@H](O)CC(=O)O)c(-c2ccc(F)cc2)c(-c2ccccc2)c1C(=O)NCc1ccc(C(=O)O)cc1","CC(C)n1c(CC[C@@H](O)C[C@@H](O)CC(=O)O)c(-c2ccc(F)cc2)c(-c2ccccc2)c1C(=O)NCc1ccc(C(=O)O)cc1","train"
"CHEMBL1207377","CC1(CCCC2CCCCC2)C(=O)C(C2=NS(=O)(=O)c3cc(NS(C)(=O)=O)ccc3N2)=C(O)c2ccccc21","CC1(CCCC2CCCCC2)C(=O)C(C2=NS(=O)(=O)c3cc(NS(C)(=O)=O)ccc3N2)=C(O)c2ccccc21","train"
"CHEMBL1207378","O=C(O)C1=CS[C@@H]2/C(=C\c3cc4oc5c(n4n3)CCCC5)C(=O)N12","O=C(O)C1=CS[C@@H]2/C(=C\c3cc4oc5c(n4n3)CCCC5)C(=O)N12","train"
"CHEMBL1207379","CC[C@]12C=C(C(=O)O)n3c4c(c5ccccc53)CCN(CCC1)[C@H]42","CC[C@]12C=C(C(=O)O)n3c4c(c5ccccc53)CCN(CCC1)[C@H]42","train"
"CHEMBL1207380","CC(C)Cc1cn(-c2ncc(C(=O)O)s2)c2cc(Cl)ccc12","CC(C)Cc1cn(-c2ncc(C(=O)O)s2)c2cc(Cl)ccc12","train"
"CHEMBL1207381","COc1ccc(Nc2cc(S(=O)(=O)O)c(N)c3c2C(=O)c2ccccc2C3=O)cc1","COc1ccc(Nc2cc(S(=O)(=O)O)c(N)c3c2C(=O)c2ccccc2C3=O)cc1","train"
"CHEMBL1207382","O=C(O)c1csc(Nc2cc(Cl)ccc2OCc2ccccc2)n1","O=C(O)c1csc(Nc2cc(Cl)ccc2OCc2ccccc2)n1","train"
"CHEMBL1207383","CC(C)Cc1cn(-c2nc(C(=O)O)cs2)c2ccccc12","CC(C)Cc1cn(-c2nc(C(=O)O)cs2)c2ccccc12","train"
"CHEMBL1207384","Nc1c(S(=O)(=O)O)cc(Nc2ccc(Nc3ccccc3)cc2)c2c1C(=O)c1ccccc1C2=O","Nc1c(S(=O)(=O)O)cc(Nc2ccc(Nc3ccccc3)cc2)c2c1C(=O)c1ccccc1C2=O","train"
"CHEMBL1207385","CC(C)c1c(S(=O)(=O)N2CCOCC2)c(-c2ccccc2)c(-c2ccc(F)cc2)n1CC[C@@H](O)C[C@@H](O)CC(=O)O","CC(C)c1c(S(=O)(=O)N2CCOCC2)c(-c2ccccc2)c(-c2ccc(F)cc2)n1CC[C@@H](O)C[C@@H](O)CC(=O)O","train"
"CHEMBL1207386","CC(C)c1c(S(=O)(=O)Nc2cccc(CC(N)=O)c2)c(-c2ccc(F)cc2)c(-c2ccc(F)cc2)n1CC[C@@H](O)C[C@@H](O)CC(=O)O","CC(C)c1c(S(=O)(=O)Nc2cccc(CC(N)=O)c2)c(-c2ccc(F)cc2)c(-c2ccc(F)cc2)n1CC[C@@H](O)C[C@@H](O)CC(=O)O","train"
"CHEMBL1207387","C[C@]12CC[C@@H]3c4ccc(OC(=O)c5ccccc5)cc4CC[C@H]3[C@@H]1CC[C@@H]2OCCCOP(=O)(O)N[C@@H](CCC(=O)O)C(=O)O","C[C@]12CC[C@@H]3c4ccc(OC(=O)c5ccccc5)cc4CC[C@H]3[C@@H]1CC[C@@H]2OCCCOP(=O)(O)N[C@@H](CCC(=O)O)C(=O)O","train"
"CHEMBL1207388","O=C1N[C@H]2[C@@H]3OP(=O)(O)O[C@@H]3[C@@H](O)[C@H](O)[C@@H]2c2cc3c(c(O)c21)OCO3","O=C1N[C@H]2[C@@H]3OP(=O)(O)O[C@@H]3[C@@H](O)[C@H](O)[C@@H]2c2cc3c(c(O)c21)OCO3","train"
"CHEMBL1207391","CCc1ccccc1Nc1cc(S(=O)(=O)O)c(N)c2c1C(=O)c1ccccc1C2=O","CCc1ccccc1Nc1cc(S(=O)(=O)O)c(N)c2c1C(=O)c1ccccc1C2=O","train"
"CHEMBL1207392","Cc1cccc(Nc2cc(S(=O)(=O)O)c(N)c3c2C(=O)c2ccccc2C3=O)c1C","Cc1cccc(Nc2cc(S(=O)(=O)O)c(N)c3c2C(=O)c2ccccc2C3=O)c1C","train"
"CHEMBL1207393","CC(C)Cc1cn(-c2nc(C(=O)O)co2)c2cc(Cl)ccc12","CC(C)Cc1cn(-c2nc(C(=O)O)co2)c2cc(Cl)ccc12","train"
"CHEMBL1207394","CC(C)Cc1cn(-c2nc(C(=O)O)cs2)c2cc(C(F)(F)F)ccc12","CC(C)Cc1cn(-c2nc(C(=O)O)cs2)c2cc(C(F)(F)F)ccc12","train"
"CHEMBL1207395","CC(C)(C)CCCCC1(C)C(=O)C(C2=NS(=O)(=O)c3cc(NS(C)(=O)=O)ccc3N2)=C(O)c2ccccc21","CC(C)(C)CCCCC1(C)C(=O)C(C2=NS(=O)(=O)c3cc(NS(C)(=O)=O)ccc3N2)=C(O)c2ccccc21","train"
"CHEMBL1207396","CC(C)Cc1cn(-c2ccc(C(=O)O)s2)c2cc(Cl)ccc12","CC(C)Cc1cn(-c2ccc(C(=O)O)s2)c2cc(Cl)ccc12","train"
"CHEMBL1207397","CC(C)c1c(S(=O)(=O)N2CCN(C)CC2)c(-c2ccccc2)c(-c2ccc(F)cc2)n1CC[C@@H](O)C[C@@H](O)CC(=O)O","CC(C)c1c(S(=O)(=O)N2CCN(C)CC2)c(-c2ccccc2)c(-c2ccc(F)cc2)n1CC[C@@H](O)C[C@@H](O)CC(=O)O","train"
"CHEMBL1207398","Cc1ccc2c(CC(C)C)cn(-c3nc(C(=O)O)cs3)c2c1","Cc1ccc2c(CC(C)C)cn(-c3nc(C(=O)O)cs3)c2c1","train"
"CHEMBL1207399","C[C@@H]1O[C@@H](O[C@@H]2CCCC[C@H]2O[C@@H]2O[C@H](CO)[C@H](O)[C@H](O[C@H](CC34CC5CC(CC(C5)C3)C4)C(=O)O)[C@H]2O)[C@@H](O)[C@H](O)[C@@H]1O","C[C@@H]1O[C@@H](O[C@@H]2CCCC[C@H]2O[C@@H]2O[C@H](CO)[C@H](O)[C@H](O[C@H](CC34CC5CC(CC(C5)C3)C4)C(=O)O)[C@H]2O)[C@@H](O)[C@H](O)[C@@H]1O","train"
"CHEMBL1207400","CCOc1ccccc1Nc1cc(S(=O)(=O)O)c(N)c2c1C(=O)c1ccccc1C2=O","CCOc1ccccc1Nc1cc(S(=O)(=O)O)c(N)c2c1C(=O)c1ccccc1C2=O","train"
"CHEMBL1207401","Cc1c(CC(C)C)c2ccc(Cl)cc2n1-c1nc(C(=O)O)cs1","Cc1c(CC(C)C)c2ccc(Cl)cc2n1-c1nc(C(=O)O)cs1","train"
"CHEMBL1207402","CC(C)n1c(CC[C@@H](O)C[C@@H](O)CC(=O)O)c(-c2ccc(F)cc2)c(-c2ccccc2)c1C(=O)Nc1ccc(C(=O)N(C)C)cc1","CC(C)n1c(CC[C@@H](O)C[C@@H](O)CC(=O)O)c(-c2ccc(F)cc2)c(-c2ccccc2)c1C(=O)Nc1ccc(C(=O)N(C)C)cc1","train"
"CHEMBL1207404","CC(C)COc1ccc(Cl)cc1Cc1ccc(C(=O)O)o1","CC(C)COc1ccc(Cl)cc1Cc1ccc(C(=O)O)o1","train"
"CHEMBL1207405","CCC1(CCC(C)C)C(=O)C(C2=NS(=O)(=O)c3cc(NS(C)(=O)=O)ccc3N2)=C(O)c2ccccc21","CCC1(CCC(C)C)C(=O)C(C2=NS(=O)(=O)c3cc(NS(C)(=O)=O)ccc3N2)=C(O)c2ccccc21","train"
"CHEMBL1207407","CC(C)c1c(S(=O)(=O)N(C)Cc2ccccc2)c(-c2ccccc2)c(-c2ccc(F)cc2)n1CC[C@@H](O)C[C@@H](O)CC(=O)O","CC(C)c1c(S(=O)(=O)N(C)Cc2ccccc2)c(-c2ccccc2)c(-c2ccc(F)cc2)n1CC[C@@H](O)C[C@@H](O)CC(=O)O","train"
"CHEMBL1207408","C[C@@H]1O[C@@H](O[C@@H]2CCCC[C@H]2O[C@@H]2O[C@H](CO)[C@H](O)[C@H](O[C@@H](CC34CC5CC(CC(C5)C3)C4)C(=O)O)[C@H]2O)[C@@H](O)[C@H](O)[C@@H]1O","C[C@@H]1O[C@@H](O[C@@H]2CCCC[C@H]2O[C@@H]2O[C@H](CO)[C@H](O)[C@H](O[C@@H](CC34CC5CC(CC(C5)C3)C4)C(=O)O)[C@H]2O)[C@@H](O)[C@H](O)[C@@H]1O","train"
"CHEMBL1207409","O=C(O)c1ccn(Cc2cc(Cl)ccc2OCc2ccccc2)n1","O=C(O)c1ccn(Cc2cc(Cl)ccc2OCc2ccccc2)n1","train"
"CHEMBL1207411","CC(C)c1c(S(=O)(=O)Nc2ccccc2)c(-c2ccccc2)c(-c2ccc(F)cc2)n1CC[C@@H](O)C[C@@H](O)CC(=O)O","CC(C)c1c(S(=O)(=O)Nc2ccccc2)c(-c2ccccc2)c(-c2ccc(F)cc2)n1CC[C@@H](O)C[C@@H](O)CC(=O)O","train"
"CHEMBL1207412","Cn1c2ccccc2n2cc(/C=C3/C(=O)N4C(C(=O)O)=CS[C@H]34)nc12","Cn1c2ccccc2n2cc(/C=C3/C(=O)N4C(C(=O)O)=CS[C@H]34)nc12","train"
"CHEMBL1207413","CC(C)c1cn(-c2nc(C(=O)O)cs2)c2cc(Cl)ccc12","CC(C)c1cn(-c2nc(C(=O)O)cs2)c2cc(Cl)ccc12","train"
"CHEMBL1207414","CC(C)Cc1cn(Cc2nc(C(=O)O)cs2)c2cc(Cl)ccc12","CC(C)Cc1cn(Cc2nc(C(=O)O)cs2)c2cc(Cl)ccc12","train"
"CHEMBL1207415","COC[C@H]1O[C@H](O[C@H]2[C@H](OS(=O)(=O)O)[C@@H](OS(=O)(=O)O)[C@H](OC)O[C@@H]2COS(=O)(=O)O)[C@H](OS(=O)(=O)O)[C@@H](OC)[C@H]1OC","COC[C@H]1O[C@H](O[C@H]2[C@H](OS(=O)(=O)O)[C@@H](OS(=O)(=O)O)[C@H](OC)O[C@@H]2COS(=O)(=O)O)[C@H](OS(=O)(=O)O)[C@@H](OC)[C@H]1OC","train"
"CHEMBL1207416","CO[C@H]1[C@H](O)[C@@H](NS(=O)(=O)O)[C@@H](O[C@H]2[C@H](O)[C@@H](O)[C@H](OC[C@@H](O)[C@@H](O)[C@H](O)[C@@H](O)CNc3cccc(NC(=O)CCCCC4CCSS4)c3)O[C@@H]2C(=O)O)O[C@@H]1COS(=O)(=O)O","CO[C@H]1[C@H](O)[C@@H](NS(=O)(=O)O)[C@@H](O[C@H]2[C@H](O)[C@@H](O)[C@H](OC[C@@H](O)[C@@H](O)[C@H](O)[C@@H](O)CNc3cccc(NC(=O)CCCCC4CCSS4)c3)O[C@@H]2C(=O)O)O[C@@H]1COS(=O)(=O)O","train"
"CHEMBL1207417","CO[C@H]1[C@H](O)[C@@H](NS(=O)(=O)O)[C@@H](O[C@H]2[C@H](O)[C@@H](OS(=O)(=O)O)[C@H](OC[C@@H](O)[C@@H](O)[C@H](O)[C@@H](O)CNc3cccc(NC(=O)CCCCC4CCSS4)c3)O[C@H]2C(=O)O)O[C@@H]1COS(=O)(=O)O","CO[C@H]1[C@H](O)[C@@H](NS(=O)(=O)O)[C@@H](O[C@H]2[C@H](O)[C@@H](OS(=O)(=O)O)[C@H](OC[C@@H](O)[C@@H](O)[C@H](O)[C@@H](O)CNc3cccc(NC(=O)CCCCC4CCSS4)c3)O[C@H]2C(=O)O)O[C@@H]1COS(=O)(=O)O","train"
"CHEMBL1207418","CCc1cn(-c2nc(C(=O)O)cs2)c2cc(Cl)ccc12","CCc1cn(-c2nc(C(=O)O)cs2)c2cc(Cl)ccc12","train"
"CHEMBL1207419","O=C(O)c1cccc(Cc2cc(Cl)ccc2OCc2ccccc2)c1","O=C(O)c1cccc(Cc2cc(Cl)ccc2OCc2ccccc2)c1","train"
"CHEMBL1207420","CC(C)C(=O)c1cn(-c2nc(C(=O)O)cs2)c2cc(Cl)ccc12","CC(C)C(=O)c1cn(-c2nc(C(=O)O)cs2)c2cc(Cl)ccc12","train"
"CHEMBL1207421","Cc1ccc(Nc2cc(S(=O)(=O)O)c(N)c3c2C(=O)c2ccccc2C3=O)cc1","Cc1ccc(Nc2cc(S(=O)(=O)O)c(N)c3c2C(=O)c2ccccc2C3=O)cc1","train"
"CHEMBL1207422","Cc1cc(C(=O)O)nn1Cc1cc(Cl)ccc1OCc1ccccc1","Cc1cc(C(=O)O)nn1Cc1cc(Cl)ccc1OCc1ccccc1","train"
"CHEMBL1207423","Nc1c(S(=O)(=O)O)cc(Nc2cccc([N+](=O)[O-])c2)c2c1C(=O)c1ccccc1C2=O","Nc1c(S(=O)(=O)O)cc(Nc2cccc([N+](=O)[O-])c2)c2c1C(=O)c1ccccc1C2=O","train"
"CHEMBL1207424","CC(C)c1c(S(=O)(=O)Nc2ccc(C(N)=O)cc2)c(-c2ccc(F)cc2)c(-c2ccc(F)cc2)n1CC[C@@H](O)C[C@@H](O)CC(=O)O","CC(C)c1c(S(=O)(=O)Nc2ccc(C(N)=O)cc2)c(-c2ccc(F)cc2)c(-c2ccc(F)cc2)n1CC[C@@H](O)C[C@@H](O)CC(=O)O","train"
"CHEMBL1207425","CC(C)c1c(S(=O)(=O)N(C)Cc2ccccc2)c(-c2ccc(F)cc2)c(-c2ccc(F)cc2)n1CC[C@@H](O)C[C@@H](O)CC(=O)O","CC(C)c1c(S(=O)(=O)N(C)Cc2ccccc2)c(-c2ccc(F)cc2)c(-c2ccc(F)cc2)n1CC[C@@H](O)C[C@@H](O)CC(=O)O","train"
"CHEMBL1207426","O=C(O)Cc1csc(-c2cc(Cl)ccc2OCc2ccccc2)n1","O=C(O)Cc1csc(-c2cc(Cl)ccc2OCc2ccccc2)n1","train"
"CHEMBL1207438","O=C(O)COc1cccc(C[C@@H]2CCCC[C@@H]2c2nc(-c3ccccc3)c(-c3ccccc3)o2)c1","O=C(O)COc1cccc(C[C@@H]2CCCC[C@@H]2c2nc(-c3ccccc3)c(-c3ccccc3)o2)c1","train"
"CHEMBL1207440","O=C(O)/C(=C/c1ccc(O)cc1)O[C@@H]1O[C@H](CO)[C@@H](O)[C@H](O)[C@H]1O","O=C(O)/C(=C/c1ccc(O)cc1)O[C@@H]1O[C@H](CO)[C@@H](O)[C@H](O)[C@H]1O","train"
"CHEMBL1207442","O=C(O)/C(=C\c1ccc(O)cc1)O[C@@H]1O[C@H](CO)[C@@H](O)[C@H](O)[C@H]1O","O=C(O)/C(=C\c1ccc(O)cc1)O[C@@H]1O[C@H](CO)[C@@H](O)[C@H](O)[C@H]1O","train"
"CHEMBL1207444","CO[C@@H]1[C@@H](O)[C@H](C)[C@@](O)(CC(=O)O)O[C@H]1[C@H](C)[C@H]1O[C@@]2(CC[C@@](C)([C@H]3CC[C@@](C)([C@@H]4O[C@@H]([C@H]5O[C@](C)(O)[C@H](C)C[C@@H]5C)C[C@@H]4O[C@H]4CC[C@H](OC)[C@@H](C)O4)O3)O2)C[C@H](O)[C@H]1C","CO[C@@H]1[C@@H](O)[C@H](C)[C@@](O)(CC(=O)O)O[C@H]1[C@H](C)[C@H]1O[C@@]2(CC[C@@](C)([C@H]3CC[C@@](C)([C@@H]4O[C@@H]([C@H]5O[C@](C)(O)[C@H](C)C[C@@H]5C)C[C@@H]4O[C@H]4CC[C@H](OC)[C@@H](C)O4)O3)O2)C[C@H](O)[C@H]1C","train"
"CHEMBL1207447","O=c1ccn([C@@H]2O[C@H](COP(=O)(O)OP(=O)(O)OP(=O)(O)OP(=O)(O)OC[C@@H]3O[C@H](n4ccc(=O)[nH]c4=O)[C@@H](O)[C@H]3O)[C@@H](O)[C@H]2O)c(=O)[nH]1","O=c1ccn([C@@H]2O[C@H](COP(=O)(O)OP(=O)(O)OP(=O)(O)OP(=O)(O)OC[C@@H]3O[C@H](n4ccc(=O)[nH]c4=O)[C@@H](O)[C@H]3O)[C@@H](O)[C@H]2O)c(=O)[nH]1","train"
"CHEMBL1207448","O=C(O)/C(=C/c1ccc(O)cc1)O[C@@H]1O[C@H](CO)[C@H](O)[C@H](O)[C@H]1O","O=C(O)/C(=C/c1ccc(O)cc1)O[C@@H]1O[C@H](CO)[C@H](O)[C@H](O)[C@H]1O","train"
"CHEMBL1207463","COc1ccc(C2(O)OC(=O)C(c3ccc4c(c3)OCO4)=C2Cc2cc(OC)c(OC)c(OCCCS(=O)(=O)O)c2)cc1","COc1ccc(C2(O)OC(=O)C(c3ccc4c(c3)OCO4)=C2Cc2cc(OC)c(OC)c(OCCCS(=O)(=O)O)c2)cc1","train"
"CHEMBL1207471","CCCCCCCCCCCCCCCCCCCCCCCCCC(=O)N[C@@H](CO[C@H]1O[C@H](CO)[C@H](O)[C@H](OS(=O)(=O)O)[C@H]1O)[C@H](O)[C@H](O)CCCCCCCCCCCCCC","CCCCCCCCCCCCCCCCCCCCCCCCCC(=O)N[C@@H](CO[C@H]1O[C@H](CO)[C@H](O)[C@H](OS(=O)(=O)O)[C@H]1O)[C@H](O)[C@H](O)CCCCCCCCCCCCCC","train"
"CHEMBL1207472","O=C(O)c1ccccc1Cn1nnc(-c2cccc(/C=C/c3ccc4ccc(Cl)cc4n3)c2)n1","O=C(O)c1ccccc1Cn1nnc(-c2cccc(/C=C/c3ccc4ccc(Cl)cc4n3)c2)n1","train"
"CHEMBL1207474","C[C@@H]1O[C@@H](O[C@@H]2CCCC[C@H]2O[C@@H]2O[C@H](CO)[C@H](O)[C@H](O[C@H](C)C(=O)O)[C@H]2O)[C@@H](O)[C@H](O)[C@@H]1O","C[C@@H]1O[C@@H](O[C@@H]2CCCC[C@H]2O[C@@H]2O[C@H](CO)[C@H](O)[C@H](O[C@H](C)C(=O)O)[C@H]2O)[C@@H](O)[C@H](O)[C@@H]1O","train"
"CHEMBL1207477","COC(=O)Nc1nc2cc(Sc3ccccc3)ccc2n1COP(=O)(O)O","COC(=O)Nc1nc2cc(Sc3ccccc3)ccc2n1COP(=O)(O)O","train"
"CHEMBL1207485","CCCc1ccc(CC(C)(Oc2ccc(Cc3ccccc3)cc2)C(=O)O)cc1","CCCc1ccc(CC(C)(Oc2ccc(Cc3ccccc3)cc2)C(=O)O)cc1","train"
"CHEMBL1207494","C[C@@H](O)[C@H]1C(=O)N2C(C(=O)O)=C(Sc3nc4ccc(C#N)cc4s3)[C@H](C)[C@H]12","C[C@@H](O)[C@H]1C(=O)N2C(C(=O)O)=C(Sc3nc4ccc(C#N)cc4s3)[C@H](C)[C@H]12","train"
"CHEMBL1207521","CCCCCCCCCCCCSCCCCCCCCCCCCCCCCCCCCCCCCCCCCCCCCCCCCCCCCCCCCCCCCCCCCCCCCCCCCCCCCCCCCCCCCCCCCCCCCC(=O)N(CC)CCCCCCCCCCC(=O)O","CCCCCCCCCCCCSCCCCCCCCCCCCCCCCCCCCCCCCCCCCCCCCCCCCCCCCCCCCCCCCCCCCCCCCCCCCCCCCCCCCCCCCCCCCCCCCC(=O)N(CC)CCCCCCCCCCC(=O)O","train"
"CHEMBL1207522","O=C(O)c1cc(=O)c2c(o1)-c1ccccc1OC2","O=C(O)c1cc(=O)c2c(o1)-c1ccccc1OC2","train"
"CHEMBL1207528","C=C1[C@@H](CCCCCCCCCCCC)[C@@H]1CC(=O)O","C=C1[C@@H](CCCCCCCCCCCC)[C@@H]1CC(=O)O","train"
"CHEMBL1207533","COP(=O)(O)C(=O)Oc1ccccc1","COP(=O)(O)C(=O)Oc1ccccc1","train"
"CHEMBL1207550","C[n+]1ccc2sc(SC3=C(C(=O)[O-])N4C(=O)[C@@H](NC(=O)/C(=N/OCCF)c5csc(N)n5)[C@H]4CC3)nc2c1","C[n+]1ccc2sc(SC3=C(C(=O)[O-])N4C(=O)[C@@H](NC(=O)/C(=N/OCCF)c5csc(N)n5)[C@H]4CC3)nc2c1","train"
"CHEMBL1207552","CC(C)(C)OC(=O)N1CCC[C@@H]2[C@H]1C(=O)N2S(=O)(=O)O","CC(C)(C)OC(=O)N1CCC[C@@H]2[C@H]1C(=O)N2S(=O)(=O)O","train"
"CHEMBL1207553","CC(C)(C)C1=C(C(=O)O)N2C(=O)[C@H](CN)[C@H]2O1","CC(C)(C)C1=C(C(=O)O)N2C(=O)[C@H](CN)[C@H]2O1","train"
"CHEMBL1207561","CC(C)[C@H](O)C1=C(C(=O)O)N2C(=O)[C@H]([C@@H](C)O)C2[C@H]1C","CC(C)[C@H](O)C1=C(C(=O)O)N2C(=O)[C@H]([C@@H](C)O)C2[C@H]1C","train"
"CHEMBL1207562","Cc1ccc2c(c1)C(=O)[C@@]1(O[C@@H](c3ccc(Cl)c(Cl)c3)[C@@H](C(=O)Nc3ccc(-c4csnn4)cc3)[C@H]1C(=O)O)C2=O","Cc1ccc2c(c1)C(=O)[C@@]1(O[C@@H](c3ccc(Cl)c(Cl)c3)[C@@H](C(=O)Nc3ccc(-c4csnn4)cc3)[C@H]1C(=O)O)C2=O","train"
"CHEMBL1207564","O=C(/C=C/C1=C(C(=O)O)N2C(=O)/C(=C/c3ccccn3)[C@H]2S(=O)(=O)C1)NO","O=C(/C=C/C1=C(C(=O)O)N2C(=O)/C(=C/c3ccccn3)[C@H]2S(=O)(=O)C1)NO","train"
"CHEMBL1207565","C[C@H](CCC[C@@H](SCCC(=O)N(C)C)c1cccc(/C=C/c2ccc3ccc(Cl)cc3n2)c1)C(=O)O","C[C@H](CCC[C@@H](SCCC(=O)N(C)C)c1cccc(/C=C/c2ccc3ccc(Cl)cc3n2)c1)C(=O)O","train"
"CHEMBL1207568","Cc1nn(C)c2nc(C(C)C)c(/C=C/[C@@H](O)C[C@@H](O)CC(=O)O)c(-c3ccc(F)cc3)c12","Cc1nn(C)c2nc(C(C)C)c(/C=C/[C@@H](O)C[C@@H](O)CC(=O)O)c(-c3ccc(F)cc3)c12","train"
"CHEMBL1207569","CC(C)c1ccc(/C(=C/CC(N)C(=O)O)c2ccc(F)cc2F)cc1","CC(C)c1ccc(/C(=C/CC(N)C(=O)O)c2ccc(F)cc2F)cc1","train"
"CHEMBL1207570","CCCc1c2nc(C(=O)O)cc(C#N)c2cc2c(=O)cc(C(=O)O)oc12","CCCc1c2nc(C(=O)O)cc(C#N)c2cc2c(=O)cc(C(=O)O)oc12","train"
"CHEMBL1207571","CCCCCOc1cc(CC)c(OCCCCCC(C)(C)c2nn[nH]n2)cc1O","CCCCCOc1cc(CC)c(OCCCCCC(C)(C)c2nn[nH]n2)cc1O","train"
"CHEMBL1207573","C[C@H](CCC[C@H](SCCC(C)(C)O)c1cccc(/C=C/c2ccc3ccc(Cl)cc3n2)c1)C(=O)O","C[C@H](CCC[C@H](SCCC(C)(C)O)c1cccc(/C=C/c2ccc3ccc(Cl)cc3n2)c1)C(=O)O","train"
"CHEMBL1207575","O=C(O)c1cc(=O)c2ccccc2n1Cc1cc2c(cc1Cl)OCO2","O=C(O)c1cc(=O)c2ccccc2n1Cc1cc2c(cc1Cl)OCO2","train"
"CHEMBL1207576","CN1CCN(C(=O)/C=C/C2=C(C(=O)O)N3C(=O)/C(=C/c4ccccn4)[C@H]3S(=O)(=O)C2)CC1","CN1CCN(C(=O)/C=C/C2=C(C(=O)O)N3C(=O)/C(=C/c4ccccn4)[C@H]3S(=O)(=O)C2)CC1","train"
"CHEMBL1207579","CCCc1c2nc(C(=O)O)cc(NC)c2cc2c(=O)cc(C(=O)O)oc12","CCCc1c2nc(C(=O)O)cc(NC)c2cc2c(=O)cc(C(=O)O)oc12","train"
"CHEMBL1207580","NS(=O)(=O)c1cc(S(=O)(=O)O)c(NCc2ccco2)cc1S(=O)(=O)CC1CCCCC1","NS(=O)(=O)c1cc(S(=O)(=O)O)c(NCc2ccco2)cc1S(=O)(=O)CC1CCCCC1","train"
"CHEMBL1207581","CC(=O)NCP(=O)(O)NC(Cc1ccccc1)NC(CC(C)C)C(=O)O","CC(=O)NCP(=O)(O)NC(Cc1ccccc1)NC(CC(C)C)C(=O)O","train"
"CHEMBL1207582","Nc1ccc2nc(SC3=C(C(=O)O)N4C(=O)[C@@H](NC(=O)/C(=N/OCCF)c5csc(N)n5)[C@H]4CC3)sc2c1","Nc1ccc2nc(SC3=C(C(=O)O)N4C(=O)[C@@H](NC(=O)/C(=N/OCCF)c5csc(N)n5)[C@H]4CC3)sc2c1","train"
"CHEMBL1207583","CC1(C)SC2C(NC(=O)N/C=C/c3cccc(Br)c3)C(=O)N2[C@H]1C(=O)O","CC1(C)SC2C(NC(=O)N/C=C/c3cccc(Br)c3)C(=O)N2[C@H]1C(=O)O","train"
"CHEMBL1207587","CCOCCNc1cc(Cl)c(S(N)(=O)=O)cc1S(=O)(=O)O","CCOCCNc1cc(Cl)c(S(N)(=O)=O)cc1S(=O)(=O)O","train"
"CHEMBL1207589","Nc1ncnc2cc3c(cc12)ncn3C1CCC(COP(=O)(O)O)O1","Nc1ncnc2cc3c(cc12)ncn3C1CCC(COP(=O)(O)O)O1","train"
"CHEMBL1207590","Nc1c(CC(=O)O)cc(Cl)cc1C(=O)c1ccc(Br)cc1Cl","Nc1c(CC(=O)O)cc(Cl)cc1C(=O)c1ccc(Br)cc1Cl","train"
"CHEMBL1207591","O=C(O)c1c(Cc2ccco2)c(=O)c2ccccc2n1Cc1cc2c(cc1Cl)OCO2","O=C(O)c1c(Cc2ccco2)c(=O)c2ccccc2n1Cc1cc2c(cc1Cl)OCO2","train"
"CHEMBL1207593","CCc1ccc(/C(=C\CC(N)C(=O)O)c2ccc(F)cc2F)cc1CC","CCc1ccc(/C(=C\CC(N)C(=O)O)c2ccc(F)cc2F)cc1CC","train"
"CHEMBL1207594","Nc1nc(/C(=N\OCCF)C(=O)N[C@@H]2C(=O)N3C(C(=O)O)=C(Sc4nnc(O)c(O)n4)CC[C@H]23)cs1","Nc1nc(/C(=N\OCCF)C(=O)N[C@@H]2C(=O)N3C(C(=O)O)=C(Sc4nnc(O)c(O)n4)CC[C@H]23)cs1","train"
"CHEMBL1207595","O=C(COc1ccccc1)N[C@H]1CN(c2c(O)c(=O)c2=O)C1=O","O=C(COc1ccccc1)N[C@H]1CN(c2c(O)c(=O)c2=O)C1=O","train"
"CHEMBL1207599","CC[C@H](C)C(=O)O[C@@H]1C[C@@H](C)C=C2C=C[C@H](C)[C@H](CC[C@@H](O)C[C@H](O)CC(=O)O)C21","CC[C@H](C)C(=O)O[C@@H]1C[C@@H](C)C=C2C=C[C@H](C)[C@H](CC[C@@H](O)C[C@H](O)CC(=O)O)C21","train"
"CHEMBL1207600","O=C(O)CNC(=O)NCc1ccc(NC(=O)/C=C/c2c(C(=O)O)[nH]c3cc(Cl)cc(Cl)c23)cc1","O=C(O)CNC(=O)NCc1ccc(NC(=O)/C=C/c2c(C(=O)O)[nH]c3cc(Cl)cc(Cl)c23)cc1","train"
"CHEMBL1207601","CCC(O)(C(=O)O)c1cc2n(c(=O)c1CO)Cc1cc3cc(O)ccc3nc1-2","CCC(O)(C(=O)O)c1cc2n(c(=O)c1CO)Cc1cc3cc(O)ccc3nc1-2","train"
"CHEMBL1207602","C[C@@H](O)[C@H]1C(=O)N2C(C(=O)O)=C(CSC(=S)N3CCNCC3)S[C@H]12","C[C@@H](O)[C@H]1C(=O)N2C(C(=O)O)=C(CSC(=S)N3CCNCC3)S[C@H]12","train"
"CHEMBL1207603","Cc1nc(-c2ccccc2)c(C)c(-c2ccc(F)cc2)c1CCP(=O)(O)C[C@H](O)CC(=O)O","Cc1nc(-c2ccccc2)c(C)c(-c2ccc(F)cc2)c1CCP(=O)(O)C[C@H](O)CC(=O)O","train"
"CHEMBL1207604","CC(C)c1nc(C(C)(C)C)cc(-c2ccc(F)cc2)c1/C=C/P(=O)(O)C[C@H](O)CC(=O)O","CC(C)c1nc(C(C)(C)C)cc(-c2ccc(F)cc2)c1/C=C/P(=O)(O)C[C@H](O)CC(=O)O","train"
"CHEMBL1207606","C[C@@H](O)[C@H]1C(=O)N2C(C(=O)O)=C(C(C)(C)C)[S+]([O-])[C@H]12","C[C@@H](O)[C@H]1C(=O)N2C(C(=O)O)=C(C(C)(C)C)[S+]([O-])[C@H]12","train"
"CHEMBL1207609","Cc1cc(-c2c(F)cc3c(=O)c(C(=O)O)cn(C(C)(C)C)c3c2F)cc(C)n1","Cc1cc(-c2c(F)cc3c(=O)c(C(=O)O)cn(C(C)(C)C)c3c2F)cc(C)n1","train"
"CHEMBL1207610","C=C(O[C@@H]1C=CC=C[C@H]1O)C(=O)O","C=C(O[C@@H]1C=CC=C[C@H]1O)C(=O)O","train"
"CHEMBL1207611","NC(CC1CCCC(CS(=O)(=O)O)C1)C(=O)O","NC(CC1CCCC(CS(=O)(=O)O)C1)C(=O)O","train"
"CHEMBL1207612","C[C@@H](O)[C@H]1C(=O)N2C(C(=O)[O-])=C(/C=C/CSc3cc[n+](C)cc3)[C@H](C)[C@H]12","C[C@@H](O)[C@H]1C(=O)N2C(C(=O)[O-])=C(/C=C/CSc3cc[n+](C)cc3)[C@H](C)[C@H]12","train"
"CHEMBL1207616","C#C[C@@H]1[C@H](NC(=O)/C(=N/OC)c2csc(N)n2)C(=O)N1S(=O)(=O)O","C#C[C@@H]1[C@H](NC(=O)/C(=N/OC)c2csc(N)n2)C(=O)N1S(=O)(=O)O","train"
"CHEMBL1207617","CCc1c(-c2ccccc2)nc(C(C)C)c(/C=C/P(=O)(O)C[C@H](O)CC(=O)O)c1-c1ccc(F)cc1","CCc1c(-c2ccccc2)nc(C(C)C)c(/C=C/P(=O)(O)C[C@H](O)CC(=O)O)c1-c1ccc(F)cc1","train"
"CHEMBL1207618","CC(C)c1nc(-c2cc(F)c(F)c(F)c2F)cc(-c2ccc(F)cc2)c1C#CP(=O)(O)C[C@H](O)CC(=O)O","CC(C)c1nc(-c2cc(F)c(F)c(F)c2F)cc(-c2ccc(F)cc2)c1C#CP(=O)(O)C[C@H](O)CC(=O)O","train"
"CHEMBL1207619","Cc1c(-c2ccccc2)nc(C2CC2)c(/C=C/P(=O)(O)C[C@H](O)CC(=O)O)c1-c1ccc(F)cc1","Cc1c(-c2ccccc2)nc(C2CC2)c(/C=C/P(=O)(O)C[C@H](O)CC(=O)O)c1-c1ccc(F)cc1","train"
"CHEMBL1207620","Cc1cc(C)c(OCC(O)C[C@@H](O)CC(=O)O)c(C(c2ccc(F)cc2)c2ccc(F)cc2)c1","Cc1cc(C)c(OCC(O)C[C@@H](O)CC(=O)O)c(C(c2ccc(F)cc2)c2ccc(F)cc2)c1","train"
"CHEMBL1207622","O=C(O)C[C@H](O)C[C@H](O)CCn1c(C(F)(F)F)nc(-c2cccnc2)c1-c1ccc(F)cc1","O=C(O)C[C@H](O)C[C@H](O)CCn1c(C(F)(F)F)nc(-c2cccnc2)c1-c1ccc(F)cc1","train"
"CHEMBL1207623","CC(=O)N/C=C/[S+]([O-])C1=C(C(=O)O)N2C(=O)[C@@H](C(C)OS(=O)(=O)O)[C@H]2C1","CC(=O)N/C=C/[S+]([O-])C1=C(C(=O)O)N2C(=O)[C@@H](C(C)OS(=O)(=O)O)[C@H]2C1","train"
"CHEMBL1207624","COc1ccc(CC2CCCc3c2nn(-c2ccc(F)cc2)c3/C=C/[C@@H](O)C[C@@H](O)CC(=O)O)cc1","COc1ccc(CC2CCCc3c2nn(-c2ccc(F)cc2)c3/C=C/[C@@H](O)C[C@@H](O)CC(=O)O)cc1","train"
"CHEMBL1207625","CCNC(=O)N(C)[C@H]1CCC[C@H]2C1=C(C(=O)O)N1C(=O)[C@H]([C@@H](C)O)[C@@H]21","CCNC(=O)N(C)[C@H]1CCC[C@H]2C1=C(C(=O)O)N1C(=O)[C@H]([C@@H](C)O)[C@@H]21","train"
"CHEMBL1207626","O=C(O)C1(C(=O)O)Oc2cc3c(cc2O1)C[C@@H](NC[C@H](O)c1cccc(Cl)c1)CCC3","O=C(O)C1(C(=O)O)Oc2cc3c(cc2O1)C[C@@H](NC[C@H](O)c1cccc(Cl)c1)CCC3","train"
"CHEMBL1207628","Cc1cc(F)ccc1-c1cc(-c2ccccc2)nc(C(C)C)c1CCP(=O)(O)C[C@H](O)CC(=O)O","Cc1cc(F)ccc1-c1cc(-c2ccccc2)nc(C(C)C)c1CCP(=O)(O)C[C@H](O)CC(=O)O","train"
"CHEMBL1207629","CC(=O)N/C=C/[S+]([O-])C1=C(C(=O)O)N2C(=O)[C@@H](C(C)O)[C@H]2C1","CC(=O)N/C=C/[S+]([O-])C1=C(C(=O)O)N2C(=O)[C@@H](C(C)O)[C@H]2C1","train"
"CHEMBL1207630","O=C(O)C(Cc1c[nH]c2ccccc12)NC(=O)[C@H](Cc1ccccc1)C[C@@H](Cc1ccccc1)C(=O)O","O=C(O)C(Cc1c[nH]c2ccccc12)NC(=O)[C@H](Cc1ccccc1)C[C@@H](Cc1ccccc1)C(=O)O","train"
"CHEMBL1207631","CCn1ncc2c(-c3ccc(F)cc3)c(/C=C/[C@@H](O)C[C@@H](O)CC(=O)O)c(C(C)C)nc21","CCn1ncc2c(-c3ccc(F)cc3)c(/C=C/[C@@H](O)C[C@@H](O)CC(=O)O)c(C(C)C)nc21","train"
"CHEMBL1207633","C[C@@H](O)[C@H]1C(=O)N2C(C(=O)O)=C(CN(c3ccccc3)S(=O)(=O)c3ccc4ccccc4c3)[C@H](C)[C@H]12","C[C@@H](O)[C@H]1C(=O)N2C(C(=O)O)=C(CN(c3ccccc3)S(=O)(=O)c3ccc4ccccc4c3)[C@H](C)[C@H]12","train"
"CHEMBL1432445","Cc1cccc(C(=O)N2CCN(c3ccc([N+](=O)[O-])c(N4CCOCC4)c3)CC2)c1","Cc1cccc(C(=O)N2CCN(c3ccc([N+](=O)[O-])c(N4CCOCC4)c3)CC2)c1","train"
"CHEMBL1432446","COc1ccc(C(c2nnnn2Cc2ccc(F)cc2)N2CCN(c3ccc(OC)cc3)CC2)cc1","COc1ccc(C(c2nnnn2Cc2ccc(F)cc2)N2CCN(c3ccc(OC)cc3)CC2)cc1","train"
"CHEMBL1432447","Cc1ccc(CNC(=O)CCc2ccc(S(=O)(=O)NC3CCCCC3)cc2)cc1","Cc1ccc(CNC(=O)CCc2ccc(S(=O)(=O)NC3CCCCC3)cc2)cc1","train"
"CHEMBL1432448","O=C1/C(=C\c2ccc([N+](=O)[O-])cc2)CCc2ccccc21","O=C1/C(=C\c2ccc([N+](=O)[O-])cc2)CCc2ccccc21","train"
"CHEMBL1432450","O=C(CN1C(=O)c2ccccc2S1(=O)=O)N1CCCCC1","O=C(CN1C(=O)c2ccccc2S1(=O)=O)N1CCCCC1","train"
"CHEMBL1432451","CCCCSc1nc(O)c(C2OC(=O)c3c2ccc(OC)c3OC)c(=O)n1C","CCCCSc1nc(O)c(C2OC(=O)c3c2ccc(OC)c3OC)c(=O)n1C","train"
"CHEMBL1432454","CN(Cc1ccccc1)C(=O)CCc1ccccc1","CN(Cc1ccccc1)C(=O)CCc1ccccc1","train"
"CHEMBL1432455","CCOC(=O)C(=O)Nc1ccc(S(=O)(=O)Nc2nccs2)cc1","CCOC(=O)C(=O)Nc1ccc(S(=O)(=O)Nc2nccs2)cc1","train"
"CHEMBL1432456","O=C(COC(=O)c1ccc(Cl)s1)c1cc2ccccc2o1","O=C(COC(=O)c1ccc(Cl)s1)c1cc2ccccc2o1","train"
"CHEMBL1432457","COc1ccc(NC(=O)CN2CCc3ccccc3C2)c([N+](=O)[O-])c1","COc1ccc(NC(=O)CN2CCc3ccccc3C2)c([N+](=O)[O-])c1","train"
"CHEMBL1432458","O=C(Nc1nc2ccccc2n1CCN1CCCCC1)c1ccco1","O=C(Nc1nc2ccccc2n1CCN1CCCCC1)c1ccco1","train"
"CHEMBL1432459","COc1ccc(-c2cnc3n2CCCCC3)cc1","COc1ccc(-c2cnc3n2CCCCC3)cc1","train"
"CHEMBL1432460","O=C(NCc1ccccc1)c1cc(O)nc2ccccc12","O=C(NCc1ccccc1)c1cc(O)nc2ccccc12","train"
"CHEMBL1432462","CCN(CC)CCNc1nc(-c2ccccc2)nnc1C(F)(F)F","CCN(CC)CCNc1nc(-c2ccccc2)nnc1C(F)(F)F","train"
"CHEMBL1432463","CCOc1ccc(OCC)c(NC(=O)c2[nH]c(C)c(C(C)=O)c2C)c1","CCOc1ccc(OCC)c(NC(=O)c2[nH]c(C)c(C(C)=O)c2C)c1","train"
"CHEMBL1432464","CC(Oc1cc(F)ccc1[N+](=O)[O-])C(=O)N(C)CC(=O)Nc1ccccc1C(F)(F)F","CC(Oc1cc(F)ccc1[N+](=O)[O-])C(=O)N(C)CC(=O)Nc1ccccc1C(F)(F)F","train"
"CHEMBL1432465","C/C(=C\C(=O)c1ccc(Br)cc1)N1CCCCC1","C/C(=C\C(=O)c1ccc(Br)cc1)N1CCCCC1","train"
"CHEMBL1432467","CCN(CC)S(=O)(=O)c1ccc2c(c1)N(CC(=O)N(CCc1ccncc1)C(C)C)C(=O)CO2","CCN(CC)S(=O)(=O)c1ccc2c(c1)N(CC(=O)N(CCc1ccncc1)C(C)C)C(=O)CO2","train"
"CHEMBL1432468","O=C(NCc1cccs1)c1nc(O)c2nnn(Cc3ccccc3Cl)c2n1","O=C(NCc1cccs1)c1nc(O)c2nnn(Cc3ccccc3Cl)c2n1","train"
"CHEMBL1432469","O=C(NCc1cccc(Cl)c1)c1cccnc1","O=C(NCc1cccc(Cl)c1)c1cccnc1","train"
"CHEMBL1432471","CCCN1CCC(CCOc2ccccc2)(C(=O)OCC)CC1","CCCN1CCC(CCOc2ccccc2)(C(=O)OCC)CC1","train"
"CHEMBL1432472","CCOC(=O)c1c(C)nsc1S","CCOC(=O)c1c(C)nsc1S","train"
"CHEMBL1432474","CCc1ccccc1NC(=O)c1cc(-c2cccs2)on1","CCc1ccccc1NC(=O)c1cc(-c2cccs2)on1","train"
"CHEMBL1432475","COc1cc(OC)c(OC)cc1CN1CCN(Cc2ccc(C(F)(F)F)cc2)CC1","COc1cc(OC)c(OC)cc1CN1CCN(Cc2ccc(C(F)(F)F)cc2)CC1","train"
"CHEMBL1432478","Cc1cc(-n2cnnn2)cc(C)c1S(=O)(=O)N(C)c1ccccc1","Cc1cc(-n2cnnn2)cc(C)c1S(=O)(=O)N(C)c1ccccc1","train"
"CHEMBL1432480","Cc1cc(OCC(=O)N(C)Cc2ccccc2)ccc1Br","Cc1cc(OCC(=O)N(C)Cc2ccccc2)ccc1Br","train"
"CHEMBL1432481","CS(=O)(=O)N1CCC(NC(=O)Cc2ccccc2)CC1","CS(=O)(=O)N1CCC(NC(=O)Cc2ccccc2)CC1","train"
"CHEMBL1432482","O=C(c1ccc2c(c1)OCO2)C1CCCN(Cc2cn[nH]c2-c2cccc(F)c2)C1","O=C(c1ccc2c(c1)OCO2)C1CCCN(Cc2cn[nH]c2-c2cccc(F)c2)C1","train"
"CHEMBL1432483","COc1ccc(CCNC(=O)C2CCCN(S(=O)(=O)c3ccc(F)cc3)C2)cc1","COc1ccc(CCNC(=O)C2CCCN(S(=O)(=O)c3ccc(F)cc3)C2)cc1","train"
"CHEMBL1432485","COc1ccccc1N1CCN(Cc2cc3c(cc2[N+](=O)[O-])OCO3)CC1","COc1ccccc1N1CCN(Cc2cc3c(cc2[N+](=O)[O-])OCO3)CC1","train"
"CHEMBL1432486","COc1ccc(NC(=O)C23CC4CC(C2)CC(n2cnc(Br)n2)(C4)C3)cc1Cl","COc1ccc(NC(=O)C23CC4CC(C2)CC(n2cnc(Br)n2)(C4)C3)cc1Cl","train"
"CHEMBL1432490","O=C(CSc1nc(-c2ccco2)cc(C(F)(F)F)n1)NCc1cccs1","O=C(CSc1nc(-c2ccco2)cc(C(F)(F)F)n1)NCc1cccs1","train"
"CHEMBL1432491","Oc1ccccc1N1CCN(CC(O)COCc2ccccc2Cl)CC1","Oc1ccccc1N1CCN(CC(O)COCc2ccccc2Cl)CC1","train"
"CHEMBL1432492","O=C(NCc1ccc2[nH]c3c(c2c1)CCCC3)c1ccc(S(=O)(=O)N2CCCC2)cc1","O=C(NCc1ccc2[nH]c3c(c2c1)CCCC3)c1ccc(S(=O)(=O)N2CCCC2)cc1","train"
"CHEMBL1432494","Cc1cc(=O)n(Cc2ccc(OC(C)C)cc2)c(=S)[nH]1","Cc1cc(=O)n(Cc2ccc(OC(C)C)cc2)c(=S)[nH]1","train"
"CHEMBL1432495","COc1ccc(/C=C/c2cc(=O)c3ccc(OC)cc3o2)cc1","COc1ccc(/C=C/c2cc(=O)c3ccc(OC)cc3o2)cc1","train"
"CHEMBL1432501","O=C(NC1CCOCC1)C1CCC(=O)N(CCc2ccc(Cl)cc2)C1","O=C(NC1CCOCC1)C1CCC(=O)N(CCc2ccc(Cl)cc2)C1","train"
"CHEMBL1432502","Cc1ccc(C)c(N2CC(C(=O)Nc3nccs3)CC2=O)c1","Cc1ccc(C)c(N2CC(C(=O)Nc3nccs3)CC2=O)c1","train"
"CHEMBL1432503","O=C(CN(C(=O)CCC(=O)Nc1nccs1)c1ccc2c(c1)OCCO2)NCc1ccco1","O=C(CN(C(=O)CCC(=O)Nc1nccs1)c1ccc2c(c1)OCCO2)NCc1ccco1","train"
"CHEMBL1432504","CCCC(=O)n1nc(-c2ccco2)nc1N","CCCC(=O)n1nc(-c2ccco2)nc1N","train"
"CHEMBL1432505","O=C1CCCN1CCCNC(=S)Nc1ccccc1","O=C1CCCN1CCCNC(=S)Nc1ccccc1","train"
"CHEMBL1432508","Nc1ccc(C(CC(=O)O)n2cccc2)cc1","Nc1ccc(C(CC(=O)O)n2cccc2)cc1","train"
"CHEMBL1432510","Cc1cc(NC(=O)CSc2nnnn2C)n(-c2ccccc2)n1","Cc1cc(NC(=O)CSc2nnnn2C)n(-c2ccccc2)n1","train"
"CHEMBL1432514","CSCCC(=O)Nc1cc(S(=O)(=O)N2CCOCC2)ccc1N1CCN(C)CC1","CSCCC(=O)Nc1cc(S(=O)(=O)N2CCOCC2)ccc1N1CCN(C)CC1","train"
"CHEMBL1432515","Cc1oncc1C(S)=Nc1ccccc1","Cc1oncc1C(S)=Nc1ccccc1","train"
"CHEMBL1432517","Cc1ccc2c(CC(=O)OC3CCOC3=O)coc2c1","Cc1ccc2c(CC(=O)OC3CCOC3=O)coc2c1","train"
"CHEMBL1432518","COc1ccc(/C=C/C(=O)NC(=S)NNC(=O)c2cccs2)cc1","COc1ccc(/C=C/C(=O)NC(=S)NNC(=O)c2cccs2)cc1","train"
"CHEMBL1432519","CCSc1nnc(NC(=O)Nc2cccc(C)c2)s1","CCSc1nnc(NC(=O)Nc2cccc(C)c2)s1","train"
"CHEMBL1432520","C#CCOc1ccc(C2C3=C(CCCC3=O)N(CC(=O)O)C3=C2C(=O)CCC3)cc1Br","C#CCOc1ccc(C2C3=C(CCCC3=O)N(CC(=O)O)C3=C2C(=O)CCC3)cc1Br","train"
"CHEMBL1432522","O=C(COC(=O)c1[nH]nc2ccccc12)NC(=O)NC1CCCC1","O=C(COC(=O)c1[nH]nc2ccccc12)NC(=O)NC1CCCC1","train"
"CHEMBL1432525","COc1ccc(C(=O)Nc2cc(Cl)cc(Cl)c2)c(OC)n1","COc1ccc(C(=O)Nc2cc(Cl)cc(Cl)c2)c(OC)n1","train"
"CHEMBL1432526","Cc1cc(C)c(C(=O)/C=C/C=C/c2ccccc2)c(O)n1","Cc1cc(C)c(C(=O)/C=C/C=C/c2ccccc2)c(O)n1","train"
"CHEMBL1432527","NC(=O)C1CCCN(CCCNCc2c[nH]nc2-c2ccc(-c3ccccc3)cc2)C1","NC(=O)C1CCCN(CCCNCc2c[nH]nc2-c2ccc(-c3ccccc3)cc2)C1","train"
"CHEMBL1432530","O=C(c1cn(-c2ccccc2)nc1-c1cccs1)N(CCO)Cc1ccccc1","O=C(c1cn(-c2ccccc2)nc1-c1cccs1)N(CCO)Cc1ccccc1","train"
"CHEMBL1432531","Cc1ccccc1CN(C)C(C)C(=O)Nc1ccccc1F","Cc1ccccc1CN(C)C(C)C(=O)Nc1ccccc1F","train"
"CHEMBL1432536","O=C(C1CC(=O)N(c2ccc(Cl)cc2)C1)N1CCOCC1","O=C(C1CC(=O)N(c2ccc(Cl)cc2)C1)N1CCOCC1","train"
"CHEMBL1432539","CCc1ccccc1NC(=O)CCS(=O)(=O)c1ccc(Br)cc1","CCc1ccccc1NC(=O)CCS(=O)(=O)c1ccc(Br)cc1","train"
"CHEMBL1432540","CC1=C(C(=O)OC2CCCCC2)C(c2ccc(C)o2)C2=C(O)CCCC2=N1","CC1=C(C(=O)OC2CCCCC2)C(c2ccc(C)o2)C2=C(O)CCCC2=N1","train"
"CHEMBL1432541","CCOc1ccccc1N(CC(=O)NCC1CCCO1)C(=O)CNS(=O)(=O)c1ccccc1","CCOc1ccccc1N(CC(=O)NCC1CCCO1)C(=O)CNS(=O)(=O)c1ccccc1","train"
"CHEMBL1432543","Cc1ccc(C(c2nnnn2C2CCCCC2)N2CCN3CCCC3C2)cc1","Cc1ccc(C(c2nnnn2C2CCCCC2)N2CCN3CCCC3C2)cc1","train"
"CHEMBL1432545","Cc1cccc(NC(=O)c2ccc(NCC3CCCO3)c([N+](=O)[O-])c2)n1","Cc1cccc(NC(=O)c2ccc(NCC3CCCO3)c([N+](=O)[O-])c2)n1","train"
"CHEMBL1432546","O=P(O)(CCc1ccccn1)CN1CCOCC1","O=P(O)(CCc1ccccn1)CN1CCOCC1","train"
"CHEMBL1432548","Cc1cc(C)nc(NN=C(c2ccccc2)c2ccccc2)n1","Cc1cc(C)nc(NN=C(c2ccccc2)c2ccccc2)n1","train"
"CHEMBL1432549","O=C(Nc1ccccc1C(=O)O)c1cccc(S(=O)(=O)Nc2ccc(Br)cc2)c1","O=C(Nc1ccccc1C(=O)O)c1cccc(S(=O)(=O)Nc2ccc(Br)cc2)c1","train"
"CHEMBL1432550","COc1c(C)cc(Br)cc1C(=O)Nc1cccc(-c2nc3ncccc3o2)c1","COc1c(C)cc(Br)cc1C(=O)Nc1cccc(-c2nc3ncccc3o2)c1","train"
"CHEMBL1432551","O=C(NCc1ccc(Cl)cc1)c1ccccc1CCc1ccccc1","O=C(NCc1ccc(Cl)cc1)c1ccccc1CCc1ccccc1","train"
"CHEMBL1432553","CCCCN(CC)c1nc(N)c2c(N)nc(OCC)cc2c1C#N","CCCCN(CC)c1nc(N)c2c(N)nc(OCC)cc2c1C#N","train"
"CHEMBL1432554","Cc1nc(NC(=O)/C=C/c2ccc(Cl)cc2Cl)sc1C(=O)N(C)C","Cc1nc(NC(=O)/C=C/c2ccc(Cl)cc2Cl)sc1C(=O)N(C)C","train"
"CHEMBL1432556","COc1ccc2c(c1)C(=O)/C(=C/C=C/c1ccccc1)CC2","COc1ccc2c(c1)C(=O)/C(=C/C=C/c1ccccc1)CC2","train"
"CHEMBL1432557","COc1cc(C(=O)NNC(=O)c2ccco2)cc(OC)c1OC","COc1cc(C(=O)NNC(=O)c2ccco2)cc(OC)c1OC","train"
"CHEMBL1432558","Cc1ccc(C(=O)NC(=S)Nc2ccc(-c3cc4ccccc4oc3=O)cc2)c(C)c1","Cc1ccc(C(=O)NC(=S)Nc2ccc(-c3cc4ccccc4oc3=O)cc2)c(C)c1","train"
"CHEMBL1432559","CC(C)C(=O)n1nc(-c2cccnc2)nc1NCc1cccs1","CC(C)C(=O)n1nc(-c2cccnc2)nc1NCc1cccs1","train"
"CHEMBL1432561","Cc1ccc(N=C(S)N2CCC(O)CC2)c(C)c1","Cc1ccc(N=C(S)N2CCC(O)CC2)c(C)c1","train"
"CHEMBL1432562","CCCC(=O)NCCc1cc(OC)c(OC)cc1Br","CCCC(=O)NCCc1cc(OC)c(OC)cc1Br","train"
"CHEMBL1432563","COC(=O)c1ccccc1N=C(S)N(Cc1ccc2c(c1)OCO2)Cc1cc2ccc(OC)cc2nc1O","COC(=O)c1ccccc1N=C(S)N(Cc1ccc2c(c1)OCO2)Cc1cc2ccc(OC)cc2nc1O","train"
"CHEMBL1432564","Cc1ccc(OCCCn2cc(C#N)c3ccccc32)cc1","Cc1ccc(OCCCn2cc(C#N)c3ccccc32)cc1","train"
"CHEMBL1432566","COc1ccc(NC(=O)C2CCN(c3cc(-c4ccccc4)nc4ncnn34)CC2)cc1OC","COc1ccc(NC(=O)C2CCN(c3cc(-c4ccccc4)nc4ncnn34)CC2)cc1OC","train"
"CHEMBL1432568","CCS(=O)(=O)n1nc(-c2ccc(C)cc2)nc1N","CCS(=O)(=O)n1nc(-c2ccc(C)cc2)nc1N","train"
"CHEMBL1432569","O=C(CC1CCCCC1)NCCOc1ccccc1","O=C(CC1CCCCC1)NCCOc1ccccc1","train"
"CHEMBL1432570","O=C(Nc1c(C(=O)O)[nH]c2ccccc12)NC1CCCCC1","O=C(Nc1c(C(=O)O)[nH]c2ccccc12)NC1CCCCC1","train"
"CHEMBL1432574","CC(C)(C)C(=O)NC(=S)Nc1ccc(S(=O)(=O)Nc2nccs2)cc1","CC(C)(C)C(=O)NC(=S)Nc1ccc(S(=O)(=O)Nc2nccs2)cc1","train"
"CHEMBL1432575","COc1cc(O)c(CCO)c2c1C(=O)C[C@@H](C)O2","COc1cc(O)c(CCO)c2c1C(=O)C[C@@H](C)O2","train"
"CHEMBL1432576","CC(C)CCNC(=O)C(c1ccc(O)cc1)N(Cc1ccco1)C(=O)CCC(=O)Nc1nccs1","CC(C)CCNC(=O)C(c1ccc(O)cc1)N(Cc1ccco1)C(=O)CCC(=O)Nc1nccs1","train"
"CHEMBL1432577","CCN(CC)S(=O)(=O)c1ccc(C(=O)Nc2nnc(-c3ccco3)o2)cc1","CCN(CC)S(=O)(=O)c1ccc(C(=O)Nc2nnc(-c3ccco3)o2)cc1","train"
"CHEMBL1432578","N#Cc1ccc(-c2ccc(Cl)cc2)nc1Oc1ccc(F)cc1","N#Cc1ccc(-c2ccc(Cl)cc2)nc1Oc1ccc(F)cc1","train"
"CHEMBL1432580","CC(=O)Nc1cccc2ncccc12","CC(=O)Nc1cccc2ncccc12","train"
"CHEMBL1432581","CCOC(=O)/C(C#N)=C/c1cc2cc(C)c(C)cc2nc1Cl","CCOC(=O)/C(C#N)=C/c1cc2cc(C)c(C)cc2nc1Cl","train"
"CHEMBL1432582","CC(O)[C@H]1CNC(=O)C(=O)N1CCc1cccc(F)c1","CC(O)[C@H]1CNC(=O)C(=O)N1CCc1cccc(F)c1","train"
"CHEMBL1432584","Cc1nc(-c2cccc(S(=O)(=O)N3CCCCCC3)c2)cs1","Cc1nc(-c2cccc(S(=O)(=O)N3CCCCCC3)c2)cs1","train"
"CHEMBL1432585","N#C/C(=C\c1ccc(-c2ccc(F)cc2)o1)C(=O)Nc1nc(-c2cccs2)cs1","N#C/C(=C\c1ccc(-c2ccc(F)cc2)o1)C(=O)Nc1nc(-c2cccs2)cs1","train"
"CHEMBL1432586","Cn1cc([N+](=O)[O-])c(C(=O)N(Cc2ccccc2)Cc2ccccc2)n1","Cn1cc([N+](=O)[O-])c(C(=O)N(Cc2ccccc2)Cc2ccccc2)n1","train"
"CHEMBL1432587","COC(=O)CNC(=O)C1CCN(c2nc(C)cc(C)n2)CC1","COC(=O)CNC(=O)C1CCN(c2nc(C)cc(C)n2)CC1","train"
"CHEMBL1432589","CC(C)(C)C1=C(C#N)C(c2ccncc2)C(C#N)=C(N)O1","CC(C)(C)C1=C(C#N)C(c2ccncc2)C(C#N)=C(N)O1","train"
"CHEMBL1432590","O=C(O)c1cccc(Nc2cc(Cl)c3nonc3c2[N+](=O)[O-])c1","O=C(O)c1cccc(Nc2cc(Cl)c3nonc3c2[N+](=O)[O-])c1","train"
"CHEMBL1432591","COc1cccc(C2=NOC(C(=O)Nc3cc(C)on3)C2)c1OC","COc1cccc(C2=NOC(C(=O)Nc3cc(C)on3)C2)c1OC","train"
"CHEMBL1432592","N=C(CC(=O)Nc1ccc(F)c(Cl)c1)NOC(=O)c1cccs1","N=C(CC(=O)Nc1ccc(F)c(Cl)c1)NOC(=O)c1cccs1","train"
"CHEMBL1432593","Cc1ccc(S(=O)(=O)Cc2ccc(C(=O)N3CCN(c4ccc(F)cc4)CC3)o2)cc1","Cc1ccc(S(=O)(=O)Cc2ccc(C(=O)N3CCN(c4ccc(F)cc4)CC3)o2)cc1","train"
"CHEMBL1432594","Nc1c(C(=O)O)sc2nc(-c3ccc(F)cc3)cc(-c3ccccc3)c12","Nc1c(C(=O)O)sc2nc(-c3ccc(F)cc3)cc(-c3ccccc3)c12","train"
"CHEMBL1432595","CCOCCCNC(=O)C1CCCN1C(=O)Nc1ccccc1[N+](=O)[O-]","CCOCCCNC(=O)C1CCCN1C(=O)Nc1ccccc1[N+](=O)[O-]","train"
"CHEMBL1432598","Cc1cc(C(=O)N2CCC(C(=O)O)CC2)c(C)o1","Cc1cc(C(=O)N2CCC(C(=O)O)CC2)c(C)o1","train"
"CHEMBL1432599","C=CCn1c(Cc2csc(N)n2)nnc1SCC(=O)Nc1ccc(C(=O)OCC)cc1","C=CCn1c(Cc2csc(N)n2)nnc1SCC(=O)Nc1ccc(C(=O)OCC)cc1","train"
"CHEMBL1432602","CCOc1cccc(CN2CCCC(C(=O)Nc3cccc(-n4cccn4)c3)C2)c1","CCOc1cccc(CN2CCCC(C(=O)Nc3cccc(-n4cccn4)c3)C2)c1","train"
"CHEMBL1432603","CC(C)CCN1C(=O)c2ccc(-c3nc4ccccc4c(=O)o3)cc2C1=O","CC(C)CCN1C(=O)c2ccc(-c3nc4ccccc4c(=O)o3)cc2C1=O","train"
"CHEMBL1432607","CCOC(=O)c1ccccc1NC(=O)c1ccc2c(=O)n3c(nc2c1)CCCCC3","CCOC(=O)c1ccccc1NC(=O)c1ccc2c(=O)n3c(nc2c1)CCCCC3","train"
"CHEMBL1432608","Oc1ncnc(O)c1N=Nc1ccccc1","Oc1ncnc(O)c1N=Nc1ccccc1","train"
"CHEMBL1432609","CN1CCc2c(OCC(=O)NC3CCCCC3)cccc2C1=O","CN1CCc2c(OCC(=O)NC3CCCCC3)cccc2C1=O","train"
"CHEMBL1432611","COc1cccc(Oc2nc(-c3ccncc3)nc3ccccc23)c1","COc1cccc(Oc2nc(-c3ccncc3)nc3ccccc23)c1","train"
"CHEMBL1432612","COc1ccc(Cl)cc1-c1n[nH]c(SCC(=O)NCCN2C(=O)CSC2=O)n1","COc1ccc(Cl)cc1-c1n[nH]c(SCC(=O)NCCN2C(=O)CSC2=O)n1","train"
"CHEMBL1432613","COc1ccc(CCC(C)NCCc2ccccc2)cc1","COc1ccc(CCC(C)NCCc2ccccc2)cc1","train"
"CHEMBL1432614","Cc1ccccc1N1CCN(C(=O)c2ccccc2NC(=O)c2ccccc2C(=O)O)CC1","Cc1ccccc1N1CCN(C(=O)c2ccccc2NC(=O)c2ccccc2C(=O)O)CC1","train"
"CHEMBL1432615","CCOC(=O)c1c(NC(=O)c2ccccc2)sc2c1CCc1ccccc1-2","CCOC(=O)c1c(NC(=O)c2ccccc2)sc2c1CCc1ccccc1-2","train"
"CHEMBL1432616","CCn1c(S)nnc1-c1cc(-c2cc(C)ccc2C)nc2ccccc12","CCn1c(S)nnc1-c1cc(-c2cc(C)ccc2C)nc2ccccc12","train"
"CHEMBL1432618","CC(C)C[C@H](NC(=O)c1[nH]cnc1C(=O)Nc1ccc(CNC(=O)OC(C)(C)C)cc1)C(=O)OCc1ccccc1","CC(C)C[C@H](NC(=O)c1[nH]cnc1C(=O)Nc1ccc(CNC(=O)OC(C)(C)C)cc1)C(=O)OCc1ccccc1","train"
"CHEMBL1432619","Cc1cc(C)n2ncc(C(=O)NC3CCCCC3)c2n1","Cc1cc(C)n2ncc(C(=O)NC3CCCCC3)c2n1","train"
"CHEMBL1432621","COc1ccc(NC(=O)CSc2nccn2Cc2ccc(F)cc2)cc1","COc1ccc(NC(=O)CSc2nccn2Cc2ccc(F)cc2)cc1","train"
"CHEMBL1432622","Cc1ccc(S(=O)(=O)N(C)c2ccccc2C(=O)N2CCCC2)cc1","Cc1ccc(S(=O)(=O)N(C)c2ccccc2C(=O)N2CCCC2)cc1","train"
"CHEMBL1432623","Cc1ccc(S(=O)(=O)NC2=NC(=O)/C(=C/c3ccccn3)S2)cc1","Cc1ccc(S(=O)(=O)NC2=NC(=O)/C(=C/c3ccccn3)S2)cc1","train"
"CHEMBL1432624","NNC(=O)c1[nH]c2ccc(Cl)cc2c1-c1ccccc1","NNC(=O)c1[nH]c2ccc(Cl)cc2c1-c1ccccc1","train"
"CHEMBL1432625","CC(C)c1cc(C(=O)N2CCCC(C(=O)c3ccc4ccccc4c3)C2)on1","CC(C)c1cc(C(=O)N2CCCC(C(=O)c3ccc4ccccc4c3)C2)on1","train"
"CHEMBL1432626","COc1ccc(-c2nnc(SCC(=O)Nc3sc4c(c3C#N)CCCC4)n2-c2ccccc2)cc1","COc1ccc(-c2nnc(SCC(=O)Nc3sc4c(c3C#N)CCCC4)n2-c2ccccc2)cc1","train"
"CHEMBL1432627","O=C1NC(=O)N(c2ccccc2F)C(=O)/C1=C/c1ccc(Sc2nc3ccccc3[nH]2)o1","O=C1NC(=O)N(c2ccccc2F)C(=O)/C1=C/c1ccc(Sc2nc3ccccc3[nH]2)o1","train"
"CHEMBL1432628","O=C1OC(C(=O)NCc2ccccc2)Cc2ccccc21","O=C1OC(C(=O)NCc2ccccc2)Cc2ccccc21","train"
"CHEMBL1432629","CC(=O)Nc1cccc(Cn2cccn2)c1","CC(=O)Nc1cccc(Cn2cccn2)c1","train"
"CHEMBL1432632","COc1ccc(-c2nn3cnnc3s2)cc1OC","COc1ccc(-c2nn3cnnc3s2)cc1OC","train"
"CHEMBL1432636","CC(C)Cc1nc2oc3c(Cl)ncnc3c2c2c1CCCC2","CC(C)Cc1nc2oc3c(Cl)ncnc3c2c2c1CCCC2","train"
"CHEMBL1432637","Cc1cc(NC(=O)c2ccc(F)cc2)n(CCOC(=O)c2ccc(F)cc2)n1","Cc1cc(NC(=O)c2ccc(F)cc2)n(CCOC(=O)c2ccc(F)cc2)n1","train"
"CHEMBL1432638","COc1ccc(CNS(=O)(=O)c2cc(-c3cc(C)no3)ccc2C(C)C)cc1","COc1ccc(CNS(=O)(=O)c2cc(-c3cc(C)no3)ccc2C(C)C)cc1","train"
"CHEMBL1432639","O=C(Nc1ccc(-n2ccnc2P(=O)(O)c2ccccc2)cc1)c1ccccc1Br","O=C(Nc1ccc(-n2ccnc2P(=O)(O)c2ccccc2)cc1)c1ccccc1Br","train"
"CHEMBL1432640","CCCCOC(=O)c1sc2nc(C)cc(C)c2c1N","CCCCOC(=O)c1sc2nc(C)cc(C)c2c1N","train"
"CHEMBL1432641","Cc1ccc(CCNC(=O)C2CC(=O)N(C3CCCCC3)C2)cc1","Cc1ccc(CCNC(=O)C2CC(=O)N(C3CCCCC3)C2)cc1","train"
"CHEMBL1432644","Cc1ccc(C(=O)C2C(=O)c3ccccc3C2=O)cc1","Cc1ccc(C(=O)C2C(=O)c3ccccc3C2=O)cc1","train"
"CHEMBL1432645","Cc1ccc(NC(=O)COC(=O)C(NS(=O)(=O)c2ccc(Cl)cc2)C(C)O)cc1","Cc1ccc(NC(=O)COC(=O)C(NS(=O)(=O)c2ccc(Cl)cc2)C(C)O)cc1","train"
"CHEMBL1432647","CN(CCCNC(=O)C1CCC(=O)N1Cc1ccc(F)cc1)c1ccccc1","CN(CCCNC(=O)C1CCC(=O)N1Cc1ccc(F)cc1)c1ccccc1","train"
"CHEMBL1432648","Cc1cc(C2=NN=C(Nc3ccc(S(=O)(=O)N4CCOCC4)cc3)SC2)c(C)n1C","Cc1cc(C2=NN=C(Nc3ccc(S(=O)(=O)N4CCOCC4)cc3)SC2)c(C)n1C","train"
"CHEMBL1432649","O=C1CCNc2ccc(-c3ccccc3)cc21","O=C1CCNc2ccc(-c3ccccc3)cc21","train"
"CHEMBL1432650","O=C(NCCCN1CCOCC1)C1Nc2ccc(OC(F)(F)F)cc2C2C=CCC12","O=C(NCCCN1CCOCC1)C1Nc2ccc(OC(F)(F)F)cc2C2C=CCC12","train"
"CHEMBL1432654","CC(c1cccnc1)N(CCN(C)C)C(=O)Nc1ccc(Cl)c(Cl)c1","CC(c1cccnc1)N(CCN(C)C)C(=O)Nc1ccc(Cl)c(Cl)c1","train"
"CHEMBL1432655","COCCCn1c(=S)[nH]c2c(sc3ccccc32)c1=O","COCCCn1c(=S)[nH]c2c(sc3ccccc32)c1=O","train"
"CHEMBL1432657","O=C(c1cc(-c2ccc(F)cc2)on1)N1CCCC1","O=C(c1cc(-c2ccc(F)cc2)on1)N1CCCC1","train"
"CHEMBL1432658","CCC(Sc1ncccc1C(=O)OC(C)C)C(=O)N1CCOCC1","CCC(Sc1ncccc1C(=O)OC(C)C)C(=O)N1CCOCC1","train"
"CHEMBL1432661","C#CCOc1nc2c(c(=O)n(C)c(=O)n2C)n1Cc1ccccc1","C#CCOc1nc2c(c(=O)n(C)c(=O)n2C)n1Cc1ccccc1","train"
"CHEMBL1432663","Cc1ccc2c(c1Br)C(=NN1C(=O)c3ccccc3C1=O)C(=O)N2","Cc1ccc2c(c1Br)C(=NN1C(=O)c3ccccc3C1=O)C(=O)N2","train"
"CHEMBL1432665","Cc1cc(C)cc(N2C(=O)C3C4C=CC(C4)C3C2=O)c1","Cc1cc(C)cc(N2C(=O)C3C4C=CC(C4)C3C2=O)c1","train"
"CHEMBL1432667","CN(C(=O)c1cccc(NC(=O)c2cccs2)c1)c1ccccc1","CN(C(=O)c1cccc(NC(=O)c2cccs2)c1)c1ccccc1","train"
"CHEMBL1432668","CCOC(=O)c1c(N)sc(C(O)(C(F)(F)F)C(F)(F)F)c1-c1ccccc1","CCOC(=O)c1c(N)sc(C(O)(C(F)(F)F)C(F)(F)F)c1-c1ccccc1","train"
"CHEMBL1432670","CCN(CC(O)CON=C1c2ccccc2-c2ccccc21)S(=O)(=O)c1ccc(C)cc1","CCN(CC(O)CON=C1c2ccccc2-c2ccccc21)S(=O)(=O)c1ccc(C)cc1","train"
"CHEMBL1432671","O=C(CN1C(=O)NC2(CCCCCC2)C1=O)NCc1cccs1","O=C(CN1C(=O)NC2(CCCCCC2)C1=O)NCc1cccs1","train"
"CHEMBL1432673","Cc1cc(C(=O)Cn2cncn2)c(C)n1CCc1ccc(F)cc1","Cc1cc(C(=O)Cn2cncn2)c(C)n1CCc1ccc(F)cc1","train"
"CHEMBL1432674","Cc1cccc(N2CCN(Cc3oc(CO)cc(=O)c3O)CC2)c1C","Cc1cccc(N2CCN(Cc3oc(CO)cc(=O)c3O)CC2)c1C","train"
"CHEMBL1432675","CC(C)OCCCN=C(S)Nc1ccc(S(N)(=O)=O)cc1","CC(C)OCCCN=C(S)Nc1ccc(S(N)(=O)=O)cc1","train"
"CHEMBL1432678","Cc1cn2c(-c3ccc(Cl)cc3)nnc2s1","Cc1cn2c(-c3ccc(Cl)cc3)nnc2s1","train"
"CHEMBL1432680","Cc1cc(C)n(CC(O)Cn2cnc3c2c(=O)n(C)c(=O)n3C)n1","Cc1cc(C)n(CC(O)Cn2cnc3c2c(=O)n(C)c(=O)n3C)n1","train"
"CHEMBL1432681","CN(C)CCCNC(=O)/C=C/c1ccc(OCc2c(F)cccc2Cl)cc1","CN(C)CCCNC(=O)/C=C/c1ccc(OCc2c(F)cccc2Cl)cc1","train"
"CHEMBL1432687","COc1ccc(Oc2ccc(C(F)(F)F)cc2NC(=O)c2ccc(OC)cc2)cc1","COc1ccc(Oc2ccc(C(F)(F)F)cc2NC(=O)c2ccc(OC)cc2)cc1","train"
"CHEMBL1432688","CC(C)(C)C(=O)N(Cc1nc(O)c2ccccc2n1)Cc1cccs1","CC(C)(C)C(=O)N(Cc1nc(O)c2ccccc2n1)Cc1cccs1","train"
"CHEMBL1432689","COc1cc(-c2nc(CN3CCN(CC(C)C)C(=O)[C@@H]3C)c(C)o2)ccc1F","COc1cc(-c2nc(CN3CCN(CC(C)C)C(=O)[C@@H]3C)c(C)o2)ccc1F","train"
"CHEMBL1432690","COc1ccc(-n2c(CNCCc3ccc(C)cc3)nc3ccccc3c2=O)cc1","COc1ccc(-n2c(CNCCc3ccc(C)cc3)nc3ccccc3c2=O)cc1","train"
"CHEMBL1432694","O=C(CSc1cn(CCNC(=O)c2ccccc2)c2ccccc12)NCc1ccco1","O=C(CSc1cn(CCNC(=O)c2ccccc2)c2ccccc12)NCc1ccco1","train"
"CHEMBL1432695","Cc1nnc(Sc2c(N)n(C)c(=O)[nH]c2=O)s1","Cc1nnc(Sc2c(N)n(C)c(=O)[nH]c2=O)s1","train"
"CHEMBL1432696","Cc1ccc(N=Nc2c(O)[nH]c3ccc(F)cc23)cc1","Cc1ccc(N=Nc2c(O)[nH]c3ccc(F)cc23)cc1","train"
"CHEMBL1432697","COc1ccc(C(=O)COC(=O)CNC(=O)c2cccc(OC(F)F)c2)cc1","COc1ccc(C(=O)COC(=O)CNC(=O)c2cccc(OC(F)F)c2)cc1","train"
"CHEMBL1432699","Cc1cccc(C(=O)NCC(c2ccc(F)cc2)N2CCOCC2)c1","Cc1cccc(C(=O)NCC(c2ccc(F)cc2)N2CCOCC2)c1","train"
"CHEMBL1432701","CCN1CCN(C(=O)c2nn(-c3ccc(OC)cc3)c(=O)c3c2c2ccccc2n3C)CC1","CCN1CCN(C(=O)c2nn(-c3ccc(OC)cc3)c(=O)c3c2c2ccccc2n3C)CC1","train"
"CHEMBL1432703","CCOC(=O)N1CCN(C(=O)C(=O)NNC(=O)COc2ccc(Cl)c(C)c2)CC1","CCOC(=O)N1CCN(C(=O)C(=O)NNC(=O)COc2ccc(Cl)c(C)c2)CC1","train"
"CHEMBL1432705","COCCNC(=O)CN(c1cc(Cl)ccc1OC)S(C)(=O)=O","COCCNC(=O)CN(c1cc(Cl)ccc1OC)S(C)(=O)=O","train"
"CHEMBL1432706","Cc1ccc(N(C(=O)Cc2cccs2)C(C(=O)NC2CCCCC2)c2ccccn2)cc1C","Cc1ccc(N(C(=O)Cc2cccs2)C(C(=O)NC2CCCCC2)c2ccccn2)cc1C","train"
"CHEMBL1432707","COC(=O)c1cc(C)nc2c1C(=O)C(=O)C=C2N1CCOCC1","COC(=O)c1cc(C)nc2c1C(=O)C(=O)C=C2N1CCOCC1","train"
"CHEMBL1432708","COc1cc(C(=O)NCc2nnc(SCC(=O)Nc3cc(C)on3)o2)cc(OC)c1OC","COc1cc(C(=O)NCc2nnc(SCC(=O)Nc3cc(C)on3)o2)cc(OC)c1OC","train"
"CHEMBL1432709","O=C(CCN1C(=O)/C(=C/c2ccc(F)cc2)SC1=S)NCCc1c[nH]cn1","O=C(CCN1C(=O)/C(=C/c2ccc(F)cc2)SC1=S)NCCc1c[nH]cn1","train"
"CHEMBL1432711","COc1ccc(N2CCN(Cc3nc(N)nc(Nc4ccc(C)c(Cl)c4)n3)CC2)cc1","COc1ccc(N2CCN(Cc3nc(N)nc(Nc4ccc(C)c(Cl)c4)n3)CC2)cc1","train"
"CHEMBL1432712","Cn1c(=O)oc2cc(S(=O)(=O)N3CCCC(C(=O)N4CC=C(c5ccccc5)CC4)C3)ccc21","Cn1c(=O)oc2cc(S(=O)(=O)N3CCCC(C(=O)N4CC=C(c5ccccc5)CC4)C3)ccc21","train"
"CHEMBL1432714","CCOC(=O)N1CCN(C(=O)c2cn(CC)c3ccc(S(=O)(=O)N4CC(C)CC(C)C4)cc3c2=O)CC1","CCOC(=O)N1CCN(C(=O)c2cn(CC)c3ccc(S(=O)(=O)N4CC(C)CC(C)C4)cc3c2=O)CC1","train"
"CHEMBL1432715","COC(=O)C1=C(C)N(C)C(=O)NC1c1cc2c(cc1[N+](=O)[O-])OCO2","COC(=O)C1=C(C)N(C)C(=O)NC1c1cc2c(cc1[N+](=O)[O-])OCO2","train"
"CHEMBL1432716","CCOC(=O)NC(=O)/C(C#N)=C\NNc1ncc(C(F)(F)F)cc1Cl","CCOC(=O)NC(=O)/C(C#N)=C\NNc1ncc(C(F)(F)F)cc1Cl","train"
"CHEMBL1432717","O=[N+]([O-])c1ccc(/C(O)=C(/C([S-])=NCc2ccco2)[n+]2ccccc2)cc1","O=[N+]([O-])c1ccc(/C(O)=C(/C([S-])=NCc2ccco2)[n+]2ccccc2)cc1","train"
"CHEMBL1432719","CCOC(=O)N1CCN(C(=O)Cn2cc3c(n2)CCCC3)CC1","CCOC(=O)N1CCN(C(=O)Cn2cc3c(n2)CCCC3)CC1","train"
"CHEMBL1432720","Cc1ccc(NC(=O)Cc2ccsc2)cc1Cl","Cc1ccc(NC(=O)Cc2ccsc2)cc1Cl","train"
"CHEMBL1595964","Cc1ccc(S(=O)(=O)N2C(=S)SCC2(C)C)cc1","Cc1ccc(S(=O)(=O)N2C(=S)SCC2(C)C)cc1","train"
"CHEMBL1595965","Cc1ccc2nc3c(cc2c1)c(C)nn3-c1ccccc1","Cc1ccc2nc3c(cc2c1)c(C)nn3-c1ccccc1","train"
"CHEMBL1595966","O=C(Cn1c(=O)n(CCc2ccccc2)c(=O)c2c3c(sc21)CCCC3)Nc1ccc(F)c(F)c1","O=C(Cn1c(=O)n(CCc2ccccc2)c(=O)c2c3c(sc21)CCCC3)Nc1ccc(F)c(F)c1","train"
"CHEMBL1595968","CN(CC(=O)Nc1ccccc1Cl)C(=O)CSc1nnc(-c2ccco2)o1","CN(CC(=O)Nc1ccccc1Cl)C(=O)CSc1nnc(-c2ccco2)o1","train"
"CHEMBL1595969","Cc1cc(C)c2c(N)c(C(=O)N3CCCCCC3)sc2n1","Cc1cc(C)c2c(N)c(C(=O)N3CCCCCC3)sc2n1","train"
"CHEMBL1595970","O=C(O)CC(SCC(=O)Nc1ccccc1)C(=O)O","O=C(O)CC(SCC(=O)Nc1ccccc1)C(=O)O","train"
"CHEMBL1595971","COc1ccccc1CNC(=O)c1cc(C)nc2ccccc12","COc1ccccc1CNC(=O)c1cc(C)nc2ccccc12","train"
"CHEMBL1595976","COC(=O)c1ccc(-n2c(C)cc(C(=O)COC(=O)CNS(=O)(=O)c3ccc(C)cc3)c2C)cc1","COC(=O)c1ccc(-n2c(C)cc(C(=O)COC(=O)CNS(=O)(=O)c3ccc(C)cc3)c2C)cc1","train"
"CHEMBL1595977","Cc1c(C)n2c3c(cccc13)CC2","Cc1c(C)n2c3c(cccc13)CC2","train"
"CHEMBL1595978","CCOC(=O)C1CN(S(=O)(=O)c2ccc(C)cc2)CCN1S(=O)(=O)c1ccc(C)cc1","CCOC(=O)C1CN(S(=O)(=O)c2ccc(C)cc2)CCN1S(=O)(=O)c1ccc(C)cc1","train"
"CHEMBL1595980","COc1ccc(N2CCN(c3cc(C)nc4ccc(OC)cc34)CC2)cc1","COc1ccc(N2CCN(c3cc(C)nc4ccc(OC)cc34)CC2)cc1","train"
"CHEMBL1595981","CCOc1ccc(CCNC(=O)CCn2c(=O)c3cccn3c3ccc(F)cc32)cc1OCC","CCOc1ccc(CCNC(=O)CCn2c(=O)c3cccn3c3ccc(F)cc32)cc1OCC","train"
"CHEMBL1595983","CCn1c(S)nnc1CN1C(=O)CSc2ccccc21","CCn1c(S)nnc1CN1C(=O)CSc2ccccc21","train"
"CHEMBL1595984","CC(C(=O)NCc1ccc(Cl)cc1)n1ccc2cc(S(=O)(=O)N3CCCC3)ccc21","CC(C(=O)NCc1ccc(Cl)cc1)n1ccc2cc(S(=O)(=O)N3CCCC3)ccc21","train"
"CHEMBL1595985","C=CCCC#N","C=CCCC#N","train"
"CHEMBL1595987","O=[N+]([O-])c1ccc(Cl)c(CN2CCCCCC2)c1","O=[N+]([O-])c1ccc(Cl)c(CN2CCCCCC2)c1","train"
"CHEMBL1595988","NC(=O)c1c(NC(=O)CCCn2cnc([N+](=O)[O-])n2)sc2c1CCCC2","NC(=O)c1c(NC(=O)CCCn2cnc([N+](=O)[O-])n2)sc2c1CCCC2","train"
"CHEMBL1595989","Cc1cc(C)n(-c2nc(C)nc3c2cnn3-c2ccccc2)n1","Cc1cc(C)n(-c2nc(C)nc3c2cnn3-c2ccccc2)n1","train"
"CHEMBL1595991","O=S(=O)(c1ccc2c(c1)CCCN2)N1CCCCC1","O=S(=O)(c1ccc2c(c1)CCCN2)N1CCCCC1","train"
"CHEMBL1595993","CC(C)CC(=O)NC(=S)Nc1ccc(CN2CCOCC2)cc1","CC(C)CC(=O)NC(=S)Nc1ccc(CN2CCOCC2)cc1","train"
"CHEMBL1595995","CCOC(=O)N1CCC(NC(=O)c2ccc(CS(=O)(=O)c3ccccc3C)o2)CC1","CCOC(=O)N1CCC(NC(=O)c2ccc(CS(=O)(=O)c3ccccc3C)o2)CC1","train"
"CHEMBL1595996","COc1ccc(NC(=O)c2ccc3c(=O)n(-c4ccc(OC)cc4OC)c(=S)[nH]c3c2)cc1","COc1ccc(NC(=O)c2ccc3c(=O)n(-c4ccc(OC)cc4OC)c(=S)[nH]c3c2)cc1","train"
"CHEMBL1595997","COc1ccc(CCNC(=O)CS(=O)(=O)Cc2nc(-c3ccccc3Cl)oc2C)cc1OC","COc1ccc(CCNC(=O)CS(=O)(=O)Cc2nc(-c3ccccc3Cl)oc2C)cc1OC","train"
"CHEMBL1596000","CN(C)c1ccc(NC(=O)CCSc2nc(-c3ccco3)cc(C(F)(F)F)n2)cc1","CN(C)c1ccc(NC(=O)CCSc2nc(-c3ccco3)cc(C(F)(F)F)n2)cc1","train"
"CHEMBL1596001","O=C(O)CCCC(=O)N1CCN(c2nc(-c3ccccc3)c3ccccc3n2)CC1","O=C(O)CCCC(=O)N1CCN(c2nc(-c3ccccc3)c3ccccc3n2)CC1","train"
"CHEMBL1596003","N=c1c2c(ncn1Cc1ccco1)Oc1c(ccc3ccccc13)C2c1ccccc1","N=c1c2c(ncn1Cc1ccco1)Oc1c(ccc3ccccc13)C2c1ccccc1","train"
"CHEMBL1596004","CCc1cccc2c(-c3ccccc3)nc(SCC(=O)Nc3ccccc3)nc12","CCc1cccc2c(-c3ccccc3)nc(SCC(=O)Nc3ccccc3)nc12","train"
"CHEMBL1596005","Oc1ccc(Cl)cc1CNCc1ccncc1","Oc1ccc(Cl)cc1CNCc1ccncc1","train"
"CHEMBL1596008","COC(=O)c1ccc(CNC(=O)CSc2nnc(C)n2Cc2ccccc2)o1","COC(=O)c1ccc(CNC(=O)CSc2nnc(C)n2Cc2ccccc2)o1","train"
"CHEMBL1596009","CSc1ccc(CCNC(=O)CS(=O)(=O)Cc2nc(-c3ccccc3F)oc2C)cc1","CSc1ccc(CCNC(=O)CS(=O)(=O)Cc2nc(-c3ccccc3F)oc2C)cc1","train"
"CHEMBL1596010","C=CC(=O)OCCOc1ccccc1","C=CC(=O)OCCOc1ccccc1","train"
"CHEMBL1596011","COc1ccc(OC)c(S(=O)(=O)N(C(C)=O)c2ccc3oc(=O)sc3c2)c1","COc1ccc(OC)c(S(=O)(=O)N(C(C)=O)c2ccc3oc(=O)sc3c2)c1","train"
"CHEMBL1596012","COc1ccc(NC(=O)C(=O)NCC2(c3ccc(OC)c(OC)c3)CCCC2)cc1","COc1ccc(NC(=O)C(=O)NCC2(c3ccc(OC)c(OC)c3)CCCC2)cc1","train"
"CHEMBL1596013","COc1ccc(CCNC(=O)CCC(=O)Nc2ccccc2[N+](=O)[O-])cc1OC","COc1ccc(CCNC(=O)CCC(=O)Nc2ccccc2[N+](=O)[O-])cc1OC","train"
"CHEMBL1596014","CCN1CCC2(CC1)C(C#N)=C(N)Oc1c2sc2nc(C)cc(C)c12","CCN1CCC2(CC1)C(C#N)=C(N)Oc1c2sc2nc(C)cc(C)c12","train"
"CHEMBL1596015","Cc1ccccc1Cc1c(C)[nH]c2c(-c3ccccc3)c(C)nn2c1=O","Cc1ccccc1Cc1c(C)[nH]c2c(-c3ccccc3)c(C)nn2c1=O","train"
"CHEMBL1596016","O=C1NNC(c2ccccc2)=N/C1=C\c1ccccc1","O=C1NNC(c2ccccc2)=N/C1=C\c1ccccc1","train"
"CHEMBL1596017","COc1ccc(CNC(=O)C2CCC(CNS(=O)(=O)c3ccc(C)cc3)CC2)cc1","COc1ccc(CNC(=O)C2CCC(CNS(=O)(=O)c3ccc(C)cc3)CC2)cc1","train"
"CHEMBL1596018","COCCN(C(=O)CN1CCCc2ccccc21)c1c(N)n(Cc2ccccc2)c(=O)[nH]c1=O","COCCN(C(=O)CN1CCCc2ccccc21)c1c(N)n(Cc2ccccc2)c(=O)[nH]c1=O","train"
"CHEMBL1596019","O=C(Cn1cc(S(=O)(=O)N2CCN(c3ccccc3F)CC2)c2ccccc2c1=O)NCCCN1CCCCCC1","O=C(Cn1cc(S(=O)(=O)N2CCN(c3ccccc3F)CC2)c2ccccc2c1=O)NCCCN1CCCCCC1","train"
"CHEMBL1596020","CNc1cccc(S(=O)(=O)N2CCN(S(=O)(=O)c3ccc4c(c3)OCCO4)CC2)c1","CNc1cccc(S(=O)(=O)N2CCN(S(=O)(=O)c3ccc4c(c3)OCCO4)CC2)c1","train"
"CHEMBL1596021","O=C(OCC(=O)c1ccc(Cl)s1)c1cnccn1","O=C(OCC(=O)c1ccc(Cl)s1)c1cnccn1","train"
"CHEMBL1596022","Cc1cc2c(n1-c1ccc(C(=O)NCCc3ccc(Cl)cc3)cc1)CCCC2","Cc1cc2c(n1-c1ccc(C(=O)NCCc3ccc(Cl)cc3)cc1)CCCC2","train"
"CHEMBL1596023","COc1ccc(OCC(=O)N2CCN(C(=O)COc3ccc(Br)cc3)CC2)cc1","COc1ccc(OCC(=O)N2CCN(C(=O)COc3ccc(Br)cc3)CC2)cc1","train"
"CHEMBL1596027","CC(C)NC(=O)c1cc(=O)n(C)c(=O)n1C","CC(C)NC(=O)c1cc(=O)n(C)c(=O)n1C","train"
"CHEMBL1596028","CCCOC(=O)c1ccc(S(N)(=O)=O)o1","CCCOC(=O)c1ccc(S(N)(=O)=O)o1","train"
"CHEMBL1596029","COC(=O)CN(c1ccc(C(C)C)cc1)S(=O)(=O)c1c(C)nc(O)nc1O","COC(=O)CN(c1ccc(C(C)C)cc1)S(=O)(=O)c1c(C)nc(O)nc1O","train"
"CHEMBL1596030","CCOc1ccc(C(F)(F)F)cc1NC(C)=O","CCOc1ccc(C(F)(F)F)cc1NC(C)=O","train"
"CHEMBL1596031","COC(=O)c1ccccc1NC(=O)c1nc(SCc2ccccc2C)ncc1Cl","COC(=O)c1ccccc1NC(=O)c1nc(SCc2ccccc2C)ncc1Cl","train"
"CHEMBL1596033","N=C(NOC(=O)COc1ccccc1)c1ccncc1","N=C(NOC(=O)COc1ccccc1)c1ccncc1","train"
"CHEMBL1596034","CCC(C)c1ccc(O[C@@H]2O[C@H](CO)[C@@H](O)[C@H](O)[C@H]2NC(C)=O)cc1","CCC(C)c1ccc(O[C@@H]2O[C@H](CO)[C@@H](O)[C@H](O)[C@H]2NC(C)=O)cc1","train"
"CHEMBL1596038","O=C(OCCNC1=NS(=O)(=O)c2ccccc21)C1CC(=O)N(c2ccc3ccccc3c2)C1","O=C(OCCNC1=NS(=O)(=O)c2ccccc21)C1CC(=O)N(c2ccc3ccccc3c2)C1","train"
"CHEMBL1596039","O=C(Nc1cccnc1)c1ccccc1Oc1ccccc1","O=C(Nc1cccnc1)c1ccccc1Oc1ccccc1","train"
"CHEMBL1596040","Cc1ccc(-c2nc3ccccn3c2NCc2ccc3c(c2)OCO3)cc1","Cc1ccc(-c2nc3ccccn3c2NCc2ccc3c(c2)OCO3)cc1","train"
"CHEMBL1596042","Cc1cc(NC(=O)c2ccc(F)cc2)n(-c2ccccn2)n1","Cc1cc(NC(=O)c2ccc(F)cc2)n(-c2ccccn2)n1","train"
"CHEMBL1596043","CC1=C(C(=O)Nc2ccccc2)C(c2coc3ccccc3c2=O)C2=C(O)CCCC2=N1","CC1=C(C(=O)Nc2ccccc2)C(c2coc3ccccc3c2=O)C2=C(O)CCCC2=N1","train"
"CHEMBL1596045","O=C(O)CCc1nn2c3ccccc3n(CCN3CCCCC3)c2nc1=O","O=C(O)CCc1nn2c3ccccc3n(CCN3CCCCC3)c2nc1=O","train"
"CHEMBL1596046","COc1ccc(C(=O)Nc2nc3cc4c(cc3s2)OCO4)c(OC)c1","COc1ccc(C(=O)Nc2nc3cc4c(cc3s2)OCO4)c(OC)c1","train"
"CHEMBL1596048","O=C(COc1ccc(C(=O)NCCN2CCOCC2)cc1)Nc1cccc(C(F)(F)F)c1","O=C(COc1ccc(C(=O)NCCN2CCOCC2)cc1)Nc1cccc(C(F)(F)F)c1","train"
"CHEMBL1596049","CCCCS(=O)(=O)N1CCCC(C(=O)NCC2CCCO2)C1","CCCCS(=O)(=O)N1CCCC(C(=O)NCC2CCCO2)C1","train"
"CHEMBL1596051","CSCCCN=C(S)Nc1cccc(S(=O)(=O)NC2=NCCC2)c1","CSCCCN=C(S)Nc1cccc(S(=O)(=O)NC2=NCCC2)c1","train"
"CHEMBL1596052","CCOC(=O)Cn1cc(Cl)cc(C(=O)Nc2ccccc2)c1=O","CCOC(=O)Cn1cc(Cl)cc(C(=O)Nc2ccccc2)c1=O","train"
"CHEMBL1596054","Cc1cc(S(=O)(=O)N(Cc2ccccc2Cl)c2ccc3c(c2)CCC3)ccc1-n1cnnn1","Cc1cc(S(=O)(=O)N(Cc2ccccc2Cl)c2ccc3c(c2)CCC3)ccc1-n1cnnn1","train"
"CHEMBL1596055","C=CCN1C(=O)c2ccc(C(=O)N3CCN(S(=O)(=O)c4cccc([N+](=O)[O-])c4)CC3)cc2C1=O","C=CCN1C(=O)c2ccc(C(=O)N3CCN(S(=O)(=O)c4cccc([N+](=O)[O-])c4)CC3)cc2C1=O","train"
"CHEMBL1596056","COc1ccc(-c2cc(C(=O)n3cnc4ccccc43)c3ccccc3n2)cc1","COc1ccc(-c2cc(C(=O)n3cnc4ccccc43)c3ccccc3n2)cc1","train"
"CHEMBL1596060","CCn1c(=O)c([N+](=O)[O-])c(N2CCN(Cc3ccc4c(c3)OCO4)CC2)c2ccccc21","CCn1c(=O)c([N+](=O)[O-])c(N2CCN(Cc3ccc4c(c3)OCO4)CC2)c2ccccc21","train"
"CHEMBL1596063","O=C1CN(C(=O)c2ccc(Br)o2)C(c2ccc(F)cc2)c2cc(Cl)ccc2N1","O=C1CN(C(=O)c2ccc(Br)o2)C(c2ccc(F)cc2)c2cc(Cl)ccc2N1","train"
"CHEMBL1596064","O=C(CCCOc1ccc(Cl)cc1)NCC1CCCO1","O=C(CCCOc1ccc(Cl)cc1)NCC1CCCO1","train"
"CHEMBL1596067","Cn1c(N2CCN(C(=O)Nc3ccc(F)cc3)CC2)nc2ccccc21","Cn1c(N2CCN(C(=O)Nc3ccc(F)cc3)CC2)nc2ccccc21","train"
"CHEMBL1596068","COc1ccc(C)cc1-n1nnnc1SCc1cc(=O)n2cc(C)ccc2n1","COc1ccc(C)cc1-n1nnnc1SCc1cc(=O)n2cc(C)ccc2n1","train"
"CHEMBL1596070","CCOc1ccccc1-c1cc(C(=O)Nc2ccc(C(=O)O)cc2)c2ccccc2n1","CCOc1ccccc1-c1cc(C(=O)Nc2ccc(C(=O)O)cc2)c2ccccc2n1","train"
"CHEMBL1596072","O=C(Nc1ncccc1O)c1ccc2c(c1)OCO2","O=C(Nc1ncccc1O)c1ccc2c(c1)OCO2","train"
"CHEMBL1596073","Cc1cccc(NC(=O)c2cc(NC(=O)CCCC(=O)O)ccc2Cl)n1","Cc1cccc(NC(=O)c2cc(NC(=O)CCCC(=O)O)ccc2Cl)n1","train"
"CHEMBL1596074","CCOC(Cn1cc(C)c(=O)[nH]c1=O)OCC","CCOC(Cn1cc(C)c(=O)[nH]c1=O)OCC","train"
"CHEMBL1596075","CCC(Sc1nnc(C)n2c1cc1sccc12)C(=O)Nc1ccccc1F","CCC(Sc1nnc(C)n2c1cc1sccc12)C(=O)Nc1ccccc1F","train"
"CHEMBL1596076","CCCOc1cccc(-c2nc3ccccc3c(=O)o2)c1","CCCOc1cccc(-c2nc3ccccc3c(=O)o2)c1","train"
"CHEMBL1596077","O=Cc1c(-[n+]2ccccc2)nc([O-])n1-c1ccccc1","O=Cc1c(-[n+]2ccccc2)nc([O-])n1-c1ccccc1","train"
"CHEMBL1596078","Cc1ccc(CNC(=O)COc2cc(O)c3c(c2)OC(C)(C)CC3=O)cc1","Cc1ccc(CNC(=O)COc2cc(O)c3c(c2)OC(C)(C)CC3=O)cc1","train"
"CHEMBL1596079","CCOC(=O)N1CCC(NC(=O)CCC(=O)N2CCOc3ccc(C)cc32)CC1","CCOC(=O)N1CCC(NC(=O)CCC(=O)N2CCOc3ccc(C)cc32)CC1","train"
"CHEMBL1596080","COc1ccc(NC(=O)Cn2nc(SC)c(S(=O)(=O)c3ccc(C)cc3)c2N)cc1OC","COc1ccc(NC(=O)Cn2nc(SC)c(S(=O)(=O)c3ccc(C)cc3)c2N)cc1OC","train"
"CHEMBL1596082","CCc1ccc(CN2CCC(n3nccc3NC(=O)c3ccccc3C)CC2)cc1","CCc1ccc(CN2CCC(n3nccc3NC(=O)c3ccccc3C)CC2)cc1","train"
"CHEMBL1596084","CC(=O)Nc1ccc(C2CC(c3ccc(Cl)cc3)=NN2c2ccccc2)cc1","CC(=O)Nc1ccc(C2CC(c3ccc(Cl)cc3)=NN2c2ccccc2)cc1","train"
"CHEMBL1596086","COC(=O)c1nnn(-c2cccc(C)c2)c1N","COC(=O)c1nnn(-c2cccc(C)c2)c1N","train"
"CHEMBL1596087","CCNC(=O)CC1C(=O)N(c2ccc(F)cc2)C(=O)N1CCC(C)C","CCNC(=O)CC1C(=O)N(c2ccc(F)cc2)C(=O)N1CCC(C)C","train"
"CHEMBL1596088","COc1cc(OC)c2c(c1)C(=O)c1cc(OC)cc(OC)c1C2=O","COc1cc(OC)c2c(c1)C(=O)c1cc(OC)cc(OC)c1C2=O","train"
"CHEMBL1596089","Clc1cccc(NCc2nnc(SCc3ccccc3Cl)o2)c1","Clc1cccc(NCc2nnc(SCc3ccccc3Cl)o2)c1","train"
"CHEMBL1596090","N#Cc1c(NC(NC(=O)c2ccco2)C(=O)c2ccccc2)sc2c1CCCC2","N#Cc1c(NC(NC(=O)c2ccco2)C(=O)c2ccccc2)sc2c1CCCC2","train"
"CHEMBL1596091","O=C(COC(=O)CNC(=O)c1ccccc1F)Nc1cccc(S(=O)(=O)N2CCCCCC2)c1","O=C(COC(=O)CNC(=O)c1ccccc1F)Nc1cccc(S(=O)(=O)N2CCCCCC2)c1","train"
"CHEMBL1596093","CN(C)S(=O)(=O)c1ccc(NC(=O)CN2CCN(C(c3ccccc3)c3ccccc3)CC2)cc1","CN(C)S(=O)(=O)c1ccc(NC(=O)CN2CCN(C(c3ccccc3)c3ccccc3)CC2)cc1","train"
"CHEMBL1596094","CC(=O)Nc1ccc(Nc2cc(C(C)C)nc3c(-c4ccccc4)c(C)nn23)cc1","CC(=O)Nc1ccc(Nc2cc(C(C)C)nc3c(-c4ccccc4)c(C)nn23)cc1","train"
"CHEMBL1596095","Fc1ccc(-c2nc3ccccc3[nH]2)cc1","Fc1ccc(-c2nc3ccccc3[nH]2)cc1","train"
"CHEMBL1596096","CC(=O)Cc1nsc(NC(=O)C2Cc3ccccc3C(=O)O2)n1","CC(=O)Cc1nsc(NC(=O)C2Cc3ccccc3C(=O)O2)n1","train"
"CHEMBL1596097","COc1ccc(C2=NN(C(=O)c3cccs3)C(c3ccccc3O)C2)cc1","COc1ccc(C2=NN(C(=O)c3cccs3)C(c3ccccc3O)C2)cc1","train"
"CHEMBL1596099","CCOC(=O)C1C(C=C(C)C)C1(C)C","CCOC(=O)C1C(C=C(C)C)C1(C)C","train"
"CHEMBL1596100","Cc1ccc2c(=O)c(C(=O)c3ccc(F)cc3)cn(CC(=O)NCc3ccccc3)c2n1","Cc1ccc2c(=O)c(C(=O)c3ccc(F)cc3)cn(CC(=O)NCc3ccccc3)c2n1","train"
"CHEMBL1596101","O=C(Nc1ccc2c(c1)OCO2)Nc1ccccn1","O=C(Nc1ccc2c(c1)OCO2)Nc1ccccn1","train"
"CHEMBL1596102","CC1CCc2c(sc(NC(=O)Cn3cnc([N+](=O)[O-])n3)c2C(N)=O)C1","CC1CCc2c(sc(NC(=O)Cn3cnc([N+](=O)[O-])n3)c2C(N)=O)C1","train"
"CHEMBL1596104","COC(=O)c1cc(NC(=S)NC(=O)c2ccccc2)ccc1N1CCOCC1","COC(=O)c1cc(NC(=S)NC(=O)c2ccccc2)ccc1N1CCOCC1","train"
"CHEMBL1596105","CC(=O)c1ccn(S(=O)(=O)c2ccc(Cl)cc2)c1","CC(=O)c1ccn(S(=O)(=O)c2ccc(Cl)cc2)c1","train"
"CHEMBL1596106","CCCc1nc(SCc2cccnc2)c2c(=O)n(C)c(=O)n(C)c2n1","CCCc1nc(SCc2cccnc2)c2c(=O)n(C)c(=O)n(C)c2n1","train"
"CHEMBL1596107","CSc1ccc(/C=C(\NC(=O)c2ccc(C)cc2)C(=O)NN)cc1","CSc1ccc(/C=C(\NC(=O)c2ccc(C)cc2)C(=O)NN)cc1","train"
"CHEMBL1596108","O=C(NCCN1C(=O)S/C(=C\c2cccnc2)C1=O)c1ccc(S(=O)(=O)N2CCCC2)cc1","O=C(NCCN1C(=O)S/C(=C\c2cccnc2)C1=O)c1ccc(S(=O)(=O)N2CCCC2)cc1","train"
"CHEMBL1596109","COc1ccc(CC2C(=O)OC(C)(C)OC2=O)cc1","COc1ccc(CC2C(=O)OC(C)(C)OC2=O)cc1","train"
"CHEMBL1596111","NC(=O)C1CCN(c2nc(-c3ccccc3N)cs2)CC1","NC(=O)C1CCN(c2nc(-c3ccccc3N)cs2)CC1","train"
"CHEMBL1596113","Cc1cccc(Nc2ncccc2C(=O)O)c1C","Cc1cccc(Nc2ncccc2C(=O)O)c1C","train"
"CHEMBL1596115","CCOc1cccc(CNc2ccc(O)cc2)c1OCc1ccc(Cl)cc1","CCOc1cccc(CNc2ccc(O)cc2)c1OCc1ccc(Cl)cc1","train"
"CHEMBL1596116","COc1cc(S(=O)(=O)n2cnc(C)c2)ccc1Cl","COc1cc(S(=O)(=O)n2cnc(C)c2)ccc1Cl","train"
"CHEMBL1596117","CCOc1ccc(C(=O)Nc2nnc(S(=O)(=O)N(C)Cc3ccco3)s2)cc1","CCOc1ccc(C(=O)Nc2nnc(S(=O)(=O)N(C)Cc3ccco3)s2)cc1","train"
"CHEMBL1596118","COc1cccc(CNc2ccc(S(=O)(=O)Nc3nccs3)cc2)c1O","COc1cccc(CNc2ccc(S(=O)(=O)Nc3nccs3)cc2)c1O","train"
"CHEMBL1596119","O=C(COC(=O)c1cc[n+]([O-])cc1)Nc1ccc(Cl)cc1[N+](=O)[O-]","O=C(COC(=O)c1cc[n+]([O-])cc1)Nc1ccc(Cl)cc1[N+](=O)[O-]","train"
"CHEMBL1596120","CC(C)[C@@H](CC(=O)N[C@@H]1CCNC[C@H]1C(=O)N[C@H](CC(=O)N[C@@H](CCC(=O)O)CC(=O)O)Cc1ccccc1)NC(=O)C[C@H](Cc1ccccc1)NC(=O)[C@@H]1CNCC[C@H]1N","CC(C)[C@@H](CC(=O)N[C@@H]1CCNC[C@H]1C(=O)N[C@H](CC(=O)N[C@@H](CCC(=O)O)CC(=O)O)Cc1ccccc1)NC(=O)C[C@H](Cc1ccccc1)NC(=O)[C@@H]1CNCC[C@H]1N","train"
"CHEMBL1596121","CC(C)C[C@@H](CC(=O)N[C@H](CC(=O)N[C@@H]1CCCC[C@H]1C(=O)N[C@H](CC(=O)N[C@@H](CCC(=O)O)CC(=O)O)Cc1ccccc1)C(C)C)NC(=O)[C@@H]1CNCC[C@H]1N","CC(C)C[C@@H](CC(=O)N[C@H](CC(=O)N[C@@H]1CCCC[C@H]1C(=O)N[C@H](CC(=O)N[C@@H](CCC(=O)O)CC(=O)O)Cc1ccccc1)C(C)C)NC(=O)[C@@H]1CNCC[C@H]1N","train"
"CHEMBL1596123","Cc1ccc(-c2nn3c(=O)cc(CN4CCN(C(=O)c5ccc(C(C)(C)C)cc5)CC4)nc3s2)cc1","Cc1ccc(-c2nn3c(=O)cc(CN4CCN(C(=O)c5ccc(C(C)(C)C)cc5)CC4)nc3s2)cc1","train"
"CHEMBL1596124","C=CCn1c(=O)c2c(nc3n2CCN3c2cccc(Cl)c2C)n(C)c1=O","C=CCn1c(=O)c2c(nc3n2CCN3c2cccc(Cl)c2C)n(C)c1=O","train"
"CHEMBL1596125","O=C(NCCN1C(=O)S/C(=C\c2cccnc2)C1=O)C1CC(=O)N(Cc2ccco2)C1","O=C(NCCN1C(=O)S/C(=C\c2cccnc2)C1=O)C1CC(=O)N(Cc2ccco2)C1","train"
"CHEMBL1596128","CC(=O)c1c(C)oc2ccc(N(C(=O)Oc3ccccc3)S(=O)(=O)c3ccccc3)cc12","CC(=O)c1c(C)oc2ccc(N(C(=O)Oc3ccccc3)S(=O)(=O)c3ccccc3)cc12","train"
"CHEMBL1596129","CC(C)(C)Nc1nc(OCC(F)(F)F)nc(OCC(F)(F)F)n1","CC(C)(C)Nc1nc(OCC(F)(F)F)nc(OCC(F)(F)F)n1","train"
"CHEMBL1596130","C=CCNC(=O)c1ccc(CN2CCC(Cc3ccccc3)CC2)cc1","C=CCNC(=O)c1ccc(CN2CCC(Cc3ccccc3)CC2)cc1","train"
"CHEMBL1596133","CC(C)CCNC(=O)CCCn1c(=O)[nH]c2ccc(Br)cc2c1=O","CC(C)CCNC(=O)CCCn1c(=O)[nH]c2ccc(Br)cc2c1=O","train"
"CHEMBL1596134","CCOc1cc(N2CCOCC2)c(OCC)cc1NC(=O)c1ccc2ncsc2c1","CCOc1cc(N2CCOCC2)c(OCC)cc1NC(=O)c1ccc2ncsc2c1","train"
"CHEMBL1596135","O=C(CSc1nnc(-c2ccco2)n1-c1ccccc1)NCc1ccc2c(c1)OCO2","O=C(CSc1nnc(-c2ccco2)n1-c1ccccc1)NCc1ccc2c(c1)OCO2","train"
"CHEMBL1596136","CS(=O)(=O)N1CCCC(C(=O)Nc2ccccc2Cl)C1","CS(=O)(=O)N1CCCC(C(=O)Nc2ccccc2Cl)C1","train"
"CHEMBL1596138","CCn1c(CN2CCCCC2)nc2cc(NC(=O)c3ccccc3[N+](=O)[O-])ccc21","CCn1c(CN2CCCCC2)nc2cc(NC(=O)c3ccccc3[N+](=O)[O-])ccc21","train"
"CHEMBL1596140","CC(C)C(=O)Nc1ccc(C(=O)CN2C(=O)NC3(CCOc4ccccc43)C2=O)cc1","CC(C)C(=O)Nc1ccc(C(=O)CN2C(=O)NC3(CCOc4ccccc43)C2=O)cc1","train"
"CHEMBL1596141","O=S(=O)(c1ccc2ccccc2c1)n1nc(-c2ccco2)nc1NCc1ccc(F)cc1","O=S(=O)(c1ccc2ccccc2c1)n1nc(-c2ccco2)nc1NCc1ccc(F)cc1","train"
"CHEMBL1596144","COC(=O)c1cc(OC)c(OC)cc1NC(=O)c1oc2ccccc2c1C","COC(=O)c1cc(OC)c(OC)cc1NC(=O)c1oc2ccccc2c1C","train"
"CHEMBL1596145","C=C(C)CN=C(S)N1CCN(C(c2ccccc2)c2ccccc2)CC1","C=C(C)CN=C(S)N1CCN(C(c2ccccc2)c2ccccc2)CC1","train"
"CHEMBL1596146","Cc1ccc(S(=O)(=O)N(C)c2nc3ccccc3n3c(C(C)C)nnc23)cc1","Cc1ccc(S(=O)(=O)N(C)c2nc3ccccc3n3c(C(C)C)nnc23)cc1","train"
"CHEMBL1596148","Cn1c(C(=O)Nc2ccc(Cl)cc2)cc2cc(Cl)ccc21","Cn1c(C(=O)Nc2ccc(Cl)cc2)cc2cc(Cl)ccc21","train"
"CHEMBL1596150","NC1=C([N+](=O)[O-])C(c2ccc3c(c2)OCO3)C2=C(CCCC2=O)O1","NC1=C([N+](=O)[O-])C(c2ccc3c(c2)OCO3)C2=C(CCCC2=O)O1","train"
"CHEMBL1596152","Cc1cc(C)cc(NS(=O)(=O)c2ccc3ncc(C(=O)N4CCc5ccccc54)c(O)c3c2)c1","Cc1cc(C)cc(NS(=O)(=O)c2ccc3ncc(C(=O)N4CCc5ccccc54)c(O)c3c2)c1","train"
"CHEMBL1596153","COCCCNC(=O)Cc1ccc(S(=O)(=O)N2CCOCC2)s1","COCCCNC(=O)Cc1ccc(S(=O)(=O)N2CCOCC2)s1","train"
"CHEMBL1596155","O=C(CSc1nnnn1C1CCCCC1)NCc1cccc(C(=O)O)c1","O=C(CSc1nnnn1C1CCCCC1)NCc1cccc(C(=O)O)c1","train"
"CHEMBL1596156","S=c1nc(-c2ccccc2)n(Cc2ccco2)c2c1CCCC2","S=c1nc(-c2ccccc2)n(Cc2ccco2)c2c1CCCC2","train"
"CHEMBL1596159","CCOP(=O)(OCC)C(NC(C)=O)C(=O)c1ccccc1","CCOP(=O)(OCC)C(NC(C)=O)C(=O)c1ccccc1","train"
"CHEMBL1596161","Cc1cc(NC(=O)c2cc(-c3ccc(Br)cc3)on2)nn1Cc1ccc(Cl)cc1","Cc1cc(NC(=O)c2cc(-c3ccc(Br)cc3)on2)nn1Cc1ccc(Cl)cc1","train"
"CHEMBL1596162","O=C(Cn1[nH]c(=O)c2ccccc2c1=O)NCc1cccnc1","O=C(Cn1[nH]c(=O)c2ccccc2c1=O)NCc1cccnc1","train"
"CHEMBL1596163","CCOC(=O)N1CCN(S(=O)(=O)c2c(C)nn(C)c2C)CC1","CCOC(=O)N1CCN(S(=O)(=O)c2c(C)nn(C)c2C)CC1","train"
"CHEMBL1596164","Cc1ccccc1C(=O)NC(=S)Nc1ccc2[nH]c(O)nc2c1","Cc1ccccc1C(=O)NC(=S)Nc1ccc2[nH]c(O)nc2c1","train"
"CHEMBL1596165","COc1cccc(CSc2nccn2C)c1","COc1cccc(CSc2nccn2C)c1","train"
"CHEMBL1596168","O=C(COc1ccc2ccccc2c1)N[C@@H](C(=O)O)c1ccc(O)cc1","O=C(COc1ccc2ccccc2c1)N[C@@H](C(=O)O)c1ccc(O)cc1","train"
"CHEMBL1596169","O=C(NCCCCc1ccccc1)C12CN(Cc3ccccc3)CC1C(c1cccc([N+](=O)[O-])c1)=NO2","O=C(NCCCCc1ccccc1)C12CN(Cc3ccccc3)CC1C(c1cccc([N+](=O)[O-])c1)=NO2","train"
"CHEMBL1596170","N#Cc1cccc(-c2nc(NCCN3CCOCC3)c3ccccc3n2)c1","N#Cc1cccc(-c2nc(NCCN3CCOCC3)c3ccccc3n2)c1","train"
"CHEMBL1596171","O=C(COc1ccccc1F)N1CCCc2ccccc21","O=C(COc1ccccc1F)N1CCCc2ccccc21","train"
"CHEMBL1596172","CCN1CCCC1Cn1c(-c2ccccc2)nc2c(N(CCOC)CCOC)nc(C)nc21","CCN1CCCC1Cn1c(-c2ccccc2)nc2c(N(CCOC)CCOC)nc(C)nc21","train"
"CHEMBL1596173","O=C1C2CC=CCC2C(=O)N1c1nc(-c2cccnc2)n[nH]1","O=C1C2CC=CCC2C(=O)N1c1nc(-c2cccnc2)n[nH]1","train"
"CHEMBL1596175","O=C1CCc2cc(S(=O)(=O)NCCCC(=O)N3CCN(Cc4ccc5c(c4)OCO5)CC3)ccc2N1","O=C1CCc2cc(S(=O)(=O)NCCCC(=O)N3CCN(Cc4ccc5c(c4)OCO5)CC3)ccc2N1","train"
"CHEMBL1596176","COc1ccccc1CC1(C)NC(=O)N(CC(=O)Nc2cc(C)on2)C1=O","COc1ccccc1CC1(C)NC(=O)N(CC(=O)Nc2cc(C)on2)C1=O","train"
"CHEMBL1596177","N#Cc1ccc(C(=O)Nc2cc(S(=O)(=O)N3CCCC3)ccc2OCC(F)(F)F)cc1","N#Cc1ccc(C(=O)Nc2cc(S(=O)(=O)N3CCCC3)ccc2OCC(F)(F)F)cc1","train"
"CHEMBL1596178","CCN(CC)C(=O)c1csc(Nc2cccc3ccccc23)n1","CCN(CC)C(=O)c1csc(Nc2cccc3ccccc23)n1","train"
"CHEMBL1596179","COc1cc2c(cc1OC)CN(CC(=O)Nc1ccc(C)c(C)c1)CC2","COc1cc2c(cc1OC)CN(CC(=O)Nc1ccc(C)c(C)c1)CC2","train"
"CHEMBL1596180","CCOc1ccc(CNC(=O)CCS(=O)(=O)c2cc3c4c(c2)CCN4C(=O)CC3)cc1OC","CCOc1ccc(CNC(=O)CCS(=O)(=O)c2cc3c4c(c2)CCN4C(=O)CC3)cc1OC","train"
"CHEMBL1596181","Cc1nc(N=C(N)NC(=O)c2ccccc2)nc2ccccc12","Cc1nc(N=C(N)NC(=O)c2ccccc2)nc2ccccc12","train"
"CHEMBL1596182","COC(=O)c1ccc(C(=O)OC)c(NC(=O)c2cnc3n(c2=O)CCS3)c1","COC(=O)c1ccc(C(=O)OC)c(NC(=O)c2cnc3n(c2=O)CCS3)c1","train"
"CHEMBL1596184","Nc1c(C(=O)c2ccc(Cl)cc2)sc2nsc(SCCN3CCOCC3)c12","Nc1c(C(=O)c2ccc(Cl)cc2)sc2nsc(SCCN3CCOCC3)c12","train"
"CHEMBL1596185","CCN(CC(=O)Nc1ccc(NC(C)=O)cc1)C(=O)C(c1ccccc1)c1ccccc1","CCN(CC(=O)Nc1ccc(NC(C)=O)cc1)C(=O)C(c1ccccc1)c1ccccc1","train"
"CHEMBL1596186","O=C(Nc1ccc2c(c1)Cc1ccccc1-2)[C@@H]1[C@H](C(=O)O)[C@]2(Cl)C(Cl)=C(Cl)[C@@]1(Cl)C2(Cl)Cl","O=C(Nc1ccc2c(c1)Cc1ccccc1-2)[C@@H]1[C@H](C(=O)O)[C@]2(Cl)C(Cl)=C(Cl)[C@@]1(Cl)C2(Cl)Cl","train"
"CHEMBL1596187","O=C(CSc1nncc2ccccc12)N1CCOCC1","O=C(CSc1nncc2ccccc12)N1CCOCC1","train"
"CHEMBL1596189","CSc1nsc(SCC(=O)Nc2nncs2)n1","CSc1nsc(SCC(=O)Nc2nncs2)n1","train"
"CHEMBL1596191","COc1ccc(OCC(=O)NNC(=S)NC(=O)C2CCCCC2)cc1","COc1ccc(OCC(=O)NNC(=S)NC(=O)C2CCCCC2)cc1","train"
"CHEMBL1596193","Cc1ccccc1Cc1c(C)nc2nc(SCC(=O)N(C)c3ccccc3)nn2c1C","Cc1ccccc1Cc1c(C)nc2nc(SCC(=O)N(C)c3ccccc3)nn2c1C","train"
"CHEMBL1596194","Cn1c(SCC(=O)Nc2ccc3c[nH]nc3c2)nnc1-c1cccs1","Cn1c(SCC(=O)Nc2ccc3c[nH]nc3c2)nnc1-c1cccs1","train"
"CHEMBL1596195","CCOC(=O)CSc1nnc(-c2ccccc2)o1","CCOC(=O)CSc1nnc(-c2ccccc2)o1","train"
"CHEMBL1596197","O=C(CCN1C(=O)/C(=C/c2cccc(Br)c2)SC1=S)Nc1cccnc1","O=C(CCN1C(=O)/C(=C/c2cccc(Br)c2)SC1=S)Nc1cccnc1","train"
"CHEMBL1596198","Cc1cccc(NN=C2c3ccccc3-c3ccccc32)c1","Cc1cccc(NN=C2c3ccccc3-c3ccccc32)c1","train"
"CHEMBL1596201","O=C(COC(=O)c1nc(Cl)ccc1Cl)Nc1ccccc1OC(F)F","O=C(COC(=O)c1nc(Cl)ccc1Cl)Nc1ccccc1OC(F)F","train"
"CHEMBL1596202","Cc1ccccc1CNC(=O)C(=O)Nc1nccs1","Cc1ccccc1CNC(=O)C(=O)Nc1nccs1","train"
"CHEMBL1596204","COC(=O)c1ccc2ncccc2c1","COC(=O)c1ccc2ncccc2c1","train"
"CHEMBL1596205","COC(=O)C1=C(c2ccc(C(C)=O)cc2)C[C@@H]2CC[C@H]1N2C(=O)NCc1ccco1","COC(=O)C1=C(c2ccc(C(C)=O)cc2)C[C@@H]2CC[C@H]1N2C(=O)NCc1ccco1","train"
"CHEMBL1596206","COC(=O)Nc1ccc2c(c1)N(C(=O)CCCl)c1ccccc1S2","COC(=O)Nc1ccc2c(c1)N(C(=O)CCCl)c1ccccc1S2","train"
"CHEMBL1596207","Cc1ccc(-c2nc(C[S+]([O-])CC(=O)NCCC3=CCCCC3)c(C)o2)cc1","Cc1ccc(-c2nc(C[S+]([O-])CC(=O)NCCC3=CCCCC3)c(C)o2)cc1","train"
"CHEMBL1596208","Nc1cc(O)nc(SCC(=O)Nc2cc(S(=O)(=O)N3CCOCC3)ccc2Cl)n1","Nc1cc(O)nc(SCC(=O)Nc2cc(S(=O)(=O)N3CCOCC3)ccc2Cl)n1","train"
"CHEMBL1596209","Cn1c(Nn2cnnc2)nc2ccccc21","Cn1c(Nn2cnnc2)nc2ccccc21","train"
"CHEMBL1596210","O=[N+]([O-])c1cc(-c2nc(-c3ccncc3)no2)ccc1Cl","O=[N+]([O-])c1cc(-c2nc(-c3ccncc3)no2)ccc1Cl","train"
"CHEMBL1596213","CCc1c(C)sc2nc(SCC(=O)Nc3cc(C)on3)n(CCOC)c(=O)c12","CCc1c(C)sc2nc(SCC(=O)Nc3cc(C)on3)n(CCOC)c(=O)c12","train"
"CHEMBL1596214","COc1cccc(CNC(=O)CN(c2ccc(C(C)C)cc2)S(=O)(=O)c2c(C)n[nH]c2C)c1","COc1cccc(CNC(=O)CN(c2ccc(C(C)C)cc2)S(=O)(=O)c2c(C)n[nH]c2C)c1","train"
"CHEMBL1596215","O=C1c2ccccc2C(=O)N1CCc1ccccn1","O=C1c2ccccc2C(=O)N1CCc1ccccn1","train"
"CHEMBL1596216","CCn1nc(C)c(NC(=O)CC23CC4CC(CC(C4)C2)C3)c1C","CCn1nc(C)c(NC(=O)CC23CC4CC(CC(C4)C2)C3)c1C","train"
"CHEMBL1596217","CCOC(=O)c1nn(-c2cccc(C)c2)c2nnc(Cc3ccc(C)cc3)c(=O)n12","CCOC(=O)c1nn(-c2cccc(C)c2)c2nnc(Cc3ccc(C)cc3)c(=O)n12","train"
"CHEMBL1596218","Cc1c(C)c2ccc(OCC(=O)c3ccccc3)cc2oc1=O","Cc1c(C)c2ccc(OCC(=O)c3ccccc3)cc2oc1=O","train"
"CHEMBL1596220","Cc1cccc(NC(=O)CCn2ccnc2C)c1","Cc1cccc(NC(=O)CCn2ccnc2C)c1","train"
"CHEMBL1596221","O=C(CSc1nnc(-c2ccccc2)n1-c1ccccc1)c1cccs1","O=C(CSc1nnc(-c2ccccc2)n1-c1ccccc1)c1cccs1","train"
"CHEMBL1596222","Clc1ccccc1OCCn1nnc2ccccc21","Clc1ccccc1OCCn1nnc2ccccc21","train"
"CHEMBL1596223","CCOc1cccc(CN(CC)CC2CCCN(CCc3cccc(OC)c3)C2)c1O","CCOc1cccc(CN(CC)CC2CCCN(CCc3cccc(OC)c3)C2)c1O","train"
"CHEMBL1596224","O=C(NC1=NCCS1)c1ccccc1OCc1ccccc1Cl","O=C(NC1=NCCS1)c1ccccc1OCc1ccccc1Cl","train"
"CHEMBL1596225","CCOC(=O)C1(C(F)(F)F)N=C(C(F)(F)F)Nc2ccccc21","CCOC(=O)C1(C(F)(F)F)N=C(C(F)(F)F)Nc2ccccc21","train"
"CHEMBL1596226","CCSC1(SCC)N=C(N)C2(C#N)C(c3ccc(F)cc3)C12C#N","CCSC1(SCC)N=C(N)C2(C#N)C(c3ccc(F)cc3)C12C#N","train"
"CHEMBL1596227","Cc1ccccc1-c1ccc(=O)n(CC(=O)Nc2ccc(-n3cnnn3)cc2)n1","Cc1ccccc1-c1ccc(=O)n(CC(=O)Nc2ccc(-n3cnnn3)cc2)n1","train"
"CHEMBL1596229","CCOc1ccc(CNC(=O)c2oc3c(c2C)-c2nn(Cc4cccc(Cl)c4)cc2CC3)cc1","CCOc1ccc(CNC(=O)c2oc3c(c2C)-c2nn(Cc4cccc(Cl)c4)cc2CC3)cc1","train"
"CHEMBL1596231","CCOc1ccc2cc(S(=O)(=O)N3CCN(C)CC3)ccc2c1","CCOc1ccc2cc(S(=O)(=O)N3CCN(C)CC3)ccc2c1","train"
"CHEMBL1596233","COc1cc2c(cc1OC)n(CC(=O)Nc1ccccc1)c(=O)n1nc(-c3ccccc3)nc21","COc1cc2c(cc1OC)n(CC(=O)Nc1ccccc1)c(=O)n1nc(-c3ccccc3)nc21","train"
"CHEMBL1596234","Cc1ccc(NC(=O)c2ccc(C#CC3(O)CCCCC3)cc2)cc1C","Cc1ccc(NC(=O)c2ccc(C#CC3(O)CCCCC3)cc2)cc1C","train"
"CHEMBL1596235","CC(C)CN1CC[C@@]2(CCCN(C(=O)c3cccc(F)c3)C2)C1","CC(C)CN1CC[C@@]2(CCCN(C(=O)c3cccc(F)c3)C2)C1","train"
"CHEMBL1880966","CCOc1ccc(S(=O)(=O)N(CC)CC)cc1N","CCOc1ccc(S(=O)(=O)N(CC)CC)cc1N","train"
"CHEMBL1880967","O=C(c1ccc(OC2CCN(Cc3ccccn3)CC2)cc1)N1CCCC(O)C1","O=C(c1ccc(OC2CCN(Cc3ccccn3)CC2)cc1)N1CCCC(O)C1","train"
"CHEMBL1880968","CC(=O)c1cccc(-c2cnc3c(NC=O)cc(-c4ccccc4F)cn23)c1","CC(=O)c1cccc(-c2cnc3c(NC=O)cc(-c4ccccc4F)cn23)c1","train"
"CHEMBL1880969","O=[N+]([O-])c1ccc(Cc2ccc([N+](=O)[O-])cc2)cc1","O=[N+]([O-])c1ccc(Cc2ccc([N+](=O)[O-])cc2)cc1","train"
"CHEMBL1880970","CC12C(C(=O)O)C1(c1ccccc1)C2C(=O)O","CC12C(C(=O)O)C1(c1ccccc1)C2C(=O)O","train"
"CHEMBL1880972","CCCOc1cccc(C(=O)NCCNC(=O)c2ccc(C)nc2)c1","CCCOc1cccc(C(=O)NCCNC(=O)c2ccc(C)nc2)c1","train"
"CHEMBL1880974","O=C(NCCS(=O)(=O)N1CCN(c2ccccc2)CC1)C(c1ccccc1)c1ccccc1","O=C(NCCS(=O)(=O)N1CCN(c2ccccc2)CC1)C(c1ccccc1)c1ccccc1","train"
"CHEMBL1880975","COc1cc(C(=O)OCC(=O)Nc2cccc(S(=O)(=O)N3CCOCC3)c2)ccc1OCC(C)C","COc1cc(C(=O)OCC(=O)Nc2cccc(S(=O)(=O)N3CCOCC3)c2)ccc1OCC(C)C","train"
"CHEMBL1880976","Cc1c(C(=O)C2=C(O)C(=O)N(CCCN(C)C)C2c2cccs2)cnn1-c1ccccc1","Cc1c(C(=O)C2=C(O)C(=O)N(CCCN(C)C)C2c2cccs2)cnn1-c1ccccc1","train"
"CHEMBL1880978","CC1CC=C(O)C12OCC(C)(C)CO2","CC1CC=C(O)C12OCC(C)(C)CO2","train"
"CHEMBL1880979","Cc1ccc(C)c(NC(=O)COC(=O)CCNC(=O)c2ccco2)c1","Cc1ccc(C)c(NC(=O)COC(=O)CCNC(=O)c2ccco2)c1","train"
"CHEMBL1880980","Cc1ccsc1C(=O)Nc1ccccc1N1CCCC1","Cc1ccsc1C(=O)Nc1ccccc1N1CCCC1","train"
"CHEMBL1880981","COc1cc(OC)cc(-c2c(C#Cc3ccsc3)c3cc(-c4cccc5[nH]ccc45)ccc3n2C)c1","COc1cc(OC)cc(-c2c(C#Cc3ccsc3)c3cc(-c4cccc5[nH]ccc45)ccc3n2C)c1","train"
"CHEMBL1880983","CCOC(=O)CC(SP1(=S)OCC2(CCCCO2)C(C2CCCCO2)O1)C(=O)OCC","CCOC(=O)CC(SP1(=S)OCC2(CCCCO2)C(C2CCCCO2)O1)C(=O)OCC","train"
"CHEMBL1880984","C(=C/c1ccccc1)\CN1CCN(C(c2nnnn2C2CCCCC2)C2CC2)CC1","C(=C\c1ccccc1)/CN1CCN(C(c2nnnn2C2CCCCC2)C2CC2)CC1","train"
"CHEMBL1880987","Cc1sc2ncn(CC(=O)Nc3ccc(F)cc3F)c(=O)c2c1S(=O)(=O)N1CCC(C)CC1","Cc1sc2ncn(CC(=O)Nc3ccc(F)cc3F)c(=O)c2c1S(=O)(=O)N1CCC(C)CC1","train"
"CHEMBL1880988","O=C(Nc1ccc2c(c1)OCO2)c1csc([C@@H]2C[C@H](O)[C@@H](CO)O2)n1","O=C(Nc1ccc2c(c1)OCO2)c1csc([C@@H]2C[C@H](O)[C@@H](CO)O2)n1","train"
"CHEMBL1880989","Cc1cc(C)c(C(O)c2nc(-c3cccc(F)c3)c[nH]2)c(C)c1","Cc1cc(C)c(C(O)c2nc(-c3cccc(F)c3)c[nH]2)c(C)c1","train"
"CHEMBL1880990","Cc1nn(Cc2ccccc2)c(C)c1CNC(=O)c1ccc(F)c(S(=O)(=O)N2CCOCC2)c1","Cc1nn(Cc2ccccc2)c(C)c1CNC(=O)c1ccc(F)c(S(=O)(=O)N2CCOCC2)c1","train"
"CHEMBL1880992","N#CCCn1nc(Cc2cccc3ccccc23)c(C#N)c1N","N#CCCn1nc(Cc2cccc3ccccc23)c(C#N)c1N","train"
"CHEMBL1880996","OCC[C@H]1C[C@@H](O)[C@H](O)[C@]2(Cc3ccccc3CCO2)O1","OCC[C@H]1C[C@@H](O)[C@H](O)[C@]2(Cc3ccccc3CCO2)O1","train"
"CHEMBL1880997","C#CCN1C(=O)CCC23C1=NC(C(=O)OC)=C(C(=O)OC)C2N(C)c1ccccc13","C#CCN1C(=O)CCC23C1=NC(C(=O)OC)=C(C(=O)OC)C2N(C)c1ccccc13","train"
"CHEMBL1880998","O=C(COC(=O)c1ccccn1)NCCc1ccc(Cl)cc1","O=C(COC(=O)c1ccccn1)NCCc1ccc(Cl)cc1","train"
"CHEMBL1880999","COc1ccccc1C(=O)NNC(=O)C1CCN(C(=O)OC(C)(C)C)CC1","COc1ccccc1C(=O)NNC(=O)C1CCN(C(=O)OC(C)(C)C)CC1","train"
"CHEMBL1881000","N#Cc1ccc(C(=O)N2CCC3CC2c2cc(-c4ccccc4)ccc23)cc1","N#Cc1ccc(C(=O)N2CCC3CC2c2cc(-c4ccccc4)ccc23)cc1","train"
"CHEMBL1881001","COc1cccc(C2=NOC(C(=O)NCC3CCCO3)C2)c1","COc1cccc(C2=NOC(C(=O)NCC3CCCO3)C2)c1","train"
"CHEMBL1881002","Cc1cc(S(=O)(=O)NCC(C)C)ccc1OCC(=O)NC1CC1","Cc1cc(S(=O)(=O)NCC(C)C)ccc1OCC(=O)NC1CC1","train"
"CHEMBL1881003","O=S1(=O)c2c(F)cccc2O[C@@H](COCc2ccccc2)CN1CCc1ccc(F)cc1","O=S1(=O)c2c(F)cccc2O[C@@H](COCc2ccccc2)CN1CCc1ccc(F)cc1","train"
"CHEMBL1881006","CCOC(=O)c1c(S(=O)(=O)NCC(=O)NCc2cccc(C)c2)c(C)n(C)c1C","CCOC(=O)c1c(S(=O)(=O)NCC(=O)NCc2cccc(C)c2)c(C)n(C)c1C","train"
"CHEMBL1881007","O=C(NCC(=O)N(c1cccnc1)C(C(=O)NCc1ccco1)c1ccccc1)c1ccco1","O=C(NCC(=O)N(c1cccnc1)C(C(=O)NCc1ccco1)c1ccccc1)c1ccco1","train"
"CHEMBL1881008","Cc1ccc(S(C)(=O)=O)cc1C(=O)Nc1ccc(S(=O)(=O)Nc2nccs2)cc1","Cc1ccc(S(C)(=O)=O)cc1C(=O)Nc1ccc(S(=O)(=O)Nc2nccs2)cc1","train"
"CHEMBL1881009","O=C1C(Cc2ccc(O)cc2)NC(=S)N1C1CCCCC1","O=C1C(Cc2ccc(O)cc2)NC(=S)N1C1CCCCC1","train"
"CHEMBL1881010","Cn1cnc(S(=O)(=O)N2CCCC(c3cc(C(=O)Nc4ccc(F)c(Cl)c4)no3)C2)c1","Cn1cnc(S(=O)(=O)N2CCCC(c3cc(C(=O)Nc4ccc(F)c(Cl)c4)no3)C2)c1","train"
"CHEMBL1881012","CCc1ccccc1NC(=O)C1CCCN(c2ncnc3onc(-c4ccc(F)cc4)c23)C1","CCc1ccccc1NC(=O)C1CCCN(c2ncnc3onc(-c4ccc(F)cc4)c23)C1","train"
"CHEMBL1881013","COc1ccc([N+](=O)[O-])cc1NC(=O)C(C)OC(=O)Cc1ccc(OC)c(OC)c1","COc1ccc([N+](=O)[O-])cc1NC(=O)C(C)OC(=O)Cc1ccc(OC)c(OC)c1","train"
"CHEMBL1881016","COc1ccc(-c2cc(NC(C)=O)c3ncc(-c4cccc(C(F)(F)F)c4)n3c2)c(OC)c1","COc1ccc(-c2cc(NC(C)=O)c3ncc(-c4cccc(C(F)(F)F)c4)n3c2)c(OC)c1","train"
"CHEMBL1881019","COc1cc(CO)ccc1OCC(=O)Nc1cccc2ccccc12","COc1cc(CO)ccc1OCC(=O)Nc1cccc2ccccc12","train"
"CHEMBL1881020","Cc1ccc(C23OC(=O)C(C)(C)C2OC(=O)C3(C)C)cc1","Cc1ccc(C23OC(=O)C(C)(C)C2OC(=O)C3(C)C)cc1","train"
"CHEMBL1881021","Cc1ccc(OCCCC(=O)N2CCN(S(=O)(=O)c3cccc(F)c3)CC2)cc1","Cc1ccc(OCCCC(=O)N2CCN(S(=O)(=O)c3cccc(F)c3)CC2)cc1","train"
"CHEMBL1881022","COc1cc(NC(=O)CC[C@H]2O[C@@H](n3cnc4c(NC(=O)c5ccccc5)ncnc43)[C@H](O)[C@@H]2O)cc(OC)c1OC","COc1cc(NC(=O)CC[C@H]2O[C@@H](n3cnc4c(NC(=O)c5ccccc5)ncnc43)[C@H](O)[C@@H]2O)cc(OC)c1OC","train"
"CHEMBL1881024","Cc1cc(-c2ccc(C)c(S(=O)(=O)Nc3cc(C)on3)c2)on1","Cc1cc(-c2ccc(C)c(S(=O)(=O)Nc3cc(C)on3)c2)on1","train"
"CHEMBL1881027","O=C(CN(C(=O)c1ccccc1)C(=O)c1ccccc1)OCc1ccccc1","O=C(CN(C(=O)c1ccccc1)C(=O)c1ccccc1)OCc1ccccc1","train"
"CHEMBL1881028","COCc1cnc(C2=NC(C)(C(C)C)C(=O)N2)c(C(=O)O)c1","COCc1cnc(C2=NC(C)(C(C)C)C(=O)N2)c(C(=O)O)c1","train"
"CHEMBL1881029","CCn1cc(C(=O)NCCCN2CCC(C)CC2)c(=O)c2cc(S(=O)(=O)N3CCOCC3)ccc21","CCn1cc(C(=O)NCCCN2CCC(C)CC2)c(=O)c2cc(S(=O)(=O)N3CCOCC3)ccc21","train"
"CHEMBL1881030","CCc1cccc(C)c1NC(=O)c1cc2ccccc2o1","CCc1cccc(C)c1NC(=O)c1cc2ccccc2o1","train"
"CHEMBL1881031","CCCCn1nnnc1C(c1ccc(OC)cc1)N1CCC(n2c(O)nc3ccccc32)CC1","CCCCn1nnnc1C(c1ccc(OC)cc1)N1CCC(n2c(O)nc3ccccc32)CC1","train"
"CHEMBL1881032","COc1ccc(/C=C(/C#N)c2nc(-c3ccccc3C)no2)cc1O","COc1ccc(/C=C(/C#N)c2nc(-c3ccccc3C)no2)cc1O","train"
"CHEMBL1881033","Oc1ccc(C=NN=Cc2ccco2)c(O)c1","Oc1ccc(C=NN=Cc2ccco2)c(O)c1","train"
"CHEMBL1881036","Cc1ccc(Cn2nnc3c(=O)n(CC(=O)N4CCCCC4)cnc32)cc1","Cc1ccc(Cn2nnc3c(=O)n(CC(=O)N4CCCCC4)cnc32)cc1","train"
"CHEMBL1881037","CNc1c(NS(=O)(=O)c2cc(OC)ccc2OC)c(=O)oc2ccccc12","CNc1c(NS(=O)(=O)c2cc(OC)ccc2OC)c(=O)oc2ccccc12","train"
"CHEMBL1881039","O=C1NC2=C(C(=O)CCC2)C(c2ccccc2Cl)N1","O=C1NC2=C(C(=O)CCC2)C(c2ccccc2Cl)N1","train"
"CHEMBL1881042","Cc1ccc(NC(=O)CN(C)C(=O)c2ccc(NC(=O)CC3SC(N4CCCC4)=NC3=O)cc2)cc1","Cc1ccc(NC(=O)CN(C)C(=O)c2ccc(NC(=O)CC3SC(N4CCCC4)=NC3=O)cc2)cc1","train"
"CHEMBL1881043","COc1cc(NC(=O)c2cc(-c3ccco3)on2)cc(OC)c1OC","COc1cc(NC(=O)c2cc(-c3ccco3)on2)cc(OC)c1OC","train"
"CHEMBL1881047","CC(C)CNc1ncnc2c1ncn2[C@H]1CN(Cc2cccs2)C[C@@H](CO)O1","CC(C)CNc1ncnc2c1ncn2[C@H]1CN(Cc2cccs2)C[C@@H](CO)O1","train"
"CHEMBL1881048","CC(=O)Nc1cccc(/C(C)=N/NC(=O)c2cccc(S(=O)(=O)N3CCCC3)c2)c1","CC(=O)Nc1cccc(/C(C)=N/NC(=O)c2cccc(S(=O)(=O)N3CCCC3)c2)c1","train"
"CHEMBL1881049","CCN1CCN(S(=O)(=O)c2ccc(Cl)c(C(=O)N(CC(C)C)C3CCS(=O)(=O)C3)c2)CC1","CCN1CCN(S(=O)(=O)c2ccc(Cl)c(C(=O)N(CC(C)C)C3CCS(=O)(=O)C3)c2)CC1","train"
"CHEMBL1881050","O=S(=O)(Nc1ccc2c3c(cccc13)CC2)c1ccccc1","O=S(=O)(Nc1ccc2c3c(cccc13)CC2)c1ccccc1","train"
"CHEMBL1881051","CC(C)(C)C(=O)Nc1ccc(F)cc1[N+](=O)[O-]","CC(C)(C)C(=O)Nc1ccc(F)cc1[N+](=O)[O-]","train"
"CHEMBL1881052","Cc1c(NS(=O)(=O)c2cccc(C(=O)OCC(=O)c3ccc(Cl)cc3)c2)c(=O)n(-c2ccccc2)n1C","Cc1c(NS(=O)(=O)c2cccc(C(=O)OCC(=O)c3ccc(Cl)cc3)c2)c(=O)n(-c2ccccc2)n1C","train"
"CHEMBL1881056","O=C(Nc1ccc(S(=O)(=O)NC2=NCCCCC2)cc1)c1cccc(OC(F)F)c1","O=C(Nc1ccc(S(=O)(=O)NC2=NCCCCC2)cc1)c1cccc(OC(F)F)c1","train"
"CHEMBL1881057","CCN(CCO)c1ccc(Nc2cc(-c3ccc(-c4ccccc4)cc3)ncn2)cc1","CCN(CCO)c1ccc(Nc2cc(-c3ccc(-c4ccccc4)cc3)ncn2)cc1","train"
"CHEMBL1881058","O=C(NCC(=O)N1CC=C(c2ccccc2)CC1)c1ccc(F)cc1","O=C(NCC(=O)N1CC=C(c2ccccc2)CC1)c1ccc(F)cc1","train"
"CHEMBL1881059","Fc1ccccc1N=C(S)N1CCCCC1","Fc1ccccc1N=C(S)N1CCCCC1","train"
"CHEMBL1881060","O=c1c2ccccc2nc(-c2ccccc2)n1-c1ccccn1","O=c1c2ccccc2nc(-c2ccccc2)n1-c1ccccn1","train"
"CHEMBL1881061","COc1cccc(C(C(=O)NC2CCCCC2)N(C(=O)CNC(=O)c2ccco2)c2cccnc2)c1","COc1cccc(C(C(=O)NC2CCCCC2)N(C(=O)CNC(=O)c2ccco2)c2cccnc2)c1","train"
"CHEMBL1881062","COc1ccc(NC(=O)Nc2cccc3c2O[C@H](CN(C)Cc2ccc(-c4ccccc4)cc2)[C@@H](C)CN([C@H](C)CO)C3=O)cc1","COc1ccc(NC(=O)Nc2cccc3c2O[C@H](CN(C)Cc2ccc(-c4ccccc4)cc2)[C@@H](C)CN([C@H](C)CO)C3=O)cc1","train"
"CHEMBL1881065","O=C(COc1ccc(S(=O)(=O)N2CCCCC2)cc1)NCc1ccccn1","O=C(COc1ccc(S(=O)(=O)N2CCCCC2)cc1)NCc1ccccn1","train"
"CHEMBL1881067","CCNC(=O)CN(c1ccc(OC)c(OC)c1)S(=O)(=O)c1ccccc1","CCNC(=O)CN(c1ccc(OC)c(OC)c1)S(=O)(=O)c1ccccc1","train"
"CHEMBL1881068","CC(C)(O)C1C2OC(=O)C1C1(O)CC3OC34C(=O)OC2C14C","CC(C)(O)C1C2OC(=O)C1C1(O)CC3OC34C(=O)OC2C14C","train"
"CHEMBL1881070","Cc1cc(NC(=O)CSc2nnc(NCc3ccccc3)s2)no1","Cc1cc(NC(=O)CSc2nnc(NCc3ccccc3)s2)no1","train"
"CHEMBL1881071","CCCNC(=O)c1onc(CSc2ccc(F)cc2)c1C(=O)NC(C)C","CCCNC(=O)c1onc(CSc2ccc(F)cc2)c1C(=O)NC(C)C","train"
"CHEMBL1881072","CC(C)COc1ccc(C(=O)NNC(=O)c2ccc(O)nc2)cc1","CC(C)COc1ccc(C(=O)NNC(=O)c2ccc(O)nc2)cc1","train"
"CHEMBL1881074","CCOC(=O)c1c(C)[nH]c(C)c1C(=O)COC(=O)c1sccc1C","CCOC(=O)c1c(C)[nH]c(C)c1C(=O)COC(=O)c1sccc1C","train"
"CHEMBL1881075","COC(c1ccccc1)c1nnc(CCC(=O)N2CCN(CCOc3ccccc3)CC2)o1","COC(c1ccccc1)c1nnc(CCC(=O)N2CCN(CCOc3ccccc3)CC2)o1","train"
"CHEMBL1881077","CN(C(=O)c1cccc(NC(=O)Cc2cccc(NC(=O)C3CCN(C(=O)C4CCCC4)CC3)c2)c1)C1CC1","CN(C(=O)c1cccc(NC(=O)Cc2cccc(NC(=O)C3CCN(C(=O)C4CCCC4)CC3)c2)c1)C1CC1","train"
"CHEMBL1881078","CCn1cc(C(=O)N[C@@H](CCSC)C(=O)NCCOC)c(=O)c2cc3c(cc21)OCO3","CCn1cc(C(=O)N[C@@H](CCSC)C(=O)NCCOC)c(=O)c2cc3c(cc21)OCO3","train"
"CHEMBL1881082","CN(C(=O)CSc1nc2ccccc2n1CC(=O)N(C)C1CCCCC1)c1ccc(F)cc1","CN(C(=O)CSc1nc2ccccc2n1CC(=O)N(C)C1CCCCC1)c1ccc(F)cc1","train"
"CHEMBL1881083","CCOC1=C(C#N)CC2(CC1)c1ccccc1-c1ccccc12","CCOC1=C(C#N)CC2(CC1)c1ccccc1-c1ccccc12","train"
"CHEMBL1881084","O=C1NC[C@H](Cc2ccccc2)N(CC2CCN(CCC3CCCC3)CC2)C1=O","O=C1NC[C@H](Cc2ccccc2)N(CC2CCN(CCC3CCCC3)CC2)C1=O","train"
"CHEMBL1881086","Cc1cc(NC(=O)COC(=O)c2ccccc2OCCOc2ccccc2)ccc1Br","Cc1cc(NC(=O)COC(=O)c2ccccc2OCCOc2ccccc2)ccc1Br","train"
"CHEMBL1881087","CC(=O)Nc1cc2c3c(c1)CCN3C(=O)CC2","CC(=O)Nc1cc2c3c(c1)CCN3C(=O)CC2","train"
"CHEMBL1881088","O=C(O)c1ccc(Cn2cnc3c(O)ncnc32)cc1","O=C(O)c1ccc(Cn2cnc3c(O)ncnc32)cc1","train"
"CHEMBL1881089","Cc1ccccc1NS(=O)(=O)c1nnc(NC(=O)C(C)C)s1","Cc1ccccc1NS(=O)(=O)c1nnc(NC(=O)C(C)C)s1","train"
"CHEMBL1881090","O=C(Nc1ccccc1Br)c1cnn2c1NC(=C1CC1)C=C2C(F)F","O=C(Nc1ccccc1Br)c1cnn2c1NC(=C1CC1)C=C2C(F)F","train"
"CHEMBL1881091","O=C(CN=C(S)N(Cc1ccc(F)cc1)C1CCCCC1)NCC1CCCO1","O=C(CN=C(S)N(Cc1ccc(F)cc1)C1CCCCC1)NCC1CCCO1","train"
"CHEMBL1881092","COc1cccc(C2=NOC(C(=O)NC(C)(C)C)C2)c1","COc1cccc(C2=NOC(C(=O)NC(C)(C)C)C2)c1","train"
"CHEMBL1881093","O=C(CNC(=O)c1ccc(Br)cc1)NCc1cccnc1","O=C(CNC(=O)c1ccc(Br)cc1)NCc1cccnc1","train"
"CHEMBL1881094","CCC(=O)N1CC(=O)Nc2ccc(Br)cc2C1c1ccccc1","CCC(=O)N1CC(=O)Nc2ccc(Br)cc2C1c1ccccc1","train"
"CHEMBL1881095","Fc1ccc(-c2nc3ccc(Br)cn3c2Cc2cccc(F)c2)cc1","Fc1ccc(-c2nc3ccc(Br)cn3c2Cc2cccc(F)c2)cc1","train"
"CHEMBL1881096","Cc1ccc(NC(=O)Cc2coc3ccc(C(C)C)cc23)c(C)c1","Cc1ccc(NC(=O)Cc2coc3ccc(C(C)C)cc23)c(C)c1","train"
"CHEMBL1881098","Cc1cccc(N2CCN(C(=O)c3ccc(Cl)c(NC4=NC5CS(=O)(=O)CC5S4)c3)CC2C)c1","Cc1cccc(N2CCN(C(=O)c3ccc(Cl)c(NC4=NC5CS(=O)(=O)CC5S4)c3)CC2C)c1","train"
"CHEMBL1881099","CCOc1cc2[nH]c(=S)n(CCCN3CCN(C)CC3)c(=O)c2cc1OCC","CCOc1cc2[nH]c(=S)n(CCCN3CCN(C)CC3)c(=O)c2cc1OCC","train"
"CHEMBL1881100","CCOC(=O)C1=CCC(c2ccccc2C(F)(F)F)N(S(=O)(=O)c2ccc(C)cc2)C1","CCOC(=O)C1=CCC(c2ccccc2C(F)(F)F)N(S(=O)(=O)c2ccc(C)cc2)C1","train"
"CHEMBL1881102","Cc1ccc(-c2ccc(CN3C(CC(C)C)C(=O)N(Cc4cn(CCC5OCCCO5)nn4)CCS3(=O)=O)cc2)cc1","Cc1ccc(-c2ccc(CN3C(CC(C)C)C(=O)N(Cc4cn(CCC5OCCCO5)nn4)CCS3(=O)=O)cc2)cc1","train"
"CHEMBL1881105","C[C@@H]1CN([C@@H](C)CO)C(=O)c2c(c3ccccc3n2C)-c2ccccc2CO[C@H]1CN(C)C(=O)[C@H](C)c1ccccc1","C[C@@H]1CN([C@@H](C)CO)C(=O)c2c(c3ccccc3n2C)-c2ccccc2CO[C@H]1CN(C)C(=O)[C@H](C)c1ccccc1","train"
"CHEMBL1881106","CCOC(=O)c1c(C)n(C)c2ccc(O)cc12","CCOC(=O)c1c(C)n(C)c2ccc(O)cc12","train"
"CHEMBL1881107","O=C(COC(=O)c1ccccc1F)NC1CCCC1","O=C(COC(=O)c1ccccc1F)NC1CCCC1","train"
"CHEMBL1881110","CC(=O)c1nn(-c2cccc(C)c2)cc1C(=O)c1cccc(Br)c1","CC(=O)c1nn(-c2cccc(C)c2)cc1C(=O)c1cccc(Br)c1","train"
"CHEMBL1881111","Cn1ccc2c(N3CCCC3)cc3c(c21)C1CCC3C1","Cn1ccc2c(N3CCCC3)cc3c(c21)C1CCC3C1","train"
"CHEMBL1881113","N#CC(CCN1CCOCC1)(c1ccccc1)c1ccccc1","N#CC(CCN1CCOCC1)(c1ccccc1)c1ccccc1","train"
"CHEMBL1881115","O=C(O)CCC(=O)N1CCN(S(=O)(=O)c2ccc3ccccc3c2)CC1","O=C(O)CCC(=O)N1CCN(S(=O)(=O)c2ccc3ccccc3c2)CC1","train"
"CHEMBL1881117","CC1=C(C(=O)N2CCOCC2)CC(CC(=O)NC2CC2)C(=O)N1Cc1ccc(C(C)(C)C)cc1","CC1=C(C(=O)N2CCOCC2)CC(CC(=O)NC2CC2)C(=O)N1Cc1ccc(C(C)(C)C)cc1","train"
"CHEMBL1881118","COc1ccc(CCC(=O)NC2CCC(C)CC2)cc1","COc1ccc(CCC(=O)NC2CCC(C)CC2)cc1","train"
"CHEMBL1881119","C#Cc1ccc(NC(=O)C2(C)CCN2C(=O)c2cc(C)n(C)n2)cc1","C#Cc1ccc(NC(=O)C2(C)CCN2C(=O)c2cc(C)n(C)n2)cc1","train"
"CHEMBL1881120","CC(=O)c1ccccc1[N+](=O)[O-]","CC(=O)c1ccccc1[N+](=O)[O-]","train"
"CHEMBL1881121","CCOc1ccc(NC(=O)c2nnn(-c3ccc(F)c(Cl)c3)c2C)cc1","CCOc1ccc(NC(=O)c2nnn(-c3ccc(F)c(Cl)c3)c2C)cc1","train"
"CHEMBL1881122","OCCN1c2ccccc2CCc2ccccc21","OCCN1c2ccccc2CCc2ccccc21","train"
"CHEMBL1881123","O=C(c1cccc(NS(=O)(=O)c2cccc(C(F)(F)F)c2)c1)N1CCOCC1","O=C(c1cccc(NS(=O)(=O)c2cccc(C(F)(F)F)c2)c1)N1CCOCC1","train"
"CHEMBL1881124","CCSc1nc2c([nH]c3ccccc32)c(=O)n1-c1ccc(F)cc1","CCSc1nc2c([nH]c3ccccc32)c(=O)n1-c1ccc(F)cc1","train"
"CHEMBL1881125","O=C(Cn1nc(Cc2cccnc2)c2ccccc2c1=O)Nc1cccnc1Cl","O=C(Cn1nc(Cc2cccnc2)c2ccccc2c1=O)Nc1cccnc1Cl","train"
"CHEMBL1881127","Cc1ccccc1NC(=O)CCCN1C(=O)C2CC=CCC2C1=O","Cc1ccccc1NC(=O)CCCN1C(=O)C2CC=CCC2C1=O","train"
"CHEMBL1881129","Cc1ccc(N2CC(NC(=O)C3CC3)CC2=O)cc1C","Cc1ccc(N2CC(NC(=O)C3CC3)CC2=O)cc1C","train"
"CHEMBL1881130","Cc1cc(=O)oc2cc(OCC(=O)NC3CC(C)(C)NC(C)(C)C3)c(Cl)cc12","Cc1cc(=O)oc2cc(OCC(=O)NC3CC(C)(C)NC(C)(C)C3)c(Cl)cc12","train"
"CHEMBL1881131","CCCCn1c(C)cc2c(c1=O)[C@H]1O[C@](CCCCN3C(=O)c4ccccc4C3=O)(Cc3ccccc31)O2","CCCCn1c(C)cc2c(c1=O)[C@H]1O[C@](CCCCN3C(=O)c4ccccc4C3=O)(Cc3ccccc31)O2","train"
"CHEMBL1881132","CC(=O)C1=C(c2ccccc2)NC(=O)NC1c1ccc(O)c(Cl)c1","CC(=O)C1=C(c2ccccc2)NC(=O)NC1c1ccc(O)c(Cl)c1","train"
"CHEMBL1881133","COCCNc1nc(NCc2ccc(NC(C)=O)cc2)c2sc(-c3ccccc3)cc2n1","COCCNc1nc(NCc2ccc(NC(C)=O)cc2)c2sc(-c3ccccc3)cc2n1","train"
"CHEMBL1881134","C=CCOC(=O)C1=C(C)NC(SCC(=O)N(CC)CC)=C(C#N)[C@@H]1c1ccccc1","C=CCOC(=O)C1=C(C)NC(SCC(=O)N(CC)CC)=C(C#N)[C@@H]1c1ccccc1","train"
"CHEMBL1881136","CCOC(=O)Cc1csc(NC(=O)CSc2nc(O)nc3c2CCC3)n1","CCOC(=O)Cc1csc(NC(=O)CSc2nc(O)nc3c2CCC3)n1","train"
"CHEMBL1881139","CC1CC(=O)Nc2ccccc2N1C(=O)Nc1ccccc1","CC1CC(=O)Nc2ccccc2N1C(=O)Nc1ccccc1","train"
"CHEMBL1881140","CCN(CC)CCN1CCN(c2cncc(-c3ccc4ccccc4c3)n2)CC1","CCN(CC)CCN1CCN(c2cncc(-c3ccc4ccccc4c3)n2)CC1","train"
"CHEMBL1881141","O=C(NCc1cccc(F)c1)C1CCC(=O)N(C2CC2)C1","O=C(NCc1cccc(F)c1)C1CCC(=O)N(C2CC2)C1","train"
"CHEMBL1881143","COc1ccccc1NC(=O)COC(=O)C1=NN(c2ccccc2)C(=O)CC1","COc1ccccc1NC(=O)COC(=O)C1=NN(c2ccccc2)C(=O)CC1","train"
"CHEMBL1881144","O=C(Nc1ccc2nc(SCC(=O)N3CCOCC3)sc2c1)c1cccc(F)c1","O=C(Nc1ccc2nc(SCC(=O)N3CCOCC3)sc2c1)c1cccc(F)c1","train"
"CHEMBL1881145","CSCCC(NC(=O)c1ccccc1Cl)C(=O)N1CC(C)OC(C)C1","CSCCC(NC(=O)c1ccccc1Cl)C(=O)N1CC(C)OC(C)C1","train"
"CHEMBL1881147","CCC(=O)N1CCC(C(N)=O)(N2CCCCC2)CC1","CCC(=O)N1CCC(C(N)=O)(N2CCCCC2)CC1","train"
"CHEMBL1881150","CCCCC1CCC(C(=O)N(C)CC(=O)Nc2cccc(OC)c2)CC1","CCCCC1CCC(C(=O)N(C)CC(=O)Nc2cccc(OC)c2)CC1","train"
"CHEMBL1881151","CC(=O)Nc1ccccc1NC(=O)c1cc(C)ccc1C","CC(=O)Nc1ccccc1NC(=O)c1cc(C)ccc1C","train"
"CHEMBL1881153","COc1ccccc1NS(=O)(=O)c1cccc(NC(S)=NCCN2CCOCC2)c1","COc1ccccc1NS(=O)(=O)c1cccc(NC(S)=NCCN2CCOCC2)c1","train"
"CHEMBL1881155","O=C(C[C@@H]1C/C=C\C[C@@H](Cc2ccc(F)cc2)C(=O)OC[C@@H](Cc2c[nH]c3ccccc23)NC1=O)NCCO","O=C(C[C@@H]1C/C=C\C[C@@H](Cc2ccc(F)cc2)C(=O)OC[C@@H](Cc2c[nH]c3ccccc23)NC1=O)NCCO","train"
"CHEMBL1881156","N#CC(=Nc1ccccc1)c1ccccc1","N#CC(=Nc1ccccc1)c1ccccc1","train"
"CHEMBL1881157","COCCNC(=O)C(=O)c1c(-c2ccccc2)[nH]c2ccccc12","COCCNC(=O)C(=O)c1c(-c2ccccc2)[nH]c2ccccc12","train"
"CHEMBL1881161","Oc1ccc2c(c1)c1ccccc1c1ncccc21","Oc1ccc2c(c1)c1ccccc1c1ncccc21","train"
"CHEMBL1881162","CCc1nc2c(OCc3ccc(F)cc3)cccn2c1N(C)C(=O)COc1ccccc1","CCc1nc2c(OCc3ccc(F)cc3)cccn2c1N(C)C(=O)COc1ccccc1","train"
"CHEMBL1881163","COc1cccc(Nc2ccc(-n3ccnc3)nn2)c1","COc1cccc(Nc2ccc(-n3ccnc3)nn2)c1","train"
"CHEMBL1881165","COc1ccc(-c2nnc(SCC(=O)N3CCC(C)CC3)[nH]2)cc1","COc1ccc(-c2nnc(SCC(=O)N3CCC(C)CC3)[nH]2)cc1","train"
"CHEMBL1881166","CCn1c(CCC(=O)Nc2ccccc2F)nnc1SCC(=O)Nc1ccc(OC)cc1","CCn1c(CCC(=O)Nc2ccccc2F)nnc1SCC(=O)Nc1ccc(OC)cc1","train"
"CHEMBL1881168","O=[N+]([O-])c1cccc(C=NN=Cc2ccccc2O)c1","O=[N+]([O-])c1cccc(C=NN=Cc2ccccc2O)c1","train"
"CHEMBL1881170","O=Cc1ccc(C(=O)OCC(=O)NCc2ccco2)cc1","O=Cc1ccc(C(=O)OCC(=O)NCc2ccco2)cc1","train"
"CHEMBL1881171","COc1cc(C(=O)NCC(=O)OCCN2C(=O)c3ccccc3C2=O)cc(OC)c1OC","COc1cc(C(=O)NCC(=O)OCCN2C(=O)c3ccccc3C2=O)cc(OC)c1OC","train"
"CHEMBL1881172","CN(C)c1ccc(-c2cc(NC=O)c3ncc(-c4ccc(F)c(Cl)c4)n3c2)cc1","CN(C)c1ccc(-c2cc(NC=O)c3ncc(-c4ccc(F)c(Cl)c4)n3c2)cc1","train"
"CHEMBL1881173","Cc1cc(C(=O)NC2CCCCCC2)c2ccccc2n1","Cc1cc(C(=O)NC2CCCCCC2)c2ccccc2n1","train"
"CHEMBL1881174","Cc1ccc(C(=O)N2CCc3cc(CNC(=O)c4ccnn4C)ccc32)cc1","Cc1ccc(C(=O)N2CCc3cc(CNC(=O)c4ccnn4C)ccc32)cc1","train"
"CHEMBL1881175","CC1CCN(S(=O)(=O)c2ccc3c(c2)N(CC(=O)O)C(=O)CO3)CC1","CC1CCN(S(=O)(=O)c2ccc3c(c2)N(CC(=O)O)C(=O)CO3)CC1","train"
"CHEMBL1881176","COc1nccnc1NS(=O)(=O)c1ccc(NCc2ccccc2O)cc1","COc1nccnc1NS(=O)(=O)c1ccc(NCc2ccccc2O)cc1","train"
"CHEMBL1881177","CCO[C@H]1OC(C(=O)O)=C[C@@H](C(C)(C)C)[C@@H]1CCCO","CCO[C@H]1OC(C(=O)O)=C[C@@H](C(C)(C)C)[C@@H]1CCCO","train"
"CHEMBL1881179","COc1cc(/C=N/NC(=O)c2nnn(-c3nonc3N)c2C)ccc1OCc1ccc(Cl)cc1","COc1cc(/C=N/NC(=O)c2nnn(-c3nonc3N)c2C)ccc1OCc1ccc(Cl)cc1","train"
"CHEMBL1881181","c1ccc2sc(Cc3nnc4n3CCCCC4)nc2c1","c1ccc2sc(Cc3nnc4n3CCCCC4)nc2c1","train"
"CHEMBL1881182","CS(=O)(=O)N(CC(=O)N1CCc2ccccc2C1)c1ccc(Cl)cc1F","CS(=O)(=O)N(CC(=O)N1CCc2ccccc2C1)c1ccc(Cl)cc1F","train"
"CHEMBL1881183","CC(C)C(NC(=O)c1ccccc1NC(=O)C(C)(C)C)C(=O)N1CCOCC1","CC(C)C(NC(=O)c1ccccc1NC(=O)C(C)(C)C)C(=O)N1CCOCC1","train"
"CHEMBL1881184","O=C1N[C@@H](Cc2ccccc2)C(=O)N2[C@@H]1C[C@@]1(Br)c3ccccc3N(S(=O)(=O)c3ccccc3)[C@@H]21","O=C1N[C@@H](Cc2ccccc2)C(=O)N2[C@@H]1C[C@@]1(Br)c3ccccc3N(S(=O)(=O)c3ccccc3)[C@@H]21","train"
"CHEMBL1881185","CC(=O)Nc1ccc(S(=O)(=O)NCC(=O)Nc2ccc3c(c2)OCO3)cc1","CC(=O)Nc1ccc(S(=O)(=O)NCC(=O)Nc2ccc3c(c2)OCO3)cc1","train"
"CHEMBL1881186","CCc1ccc(NC(=O)C2CCN(c3cc(C)nc4c(-c5ccc(Cl)cc5)c(C)nn34)CC2)cc1","CCc1ccc(NC(=O)C2CCN(c3cc(C)nc4c(-c5ccc(Cl)cc5)c(C)nn34)CC2)cc1","train"
"CHEMBL1881187","CC1CCCC(O)(C(C(=O)O)c2ccccc2)C1","CC1CCCC(O)(C(C(=O)O)c2ccccc2)C1","train"
"CHEMBL1881189","Cc1cc(C)c2oc(C(=O)Nc3c(C)n(C)n(-c4ccccc4)c3=O)cc(=O)c2c1","Cc1cc(C)c2oc(C(=O)Nc3c(C)n(C)n(-c4ccccc4)c3=O)cc(=O)c2c1","train"
"CHEMBL1881190","CCn1c(=O)c(C(=O)CC#N)c(N)n(Cc2ccccc2)c1=O","CCn1c(=O)c(C(=O)CC#N)c(N)n(Cc2ccccc2)c1=O","train"
"CHEMBL1881191","COc1cccc(C(c2nnnn2-c2ccc3c(c2)OCCO3)N2CCC3(CC2)C(=O)NCN3c2ccccc2)c1OC","COc1cccc(C(c2nnnn2-c2ccc3c(c2)OCCO3)N2CCC3(CC2)C(=O)NCN3c2ccccc2)c1OC","train"
"CHEMBL1881192","CC(=O)COc1coc(CN2CCN(c3ccc(F)cc3)CC2)cc1=O","CC(=O)COc1coc(CN2CCN(c3ccc(F)cc3)CC2)cc1=O","train"
"CHEMBL1881194","CNc1cnn(-c2cccc(C(F)(F)F)c2)c(=O)c1Cl","CNc1cnn(-c2cccc(C(F)(F)F)c2)c(=O)c1Cl","train"
"CHEMBL1881196","CC(C)Cn1cnc2c1c(=O)n(CC(=O)NN)c(=O)n2Cc1ccccc1","CC(C)Cn1cnc2c1c(=O)n(CC(=O)NN)c(=O)n2Cc1ccccc1","train"
"CHEMBL1881198","Cc1cc(Br)ccc1S(=O)(=O)n1ccnc1C","Cc1cc(Br)ccc1S(=O)(=O)n1ccnc1C","train"
"CHEMBL1881200","C=CCOC(=O)N[C@H](c1ccccc1)C(C(C)=O)C(C)=O","C=CCOC(=O)N[C@H](c1ccccc1)C(C(C)=O)C(C)=O","train"
"CHEMBL1881201","O=C(O)Cn1c(SCCOc2ccccc2)nc2ccccc21","O=C(O)Cn1c(SCCOc2ccccc2)nc2ccccc21","train"
"CHEMBL1881202","COc1ccc(Cl)cc1NC(=O)[C@@H]1CCCN1C(=O)c1cccs1","COc1ccc(Cl)cc1NC(=O)[C@@H]1CCCN1C(=O)c1cccs1","train"
"CHEMBL1881203","COc1cc(-c2coc3cc(OC)c(OC)c(OC)c3c2=O)cc(OC)c1OC","COc1cc(-c2coc3cc(OC)c(OC)c(OC)c3c2=O)cc(OC)c1OC","train"
"CHEMBL1881204","COc1ccc(-c2ccc(CN3C(C(C)C)C(=O)N(Cc4cn(CC5CCCCC5)nn4)CCS3(=O)=O)cc2)cc1OC","COc1ccc(-c2ccc(CN3C(C(C)C)C(=O)N(Cc4cn(CC5CCCCC5)nn4)CCS3(=O)=O)cc2)cc1OC","train"
"CHEMBL1881206","O=C(CCNS(=O)(=O)c1ccc(F)c(F)c1)NCCN1CCOCC1","O=C(CCNS(=O)(=O)c1ccc(F)c(F)c1)NCCN1CCOCC1","train"
"CHEMBL1881209","O=C(NC1CCCC1)C1CCC(=O)N1CCc1ccccc1","O=C(NC1CCCC1)C1CCC(=O)N1CCc1ccccc1","train"
"CHEMBL1881210","O=C(C=Cc1ccccc1)c1cccs1","O=C(C=Cc1ccccc1)c1cccs1","train"
"CHEMBL1881211","CC(C)OCCCNC(=O)CCCn1c(SCC(=O)c2ccc(F)cc2)nc2c(sc3ccccc32)c1=O","CC(C)OCCCNC(=O)CCCn1c(SCC(=O)c2ccc(F)cc2)nc2c(sc3ccccc32)c1=O","train"
"CHEMBL1881213","CC(NC(=O)C(=O)c1cn(CC(=O)N2CCCC2)c2ccccc12)c1ccccc1","CC(NC(=O)C(=O)c1cn(CC(=O)N2CCCC2)c2ccccc12)c1ccccc1","train"
"CHEMBL1881214","O=C(CCS(=O)(=O)c1ccccc1)NNC(=O)CSc1ccccc1F","O=C(CCS(=O)(=O)c1ccccc1)NNC(=O)CSc1ccccc1F","train"
"CHEMBL1881218","NC1=NC[C@@H](Cc2ccc(O)cc2)N1CCc1cccc(F)c1","NC1=NC[C@@H](Cc2ccc(O)cc2)N1CCc1cccc(F)c1","train"
"CHEMBL1881219","CC(=O)Nc1ccc(NC(=O)CCC(=O)Oc2ccc(C)cc2)cc1","CC(=O)Nc1ccc(NC(=O)CCC(=O)Oc2ccc(C)cc2)cc1","train"
"CHEMBL1881220","COc1ccc(S(N)(=O)=O)cc1-c1nnc2c3ccccc3c(C)nn12","COc1ccc(S(N)(=O)=O)cc1-c1nnc2c3ccccc3c(C)nn12","train"
"CHEMBL1881222","CCC(NC(=O)c1ccccc1NC(=O)C(C)(C)C)C(=O)N1CC(C)OC(C)C1","CCC(NC(=O)c1ccccc1NC(=O)C(C)(C)C)C(=O)N1CC(C)OC(C)C1","train"
"CHEMBL1881223","CN(Cc1cc(Cl)cc(Cl)c1)[C@H]1C[C@H]2c3[nH]c4ccccc4c3CCN2C(=O)[C@H]1CO","CN(Cc1cc(Cl)cc(Cl)c1)[C@H]1C[C@H]2c3[nH]c4ccccc4c3CCN2C(=O)[C@H]1CO","train"
"CHEMBL1881224","Cc1cc(C)cc(Cn2c3ccc(NC(=O)NCCc4cccs4)cc3c(=O)n2C)c1","Cc1cc(C)cc(Cn2c3ccc(NC(=O)NCCc4cccs4)cc3c(=O)n2C)c1","train"
"CHEMBL1881225","CC(=O)Nc1cc(-c2cccc(NS(C)(=O)=O)c2)cn2c(-c3cccc(C(F)(F)F)c3)cnc12","CC(=O)Nc1cc(-c2cccc(NS(C)(=O)=O)c2)cn2c(-c3cccc(C(F)(F)F)c3)cnc12","train"
"CHEMBL2144234","C[C@H]1CN([C@@H](C)CO)C(=O)Cc2cc(NS(=O)(=O)c3ccc(Cl)cc3)ccc2O[C@H]1CN(C)Cc1ccccc1","C[C@H]1CN([C@@H](C)CO)C(=O)Cc2cc(NS(=O)(=O)c3ccc(Cl)cc3)ccc2O[C@H]1CN(C)Cc1ccccc1","train"
"CHEMBL2144235","COc1ccc(CNC(=O)c2ccc(-c3nc(CSc4ccc(C)cc4)c(C)o3)cc2)c(OC)c1","COc1ccc(CNC(=O)c2ccc(-c3nc(CSc4ccc(C)cc4)c(C)o3)cc2)c(OC)c1","train"
"CHEMBL2144236","CC(C)C1C(=O)N(Cc2cn(CCC3OCCO3)nn2)CCS(=O)(=O)N1Cc1ccc(-c2cccc(N(C)C)c2)cc1","CC(C)C1C(=O)N(Cc2cn(CCC3OCCO3)nn2)CCS(=O)(=O)N1Cc1ccc(-c2cccc(N(C)C)c2)cc1","train"
"CHEMBL2144237","O=C(C[C@@H]1C/C=C/CC[C@H](Cc2ccc(F)cc2)C(=O)O[C@H](c2ccccc2)CNC1=O)NCCO","O=C(C[C@@H]1C/C=C/CC[C@H](Cc2ccc(F)cc2)C(=O)O[C@H](c2ccccc2)CNC1=O)NCCO","train"
"CHEMBL2144238","C[C@@H]1CN([C@H](C)CO)C(=O)c2cccc(NC(=O)Nc3ccc(C(F)(F)F)cc3)c2O[C@@H]1CN(C)C(=O)NC1CCCCC1","C[C@@H]1CN([C@H](C)CO)C(=O)c2cccc(NC(=O)Nc3ccc(C(F)(F)F)cc3)c2O[C@@H]1CN(C)C(=O)NC1CCCCC1","train"
"CHEMBL2144240","CC(C)CN1CCC(=O)NC1=S","CC(C)CN1CCC(=O)NC1=S","train"
"CHEMBL2144241","COc1ccc2c(c1)C(CC(C)=O)N(c1ccc(-c3cnc(OC)nc3)cc1)C(c1ccsc1)=C2","COc1ccc2c(c1)C(CC(C)=O)N(c1ccc(-c3cnc(OC)nc3)cc1)C(c1ccsc1)=C2","train"
"CHEMBL2144242","CCOC(=O)[C@]12Cc3cc(C)ccc3[C@H]1N(C1CCCCC1)C(=O)c1cc(OC)ccc12","CCOC(=O)[C@]12Cc3cc(C)ccc3[C@H]1N(C1CCCCC1)C(=O)c1cc(OC)ccc12","train"
"CHEMBL2144243","Cc1cc2nc(-c3ccccc3)c(Cc3cccc(Cl)c3)n2c(C)c1Br","Cc1cc2nc(-c3ccccc3)c(Cc3cccc(Cl)c3)n2c(C)c1Br","train"
"CHEMBL2144244","C[C@@H]1CN([C@H](C)CO)S(=O)(=O)c2ccc(-c3cccc(C(=O)N(C)C)c3)cc2O[C@H]1CN(C)C(=O)Nc1ccc(F)cc1","C[C@@H]1CN([C@H](C)CO)S(=O)(=O)c2ccc(-c3cccc(C(=O)N(C)C)c3)cc2O[C@H]1CN(C)C(=O)Nc1ccc(F)cc1","train"
"CHEMBL2144246","N#Cc1cnn2c(NC3CCCCC3)c(-c3ccccc3F)[nH]c12","N#Cc1cnn2c(NC3CCCCC3)c(-c3ccccc3F)[nH]c12","train"
"CHEMBL2144247","CCCCNC(=O)C1C(c2ccc(C(F)(F)F)cc2)=Nc2ccccc2N1C(=O)c1ccc2[nH]c(C)nc2c1","CCCCNC(=O)C1C(c2ccc(C(F)(F)F)cc2)=Nc2ccccc2N1C(=O)c1ccc2[nH]c(C)nc2c1","train"
"CHEMBL2144248","O=C(NC1CC1)c1nc(C(F)(F)F)[nH]c1-c1ccccc1","O=C(NC1CC1)c1nc(C(F)(F)F)[nH]c1-c1ccccc1","train"
"CHEMBL2144249","Cc1occc1C(=O)Nc1cccc(-c2nc(CNC(=O)c3ccc4ccccc4n3)c(C)o2)c1","Cc1occc1C(=O)Nc1cccc(-c2nc(CNC(=O)c3ccc4ccccc4n3)c(C)o2)c1","train"
"CHEMBL2144250","COc1cc(OC)cc(C2=Cc3ccc(OC)cc3C(CC(C)=O)N2c2ccc(C#CC3(O)CCCCC3)cc2)c1","COc1cc(OC)cc(C2=Cc3ccc(OC)cc3C(CC(C)=O)N2c2ccc(C#CC3(O)CCCCC3)cc2)c1","train"
"CHEMBL2144254","CCOc1ccc(NC(=O)CCC(=O)N2CC(C)Oc3ccc(C)cc32)cc1","CCOc1ccc(NC(=O)CCC(=O)N2CC(C)Oc3ccc(C)cc32)cc1","train"
"CHEMBL2144258","COc1cccc(-c2c[nH]c(C(O)c3ccc(F)cc3)n2)c1","COc1cccc(-c2c[nH]c(C(O)c3ccc(F)cc3)n2)c1","train"
"CHEMBL2144259","COc1ccc(CCN2CC(C(=O)Nc3nccs3)CC2=O)cc1OC","COc1ccc(CCN2CC(C(=O)Nc3nccs3)CC2=O)cc1OC","train"
"CHEMBL2144260","Cc1ccc2c(c1)N(C(=O)CCC(=O)NCc1cccc(F)c1)CC(C)O2","Cc1ccc2c(c1)N(C(=O)CCC(=O)NCc1cccc(F)c1)CC(C)O2","train"
"CHEMBL2144261","COc1cccc(CNC(=O)c2c(OC)cc(=O)n3c2CCN(C(=O)C2=C(C)OCCO2)CC3)c1","COc1cccc(CNC(=O)c2c(OC)cc(=O)n3c2CCN(C(=O)C2=C(C)OCCO2)CC3)c1","train"
"CHEMBL2144262","CC(=O)c1ccc(OCC(=O)NC(=O)NC2CCCC2)cc1","CC(=O)c1ccc(OCC(=O)NC(=O)NC2CCCC2)cc1","train"
"CHEMBL2144264","COc1ccc(NC(=O)N(C)C[C@@H]2Oc3ncc(Br)cc3C(=O)N([C@@H](C)CO)C[C@@H]2C)cc1","COc1ccc(NC(=O)N(C)C[C@@H]2Oc3ncc(Br)cc3C(=O)N([C@@H](C)CO)C[C@@H]2C)cc1","train"
"CHEMBL2144265","CC(CCNC(=O)c1ccccc1)(CCNC(=O)c1ccccc1)[N+](=O)[O-]","CC(CCNC(=O)c1ccccc1)(CCNC(=O)c1ccccc1)[N+](=O)[O-]","train"
"CHEMBL2144266","CCOC(=O)[C@]12CCC=C1N(Cc1cccc3ccccc13)C(=O)[C@H](CC(=O)NCc1ccc(OC)c(OC)c1)C2","CCOC(=O)[C@]12CCC=C1N(Cc1cccc3ccccc13)C(=O)[C@H](CC(=O)NCc1ccc(OC)c(OC)c1)C2","train"
"CHEMBL2144268","COC(=O)[C@@]12C[C@@H](CC(=O)NCCCCc3ccccc3)C(=O)N(Cc3ccc4c(c3)OCO4)C1=CCC(C)(C)C2","COC(=O)[C@@]12C[C@@H](CC(=O)NCCCCc3ccccc3)C(=O)N(Cc3ccc4c(c3)OCO4)C1=CCC(C)(C)C2","train"
"CHEMBL2144269","C[C@H](CO)N1C[C@H](C)[C@@H](CN(C)C)Oc2c(NS(=O)(=O)c3cn(C)cn3)cccc2C1=O","C[C@H](CO)N1C[C@H](C)[C@@H](CN(C)C)Oc2c(NS(=O)(=O)c3cn(C)cn3)cccc2C1=O","train"
"CHEMBL2144271","CCCCCNC(=O)C(c1ccncc1)n1c(=O)c(-c2cc3ccccc3[nH]2)nc2ccccc21","CCCCCNC(=O)C(c1ccncc1)n1c(=O)c(-c2cc3ccccc3[nH]2)nc2ccccc21","train"
"CHEMBL2144272","COc1cc(OC)cc(N2CCN(C(=S)Nc3cc(C)cc(C)n3)CC2)c1","COc1cc(OC)cc(N2CCN(C(=S)Nc3cc(C)cc(C)n3)CC2)c1","train"
"CHEMBL2144274","CC(C)(C)c1ccc(C(=O)OCc2c(-c3ccccc3)ncc3ccccc23)cc1","CC(C)(C)c1ccc(C(=O)OCc2c(-c3ccccc3)ncc3ccccc23)cc1","train"
"CHEMBL2144275","O=C(NCc1ccc(F)cc1)C1CCCN1S(=O)(=O)c1ccc(F)cc1","O=C(NCc1ccc(F)cc1)C1CCCN1S(=O)(=O)c1ccc(F)cc1","train"
"CHEMBL2144276","O=C1NC[C@H](CCCCN2CCN(CC3CCCCC3)C(=O)C2=O)N(CC2CCCCC2)C1=O","O=C1NC[C@H](CCCCN2CCN(CC3CCCCC3)C(=O)C2=O)N(CC2CCCCC2)C1=O","train"
"CHEMBL2144277","C[C@@H]1CCCCO[C@@H](CN(C)S(=O)(=O)c2cn(C)cn2)[C@@H](C)CN([C@H](C)CO)C(=O)c2cc(NC(=O)Nc3ccc(C(F)(F)F)cc3)ccc2O1","C[C@@H]1CCCCO[C@@H](CN(C)S(=O)(=O)c2cn(C)cn2)[C@@H](C)CN([C@H](C)CO)C(=O)c2cc(NC(=O)Nc3ccc(C(F)(F)F)cc3)ccc2O1","train"
"CHEMBL2144278","CCOC(=O)N1CCN(C(=O)C[C@@H]2C[C@@]3(C(=O)OC)CCCCC=C3N(CCC3=CCCCC3)C2=O)CC1","CCOC(=O)N1CCN(C(=O)C[C@@H]2C[C@@]3(C(=O)OC)CCCCC=C3N(CCC3=CCCCC3)C2=O)CC1","train"
"CHEMBL2144280","C/C(N)=C(/C#N)C(=O)COC(=O)[C@@H](NC(=O)c1ccccc1Cl)C(C)C","C/C(N)=C(/C#N)C(=O)COC(=O)[C@@H](NC(=O)c1ccccc1Cl)C(C)C","train"
"CHEMBL2144281","Cc1ncccc1C(=O)N1CCCC(c2cc(C(=O)Nc3ccc(C(C)(C)C)cc3)no2)C1","Cc1ncccc1C(=O)N1CCCC(c2cc(C(=O)Nc3ccc(C(C)(C)C)cc3)no2)C1","train"
"CHEMBL2144282","N#Cc1ccccc1S(=O)(=O)N1CCN(Cc2cc3c(cc2Br)OCCO3)CC1","N#Cc1ccccc1S(=O)(=O)N1CCN(Cc2cc3c(cc2Br)OCCO3)CC1","train"
"CHEMBL2144284","Cc1cccc(S(=O)(=O)NC(Cc2c[nH]c3ccccc23)C(=O)O)c1","Cc1cccc(S(=O)(=O)NC(Cc2c[nH]c3ccccc23)C(=O)O)c1","train"
"CHEMBL2144285","CCc1ccccc1NC(=O)C1CCCC1","CCc1ccccc1NC(=O)C1CCCC1","train"
"CHEMBL2144287","COC(=O)C1=C(c2ccc3ccccc3c2)C[C@@H]2CC[C@H]1N2C(=O)NCCO","COC(=O)C1=C(c2ccc3ccccc3c2)C[C@@H]2CC[C@H]1N2C(=O)NCCO","train"
"CHEMBL2144288","CC1=C(C(=O)N2CCOCC2)CC(CC(=O)NCc2ccco2)C(=O)N1Cc1ccc(F)cc1","CC1=C(C(=O)N2CCOCC2)CC(CC(=O)NCc2ccco2)C(=O)N1Cc1ccc(F)cc1","train"
"CHEMBL2144290","COc1ccc(C(C(=O)Nc2ccc3c(c2)OCCO3)n2c(=O)c(-c3ccco3)nc3ccccc32)cc1","COc1ccc(C(C(=O)Nc2ccc3c(c2)OCCO3)n2c(=O)c(-c3ccco3)nc3ccccc32)cc1","train"
"CHEMBL2144291","Cc1nc2ccccc2c(=O)n1-c1ccc(NC(=O)c2ccccc2[N+](=O)[O-])cc1","Cc1nc2ccccc2c(=O)n1-c1ccc(NC(=O)c2ccccc2[N+](=O)[O-])cc1","train"
"CHEMBL2144292","COc1ccc(C(C)C)cc1-c1cncc(NC(C)=O)n1","COc1ccc(C(C)C)cc1-c1cncc(NC(C)=O)n1","train"
"CHEMBL2144293","COc1cccc(NC(=O)N2CCC(NC(=O)C3CCCCC3)CC2)c1","COc1cccc(NC(=O)N2CCC(NC(=O)C3CCCCC3)CC2)c1","train"
"CHEMBL2144294","C[C@@H]1CN([C@H](C)CO)C(=O)Cc2cc(NS(=O)(=O)c3ccccc3)ccc2O[C@@H]1CN(C)Cc1ccc(C(=O)Nc2ccccc2N)cc1","C[C@@H]1CN([C@H](C)CO)C(=O)Cc2cc(NS(=O)(=O)c3ccccc3)ccc2O[C@@H]1CN(C)Cc1ccc(C(=O)Nc2ccccc2N)cc1","train"
"CHEMBL2144295","CC1=C(C(=O)N(C(C)C)C(C)C)CC(CC(=O)NCc2ccco2)C(=O)N1Cc1ccc(F)cc1","CC1=C(C(=O)N(C(C)C)C(C)C)CC(CC(=O)NCc2ccco2)C(=O)N1Cc1ccc(F)cc1","train"
"CHEMBL2144296","Cc1nc(NCc2cccc3c2OCO3)sc1-c1ccn(CC2CCCN(C)C2)n1","Cc1nc(NCc2cccc3c2OCO3)sc1-c1ccn(CC2CCCN(C)C2)n1","train"
"CHEMBL2144299","Nc1cc(N)cc(C(=O)c2ccccc2)c1","Nc1cc(N)cc(C(=O)c2ccccc2)c1","train"
"CHEMBL2144300","CCOc1ccc(CCN2C(=O)C(=O)N([C@@H](Cc3ccccc3)CN3CCC[C@H]3CN3C(=O)C(=O)NC[C@@H]3Cc3ccc(O)cc3)C[C@@H]2CC(C)C)cc1","CCOc1ccc(CCN2C(=O)C(=O)N([C@@H](Cc3ccccc3)CN3CCC[C@H]3CN3C(=O)C(=O)NC[C@@H]3Cc3ccc(O)cc3)C[C@@H]2CC(C)C)cc1","train"
"CHEMBL2144302","O=C(N1CCN(S(=O)(=O)c2ccc(Cl)cc2)CC1)n1ccnc1","O=C(N1CCN(S(=O)(=O)c2ccc(Cl)cc2)CC1)n1ccnc1","train"
"CHEMBL2144305","C[C@H]1O[C@@H](O[C@H]2CC[C@@]3(C)C(CC[C@]4(C)C3C=CC3=C5CC(C)(C)CC[C@]5(CO)[C@H](O)C[C@]34C)[C@]2(C)CO)[C@H](O)[C@@H](O[C@@H]2O[C@H](CO)[C@@H](O)[C@H](O)[C@H]2O)[C@H]1O","C[C@H]1O[C@@H](O[C@H]2CC[C@@]3(C)C(CC[C@]4(C)C3C=CC3=C5CC(C)(C)CC[C@]5(CO)[C@H](O)C[C@]34C)[C@]2(C)CO)[C@H](O)[C@@H](O[C@@H]2O[C@H](CO)[C@@H](O)[C@H](O)[C@H]2O)[C@H]1O","train"
"CHEMBL2144306","C[C@@H]1CN([C@H](C)CO)S(=O)(=O)c2ccc(-c3cccc(C#N)c3)cc2O[C@H]1CN(C)C(=O)Nc1cc(F)ccc1F","C[C@@H]1CN([C@H](C)CO)S(=O)(=O)c2ccc(-c3cccc(C#N)c3)cc2O[C@H]1CN(C)C(=O)Nc1cc(F)ccc1F","train"
"CHEMBL2144307","COc1ccccc1C(=O)Nc1cccc(N2CCC(NCc3cnn(-c4ccccc4)n3)CC2)c1","COc1ccccc1C(=O)Nc1cccc(N2CCC(NCc3cnn(-c4ccccc4)n3)CC2)c1","train"
"CHEMBL2144308","CC(=O)Nc1cccc(-c2ccnc3c2CC(C(=O)NCc2ccncc2)O3)c1","CC(=O)Nc1cccc(-c2ccnc3c2CC(C(=O)NCc2ccncc2)O3)c1","train"
"CHEMBL2144309","Cc1ccc(NC(=O)CN(C)C(=O)C2CSC3(C)CCC(=O)N23)cc1","Cc1ccc(NC(=O)CN(C)C(=O)C2CSC3(C)CCC(=O)N23)cc1","train"
"CHEMBL2144311","O=C(O)c1ccccc1C(=O)OCC1CCC(=NO)CC1","O=C(O)c1ccccc1C(=O)OCC1CCC(=NO)CC1","train"
"CHEMBL2144312","CC(C)(C)n1nnnc1C(c1ccccc1)N1CCC2(CC1)C(=O)NCN2c1ccccc1","CC(C)(C)n1nnnc1C(c1ccccc1)N1CCC2(CC1)C(=O)NCN2c1ccccc1","train"
"CHEMBL2144314","CC(=O)NC(c1cccc(F)c1)c1nc(-c2cccc(F)c2)cs1","CC(=O)NC(c1cccc(F)c1)c1nc(-c2cccc(F)c2)cs1","train"
"CHEMBL2144316","COc1ccc(C2(c3cccc(O)c3OC)CCN(C(C)=O)CC2)cc1O","COc1ccc(C2(c3cccc(O)c3OC)CCN(C(C)=O)CC2)cc1O","train"
"CHEMBL2144317","CN1C(=O)c2cc(NC(=O)c3ccc(C(F)(F)F)cc3)ccc2OC[C@@H]2O[C@@H](CC(=O)NCc3ccc4c(c3)OCO4)CC[C@@H]21","CN1C(=O)c2cc(NC(=O)c3ccc(C(F)(F)F)cc3)ccc2OC[C@@H]2O[C@@H](CC(=O)NCc3ccc4c(c3)OCO4)CC[C@@H]21","train"
"CHEMBL2144318","O=C(O)Cn1cnc2scc(-c3ccccc3)c2c1=O","O=C(O)Cn1cnc2scc(-c3ccccc3)c2c1=O","train"
"CHEMBL2144321","COc1ccccc1C#Cc1ccc2c(c1)O[C@@H](CN(C)Cc1cccnc1)[C@@H](C)CN([C@H](C)CO)S2(=O)=O","COc1ccccc1C#Cc1ccc2c(c1)O[C@@H](CN(C)Cc1cccnc1)[C@@H](C)CN([C@H](C)CO)S2(=O)=O","train"
"CHEMBL2144324","C[C@@H]1CN([C@@H](C)CO)C(=O)Cc2cc(NC(=O)Nc3ccc(C(F)(F)F)cc3)ccc2O[C@@H]1CN(C)S(=O)(=O)c1cccs1","C[C@@H]1CN([C@@H](C)CO)C(=O)Cc2cc(NC(=O)Nc3ccc(C(F)(F)F)cc3)ccc2O[C@@H]1CN(C)S(=O)(=O)c1cccs1","train"
"CHEMBL2144325","Cc1cccc(CNC(=O)c2cnn(-c3nccc(-c4cccs4)n3)c2C(C)C)n1","Cc1cccc(CNC(=O)c2cnn(-c3nccc(-c4cccs4)n3)c2C(C)C)n1","train"
"CHEMBL2144326","C[C@@H]1CN([C@@H](C)CO)C(=O)CCCn2nncc2CO[C@H]1CN(C)S(=O)(=O)c1cccs1","C[C@@H]1CN([C@@H](C)CO)C(=O)CCCn2nncc2CO[C@H]1CN(C)S(=O)(=O)c1cccs1","train"
"CHEMBL2144328","C[C@@H]1CN([C@H](C)CO)C(=O)CCCn2nncc2CO[C@@H]1CN(C)S(=O)(=O)c1ccc(Oc2ccccc2)cc1","C[C@@H]1CN([C@H](C)CO)C(=O)CCCn2nncc2CO[C@@H]1CN(C)S(=O)(=O)c1ccc(Oc2ccccc2)cc1","train"
"CHEMBL2144331","CCOc1ccc2nc(S(=O)(=O)NC(=O)C3(C)CCN3C(=O)c3cc(C)n(C)n3)sc2c1","CCOc1ccc2nc(S(=O)(=O)NC(=O)C3(C)CCN3C(=O)c3cc(C)n(C)n3)sc2c1","train"
"CHEMBL2144333","Cc1cccc(C)c1NC(=O)C(c1ccncc1)n1c(=O)c(-c2cc3ccccc3[nH]2)nc2ccccc21","Cc1cccc(C)c1NC(=O)C(c1ccncc1)n1c(=O)c(-c2cc3ccccc3[nH]2)nc2ccccc21","train"
"CHEMBL2144334","CCOC(=O)[C@]12CCCC=C1N(Cc1ccc3c(c1)OCO3)C(=O)[C@H](CC(=O)NCC1CCCCC1)C2","CCOC(=O)[C@]12CCCC=C1N(Cc1ccc3c(c1)OCO3)C(=O)[C@H](CC(=O)NCC1CCCCC1)C2","train"
"CHEMBL2144335","C#CCN(C[C@@H]1[C@@H](OC(=O)NCC2CCCCC2)[C@@H](OC(=O)NCC2CCCCC2)CN(C(=O)OC(C)C)N1C(=O)OC(C)C)S(=O)(=O)c1ccc(C)cc1","C#CCN(C[C@@H]1[C@@H](OC(=O)NCC2CCCCC2)[C@@H](OC(=O)NCC2CCCCC2)CN(C(=O)OC(C)C)N1C(=O)OC(C)C)S(=O)(=O)c1ccc(C)cc1","train"
"CHEMBL2144336","CC(C)=C(c1ccc(Cl)cc1)c1c(N)ncnc1N","CC(C)=C(c1ccc(Cl)cc1)c1c(N)ncnc1N","train"
"CHEMBL2144337","CCCCC[C@@H](C)N1C[C@H](COCc2ccccc2)Oc2cc(N3CCC[C@H]3COC)ccc2S1(=O)=O","CCCCC[C@@H](C)N1C[C@H](COCc2ccccc2)Oc2cc(N3CCC[C@H]3COC)ccc2S1(=O)=O","train"
"CHEMBL2144338","C[C@@]12CCC3[C@@](CCC4[C@@]3(C)CCC[C@@]4(C)C(=O)NC3CCCCC3)(CC1=O)C2","C[C@@]12CCC3[C@@](CCC4[C@@]3(C)CCC[C@@]4(C)C(=O)NC3CCCCC3)(CC1=O)C2","train"
"CHEMBL2144340","O=c1[nH]c2ccc(Br)cc2c(=O)o1","O=c1[nH]c2ccc(Br)cc2c(=O)o1","train"
"CHEMBL2144341","COc1ccc(OC)c(S(=O)(=O)NCCc2sc(-c3cccnc3)nc2C)c1","COc1ccc(OC)c(S(=O)(=O)NCCc2sc(-c3cccnc3)nc2C)c1","train"
"CHEMBL2144342","CCCN(CC1CC1)C(=S)NC(=O)c1ccccc1C","CCCN(CC1CC1)C(=S)NC(=O)c1ccccc1C","train"
"CHEMBL2144345","c1ccc(CSc2nnc(C3CCCCC3)o2)cc1","c1ccc(CSc2nnc(C3CCCCC3)o2)cc1","train"
"CHEMBL2144346","COc1ccccc1N=NNc1ccc(S(=O)(=O)NC(C)=O)cc1","COc1ccccc1N=NNc1ccc(S(=O)(=O)NC(C)=O)cc1","train"
"CHEMBL2144347","CCOc1ccc(C(=O)NNC(=O)C2CC(=O)N(c3ccc(C)cc3)C2)cc1","CCOc1ccc(C(=O)NNC(=O)C2CC(=O)N(c3ccc(C)cc3)C2)cc1","train"
"CHEMBL2144348","CCOC(=O)C1=C(C)N(C[C@@H]2CC[C@@H](Cc3ccc(-c4ccccc4)cc3)O2)C(=O)NC1c1cccc2ccccc12","CCOC(=O)C1=C(C)N(C[C@@H]2CC[C@@H](Cc3ccc(-c4ccccc4)cc3)O2)C(=O)NC1c1cccc2ccccc12","train"
"CHEMBL2144349","Cc1c(-c2ccccc2)c(=O)oc2ccc(OC(=O)N3CCOCC3)cc12","Cc1c(-c2ccccc2)c(=O)oc2ccc(OC(=O)N3CCOCC3)cc12","train"
"CHEMBL2144350","CC(=O)c1ccc(S(=O)(=O)Nc2ccc(-n3c(C)nc4ccccc4c3=O)cc2)cc1","CC(=O)c1ccc(S(=O)(=O)Nc2ccc(-n3c(C)nc4ccccc4c3=O)cc2)cc1","train"
"CHEMBL2144351","O=C(Cc1ccc(NC(=O)C2CCN(C(=O)C3CC3)CC2)cc1)Nc1cccc(C(=O)N2CCCC2)c1","O=C(Cc1ccc(NC(=O)C2CCN(C(=O)C3CC3)CC2)cc1)Nc1cccc(C(=O)N2CCCC2)c1","train"
"CHEMBL2144353","Cc1ccccc1C(=O)OCC(=O)Nc1cccc(S(=O)(=O)N2CCCCC2)c1","Cc1ccccc1C(=O)OCC(=O)Nc1cccc(S(=O)(=O)N2CCCCC2)c1","train"
"CHEMBL2144354","Nc1[nH]c(C(=O)c2ccccc2)c(-c2ccccc2C(F)(F)F)c1C(=O)c1cccs1","Nc1[nH]c(C(=O)c2ccccc2)c(-c2ccccc2C(F)(F)F)c1C(=O)c1cccs1","train"
"CHEMBL2144357","O=C1NC[C@H](Cc2ccccc2)N(C[C@@H]2CCCN2C[C@H](Cc2ccc(O)cc2)N2C[C@H](Cc3ccccc3)N(CCc3ccccc3)C(=O)C2=O)C1=O","O=C1NC[C@H](Cc2ccccc2)N(C[C@@H]2CCCN2C[C@H](Cc2ccc(O)cc2)N2C[C@H](Cc3ccccc3)N(CCc3ccccc3)C(=O)C2=O)C1=O","train"
"CHEMBL2144358","CCCCC[C@@H](C)N1C[C@H](COCc2ccccc2)Oc2cc(N3CCC[C@@H]3CO)ccc2S1(=O)=O","CCCCC[C@@H](C)N1C[C@H](COCc2ccccc2)Oc2cc(N3CCC[C@@H]3CO)ccc2S1(=O)=O","train"
"CHEMBL2144359","Cc1ccccc1NC(=O)c1ccc(F)c(S(=O)(=O)N(C)Cc2ccccc2)c1","Cc1ccccc1NC(=O)c1ccc(F)c(S(=O)(=O)N(C)Cc2ccccc2)c1","train"
"CHEMBL2144360","Cc1ccc(S(=O)(=O)CCC(=O)Nc2cc(C)on2)cc1","Cc1ccc(S(=O)(=O)CCC(=O)Nc2cc(C)on2)cc1","train"
"CHEMBL2144361","CCc1ccc([C@H]2[C@@H]3C(=O)C[C@@H]4C(=O)N(c5ccccc5)C(=O)[C@@H]4[C@@H]3CN2S(=O)(=O)c2ccc(C)cc2)cc1","CCc1ccc([C@H]2[C@@H]3C(=O)C[C@@H]4C(=O)N(c5ccccc5)C(=O)[C@@H]4[C@@H]3CN2S(=O)(=O)c2ccc(C)cc2)cc1","train"
"CHEMBL2144364","COc1ccc(NC(=O)CSc2nnc3n2CCCCC3)cc1S(=O)(=O)N(C)C","COc1ccc(NC(=O)CSc2nnc3n2CCCCC3)cc1S(=O)(=O)N(C)C","train"
"CHEMBL2144365","CCN(CC(=O)NC(C)(C)C)C(=O)c1cccc(S(=O)(=O)N2CC3(C)CC2CC(C)(C)C3)c1","CCN(CC(=O)NC(C)(C)C)C(=O)c1cccc(S(=O)(=O)N2CC3(C)CC2CC(C)(C)C3)c1","train"
"CHEMBL2144367","CCOc1ccc(NC(=O)CN(C)C(=O)c2cccnc2Sc2ccc(C)cc2C)cc1OCC","CCOc1ccc(NC(=O)CN(C)C(=O)c2cccnc2Sc2ccc(C)cc2C)cc1OCC","train"
"CHEMBL2144369","Cc1ccc(S(=O)(=O)N2[C@@H](Cc3ccccc3)CO[C@H]2CC(=O)c2cccc3ccccc23)cc1","Cc1ccc(S(=O)(=O)N2[C@@H](Cc3ccccc3)CO[C@H]2CC(=O)c2cccc3ccccc23)cc1","train"
"CHEMBL2144371","C[C@H]1CN([C@@H](C)CO)C(=O)CCCn2cc(nn2)CO[C@@H]1CN(C)C(=O)Nc1cccc(C(F)(F)F)c1","C[C@H]1CN([C@@H](C)CO)C(=O)CCCn2cc(nn2)CO[C@@H]1CN(C)C(=O)Nc1cccc(C(F)(F)F)c1","train"
"CHEMBL2144372","Cc1ccc(C)c(/N=C2\C(Cl)=C(O)OC2OC(C)C)c1","Cc1ccc(C)c(/N=C2\C(Cl)=C(O)OC2OC(C)C)c1","train"
"CHEMBL2144373","CC(=O)Nc1ccc(NC(=O)C2Cc3c(-c4cccc(F)c4)ccnc3O2)cc1","CC(=O)Nc1ccc(NC(=O)C2Cc3c(-c4cccc(F)c4)ccnc3O2)cc1","train"
"CHEMBL2144375","Cc1ccc(S(=O)(=O)NCC2CCC(C(=O)NCCCN3CCC(C)CC3)CC2)cc1","Cc1ccc(S(=O)(=O)NCC2CCC(C(=O)NCCCN3CCC(C)CC3)CC2)cc1","train"
"CHEMBL2144376","COc1cccc(CNC(=O)[C@@H]2CCCN2C(=O)[C@H]2CCCCN2C(=O)c2cccc3ccccc23)c1","COc1cccc(CNC(=O)[C@@H]2CCCN2C(=O)[C@H]2CCCCN2C(=O)c2cccc3ccccc23)c1","train"
"CHEMBL2144378","CCOC(=O)c1cc(OC)c2cccc(CN3CCC(C)(C(=O)NCCOC)C3)c2c1","CCOC(=O)c1cc(OC)c2cccc(CN3CCC(C)(C(=O)NCCOC)C3)c2c1","train"
"CHEMBL2144379","CCOC(=O)C1(CCOC)CCN(C(=O)c2sccc2C)CC1","CCOC(=O)C1(CCOC)CCN(C(=O)c2sccc2C)CC1","train"
"CHEMBL2144380","COc1ccc(-c2csc(NC(=O)c3c(C)noc3C)n2)cc1OC","COc1ccc(-c2csc(NC(=O)c3c(C)noc3C)n2)cc1OC","train"
"CHEMBL2144381","COc1ccc(S(=O)(=O)N2CCCC(C(=O)NCc3cccnc3)C2)cc1C","COc1ccc(S(=O)(=O)N2CCCC(C(=O)NCc3cccnc3)C2)cc1C","train"
"CHEMBL2144382","O=C(N[C@@H]1CC[C@H](CCn2cc(-c3cccnc3)nn2)O[C@@H]1CO)c1ccccc1F","O=C(N[C@@H]1CC[C@H](CCn2cc(-c3cccnc3)nn2)O[C@@H]1CO)c1ccccc1F","train"
"CHEMBL2144384","OC1=C(C=NCCCCCCCCN=CC2=C(O)OCC2)CCO1","OC1=C(C=NCCCCCCCCN=CC2=C(O)OCC2)CCO1","train"
"CHEMBL2144385","C[C@@H]1CN([C@H](C)CO)C(=O)Cc2cc(NC(=O)Nc3cccc4ccccc34)ccc2O[C@@H]1CN(C)Cc1ccc(Oc2ccccc2)cc1","C[C@@H]1CN([C@H](C)CO)C(=O)Cc2cc(NC(=O)Nc3cccc4ccccc34)ccc2O[C@@H]1CN(C)Cc1ccc(Oc2ccccc2)cc1","train"
"CHEMBL2144387","CC1(C)Oc2cc3oc(C(=O)O)cc(=O)c3cc2-c2ccccc21","CC1(C)Oc2cc3oc(C(=O)O)cc(=O)c3cc2-c2ccccc21","train"
"CHEMBL2144388","CC(=O)c1cccc(Nc2ccc(Br)cc2)c1","CC(=O)c1cccc(Nc2ccc(Br)cc2)c1","train"
"CHEMBL2144389","CSc1ncnc2c1ncn2CCCNc1ccc(C)c(C)c1","CSc1ncnc2c1ncn2CCCNc1ccc(C)c(C)c1","train"
"CHEMBL2144393","COCC(=O)Nc1ccc(S(=O)(=O)Nc2onc(C)c2C)cc1","COCC(=O)Nc1ccc(S(=O)(=O)Nc2onc(C)c2C)cc1","train"
"CHEMBL2144395","Cc1nc(N)ncc1CCC1OCCO1","Cc1nc(N)ncc1CCC1OCCO1","train"
"CHEMBL2144396","Cc1ccc(Cc2c(-c3ccc(C)cc3)nc3c4ccccc4ccn23)cc1","Cc1ccc(Cc2c(-c3ccc(C)cc3)nc3c4ccccc4ccn23)cc1","train"
"CHEMBL2144397","C=C1CCN([C@@H](Cc2ccccc2)C(=O)Nc2nccs2)S(=O)(=O)c2ccccc21","C=C1CCN([C@@H](Cc2ccccc2)C(=O)Nc2nccs2)S(=O)(=O)c2ccccc21","train"
"CHEMBL2144398","O=C(Nc1c(O)c2ccccc2oc1=O)c1ccccc1Cl","O=C(Nc1c(O)c2ccccc2oc1=O)c1ccccc1Cl","train"
"CHEMBL2144399","CSc1ccc(CN2CCC(C)(Oc3ccc(-n4ccnc4)cc3)C2)cc1","CSc1ccc(CN2CCC(C)(Oc3ccc(-n4ccnc4)cc3)C2)cc1","train"
"CHEMBL2144401","Cc1ccccc1C#CC1=CC(=O)CC(C)(C)C1","Cc1ccccc1C#CC1=CC(=O)CC(C)(C)C1","train"
"CHEMBL2144402","O=C([C@@H]1C[C@@H](Sc2nc3ccccc3[nH]2)CN1Cc1ccc(Cl)cc1)N1CCN(c2ccccc2F)CC1","O=C([C@@H]1C[C@@H](Sc2nc3ccccc3[nH]2)CN1Cc1ccc(Cl)cc1)N1CCN(c2ccccc2F)CC1","train"
"CHEMBL2144405","O=C(O)c1ccc(S(=O)(=O)NN=Cc2c[nH]c3ccccc23)cc1","O=C(O)c1ccc(S(=O)(=O)NN=Cc2c[nH]c3ccccc23)cc1","train"
"CHEMBL2144407","COC(=O)C1=C(c2ccc(OCc3ccccc3)c(F)c2)C[C@@H]2CC[C@H]1N2C","COC(=O)C1=C(c2ccc(OCc3ccccc3)c(F)c2)C[C@@H]2CC[C@H]1N2C","train"
"CHEMBL2144408","CC(C)CCOc1ccc(C(=O)Nc2cc(S(=O)(=O)N3CCOCC3)ccc2N2CCOCC2)cc1","CC(C)CCOc1ccc(C(=O)Nc2cc(S(=O)(=O)N3CCOCC3)ccc2N2CCOCC2)cc1","train"
"CHEMBL2144413","CN(CCO)C(=O)c1[nH]cnc1C(=O)N1CCN(C(=O)OC(C)(C)C)CC1","CN(CCO)C(=O)c1[nH]cnc1C(=O)N1CCN(C(=O)OC(C)(C)C)CC1","train"
"CHEMBL2144415","C[C@@H](c1ccccc1)N1C[C@@H](COCc2ccccc2)Oc2cc(N3CCC[C@H]3CO)ccc2S1(=O)=O","C[C@@H](c1ccccc1)N1C[C@@H](COCc2ccccc2)Oc2cc(N3CCC[C@H]3CO)ccc2S1(=O)=O","train"
"CHEMBL2144416","C[C@@H]1CN([C@H](C)CO)C(=O)Cc2cc(NC(=O)Nc3ccc(F)cc3)ccc2O[C@H]1CN(C)Cc1ccc(C(F)(F)F)cc1","C[C@@H]1CN([C@H](C)CO)C(=O)Cc2cc(NC(=O)Nc3ccc(F)cc3)ccc2O[C@H]1CN(C)Cc1ccc(C(F)(F)F)cc1","train"
"CHEMBL2144417","COc1ccc(-c2csc(C(C)(O)c3cccc(F)c3)n2)cc1","COc1ccc(-c2csc(C(C)(O)c3cccc(F)c3)n2)cc1","train"
"CHEMBL2144418","COC(=O)[C@]12CCCCC=C1N(Cc1cccc3ccccc13)C(=O)[C@H](CC(=O)N1CCCCC1)C2","COC(=O)[C@]12CCCCC=C1N(Cc1cccc3ccccc13)C(=O)[C@H](CC(=O)N1CCCCC1)C2","train"
"CHEMBL2144419","Cc1cccc(C)c1NC(=O)CN(C)C(=O)C1CCCCC1","Cc1cccc(C)c1NC(=O)CN(C)C(=O)C1CCCCC1","train"
"CHEMBL2144420","COc1ccc(CN(C)C[C@H]2Oc3ccc(NS(=O)(=O)c4ccc(Cl)cc4)cc3CC(=O)N([C@@H](C)CO)C[C@@H]2C)cc1","COc1ccc(CN(C)C[C@H]2Oc3ccc(NS(=O)(=O)c4ccc(Cl)cc4)cc3CC(=O)N([C@@H](C)CO)C[C@@H]2C)cc1","train"
"CHEMBL2144422","COc1ccc(CCNC(=O)C/C(C)=N/NC(=O)c2ccc(Cl)cc2Cl)cc1OC","COc1ccc(CCNC(=O)C/C(C)=N/NC(=O)c2ccc(Cl)cc2Cl)cc1OC","train"
"CHEMBL2144423","CCCc1nc2ccc(Cl)cn2c1Cc1cccc(Cl)c1","CCCc1nc2ccc(Cl)cn2c1Cc1cccc(Cl)c1","train"
"CHEMBL2144424","O=C(CCC1CCN(C(=O)CC2=CCCCC2)CC1)NCc1ccc(F)cc1","O=C(CCC1CCN(C(=O)CC2=CCCCC2)CC1)NCc1ccc(F)cc1","train"
"CHEMBL2144425","COc1ccc(CCNC(=O)C2CCCN(C(=O)c3ccc(Cl)cc3)C2)cc1","COc1ccc(CCNC(=O)C2CCCN(C(=O)c3ccc(Cl)cc3)C2)cc1","train"
"CHEMBL2144427","COc1ccc(C2CC(=O)Nc3cc(OC)c(OC)cc32)cc1","COc1ccc(C2CC(=O)Nc3cc(OC)c(OC)cc32)cc1","train"
"CHEMBL2144430","C[C@@H]1CN([C@H](C)CO)C(=O)CCCn2cc(nn2)CO[C@H]1CN(C)S(=O)(=O)c1ccc2c(c1)OCCCO2","C[C@@H]1CN([C@H](C)CO)C(=O)CCCn2cc(nn2)CO[C@H]1CN(C)S(=O)(=O)c1ccc2c(c1)OCCCO2","train"
"CHEMBL2144432","COCCn1c(N)c(N(Cc2ccccc2)C(=O)C(C)Oc2ccc(Br)cc2)c(=O)[nH]c1=O","COCCn1c(N)c(N(Cc2ccccc2)C(=O)C(C)Oc2ccc(Br)cc2)c(=O)[nH]c1=O","train"
"CHEMBL2144433","COc1ccccc1N1CCN(S(=O)(=O)c2c(C)sc3ncn(CC(=O)NCCN(C)C)c(=O)c23)CC1","COc1ccccc1N1CCN(S(=O)(=O)c2c(C)sc3ncn(CC(=O)NCCN(C)C)c(=O)c23)CC1","train"
"CHEMBL2144434","CC(Oc1cc(-n2cnc3ccc(CN4CCN(C)CC4)cc32)sc1C(N)=O)c1ccccc1C(F)(F)F","CC(Oc1cc(-n2cnc3ccc(CN4CCN(C)CC4)cc32)sc1C(N)=O)c1ccccc1C(F)(F)F","train"
"CHEMBL2144435","CCCNC(=O)C1(C)CCCN(CC(=O)c2ccccc2OC)C1","CCCNC(=O)C1(C)CCCN(CC(=O)c2ccccc2OC)C1","train"
"CHEMBL2144436","Cc1cccnc1C(NC(=O)C1CCN(Cc2ccc(Cl)cc2)CC1)c1ccc(F)cc1","Cc1cccnc1C(NC(=O)C1CCN(Cc2ccc(Cl)cc2)CC1)c1ccc(F)cc1","train"
"CHEMBL2144437","Cc1ncc([N+](=O)[O-])n1CC(=O)Nc1ccc2c(c1)OCO2","Cc1ncc([N+](=O)[O-])n1CC(=O)Nc1ccc2c(c1)OCO2","train"
"CHEMBL2144438","CCc1c(C)nc(N2CCN(Cc3ccc4c(c3)OCO4)CC2)nc1O","CCc1c(C)nc(N2CCN(Cc3ccc4c(c3)OCO4)CC2)nc1O","train"
"CHEMBL2144441","COC(=O)c1cccc(C(=O)NCc2nc(-c3cccc(NC(=O)c4ccoc4C)c3)oc2C)c1","COC(=O)c1cccc(C(=O)NCc2nc(-c3cccc(NC(=O)c4ccoc4C)c3)oc2C)c1","train"
"CHEMBL2144442","C[C@H]1CN([C@@H](C)CO)S(=O)(=O)c2ccc(-c3cccc(F)c3)cc2O[C@@H]1CN(C)S(=O)(=O)c1ccc(F)cc1","C[C@H]1CN([C@@H](C)CO)S(=O)(=O)c2ccc(-c3cccc(F)c3)cc2O[C@@H]1CN(C)S(=O)(=O)c1ccc(F)cc1","train"
"CHEMBL2144443","O=C1COc2ccc(C(=O)COC(=O)CCCOc3ccccc3)cc2N1","O=C1COc2ccc(C(=O)COC(=O)CCCOc3ccccc3)cc2N1","train"
"CHEMBL2144444","CC(C)CC1C(=O)N(Cc2cn(CCC3OCCO3)nn2)CCS(=O)(=O)N1Cc1ccc(-c2cccc(CO)c2)cc1","CC(C)CC1C(=O)N(Cc2cn(CCC3OCCO3)nn2)CCS(=O)(=O)N1Cc1ccc(-c2cccc(CO)c2)cc1","train"
"CHEMBL2144445","Cc1noc(C)c1C(=O)N(C)C[C@@H]1OCc2ccccc2-c2c(n(C)c3ccccc23)C(=O)N([C@H](C)CO)C[C@H]1C","Cc1noc(C)c1C(=O)N(C)C[C@@H]1OCc2ccccc2-c2c(n(C)c3ccccc23)C(=O)N([C@H](C)CO)C[C@H]1C","train"
"CHEMBL2144446","CC(C)Nc1nc(Nc2ccc(F)cc2)c2sccc2n1","CC(C)Nc1nc(Nc2ccc(F)cc2)c2sccc2n1","train"
"CHEMBL2144448","O=C(NCC(c1ccco1)N1CCCC1)c1ccc(-n2cccn2)cc1","O=C(NCC(c1ccco1)N1CCCC1)c1ccc(-n2cccn2)cc1","train"
"CHEMBL2144449","Cc1c(C(=O)N2CCC(Cc3ccccc3)CC2)sc2ncnc(NCc3ccccn3)c12","Cc1c(C(=O)N2CCC(Cc3ccccc3)CC2)sc2ncnc(NCc3ccccn3)c12","train"
"CHEMBL2144450","COC(=O)c1c(-c2ccccc2)[nH]c(-c2nccc3ccccc23)c1C(=O)OC","COC(=O)c1c(-c2ccccc2)[nH]c(-c2nccc3ccccc23)c1C(=O)OC","train"
"CHEMBL2144451","Nc1[nH]c(C(=O)c2ccccc2)c(-c2ccncc2)c1C(=O)NC1CC1","Nc1[nH]c(C(=O)c2ccccc2)c(-c2ccncc2)c1C(=O)NC1CC1","train"
"CHEMBL2144452","Cc1ccc(S(=O)(=O)N(C)C[C@H]2Oc3ccc(NS(=O)(=O)c4ccc(Cl)cc4)cc3CC(=O)N([C@H](C)CO)C[C@H]2C)cc1","Cc1ccc(S(=O)(=O)N(C)C[C@H]2Oc3ccc(NS(=O)(=O)c4ccc(Cl)cc4)cc3CC(=O)N([C@H](C)CO)C[C@H]2C)cc1","train"
"CHEMBL2144453","Cn1c(=O)c2c(ncn2CC(=O)OCC(=O)c2ccc(Br)cc2)n(C)c1=O","Cn1c(=O)c2c(ncn2CC(=O)OCC(=O)c2ccc(Br)cc2)n(C)c1=O","train"
"CHEMBL2144455","C[C@H]1CN([C@@H](C)CO)C(=O)CCCn2cc(nn2)CO[C@@H]1CN(C)C(=O)c1ccncc1","C[C@H]1CN([C@@H](C)CO)C(=O)CCCn2cc(nn2)CO[C@@H]1CN(C)C(=O)c1ccncc1","train"
"CHEMBL2144457","C[C@H](CO)N1C[C@H](C)[C@@H](CN(C)Cc2ccc(Cl)c(Cl)c2)Oc2c(NC(=O)Nc3cccc4ccccc34)cccc2C1=O","C[C@H](CO)N1C[C@H](C)[C@@H](CN(C)Cc2ccc(Cl)c(Cl)c2)Oc2c(NC(=O)Nc3cccc4ccccc34)cccc2C1=O","train"
"CHEMBL2144458","CC(C)OC(=O)C(=O)/C=C(\Nc1ccc(O)cc1)c1ccccc1","CC(C)OC(=O)C(=O)/C=C(\Nc1ccc(O)cc1)c1ccccc1","train"
"CHEMBL2144459","Cc1ccc2nc3n(c(=O)c2c1)-c1cc2ccccc2cc1C(=O)NC3Cc1ccccc1","Cc1ccc2nc3n(c(=O)c2c1)-c1cc2ccccc2cc1C(=O)NC3Cc1ccccc1","train"
"CHEMBL2144460","CCc1nc2c(OCC=C(C)C)cccn2c1N(C)C(=O)c1ccccc1F","CCc1nc2c(OCC=C(C)C)cccn2c1N(C)C(=O)c1ccccc1F","train"
"CHEMBL2144461","CCOC(=O)C1=CCN(S(=O)(=O)c2ccccc2)C1c1ccc(Cl)cc1","CCOC(=O)C1=CCN(S(=O)(=O)c2ccccc2)C1c1ccc(Cl)cc1","train"
"CHEMBL2144462","CSc1ccc(CN2C(=O)C(F)(F)Oc3c(C(C)=O)cccc32)cc1","CSc1ccc(CN2C(=O)C(F)(F)Oc3c(C(C)=O)cccc32)cc1","train"
"CHEMBL2144463","CC1CCCCC1NC(=O)Cn1c(=O)cnc2ccccc21","CC1CCCCC1NC(=O)Cn1c(=O)cnc2ccccc21","train"
"CHEMBL2144466","C[C@H](CO)N1C[C@H](C)[C@@H](CN(C)C(=O)Nc2ccc(F)cc2)Oc2ccc(NS(C)(=O)=O)cc2C1=O","C[C@H](CO)N1C[C@H](C)[C@@H](CN(C)C(=O)Nc2ccc(F)cc2)Oc2ccc(NS(C)(=O)=O)cc2C1=O","train"
"CHEMBL2144467","CCN(CC(=O)Nc1c(F)cccc1F)C(=O)c1cccc(S(=O)(=O)NCc2ccccc2)c1","CCN(CC(=O)Nc1c(F)cccc1F)C(=O)c1cccc(S(=O)(=O)NCc2ccccc2)c1","train"
"CHEMBL2144469","CCOC(=O)[C@]12CCCC=C1N(CCC1=CCCCC1)C(=O)[C@H](CC(=O)NCc1ccc(C)o1)C2","CCOC(=O)[C@]12CCCC=C1N(CCC1=CCCCC1)C(=O)[C@H](CC(=O)NCc1ccc(C)o1)C2","train"
"CHEMBL2144470","COc1ccc(-c2cc3nc(NCCCN(C)C)n(C)c(=O)c3s2)cc1OC","COc1ccc(-c2cc3nc(NCCCN(C)C)n(C)c(=O)c3s2)cc1OC","train"
"CHEMBL2144472","Nc1[nH]c(C(=O)c2ccccc2)c(-c2ccccc2Cl)c1C(=O)c1ccccc1","Nc1[nH]c(C(=O)c2ccccc2)c(-c2ccccc2Cl)c1C(=O)c1ccccc1","train"
"CHEMBL2144473","O=S(=O)(N[C@@H]1CC[C@@H](CCn2cc(-c3ccccn3)nn2)O[C@@H]1CO)c1cccc(Cl)c1","O=S(=O)(N[C@@H]1CC[C@@H](CCn2cc(-c3ccccn3)nn2)O[C@@H]1CO)c1cccc(Cl)c1","train"
"CHEMBL2144474","CO[C@H]1CN(C)C(=O)c2cc(NC(=O)Nc3ccc4c(c3)OCO4)ccc2OC[C@H](C)NC[C@@H]1C","CO[C@H]1CN(C)C(=O)c2cc(NC(=O)Nc3ccc4c(c3)OCO4)ccc2OC[C@H](C)NC[C@@H]1C","train"
"CHEMBL2144476","Cc1cccc(C)c1NC(=O)C1C(c2ccc3c(c2)OCO3)=Nc2ccccc2N1C(=O)c1ccccc1","Cc1cccc(C)c1NC(=O)C1C(c2ccc3c(c2)OCO3)=Nc2ccccc2N1C(=O)c1ccccc1","train"
"CHEMBL2144478","C[C@@H]1CN([C@H](C)CO)C(=O)Cc2cc(NS(=O)(=O)c3ccc(F)cc3)ccc2O[C@H]1CN(C)Cc1ccc(Cl)c(Cl)c1","C[C@@H]1CN([C@H](C)CO)C(=O)Cc2cc(NS(=O)(=O)c3ccc(F)cc3)ccc2O[C@H]1CN(C)Cc1ccc(Cl)c(Cl)c1","train"
"CHEMBL2144479","CC(=O)Cn1cnc2c(cnn2-c2ccc(F)cc2)c1=O","CC(=O)Cn1cnc2c(cnn2-c2ccc(F)cc2)c1=O","train"
"CHEMBL2144481","O=C1c2c(-c3ccc(Br)cc3)noc2CCN1Cc1cn(-c2ccc(Cl)cc2)nn1","O=C1c2c(-c3ccc(Br)cc3)noc2CCN1Cc1cn(-c2ccc(Cl)cc2)nn1","train"
"CHEMBL2144482","CN(CC(=O)Nc1ccc(Cl)c(C(F)(F)F)c1)S(=O)(=O)c1c[nH]cn1","CN(CC(=O)Nc1ccc(Cl)c(C(F)(F)F)c1)S(=O)(=O)c1c[nH]cn1","train"
"CHEMBL2144483","CS(=O)(=O)c1ccc(C(=O)NCC2(N3CCOCC3)CCCCC2)cc1","CS(=O)(=O)c1ccc(C(=O)NCC2(N3CCOCC3)CCCCC2)cc1","train"
"CHEMBL3137588","O=C(NCCN1CCOCC1)c1cncc2nnc(-c3ccc(OC(F)F)cc3)n12","O=C(NCCN1CCOCC1)c1cncc2nnc(-c3ccc(OC(F)F)cc3)n12","train"
"CHEMBL3137589","O=C(c1cncc2nnc(-c3ccc(OC(F)F)cc3)n12)N1CCOCC1","O=C(c1cncc2nnc(-c3ccc(OC(F)F)cc3)n12)N1CCOCC1","train"
"CHEMBL3137590","C[C@H](NC(=O)c1cncc2nnc(-c3ccc(OC(F)F)cc3)n12)c1ccccc1","C[C@H](NC(=O)c1cncc2nnc(-c3ccc(OC(F)F)cc3)n12)c1ccccc1","train"
"CHEMBL3137593","C[C@@H](NC(=O)c1cncc2nnc(-c3ccc(OC(F)F)cc3)n12)c1ccccc1","C[C@@H](NC(=O)c1cncc2nnc(-c3ccc(OC(F)F)cc3)n12)c1ccccc1","train"
"CHEMBL3137594","O=c1[nH]cc(OCCc2ccc(F)c(F)c2)n2c(-c3ccc(OC(F)F)cc3)nnc12","O=c1[nH]cc(OCCc2ccc(F)c(F)c2)n2c(-c3ccc(OC(F)F)cc3)nnc12","train"
"CHEMBL3137595","O=C(Nc1ccccn1)c1cncc2nnc(-c3ccc(OC(F)F)cc3)n12","O=C(Nc1ccccn1)c1cncc2nnc(-c3ccc(OC(F)F)cc3)n12","train"
"CHEMBL3137596","O=C(NCCc1ccccc1)c1cncc2nnc(-c3ccc(OC(F)F)cc3)n12","O=C(NCCc1ccccc1)c1cncc2nnc(-c3ccc(OC(F)F)cc3)n12","train"
"CHEMBL3137597","Fc1ccc(CCOc2cncc3nnc(N4Cc5ccccc5C4)n23)cc1F","Fc1ccc(CCOc2cncc3nnc(N4Cc5ccccc5C4)n23)cc1F","train"
"CHEMBL3137598","CCN(CC)c1ncc(OCCc2ccc(F)c(F)c2)n2c(-c3ccc(OC(F)F)cc3)nnc12","CCN(CC)c1ncc(OCCc2ccc(F)c(F)c2)n2c(-c3ccc(OC(F)F)cc3)nnc12","train"
"CHEMBL3137599","O=S(=O)(Cc1ccc(C(F)(F)F)cc1)Nc1cncc2nnc(-c3ccc(OC(F)F)cc3)n12","O=S(=O)(Cc1ccc(C(F)(F)F)cc1)Nc1cncc2nnc(-c3ccc(OC(F)F)cc3)n12","train"
"CHEMBL3137600","O=C(c1cncc2nnc(-c3ccc(OC(F)F)cc3)n12)N1CCCC1c1ccccc1","O=C(c1cncc2nnc(-c3ccc(OC(F)F)cc3)n12)N1CCCC1c1ccccc1","train"
"CHEMBL3137601","CN(Cc1cccc(Cl)c1)C(=O)c1cncc2nnc(-c3ccc(OC(F)F)cc3)n12","CN(Cc1cccc(Cl)c1)C(=O)c1cncc2nnc(-c3ccc(OC(F)F)cc3)n12","train"
"CHEMBL3137602","FC(F)Oc1ccc(-c2nnc3cncc(CCCc4ccccc4)n23)cc1","FC(F)Oc1ccc(-c2nnc3cncc(CCCc4ccccc4)n23)cc1","train"
"CHEMBL3137603","FC(F)Oc1ccc(-c2nnc3cncc(CCN4CCOCC4)n23)cc1","FC(F)Oc1ccc(-c2nnc3cncc(CCN4CCOCC4)n23)cc1","train"
"CHEMBL3137604","FC(F)Oc1ccc(-c2nnc3n2C(CCCc2ccccc2)CNC3)cc1","FC(F)Oc1ccc(-c2nnc3n2C(CCCc2ccccc2)CNC3)cc1","train"
"CHEMBL3137605","Nc1ncc(OCCc2ccc(F)c(F)c2)n2c(-c3ccc(OC(F)F)cc3)nnc12","Nc1ncc(OCCc2ccc(F)c(F)c2)n2c(-c3ccc(OC(F)F)cc3)nnc12","train"
"CHEMBL3137606","FC(F)Oc1ccc(-c2nnc3cncc(CCN4Cc5ccccc5C4)n23)cc1","FC(F)Oc1ccc(-c2nnc3cncc(CCN4Cc5ccccc5C4)n23)cc1","train"
"CHEMBL3137607","FC(F)Oc1ccc(-c2nnc3cncc(N4CC(c5ccccc5)C4)n23)cc1","FC(F)Oc1ccc(-c2nnc3cncc(N4CC(c5ccccc5)C4)n23)cc1","train"
"CHEMBL3137608","Fc1ccc(COCc2cncc3nnc(-c4ccc(OC(F)F)cc4)n23)cc1F","Fc1ccc(COCc2cncc3nnc(-c4ccc(OC(F)F)cc4)n23)cc1F","train"
"CHEMBL3137609","Cc1ncc(OCCc2ccc(F)c(F)c2)n2c(-c3ccc(OC(F)F)cc3)nnc12","Cc1ncc(OCCc2ccc(F)c(F)c2)n2c(-c3ccc(OC(F)F)cc3)nnc12","train"
"CHEMBL3137610","O=C(Nc1cccc(Cl)c1)c1cncc2nnc(-c3ccc(OC(F)F)cc3)n12","O=C(Nc1cccc(Cl)c1)c1cncc2nnc(-c3ccc(OC(F)F)cc3)n12","train"
"CHEMBL3137611","O=C(NCc1ccc(F)c(F)c1)c1cncc2nnc(-c3ccc(OC(F)F)cc3)n12","O=C(NCc1ccc(F)c(F)c1)c1cncc2nnc(-c3ccc(OC(F)F)cc3)n12","train"
"CHEMBL3137612","O=C(NCc1cncc2nnc(-c3ccc(OC(F)F)cc3)n12)c1cccc(Cl)c1","O=C(NCc1cncc2nnc(-c3ccc(OC(F)F)cc3)n12)c1cccc(Cl)c1","train"
"CHEMBL3137613","FC(F)Oc1ccc(-c2nnc3cncc(Oc4ccc(Cl)cc4)n23)cc1","FC(F)Oc1ccc(-c2nnc3cncc(Oc4ccc(Cl)cc4)n23)cc1","train"
"CHEMBL3137614","CO[C@@H](COc1cncc2nnc(-c3ccc(C#N)cc3)n12)c1ccc(F)c(F)c1","CO[C@@H](COc1cncc2nnc(-c3ccc(C#N)cc3)n12)c1ccc(F)c(F)c1","train"
"CHEMBL3137615","Fc1ccc(CCOc2cncc3ncc(-c4ccc(Cl)cc4)n23)cc1F","Fc1ccc(CCOc2cncc3ncc(-c4ccc(Cl)cc4)n23)cc1F","train"
"CHEMBL3137616","FC(F)Oc1ccc(-c2nnc3cncc(CN4Cc5ccccc5C4)n23)cc1","FC(F)Oc1ccc(-c2nnc3cncc(CN4Cc5ccccc5C4)n23)cc1","train"
"CHEMBL3137617","O=C(Nc1ccc(F)cc1)c1cncc2nnc(-c3ccc(OC(F)F)cc3)n12","O=C(Nc1ccc(F)cc1)c1cncc2nnc(-c3ccc(OC(F)F)cc3)n12","train"
"CHEMBL3137618","O=C(Nc1ccc(F)c(F)c1)c1cncc2nnc(-c3ccc(OC(F)F)cc3)n12","O=C(Nc1ccc(F)c(F)c1)c1cncc2nnc(-c3ccc(OC(F)F)cc3)n12","train"
"CHEMBL3137619","Fc1ccc(CCCc2cncc3nnc(-c4ccc(OC(F)F)cc4)n23)cc1F","Fc1ccc(CCCc2cncc3nnc(-c4ccc(OC(F)F)cc4)n23)cc1F","train"
"CHEMBL3137620","O=C(Nc1ccc(Cl)cc1)c1cncc2nnc(-c3ccc(OC(F)F)cc3)n12","O=C(Nc1ccc(Cl)cc1)c1cncc2nnc(-c3ccc(OC(F)F)cc3)n12","train"
"CHEMBL3137621","Fc1ccc2c(c1)CCN2c1nnc2cncc(OCCc3ccc(F)c(F)c3)n12","Fc1ccc2c(c1)CCN2c1nnc2cncc(OCCc3ccc(F)c(F)c3)n12","train"
"CHEMBL3137622","Fc1ccc(CCOc2cncc3cnc(-c4ccc(Cl)cc4)n23)cc1F","Fc1ccc(CCOc2cncc3cnc(-c4ccc(Cl)cc4)n23)cc1F","train"
"CHEMBL3137623","CN(C)[C@@H](COc1cncc2nnc(-c3ccc(OC(F)F)cc3)n12)c1ccc(F)c(F)c1","CN(C)[C@@H](COc1cncc2nnc(-c3ccc(OC(F)F)cc3)n12)c1ccc(F)c(F)c1","train"
"CHEMBL3137624","Fc1ccc(C2(COc3cncc4nnc(-c5ccc(OC(F)F)cc5)n34)COC2)cc1F","Fc1ccc(C2(COc3cncc4nnc(-c5ccc(OC(F)F)cc5)n34)COC2)cc1F","train"
"CHEMBL3137625","N#Cc1ccc(-c2nnc3cncc(OCC(OC(F)F)c4ccc(F)c(F)c4)n23)cc1","N#Cc1ccc(-c2nnc3cncc(OCC(OC(F)F)c4ccc(F)c(F)c4)n23)cc1","train"
"CHEMBL3137626","FC(F)Oc1ccc(-c2nnc3cncc(Oc4ccc5ccccc5c4)n23)cc1","FC(F)Oc1ccc(-c2nnc3cncc(Oc4ccc5ccccc5c4)n23)cc1","train"
"CHEMBL3137627","FC(F)Oc1ccc(-c2nnc3cncc(OCC(F)(F)F)n23)cc1","FC(F)Oc1ccc(-c2nnc3cncc(OCC(F)(F)F)n23)cc1","train"
"CHEMBL3137628","CN[C@@H](COc1cncc2nnc(-c3ccc(OC(F)F)cc3)n12)c1ccc(F)c(F)c1","CN[C@@H](COc1cncc2nnc(-c3ccc(OC(F)F)cc3)n12)c1ccc(F)c(F)c1","train"
"CHEMBL3137629","FC(F)Oc1ccc(-c2nnc3cncc(Oc4ccc(C(F)(F)F)cc4)n23)cc1","FC(F)Oc1ccc(-c2nnc3cncc(Oc4ccc(C(F)(F)F)cc4)n23)cc1","train"
"CHEMBL3137630","FC(F)Oc1ccc(-c2nnc3cncc(Oc4ccc(Cl)c(Cl)c4)n23)cc1","FC(F)Oc1ccc(-c2nnc3cncc(Oc4ccc(Cl)c(Cl)c4)n23)cc1","train"
"CHEMBL3137631","O=C(Nc1ccc(F)c(Cl)c1)c1cncc2nnc(-c3ccc(OC(F)F)cc3)n12","O=C(Nc1ccc(F)c(Cl)c1)c1cncc2nnc(-c3ccc(OC(F)F)cc3)n12","train"
"CHEMBL3137632","O=C(c1cncc2nnc(-c3ccc(OC(F)F)cc3)n12)N1CCc2cc(F)ccc21","O=C(c1cncc2nnc(-c3ccc(OC(F)F)cc3)n12)N1CCc2cc(F)ccc21","train"
"CHEMBL3137633","FC(F)Oc1ccc(-c2nnc3cncc(Nc4ccc(Cl)c(Cl)c4)n23)cc1","FC(F)Oc1ccc(-c2nnc3cncc(Nc4ccc(Cl)c(Cl)c4)n23)cc1","train"
"CHEMBL3137634","FC(F)Oc1ccc(-c2nnc3cncc(Oc4cccc(Cl)c4)n23)cc1","FC(F)Oc1ccc(-c2nnc3cncc(Oc4cccc(Cl)c4)n23)cc1","train"
"CHEMBL3137637","Fc1ccc(CCOc2cn3c(-c4ccc(OC(F)F)cc4)nnc3cn2)cc1F","Fc1ccc(CCOc2cn3c(-c4ccc(OC(F)F)cc4)nnc3cn2)cc1F","train"
"CHEMBL3137638","Fc1ccc(COc2cn3c(-c4ccc(OC(F)F)cc4)nnc3cn2)cc1F","Fc1ccc(COc2cn3c(-c4ccc(OC(F)F)cc4)nnc3cn2)cc1F","train"
"CHEMBL3137639","OCC(COc1cncc2nnc(-c3ccc(OC(F)F)cc3)n12)c1ccc(F)c(F)c1","OCC(COc1cncc2nnc(-c3ccc(OC(F)F)cc3)n12)c1ccc(F)c(F)c1","train"
"CHEMBL3137640","Fc1ccc(CNc2cn3c(-c4ccc(OC(F)F)cc4)nnc3cn2)cc1F","Fc1ccc(CNc2cn3c(-c4ccc(OC(F)F)cc4)nnc3cn2)cc1F","train"
"CHEMBL3137641","Fc1ccc(C(COc2cncc3nnc(-c4ccc(OC(F)F)cc4)n23)N2CCOCC2)cc1F","Fc1ccc(C(COc2cncc3nnc(-c4ccc(OC(F)F)cc4)n23)N2CCOCC2)cc1F","train"
"CHEMBL3137642","CC(C)(C)c1ccc(Oc2cncc3nnc(-c4ccc(OC(F)F)cc4)n23)cc1","CC(C)(C)c1ccc(Oc2cncc3nnc(-c4ccc(OC(F)F)cc4)n23)cc1","train"
"CHEMBL3137643","FC(F)Oc1ccc(-c2nnc3cncc(Oc4ccc5c(c4)CCCC5)n23)cc1","FC(F)Oc1ccc(-c2nnc3cncc(Oc4ccc5c(c4)CCCC5)n23)cc1","train"
"CHEMBL3137644","FC(F)Oc1ccc(-c2nnc3cncc(Oc4ccc(Cl)c(C(F)(F)F)c4)n23)cc1","FC(F)Oc1ccc(-c2nnc3cncc(Oc4ccc(Cl)c(C(F)(F)F)c4)n23)cc1","train"
"CHEMBL3137645","N[C@@H](COc1cncc2nnc(-c3ccc(OC(F)F)cc3)n12)c1ccc(F)c(F)c1","N[C@@H](COc1cncc2nnc(-c3ccc(OC(F)F)cc3)n12)c1ccc(F)c(F)c1","train"
"CHEMBL3137647","Fc1ccc(-c2cnn(-c3cncc4nnc(-c5ccc(OC(F)F)cc5)n34)c2)cc1F","Fc1ccc(-c2cnn(-c3cncc4nnc(-c5ccc(OC(F)F)cc5)n34)c2)cc1F","train"
"CHEMBL3137648","O=C(Nc1ccc(F)cc1Cl)c1cncc2nnc(-c3ccc(OC(F)F)cc3)n12","O=C(Nc1ccc(F)cc1Cl)c1cncc2nnc(-c3ccc(OC(F)F)cc3)n12","train"
"CHEMBL3137649","Fc1ccc(Nc2cn3c(-c4ccc(OC(F)F)cc4)nnc3cn2)cc1F","Fc1ccc(Nc2cn3c(-c4ccc(OC(F)F)cc4)nnc3cn2)cc1F","train"
"CHEMBL3137650","O=C(NCc1cc(Cl)ccc1Cl)c1cncc2nnc(-c3ccc(OC(F)F)cc3)n12","O=C(NCc1cc(Cl)ccc1Cl)c1cncc2nnc(-c3ccc(OC(F)F)cc3)n12","train"
"CHEMBL3137651","O=C(NCc1cccc(C(F)(F)F)c1Cl)c1cncc2nnc(-c3ccc(OC(F)F)cc3)n12","O=C(NCc1cccc(C(F)(F)F)c1Cl)c1cncc2nnc(-c3ccc(OC(F)F)cc3)n12","train"
"CHEMBL3137654","FC(F)Oc1ccc(-c2nnc3cncc(Oc4ccc(S(F)(F)(F)(F)F)cc4)n23)cc1","FC(F)Oc1ccc(-c2nnc3cncc(Oc4ccc(S(F)(F)(F)(F)F)cc4)n23)cc1","train"
"CHEMBL3137657","Cc1nn(-c2ccc(F)cc2)c(C)c1-c1nnc2cncc(Oc3ccc(Cl)c(Cl)c3)n12","Cc1nn(-c2ccc(F)cc2)c(C)c1-c1nnc2cncc(Oc3ccc(Cl)c(Cl)c3)n12","train"
"CHEMBL3137658","Fc1ccc([C@H]2[C@@H](Oc3cncc4nnc(-c5ccc(OC(F)F)cc5)n34)CN2C2CC2)cc1F","Fc1ccc([C@H]2[C@@H](Oc3cncc4nnc(-c5ccc(OC(F)F)cc5)n34)CN2C2CC2)cc1F","train"
"CHEMBL3137659","O=C1[C@H](Oc2cncc3nnc(-c4ccc(OC(F)F)cc4)n23)[C@H](c2ccc(F)c(F)c2)N1C1CC1","O=C1[C@H](Oc2cncc3nnc(-c4ccc(OC(F)F)cc4)n23)[C@H](c2ccc(F)c(F)c2)N1C1CC1","train"
"CHEMBL3137660","Cn1ccc2cc(Oc3cncc4nnc(-c5ccc(OC(F)F)cc5)n34)ccc21","Cn1ccc2cc(Oc3cncc4nnc(-c5ccc(OC(F)F)cc5)n34)ccc21","train"
"CHEMBL3137661","O=C1[C@@H](Oc2cn3c(-c4ccc(OC(F)F)cc4)nnc3cn2)[C@@H](c2ccc(F)c(F)c2)N1C1CC1","O=C1[C@@H](Oc2cn3c(-c4ccc(OC(F)F)cc4)nnc3cn2)[C@@H](c2ccc(F)c(F)c2)N1C1CC1","train"
"CHEMBL3137664","CC1=CC(C)(C)Oc2cc(Oc3cncc4nnc(-c5ccc(OC(F)F)cc5)n34)ccc21","CC1=CC(C)(C)Oc2cc(Oc3cncc4nnc(-c5ccc(OC(F)F)cc5)n34)ccc21","train"
"CHEMBL3137665","Cn1ncc2ccc(Oc3cncc4nnc(-c5ccc(OC(F)F)cc5)n34)cc21","Cn1ncc2ccc(Oc3cncc4nnc(-c5ccc(OC(F)F)cc5)n34)cc21","train"
"CHEMBL3137668","CC(CCC(=O)O)C1CC[C@H]2[C@@H]3CC[C@@H]4C[C@H](O)CC[C@]4(C)[C@H]3CC[C@]12C","CC(CCC(=O)O)C1CC[C@H]2[C@@H]3CC[C@@H]4C[C@H](O)CC[C@]4(C)[C@H]3CC[C@]12C","train"
"CHEMBL3137675","CC(OC(=O)OC1CCCCC1)OC(=O)C1=C(CSc2nnnn2CCN(C)C)CS[C@@H]2[C@H](NC(=O)Cc3csc(N)n3)C(=O)N12","CC(OC(=O)OC1CCCCC1)OC(=O)C1=C(CSc2nnnn2CCN(C)C)CS[C@@H]2[C@H](NC(=O)Cc3csc(N)n3)C(=O)N12","train"
"CHEMBL3137676","CO/N=C(\C(=O)N[C@@H]1C(=O)N2C(C(=O)OCOC(=O)C(C)(C)C)=C(Cn3nnc(C)n3)CS[C@H]12)c1csc(N)n1","CO/N=C(\C(=O)N[C@@H]1C(=O)N2C(C(=O)OCOC(=O)C(C)(C)C)=C(Cn3nnc(C)n3)CS[C@H]12)c1csc(N)n1","train"
"CHEMBL3137692","CC(=O)OCOC(=O)C1=C(COC(N)=O)SC2[C@H]([C@H](C)O)C(=O)N12","CC(=O)OCOC(=O)C1=C(COC(N)=O)SC2[C@H]([C@H](C)O)C(=O)N12","train"
"CHEMBL3137700","C[Si](C)(C)c1cccc(C(=O)C(F)(F)F)c1","C[Si](C)(C)c1cccc(C(=O)C(F)(F)F)c1","train"
"CHEMBL3137742","CC(=O)N1CCC[C@@H]1C(=O)O","CC(=O)N1CCC[C@@H]1C(=O)O","train"
"CHEMBL3137743","Cc1cc(OP(=O)(O[14CH3])O[14CH3])ccc1[N+](=O)[O-]","Cc1cc(OP(=O)(O[14CH3])O[14CH3])ccc1[N+](=O)[O-]","train"
"CHEMBL3137744","OC[C@@H](O)[C@@H](O)[C@@H](O)CO","OC[C@@H](O)[C@@H](O)[C@@H](O)CO","train"
"CHEMBL3137746","CC(=O)Oc1ccc2c(c1OC(C)=O)OC[C@]1(O)Cc3c(cc(OC(C)=O)c(OC(C)=O)c3OC(C)=O)[C@H]21","CC(=O)Oc1ccc2c(c1OC(C)=O)OC[C@]1(O)Cc3c(cc(OC(C)=O)c(OC(C)=O)c3OC(C)=O)[C@H]21","train"
"CHEMBL3137748","CC(CCCOC(=O)c1ccc2ccccc2n1)C1CC[C@H]2[C@@H]3[C@H](O)CC4C[C@H](OC(=O)c5ccc6ccccc6n5)CC[C@]4(C)[C@H]3C[C@H](O)[C@]12C","CC(CCCOC(=O)c1ccc2ccccc2n1)C1CC[C@H]2[C@@H]3[C@H](O)CC4C[C@H](OC(=O)c5ccc6ccccc6n5)CC[C@]4(C)[C@H]3C[C@H](O)[C@]12C","train"
"CHEMBL3137749","CC(CCCOC(=O)c1cnc2ccccc2n1)C1CC[C@H]2[C@@H]3[C@H](O)CC4C[C@H](OC(=O)c5cnc6ccccc6n5)CC[C@]4(C)[C@H]3C[C@H](O)[C@]12C","CC(CCCOC(=O)c1cnc2ccccc2n1)C1CC[C@H]2[C@@H]3[C@H](O)CC4C[C@H](OC(=O)c5cnc6ccccc6n5)CC[C@]4(C)[C@H]3C[C@H](O)[C@]12C","train"
"CHEMBL3137750","C[C@H](CCC(=O)Nc1cccc(S(N)(=O)=O)c1)[C@H]1CC[C@H]2[C@@H]3[C@H](O)C[C@@H]4C[C@H](O)CC[C@]4(C)[C@H]3CC[C@]12C","C[C@H](CCC(=O)Nc1cccc(S(N)(=O)=O)c1)[C@H]1CC[C@H]2[C@@H]3[C@H](O)C[C@@H]4C[C@H](O)CC[C@]4(C)[C@H]3CC[C@]12C","train"
"CHEMBL3137751","C[C@H](CCC(=O)Nc1ccc(S(N)(=O)=O)cc1I)[C@H]1CC[C@H]2[C@@H]3[C@H](O)C[C@@H]4C[C@H](O)CC[C@]4(C)[C@H]3C[C@H](O)[C@]12C","C[C@H](CCC(=O)Nc1ccc(S(N)(=O)=O)cc1I)[C@H]1CC[C@H]2[C@@H]3[C@H](O)C[C@@H]4C[C@H](O)CC[C@]4(C)[C@H]3C[C@H](O)[C@]12C","train"
"CHEMBL3137752","C[C@H](CCC(=O)Nc1cc(Cl)c(S(N)(=O)=O)cc1S(N)(=O)=O)[C@H]1CC[C@H]2[C@@H]3CC[C@@H]4C[C@H](O)CC[C@]4(C)[C@H]3C[C@H](O)[C@]12C","C[C@H](CCC(=O)Nc1cc(Cl)c(S(N)(=O)=O)cc1S(N)(=O)=O)[C@H]1CC[C@H]2[C@@H]3CC[C@@H]4C[C@H](O)CC[C@]4(C)[C@H]3C[C@H](O)[C@]12C","train"
"CHEMBL3137753","C[C@H](CCC(=O)OCCc1ccc(S(N)(=O)=O)cc1)[C@H]1CC[C@H]2[C@@H]3CC[C@@H]4C[C@H](O)CC[C@]4(C)[C@H]3C[C@H](O)[C@]12C","C[C@H](CCC(=O)OCCc1ccc(S(N)(=O)=O)cc1)[C@H]1CC[C@H]2[C@@H]3CC[C@@H]4C[C@H](O)CC[C@]4(C)[C@H]3C[C@H](O)[C@]12C","train"
"CHEMBL3137754","C[C@H](CCC(=O)Nc1cccc(S(N)(=O)=O)c1)[C@H]1CC[C@H]2[C@@H]3CC[C@@H]4C[C@H](O)CC[C@]4(C)[C@H]3C[C@H](O)[C@]12C","C[C@H](CCC(=O)Nc1cccc(S(N)(=O)=O)c1)[C@H]1CC[C@H]2[C@@H]3CC[C@@H]4C[C@H](O)CC[C@]4(C)[C@H]3C[C@H](O)[C@]12C","train"
"CHEMBL3137755","C[C@H](CCC(=O)NCc1ccc(S(N)(=O)=O)cc1)[C@H]1CC[C@H]2[C@@H]3C(=O)C[C@@H]4CC(=O)CC[C@]4(C)[C@H]3CC(=O)[C@]12C","C[C@H](CCC(=O)NCc1ccc(S(N)(=O)=O)cc1)[C@H]1CC[C@H]2[C@@H]3C(=O)C[C@@H]4CC(=O)CC[C@]4(C)[C@H]3CC(=O)[C@]12C","train"
"CHEMBL3137756","C[C@H](CCC(=O)Nc1ccccc1S(N)(=O)=O)[C@H]1CC[C@H]2[C@@H]3CC[C@@H]4C[C@H](O)CC[C@]4(C)[C@H]3CC[C@]12C","C[C@H](CCC(=O)Nc1ccccc1S(N)(=O)=O)[C@H]1CC[C@H]2[C@@H]3CC[C@@H]4C[C@H](O)CC[C@]4(C)[C@H]3CC[C@]12C","train"
"CHEMBL3137757","C[C@H](CCC(=O)NCCc1ccc(S(N)(=O)=O)cc1)[C@H]1CC[C@H]2[C@@H]3C(=O)C[C@@H]4CC(=O)CC[C@]4(C)[C@H]3CC(=O)[C@]12C","C[C@H](CCC(=O)NCCc1ccc(S(N)(=O)=O)cc1)[C@H]1CC[C@H]2[C@@H]3C(=O)C[C@@H]4CC(=O)CC[C@]4(C)[C@H]3CC(=O)[C@]12C","train"
"CHEMBL3137758","CC(=O)O[C@@H]1CC[C@@]2(C)[C@@H](CC[C@@H]3[C@@H]2CC[C@]2(C)[C@@H](C(C)=O)CC[C@@H]32)C1","CC(=O)O[C@@H]1CC[C@@]2(C)[C@@H](CC[C@@H]3[C@@H]2CC[C@]2(C)[C@@H](C(C)=O)CC[C@@H]32)C1","train"
"CHEMBL3137759","C[C@H](CCC(=O)Nc1ccc(S(N)(=O)=O)cc1)[C@H]1CC[C@H]2[C@@H]3[C@H](O)C[C@@H]4C[C@H](O)CC[C@]4(C)[C@H]3CC[C@]12C","C[C@H](CCC(=O)Nc1ccc(S(N)(=O)=O)cc1)[C@H]1CC[C@H]2[C@@H]3[C@H](O)C[C@@H]4C[C@H](O)CC[C@]4(C)[C@H]3CC[C@]12C","train"
"CHEMBL3137760","C[C@H](CCC(=O)Nc1ccc(S(N)(=O)=O)cc1)[C@H]1CC[C@H]2[C@@H]3[C@@H](O)C[C@@H]4C[C@H](O)CC[C@]4(C)[C@H]3CC[C@]12C","C[C@H](CCC(=O)Nc1ccc(S(N)(=O)=O)cc1)[C@H]1CC[C@H]2[C@@H]3[C@@H](O)C[C@@H]4C[C@H](O)CC[C@]4(C)[C@H]3CC[C@]12C","train"
"CHEMBL3137761","C[C@H](CCC(=O)Nc1nnc(S(N)(=O)=O)s1)[C@H]1CC[C@H]2[C@@H]3[C@H](O)C[C@@H]4C[C@H](O)CC[C@]4(C)[C@H]3C[C@H](O)[C@]12C","C[C@H](CCC(=O)Nc1nnc(S(N)(=O)=O)s1)[C@H]1CC[C@H]2[C@@H]3[C@H](O)C[C@@H]4C[C@H](O)CC[C@]4(C)[C@H]3C[C@H](O)[C@]12C","train"
"CHEMBL3137762","C[C@H](CCC(=O)NCCC(=O)Nc1nnc(S(N)(=O)=O)s1)[C@H]1CC[C@H]2[C@@H]3C(=O)C[C@@H]4CC(=O)CC[C@]4(C)[C@H]3CC(=O)[C@]12C","C[C@H](CCC(=O)NCCC(=O)Nc1nnc(S(N)(=O)=O)s1)[C@H]1CC[C@H]2[C@@H]3C(=O)C[C@@H]4CC(=O)CC[C@]4(C)[C@H]3CC(=O)[C@]12C","train"
"CHEMBL3137763","C[C@H](CCC(=O)NCCc1ccc(S(N)(=O)=O)cc1)[C@H]1CC[C@H]2[C@@H]3[C@@H](O)C[C@@H]4C[C@H](O)CC[C@]4(C)[C@H]3CC[C@]12C","C[C@H](CCC(=O)NCCc1ccc(S(N)(=O)=O)cc1)[C@H]1CC[C@H]2[C@@H]3[C@@H](O)C[C@@H]4C[C@H](O)CC[C@]4(C)[C@H]3CC[C@]12C","train"
"CHEMBL3137764","C[C@H](CCC(=O)Nc1ccc2nc(S(N)(=O)=O)sc2c1)[C@H]1CC[C@H]2[C@@H]3CC[C@@H]4C[C@H](O)CC[C@]4(C)[C@H]3C[C@H](O)[C@]12C","C[C@H](CCC(=O)Nc1ccc2nc(S(N)(=O)=O)sc2c1)[C@H]1CC[C@H]2[C@@H]3CC[C@@H]4C[C@H](O)CC[C@]4(C)[C@H]3C[C@H](O)[C@]12C","train"
"CHEMBL3137765","C[C@H](CCC(=O)Nc1ccc2nc(S(N)(=O)=O)sc2c1)[C@H]1CC[C@H]2[C@@H]3[C@H](O)C[C@@H]4C[C@H](O)CC[C@]4(C)[C@H]3CC[C@]12C","C[C@H](CCC(=O)Nc1ccc2nc(S(N)(=O)=O)sc2c1)[C@H]1CC[C@H]2[C@@H]3[C@H](O)C[C@@H]4C[C@H](O)CC[C@]4(C)[C@H]3CC[C@]12C","train"
"CHEMBL3137766","C[C@H](CCC(=O)Nc1cccc(S(N)(=O)=O)c1)[C@H]1CC[C@H]2[C@@H]3[C@H](O)C[C@@H]4C[C@H](O)CC[C@]4(C)[C@H]3C[C@H](O)[C@]12C","C[C@H](CCC(=O)Nc1cccc(S(N)(=O)=O)c1)[C@H]1CC[C@H]2[C@@H]3[C@H](O)C[C@@H]4C[C@H](O)CC[C@]4(C)[C@H]3C[C@H](O)[C@]12C","train"
"CHEMBL3137767","C[C@H](CCC(=O)Nc1ccc(S(N)(=O)=O)cc1Br)[C@H]1CC[C@H]2[C@@H]3[C@H](O)C[C@@H]4C[C@H](O)CC[C@]4(C)[C@H]3CC[C@]12C","C[C@H](CCC(=O)Nc1ccc(S(N)(=O)=O)cc1Br)[C@H]1CC[C@H]2[C@@H]3[C@H](O)C[C@@H]4C[C@H](O)CC[C@]4(C)[C@H]3CC[C@]12C","train"
"CHEMBL3137768","C[C@H](CCC(=O)Nc1c(S(N)(=O)=O)cc(S(N)(=O)=O)c(Cl)c1Cl)[C@H]1CC[C@H]2[C@@H]3[C@H](O)C[C@@H]4C[C@H](O)CC[C@]4(C)[C@H]3CC[C@]12C","C[C@H](CCC(=O)Nc1c(S(N)(=O)=O)cc(S(N)(=O)=O)c(Cl)c1Cl)[C@H]1CC[C@H]2[C@@H]3[C@H](O)C[C@@H]4C[C@H](O)CC[C@]4(C)[C@H]3CC[C@]12C","train"
"CHEMBL3137769","COC(=O)[C@H]1CC[C@H]2[C@@H]3CC[C@H]4C[C@H](O)CC[C@]4(C)[C@H]3CC[C@]12C","COC(=O)[C@H]1CC[C@H]2[C@@H]3CC[C@H]4C[C@H](O)CC[C@]4(C)[C@H]3CC[C@]12C","train"
"CHEMBL3137770","C[C@H](CCC(=O)Nc1ccc(S(N)(=O)=O)cc1)[C@H]1CC[C@H]2[C@@H]3CC[C@@H]4C[C@H](O)CC[C@]4(C)[C@H]3C[C@H](O)[C@]12C","C[C@H](CCC(=O)Nc1ccc(S(N)(=O)=O)cc1)[C@H]1CC[C@H]2[C@@H]3CC[C@@H]4C[C@H](O)CC[C@]4(C)[C@H]3C[C@H](O)[C@]12C","train"
"CHEMBL3137771","C[C@H](CCC(=O)Nc1nnc(S(N)(=O)=O)s1)[C@H]1CC[C@H]2[C@@H]3CC[C@@H]4C[C@H](O)CC[C@]4(C)[C@H]3CC[C@]12C","C[C@H](CCC(=O)Nc1nnc(S(N)(=O)=O)s1)[C@H]1CC[C@H]2[C@@H]3CC[C@@H]4C[C@H](O)CC[C@]4(C)[C@H]3CC[C@]12C","train"
"CHEMBL3137772","C[C@H](CCC(=O)Nc1ccccc1S(N)(=O)=O)[C@H]1CC[C@H]2[C@@H]3[C@@H](O)C[C@@H]4C[C@H](O)CC[C@]4(C)[C@H]3CC[C@]12C","C[C@H](CCC(=O)Nc1ccccc1S(N)(=O)=O)[C@H]1CC[C@H]2[C@@H]3[C@@H](O)C[C@@H]4C[C@H](O)CC[C@]4(C)[C@H]3CC[C@]12C","train"
"CHEMBL3137773","CC(C)[Te]CCC(C)C1CC[C@H]2[C@@H]3CC[C@H]4CC(O)CCC4(C)[C@H]3CCC12C","CC(C)[Te]CCC(C)C1CC[C@H]2[C@@H]3CC[C@H]4CC(O)CCC4(C)[C@H]3CCC12C","train"
"CHEMBL3137774","C[C@H](CCC(=O)OCc1ccc(S(N)(=O)=O)cc1)[C@H]1CC[C@H]2[C@@H]3[C@@H](O)C[C@@H]4C[C@H](O)CC[C@]4(C)[C@H]3CC[C@]12C","C[C@H](CCC(=O)OCc1ccc(S(N)(=O)=O)cc1)[C@H]1CC[C@H]2[C@@H]3[C@@H](O)C[C@@H]4C[C@H](O)CC[C@]4(C)[C@H]3CC[C@]12C","train"
"CHEMBL3137775","C[C@H](CCC(=O)Nc1ccc(S(N)(=O)=O)cc1F)[C@H]1CC[C@H]2[C@@H]3CC[C@@H]4C[C@H](O)CC[C@]4(C)[C@H]3CC[C@]12C","C[C@H](CCC(=O)Nc1ccc(S(N)(=O)=O)cc1F)[C@H]1CC[C@H]2[C@@H]3CC[C@@H]4C[C@H](O)CC[C@]4(C)[C@H]3CC[C@]12C","train"
"CHEMBL3137776","C[C@H](CCC(=O)NNc1ccc(S(N)(=O)=O)cc1)[C@H]1CC[C@H]2[C@@H]3[C@@H](O)C[C@@H]4C[C@H](O)CC[C@]4(C)[C@H]3CC[C@]12C","C[C@H](CCC(=O)NNc1ccc(S(N)(=O)=O)cc1)[C@H]1CC[C@H]2[C@@H]3[C@@H](O)C[C@@H]4C[C@H](O)CC[C@]4(C)[C@H]3CC[C@]12C","train"
"CHEMBL3137777","C[C@H](CCC(=O)NCCC(=O)Nc1nnc(S(N)(=O)=O)s1)[C@H]1CC[C@H]2[C@@H]3CC[C@@H]4C[C@H](O)CC[C@]4(C)[C@H]3CC[C@]12C","C[C@H](CCC(=O)NCCC(=O)Nc1nnc(S(N)(=O)=O)s1)[C@H]1CC[C@H]2[C@@H]3CC[C@@H]4C[C@H](O)CC[C@]4(C)[C@H]3CC[C@]12C","train"
"CHEMBL3137778","C[C@H](CCC(=O)Nc1ccc(S(N)(=O)=O)cc1I)[C@H]1CC[C@H]2[C@@H]3[C@H](O)C[C@@H]4C[C@H](O)CC[C@]4(C)[C@H]3CC[C@]12C","C[C@H](CCC(=O)Nc1ccc(S(N)(=O)=O)cc1I)[C@H]1CC[C@H]2[C@@H]3[C@H](O)C[C@@H]4C[C@H](O)CC[C@]4(C)[C@H]3CC[C@]12C","train"
"CHEMBL3137779","C[C@H](CCC(=O)OCCc1ccc(S(N)(=O)=O)cc1)[C@H]1CC[C@H]2[C@@H]3[C@H](O)C[C@@H]4C[C@H](O)CC[C@]4(C)[C@H]3C[C@H](O)[C@]12C","C[C@H](CCC(=O)OCCc1ccc(S(N)(=O)=O)cc1)[C@H]1CC[C@H]2[C@@H]3[C@H](O)C[C@@H]4C[C@H](O)CC[C@]4(C)[C@H]3C[C@H](O)[C@]12C","train"
"CHEMBL3137780","C[C@H](CCC(=O)Oc1ccc2nc(S(N)(=O)=O)sc2c1)[C@H]1CC[C@H]2[C@@H]3C(=O)C[C@@H]4CC(=O)CC[C@]4(C)[C@H]3CC(=O)[C@]12C","C[C@H](CCC(=O)Oc1ccc2nc(S(N)(=O)=O)sc2c1)[C@H]1CC[C@H]2[C@@H]3C(=O)C[C@@H]4CC(=O)CC[C@]4(C)[C@H]3CC(=O)[C@]12C","train"
"CHEMBL3137781","C[C@H](CCC(=O)OCc1ccc(S(N)(=O)=O)cc1)[C@H]1CC[C@H]2[C@@H]3CC[C@@H]4C[C@H](O)CC[C@]4(C)[C@H]3C[C@H](O)[C@]12C","C[C@H](CCC(=O)OCc1ccc(S(N)(=O)=O)cc1)[C@H]1CC[C@H]2[C@@H]3CC[C@@H]4C[C@H](O)CC[C@]4(C)[C@H]3C[C@H](O)[C@]12C","train"
"CHEMBL3137782","C[C@H](CCC(=O)OCc1ccc(S(N)(=O)=O)cc1)[C@H]1CC[C@H]2[C@@H]3C(=O)C[C@@H]4CC(=O)CC[C@]4(C)[C@H]3CC(=O)[C@]12C","C[C@H](CCC(=O)OCc1ccc(S(N)(=O)=O)cc1)[C@H]1CC[C@H]2[C@@H]3C(=O)C[C@@H]4CC(=O)CC[C@]4(C)[C@H]3CC(=O)[C@]12C","train"
"CHEMBL3137783","CC(=O)C1CC[C@H]2[C@@H]3CC[C@H]4CC(=O)CC[C@]4(C)[C@H]3CC[C@]12C","CC(=O)C1CC[C@H]2[C@@H]3CC[C@H]4CC(=O)CC[C@]4(C)[C@H]3CC[C@]12C","train"
"CHEMBL3137784","C[C@H](CCC(=O)OCCc1ccc(S(N)(=O)=O)cc1)[C@H]1CC[C@H]2[C@@H]3[C@H](O)C[C@@H]4C[C@H](O)CC[C@]4(C)[C@H]3CC[C@]12C","C[C@H](CCC(=O)OCCc1ccc(S(N)(=O)=O)cc1)[C@H]1CC[C@H]2[C@@H]3[C@H](O)C[C@@H]4C[C@H](O)CC[C@]4(C)[C@H]3CC[C@]12C","train"
"CHEMBL3137785","C[C@H](CCC(=O)Nc1ccc(S(N)(=O)=O)cc1F)[C@H]1CC[C@H]2[C@@H]3[C@H](O)C[C@@H]4C[C@H](O)CC[C@]4(C)[C@H]3CC[C@]12C","C[C@H](CCC(=O)Nc1ccc(S(N)(=O)=O)cc1F)[C@H]1CC[C@H]2[C@@H]3[C@H](O)C[C@@H]4C[C@H](O)CC[C@]4(C)[C@H]3CC[C@]12C","train"
"CHEMBL3137786","C[C@H](CCC(=O)Nc1c(S(N)(=O)=O)cc(S(N)(=O)=O)c(Cl)c1Cl)[C@H]1CC[C@H]2[C@@H]3CC[C@@H]4C[C@H](O)CC[C@]4(C)[C@H]3C[C@H](O)[C@]12C","C[C@H](CCC(=O)Nc1c(S(N)(=O)=O)cc(S(N)(=O)=O)c(Cl)c1Cl)[C@H]1CC[C@H]2[C@@H]3CC[C@@H]4C[C@H](O)CC[C@]4(C)[C@H]3C[C@H](O)[C@]12C","train"
"CHEMBL3137787","C[C@H](CCC(=O)NCCc1ccc(S(N)(=O)=O)cc1)[C@H]1CC[C@H]2[C@@H]3CC[C@@H]4C[C@H](O)CC[C@]4(C)[C@H]3C[C@H](O)[C@]12C","C[C@H](CCC(=O)NCCc1ccc(S(N)(=O)=O)cc1)[C@H]1CC[C@H]2[C@@H]3CC[C@@H]4C[C@H](O)CC[C@]4(C)[C@H]3C[C@H](O)[C@]12C","train"
"CHEMBL3137788","C[C@H](CCC(=O)Nc1cc(Cl)c(S(N)(=O)=O)cc1S(N)(=O)=O)[C@H]1CC[C@H]2[C@@H]3[C@H](O)C[C@@H]4C[C@H](O)CC[C@]4(C)[C@H]3C[C@H](O)[C@]12C","C[C@H](CCC(=O)Nc1cc(Cl)c(S(N)(=O)=O)cc1S(N)(=O)=O)[C@H]1CC[C@H]2[C@@H]3[C@H](O)C[C@@H]4C[C@H](O)CC[C@]4(C)[C@H]3C[C@H](O)[C@]12C","train"
"CHEMBL3137789","C[C@H](CCC(=O)NCCC(=O)Nc1nnc(S(N)(=O)=O)s1)[C@H]1CC[C@H]2[C@@H]3CC[C@@H]4C[C@H](O)CC[C@]4(C)[C@H]3C[C@H](O)[C@]12C","C[C@H](CCC(=O)NCCC(=O)Nc1nnc(S(N)(=O)=O)s1)[C@H]1CC[C@H]2[C@@H]3CC[C@@H]4C[C@H](O)CC[C@]4(C)[C@H]3C[C@H](O)[C@]12C","train"
"CHEMBL3137790","C[C@]12CCC(=O)C[C@@H]1CC[C@@H]1[C@@H]2CC[C@]2(C)C(C(=O)CO)CC[C@@H]12","C[C@]12CCC(=O)C[C@@H]1CC[C@@H]1[C@@H]2CC[C@]2(C)C(C(=O)CO)CC[C@@H]12","train"
"CHEMBL3137791","C[C@H](CCC(=O)Nc1ccc(S(N)(=O)=O)cc1I)[C@H]1CC[C@H]2[C@@H]3CC[C@@H]4C[C@H](O)CC[C@]4(C)[C@H]3CC[C@]12C","C[C@H](CCC(=O)Nc1ccc(S(N)(=O)=O)cc1I)[C@H]1CC[C@H]2[C@@H]3CC[C@@H]4C[C@H](O)CC[C@]4(C)[C@H]3CC[C@]12C","train"
"CHEMBL3137792","C[C@H](CCC(=O)Nc1ccc(S(N)(=O)=O)cc1Br)[C@H]1CC[C@H]2[C@@H]3CC[C@@H]4C[C@H](O)CC[C@]4(C)[C@H]3C[C@H](O)[C@]12C","C[C@H](CCC(=O)Nc1ccc(S(N)(=O)=O)cc1Br)[C@H]1CC[C@H]2[C@@H]3CC[C@@H]4C[C@H](O)CC[C@]4(C)[C@H]3C[C@H](O)[C@]12C","train"
"CHEMBL3137793","C[C@H](CCC(=O)Nc1nnc(S(N)(=O)=O)s1)[C@H]1CC[C@H]2[C@@H]3C(=O)C[C@@H]4CC(=O)CC[C@]4(C)[C@H]3CC(=O)[C@]12C","C[C@H](CCC(=O)Nc1nnc(S(N)(=O)=O)s1)[C@H]1CC[C@H]2[C@@H]3C(=O)C[C@@H]4CC(=O)CC[C@]4(C)[C@H]3CC(=O)[C@]12C","train"
"CHEMBL3137794","C[C@H](CCC(=O)Nc1c(S(N)(=O)=O)cc(S(N)(=O)=O)c(Cl)c1Cl)[C@H]1CC[C@H]2[C@@H]3[C@@H](O)C[C@@H]4C[C@H](O)CC[C@]4(C)[C@H]3CC[C@]12C","C[C@H](CCC(=O)Nc1c(S(N)(=O)=O)cc(S(N)(=O)=O)c(Cl)c1Cl)[C@H]1CC[C@H]2[C@@H]3[C@@H](O)C[C@@H]4C[C@H](O)CC[C@]4(C)[C@H]3CC[C@]12C","train"
"CHEMBL3137795","C[C@H](CCC(=O)OCCOc1ccc2nc(S(N)(=O)=O)sc2c1)[C@H]1CC[C@H]2[C@@H]3[C@H](O)C[C@@H]4C[C@H](O)CC[C@]4(C)[C@H]3C[C@H](O)[C@]12C","C[C@H](CCC(=O)OCCOc1ccc2nc(S(N)(=O)=O)sc2c1)[C@H]1CC[C@H]2[C@@H]3[C@H](O)C[C@@H]4C[C@H](O)CC[C@]4(C)[C@H]3C[C@H](O)[C@]12C","train"
"CHEMBL3137796","C[C@H](CCC(=O)Nc1nnc(S(N)(=O)=O)s1)[C@H]1CC[C@H]2[C@@H]3CC[C@@H]4C[C@H](O)CC[C@]4(C)[C@H]3C[C@H](O)[C@]12C","C[C@H](CCC(=O)Nc1nnc(S(N)(=O)=O)s1)[C@H]1CC[C@H]2[C@@H]3CC[C@@H]4C[C@H](O)CC[C@]4(C)[C@H]3C[C@H](O)[C@]12C","train"
"CHEMBL3137797","C[C@H](CCC(=O)Nc1ccc(S(N)(=O)=O)cc1)[C@H]1CC[C@H]2[C@@H]3CC[C@@H]4C[C@H](O)CC[C@]4(C)[C@H]3CC[C@]12C","C[C@H](CCC(=O)Nc1ccc(S(N)(=O)=O)cc1)[C@H]1CC[C@H]2[C@@H]3CC[C@@H]4C[C@H](O)CC[C@]4(C)[C@H]3CC[C@]12C","train"
"CHEMBL3137798","C[C@H](CCC(=O)Nc1ccccc1S(N)(=O)=O)[C@H]1CC[C@H]2[C@@H]3[C@H](O)C[C@@H]4C[C@H](O)CC[C@]4(C)[C@H]3C[C@H](O)[C@]12C","C[C@H](CCC(=O)Nc1ccccc1S(N)(=O)=O)[C@H]1CC[C@H]2[C@@H]3[C@H](O)C[C@@H]4C[C@H](O)CC[C@]4(C)[C@H]3C[C@H](O)[C@]12C","train"
"CHEMBL3137799","C[C@H](CCC(=O)Nc1ccc(S(N)(=O)=O)cc1Br)[C@H]1CC[C@H]2[C@@H]3[C@H](O)C[C@@H]4C[C@H](O)CC[C@]4(C)[C@H]3C[C@H](O)[C@]12C","C[C@H](CCC(=O)Nc1ccc(S(N)(=O)=O)cc1Br)[C@H]1CC[C@H]2[C@@H]3[C@H](O)C[C@@H]4C[C@H](O)CC[C@]4(C)[C@H]3C[C@H](O)[C@]12C","train"
"CHEMBL3137800","CC(=O)[C@H]1CC[C@H]2[C@@H]3CC[C@@H]4C[C@H](O)CC[C@]4(C)[C@H]3C[C@H](O)[C@]12C","CC(=O)[C@H]1CC[C@H]2[C@@H]3CC[C@@H]4C[C@H](O)CC[C@]4(C)[C@H]3C[C@H](O)[C@]12C","train"
"CHEMBL3137802","C[C@H](CCC(=O)NCCC(=O)Nc1nnc(S(N)(=O)=O)s1)[C@H]1CC[C@H]2[C@@H]3[C@H](O)C[C@@H]4C[C@H](O)CC[C@]4(C)[C@H]3C[C@H](O)[C@]12C","C[C@H](CCC(=O)NCCC(=O)Nc1nnc(S(N)(=O)=O)s1)[C@H]1CC[C@H]2[C@@H]3[C@H](O)C[C@@H]4C[C@H](O)CC[C@]4(C)[C@H]3C[C@H](O)[C@]12C","train"
"CHEMBL3137804","C[C@H](CCC(=O)Nc1ccc(S(N)(=O)=O)cc1Cl)[C@H]1CC[C@H]2[C@@H]3[C@@H](O)C[C@@H]4C[C@H](O)CC[C@]4(C)[C@H]3CC[C@]12C","C[C@H](CCC(=O)Nc1ccc(S(N)(=O)=O)cc1Cl)[C@H]1CC[C@H]2[C@@H]3[C@@H](O)C[C@@H]4C[C@H](O)CC[C@]4(C)[C@H]3CC[C@]12C","train"
"CHEMBL3137805","C[C@H](CCC(=O)Nc1cc(Cl)c(S(N)(=O)=O)cc1S(N)(=O)=O)[C@H]1CC[C@H]2[C@@H]3[C@@H](O)C[C@@H]4C[C@H](O)CC[C@]4(C)[C@H]3CC[C@]12C","C[C@H](CCC(=O)Nc1cc(Cl)c(S(N)(=O)=O)cc1S(N)(=O)=O)[C@H]1CC[C@H]2[C@@H]3[C@@H](O)C[C@@H]4C[C@H](O)CC[C@]4(C)[C@H]3CC[C@]12C","train"
"CHEMBL3137806","C[C@H](CCC(=O)NNc1ccc(S(N)(=O)=O)cc1)[C@H]1CC[C@H]2[C@@H]3CC[C@@H]4C[C@H](O)CC[C@]4(C)[C@H]3CC[C@]12C","C[C@H](CCC(=O)NNc1ccc(S(N)(=O)=O)cc1)[C@H]1CC[C@H]2[C@@H]3CC[C@@H]4C[C@H](O)CC[C@]4(C)[C@H]3CC[C@]12C","train"
"CHEMBL3137807","C[C@H](CCC(=O)Nc1cc(Cl)c(S(N)(=O)=O)cc1S(N)(=O)=O)[C@H]1CC[C@H]2[C@@H]3C(=O)C[C@@H]4CC(=O)CC[C@]4(C)[C@H]3CC(=O)[C@]12C","C[C@H](CCC(=O)Nc1cc(Cl)c(S(N)(=O)=O)cc1S(N)(=O)=O)[C@H]1CC[C@H]2[C@@H]3C(=O)C[C@@H]4CC(=O)CC[C@]4(C)[C@H]3CC(=O)[C@]12C","train"
"CHEMBL3137808","C[C@H](CCC(=O)Nc1c(S(N)(=O)=O)cc(S(N)(=O)=O)c(Cl)c1Cl)[C@H]1CC[C@H]2[C@@H]3C(=O)C[C@@H]4CC(=O)CC[C@]4(C)[C@H]3CC(=O)[C@]12C","C[C@H](CCC(=O)Nc1c(S(N)(=O)=O)cc(S(N)(=O)=O)c(Cl)c1Cl)[C@H]1CC[C@H]2[C@@H]3C(=O)C[C@@H]4CC(=O)CC[C@]4(C)[C@H]3CC(=O)[C@]12C","train"
"CHEMBL3137810","C[C@H](CCC(=O)OCCOc1ccc2nc(S(N)(=O)=O)sc2c1)[C@H]1CC[C@H]2[C@@H]3[C@H](O)C[C@@H]4C[C@H](O)CC[C@]4(C)[C@H]3CC[C@]12C","C[C@H](CCC(=O)OCCOc1ccc2nc(S(N)(=O)=O)sc2c1)[C@H]1CC[C@H]2[C@@H]3[C@H](O)C[C@@H]4C[C@H](O)CC[C@]4(C)[C@H]3CC[C@]12C","train"
"CHEMBL3137811","C[C@H](CCC(=O)OCCOc1ccc2nc(S(N)(=O)=O)sc2c1)[C@H]1CC[C@H]2[C@@H]3[C@@H](O)C[C@@H]4C[C@H](O)CC[C@]4(C)[C@H]3CC[C@]12C","C[C@H](CCC(=O)OCCOc1ccc2nc(S(N)(=O)=O)sc2c1)[C@H]1CC[C@H]2[C@@H]3[C@@H](O)C[C@@H]4C[C@H](O)CC[C@]4(C)[C@H]3CC[C@]12C","train"
"CHEMBL3137812","CCCCCCCCC1CC[C@H]2[C@@H]3CCC4C[C@@H](CC(=O)C(F)(F)C(F)(F)F)CCC4(C)[C@H]3CCC12C","CCCCCCCCC1CC[C@H]2[C@@H]3CCC4C[C@@H](CC(=O)C(F)(F)C(F)(F)F)CCC4(C)[C@H]3CCC12C","train"
"CHEMBL3137813","CC(=O)C1CC[C@H]2[C@@H]3CC[C@H]4C/C(=N\O)CCC4(C)[C@H]3CCC12C","CC(=O)C1CC[C@H]2[C@@H]3CC[C@H]4C/C(=N\O)CCC4(C)[C@H]3CCC12C","train"
"CHEMBL3137814","C[C@H](CCC(=O)OCCOc1ccc2nc(S(N)(=O)=O)sc2c1)[C@H]1CC[C@H]2[C@@H]3CC[C@@H]4C[C@H](O)CC[C@]4(C)[C@H]3CC[C@]12C","C[C@H](CCC(=O)OCCOc1ccc2nc(S(N)(=O)=O)sc2c1)[C@H]1CC[C@H]2[C@@H]3CC[C@@H]4C[C@H](O)CC[C@]4(C)[C@H]3CC[C@]12C","train"
"CHEMBL3137815","CC(=O)[C@H]1CC[C@H]2[C@@H]3CC[C@H]4C[C@H](O)[C@@H](N5CCOCC5)C[C@]4(C)[C@H]3C(=O)C[C@]12C","CC(=O)[C@H]1CC[C@H]2[C@@H]3CC[C@H]4C[C@H](O)[C@@H](N5CCOCC5)C[C@]4(C)[C@H]3C(=O)C[C@]12C","train"
"CHEMBL3137816","CC(=O)C1CC[C@H]2[C@@H]3CC[C@H]4C[C@@H](O)CCC4(C)[C@H]3CCC12C","CC(=O)C1CC[C@H]2[C@@H]3CC[C@H]4C[C@@H](O)CCC4(C)[C@H]3CCC12C","train"
"CHEMBL3137817","C[C@]12C[C@H](N3CCOCC3)[C@@H](O)C[C@@H]1CC[C@H]1[C@@H]3CC[C@H](C(=O)CO)[C@@]3(C)CC(=O)[C@@H]12","C[C@]12C[C@H](N3CCOCC3)[C@@H](O)C[C@@H]1CC[C@H]1[C@@H]3CC[C@H](C(=O)CO)[C@@]3(C)CC(=O)[C@@H]12","train"
"CHEMBL3137818","C[C@]12C[C@H](N3CCOCC3)[C@@H](O)C[C@@H]1CC[C@@H]1[C@@H]2CC[C@]2(C)[C@@H](C(=O)CO)CC[C@@H]12","C[C@]12C[C@H](N3CCOCC3)[C@@H](O)C[C@@H]1CC[C@@H]1[C@@H]2CC[C@]2(C)[C@@H](C(=O)CO)CC[C@@H]12","train"
"CHEMBL3137819","C[C@]12C[C@H](N3CCOCC3)[C@@H](O)C[C@@H]1CC[C@@H]1[C@@H]2CC[C@]2(C)[C@@H](C(=O)CBr)CC[C@@H]12","C[C@]12C[C@H](N3CCOCC3)[C@@H](O)C[C@@H]1CC[C@@H]1[C@@H]2CC[C@]2(C)[C@@H](C(=O)CBr)CC[C@@H]12","train"
"CHEMBL3137820","CC(C)N(C(=O)[C@H]1CC[C@H]2[C@@H]3CC[C@H]4C/C(=C/C(=O)O)CC[C@]4(C)[C@H]3CC[C@]12C)C(C)C","CC(C)N(C(=O)[C@H]1CC[C@H]2[C@@H]3CC[C@H]4C/C(=C/C(=O)O)CC[C@]4(C)[C@H]3CC[C@]12C)C(C)C","train"
"CHEMBL3137822","CC(=O)[C@H]1CC[C@H]2[C@@H]3CC[C@H]4C[C@H](O)[C@@H](N5CCSCC5)C[C@]4(C)[C@H]3C(=O)C[C@]12C","CC(=O)[C@H]1CC[C@H]2[C@@H]3CC[C@H]4C[C@H](O)[C@@H](N5CCSCC5)C[C@]4(C)[C@H]3C(=O)C[C@]12C","train"
"CHEMBL3137823","CC(=O)C1CC[C@H]2[C@@H]3CC[C@@H]4C[C@H](O)CCC4(C)[C@H]3CCC12C","CC(=O)C1CC[C@H]2[C@@H]3CC[C@@H]4C[C@H](O)CCC4(C)[C@H]3CCC12C","train"
"CHEMBL3137824","CC(=O)[C@H]1CC[C@H]2[C@@H]3CC[C@H]4C[C@H](O)[C@@H](N5CC(C)(C)SC(C)(C)C5)C[C@]4(C)[C@H]3C(=O)C[C@]12C","CC(=O)[C@H]1CC[C@H]2[C@@H]3CC[C@H]4C[C@H](O)[C@@H](N5CC(C)(C)SC(C)(C)C5)C[C@]4(C)[C@H]3C(=O)C[C@]12C","train"
"CHEMBL3137825","C[C@]12C[C@H](N3CCOCC3)[C@@H](O)C[C@@H]1CC[C@@H]1[C@@H]2CC[C@]2(C)[C@@H](C(=O)CCl)CC[C@@H]12","C[C@]12C[C@H](N3CCOCC3)[C@@H](O)C[C@@H]1CC[C@@H]1[C@@H]2CC[C@]2(C)[C@@H](C(=O)CCl)CC[C@@H]12","train"
"CHEMBL3137826","CC(=O)C1CC[C@H]2[C@@H]3CC[C@@H]4C[C@@H](O)CCC4(C)[C@H]3CCC12C","CC(=O)C1CC[C@H]2[C@@H]3CC[C@@H]4C[C@@H](O)CCC4(C)[C@H]3CCC12C","train"
"CHEMBL3137827","COC1CC[C@@]2(C)[C@@H](CC[C@@H]3[C@@H]2[C@@H](O)C[C@]2(C)[C@@H](NCCN)CC[C@@H]32)C1","COC1CC[C@@]2(C)[C@@H](CC[C@@H]3[C@@H]2[C@@H](O)C[C@]2(C)[C@@H](NCCN)CC[C@@H]32)C1","train"
"CHEMBL3137828","C[C@H](CCC(=O)O)C1CC[C@H]2[C@@H]3[C@H](O)[C@H](Cc4ccccc4)C4C[C@H](O)CC[C@]4(C)[C@H]3CC[C@]12C","C[C@H](CCC(=O)O)C1CC[C@H]2[C@@H]3[C@H](O)[C@H](Cc4ccccc4)C4C[C@H](O)CC[C@]4(C)[C@H]3CC[C@]12C","train"
"CHEMBL3137829","C[C@H](CCC(=O)O)C1CC[C@H]2[C@@H]3[C@H](O)[C@H](C)C4C[C@H](O)CC[C@]4(C)[C@H]3CC[C@]12C","C[C@H](CCC(=O)O)C1CC[C@H]2[C@@H]3[C@H](O)[C@H](C)C4C[C@H](O)CC[C@]4(C)[C@H]3CC[C@]12C","train"
"CHEMBL3137830","CC12CCC(=O)CC1C[C@@H](F)[C@@H]1[C@@H]2CCC2(C)[C@H]1CC[C@]2(C)O","CC12CCC(=O)CC1C[C@@H](F)[C@@H]1[C@@H]2CCC2(C)[C@H]1CC[C@]2(C)O","train"
"CHEMBL3137831","CC12CC[C@H]3[C@@H]([C@H](F)CC4CC(=O)CCC43C)[C@@H]1CCC2O","CC12CC[C@H]3[C@@H]([C@H](F)CC4CC(=O)CCC43C)[C@@H]1CCC2O","train"
"CHEMBL3137832","CC12CC[C@@H]3C4CCC(=O)CC4C[C@@H](I)[C@H]3[C@@H]1CC[C@]2(C)O","CC12CC[C@@H]3C4CCC(=O)CC4C[C@@H](I)[C@H]3[C@@H]1CC[C@]2(C)O","train"
"CHEMBL3137833","CC(C)(C)C(=O)OCC(O)[C@@]1(O)CC[C@H]2[C@@H]3CCC4C[C@H](O)CCC4(C)[C@H]3C(=O)CC21C","CC(C)(C)C(=O)OCC(O)[C@@]1(O)CC[C@H]2[C@@H]3CCC4C[C@H](O)CCC4(C)[C@H]3C(=O)CC21C","train"
"CHEMBL3137834","C[C@]12CC[C@H]3[C@@H](CCC4CC(=O)CC[C@@]43C)[C@@H]1C[C@@H](F)[C@@H]2O","C[C@]12CC[C@H]3[C@@H](CCC4CC(=O)CC[C@@]43C)[C@@H]1C[C@@H](F)[C@@H]2O","train"
"CHEMBL3137835","C[C@]12CCC(F)(F)C[C@@H]1CC[C@@H]1[C@@H]2CC[C@]2(C)[C@@H](O)CC[C@@H]12","C[C@]12CCC(F)(F)C[C@@H]1CC[C@@H]1[C@@H]2CC[C@]2(C)[C@@H](O)CC[C@@H]12","train"
"CHEMBL3137836","C[C@]12CC[C@H]3[C@@H](CC[C@]45O[C@H]4C(=O)[C@H]4O[C@H]4[C@]35O)[C@@H]1CCC2=O","C[C@]12CC[C@H]3[C@@H](CC[C@]45O[C@H]4C(=O)[C@H]4O[C@H]4[C@]35O)[C@@H]1CCC2=O","train"
"CHEMBL3137837","CC(CCC(=O)N1CCC[C@@H]1C(=O)O)C1CC[C@H]2[C@@H]3[C@@H](O)CC4C[C@H](O)CC[C@]4(C)[C@H]3CC[C@]12C","CC(CCC(=O)N1CCC[C@@H]1C(=O)O)C1CC[C@H]2[C@@H]3[C@@H](O)CC4C[C@H](O)CC[C@]4(C)[C@H]3CC[C@]12C","train"
"CHEMBL3137838","CC(CCC(=O)NCC(=O)O)C1CC[C@H]2[C@@H]3[C@H](O)CC4C[C@H](O)CCC4(C)[C@H]3CCC12C","CC(CCC(=O)NCC(=O)O)C1CC[C@H]2[C@@H]3[C@H](O)CC4C[C@H](O)CCC4(C)[C@H]3CCC12C","train"
"CHEMBL3137839","CC(=O)OCC12CC[C@H]3[C@@H](CC[C@H]4CC(O)CCC43C)[C@@H]1CCC2[C@@H](C)O","CC(=O)OCC12CC[C@H]3[C@@H](CC[C@H]4CC(O)CCC43C)[C@@H]1CCC2[C@@H](C)O","train"
"CHEMBL3137840","C[C@@H](O)C1CC[C@H]2[C@@H]3CC[C@H]4CC(=O)CCC4(C)[C@H]3CCC12CO","C[C@@H](O)C1CC[C@H]2[C@@H]3CC[C@H]4CC(=O)CCC4(C)[C@H]3CCC12CO","train"
"CHEMBL3137842","CC(=O)OCC12CC[C@H]3[C@@H](CC[C@H]4CC(=O)CCC43C)[C@@H]1CCC2[C@@H](C)O","CC(=O)OCC12CC[C@H]3[C@@H](CC[C@H]4CC(=O)CCC43C)[C@@H]1CCC2[C@@H](C)O","train"
"CHEMBL3137844","CC1(O)OCC23CC[C@H]4[C@@H](CC[C@H]5CC(=O)CCC54C)[C@@H]2CCC13","CC1(O)OCC23CC[C@H]4[C@@H](CC[C@H]5CC(=O)CCC54C)[C@@H]2CCC13","train"
"CHEMBL3137845","C[C@]12CC[C@](O)(CCc3ccccc3)CC1CC[C@@H]1[C@@H]2CC[C@]2(C)C(=O)CC[C@@H]12","C[C@]12CC[C@](O)(CCc3ccccc3)CC1CC[C@@H]1[C@@H]2CC[C@]2(C)C(=O)CC[C@@H]12","train"
"CHEMBL3137846","CC(C1CC1C(=O)O)C1CC[C@H]2[C@@H]3[C@@H](O)CC4C[C@H](O)CCC4(C)[C@H]3CCC12C","CC(C1CC1C(=O)O)C1CC[C@H]2[C@@H]3[C@@H](O)CC4C[C@H](O)CCC4(C)[C@H]3CCC12C","train"
"CHEMBL3137847","CC1CC[C@@]2(OC1)OC1C[C@H]3[C@@H]4CC[C@H]5C[C@@H](OC6OC(CCl)C(OC7OC(CCl)C(O)C(O)C7O)C(O)C6O)CC[C@]5(C)[C@H]4C(=O)C[C@]3(C)C1[C@@H]2C","CC1CC[C@@]2(OC1)OC1C[C@H]3[C@@H]4CC[C@H]5C[C@@H](OC6OC(CCl)C(OC7OC(CCl)C(O)C(O)C7O)C(O)C6O)CC[C@]5(C)[C@H]4C(=O)C[C@]3(C)C1[C@@H]2C","train"
"CHEMBL3137848","CC(C)CCCC(C)[C@H]1CC[C@H]2[C@@H]3CCC4C[C@@H](CCC=C(c5cc(Cl)c(O)c(C(=O)NCC(=O)O)c5)c5cc(Cl)c(O)c(C(=O)NCC(=O)O)c5)CC[C@]4(C)[C@H]3CC[C@]12C","CC(C)CCCC(C)[C@H]1CC[C@H]2[C@@H]3CCC4C[C@@H](CCC=C(c5cc(Cl)c(O)c(C(=O)NCC(=O)O)c5)c5cc(Cl)c(O)c(C(=O)NCC(=O)O)c5)CC[C@]4(C)[C@H]3CC[C@]12C","train"
"CHEMBL3137849","CC1CC[C@@]2(OC1)OC1C[C@H]3[C@@H]4CC[C@H]5C[C@@H](OC6OC(CF)C(OC7OC(CF)C(O)C(O)C7O)C(O)C6O)CC[C@]5(C)[C@H]4C(=O)C[C@]3(C)C1[C@@H]2C","CC1CC[C@@]2(OC1)OC1C[C@H]3[C@@H]4CC[C@H]5C[C@@H](OC6OC(CF)C(OC7OC(CF)C(O)C(O)C7O)C(O)C6O)CC[C@]5(C)[C@H]4C(=O)C[C@]3(C)C1[C@@H]2C","train"
"CHEMBL3137850","CC(C)CCCC(C)[C@H]1CC[C@H]2[C@@H]3CCC4C[C@@H](CCC=C(c5cc(Cl)c(O)c(C(=O)NCC(=O)OC(C)(C)C)c5)c5cc(Cl)c(O)c(C(=O)NCC(=O)OC(C)(C)C)c5)CC[C@]4(C)[C@H]3CC[C@]12C","CC(C)CCCC(C)[C@H]1CC[C@H]2[C@@H]3CCC4C[C@@H](CCC=C(c5cc(Cl)c(O)c(C(=O)NCC(=O)OC(C)(C)C)c5)c5cc(Cl)c(O)c(C(=O)NCC(=O)OC(C)(C)C)c5)CC[C@]4(C)[C@H]3CC[C@]12C","train"
"CHEMBL3137851","CCC[C@@]1(O)CC[C@@]2(C)C(CC[C@@H]3[C@@H]2CC[C@]2(C)C(=O)CC[C@@H]32)C1","CCC[C@@]1(O)CC[C@@]2(C)C(CC[C@@H]3[C@@H]2CC[C@]2(C)C(=O)CC[C@@H]32)C1","train"
"CHEMBL3137852","C[C@]12CC[C@](O)(Cc3ccccc3)CC1CC[C@@H]1[C@@H]2CC[C@]2(C)C(=O)CC[C@@H]12","C[C@]12CC[C@](O)(Cc3ccccc3)CC1CC[C@@H]1[C@@H]2CC[C@]2(C)C(=O)CC[C@@H]12","train"
"CHEMBL3137853","CC(C)CCCC(C)[C@H]1CC[C@H]2[C@@H]3CCC4C[C@@H](CCC=C(c5cc(Cl)c(O)c(C(=O)NCCC(=O)O)c5)c5cc(Cl)c(O)c(C(=O)NCCC(=O)O)c5)CC[C@]4(C)[C@H]3CC[C@]12C","CC(C)CCCC(C)[C@H]1CC[C@H]2[C@@H]3CCC4C[C@@H](CCC=C(c5cc(Cl)c(O)c(C(=O)NCCC(=O)O)c5)c5cc(Cl)c(O)c(C(=O)NCCC(=O)O)c5)CC[C@]4(C)[C@H]3CC[C@]12C","train"
"CHEMBL3137854","C[C@@]1(O)CC[C@@]2(C)C(CC[C@@H]3[C@@H]2CC[C@]2(C)C(=O)CC[C@@H]32)C1","C[C@@]1(O)CC[C@@]2(C)C(CC[C@@H]3[C@@H]2CC[C@]2(C)C(=O)CC[C@@H]32)C1","train"
"CHEMBL3137855","CC(C)CCCC(C)[C@H]1CC[C@H]2[C@@H]3CCC4C[C@@H](CCCC(c5cc(Cl)c(O)c(C(=O)NCC(=O)O)c5)c5cc(Cl)c(O)c(C(=O)NCC(=O)O)c5)CC[C@]4(C)[C@H]3CC[C@]12C","CC(C)CCCC(C)[C@H]1CC[C@H]2[C@@H]3CCC4C[C@@H](CCCC(c5cc(Cl)c(O)c(C(=O)NCC(=O)O)c5)c5cc(Cl)c(O)c(C(=O)NCC(=O)O)c5)CC[C@]4(C)[C@H]3CC[C@]12C","train"
"CHEMBL3137856","CCCCCC[C@@]1(O)CC[C@@]2(C)C(CC[C@@H]3[C@@H]2CC[C@]2(C)C(=O)CC[C@@H]32)C1","CCCCCC[C@@]1(O)CC[C@@]2(C)C(CC[C@@H]3[C@@H]2CC[C@]2(C)C(=O)CC[C@@H]32)C1","train"
"CHEMBL3137858","CC1CC[C@@]2(OC1)OC1C[C@H]3[C@@H]4CC[C@H]5C[C@@H](O[C@@H]6O[C@H](CO)[C@@H](O)[C@H](O)[C@H]6O)CC[C@]5(C)[C@H]4C(=O)C[C@]3(C)C1[C@@H]2C","CC1CC[C@@]2(OC1)OC1C[C@H]3[C@@H]4CC[C@H]5C[C@@H](O[C@@H]6O[C@H](CO)[C@@H](O)[C@H](O)[C@H]6O)CC[C@]5(C)[C@H]4C(=O)C[C@]3(C)C1[C@@H]2C","train"
"CHEMBL3137861","CC(=O)O[C@H]1CC[C@H]2[C@@H]3CC[C@]45OC4C(=O)C(S(C)(=O)=O)C[C@]5(C)[C@H]3CC[C@]12C","CC(=O)O[C@H]1CC[C@H]2[C@@H]3CC[C@]45OC4C(=O)C(S(C)(=O)=O)C[C@]5(C)[C@H]3CC[C@]12C","train"
"CHEMBL3137862","C[C@]12CC[C@H]3[C@@H](CC[C@]45OC4C(=O)C(S(C)(=O)=O)C[C@]35C)[C@@H]1CC[C@@H]2O","C[C@]12CC[C@H]3[C@@H](CC[C@]45OC4C(=O)C(S(C)(=O)=O)C[C@]35C)[C@@H]1CC[C@@H]2O","train"
"CHEMBL3137863","CC(C)CCC[C@@H](C)[C@H]1CC[C@H]2[C@@H]3CCC4[C@H](Cc5ccc(OC(F)(F)F)cc5)[C@H](O)CC[C@]4(C)[C@H]3CC[C@]12C","CC(C)CCC[C@@H](C)[C@H]1CC[C@H]2[C@@H]3CCC4[C@H](Cc5ccc(OC(F)(F)F)cc5)[C@H](O)CC[C@]4(C)[C@H]3CC[C@]12C","train"
"CHEMBL3137864","CC/C=C/C[C@H]1C2CC[C@H]3[C@@H]4CC[C@H]([C@H](C)CCCC(C)C)[C@@]4(C)CC[C@@H]3[C@@]2(C)CC[C@H]1O","CC/C=C/C[C@H]1C2CC[C@H]3[C@@H]4CC[C@H]([C@H](C)CCCC(C)C)[C@@]4(C)CC[C@@H]3[C@@]2(C)CC[C@H]1O","train"
"CHEMBL3137865","CC(C)CCC[C@@H](C)[C@H]1CC[C@H]2[C@@H]3CCC4[C@H](C/C=C/c5ccccc5)[C@H](O)CC[C@]4(C)[C@H]3CC[C@]12C","CC(C)CCC[C@@H](C)[C@H]1CC[C@H]2[C@@H]3CCC4[C@H](C/C=C/c5ccccc5)[C@H](O)CC[C@]4(C)[C@H]3CC[C@]12C","train"
"CHEMBL3137866","CC(C)CCC[C@@H](C)[C@H]1CC[C@H]2[C@@H]3CCC4[C@H](Cc5ccc(C(=O)O)cc5)[C@H](O)CC[C@]4(C)[C@H]3CC[C@]12C","CC(C)CCC[C@@H](C)[C@H]1CC[C@H]2[C@@H]3CCC4[C@H](Cc5ccc(C(=O)O)cc5)[C@H](O)CC[C@]4(C)[C@H]3CC[C@]12C","train"
"CHEMBL3137867","C/C=C\C[C@H]1C2CC[C@H]3[C@@H]4CC[C@H]([C@H](C)CCCC(C)C)[C@@]4(C)CC[C@@H]3[C@@]2(C)CC[C@H]1O","C/C=C\C[C@H]1C2CC[C@H]3[C@@H]4CC[C@H]([C@H](C)CCCC(C)C)[C@@]4(C)CC[C@@H]3[C@@]2(C)CC[C@H]1O","train"
"CHEMBL3137868","C=C[C@H]1C2CC[C@H]3[C@@H]4CC[C@H]([C@H](C)CCCC(C)C)[C@@]4(C)CC[C@@H]3[C@@]2(C)CC[C@H]1O","C=C[C@H]1C2CC[C@H]3[C@@H]4CC[C@H]([C@H](C)CCCC(C)C)[C@@]4(C)CC[C@@H]3[C@@]2(C)CC[C@H]1O","train"
"CHEMBL3137869","Cc1ccc(C[C@H]2C3CC[C@H]4[C@@H]5CC[C@H]([C@H](C)CCCC(C)C)[C@@]5(C)CC[C@@H]4[C@@]3(C)CC[C@H]2O)cc1","Cc1ccc(C[C@H]2C3CC[C@H]4[C@@H]5CC[C@H]([C@H](C)CCCC(C)C)[C@@]5(C)CC[C@@H]4[C@@]3(C)CC[C@H]2O)cc1","train"
"CHEMBL3137870","CC(C)CCC[C@@H](C)[C@H]1CC[C@H]2[C@@H]3CCC4[C@H](Cc5ccc(CO)cc5)[C@H](O)CC[C@]4(C)[C@H]3CC[C@]12C","CC(C)CCC[C@@H](C)[C@H]1CC[C@H]2[C@@H]3CCC4[C@H](Cc5ccc(CO)cc5)[C@H](O)CC[C@]4(C)[C@H]3CC[C@]12C","train"
"CHEMBL3137871","C#CC[C@H]1C2CC[C@H]3[C@@H]4CC[C@H]([C@H](C)CCCC(C)C)[C@@]4(C)CC[C@@H]3[C@@]2(C)CC[C@H]1O","C#CC[C@H]1C2CC[C@H]3[C@@H]4CC[C@H]([C@H](C)CCCC(C)C)[C@@]4(C)CC[C@@H]3[C@@]2(C)CC[C@H]1O","train"
"CHEMBL3137872","CC(C)CCC[C@@H](C)[C@H]1CC[C@H]2[C@@H]3CCC4[C@H](Cc5ccccc5)[C@H](O)CC[C@]4(C)[C@H]3CC[C@]12C","CC(C)CCC[C@@H](C)[C@H]1CC[C@H]2[C@@H]3CCC4[C@H](Cc5ccccc5)[C@H](O)CC[C@]4(C)[C@H]3CC[C@]12C","train"
"CHEMBL3137873","CCCC[C@H]1C2CC[C@H]3[C@@H]4CC[C@H]([C@H](C)CCCC(C)C)[C@@]4(C)CC[C@@H]3[C@@]2(C)CC[C@H]1O","CCCC[C@H]1C2CC[C@H]3[C@@H]4CC[C@H]([C@H](C)CCCC(C)C)[C@@]4(C)CC[C@@H]3[C@@]2(C)CC[C@H]1O","train"
"CHEMBL3137874","C=CC[C@H]1[C@H](O)CC[C@@]2(C)[C@@H]1CC[C@@H]1[C@@H]2CC[C@]2(C)[C@@H]([C@H](C)CCCC(C)C)CC[C@@H]12","C=CC[C@H]1[C@H](O)CC[C@@]2(C)[C@@H]1CC[C@@H]1[C@@H]2CC[C@]2(C)[C@@H]([C@H](C)CCCC(C)C)CC[C@@H]12","train"
"CHEMBL3137875","C/C=C/C[C@H]1C2CC[C@H]3[C@@H]4CC[C@H]([C@H](C)CCCC(C)C)[C@@]4(C)CC[C@@H]3[C@@]2(C)CC[C@@H]1O","C/C=C/C[C@H]1C2CC[C@H]3[C@@H]4CC[C@H]([C@H](C)CCCC(C)C)[C@@]4(C)CC[C@@H]3[C@@]2(C)CC[C@@H]1O","train"
"CHEMBL3137876","CC(C)CCC[C@@H](C)[C@H]1CC[C@H]2[C@@H]3CCC4[C@H](Cc5ccccc5F)[C@H](O)CC[C@]4(C)[C@H]3CC[C@]12C","CC(C)CCC[C@@H](C)[C@H]1CC[C@H]2[C@@H]3CCC4[C@H](Cc5ccccc5F)[C@H](O)CC[C@]4(C)[C@H]3CC[C@]12C","train"
"CHEMBL3137877","CC(C)CCC[C@@H](C)[C@H]1CC[C@H]2[C@@H]3CC[C@H]4[C@H](Cc5ccccc5)C(=O)CC[C@]4(C)[C@H]3CC[C@]12C","CC(C)CCC[C@@H](C)[C@H]1CC[C@H]2[C@@H]3CC[C@H]4[C@H](Cc5ccccc5)C(=O)CC[C@]4(C)[C@H]3CC[C@]12C","train"
"CHEMBL3137878","CC(C)CCC[C@@H](C)[C@H]1CC[C@H]2[C@@H]3CCC4[C@H](Cc5ccc(Cl)c(Cl)c5)[C@H](O)CC[C@]4(C)[C@H]3CC[C@]12C","CC(C)CCC[C@@H](C)[C@H]1CC[C@H]2[C@@H]3CCC4[C@H](Cc5ccc(Cl)c(Cl)c5)[C@H](O)CC[C@]4(C)[C@H]3CC[C@]12C","train"
"CHEMBL3137879","C=CC[C@@H]1C[C@H]2[C@@H]3CC[C@H]([C@H](C)CCCC(C)C)[C@@]3(C)CC[C@@H]2[C@@]2(C)CC[C@@H](O)CC12","C=CC[C@@H]1C[C@H]2[C@@H]3CC[C@H]([C@H](C)CCCC(C)C)[C@@]3(C)CC[C@@H]2[C@@]2(C)CC[C@@H](O)CC12","train"
"CHEMBL3137880","CC(C)CCC[C@@H](C)[C@H]1CC[C@H]2[C@@H]3CCC4[C@H](Cc5ccc(F)cc5F)[C@H](O)CC[C@]4(C)[C@H]3CC[C@]12C","CC(C)CCC[C@@H](C)[C@H]1CC[C@H]2[C@@H]3CCC4[C@H](Cc5ccc(F)cc5F)[C@H](O)CC[C@]4(C)[C@H]3CC[C@]12C","train"
"CHEMBL3137881","CC(C)CCC[C@@H](C)[C@H]1CC[C@H]2[C@@H]3CCC4[C@H](Cc5cccc(I)c5)[C@H](O)CC[C@]4(C)[C@H]3CC[C@]12C","CC(C)CCC[C@@H](C)[C@H]1CC[C@H]2[C@@H]3CCC4[C@H](Cc5cccc(I)c5)[C@H](O)CC[C@]4(C)[C@H]3CC[C@]12C","train"
"CHEMBL3137882","C/C=C(\C)C[C@H]1C2CC[C@H]3[C@@H]4CC[C@H]([C@H](C)CCCC(C)C)[C@@]4(C)CC[C@@H]3[C@@]2(C)CC[C@H]1O","C/C=C(\C)C[C@H]1C2CC[C@H]3[C@@H]4CC[C@H]([C@H](C)CCCC(C)C)[C@@]4(C)CC[C@@H]3[C@@]2(C)CC[C@H]1O","train"
"CHEMBL3137883","C=CC[C@H]1C2CC[C@H]3[C@@H]4CC[C@H]([C@H](C)CCCC(C)(C)O)[C@@]4(C)CC[C@@H]3[C@@]2(C)CC[C@H]1O","C=CC[C@H]1C2CC[C@H]3[C@@H]4CC[C@H]([C@H](C)CCCC(C)(C)O)[C@@]4(C)CC[C@@H]3[C@@]2(C)CC[C@H]1O","train"
"CHEMBL3137884","CC(C)CCC[C@@H](C)[C@H]1CC[C@H]2[C@@H]3CCC4[C@H](C/C=C/CO)[C@H](O)CC[C@]4(C)[C@H]3CC[C@]12C","CC(C)CCC[C@@H](C)[C@H]1CC[C@H]2[C@@H]3CCC4[C@H](C/C=C/CO)[C@H](O)CC[C@]4(C)[C@H]3CC[C@]12C","train"
"CHEMBL3137885","C=CC[C@@H]1C[C@@]2(C)C(CC[C@H]3[C@@H]4CC[C@H]([C@H](C)CCCC(C)C)[C@@]4(C)CC[C@@H]32)C[C@@H]1O","C=CC[C@@H]1C[C@@]2(C)C(CC[C@H]3[C@@H]4CC[C@H]([C@H](C)CCCC(C)C)[C@@]4(C)CC[C@@H]32)C[C@@H]1O","train"
"CHEMBL3462024","O=C1CC(CNc2cncc(Cl)n2)c2ccccc2N1","O=C1CC(CNc2cncc(Cl)n2)c2ccccc2N1","train"
"CHEMBL3462025","Cc1ccc(N2CCCC(NC(=O)Cc3csc(C)n3)C2=O)cc1","Cc1ccc(N2CCCC(NC(=O)Cc3csc(C)n3)C2=O)cc1","train"
"CHEMBL3462026","Cc1cc(N2CCC(NCCOc3ccccc3)CC2)nc(C)n1","Cc1cc(N2CCC(NCCOc3ccccc3)CC2)nc(C)n1","train"
"CHEMBL3462027","Cc1cc(NCC(=O)N(C)Cc2cccs2)c(C(N)=O)cc1F","Cc1cc(NCC(=O)N(C)Cc2cccs2)c(C(N)=O)cc1F","train"
"CHEMBL3462029","O=C1CC(CNc2cncc(Br)c2)c2ccccc2N1","O=C1CC(CNc2cncc(Br)c2)c2ccccc2N1","train"
"CHEMBL3462030","O=C(Nc1ccccc1OC1CCOC1)c1cc[nH]n1","O=C(Nc1ccccc1OC1CCOC1)c1cc[nH]n1","train"
"CHEMBL3462031","NC(=O)CN(C(=O)c1c[nH]c2ncccc12)C1CCCC1","NC(=O)CN(C(=O)c1c[nH]c2ncccc12)C1CCCC1","train"
"CHEMBL3462032","O=C(Nc1ccccc1OC1CCOC1)c1ccon1","O=C(Nc1ccccc1OC1CCOC1)c1ccon1","train"
"CHEMBL3462033","O=S1(=O)CCC(N2CCN(c3cc(C(F)(F)F)ccn3)CC2)C1","O=S1(=O)CCC(N2CCN(c3cc(C(F)(F)F)ccn3)CC2)C1","train"
"CHEMBL3462034","CS(=O)(=O)CCC(=O)NC1CC(c2ccccc2Cl)C1","CS(=O)(=O)CCC(=O)NC1CC(c2ccccc2Cl)C1","train"
"CHEMBL3462036","COc1ccccc1C(=O)N1CCCC1c1nncn1CC(C)C","COc1ccccc1C(=O)N1CCCC1c1nncn1CC(C)C","train"
"CHEMBL3462037","COCCN(C(=O)c1c[nH]c2ncccc12)C1CCCC1","COCCN(C(=O)c1c[nH]c2ncccc12)C1CCCC1","train"
"CHEMBL3462039","COC(=O)c1cnc(C(=O)N(c2ccc(OC)c(F)c2)C(C)C)cn1","COC(=O)c1cnc(C(=O)N(c2ccc(OC)c(F)c2)C(C)C)cn1","train"
"CHEMBL3462040","Cc1ncccc1C(=O)Nc1cccc2c1C(=O)NC2","Cc1ncccc1C(=O)Nc1cccc2c1C(=O)NC2","train"
"CHEMBL3462041","Cc1ccc(O)c(C(=O)N2CCCC2c2nncn2CC(C)C)c1","Cc1ccc(O)c(C(=O)N2CCCC2c2nncn2CC(C)C)c1","train"
"CHEMBL3462042","Cc1ccc(C(=O)Nc2cccc3c2C(=O)NC3)c(C)n1","Cc1ccc(C(=O)Nc2cccc3c2C(=O)NC3)c(C)n1","train"
"CHEMBL3462043","CCOCc1ccccc1NC(=O)NCC(C)(O)c1cc(C)oc1C","CCOCc1ccccc1NC(=O)NCC(C)(O)c1cc(C)oc1C","train"
"CHEMBL3462044","Cc1cc(NCC2CC(=O)Nc3ccccc32)nc(C)n1","Cc1cc(NCC2CC(=O)Nc3ccccc32)nc(C)n1","train"
"CHEMBL3462045","COc1ccc2cc(CN(C)C(C)c3nc(C4CC4)no3)ccc2c1","COc1ccc2cc(CN(C)C(C)c3nc(C4CC4)no3)ccc2c1","train"
"CHEMBL3462046","CCN(CC)C(=O)Cc1csc(C(C)C)n1","CCN(CC)C(=O)Cc1csc(C(C)C)n1","train"
"CHEMBL3462047","COCCNC(=O)c1cc(F)ccc1NS(C)(=O)=O","COCCNC(=O)c1cc(F)ccc1NS(C)(=O)=O","train"
"CHEMBL3462048","CC(c1nc(C2CC2)no1)N(C)Cc1ccc(Cl)cc1","CC(c1nc(C2CC2)no1)N(C)Cc1ccc(Cl)cc1","train"
"CHEMBL3462049","CC(c1nc(C2CC2)no1)N(C)Cc1ccc(C#N)cc1","CC(c1nc(C2CC2)no1)N(C)Cc1ccc(C#N)cc1","train"
"CHEMBL3462050","CC(c1nc(C2CC2)no1)N(C)Cc1ccc2c(c1)OCCO2","CC(c1nc(C2CC2)no1)N(C)Cc1ccc2c(c1)OCCO2","train"
"CHEMBL3462052","CCOCc1ccccc1NC(=O)NCC(C)(O)c1ccsc1","CCOCc1ccccc1NC(=O)NCC(C)(O)c1ccsc1","train"
"CHEMBL3462053","O=C(Nc1ccccc1OC1CCOC1)c1[nH]nc2c1CCCC2","O=C(Nc1ccccc1OC1CCOC1)c1[nH]nc2c1CCCC2","train"
"CHEMBL3462054","Cc1nc(C)c(C)c(N2CCC(NCCOc3ccccc3)CC2)n1","Cc1nc(C)c(C)c(N2CCC(NCCOc3ccccc3)CC2)n1","train"
"CHEMBL3462055","COc1ccc(F)cc1CSCC(=O)N(C)C1CC1","COc1ccc(F)cc1CSCC(=O)N(C)C1CC1","train"
"CHEMBL3462056","Cc1ncc2c(n1)CN(C(C(N)=O)c1ccc(F)cc1)CC2","Cc1ncc2c(n1)CN(C(C(N)=O)c1ccc(F)cc1)CC2","train"
"CHEMBL3462057","CCN(CC(=O)NC)C(=O)Cc1csc(C(C)C)n1","CCN(CC(=O)NC)C(=O)Cc1csc(C(C)C)n1","train"
"CHEMBL3462059","CC(C)Cn1cnnc1C1CCCN1C(=O)c1ccc(F)cc1F","CC(C)Cn1cnnc1C1CCCN1C(=O)c1ccc(F)cc1F","train"
"CHEMBL3462060","COc1ccc(N(C(=O)c2cnc(C)cn2)C(C)C)cc1F","COc1ccc(N(C(=O)c2cnc(C)cn2)C(C)C)cc1F","train"
"CHEMBL3462062","Cc1cnn(-c2cccc(N3CCN(c4cc(C)nc(C)n4)CC3)n2)c1","Cc1cnn(-c2cccc(N3CCN(c4cc(C)nc(C)n4)CC3)n2)c1","train"
"CHEMBL3462063","N#Cc1cnc2ccccc2c1N1CCN(C(=O)C2CCC2)CC1","N#Cc1cnc2ccccc2c1N1CCN(C(=O)C2CCC2)CC1","train"
"CHEMBL3462064","COc1ccc(N(C(=O)c2ccccn2)C(C)C)cc1F","COc1ccc(N(C(=O)c2ccccn2)C(C)C)cc1F","train"
"CHEMBL3462065","CCNC(=O)CN(CC)C(=O)Cc1csc(C(C)C)n1","CCNC(=O)CN(CC)C(=O)Cc1csc(C(C)C)n1","train"
"CHEMBL3462067","COc1ccc(C(=O)N(c2ccc(OC)c(F)c2)C(C)C)cn1","COc1ccc(C(=O)N(c2ccc(OC)c(F)c2)C(C)C)cn1","train"
"CHEMBL3462068","CC(c1nc(C2CC2)no1)N(C)Cc1cccc(F)c1","CC(c1nc(C2CC2)no1)N(C)Cc1cccc(F)c1","train"
"CHEMBL3462069","CNC(=O)CN(C)C(=O)Cc1csc(C(C)C)n1","CNC(=O)CN(C)C(=O)Cc1csc(C(C)C)n1","train"
"CHEMBL3462070","N#Cc1cccnc1NC1CCN(c2ccccc2OC(F)F)C1=O","N#Cc1cccnc1NC1CCN(c2ccccc2OC(F)F)C1=O","train"
"CHEMBL3462071","CS(=O)(=O)CCN(CC1CCCO1)C1CCCC1","CS(=O)(=O)CCN(CC1CCCO1)C1CCCC1","train"
"CHEMBL3462072","COc1cccc2c1N(Cc1noc(C3CC3)n1)CCC2","COc1cccc2c1N(Cc1noc(C3CC3)n1)CCC2","train"
"CHEMBL3462073","O=C(NCc1cccnc1)N1CCSCC1CCO","O=C(NCc1cccnc1)N1CCSCC1CCO","train"
"CHEMBL3462075","CC(C)c1nnc2n1CCN(C(=O)c1ccc(OCC3CC3)nc1)C2","CC(C)c1nnc2n1CCN(C(=O)c1ccc(OCC3CC3)nc1)C2","train"
"CHEMBL3462076","COc1c(CNCC(O)COc2ccc3c(c2)OCO3)c(C)nn1C","COc1c(CNCC(O)COc2ccc3c(c2)OCO3)c(C)nn1C","train"
"CHEMBL3462077","Nc1nccnc1C(=O)N1CCN(Cc2cccc3ccccc23)CC1","Nc1nccnc1C(=O)N1CCN(Cc2cccc3ccccc23)CC1","train"
"CHEMBL3462078","O=C(Nc1nncs1)c1ccc(-n2cnnn2)cc1","O=C(Nc1nncs1)c1ccc(-n2cnnn2)cc1","train"
"CHEMBL3462079","COc1cccc2c1N(Cc1nc(C3CC3)no1)CCC2","COc1cccc2c1N(Cc1nc(C3CC3)no1)CCC2","train"
"CHEMBL3462080","CC(C)C(NC(=O)c1ccco1)C(=O)N1CCC2(CC1)OCCO2","CC(C)C(NC(=O)c1ccco1)C(=O)N1CCC2(CC1)OCCO2","train"
"CHEMBL3462081","CC(C)C(NC(=O)c1ccccc1F)C(=O)N1CCC2(CC1)OCCO2","CC(C)C(NC(=O)c1ccccc1F)C(=O)N1CCC2(CC1)OCCO2","train"
"CHEMBL3462082","COc1ccccc1CCNC(=O)NC(C)COCC(F)(F)F","COc1ccccc1CCNC(=O)NC(C)COCC(F)(F)F","train"
"CHEMBL3462083","CN(C)c1cc(C(=O)NCC2(c3cccc(F)c3)CCOCC2)ccn1","CN(C)c1cc(C(=O)NCC2(c3cccc(F)c3)CCOCC2)ccn1","train"
"CHEMBL3462084","Cc1nn(C)c(Cl)c1CNCCOc1ccc2c(c1)OCO2","Cc1nn(C)c(Cl)c1CNCCOc1ccc2c(c1)OCO2","train"
"CHEMBL3462086","N#Cc1cccc(NC(=O)N2CCCC(N3CCCC3=O)C2)c1","N#Cc1cccc(NC(=O)N2CCCC(N3CCCC3=O)C2)c1","train"
"CHEMBL3462087","Cn1cccc(NC(=O)COc2ccc(Br)cc2)c1=O","Cn1cccc(NC(=O)COc2ccc(Br)cc2)c1=O","train"
"CHEMBL3462088","COc1ccc2c(c1)C(=O)N(C)C1(CCN(CC=C(C)C)CC1)N2","COc1ccc2c(c1)C(=O)N(C)C1(CCN(CC=C(C)C)CC1)N2","train"
"CHEMBL3462091","CC(C)c1nnc2n1CCN(C(=O)c1ccccc1OCC1CC1)C2","CC(C)c1nnc2n1CCN(C(=O)c1ccccc1OCC1CC1)C2","train"
"CHEMBL3462092","N#Cc1nccnc1NC1CCN(c2ccccc2Br)C1","N#Cc1nccnc1NC1CCN(c2ccccc2Br)C1","train"
"CHEMBL3462093","CC(C)C(O)CNC(=O)Nc1ccc(F)c(Cl)c1","CC(C)C(O)CNC(=O)Nc1ccc(F)c(Cl)c1","train"
"CHEMBL3462095","COCCS(=O)(=O)Nc1ccc(-n2nccc2C(F)(F)F)cc1","COCCS(=O)(=O)Nc1ccc(-n2nccc2C(F)(F)F)cc1","train"
"CHEMBL3462096","Cc1cccc(C)c1OCC(=O)Nc1cccn(C)c1=O","Cc1cccc(C)c1OCC(=O)Nc1cccn(C)c1=O","train"
"CHEMBL3462097","Cn1cccc(NC(=O)COc2ccc(Cl)cc2)c1=O","Cn1cccc(NC(=O)COc2ccc(Cl)cc2)c1=O","train"
"CHEMBL3462099","N#Cc1nccnc1NC1CCN(c2ccccc2OC(F)F)C1","N#Cc1nccnc1NC1CCN(c2ccccc2OC(F)F)C1","train"
"CHEMBL3462100","COCC(C)NC(=O)NCCc1cccc(OC)c1O","COCC(C)NC(=O)NCCc1cccc(OC)c1O","train"
"CHEMBL3462101","COCCNC(=O)NCCc1cccc(OC)c1O","COCCNC(=O)NCCc1cccc(OC)c1O","train"
"CHEMBL3462102","CN(C)S(=O)(=O)Nc1ccc(-n2nccc2C(F)(F)F)cc1","CN(C)S(=O)(=O)Nc1ccc(-n2nccc2C(F)(F)F)cc1","train"
"CHEMBL3462103","CCn1cc(C(=O)Nc2ccc(C)cc2C(=O)OC)cn1","CCn1cc(C(=O)Nc2ccc(C)cc2C(=O)OC)cn1","train"
"CHEMBL3462104","Cn1cnc2c1CCN(CC(=O)N(Cc1ccsc1)C1CC1)C2","Cn1cnc2c1CCN(CC(=O)N(Cc1ccsc1)C1CC1)C2","train"
"CHEMBL3462105","O=C(NCc1ccncc1)N1CCSCC1c1ccc(Cl)cc1","O=C(NCc1ccncc1)N1CCSCC1c1ccc(Cl)cc1","train"
"CHEMBL3462106","CCn1cc(C(=O)Nc2ccc(C)cc2C(=O)NC)cn1","CCn1cc(C(=O)Nc2ccc(C)cc2C(=O)NC)cn1","train"
"CHEMBL3462107","N#Cc1cccnc1NCCC1CCN(CC(F)(F)F)CC1","N#Cc1cccnc1NCCC1CCN(CC(F)(F)F)CC1","train"
"CHEMBL3462108","Nc1nccnc1C(=O)N1CC(OCc2cccc3ccccc23)C1","Nc1nccnc1C(=O)N1CC(OCc2cccc3ccccc23)C1","train"
"CHEMBL3462109","CSc1ccc(NC(=O)NCC(O)C(C)C)cc1F","CSc1ccc(NC(=O)NCC(O)C(C)C)cc1F","train"
"CHEMBL3462112","N#Cc1ccc(NCCC2CCN(CC(F)(F)F)CC2)nc1","N#Cc1ccc(NCCC2CCN(CC(F)(F)F)CC2)nc1","train"
"CHEMBL3462113","FC(F)(F)CN1CCC(CCNc2ncccn2)CC1","FC(F)(F)CN1CCC(CCNc2ncccn2)CC1","train"
"CHEMBL3462114","FC(F)c1nnc2ccc(N3CCC4(CCCCC4)C3)nn12","FC(F)c1nnc2ccc(N3CCC4(CCCCC4)C3)nn12","train"
"CHEMBL3462115","Cc1nnc2ccc(N3CCC4(CCOC4)C3)nn12","Cc1nnc2ccc(N3CCC4(CCOC4)C3)nn12","train"
"CHEMBL3462116","CC(C)OCCS(=O)(=O)c1ccccc1C#N","CC(C)OCCS(=O)(=O)c1ccccc1C#N","train"
"CHEMBL3462117","NS(=O)(=O)CCN1CCOC(c2ccsc2)C1","NS(=O)(=O)CCN1CCOC(c2ccsc2)C1","train"
"CHEMBL3462118","O=C1CCC(=O)N1CCN1CCOC(c2ccsc2)C1","O=C1CCC(=O)N1CCN1CCOC(c2ccsc2)C1","train"
"CHEMBL3462119","Cn1cnn(CC(=O)NCc2ccccc2F)c1=O","Cn1cnn(CC(=O)NCc2ccccc2F)c1=O","train"
"CHEMBL3462120","Cn1cnn(Cc2ccccc2F)c1=O","Cn1cnn(Cc2ccccc2F)c1=O","train"
"CHEMBL3462121","O=C1C(Nc2ncccn2)CCN1c1ccccc1OC(F)F","O=C1C(Nc2ncccn2)CCN1c1ccccc1OC(F)F","train"
"CHEMBL3462122","N#Cc1nccnc1NC1CCN(c2c(F)cccc2F)C1","N#Cc1nccnc1NC1CCN(c2c(F)cccc2F)C1","train"
"CHEMBL3462123","COc1ccccc1N1CCCC(Nc2ncccn2)C1=O","COc1ccccc1N1CCCC(Nc2ncccn2)C1=O","train"
"CHEMBL3462124","COc1cccc(CCNC(=O)NC(C)C)c1O","COc1cccc(CCNC(=O)NC(C)C)c1O","train"
"CHEMBL3462125","COc1ccc2c(c1)C(=O)N(C)C1(CCN(C(=O)OC(C)(C)C)CC1)N2","COc1ccc2c(c1)C(=O)N(C)C1(CCN(C(=O)OC(C)(C)C)CC1)N2","train"
"CHEMBL3462126","c1ccc(-c2nnc3ccc(N4CCC5(CCOC5)C4)nn23)cc1","c1ccc(-c2nnc3ccc(N4CCC5(CCOC5)C4)nn23)cc1","train"
"CHEMBL3462127","Cn1cnn(Cc2c(F)cccc2Br)c1=O","Cn1cnn(Cc2c(F)cccc2Br)c1=O","train"
"CHEMBL3462128","CN(C)S(=O)(=O)Nc1ccc(-n2nncc2C(F)(F)F)cc1","CN(C)S(=O)(=O)Nc1ccc(-n2nncc2C(F)(F)F)cc1","train"
"CHEMBL3462129","NC(=O)N1CC(OCc2cccc3ccccc23)C1","NC(=O)N1CC(OCc2cccc3ccccc23)C1","train"
"CHEMBL3462130","O=C(Cc1ccc(-n2cnnn2)cc1)Nc1nncs1","O=C(Cc1ccc(-n2cnnn2)cc1)Nc1nncs1","train"
"CHEMBL3462131","CN(CCO)C(=O)Nc1ccn(-c2cccc(C(F)(F)F)c2)n1","CN(CCO)C(=O)Nc1ccn(-c2cccc(C(F)(F)F)c2)n1","train"
"CHEMBL3462132","COCCNC(=O)Nc1ccn(-c2cccc(C(F)(F)F)c2)n1","COCCNC(=O)Nc1ccn(-c2cccc(C(F)(F)F)c2)n1","train"
"CHEMBL3462133","N#Cc1ccccc1N1CCC(Nc2nccnc2C#N)CC1","N#Cc1ccccc1N1CCC(Nc2nccnc2C#N)CC1","train"
"CHEMBL3462134","FC(F)c1nnc2ccc(N3CCC4(CCOC4)C3)nn12","FC(F)c1nnc2ccc(N3CCC4(CCOC4)C3)nn12","train"
"CHEMBL3462135","CC(C)C(NC(=O)c1ccccc1)C(=O)N1CCC2(CC1)OCCO2","CC(C)C(NC(=O)c1ccccc1)C(=O)N1CCC2(CC1)OCCO2","train"
"CHEMBL3462136","NS(=O)(=O)CCN1CCOC(c2ccc(Cl)cc2)C1","NS(=O)(=O)CCN1CCOC(c2ccc(Cl)cc2)C1","train"
"CHEMBL3462137","CCS(=O)(=O)CCN(CC1CCCO1)C1CCCC1","CCS(=O)(=O)CCN(CC1CCCO1)C1CCCC1","train"
"CHEMBL3462138","COc1ccccc1S(=O)(=O)CCOC(C)C","COc1ccccc1S(=O)(=O)CCOC(C)C","train"
"CHEMBL3462139","Cc1ccc(OCCN(C)Cc2cscn2)cc1","Cc1ccc(OCCN(C)Cc2cscn2)cc1","train"
"CHEMBL3462140","Cc1ccccc1S(=O)(=O)CCOC(C)C","Cc1ccccc1S(=O)(=O)CCOC(C)C","train"
"CHEMBL3462141","CN(CCOc1ccc(Br)cc1)Cc1cscn1","CN(CCOc1ccc(Br)cc1)Cc1cscn1","train"
"CHEMBL3462142","Cc1cc(CN(C)Cc2ncc(-c3cccs3)o2)no1","Cc1cc(CN(C)Cc2ncc(-c3cccs3)o2)no1","train"
"CHEMBL3462144","CCN(CCS(=O)(=O)CC)CC1CCCO1","CCN(CCS(=O)(=O)CC)CC1CCCO1","train"
"CHEMBL3462145","CCCS(=O)(=O)CCN1CCOC(c2ccsc2)C1","CCCS(=O)(=O)CCN1CCOC(c2ccsc2)C1","train"
"CHEMBL3462147","CCc1nc(CN(C)Cc2nnc(-c3cccs3)o2)cs1","CCc1nc(CN(C)Cc2nnc(-c3cccs3)o2)cs1","train"
"CHEMBL3462149","Cc1cc(C)cc(OCCN(C)Cc2cscn2)c1","Cc1cc(C)cc(OCCN(C)Cc2cscn2)c1","train"
"CHEMBL3462150","CCc1nc(CN(C)Cc2ncc(-c3cccs3)o2)cs1","CCc1nc(CN(C)Cc2ncc(-c3cccs3)o2)cs1","train"
"CHEMBL3462152","CCc1nnc2n1CCN(C(=O)c1ccccc1OCC1CC1)C2","CCc1nnc2n1CCN(C(=O)c1ccccc1OCC1CC1)C2","train"
"CHEMBL3462153","COCCN(C)C(=O)Nc1ccn(-c2cccc(C(F)(F)F)c2)n1","COCCN(C)C(=O)Nc1ccn(-c2cccc(C(F)(F)F)c2)n1","train"
"CHEMBL3462154","CC(O)CN(C)C(=O)Nc1ccn(-c2cccc(C(F)(F)F)c2)n1","CC(O)CN(C)C(=O)Nc1ccn(-c2cccc(C(F)(F)F)c2)n1","train"
"CHEMBL3462155","COc1cccc(NC(=O)N(CCO)C2CCc3ccccc32)c1","COc1cccc(NC(=O)N(CCO)C2CCc3ccccc32)c1","train"
"CHEMBL3462157","CC(C)(C)OC(=O)N1CCC[C@H](NCC2CCOCC2)C1","CC(C)(C)OC(=O)N1CCC[C@H](NCC2CCOCC2)C1","train"
"CHEMBL3462158","Cc1ccc(CCNC(=O)c2cccnc2)o1","Cc1ccc(CCNC(=O)c2cccnc2)o1","train"
"CHEMBL3462159","COC(=O)N1CCC(NC2CCSCC2)C1","COC(=O)N1CCC(NC2CCSCC2)C1","train"
"CHEMBL3462160","CCC(=O)N1CCC(NC2CCCC2)C1","CCC(=O)N1CCC(NC2CCCC2)C1","train"
"CHEMBL3462161","Cc1c(C(=O)N(C)CC(C)O)sc2nc(C(F)(F)F)ccc12","Cc1c(C(=O)N(C)CC(C)O)sc2nc(C(F)(F)F)ccc12","train"
"CHEMBL3462162","Cc1csc(C2CCCCN2C(=O)CCn2cncn2)n1","Cc1csc(C2CCCCN2C(=O)CCn2cncn2)n1","train"
"CHEMBL3462163","Cc1cccc(N(CCC(N)=O)C(=O)c2cnccn2)c1","Cc1cccc(N(CCC(N)=O)C(=O)c2cnccn2)c1","train"
"CHEMBL3462164","CCS(=O)(=O)NCCNC(=O)N(Cc1ccc(C)o1)C(C)C","CCS(=O)(=O)NCCNC(=O)N(Cc1ccc(C)o1)C(C)C","train"
"CHEMBL3462166","Cn1ncc2c(=O)[nH]c(CN3CCCc4cc(F)ccc43)nc21","Cn1ncc2c(=O)[nH]c(CN3CCCc4cc(F)ccc43)nc21","train"
"CHEMBL3462167","Cc1cc(F)c2c(c1)CCCN2Cc1nc2c(cnn2C)c(=O)[nH]1","Cc1cc(F)c2c(c1)CCCN2Cc1nc2c(cnn2C)c(=O)[nH]1","train"
"CHEMBL3462168","COc1cccc2c1N(Cc1nc3c(cnn3C)c(=O)[nH]1)CCC2","COc1cccc2c1N(Cc1nc3c(cnn3C)c(=O)[nH]1)CCC2","train"
"CHEMBL3462169","Cn1ncc2c(=O)[nH]c(CN3CCCc4cc(F)cc(F)c43)nc21","Cn1ncc2c(=O)[nH]c(CN3CCCc4cc(F)cc(F)c43)nc21","train"
"CHEMBL3462171","CCN(CC)Cc1ccc(C(=O)NC2CCc3ccccc32)o1","CCN(CC)Cc1ccc(C(=O)NC2CCc3ccccc32)o1","train"
"CHEMBL3462172","CC(=O)N1Cc2ccccc2C[C@H]1C(=O)Nc1ccccn1","CC(=O)N1Cc2ccccc2C[C@H]1C(=O)Nc1ccccn1","train"
"CHEMBL3462173","CCN(CC)Cc1ccc(C(=O)NC2CCc3cc(F)ccc32)o1","CCN(CC)Cc1ccc(C(=O)NC2CCc3cc(F)ccc32)o1","train"
"CHEMBL3462174","CCN(CC)Cc1ccc(C(=O)NC2CCc3cc(Br)ccc32)o1","CCN(CC)Cc1ccc(C(=O)NC2CCc3cc(Br)ccc32)o1","train"
"CHEMBL3462175","CCN(CC)Cc1ccc(C(=O)NC2CCc3cc(Cl)ccc32)o1","CCN(CC)Cc1ccc(C(=O)NC2CCc3cc(Cl)ccc32)o1","train"
"CHEMBL3462176","CC(C)N(Cc1ccccc1)C(=O)NCCNC(=O)c1cccnc1","CC(C)N(Cc1ccccc1)C(=O)NCCNC(=O)c1cccnc1","train"
"CHEMBL3462177","CC(=O)N1Cc2ccccc2CC1C(=O)Nc1cc(C)ccn1","CC(=O)N1Cc2ccccc2CC1C(=O)Nc1cc(C)ccn1","train"
"CHEMBL3462178","CC(=O)N1Cc2ccccc2CC1C(=O)Nc1ccc(C)cn1","CC(=O)N1Cc2ccccc2CC1C(=O)Nc1ccc(C)cn1","train"
"CHEMBL3462181","CCN(CC(=O)NCc1nc(C2CC2)no1)Cc1ccc(Cl)cc1","CCN(CC(=O)NCc1nc(C2CC2)no1)Cc1ccc(Cl)cc1","train"
"CHEMBL3462182","CC(=O)N1Cc2ccccc2CC1C(=O)Nc1ccc(N(C)C)cn1","CC(=O)N1Cc2ccccc2CC1C(=O)Nc1ccc(N(C)C)cn1","train"
"CHEMBL3462183","CC(=O)c1cccc(NC(=O)N(CCO)C2CCc3ccccc32)c1","CC(=O)c1cccc(NC(=O)N(CCO)C2CCc3ccccc32)c1","train"
"CHEMBL3462184","O=C(Nc1cn[nH]c1)N(CCCO)C1CCc2ccccc21","O=C(Nc1cn[nH]c1)N(CCCO)C1CCc2ccccc21","train"
"CHEMBL3462185","O=C(NCc1cccnc1)NCC(O)c1cccc(C(F)(F)F)c1","O=C(NCc1cccnc1)NCC(O)c1cccc(C(F)(F)F)c1","train"
"CHEMBL3462186","Cc1cccc(N(CCC(N)=O)C(=O)c2cc(-n3cccn3)ccn2)c1","Cc1cccc(N(CCC(N)=O)C(=O)c2cc(-n3cccn3)ccn2)c1","train"
"CHEMBL3462188","COC(=O)NCCC(=O)NCC1(c2cccc(Cl)c2)CC1","COC(=O)NCCC(=O)NCC1(c2cccc(Cl)c2)CC1","train"
"CHEMBL3462190","O=C(CCc1cccnc1)Nc1ccc(OCC2CCOCC2)cc1","O=C(CCc1cccnc1)Nc1ccc(OCC2CCOCC2)cc1","train"
"CHEMBL3462191","COC(=O)NCCCC(=O)NCC1(c2cccc(Cl)c2)CC1","COC(=O)NCCCC(=O)NCC1(c2cccc(Cl)c2)CC1","train"
"CHEMBL3462192","COC(=O)NCCCC(=O)NC1(c2cccc(Cl)c2)CC1","COC(=O)NCCCC(=O)NC1(c2cccc(Cl)c2)CC1","train"
"CHEMBL3462193","N#Cc1nccnc1N1CCC(c2nc(C(F)(F)F)c[nH]2)CC1","N#Cc1nccnc1N1CCC(c2nc(C(F)(F)F)c[nH]2)CC1","train"
"CHEMBL3462194","N#Cc1cccnc1N1CCC(c2nc(C(F)(F)F)c[nH]2)CC1","N#Cc1cccnc1N1CCC(c2nc(C(F)(F)F)c[nH]2)CC1","train"
"CHEMBL3462195","CNS(=O)(=O)CC1CCCN1C(=O)c1ccc(C)c(C)c1","CNS(=O)(=O)CC1CCCN1C(=O)c1ccc(C)c(C)c1","train"
"CHEMBL3462196","CC(C)(C)c1csc(C2CCCCN2C(=O)CCn2cncn2)n1","CC(C)(C)c1csc(C2CCCCN2C(=O)CCn2cncn2)n1","train"
"CHEMBL3462197","N#Cc1ccc(N2CCC(c3nc(C(F)(F)F)c[nH]3)CC2)nc1","N#Cc1ccc(N2CCC(c3nc(C(F)(F)F)c[nH]3)CC2)nc1","train"
"CHEMBL3462199","CN(Cc1cc(=O)c(O)co1)C1CCN(c2ccc(F)cc2)CC1","CN(Cc1cc(=O)c(O)co1)C1CCN(c2ccc(F)cc2)CC1","train"
"CHEMBL3462200","CNS(=O)(=O)CC1CCCN1C(=O)c1cccc(Cl)c1","CNS(=O)(=O)CC1CCCN1C(=O)c1cccc(Cl)c1","train"
"CHEMBL3462201","Cn1cc(Br)cc(NC(=O)CC(C)(C)C)c1=O","Cn1cc(Br)cc(NC(=O)CC(C)(C)C)c1=O","train"
"CHEMBL3462202","CNS(=O)(=O)CC1CCCN1C(=O)c1ccc2cc[nH]c2c1","CNS(=O)(=O)CC1CCCN1C(=O)c1ccc2cc[nH]c2c1","train"
"CHEMBL3462203","CCC(=O)Nc1cc(Br)cn(C)c1=O","CCC(=O)Nc1cc(Br)cn(C)c1=O","train"
"CHEMBL3462205","Cc1cccc(N(CCC(N)=O)C(=O)c2ccnc(C)n2)c1","Cc1cccc(N(CCC(N)=O)C(=O)c2ccnc(C)n2)c1","train"
"CHEMBL3462206","Cc1c(C(=O)N2CCSCC2)sc2nc(C(F)(F)F)ccc12","Cc1c(C(=O)N2CCSCC2)sc2nc(C(F)(F)F)ccc12","train"
"CHEMBL3462207","Cc1c(C(N)=O)sc2nc(C(F)(F)F)ccc12","Cc1c(C(N)=O)sc2nc(C(F)(F)F)ccc12","train"
"CHEMBL3462208","CN(Cc1nc(-c2cccnc2)no1)C(=O)c1cnc2n1CCCC2","CN(Cc1nc(-c2cccnc2)no1)C(=O)c1cnc2n1CCCC2","train"
"CHEMBL3462209","CCC(=O)N1CCC(NC2CCSCC2)C1","CCC(=O)N1CCC(NC2CCSCC2)C1","train"
"CHEMBL3462211","COC(=O)Cc1cccc(NC(=O)Cc2cc(C)[nH]n2)c1","COC(=O)Cc1cccc(NC(=O)Cc2cc(C)[nH]n2)c1","train"
"CHEMBL3462213","O=C(CCc1ccncc1)Nc1ccc(OCC2CC2)cc1","O=C(CCc1ccncc1)Nc1ccc(OCC2CC2)cc1","train"
"CHEMBL3462214","CC(C)(C)OC(=O)N1CCC[C@H](NCc2cc[nH]c2)C1","CC(C)(C)OC(=O)N1CCC[C@H](NCc2cc[nH]c2)C1","train"
"CHEMBL3462215","CN(C)S(=O)(=O)c1cccc(NC(=O)Cc2ccon2)c1","CN(C)S(=O)(=O)c1cccc(NC(=O)Cc2ccon2)c1","train"
"CHEMBL3462216","O=C(NCc1cccnc1)NCC(O)c1ccccc1C(F)(F)F","O=C(NCc1cccnc1)NCC(O)c1ccccc1C(F)(F)F","train"
"CHEMBL3462218","CN(Cc1cc(=O)c(O)co1)C1CCCN(c2ccccc2)C1","CN(Cc1cc(=O)c(O)co1)C1CCCN(c2ccccc2)C1","train"
"CHEMBL3462219","CCc1nc(C(=O)N2CCN(Cc3ccc(Cl)cc3)CC2)c[nH]1","CCc1nc(C(=O)N2CCN(Cc3ccc(Cl)cc3)CC2)c[nH]1","train"
"CHEMBL3462221","Cc1nc(C)n(Cc2cccc(NC3CCN(C)C3=O)c2)n1","Cc1nc(C)n(Cc2cccc(NC3CCN(C)C3=O)c2)n1","train"
"CHEMBL3462223","CCN(CC)CCNC(=O)C(C)OCC(F)(F)F","CCN(CC)CCNC(=O)C(C)OCC(F)(F)F","train"
"CHEMBL3462224","Brc1csc(CNCc2nnc3n2CCC3)c1","Brc1csc(CNCc2nnc3n2CCC3)c1","train"
"CHEMBL3462225","CC(C)SCc1cccc(NC2CCN(C)C2=O)c1","CC(C)SCc1cccc(NC2CCN(C)C2=O)c1","train"
"CHEMBL3462226","CCSCc1cccc(NC2CCN(C)C2=O)c1","CCSCc1cccc(NC2CCN(C)C2=O)c1","train"
"CHEMBL3462227","CC(C)C(=O)N1CCC(NC2CCSCC2)C1","CC(C)C(=O)N1CCC(NC2CCSCC2)C1","train"
"CHEMBL3462228","O=C(Nc1cn[nH]c1)N(CCO)C1CCc2ccccc21","O=C(Nc1cn[nH]c1)N(CCO)C1CCc2ccccc21","train"
"CHEMBL3462229","COCCn1cc(NC(=O)C(C)CCc2ccccc2F)ccc1=O","COCCn1cc(NC(=O)C(C)CCc2ccccc2F)ccc1=O","train"
"CHEMBL3462230","Cc1ccc(CN(C(=O)NCCNC(=O)c2cccnc2)C(C)C)o1","Cc1ccc(CN(C(=O)NCCNC(=O)c2cccnc2)C(C)C)o1","train"
"CHEMBL3462231","O=C(CCCn1cncn1)N1CCCCC1c1nccs1","O=C(CCCn1cncn1)N1CCCCC1c1nccs1","train"
"CHEMBL3462232","CCc1nc(C(=O)N2CCN(C(=O)CCc3ccccc3)CC2)c[nH]1","CCc1nc(C(=O)N2CCN(C(=O)CCc3ccccc3)CC2)c[nH]1","train"
"CHEMBL3462233","Cc1csc(C2CCCCN2C(=O)CCCn2cccn2)n1","Cc1csc(C2CCCCN2C(=O)CCCn2cccn2)n1","train"
"CHEMBL3462234","COC(=O)Cc1cccc(NC(=O)Cc2ccon2)c1","COC(=O)Cc1cccc(NC(=O)Cc2ccon2)c1","train"
"CHEMBL3462236","Cc1csc(C2CCCCN2C(=O)CCCn2cncn2)n1","Cc1csc(C2CCCCN2C(=O)CCCn2cncn2)n1","train"
"CHEMBL3462237","CC(C)CC(=O)NCCCn1cncn1","CC(C)CC(=O)NCCCn1cncn1","train"
"CHEMBL3462238","CCc1nnc2n1CC(CNCc1nc(C)c(C)o1)CC2","CCc1nnc2n1CC(CNCc1nc(C)c(C)o1)CC2","train"
"CHEMBL3462239","Cc1ccc(O)c(CNCC(C)c2nc3ccccc3o2)n1","Cc1ccc(O)c(CNCC(C)c2nc3ccccc3o2)n1","train"
"CHEMBL3462240","CC(C)(C)CC(=O)NCCCn1cncn1","CC(C)(C)CC(=O)NCCCn1cncn1","train"
"CHEMBL3462241","CC(C)(C)C(=O)NCCCn1cncn1","CC(C)(C)C(=O)NCCCn1cncn1","train"
"CHEMBL3462242","CCc1nnc2n1CC(CNCC1CCCC1)CC2","CCc1nnc2n1CC(CNCC1CCCC1)CC2","train"
"CHEMBL3462243","Cc1cn2c(n1)C(CNCC1=Cc3cc(Cl)ccc3OC1)CCC2","Cc1cn2c(n1)C(CNCC1=Cc3cc(Cl)ccc3OC1)CCC2","train"
"CHEMBL3462244","COc1cc(F)c(NC(=O)N(C)CCNC(=O)N(C)C)cc1F","COc1cc(F)c(NC(=O)N(C)CCNC(=O)N(C)C)cc1F","train"
"CHEMBL3462245","CC(C)c1nnc2n1CC(CNCc1nnc(C(C)(C)C)o1)CC2","CC(C)c1nnc2n1CC(CNCc1nnc(C(C)(C)C)o1)CC2","train"
"CHEMBL3462246","Cc1ccc(S(=O)(=O)N(CC(N)=O)CC(C)C)cc1C","Cc1ccc(S(=O)(=O)N(CC(N)=O)CC(C)C)cc1C","train"
"CHEMBL3462247","Brc1ccc(-c2nnc(CN(Cc3cccs3)CC3CCCO3)o2)s1","Brc1ccc(-c2nnc(CN(Cc3cccs3)CC3CCCO3)o2)s1","train"
"CHEMBL3462248","CN(Cc1ccc(N(C)C)cc1)C(=O)CSc1ccc(Br)cc1","CN(Cc1ccc(N(C)C)cc1)C(=O)CSc1ccc(Br)cc1","train"
"CHEMBL3462249","Cc1cc(C)c(CNC(=O)C2COc3ccccc3C2)c(=O)[nH]1","Cc1cc(C)c(CNC(=O)C2COc3ccccc3C2)c(=O)[nH]1","train"
"CHEMBL3462250","Cc1nn(C)c(C)c1NC(=O)Nc1cccnc1N1CCCC1","Cc1nn(C)c(C)c1NC(=O)Nc1cccnc1N1CCCC1","train"
"CHEMBL3462251","Cc1cc(S(=O)(=O)N(C)CC(N)=O)ccc1Br","Cc1cc(S(=O)(=O)N(C)CC(N)=O)ccc1Br","train"
"CHEMBL3462252","Cc1n[nH]c(C)c1NC(=O)Nc1cccnc1N1CCCC1","Cc1n[nH]c(C)c1NC(=O)Nc1cccnc1N1CCCC1","train"
"CHEMBL3462253","Cc1cc(C)c(CNC(=O)NC2COc3ccccc3C2)c(=O)[nH]1","Cc1cc(C)c(CNC(=O)NC2COc3ccccc3C2)c(=O)[nH]1","train"
"CHEMBL3462255","Cc1nnc(NCCC(=O)NCc2ccccc2)c(C#N)c1C","Cc1nnc(NCCC(=O)NCc2ccccc2)c(C#N)c1C","train"
"CHEMBL3462256","Cc1nnc(NCCC(=O)N(C)Cc2ccccc2)c(C#N)c1C","Cc1nnc(NCCC(=O)N(C)Cc2ccccc2)c(C#N)c1C","train"
"CHEMBL3462257","CCC(C)NC(=O)c1cc(S(N)(=O)=O)c(Br)s1","CCC(C)NC(=O)c1cc(S(N)(=O)=O)c(Br)s1","train"
"CHEMBL3462258","Cc1cc(C)c(CNC(=O)NCC2COc3ccccc3C2)c(=O)[nH]1","Cc1cc(C)c(CNC(=O)NCC2COc3ccccc3C2)c(=O)[nH]1","train"
"CHEMBL3462259","CCOc1ncccc1NC(=O)Nc1c(C)nn(C(C)C)c1C","CCOc1ncccc1NC(=O)Nc1c(C)nn(C(C)C)c1C","train"
"CHEMBL3462261","Cc1cc(C)c(CNC(=O)NC2CCOCC2)c(=O)[nH]1","Cc1cc(C)c(CNC(=O)NC2CCOCC2)c(=O)[nH]1","train"
"CHEMBL3462262","COc1cccc(CN(C)CC2=Nc3ccccc3S(=O)(=O)N2)c1","COc1cccc(CN(C)CC2=Nc3ccccc3S(=O)(=O)N2)c1","train"
"CHEMBL3462263","COc1cccc(CSCC2=Nc3ccccc3S(=O)(=O)N2)c1","COc1cccc(CSCC2=Nc3ccccc3S(=O)(=O)N2)c1","train"
"CHEMBL3462264","O=S1(=O)N=C(CSCc2ccccc2)Nc2ccccc21","O=S1(=O)N=C(CSCc2ccccc2)Nc2ccccc21","train"
"CHEMBL3462265","O=C(c1cc(F)cc2[nH]cnc12)N1CCCC1Cn1cccn1","O=C(c1cc(F)cc2[nH]cnc12)N1CCCC1Cn1cccn1","train"
"CHEMBL3462266","O=C(c1cc(F)cc2[nH]cnc12)N1CCCCC1Cn1cccn1","O=C(c1cc(F)cc2[nH]cnc12)N1CCCCC1Cn1cccn1","train"
"CHEMBL3462267","CN(Cc1ccc2c(c1)OCCO2)Cn1nc(C(C)(C)C)ccc1=O","CN(Cc1ccc2c(c1)OCCO2)Cn1nc(C(C)(C)C)ccc1=O","train"
"CHEMBL3462270","CN(C)S(=O)(=O)c1ccc2c(c1)N(Cc1nccn1C)CCC2","CN(C)S(=O)(=O)c1ccc2c(c1)N(Cc1nccn1C)CCC2","train"
"CHEMBL3462271","Cn1nc2c(cc1=O)CN(c1ncnc3ccsc13)CC2","Cn1nc2c(cc1=O)CN(c1ncnc3ccsc13)CC2","train"
"CHEMBL3462272","CC(C)n1nc2c(cc1=O)CN(c1ncnc3sccc13)CC2","CC(C)n1nc2c(cc1=O)CN(c1ncnc3sccc13)CC2","train"
"CHEMBL3462273","Cc1nnc(C(NS(=O)(=O)c2cc(C#N)ccc2C)C(C)C)[nH]1","Cc1nnc(C(NS(=O)(=O)c2cc(C#N)ccc2C)C(C)C)[nH]1","train"
"CHEMBL3718226","Cc1cnc(-c2n[nH]cc2CN2CCN(c3ccc(C(F)(F)F)cn3)[C@H](C)C2)[nH]1","Cc1cnc(-c2n[nH]cc2CN2CCN(c3ccc(C(F)(F)F)cn3)[C@H](C)C2)[nH]1","train"
"CHEMBL3716451","Cc1nc(-c2n[nH]cc2CN2CCN(c3ccc(C(F)(F)F)cn3)[C@H](C)C2)[nH]c1C","Cc1nc(-c2n[nH]cc2CN2CCN(c3ccc(C(F)(F)F)cn3)[C@H](C)C2)[nH]c1C","train"
"CHEMBL3716738","C[C@@H]1CN(Cc2c[nH]nc2-c2nc3c([nH]2)CCCC3)CCN1c1ccc(C(F)(F)F)cn1","C[C@@H]1CN(Cc2c[nH]nc2-c2nc3c([nH]2)CCCC3)CCN1c1ccc(C(F)(F)F)cn1","train"
"CHEMBL3716374","C[C@@H]1CN(Cc2c[nH]nc2-c2nc3cc(F)ccc3[nH]2)CCN1c1ccc(C(F)(F)F)cn1","C[C@@H]1CN(Cc2c[nH]nc2-c2nc3cc(F)ccc3[nH]2)CCN1c1ccc(C(F)(F)F)cn1","train"
"CHEMBL3717457","C[C@@H]1CN(Cc2c[nH]nc2-c2nc3cc(C#N)ccc3[nH]2)CCN1c1ccc(C(F)(F)F)cn1","C[C@@H]1CN(Cc2c[nH]nc2-c2nc3cc(C#N)ccc3[nH]2)CCN1c1ccc(C(F)(F)F)cn1","train"
"CHEMBL3716790","N#Cc1c[nH]c(-c2n[nH]cc2CN2CCN(c3ccc(C(F)(F)F)cn3)[C@H](C(F)(F)F)C2)c1","N#Cc1c[nH]c(-c2n[nH]cc2CN2CCN(c3ccc(C(F)(F)F)cn3)[C@H](C(F)(F)F)C2)c1","train"
"CHEMBL3718524","C[C@@H]1CN(Cc2c[nH]nc2C(=O)Nc2nc[nH]c2C#N)CCN1c1ccc(C(F)(F)F)cn1","C[C@@H]1CN(Cc2c[nH]nc2C(=O)Nc2nc[nH]c2C#N)CCN1c1ccc(C(F)(F)F)cn1","train"
"CHEMBL3716594","C[C@@H]1CN(Cc2c[nH]nc2C(=O)Nc2cc(-c3ccco3)n[nH]2)CCN1c1ccc(C(F)(F)F)cn1","C[C@@H]1CN(Cc2c[nH]nc2C(=O)Nc2cc(-c3ccco3)n[nH]2)CCN1c1ccc(C(F)(F)F)cn1","train"
"CHEMBL3717382","C[C@@H]1CN(Cc2c[nH]nc2C(=O)Nc2n[nH]cc2C#N)CCN1c1ccc(C(F)(F)F)cn1","C[C@@H]1CN(Cc2c[nH]nc2C(=O)Nc2n[nH]cc2C#N)CCN1c1ccc(C(F)(F)F)cn1","train"
"CHEMBL3715791","C[C@@H]1CN(Cc2c[nH]nc2C(=O)N2CC(O)C2)CCN1c1ccc(C(F)(F)F)cn1","C[C@@H]1CN(Cc2c[nH]nc2C(=O)N2CC(O)C2)CCN1c1ccc(C(F)(F)F)cn1","train"
"CHEMBL3717844","C[C@@H]1CN(Cc2c[nH]nc2C(=O)N2CCC(O)C2)CCN1c1ccc(C(F)(F)F)cn1","C[C@@H]1CN(Cc2c[nH]nc2C(=O)N2CCC(O)C2)CCN1c1ccc(C(F)(F)F)cn1","train"
"CHEMBL3718315","C[C@@H]1CN(Cc2c[nH]nc2C(=O)N2CCC(O)CC2)CCN1c1ccc(C(F)(F)F)cn1","C[C@@H]1CN(Cc2c[nH]nc2C(=O)N2CCC(O)CC2)CCN1c1ccc(C(F)(F)F)cn1","train"
"CHEMBL3716429","COC(=O)c1ccc(-c2n[nH]cc2CN2CCN(c3ccc(C(F)(F)F)cn3)[C@H](C)C2)o1","COC(=O)c1ccc(-c2n[nH]cc2CN2CCN(c3ccc(C(F)(F)F)cn3)[C@H](C)C2)o1","train"
"CHEMBL3717140","C[C@@H]1CN(Cc2c[nH]nc2-c2ccc(C(=O)O)o2)CCN1c1ccc(C(F)(F)F)cn1","C[C@@H]1CN(Cc2c[nH]nc2-c2ccc(C(=O)O)o2)CCN1c1ccc(C(F)(F)F)cn1","train"
"CHEMBL3714779","C[C@@H]1CN(Cc2c[nH]nc2-c2ccc(C(N)=O)o2)CCN1c1ccc(C(F)(F)F)cn1","C[C@@H]1CN(Cc2c[nH]nc2-c2ccc(C(N)=O)o2)CCN1c1ccc(C(F)(F)F)cn1","train"
"CHEMBL3715149","O=C(O)CSc1nnc(-c2cccc(C(=O)O)c2)[nH]1","O=C(O)CSc1nnc(-c2cccc(C(=O)O)c2)[nH]1","train"
"CHEMBL3717953","Cc1cccc(-c2nnc(SCCC(=O)O)[nH]2)c1","Cc1cccc(-c2nnc(SCCC(=O)O)[nH]2)c1","train"
"CHEMBL3716509","O=C(O)c1ccc2nc(N3CCC(c4ccccc4)CC3)c(N3CCC(c4ccccc4)CC3)nc2c1","O=C(O)c1ccc2nc(N3CCC(c4ccccc4)CC3)c(N3CCC(c4ccccc4)CC3)nc2c1","train"
"CHEMBL3718137","CN(C1CCN(c2nc3cc(C(=O)O)ccc3nc2-c2ccccc2)CC1)S(C)(=O)=O","CN(C1CCN(c2nc3cc(C(=O)O)ccc3nc2-c2ccccc2)CC1)S(C)(=O)=O","train"
"CHEMBL3716307","O=C(O)c1ccc2nc(-c3ccccc3)c(N3CCCc4ccccc43)nc2c1","O=C(O)c1ccc2nc(-c3ccccc3)c(N3CCCc4ccccc43)nc2c1","train"
"CHEMBL3717856","CC(C)N(C)c1nc2cc(C(=O)O)ccc2nc1-c1ccccc1","CC(C)N(C)c1nc2cc(C(=O)O)ccc2nc1-c1ccccc1","train"
"CHEMBL3718708","CN(c1nc2cc(C(=O)O)ccc2nc1-c1ccccc1)C1CC1","CN(c1nc2cc(C(=O)O)ccc2nc1-c1ccccc1)C1CC1","train"
"CHEMBL3717508","COC[C@H]1CCCN1c1nc2cc(C(=O)O)ccc2nc1-c1ccccc1","COC[C@H]1CCCN1c1nc2cc(C(=O)O)ccc2nc1-c1ccccc1","train"
"CHEMBL3715657","O=C(O)c1ccc2nc(-c3ccccc3)c(N3CCC[C@@H]3CO)nc2c1","O=C(O)c1ccc2nc(-c3ccccc3)c(N3CCC[C@@H]3CO)nc2c1","train"
"CHEMBL3715426","C[C@H]1CCCN1c1nc2cc(C(=O)O)ccc2nc1-c1ccccc1","C[C@H]1CCCN1c1nc2cc(C(=O)O)ccc2nc1-c1ccccc1","train"
"CHEMBL3717264","CC(C)N(C)c1nc2cc(C(=O)O)ccc2nc1-c1ccc(F)cc1","CC(C)N(C)c1nc2cc(C(=O)O)ccc2nc1-c1ccc(F)cc1","train"
"CHEMBL3715782","COc1ccc(-c2nc3ccc(C(=O)O)cc3nc2N(C)C(C)C)cc1","COc1ccc(-c2nc3ccc(C(=O)O)cc3nc2N(C)C(C)C)cc1","train"
"CHEMBL3715899","O=C(O)c1ccc2nc(-c3ccccc3)c(N3CCC[C@@H]3C(F)(F)F)nc2c1","O=C(O)c1ccc2nc(-c3ccccc3)c(N3CCC[C@@H]3C(F)(F)F)nc2c1","train"
"CHEMBL3716745","COc1ccc2c(c1)CCCN2c1nc2cc(C(=O)O)ccc2nc1-c1ccccc1","COc1ccc2c(c1)CCCN2c1nc2cc(C(=O)O)ccc2nc1-c1ccccc1","train"
"CHEMBL3719095","CC(C)N(C)c1nc2cc(C(=O)O)ccc2nc1-c1ccc(F)c(F)c1","CC(C)N(C)c1nc2cc(C(=O)O)ccc2nc1-c1ccc(F)c(F)c1","train"
"CHEMBL3716803","CC(C)N(C)c1nc2cc(C(=O)O)ccc2nc1-c1ccc(Cl)cc1","CC(C)N(C)c1nc2cc(C(=O)O)ccc2nc1-c1ccc(Cl)cc1","train"
"CHEMBL3718544","CN(c1nc2cc(C(=O)O)ccc2nc1-c1ccccc1)C1CCCC1","CN(c1nc2cc(C(=O)O)ccc2nc1-c1ccccc1)C1CCCC1","train"
"CHEMBL3718232","O=C(O)c1ccc2nc(-c3ccccc3)c(N3CCCC4CCCCC43)nc2c1","O=C(O)c1ccc2nc(-c3ccccc3)c(N3CCCC4CCCCC43)nc2c1","train"
"CHEMBL3718760","CC(C)N(C)c1nc2cc(C(=O)O)ccc2nc1-c1cccnc1","CC(C)N(C)c1nc2cc(C(=O)O)ccc2nc1-c1cccnc1","train"
"CHEMBL3716080","CC(C)N(C)c1nc2cc(C(=O)O)ccc2nc1-c1ccc(N2CCOCC2)cc1","CC(C)N(C)c1nc2cc(C(=O)O)ccc2nc1-c1ccc(N2CCOCC2)cc1","train"
"CHEMBL3718256","O=C(O)c1ccc2nc(-c3ccc(F)cc3)c(N3CCS(=O)(=O)CC3)nc2c1","O=C(O)c1ccc2nc(-c3ccc(F)cc3)c(N3CCS(=O)(=O)CC3)nc2c1","train"
"CHEMBL3718144","O=C(O)c1ccc2nc(-c3ccccc3)c(N3CCS(=O)(=O)CC3)nc2c1","O=C(O)c1ccc2nc(-c3ccccc3)c(N3CCS(=O)(=O)CC3)nc2c1","train"
"CHEMBL3716551","COc1cc(OCc2csc(C3(c4ccc(Cl)cc4)CCOCC3)n2)c2cc(-c3cn4nc(OC)sc4n3)oc2c1","COc1cc(OCc2csc(C3(c4ccc(Cl)cc4)CCOCC3)n2)c2cc(-c3cn4nc(OC)sc4n3)oc2c1","train"
"CHEMBL3718481","COc1cc(OCc2csc(C3(c4cccc(Cl)c4)CCOCC3)n2)c2cc(-c3cn4nc(OC)sc4n3)oc2c1","COc1cc(OCc2csc(C3(c4cccc(Cl)c4)CCOCC3)n2)c2cc(-c3cn4nc(OC)sc4n3)oc2c1","train"
"CHEMBL3718626","COc1cc(OCc2csc(C3(O)CCC(C(=O)N(C)CC#N)CC3)n2)c2cc(-c3cn4nc(OC)sc4n3)oc2c1","COc1cc(OCc2csc(C3(O)CCC(C(=O)N(C)CC#N)CC3)n2)c2cc(-c3cn4nc(OC)sc4n3)oc2c1","train"
"CHEMBL3718346","COc1cc(OCc2csc(C3(c4ccc(Br)cc4)CCOCC3)n2)c2cc(-c3cn4nc(OC)sc4n3)oc2c1","COc1cc(OCc2csc(C3(c4ccc(Br)cc4)CCOCC3)n2)c2cc(-c3cn4nc(OC)sc4n3)oc2c1","train"
"CHEMBL3717630","COc1cc(OCc2csc(C3(c4ccccc4F)CCOCC3)n2)c2cc(-c3cn4nc(OC)sc4n3)oc2c1","COc1cc(OCc2csc(C3(c4ccccc4F)CCOCC3)n2)c2cc(-c3cn4nc(OC)sc4n3)oc2c1","train"
"CHEMBL3717319","COc1cc(OCc2csc(C3(c4ccc(C)cc4)CCOCC3)n2)c2cc(-c3cn4nc(OC)sc4n3)oc2c1","COc1cc(OCc2csc(C3(c4ccc(C)cc4)CCOCC3)n2)c2cc(-c3cn4nc(OC)sc4n3)oc2c1","train"
"CHEMBL3716525","COc1cccc(C2(c3nc(COc4cc(OC)cc5oc(-c6cn7nc(OC)sc7n6)cc45)cs3)CCOCC2)c1","COc1cccc(C2(c3nc(COc4cc(OC)cc5oc(-c6cn7nc(OC)sc7n6)cc45)cs3)CCOCC2)c1","train"
"CHEMBL3716135","COc1ccc(C2(c3nc(COc4cc(OC)cc5oc(-c6cn7nc(OC)sc7n6)cc45)cs3)CCOCC2)cc1","COc1ccc(C2(c3nc(COc4cc(OC)cc5oc(-c6cn7nc(OC)sc7n6)cc45)cs3)CCOCC2)cc1","train"
"CHEMBL3719375","COC(=O)c1ccc(C2(c3nc(COc4cc(OC)cc5oc(-c6cn7nc(OC)sc7n6)cc45)cs3)CCOCC2)cc1","COC(=O)c1ccc(C2(c3nc(COc4cc(OC)cc5oc(-c6cn7nc(OC)sc7n6)cc45)cs3)CCOCC2)cc1","train"
"CHEMBL3719223","COc1cc(OCc2csc(C3(c4ccc(C(=O)N(C)C)cc4)CCOCC3)n2)c2cc(-c3cn4nc(OC)sc4n3)oc2c1","COc1cc(OCc2csc(C3(c4ccc(C(=O)N(C)C)cc4)CCOCC3)n2)c2cc(-c3cn4nc(OC)sc4n3)oc2c1","train"
"CHEMBL3715261","COc1cc(OCc2csc(C3(c4ccccc4)CCOCC3)n2)c2cc(-c3cn4nc(OC)sc4n3)oc2c1","COc1cc(OCc2csc(C3(c4ccccc4)CCOCC3)n2)c2cc(-c3cn4nc(OC)sc4n3)oc2c1","train"
"CHEMBL3715798","COc1cc(OCc2csc(C3(c4ccc(Cl)cc4)CCOC3)n2)c2cc(-c3cn4nc(OC)sc4n3)oc2c1","COc1cc(OCc2csc(C3(c4ccc(Cl)cc4)CCOC3)n2)c2cc(-c3cn4nc(OC)sc4n3)oc2c1","train"
"CHEMBL3715137","COc1cc(OCc2csc(C3(c4ccc(C)cc4)CCOC3)n2)c2cc(-c3cn4nc(OC)sc4n3)oc2c1","COc1cc(OCc2csc(C3(c4ccc(C)cc4)CCOC3)n2)c2cc(-c3cn4nc(OC)sc4n3)oc2c1","train"
"CHEMBL3715726","COc1cc(OCc2csc(C3(c4cccc(Cl)c4)CCOC3)n2)c2cc(-c3cn4nc(OC)sc4n3)oc2c1","COc1cc(OCc2csc(C3(c4cccc(Cl)c4)CCOC3)n2)c2cc(-c3cn4nc(OC)sc4n3)oc2c1","train"
"CHEMBL3719245","COc1cc(OCc2csc(C3(c4ccccc4F)CCOC3)n2)c2cc(-c3cn4nc(OC)sc4n3)oc2c1","COc1cc(OCc2csc(C3(c4ccccc4F)CCOC3)n2)c2cc(-c3cn4nc(OC)sc4n3)oc2c1","train"
"CHEMBL3718763","COc1cc(OCc2csc(C3(C)CCOCC3)n2)c2cc(-c3cn4nc(OC)sc4n3)oc2c1","COc1cc(OCc2csc(C3(C)CCOCC3)n2)c2cc(-c3cn4nc(OC)sc4n3)oc2c1","train"
"CHEMBL3717706","COc1cc(OCc2csc(C3CCOc4ccccc43)n2)c2cc(-c3cn4nc(OC)sc4n3)oc2c1","COc1cc(OCc2csc(C3CCOc4ccccc43)n2)c2cc(-c3cn4nc(OC)sc4n3)oc2c1","train"
"CHEMBL3716498","COc1cc(OCc2csc(C3=CCOc4ccccc43)n2)c2cc(-c3cn4nc(OC)sc4n3)oc2c1","COc1cc(OCc2csc(C3=CCOc4ccccc43)n2)c2cc(-c3cn4nc(OC)sc4n3)oc2c1","train"
"CHEMBL3716780","COc1cc(OCc2csc(C3(N[S@+]([O-])C(C)(C)C)CCOCC3)n2)c2cc(-c3cn4nc(OC)sc4n3)oc2c1","COc1cc(OCc2csc(C3(N[S@+]([O-])C(C)(C)C)CCOCC3)n2)c2cc(-c3cn4nc(OC)sc4n3)oc2c1","train"
"CHEMBL3716142","COc1cc(OCc2csc(C3(NS(=O)(=O)C(C)(C)C)CCOCC3)n2)c2cc(-c3cn4nc(OC)sc4n3)oc2c1","COc1cc(OCc2csc(C3(NS(=O)(=O)C(C)(C)C)CCOCC3)n2)c2cc(-c3cn4nc(OC)sc4n3)oc2c1","train"
"CHEMBL3718195","COc1cc(OCc2csc(C3(NC(=O)CNC(=O)OC(C)(C)C)CCOCC3)n2)c2cc(-c3cn4nc(OC)sc4n3)oc2c1","COc1cc(OCc2csc(C3(NC(=O)CNC(=O)OC(C)(C)C)CCOCC3)n2)c2cc(-c3cn4nc(OC)sc4n3)oc2c1","train"
"CHEMBL3716255","COc1cc(OCc2csc(C3(NC(=O)CN(C)C)CCOCC3)n2)c2cc(-c3cn4nc(OC)sc4n3)oc2c1","COc1cc(OCc2csc(C3(NC(=O)CN(C)C)CCOCC3)n2)c2cc(-c3cn4nc(OC)sc4n3)oc2c1","train"
"CHEMBL3717802","COc1cc(OCc2csc(C(C)(C)c3ccccc3)n2)c2cc(-c3cn4nc(OC)sc4n3)oc2c1","COc1cc(OCc2csc(C(C)(C)c3ccccc3)n2)c2cc(-c3cn4nc(OC)sc4n3)oc2c1","train"
"CHEMBL3715659","COc1cc(OCc2csc(C(C)(C)c3ccc(Cl)cc3)n2)c2cc(-c3cn4nc(OC)sc4n3)oc2c1","COc1cc(OCc2csc(C(C)(C)c3ccc(Cl)cc3)n2)c2cc(-c3cn4nc(OC)sc4n3)oc2c1","train"
"CHEMBL3718827","COc1cc(OCc2csc(C3(c4cccnc4)CCC3)n2)c2cc(-c3cn4nc(OC)sc4n3)oc2c1","COc1cc(OCc2csc(C3(c4cccnc4)CCC3)n2)c2cc(-c3cn4nc(OC)sc4n3)oc2c1","train"
"CHEMBL3718220","C=C(c1cncnc1)c1nc(COc2cc(OC)cc3oc(-c4cn5nc(OC)sc5n4)cc23)cs1","C=C(c1cncnc1)c1nc(COc2cc(OC)cc3oc(-c4cn5nc(OC)sc5n4)cc23)cs1","train"
"CHEMBL3715465","COc1nn2cc(-c3cc4c(OCc5csc(-c6ccccc6)n5)cc(F)cc4o3)nc2s1","COc1nn2cc(-c3cc4c(OCc5csc(-c6ccccc6)n5)cc(F)cc4o3)nc2s1","train"
"CHEMBL3715502","CCN(CCC#N)C(=O)c1ccc(-c2nc(COc3cc(F)cc4oc(-c5cn6nc(OC)sc6n5)cc34)cs2)cc1","CCN(CCC#N)C(=O)c1ccc(-c2nc(COc3cc(F)cc4oc(-c5cn6nc(OC)sc6n5)cc34)cs2)cc1","train"
"CHEMBL3717136","COc1nn2cc(-c3cc4c(OCc5csc(-c6ccc(C(=O)NCC(F)(F)F)cc6)n5)cc(F)cc4o3)nc2s1","COc1nn2cc(-c3cc4c(OCc5csc(-c6ccc(C(=O)NCC(F)(F)F)cc6)n5)cc(F)cc4o3)nc2s1","train"
"CHEMBL3715043","COc1nn2cc(-c3cc4c(OCc5csc(-c6ccc(C(=O)N(C)C(C)(C)C)cc6)n5)cc(F)cc4o3)nc2s1","COc1nn2cc(-c3cc4c(OCc5csc(-c6ccc(C(=O)N(C)C(C)(C)C)cc6)n5)cc(F)cc4o3)nc2s1","train"
"CHEMBL3716212","COc1nn2cc(-c3cc4c(OCc5csc(-c6ccc(C(=O)N(C)CC#N)cc6)n5)cc(F)cc4o3)nc2s1","COc1nn2cc(-c3cc4c(OCc5csc(-c6ccc(C(=O)N(C)CC#N)cc6)n5)cc(F)cc4o3)nc2s1","train"
"CHEMBL3719195","COc1nn2cc(-c3cc4c(OCc5csc(-c6ccc(C(=O)N(C)C)cc6)n5)cc(F)cc4o3)nc2s1","COc1nn2cc(-c3cc4c(OCc5csc(-c6ccc(C(=O)N(C)C)cc6)n5)cc(F)cc4o3)nc2s1","train"
"CHEMBL3718829","CNC(=O)c1ccc(-c2nc(COc3cc(F)cc4oc(-c5cn6nc(OC)sc6n5)cc34)c(C)s2)cc1","CNC(=O)c1ccc(-c2nc(COc3cc(F)cc4oc(-c5cn6nc(OC)sc6n5)cc34)c(C)s2)cc1","train"
"CHEMBL3716103","COc1nn2cc(-c3cc4c(OCc5csc(-c6ccccc6)n5)cc(Cl)cc4o3)nc2s1","COc1nn2cc(-c3cc4c(OCc5csc(-c6ccccc6)n5)cc(Cl)cc4o3)nc2s1","train"
"CHEMBL3717785","COc1nn2cc(-c3cc4c(OCc5csc(-c6ccc(Cl)cc6)n5)cc(Cl)cc4o3)nc2s1","COc1nn2cc(-c3cc4c(OCc5csc(-c6ccc(Cl)cc6)n5)cc(Cl)cc4o3)nc2s1","train"
"CHEMBL3718509","COc1nn2cc(-c3cc4c(OCc5csc(-c6cccc(C)c6)n5)cc(Cl)cc4o3)nc2s1","COc1nn2cc(-c3cc4c(OCc5csc(-c6cccc(C)c6)n5)cc(Cl)cc4o3)nc2s1","train"
"CHEMBL3715154","COc1nn2cc(-c3cc4c(OCc5csc(C6(O)CCOCC6)n5)cc(Cl)cc4o3)nc2s1","COc1nn2cc(-c3cc4c(OCc5csc(C6(O)CCOCC6)n5)cc(Cl)cc4o3)nc2s1","train"
"CHEMBL3717546","COc1nn2cc(-c3cc4c(OCc5csc(-c6ccccc6)n5)cccc4o3)nc2s1","COc1nn2cc(-c3cc4c(OCc5csc(-c6ccccc6)n5)cccc4o3)nc2s1","train"
"CHEMBL3715685","COc1cc(OCc2csc(-c3ccccc3)n2)c2cc(-c3cn4nc([C@H](C)F)sc4n3)oc2c1","COc1cc(OCc2csc(-c3ccccc3)n2)c2cc(-c3cn4nc([C@H](C)F)sc4n3)oc2c1","train"
"CHEMBL3716819","COc1cc(OCc2csc(N3CCOCC3)n2)c2cc(-c3cn4nc([C@H](C)F)sc4n3)oc2c1","COc1cc(OCc2csc(N3CCOCC3)n2)c2cc(-c3cn4nc([C@H](C)F)sc4n3)oc2c1","train"
"CHEMBL3717182","COc1cc(OCc2csc(-c3ccc(C(=O)N(C)C)cc3)n2)c2cc(-c3cn4nc([C@H](C)F)sc4n3)oc2c1","COc1cc(OCc2csc(-c3ccc(C(=O)N(C)C)cc3)n2)c2cc(-c3cn4nc([C@H](C)F)sc4n3)oc2c1","train"
"CHEMBL3716150","C[C@H](F)c1nn2cc(-c3cc4c(OCc5csc(-c6ccccc6)n5)cc(F)cc4o3)nc2s1","C[C@H](F)c1nn2cc(-c3cc4c(OCc5csc(-c6ccccc6)n5)cc(F)cc4o3)nc2s1","train"
"CHEMBL3715485","COc1cc(OCc2csc(C3(O)CCOCC3)n2)c2cc(-c3cn4nc([C@H](C)F)sc4n3)oc2c1","COc1cc(OCc2csc(C3(O)CCOCC3)n2)c2cc(-c3cn4nc([C@H](C)F)sc4n3)oc2c1","train"
"CHEMBL3715557","COc1cc(OCc2csc(C3(F)CCOCC3)n2)c2cc(-c3cn4nc([C@H](C)F)sc4n3)oc2c1","COc1cc(OCc2csc(C3(F)CCOCC3)n2)c2cc(-c3cn4nc([C@H](C)F)sc4n3)oc2c1","train"
"CHEMBL3715913","COc1cc(OCc2csc(C3(O)CC(C)OC(C)C3)n2)c2cc(-c3cn4nc([C@H](C)F)sc4n3)oc2c1","COc1cc(OCc2csc(C3(O)CC(C)OC(C)C3)n2)c2cc(-c3cn4nc([C@H](C)F)sc4n3)oc2c1","train"
"CHEMBL3715289","COc1cc(OCc2csc(C3(F)CC(C)OC(C)C3)n2)c2cc(-c3cn4nc([C@H](C)F)sc4n3)oc2c1","COc1cc(OCc2csc(C3(F)CC(C)OC(C)C3)n2)c2cc(-c3cn4nc([C@H](C)F)sc4n3)oc2c1","train"
"CHEMBL3715953","COc1cc(OCc2nc(C3(O)CCOCC3)sc2C)c2cc(-c3cn4nc([C@H](C)F)sc4n3)oc2c1","COc1cc(OCc2nc(C3(O)CCOCC3)sc2C)c2cc(-c3cn4nc([C@H](C)F)sc4n3)oc2c1","train"
"CHEMBL3718382","COc1cc(OCc2csc(-c3ccccc3)n2)c2nc(-c3cn4nc(SC)sc4n3)oc2c1","COc1cc(OCc2csc(-c3ccccc3)n2)c2nc(-c3cn4nc(SC)sc4n3)oc2c1","train"
"CHEMBL3717633","CC(F)(F)c1nn2cc(-c3cc4c(OCc5csc(-c6ccccc6)n5)nccc4o3)nc2s1","CC(F)(F)c1nn2cc(-c3cc4c(OCc5csc(-c6ccccc6)n5)nccc4o3)nc2s1","train"
"CHEMBL3717386","COc1cc(OCc2csc(-c3ccccc3)n2)c2cc(-c3cn4nc(C)ccc4n3)oc2c1","COc1cc(OCc2csc(-c3ccccc3)n2)c2cc(-c3cn4nc(C)ccc4n3)oc2c1","train"
"CHEMBL3715716","COc1cc(OCc2csc(C3CCSCC3)n2)c2cc(-c3cn4nc(C)ccc4n3)oc2c1","COc1cc(OCc2csc(C3CCSCC3)n2)c2cc(-c3cn4nc(C)ccc4n3)oc2c1","train"
"CHEMBL3715686","COc1cc(OCc2csc(Br)n2)c2cc(-c3cn4nc(C)ccc4n3)oc2c1","COc1cc(OCc2csc(Br)n2)c2cc(-c3cn4nc(C)ccc4n3)oc2c1","train"
"CHEMBL3716164","COc1cc(OCc2csc(Cl)n2)c2cc(-c3cn4nc(C)ccc4n3)oc2c1","COc1cc(OCc2csc(Cl)n2)c2cc(-c3cn4nc(C)ccc4n3)oc2c1","train"
"CHEMBL3715711","COc1cc(OCc2csc(N3CCN(C)CC3)n2)c2cc(-c3cn4nc(C)ccc4n3)oc2c1","COc1cc(OCc2csc(N3CCN(C)CC3)n2)c2cc(-c3cn4nc(C)ccc4n3)oc2c1","train"
"CHEMBL3718293","COc1cc(OCc2csc(-c3ccc(C(F)(F)F)cc3)n2)c2cc(-c3cn4nc(C)ccc4n3)oc2c1","COc1cc(OCc2csc(-c3ccc(C(F)(F)F)cc3)n2)c2cc(-c3cn4nc(C)ccc4n3)oc2c1","train"
"CHEMBL3716754","COc1cc(OCc2csc(-c3ccc(Cl)cc3)n2)c2cc(-c3cn4nc(C)ccc4n3)oc2c1","COc1cc(OCc2csc(-c3ccc(Cl)cc3)n2)c2cc(-c3cn4nc(C)ccc4n3)oc2c1","train"
"CHEMBL3717407","COc1cc(OCc2csc(-c3ccc(OC(F)(F)F)cc3)n2)c2cc(-c3cn4nc(C)ccc4n3)oc2c1","COc1cc(OCc2csc(-c3ccc(OC(F)(F)F)cc3)n2)c2cc(-c3cn4nc(C)ccc4n3)oc2c1","train"
"CHEMBL3714914","COc1cc(OCc2csc(-c3ccncc3)n2)c2cc(-c3cn4nc(C)ccc4n3)oc2c1","COc1cc(OCc2csc(-c3ccncc3)n2)c2cc(-c3cn4nc(C)ccc4n3)oc2c1","train"
"CHEMBL3715442","COc1cc(OCc2csc(C3(F)CCOCC3)n2)c2cc(-c3cn4nc(C)ccc4n3)oc2c1","COc1cc(OCc2csc(C3(F)CCOCC3)n2)c2cc(-c3cn4nc(C)ccc4n3)oc2c1","train"
"CHEMBL3719070","COc1cc(OCc2csc(C3CCOCC3)n2)c2cc(-c3cn4nc(C)ccc4n3)oc2c1","COc1cc(OCc2csc(C3CCOCC3)n2)c2cc(-c3cn4nc(C)ccc4n3)oc2c1","train"
"CHEMBL3715762","COc1ccc(-c2nc(COc3cc(OC)cc4oc(-c5cn6nc(C)ccc6n5)cc34)cs2)cc1","COc1ccc(-c2nc(COc3cc(OC)cc4oc(-c5cn6nc(C)ccc6n5)cc34)cs2)cc1","train"
"CHEMBL3717931","COc1cc(OCc2csc(N3CCOCC3)n2)c2cc(-c3cn4nc(C)ccc4n3)oc2c1","COc1cc(OCc2csc(N3CCOCC3)n2)c2cc(-c3cn4nc(C)ccc4n3)oc2c1","train"
"CHEMBL3717427","COc1cc(OCc2csc(N3C[C@@H](C)O[C@@H](C)C3)n2)c2cc(-c3cn4nc(C)ccc4n3)oc2c1","COc1cc(OCc2csc(N3C[C@@H](C)O[C@@H](C)C3)n2)c2cc(-c3cn4nc(C)ccc4n3)oc2c1","train"
"CHEMBL3717982","COc1cc(OCc2csc(N3CCSCC3)n2)c2cc(-c3cn4nc(C)ccc4n3)oc2c1","COc1cc(OCc2csc(N3CCSCC3)n2)c2cc(-c3cn4nc(C)ccc4n3)oc2c1","train"
"CHEMBL3714814","COc1cc(OCc2csc(N3CCCOCC3)n2)c2cc(-c3cn4nc(C)ccc4n3)oc2c1","COc1cc(OCc2csc(N3CCCOCC3)n2)c2cc(-c3cn4nc(C)ccc4n3)oc2c1","train"
"CHEMBL3717688","COc1cc(OCc2nc(N3CCOCC3)sc2C(F)(F)F)c2cc(-c3cn4nc(C)ccc4n3)oc2c1","COc1cc(OCc2nc(N3CCOCC3)sc2C(F)(F)F)c2cc(-c3cn4nc(C)ccc4n3)oc2c1","train"
"CHEMBL3717814","COc1cc(OCc2csc(-c3cccc(OC(C)=O)c3)n2)c2cc(-c3cn4nc(C)ccc4n3)oc2c1","COc1cc(OCc2csc(-c3cccc(OC(C)=O)c3)n2)c2cc(-c3cn4nc(C)ccc4n3)oc2c1","train"
"CHEMBL3719053","COc1cc(OCc2csc(-c3cccc(O)c3)n2)c2cc(-c3cn4nc(C)ccc4n3)oc2c1","COc1cc(OCc2csc(-c3cccc(O)c3)n2)c2cc(-c3cn4nc(C)ccc4n3)oc2c1","train"
"CHEMBL3717781","N#Cc1ccc2nc(NC3CC3)c(N3CCN(Cc4cc(Cl)ccc4Cl)CC3)nc2c1","N#Cc1ccc2nc(NC3CC3)c(N3CCN(Cc4cc(Cl)ccc4Cl)CC3)nc2c1","train"
"CHEMBL3715178","Clc1ccc(Cl)c(CN2CCN(c3nc4ncccc4nc3NC3CC3)CC2)c1","Clc1ccc(Cl)c(CN2CCN(c3nc4ncccc4nc3NC3CC3)CC2)c1","train"
"CHEMBL3717860","CS(=O)(=O)c1ccc(C(=O)N2CCN(c3nc4ccccc4nc3NC3CC3)CC2)c(Cl)c1","CS(=O)(=O)c1ccc(C(=O)N2CCN(c3nc4ccccc4nc3NC3CC3)CC2)c(Cl)c1","train"
"CHEMBL3719240","Cc1cc(C(=O)N2CCN(c3nc4ccccc4nc3NC3CC3)CC2)no1","Cc1cc(C(=O)N2CCN(c3nc4ccccc4nc3NC3CC3)CC2)no1","train"
"CHEMBL3716800","c1ccc2nc(N3CCN(Cc4coc5ccccc45)CC3)c(NC3CC3)nc2c1","c1ccc2nc(N3CCN(Cc4coc5ccccc45)CC3)c(NC3CC3)nc2c1","train"
"CHEMBL3716271","Cc1cc(C)c2nc(N3CCN(Cc4cc(Cl)ccc4Cl)CC3)c(NC3CC3)nc2c1","Cc1cc(C)c2nc(N3CCN(Cc4cc(Cl)ccc4Cl)CC3)c(NC3CC3)nc2c1","train"
"CHEMBL3718390","O=S(=O)(c1ccccc1)N1CCN(c2nc3ccccc3nc2NC2CC2)CC1","O=S(=O)(c1ccccc1)N1CCN(c2nc3ccccc3nc2NC2CC2)CC1","train"
"CHEMBL3717670","Fc1ccc(CC2CCN(c3nc4ccncc4nc3NCC(F)F)CC2)c(F)c1","Fc1ccc(CC2CCN(c3nc4ccncc4nc3NCC(F)F)CC2)c(F)c1","train"
"CHEMBL3718147","Fc1ccc(F)c(C(F)C2CCN(c3nc4cnccc4nc3NC3CC3)CC2)c1","Fc1ccc(F)c(C(F)C2CCN(c3nc4cnccc4nc3NC3CC3)CC2)c1","train"
"CHEMBL3716076","Cc1cc2nc(NC3CC3)c(N3CCC([C@H](F)c4cc(F)ccc4F)CC3)nc2cn1","Cc1cc2nc(NC3CC3)c(N3CCC([C@H](F)c4cc(F)ccc4F)CC3)nc2cn1","train"
"CHEMBL3718016","N#Cc1cc2nc(NC3CC3)c(N3CCC(Cc4ccc(F)cc4F)CC3)nc2cn1","N#Cc1cc2nc(NC3CC3)c(N3CCC(Cc4ccc(F)cc4F)CC3)nc2cn1","train"
"CHEMBL3716412","O=C(c1cccc(Cl)c1)C1CCN(c2nc3cnccc3nc2NC2CC2)CC1","O=C(c1cccc(Cl)c1)C1CCN(c2nc3cnccc3nc2NC2CC2)CC1","train"
"CHEMBL3718133","C[C@@H]1CN(Cc2c[nH]nc2-c2cc(C(=O)N(C)C)c[nH]2)CCN1c1ccc(C(F)(F)F)cn1","C[C@@H]1CN(Cc2c[nH]nc2-c2cc(C(=O)N(C)C)c[nH]2)CCN1c1ccc(C(F)(F)F)cn1","train"
"CHEMBL3719384","C[C@@H]1CN(Cc2c[nH]nc2-c2cc(C(=O)NCCO)c[nH]2)CCN1c1ccc(C(F)(F)F)cn1","C[C@@H]1CN(Cc2c[nH]nc2-c2cc(C(=O)NCCO)c[nH]2)CCN1c1ccc(C(F)(F)F)cn1","train"
"CHEMBL3719205","CC(O)CNC(=O)c1c[nH]c(-c2n[nH]cc2CN2CCN(c3ccc(C(F)(F)F)cn3)[C@H](C)C2)c1","CC(O)CNC(=O)c1c[nH]c(-c2n[nH]cc2CN2CCN(c3ccc(C(F)(F)F)cn3)[C@H](C)C2)c1","train"
"CHEMBL3715397","C[C@@H]1CN(Cc2c[nH]nc2-c2c[nH]c3ncccc23)CCN1c1ccc(C(F)(F)F)cn1","C[C@@H]1CN(Cc2c[nH]nc2-c2c[nH]c3ncccc23)CCN1c1ccc(C(F)(F)F)cn1","train"
"CHEMBL3717955","C[C@@H]1CN(Cc2c[nH]nc2-c2cc(C(=O)N[C@@H](C)CO)c[nH]2)CCN1c1ccc(C(F)(F)F)cn1","C[C@@H]1CN(Cc2c[nH]nc2-c2cc(C(=O)N[C@@H](C)CO)c[nH]2)CCN1c1ccc(C(F)(F)F)cn1","train"
"CHEMBL3717601","CC(=O)N1CC=C(c2n[nH]cc2CN2CCN(c3ccc(C(F)(F)F)cn3)[C@H](C)C2)CC1","CC(=O)N1CC=C(c2n[nH]cc2CN2CCN(c3ccc(C(F)(F)F)cn3)[C@H](C)C2)CC1","train"
"CHEMBL3718082","C[C@@H]1CN(Cc2c[nH]nc2C2CCNCC2)CCN1c1ccc(C(F)(F)F)cn1","C[C@@H]1CN(Cc2c[nH]nc2C2CCNCC2)CCN1c1ccc(C(F)(F)F)cn1","train"
"CHEMBL3718732","C[C@@H]1CN(Cc2c[nH]nc2C2CCN(C=O)CC2)CCN1c1ccc(C(F)(F)F)cn1","C[C@@H]1CN(Cc2c[nH]nc2C2CCN(C=O)CC2)CCN1c1ccc(C(F)(F)F)cn1","train"
"CHEMBL3717720","C[C@@H]1CN(Cc2c[nH]nc2/C=C2\NC(=N)NC2=O)CCN1c1ccc(C(F)(F)F)cn1","C[C@@H]1CN(Cc2c[nH]nc2/C=C2\NC(=N)NC2=O)CCN1c1ccc(C(F)(F)F)cn1","train"
"CHEMBL3718171","NC(=O)c1c[nH]c(-c2n[nH]cc2CN2CCN(c3ccc(C(F)(F)F)cn3)[C@H](C(F)(F)F)C2)c1","NC(=O)c1c[nH]c(-c2n[nH]cc2CN2CCN(c3ccc(C(F)(F)F)cn3)[C@H](C(F)(F)F)C2)c1","train"
"CHEMBL3716533","C[C@@H]1CN(Cc2c[nH]nc2-c2cc(C(=O)O)co2)CCN1c1ccc(C(F)(F)F)cn1","C[C@@H]1CN(Cc2c[nH]nc2-c2cc(C(=O)O)co2)CCN1c1ccc(C(F)(F)F)cn1","train"
"CHEMBL3717960","C[C@@H]1CN(Cc2c[nH]nc2-c2cc(C(N)=O)co2)CCN1c1ccc(C(F)(F)F)cn1","C[C@@H]1CN(Cc2c[nH]nc2-c2cc(C(N)=O)co2)CCN1c1ccc(C(F)(F)F)cn1","train"
"CHEMBL3717851","C[C@@H]1CN(Cc2c[nH]nc2C2=CCN(C(=O)CCO)CC2)CCN1c1ccc(C(F)(F)F)cn1","C[C@@H]1CN(Cc2c[nH]nc2C2=CCN(C(=O)CCO)CC2)CCN1c1ccc(C(F)(F)F)cn1","train"
"CHEMBL3717458","C[C@@H]1CN(Cc2c[nH]nc2-c2cc3ccccc3[nH]2)CCN1c1ccc(C(F)(F)F)cn1","C[C@@H]1CN(Cc2c[nH]nc2-c2cc3ccccc3[nH]2)CCN1c1ccc(C(F)(F)F)cn1","train"
"CHEMBL3717652","C[C@@H]1CN(Cc2c[nH]nc2C2=CCNCC2)CCN1c1ccc(C(F)(F)F)cn1","C[C@@H]1CN(Cc2c[nH]nc2C2=CCNCC2)CCN1c1ccc(C(F)(F)F)cn1","train"
"CHEMBL3718674","C[C@@H]1CN(Cc2c[nH]nc2C2=CCN(C=O)CC2)CCN1c1ccc(C(F)(F)F)cn1","C[C@@H]1CN(Cc2c[nH]nc2C2=CCN(C=O)CC2)CCN1c1ccc(C(F)(F)F)cn1","train"
"CHEMBL3718351","C[C@@H]1CN(Cc2c[nH]nc2-c2nc(C(F)(F)F)c[nH]2)CCN1c1ccc(C(F)(F)F)cn1","C[C@@H]1CN(Cc2c[nH]nc2-c2nc(C(F)(F)F)c[nH]2)CCN1c1ccc(C(F)(F)F)cn1","train"
"CHEMBL3714944","C[C@@H]1CN(Cc2c[nH]nc2-c2nc(C(=N)N)c[nH]2)CCN1c1ccc(C(F)(F)F)cn1","C[C@@H]1CN(Cc2c[nH]nc2-c2nc(C(=N)N)c[nH]2)CCN1c1ccc(C(F)(F)F)cn1","train"
"CHEMBL3719020","C[C@@H]1CN(Cc2c[nH]nc2-c2nc(C#N)c[nH]2)CCN1c1ccc(C(F)(F)F)cn1","C[C@@H]1CN(Cc2c[nH]nc2-c2nc(C#N)c[nH]2)CCN1c1ccc(C(F)(F)F)cn1","train"
"CHEMBL3714907","C[C@@H]1CN(Cc2c[nH]nc2-c2nc(C(N)=O)c[nH]2)CCN1c1ccc(C(F)(F)F)cn1","C[C@@H]1CN(Cc2c[nH]nc2-c2nc(C(N)=O)c[nH]2)CCN1c1ccc(C(F)(F)F)cn1","train"
"CHEMBL3717015","C[C@@H]1CN(Cc2c[nH]nc2-c2nc3cnccc3[nH]2)CCN1c1ccc(C(F)(F)F)cn1","C[C@@H]1CN(Cc2c[nH]nc2-c2nc3cnccc3[nH]2)CCN1c1ccc(C(F)(F)F)cn1","train"
"CHEMBL3716075","C[C@@H]1CN(Cc2c[nH]nc2/C=C2\NC(=O)NC2=O)CCN1c1ccc(C(F)(F)F)cn1","C[C@@H]1CN(Cc2c[nH]nc2/C=C2\NC(=O)NC2=O)CCN1c1ccc(C(F)(F)F)cn1","train"
"CHEMBL3717339","C[C@@H]1CN(Cc2c[nH]nc2C(=O)Nc2ccncc2)CCN1c1ccc(C(F)(F)F)cn1","C[C@@H]1CN(Cc2c[nH]nc2C(=O)Nc2ccncc2)CCN1c1ccc(C(F)(F)F)cn1","train"
"CHEMBL3715382","C[C@@H]1CN(Cc2n[nH]nc2-c2ccc(C#N)cc2)CCN1c1ccc(C(F)(F)F)cn1","C[C@@H]1CN(Cc2n[nH]nc2-c2ccc(C#N)cc2)CCN1c1ccc(C(F)(F)F)cn1","train"
"CHEMBL3716689","C[C@@H]1CN(Cc2c[nH]nc2-c2cc(C#N)c[nH]2)CCN1c1ccc(C(F)(F)F)cn1","C[C@@H]1CN(Cc2c[nH]nc2-c2cc(C#N)c[nH]2)CCN1c1ccc(C(F)(F)F)cn1","train"
"CHEMBL3716756","C[C@@H]1CN(Cc2c[nH]nc2-c2cc(C(N)=O)c[nH]2)CCN1c1ccc(C(F)(F)F)cn1","C[C@@H]1CN(Cc2c[nH]nc2-c2cc(C(N)=O)c[nH]2)CCN1c1ccc(C(F)(F)F)cn1","train"
"CHEMBL3715076","CNC(=O)c1c[nH]c(-c2n[nH]cc2CN2CCN(c3ccc(C(F)(F)F)cn3)[C@H](C)C2)c1","CNC(=O)c1c[nH]c(-c2n[nH]cc2CN2CCN(c3ccc(C(F)(F)F)cn3)[C@H](C)C2)c1","train"
"CHEMBL3718688","C[C@@H]1CN(Cc2c[nH]nc2-c2ccc(C#N)[nH]2)CCN1c1ccc(C(F)(F)F)cn1","C[C@@H]1CN(Cc2c[nH]nc2-c2ccc(C#N)[nH]2)CCN1c1ccc(C(F)(F)F)cn1","train"
"CHEMBL3719277","C[C@@H]1CN(Cc2c[nH]nc2-c2ccc(C(N)=O)[nH]2)CCN1c1ccc(C(F)(F)F)cn1","C[C@@H]1CN(Cc2c[nH]nc2-c2ccc(C(N)=O)[nH]2)CCN1c1ccc(C(F)(F)F)cn1","train"
"CHEMBL3718882","C[C@@H]1CN(Cc2c[nH]nc2-c2c[nH]c(C#N)c2)CCN1c1ccc(C(F)(F)F)cn1","C[C@@H]1CN(Cc2c[nH]nc2-c2c[nH]c(C#N)c2)CCN1c1ccc(C(F)(F)F)cn1","train"
"CHEMBL3718777","C[C@@H]1CN(Cc2c[nH]nc2-c2c[nH]c(C(N)=O)c2)CCN1c1ccc(C(F)(F)F)cn1","C[C@@H]1CN(Cc2c[nH]nc2-c2c[nH]c(C(N)=O)c2)CCN1c1ccc(C(F)(F)F)cn1","train"
"CHEMBL3716789","CC/C(=C\CC[C@H](C)C[C@@H](C)CC[C@H](O)[C@H](C)C(=O)C[C@@H](O)[C@H](C)[C@@H](C)OC(=O)C[C@@H](O)C1=C(C)C(=O)OC1=O)C(O)CC(=O)O","CC/C(=C\CC[C@H](C)C[C@@H](C)CC[C@H](O)[C@H](C)C(=O)C[C@@H](O)[C@H](C)[C@@H](C)OC(=O)C[C@@H](O)C1=C(C)C(=O)OC1=O)C(O)CC(=O)O","train"
"CHEMBL3718369","CCC(/C=C/C(=O)O)=C\CC[C@H](C)C[C@@H](C)CC[C@H](O)[C@H](C)C(=O)C[C@@H](O)[C@H](C)[C@@H](C)OC(=O)C[C@@H](O)C1=C(C)C(=O)OC1=O","CCC(/C=C/C(=O)O)=C\CC[C@H](C)C[C@@H](C)CC[C@H](O)[C@H](C)C(=O)C[C@@H](O)[C@H](C)[C@@H](C)OC(=O)C[C@@H](O)C1=C(C)C(=O)OC1=O","train"
"CHEMBL3718785","CCC(/C=C/C(=O)O)=C\[C@@H](O)C[C@H](C)C[C@@H](C)CC[C@H](O)[C@H](C)C(=O)C[C@@H](O)[C@H](C)[C@@H](C)OC(=O)C[C@@H](O)C1=C(C)C(=O)OC1=O","CCC(/C=C/C(=O)O)=C\[C@@H](O)C[C@H](C)C[C@@H](C)CC[C@H](O)[C@H](C)C(=O)C[C@@H](O)[C@H](C)[C@@H](C)OC(=O)C[C@@H](O)C1=C(C)C(=O)OC1=O","train"
"CHEMBL3719114","CCC(/C=C/C(=O)O)=C\[C@H](O)C[C@H](C)C[C@@H](C)CC[C@H](O)[C@H](C)C(=O)C[C@@H](O)[C@H](C)[C@@H](C)OC(=O)C[C@@H](O)C1=C(C)C(=O)OC1=O","CCC(/C=C/C(=O)O)=C\[C@H](O)C[C@H](C)C[C@@H](C)CC[C@H](O)[C@H](C)C(=O)C[C@@H](O)[C@H](C)[C@@H](C)OC(=O)C[C@@H](O)C1=C(C)C(=O)OC1=O","train"
"CHEMBL3717288","C[C@H]1CCCN1c1nc2cc(C(=O)O)ccc2nc1-c1ccc(F)cc1","C[C@H]1CCCN1c1nc2cc(C(=O)O)ccc2nc1-c1ccc(F)cc1","train"
"CHEMBL3716286","O=C(O)c1ccc2nc(-c3ccc(F)cc3)c(N3CCCCC3)nc2c1","O=C(O)c1ccc2nc(-c3ccc(F)cc3)c(N3CCCCC3)nc2c1","train"
"CHEMBL3716168","O=C(O)c1ccc2nc(-c3ccc(F)cc3)c(N3CCCCCC3)nc2c1","O=C(O)c1ccc2nc(-c3ccc(F)cc3)c(N3CCCCCC3)nc2c1","train"
"CHEMBL3718046","COCC1CCCN(c2nc3cc(C(=O)O)ccc3nc2-c2ccc(F)cc2)C1","COCC1CCCN(c2nc3cc(C(=O)O)ccc3nc2-c2ccc(F)cc2)C1","train"
"CHEMBL3716684","CC1(C)CCCN(c2nc3cc(C(=O)O)ccc3nc2-c2ccc(F)cc2)C1","CC1(C)CCCN(c2nc3cc(C(=O)O)ccc3nc2-c2ccc(F)cc2)C1","train"
"CHEMBL3718820","CC1CCCN(c2nc3cc(C(=O)O)ccc3nc2-c2ccc(F)cc2)C1","CC1CCCN(c2nc3cc(C(=O)O)ccc3nc2-c2ccc(F)cc2)C1","train"
"CHEMBL3715350","CC(C)N(C)c1nc2cc(C(=O)O)ccc2nc1-c1ccc2c(c1)OCCO2","CC(C)N(C)c1nc2cc(C(=O)O)ccc2nc1-c1ccc2c(c1)OCCO2","train"
"CHEMBL3716633","C[C@H]1CCCN1c1nc2cc(C(=O)O)ccc2nc1-c1ccc2c(c1)OCO2","C[C@H]1CCCN1c1nc2cc(C(=O)O)ccc2nc1-c1ccc2c(c1)OCO2","train"
"CHEMBL3715282","CC(C)N(C)c1nc2cc(C(=O)O)ccc2nc1-c1ccc2[nH]ccc2c1","CC(C)N(C)c1nc2cc(C(=O)O)ccc2nc1-c1ccc2[nH]ccc2c1","train"
"CHEMBL3716887","CC(C)N(C)c1nc2cc(C(=O)O)ccc2nc1-c1ccc2nccn2c1","CC(C)N(C)c1nc2cc(C(=O)O)ccc2nc1-c1ccc2nccn2c1","train"
"CHEMBL3715961","O=C1CN(c2nc3cc(C(=O)O)ccc3nc2-c2ccc(F)cc2)CCN1","O=C1CN(c2nc3cc(C(=O)O)ccc3nc2-c2ccc(F)cc2)CCN1","train"
"CHEMBL3714798","CN(c1nc2cc(C(=O)O)ccc2nc1-c1ccc(F)cc1)C1CCNCC1","CN(c1nc2cc(C(=O)O)ccc2nc1-c1ccc(F)cc1)C1CCNCC1","train"
"CHEMBL3718529","CN(c1nc2cc(C(=O)O)ccc2nc1-c1ccc(F)cc1)C1CCOCC1","CN(c1nc2cc(C(=O)O)ccc2nc1-c1ccc(F)cc1)C1CCOCC1","train"
"CHEMBL3718696","CN(c1nc2cc(C(=O)O)ccc2nc1-c1ccc(F)cc1)C1CCCC1","CN(c1nc2cc(C(=O)O)ccc2nc1-c1ccc(F)cc1)C1CCCC1","train"
"CHEMBL3716215","Cc1ccc(-c2nc3ccc(C(=O)O)cc3nc2N(C)C(C)C)s1","Cc1ccc(-c2nc3ccc(C(=O)O)cc3nc2N(C)C(C)C)s1","train"
"CHEMBL3715236","CC(C)N(C)c1nc2cc(C(=O)O)ccc2nc1-c1cccs1","CC(C)N(C)c1nc2cc(C(=O)O)ccc2nc1-c1cccs1","train"
"CHEMBL3715790","CC(=O)N(C)C1CCN(c2nc3cc(C(=O)O)ccc3nc2-c2ccc(F)cc2)CC1","CC(=O)N(C)C1CCN(c2nc3cc(C(=O)O)ccc3nc2-c2ccc(F)cc2)CC1","train"
"CHEMBL3715021","CCc1sc(N2CCOCC2)nc1COc1cc(OC)cc2oc(-c3cn4nc(C)ccc4n3)cc12","CCc1sc(N2CCOCC2)nc1COc1cc(OC)cc2oc(-c3cn4nc(C)ccc4n3)cc12","train"
"CHEMBL3717115","COc1cc(OCc2csc(-c3ccc(C(=O)N(C)C)cc3)n2)c2cc(-c3cn4nc(C)ccc4n3)oc2c1","COc1cc(OCc2csc(-c3ccc(C(=O)N(C)C)cc3)n2)c2cc(-c3cn4nc(C)ccc4n3)oc2c1","train"
"CHEMBL3718629","COc1cc(OCc2csc(-c3ccc(C#N)cc3)n2)c2cc(-c3cn4nc(C)ccc4n3)oc2c1","COc1cc(OCc2csc(-c3ccc(C#N)cc3)n2)c2cc(-c3cn4nc(C)ccc4n3)oc2c1","train"
"CHEMBL3716211","COc1cc(OCc2nc(-c3ccc(C(=O)N(C)C)cc3)sc2C)c2cc(-c3cn4nc(C)ccc4n3)oc2c1","COc1cc(OCc2nc(-c3ccc(C(=O)N(C)C)cc3)sc2C)c2cc(-c3cn4nc(C)ccc4n3)oc2c1","train"
"CHEMBL3717915","COc1cc(OCc2csc(-c3ccc(COC(C)=O)cc3)n2)c2cc(-c3cn4nc(C)ccc4n3)oc2c1","COc1cc(OCc2csc(-c3ccc(COC(C)=O)cc3)n2)c2cc(-c3cn4nc(C)ccc4n3)oc2c1","train"
"CHEMBL3718801","COc1cc(OCc2nc(-c3ccnc(F)c3)sc2C)c2cc(-c3cn4nc(C)ccc4n3)oc2c1","COc1cc(OCc2nc(-c3ccnc(F)c3)sc2C)c2cc(-c3cn4nc(C)ccc4n3)oc2c1","train"
"CHEMBL3715479","COc1cc(OCc2csc(-c3ccc(F)nc3)n2)c2cc(-c3cn4nc(C)ccc4n3)oc2c1","COc1cc(OCc2csc(-c3ccc(F)nc3)n2)c2cc(-c3cn4nc(C)ccc4n3)oc2c1","train"
"CHEMBL3719230","COc1cc(OCc2nc(-c3cccc(COC(C)=O)c3)sc2C)c2cc(-c3cn4nc(C)ccc4n3)oc2c1","COc1cc(OCc2nc(-c3cccc(COC(C)=O)c3)sc2C)c2cc(-c3cn4nc(C)ccc4n3)oc2c1","train"
"CHEMBL3719105","COc1cc(OCc2nc(-c3cccc(CO)c3)sc2C)c2cc(-c3cn4nc(C)ccc4n3)oc2c1","COc1cc(OCc2nc(-c3cccc(CO)c3)sc2C)c2cc(-c3cn4nc(C)ccc4n3)oc2c1","train"
"CHEMBL3715545","COc1cc(OCc2csc(-c3ccc(C)nc3)n2)c2cc(-c3cn4nc(C)ccc4n3)oc2c1","COc1cc(OCc2csc(-c3ccc(C)nc3)n2)c2cc(-c3cn4nc(C)ccc4n3)oc2c1","train"
"CHEMBL3718063","COc1cc(OCc2csc(-c3ccc(Cl)nc3)n2)c2cc(-c3cn4nc(C)ccc4n3)oc2c1","COc1cc(OCc2csc(-c3ccc(Cl)nc3)n2)c2cc(-c3cn4nc(C)ccc4n3)oc2c1","train"
"CHEMBL3718689","COc1cc(OCc2csc(-c3ccc(S(C)(=O)=O)cc3)n2)c2cc(-c3cn4nc(C)ccc4n3)oc2c1","COc1cc(OCc2csc(-c3ccc(S(C)(=O)=O)cc3)n2)c2cc(-c3cn4nc(C)ccc4n3)oc2c1","train"
"CHEMBL3717467","COc1cc(OCc2csc(N3CCC(F)(F)CC3)n2)c2cc(-c3cn4nc(C)ccc4n3)oc2c1","COc1cc(OCc2csc(N3CCC(F)(F)CC3)n2)c2cc(-c3cn4nc(C)ccc4n3)oc2c1","train"
"CHEMBL3714777","COc1cc(OCc2csc(N3CCN(S(C)(=O)=O)CC3)n2)c2cc(-c3cn4nc(C)ccc4n3)oc2c1","COc1cc(OCc2csc(N3CCN(S(C)(=O)=O)CC3)n2)c2cc(-c3cn4nc(C)ccc4n3)oc2c1","train"
"CHEMBL3716435","COc1cc(OCc2csc(N3CCN(S(=O)(=O)c4ccc(C#N)cc4)CC3)n2)c2cc(-c3cn4nc(C)ccc4n3)oc2c1","COc1cc(OCc2csc(N3CCN(S(=O)(=O)c4ccc(C#N)cc4)CC3)n2)c2cc(-c3cn4nc(C)ccc4n3)oc2c1","train"
"CHEMBL3715038","COc1cc(OCc2csc(C3CCC(F)(F)CC3)n2)c2cc(-c3cn4nc(C)ccc4n3)oc2c1","COc1cc(OCc2csc(C3CCC(F)(F)CC3)n2)c2cc(-c3cn4nc(C)ccc4n3)oc2c1","train"
"CHEMBL3714932","COc1cc(OCc2csc(C3(c4cccc(Cl)c4)CCOCC3)n2)c2cc(-c3cn4nc(C)ccc4n3)oc2c1","COc1cc(OCc2csc(C3(c4cccc(Cl)c4)CCOCC3)n2)c2cc(-c3cn4nc(C)ccc4n3)oc2c1","train"
"CHEMBL3718885","COc1cc(OCc2csc(C3(c4ccc(Cl)cc4)CCOC3)n2)c2cc(-c3cn4nc(C)ccc4n3)oc2c1","COc1cc(OCc2csc(C3(c4ccc(Cl)cc4)CCOC3)n2)c2cc(-c3cn4nc(C)ccc4n3)oc2c1","train"
"CHEMBL3719044","COc1cc(OCc2csc(C3(c4ccc(C)cc4)CCOCC3)n2)c2cc(-c3cn4nc(C)ccc4n3)oc2c1","COc1cc(OCc2csc(C3(c4ccc(C)cc4)CCOCC3)n2)c2cc(-c3cn4nc(C)ccc4n3)oc2c1","train"
"CHEMBL3715042","COc1cc(OCc2csc(N3CCN(CCO)CC3)n2)c2cc(-c3cn4nc(C)ccc4n3)oc2c1","COc1cc(OCc2csc(N3CCN(CCO)CC3)n2)c2cc(-c3cn4nc(C)ccc4n3)oc2c1","train"
"CHEMBL3717199","COc1cc(OCc2csc(NCCN3CCOCC3)n2)c2cc(-c3cn4nc(C)ccc4n3)oc2c1","COc1cc(OCc2csc(NCCN3CCOCC3)n2)c2cc(-c3cn4nc(C)ccc4n3)oc2c1","train"
"CHEMBL3717529","COc1cc(OCc2csc(NCc3cccnc3)n2)c2cc(-c3cn4nc(C)ccc4n3)oc2c1","COc1cc(OCc2csc(NCc3cccnc3)n2)c2cc(-c3cn4nc(C)ccc4n3)oc2c1","train"
"CHEMBL3719181","COCCN(CCOC)c1nc(COc2cc(OC)cc3oc(-c4cn5nc(C)ccc5n4)cc23)cs1","COCCN(CCOC)c1nc(COc2cc(OC)cc3oc(-c4cn5nc(C)ccc5n4)cc23)cs1","train"
"CHEMBL3718641","COc1cc(OCc2csc(N3CCN(c4cnccn4)CC3)n2)c2cc(-c3cn4nc(C)ccc4n3)oc2c1","COc1cc(OCc2csc(N3CCN(c4cnccn4)CC3)n2)c2cc(-c3cn4nc(C)ccc4n3)oc2c1","train"
"CHEMBL3716324","COc1cc(OCc2csc(Nc3cccc(N(C)C)c3)n2)c2cc(-c3cn4nc(C)ccc4n3)oc2c1","COc1cc(OCc2csc(Nc3cccc(N(C)C)c3)n2)c2cc(-c3cn4nc(C)ccc4n3)oc2c1","train"
"CHEMBL3716524","COc1cc(OCc2csc(N(C)CCO)n2)c2cc(-c3cn4nc(C)ccc4n3)oc2c1","COc1cc(OCc2csc(N(C)CCO)n2)c2cc(-c3cn4nc(C)ccc4n3)oc2c1","train"
"CHEMBL3717327","COc1cc(OCc2csc(N(C)CCC#N)n2)c2cc(-c3cn4nc(C)ccc4n3)oc2c1","COc1cc(OCc2csc(N(C)CCC#N)n2)c2cc(-c3cn4nc(C)ccc4n3)oc2c1","train"
"CHEMBL3716189","COCCNc1nc(COc2cc(OC)cc3oc(-c4cn5nc(C)ccc5n4)cc23)cs1","COCCNc1nc(COc2cc(OC)cc3oc(-c4cn5nc(C)ccc5n4)cc23)cs1","train"
"CHEMBL3716035","COc1cc(OCc2csc(N3CCC(N(C)C)CC3)n2)c2cc(-c3cn4nc(C)ccc4n3)oc2c1","COc1cc(OCc2csc(N3CCC(N(C)C)CC3)n2)c2cc(-c3cn4nc(C)ccc4n3)oc2c1","train"
"CHEMBL3717842","COc1cc(OCc2csc(N3CC[C@@H](O)C3)n2)c2cc(-c3cn4nc(C)ccc4n3)oc2c1","COc1cc(OCc2csc(N3CC[C@@H](O)C3)n2)c2cc(-c3cn4nc(C)ccc4n3)oc2c1","train"
"CHEMBL3715333","COc1cc(OCc2csc(NC(C)C)n2)c2cc(-c3cn4nc(C)ccc4n3)oc2c1","COc1cc(OCc2csc(NC(C)C)n2)c2cc(-c3cn4nc(C)ccc4n3)oc2c1","train"
"CHEMBL3716564","COc1cc(OCc2csc(N3CCC(C)CC3)n2)c2cc(-c3cn4nc(C)ccc4n3)oc2c1","COc1cc(OCc2csc(N3CCC(C)CC3)n2)c2cc(-c3cn4nc(C)ccc4n3)oc2c1","train"
"CHEMBL3718333","COc1cc(OCc2csc(Nc3cccc(C#N)c3)n2)c2cc(-c3cn4nc(C)ccc4n3)oc2c1","COc1cc(OCc2csc(Nc3cccc(C#N)c3)n2)c2cc(-c3cn4nc(C)ccc4n3)oc2c1","train"
"CHEMBL3716687","COc1cc(OCc2csc(Nc3ccc4[nH]ccc4c3)n2)c2cc(-c3cn4nc(C)ccc4n3)oc2c1","COc1cc(OCc2csc(Nc3ccc4[nH]ccc4c3)n2)c2cc(-c3cn4nc(C)ccc4n3)oc2c1","train"
"CHEMBL3716572","COc1cc(OCc2csc(N3CCN(c4ccccn4)CC3)n2)c2cc(-c3cn4nc(C)ccc4n3)oc2c1","COc1cc(OCc2csc(N3CCN(c4ccccn4)CC3)n2)c2cc(-c3cn4nc(C)ccc4n3)oc2c1","train"
"CHEMBL4077589","COc1ccc(-c2c(Nc3ccc(OCCN4CCN(C)CC4)cc3)c3ccc(OC)cc3oc2=O)cc1","COc1ccc(-c2c(Nc3ccc(OCCN4CCN(C)CC4)cc3)c3ccc(OC)cc3oc2=O)cc1","train"
"CHEMBL4077591","[2H]C([2H])([2H])Oc1ccc2[nH]cc3c(=O)n(-c4ccccc4OC([2H])([2H])[2H])nc-3c2c1","[2H]C([2H])([2H])Oc1ccc2[nH]cc3c(=O)n(-c4ccccc4OC([2H])([2H])[2H])nc-3c2c1","train"
"CHEMBL4077592","O=C(COc1ccc(C(=O)Nc2ccc(Cl)cc2)cc1)NCc1ccc(OP(=O)(O)O)c(OP(=O)(O)O)c1","O=C(COc1ccc(C(=O)Nc2ccc(Cl)cc2)cc1)NCc1ccc(OP(=O)(O)O)c(OP(=O)(O)O)c1","train"
"CHEMBL4077594","Cc1cc(COc2ccc(S(=O)(=O)N(C)[C@H]3CCCC[C@@H]3C(=O)NO)cc2)c2ccccc2n1","Cc1cc(COc2ccc(S(=O)(=O)N(C)[C@H]3CCCC[C@@H]3C(=O)NO)cc2)c2ccccc2n1","train"
"CHEMBL4077596","Fc1cccc(F)c1-c1cncn1-c1ccc(Cl)cc1","Fc1cccc(F)c1-c1cncn1-c1ccc(Cl)cc1","train"
"CHEMBL4077598","Cc1cc(Nc2cccc(Cl)c2C)nc(N)n1","Cc1cc(Nc2cccc(Cl)c2C)nc(N)n1","train"
"CHEMBL4077599","O=C(O)c1cc(CCc2c(F)cccc2F)cc(C(=O)O)c1","O=C(O)c1cc(CCc2c(F)cccc2F)cc(C(=O)O)c1","train"
"CHEMBL4077601","CC(C)=CCc1cc2c(cc1O)OCC(c1ccc(O)c3c1OC(C)(C)C=C3)=C2","CC(C)=CCc1cc2c(cc1O)OCC(c1ccc(O)c3c1OC(C)(C)C=C3)=C2","train"
"CHEMBL4077602","CNC(=O)c1ccc2c(c1)C(=O)c1ccc(Nc3ccc(F)c(NC(=O)c4ccccc4)c3)cc1CC2","CNC(=O)c1ccc2c(c1)C(=O)c1ccc(Nc3ccc(F)c(NC(=O)c4ccccc4)c3)cc1CC2","train"
"CHEMBL4077603","COc1cccc(-n2nnc(-c3ccccc3NC(=O)c3ccc(NC(C)=O)cc3)n2)c1","COc1cccc(-n2nnc(-c3ccccc3NC(=O)c3ccc(NC(C)=O)cc3)n2)c1","train"
"CHEMBL4077604","Cc1cc(O)c(C)c2c1CC[C@@H]([C@@H](C)C(=O)Nc1ccc(CC#N)cc1)C2","Cc1cc(O)c(C)c2c1CC[C@@H]([C@@H](C)C(=O)Nc1ccc(CC#N)cc1)C2","train"
"CHEMBL4077606","C[C@]12C[C@@H](O)[C@H]3[C@@H](CC[C@]4(O)C[C@@H](O)C[C@@H](O)[C@]34CO)[C@@]1(O)CC[C@@H]2c1cn(Cc2ccc(Cl)cc2)nn1","C[C@]12C[C@@H](O)[C@H]3[C@@H](CC[C@]4(O)C[C@@H](O)C[C@@H](O)[C@]34CO)[C@@]1(O)CC[C@@H]2c1cn(Cc2ccc(Cl)cc2)nn1","train"
"CHEMBL4077607","COc1cc(C)[nH]c(=O)c1CN1CCc2c(Cl)cc([C@@H](O)C3COC3)c(Cl)c2C1=O","COc1cc(C)[nH]c(=O)c1CN1CCc2c(Cl)cc([C@@H](O)C3COC3)c(Cl)c2C1=O","train"
"CHEMBL4077608","FC(F)(F)c1nnc(NC(=S)Nc2ccc3ncnc(Nc4cccc(Cl)c4)c3c2)s1","FC(F)(F)c1nnc(NC(=S)Nc2ccc3ncnc(Nc4cccc(Cl)c4)c3c2)s1","train"
"CHEMBL4077609","O[C@H]1CC[C@H](Oc2ccc(-c3ccn4c(CC5CC5)nnc4c3C(F)(F)F)cc2Cl)CC1","O[C@H]1CC[C@H](Oc2ccc(-c3ccn4c(CC5CC5)nnc4c3C(F)(F)F)cc2Cl)CC1","train"
"CHEMBL4077610","C=C[C@H]1CNC(=O)[C@@H]2CCC[C@H]1N2S(=O)(=O)c1cc(Cl)cc(Cl)c1","C=C[C@H]1CNC(=O)[C@@H]2CCC[C@H]1N2S(=O)(=O)c1cc(Cl)cc(Cl)c1","train"
"CHEMBL4077611","Cc1ccc2cc(C(=O)Nc3cc(N(C)C(=O)c4ccc5c(c4)OCCO5)ccc3C)ccc2n1","Cc1ccc2cc(C(=O)Nc3cc(N(C)C(=O)c4ccc5c(c4)OCCO5)ccc3C)ccc2n1","train"
"CHEMBL4077612","CCCCn1c(=O)c2ccccc2c2cc(OC(=O)N3CCOCC3)ccc21","CCCCn1c(=O)c2ccccc2c2cc(OC(=O)N3CCOCC3)ccc21","train"
"CHEMBL4077614","CN(c1ncnc2[nH]ccc12)[C@H]1C[C@@H](NS(=O)(=O)N2CCCCC2)C1","CN(c1ncnc2[nH]ccc12)[C@H]1C[C@@H](NS(=O)(=O)N2CCCCC2)C1","train"
"CHEMBL4077616","CC[C@H](C)OC(=O)C(C)(C)NP(=O)(OC[C@H]1O[C@@H](c2cnc3c(N)ncnn23)[C@](C)(F)[C@@H]1O)Oc1ccccc1","CC[C@H](C)OC(=O)C(C)(C)NP(=O)(OC[C@H]1O[C@@H](c2cnc3c(N)ncnn23)[C@](C)(F)[C@@H]1O)Oc1ccccc1","train"
"CHEMBL4077618","Cc1c(NC(=O)c2ccc(C(C)(C)C)cc2)cccc1-c1cc(Nc2ccc(C(=O)N3CCOCC3)c(NC(=O)CCl)c2)c(=O)n(C)c1","Cc1c(NC(=O)c2ccc(C(C)(C)C)cc2)cccc1-c1cc(Nc2ccc(C(=O)N3CCOCC3)c(NC(=O)CCl)c2)c(=O)n(C)c1","train"
"CHEMBL4077619","Cn1c(=O)n(C)c2cc(N3C(=O)c4cccc5cccc(c45)C3=O)ccc21","Cn1c(=O)n(C)c2cc(N3C(=O)c4cccc5cccc(c45)C3=O)ccc21","train"
"CHEMBL4077620","O=C(O)c1ccc(-n2cc(/C=N/NS(=O)(=O)c3ccccc3)c(-c3ccccc3)n2)cc1","O=C(O)c1ccc(-n2cc(/C=N/NS(=O)(=O)c3ccccc3)c(-c3ccccc3)n2)cc1","train"
"CHEMBL4077622","Clc1cnc(NC2=NCC3(CN4CCC3CC4)N2)nc1","Clc1cnc(NC2=NCC3(CN4CCC3CC4)N2)nc1","train"
"CHEMBL4077623","C[C@H]1[C@H](F)C[C@@H](C(=O)NCc2cc(-c3cnc(C(F)(F)F)nc3)c(F)cn2)N1S(=O)(=O)c1ccc(F)cc1","C[C@H]1[C@H](F)C[C@@H](C(=O)NCc2cc(-c3cnc(C(F)(F)F)nc3)c(F)cn2)N1S(=O)(=O)c1ccc(F)cc1","train"
"CHEMBL4077624","CCOC(=O)c1cnn(CC(C)O)c1NC(=O)Nc1cccc(C(F)(F)F)c1","CCOC(=O)c1cnn(CC(C)O)c1NC(=O)Nc1cccc(C(F)(F)F)c1","train"
"CHEMBL4077625","Cn1cc(-c2cccc(N3Cc4cc(C(C)(C)C)ccc4C3=O)c2CO)cc(Nc2ccncn2)c1=O","Cn1cc(-c2cccc(N3Cc4cc(C(C)(C)C)ccc4C3=O)c2CO)cc(Nc2ccncn2)c1=O","train"
"CHEMBL4077629","NC(=O)c1cc(O[C@H]2CC[C@H](NC(=O)Nc3cccc(C(F)(F)F)c3)CC2)ccc1C(F)(F)F","NC(=O)c1cc(O[C@H]2CC[C@H](NC(=O)Nc3cccc(C(F)(F)F)c3)CC2)ccc1C(F)(F)F","train"
"CHEMBL4077630","O=c1cc(O)cc([C@H]2[C@H](c3ccc(O)cc3)[C@H](c3cc(O)cc(=O)o3)[C@H]2c2ccc(O)cc2)o1","O=c1cc(O)cc([C@H]2[C@H](c3ccc(O)cc3)[C@H](c3cc(O)cc(=O)o3)[C@H]2c2ccc(O)cc2)o1","train"
"CHEMBL4077631","CC1(COc2ccc(-c3ccc(F)nc3F)nc2)CCn2cc([N+](=O)[O-])nc2O1","CC1(COc2ccc(-c3ccc(F)nc3F)nc2)CCn2cc([N+](=O)[O-])nc2O1","train"
"CHEMBL4077633","Cc1ccc(C(=O)Nc2ccc(C(=O)OCC(C)C)cc2)cc1C","Cc1ccc(C(=O)Nc2ccc(C(=O)OCC(C)C)cc2)cc1C","train"
"CHEMBL4077635","Cc1cc(C#N)cc(C)c1Oc1cc(Cl)nc(NCCn2ccc(=O)[nH]c2=O)n1","Cc1cc(C#N)cc(C)c1Oc1cc(Cl)nc(NCCn2ccc(=O)[nH]c2=O)n1","train"
"CHEMBL4077637","Cc1c(Oc2cnc(C(=O)NC(C)C(C)O)cn2)ccc2c1B(O)OC2","Cc1c(Oc2cnc(C(=O)NC(C)C(C)O)cn2)ccc2c1B(O)OC2","train"
"CHEMBL4077638","Cc1nc(C)c(-c2csc(Nc3ccc(C(=O)N4C5CCC4CN(c4ncc(F)cn4)C5)cn3)n2)s1","Cc1nc(C)c(-c2csc(Nc3ccc(C(=O)N4C5CCC4CN(c4ncc(F)cn4)C5)cn3)n2)s1","train"
"CHEMBL4077641","c1ccc(-c2cc(NC3CCC3)n3ncnc3n2)cc1","c1ccc(-c2cc(NC3CCC3)n3ncnc3n2)cc1","train"
"CHEMBL4077642","O=C(O)c1ccc(-n2cc(/C=N/NC(=O)c3ccc(F)cc3)c(-c3ccccc3)n2)cc1","O=C(O)c1ccc(-n2cc(/C=N/NC(=O)c3ccc(F)cc3)c(-c3ccccc3)n2)cc1","train"
"CHEMBL4077643","Cc1nc(O)cc(C[S+]([O-])C(c2ccccc2)c2ccccc2)n1","Cc1nc(O)cc(C[S+]([O-])C(c2ccccc2)c2ccccc2)n1","train"
"CHEMBL4077645","O=C(Cc1ccc(C(=O)NO)cc1)NC1=CC(=O)c2ccccc2C1=O","O=C(Cc1ccc(C(=O)NO)cc1)NC1=CC(=O)c2ccccc2C1=O","train"
"CHEMBL4077646","CCCCCC(=O)N[C@H](Cc1ccc(N)cc1)C(=O)N[C@@H](Cc1ccc(N)cc1)C(=O)N[C@@H](Cc1ccccc1)C(=O)[C@@]1(C)CO1","CCCCCC(=O)N[C@H](Cc1ccc(N)cc1)C(=O)N[C@@H](Cc1ccc(N)cc1)C(=O)N[C@@H](Cc1ccccc1)C(=O)[C@@]1(C)CO1","train"
"CHEMBL4077647","O=C1C(=O)N(CCCCCn2cc(COc3cc(=O)oc4ccccc34)nn2)c2ccccc21","O=C1C(=O)N(CCCCCn2cc(COc3cc(=O)oc4ccccc34)nn2)c2ccccc21","train"
"CHEMBL4077648","O=[N+]([O-])c1ccc(C2=NOC(c3ccc(N4CCN(Cc5ccccn5)CC4)cc3)C2)o1","O=[N+]([O-])c1ccc(C2=NOC(c3ccc(N4CCN(Cc5ccccn5)CC4)cc3)C2)o1","train"
"CHEMBL4077649","COc1ccc(/C=C/C(=O)c2ccc(OC)c3c2OC(C)(C)C=C3)cc1OCC(=O)Nc1ccccc1F","COc1ccc(/C=C/C(=O)c2ccc(OC)c3c2OC(C)(C)C=C3)cc1OCC(=O)Nc1ccccc1F","train"
"CHEMBL4077650","O=S(=O)(c1cccc(Cl)c1)c1cnc2cc(Cl)ccc2c1N1CCOCC1","O=S(=O)(c1cccc(Cl)c1)c1cnc2cc(Cl)ccc2c1N1CCOCC1","train"
"CHEMBL4077651","CCCCCCCCCCSCc1cc(C(=O)OC)c(N)s1","CCCCCCCCCCSCc1cc(C(=O)OC)c(N)s1","train"
"CHEMBL4077652","COC(=O)[C@H](CCCNC(=N)N)NC(=O)COc1cc(OCC(=O)N[C@@H](CCCNC(=N)N)C(=O)OC)c2c(=O)c3c(OCC(=O)N[C@@H](CCCNC(=N)N)C(=O)OC)cc(OCC=C(C)C)cc3oc2c1","COC(=O)[C@H](CCCNC(=N)N)NC(=O)COc1cc(OCC(=O)N[C@@H](CCCNC(=N)N)C(=O)OC)c2c(=O)c3c(OCC(=O)N[C@@H](CCCNC(=N)N)C(=O)OC)cc(OCC=C(C)C)cc3oc2c1","train"
"CHEMBL4077653","COc1cccc(-c2cc(C(=O)OCCOc3cc(=O)oc4ccccc34)nn2-c2ccc(S(N)(=O)=O)cc2)c1","COc1cccc(-c2cc(C(=O)OCCOc3cc(=O)oc4ccccc34)nn2-c2ccc(S(N)(=O)=O)cc2)c1","train"
"CHEMBL4077656","C[C@H](CC[C@H](O)C(C)(C)O)[C@H]1CC[C@@]2(C(=O)O)[C@@H]3CCC4=C(CC[C@@H](O[C@@H]5O[C@H](CO)[C@@H](O)[C@H](O)[C@H]5O)C4(C)C)C[C@H]3CC[C@]12C","C[C@H](CC[C@H](O)C(C)(C)O)[C@H]1CC[C@@]2(C(=O)O)[C@@H]3CCC4=C(CC[C@@H](O[C@@H]5O[C@H](CO)[C@@H](O)[C@H](O)[C@H]5O)C4(C)C)C[C@H]3CC[C@]12C","train"
"CHEMBL4077657","CC(=O)Nc1cccc(CNc2nc(NC(C)C)nc3cc(-c4ccccc4)sc23)c1","CC(=O)Nc1cccc(CNc2nc(NC(C)C)nc3cc(-c4ccccc4)sc23)c1","train"
"CHEMBL4077659","COc1cc(/C=C/C(=O)NO)ccc1OC[C@H](Cc1c[nH]c2ccccc12)NC(=O)c1ccc([N+](=O)[O-])cc1","COc1cc(/C=C/C(=O)NO)ccc1OC[C@H](Cc1c[nH]c2ccccc12)NC(=O)c1ccc([N+](=O)[O-])cc1","train"
"CHEMBL4077660","NCCC[C@H](N)C(=O)N[C@H](Cc1c[nH]c2ccccc12)C(=O)N[C@@H](CC1CCCCC1)C(=O)N[C@H](C(=O)N[C@H](Cc1ccccc1)C(=O)N[C@@H](Cc1cn(Cc2ccccc2)cn1)C(N)=O)c1ccccc1","NCCC[C@H](N)C(=O)N[C@H](Cc1c[nH]c2ccccc12)C(=O)N[C@@H](CC1CCCCC1)C(=O)N[C@H](C(=O)N[C@H](Cc1ccccc1)C(=O)N[C@@H](Cc1cn(Cc2ccccc2)cn1)C(N)=O)c1ccccc1","train"
"CHEMBL4077661","O=c1c2cc(Br)ccc2oc2c(O)c(O)ccc12","O=c1c2cc(Br)ccc2oc2c(O)c(O)ccc12","train"
"CHEMBL4077663","Cc1cc(C(=O)O)nn1Cc1cc(N)cc2sc(N3CC=CCC3)nc12","Cc1cc(C(=O)O)nn1Cc1cc(N)cc2sc(N3CC=CCC3)nc12","train"
"CHEMBL4077664","COc1ccc(C(=O)N[C@@H](Cc2c[nH]c3ccccc23)C(=O)NCc2ccc(C(=O)NNC3CCCC3)cc2)cc1","COc1ccc(C(=O)N[C@@H](Cc2c[nH]c3ccccc23)C(=O)NCc2ccc(C(=O)NNC3CCCC3)cc2)cc1","train"
"CHEMBL4077668","CC(=O)[C@]1(O)CC[C@]2(O)[C@@H]3CC=C4C[C@@H](O)CC[C@]4(C)[C@H]3C[C@@H](OC(=O)c3ccccc3)[C@]12C","CC(=O)[C@]1(O)CC[C@]2(O)[C@@H]3CC=C4C[C@@H](O)CC[C@]4(C)[C@H]3C[C@@H](OC(=O)c3ccccc3)[C@]12C","train"
"CHEMBL4077670","CS(=O)(=O)c1ccc2c(c1)CCN2c1ncnc2c(C3CCN(c4ncc(F)cn4)CC3)coc12","CS(=O)(=O)c1ccc2c(c1)CCN2c1ncnc2c(C3CCN(c4ncc(F)cn4)CC3)coc12","train"
"CHEMBL4077671","O=C(NNC(=O)c1cc(-c2cccnc2)ccn1)Nc1ccc(CN2CCCC2)cc1","O=C(NNC(=O)c1cc(-c2cccnc2)ccn1)Nc1ccc(CN2CCCC2)cc1","train"
"CHEMBL4077672","Cc1cc(Oc2cncc(F)c2)cc(C(=O)Nc2cccc(F)n2)n1","Cc1cc(Oc2cncc(F)c2)cc(C(=O)Nc2cccc(F)n2)n1","train"
"CHEMBL4077673","COC1=C(Br)[C@@H](O)[C@]2(C=C1Br)CC(C(N)=O)=NO2","COC1=C(Br)[C@@H](O)[C@]2(C=C1Br)CC(C(N)=O)=NO2","train"
"CHEMBL4077674","COc1cccc(NC(=O)C2(C(=O)Nc3ccc(Nc4ncc5cc(C(=O)N(C)C)n(C6CCCC6)c5n4)cc3)CC2)c1","COc1cccc(NC(=O)C2(C(=O)Nc3ccc(Nc4ncc5cc(C(=O)N(C)C)n(C6CCCC6)c5n4)cc3)CC2)c1","train"
"CHEMBL4077675","CCCCCCCCCCCC(=O)NNC(=O)c1c(O)c2cc(Br)ccc2n(C)c1=O","CCCCCCCCCCCC(=O)NNC(=O)c1c(O)c2cc(Br)ccc2n(C)c1=O","train"
"CHEMBL4077676","CN1C=CC(C2SC(C(F)(F)F)=CN2c2ccc(S(N)(=O)=O)cc2)C=C1","CN1C=CC(C2SC(C(F)(F)F)=CN2c2ccc(S(N)(=O)=O)cc2)C=C1","train"
"CHEMBL4077678","O=C(CCC(=O)Nc1ccc(C2=NCCN2)cc1)Nc1ccc(C2=NCCN2)cc1","O=C(CCC(=O)Nc1ccc(C2=NCCN2)cc1)Nc1ccc(C2=NCCN2)cc1","train"
"CHEMBL4077679","Cc1ccc(-c2cnc(N)c(-c3cnn(C)c3C)c2)cc1","Cc1ccc(-c2cnc(N)c(-c3cnn(C)c3C)c2)cc1","train"
"CHEMBL4077680","COc1cc(/C=C2\CC/C(=C\c3ccc(N4CCCC4)cc3)C2=O)ccc1OC(=O)C(C)C","COc1cc(/C=C2\CC/C(=C\c3ccc(N4CCCC4)cc3)C2=O)ccc1OC(=O)C(C)C","train"
"CHEMBL4077681","COc1ccc(/N=C(\N)N=C(N)N)cc1","COc1ccc(/N=C(\N)N=C(N)N)cc1","train"
"CHEMBL4077682","CCCC[S+]([O-])c1sc2nc(-c3nccn3C)nc(-c3ccccc3)c2c1N","CCCC[S+]([O-])c1sc2nc(-c3nccn3C)nc(-c3ccccc3)c2c1N","train"
"CHEMBL4077685","CC(C)[C@@H]1NC(=O)[C@H]2CCCN2C(=O)[C@@H]2CCCN2C(=O)C[C@@H](C(=O)OCc2ccccc2)NC1=O","CC(C)[C@@H]1NC(=O)[C@H]2CCCN2C(=O)[C@@H]2CCCN2C(=O)C[C@@H](C(=O)OCc2ccccc2)NC1=O","train"
"CHEMBL4077686","C[C@H]1[C@H](C)CC[C@]2(C(=O)O)CC[C@]3(C)C(=C[C@@H](O)[C@@H]4[C@@]5(C)C[C@@H](O)[C@H](O)[C@@](C)(CO)[C@@H]5CC[C@]43C)[C@H]12","C[C@H]1[C@H](C)CC[C@]2(C(=O)O)CC[C@]3(C)C(=C[C@@H](O)[C@@H]4[C@@]5(C)C[C@@H](O)[C@H](O)[C@@](C)(CO)[C@@H]5CC[C@]43C)[C@H]12","train"
"CHEMBL4077688","COc1ccc(NC(=O)CSc2nnc(-c3ccccc3)c(-c3ccccc3)n2)c([N+](=O)[O-])c1","COc1ccc(NC(=O)CSc2nnc(-c3ccccc3)c(-c3ccccc3)n2)c([N+](=O)[O-])c1","train"
"CHEMBL4077690","Cc1ccc(-c2cc(CC(=O)c3c(O)cc(O)cc3O)n[nH]2)cc1","Cc1ccc(-c2cc(CC(=O)c3c(O)cc(O)cc3O)n[nH]2)cc1","train"
"CHEMBL4077691","O=C(CNCCCN1CCOCC1)Nc1ccccc1","O=C(CNCCCN1CCOCC1)Nc1ccccc1","train"
"CHEMBL4077692","Cc1nc(Nc2ccc(NC(=O)Nc3cccc(C(F)(F)F)c3)cc2)cc(N2CCCCC2)n1","Cc1nc(Nc2ccc(NC(=O)Nc3cccc(C(F)(F)F)c3)cc2)cc(N2CCCCC2)n1","train"
"CHEMBL4077693","COc1ccc(CNC(=O)c2cccc(C(=O)O)n2)cc1","COc1ccc(CNC(=O)c2cccc(C(=O)O)n2)cc1","train"
"CHEMBL4077695","O=C(c1ccc(Nc2nc3ccccc3n3nnnc23)cc1)N1CCNCC1","O=C(c1ccc(Nc2nc3ccccc3n3nnnc23)cc1)N1CCNCC1","train"
"CHEMBL4077697","[O-][S+](Cc1ccncc1)C(c1ccccc1)c1ccccc1","[O-][S+](Cc1ccncc1)C(c1ccccc1)c1ccccc1","train"
"CHEMBL4077698","COc1ccc(-c2csc(N/N=C/c3ccc(Cl)cc3Cl)n2)cc1","COc1ccc(-c2csc(N/N=C/c3ccc(Cl)cc3Cl)n2)cc1","train"
"CHEMBL4077699","COc1ccc(NC(=O)COc2cc(/C=C/C(=O)c3ccc(OC)c4c3OC(C)(C)C=C4)ccc2OC)cc1","COc1ccc(NC(=O)COc2cc(/C=C/C(=O)c3ccc(OC)c4c3OC(C)(C)C=C4)ccc2OC)cc1","train"
"CHEMBL4077700","Cc1cc(O)c2c(c1)C(=O)c1cc(O)c(-c3ccccc3)c(O)c1C2=O","Cc1cc(O)c2c(c1)C(=O)c1cc(O)c(-c3ccccc3)c(O)c1C2=O","train"
"CHEMBL4077701","O=C(NC[C@@H]1N[C@H](CO)[C@H](O)[C@@H]1O)C1CCCC1","O=C(NC[C@@H]1N[C@H](CO)[C@H](O)[C@@H]1O)C1CCCC1","train"
"CHEMBL4077702","Cc1nc2n(c(=O)c1CCN1CCC(c3noc4cc(F)ccc34)CC1)CCCC2=O","Cc1nc2n(c(=O)c1CCN1CCC(c3noc4cc(F)ccc34)CC1)CCCC2=O","train"
"CHEMBL4077703","CCCCCCC#Cc1ccc(S(=O)(=O)Nc2cccc(-c3csc(NC)n3)c2)cc1","CCCCCCC#Cc1ccc(S(=O)(=O)Nc2cccc(-c3csc(NC)n3)c2)cc1","train"
"CHEMBL4077705","N[C@@H](CCP(=O)(O)C(O)c1cc(F)c(O)c([N+](=O)[O-])c1)C(=O)O","N[C@@H](CCP(=O)(O)C(O)c1cc(F)c(O)c([N+](=O)[O-])c1)C(=O)O","train"
"CHEMBL4077707","O=C(CN(C(=O)c1cc(O)c(O)c(O)c1)c1ccccc1)NC12CC3CC(CC(C3)C1)C2","O=C(CN(C(=O)c1cc(O)c(O)c(O)c1)c1ccccc1)NC12CC3CC(CC(C3)C1)C2","train"
"CHEMBL4077708","COc1ccc2c(c1)C(=O)N1CCC[C@H]1c1c(C(=O)N(C)C)ncn1-2","COc1ccc2c(c1)C(=O)N1CCC[C@H]1c1c(C(=O)N(C)C)ncn1-2","train"
"CHEMBL4077709","CCN(CC)Cc1nc(-c2ccc([N+](=O)[O-])cc2)no1","CCN(CC)Cc1nc(-c2ccc([N+](=O)[O-])cc2)no1","train"
"CHEMBL4077710","C1Cc2nc(SSc3nc4c(s3)COCC4)sc2CO1","C1Cc2nc(SSc3nc4c(s3)COCC4)sc2CO1","train"
"CHEMBL4077711","CC(C)C[C@H](CP(=O)(O)[C@@H](N)CCc1ccccc1)C(=O)N[C@H](Cc1ccccc1)C(N)=O","CC(C)C[C@H](CP(=O)(O)[C@@H](N)CCc1ccccc1)C(=O)N[C@H](Cc1ccccc1)C(N)=O","train"
"CHEMBL4077713","Cc1[nH]nc2c1C(c1cc(C#N)cc(-c3ccc(C(F)(F)F)s3)c1)(C(C)C)C(C#N)=C(N)O2","Cc1[nH]nc2c1C(c1cc(C#N)cc(-c3ccc(C(F)(F)F)s3)c1)(C(C)C)C(C#N)=C(N)O2","train"
"CHEMBL4077714","C[C@@H]1CCC2=C(C[C@H]3C[C@]2(C)C(=O)O3)[C@@]1(C)CC(=O)c1ccco1","C[C@@H]1CCC2=C(C[C@H]3C[C@]2(C)C(=O)O3)[C@@]1(C)CC(=O)c1ccco1","train"
"CHEMBL4077715","O=C(/C=C/c1ccc(OCc2cn(Cc3ccccc3F)nn2)cc1)c1ccc(Br)cc1","O=C(/C=C/c1ccc(OCc2cn(Cc3ccccc3F)nn2)cc1)c1ccc(Br)cc1","train"
"CHEMBL4077716","CNC(=O)c1ccccc1Nc1nc(Nc2ccc(Oc3ccc(NS(C)(=O)=O)cc3)cc2)ncc1Cl","CNC(=O)c1ccccc1Nc1nc(Nc2ccc(Oc3ccc(NS(C)(=O)=O)cc3)cc2)ncc1Cl","train"
"CHEMBL4077718","CC(C(=O)N/N=C/c1ccco1)N1C(=O)c2ccccc2NC1c1ccco1","CC(C(=O)N/N=C/c1ccco1)N1C(=O)c2ccccc2NC1c1ccco1","train"
"CHEMBL4077719","COc1ccc(NC(=O)c2ccccc2-n2cc3ccccc3n2)cc1","COc1ccc(NC(=O)c2ccccc2-n2cc3ccccc3n2)cc1","train"
"CHEMBL4077720","O=C(O)C[C@@H]1[C@H]2CCCN3CCC[C@@H](CN1Cc1ccc(Cl)c(Cl)c1)[C@@H]23","O=C(O)C[C@@H]1[C@H]2CCCN3CCC[C@@H](CN1Cc1ccc(Cl)c(Cl)c1)[C@@H]23","train"
"CHEMBL4077721","N#Cc1cc(-n2cc(C(=O)O)nn2)ccc1OCc1ccc(Cl)cc1","N#Cc1cc(-n2cc(C(=O)O)nn2)ccc1OCc1ccc(Cl)cc1","train"
"CHEMBL4077722","COc1cccc2nccc(Nc3ccnc(-c4cc(Cl)ccc4F)c3)c12","COc1cccc2nccc(Nc3ccnc(-c4cc(Cl)ccc4F)c3)c12","train"
"CHEMBL4077724","C=C(C)CN1CCN(c2ccc3c(c2)[C@@H]2CCN(C(=O)OCc4ccccc4)[C@@H]3C2)CC1","C=C(C)CN1CCN(c2ccc3c(c2)[C@@H]2CCN(C(=O)OCc4ccccc4)[C@@H]3C2)CC1","train"
"CHEMBL4077729","S=C(NCC12CC3CC(CC(C3)C1)C2)Nc1ccccc1","S=C(NCC12CC3CC(CC(C3)C1)C2)Nc1ccccc1","train"
"CHEMBL4077730","Cc1cc(COc2cc(C(=O)N3CCC[C@@H](N)C3)nn2-c2ccc(C#N)cc2)n(C)n1","Cc1cc(COc2cc(C(=O)N3CCC[C@@H](N)C3)nn2-c2ccc(C#N)cc2)n(C)n1","train"
"CHEMBL4077731","CCCC[C@H](CC(=O)O)c1c2c(c(O)c3c1O[C@H](C)[C@H](C)C3=O)C=CC(C)(C)O2","CCCC[C@H](CC(=O)O)c1c2c(c(O)c3c1O[C@H](C)[C@H](C)C3=O)C=CC(C)(C)O2","train"
"CHEMBL4077733","COc1ccc2c(c1)nc(-c1ccccc1)c(=O)n2CC(=O)O","COc1ccc2c(c1)nc(-c1ccccc1)c(=O)n2CC(=O)O","train"
"CHEMBL4077734","C[C@@H]1CN(C(=O)c2sc3c(Cl)c(Cl)ccc3c2Cl)C[C@H](C)O1","C[C@@H]1CN(C(=O)c2sc3c(Cl)c(Cl)ccc3c2Cl)C[C@H](C)O1","train"
"CHEMBL4077735","O=C1c2cc3c(cc2N=C2N(c4ccccc4)CC[C@@]12O)NCC3","O=C1c2cc3c(cc2N=C2N(c4ccccc4)CC[C@@]12O)NCC3","train"
"CHEMBL4077736","CCc1cnc2c(N3CCOC[C@@H]3C)cc(-c3ccc(NC(=O)Nc4ccncc4)cc3)nn12","CCc1cnc2c(N3CCOC[C@@H]3C)cc(-c3ccc(NC(=O)Nc4ccncc4)cc3)nn12","train"
"CHEMBL4077737","O=C(NCC1CC(=O)c2ccccc21)Nc1cccc(O)c1","O=C(NCC1CC(=O)c2ccccc21)Nc1cccc(O)c1","train"
"CHEMBL4077738","COC(=O)[C@@]1(C)CCC[C@@]2(C)[C@H]1[C@@H](O)C(=O)[C@H]1[C@@H](C)/C(=C/C(=O)OCCN(C)C)CC[C@@H]12","COC(=O)[C@@]1(C)CCC[C@@]2(C)[C@H]1[C@@H](O)C(=O)[C@H]1[C@@H](C)/C(=C/C(=O)OCCN(C)C)CC[C@@H]12","train"
"CHEMBL4077739","Cc1cc(COc2cc(C(=O)N3C[C@H]4CCCN[C@H]4C3)nn2-c2ccc(C#N)cc2)on1","Cc1cc(COc2cc(C(=O)N3C[C@H]4CCCN[C@H]4C3)nn2-c2ccc(C#N)cc2)on1","train"
"CHEMBL4077741","O=C(/C=C/c1cn(-c2ccccc2)nc1-c1ccc2c(c1)OCO2)c1cccnc1","O=C(/C=C/c1cn(-c2ccccc2)nc1-c1ccc2c(c1)OCO2)c1cccnc1","train"
"CHEMBL4077743","NC(=O)c1ccc(-c2ccc3[nH]ccc3c2)nc1","NC(=O)c1ccc(-c2ccc3[nH]ccc3c2)nc1","train"
"CHEMBL4077744","COc1ccc2cc(C3SCC(=O)N3NC(=O)c3cccnc3)c3nnnn3c2c1","COc1ccc2cc(C3SCC(=O)N3NC(=O)c3cccnc3)c3nnnn3c2c1","train"
"CHEMBL4077745","O=C(OC(C(F)(F)F)C(F)(F)F)N1CC(c2cc(-c3ccccc3)n(-c3ccccc3)n2)C1","O=C(OC(C(F)(F)F)C(F)(F)F)N1CC(c2cc(-c3ccccc3)n(-c3ccccc3)n2)C1","train"
"CHEMBL4077746","COc1ccc(CSc2nnc(-c3cc([N+](=O)[O-])cc([N+](=O)[O-])c3)o2)cc1","COc1ccc(CSc2nnc(-c3cc([N+](=O)[O-])cc([N+](=O)[O-])c3)o2)cc1","train"
"CHEMBL4077747","COC(C)c1cc(O)c(C)c2c1-c1ccc(O)c(C)c1CC2","COC(C)c1cc(O)c(C)c2c1-c1ccc(O)c(C)c1CC2","train"
"CHEMBL4077748","O=c1oc2ccc(F)c(F)c2cc1CO[C@H]1[C@@H](O)[C@@H](CO)O[C@@H](SS[C@@H]2O[C@H](CO)[C@H](O)[C@H](OCc3cc4c(F)c(F)ccc4oc3=O)[C@H]2O)[C@@H]1O","O=c1oc2ccc(F)c(F)c2cc1CO[C@H]1[C@@H](O)[C@@H](CO)O[C@@H](SS[C@@H]2O[C@H](CO)[C@H](O)[C@H](OCc3cc4c(F)c(F)ccc4oc3=O)[C@H]2O)[C@@H]1O","train"
"CHEMBL4077750","CN1C(=O)[C@H](CCCNC(=N)N)NC(=O)[C@@H](Cc2ccc(O)cc2)NC(=O)[C@H](Cc2ccccc2)N(C)C(=O)[C@H](Cc2ccc3ccccc3c2)NC(=O)[C@@H]1CCCNC(N)=O","CN1C(=O)[C@H](CCCNC(=N)N)NC(=O)[C@@H](Cc2ccc(O)cc2)NC(=O)[C@H](Cc2ccccc2)N(C)C(=O)[C@H](Cc2ccc3ccccc3c2)NC(=O)[C@@H]1CCCNC(N)=O","train"
"CHEMBL4077751","O=C(Nc1cccc(C(F)(F)F)c1)N(Cc1ccccc1)C1CCN(CC2CC2)CC1","O=C(Nc1cccc(C(F)(F)F)c1)N(Cc1ccccc1)C1CCN(CC2CC2)CC1","train"
"CHEMBL4077752","COc1ccc2c(c1)CCCN2c1nc(N)nc2[nH]c3cccc(Cl)c3c12","COc1ccc2c(c1)CCCN2c1nc(N)nc2[nH]c3cccc(Cl)c3c12","train"
"CHEMBL4077754","COc1ccc2/c(=N/O)cc(-c3cc4ccccc4cn3)oc2c1","COc1ccc2/c(=N/O)cc(-c3cc4ccccc4cn3)oc2c1","train"
"CHEMBL4077756","Clc1ccc(-n2cncc2-c2ccccc2)cc1","Clc1ccc(-n2cncc2-c2ccccc2)cc1","train"
"CHEMBL4077758","C[N+](C)(C)CC(CC(=O)[O-])OC(=O)CCCCC(=O)Nc1ccn([C@@H]2O[C@H](CO)[C@@H](O)C2(F)F)c(=O)n1","C[N+](C)(C)CC(CC(=O)[O-])OC(=O)CCCCC(=O)Nc1ccn([C@@H]2O[C@H](CO)[C@@H](O)C2(F)F)c(=O)n1","train"
"CHEMBL4077760","CNS(=O)(=O)c1ccccc1-c1ccccc1F","CNS(=O)(=O)c1ccccc1-c1ccccc1F","train"
"CHEMBL4077762","CC[C@H](C)[C@H](NC(=S)Nc1cccc([N+](=O)[O-])c1)C(=O)N[C@H](Cc1ccccc1)C(=O)Nc1ccc(Cl)c(Cl)c1","CC[C@H](C)[C@H](NC(=S)Nc1cccc([N+](=O)[O-])c1)C(=O)N[C@H](Cc1ccccc1)C(=O)Nc1ccc(Cl)c(Cl)c1","train"
"CHEMBL4077764","Cc1c(-c2nc3ccccc3nc2N=O)cnn1-c1ccccc1","Cc1c(-c2nc3ccccc3nc2N=O)cnn1-c1ccccc1","train"
"CHEMBL4077765","CCCn1c(=O)c2[nH]c(-c3cc(OCC#Cc4cccc(F)c4)no3)nc2n(CCC)c1=O","CCCn1c(=O)c2[nH]c(-c3cc(OCC#Cc4cccc(F)c4)no3)nc2n(CCC)c1=O","train"
"CHEMBL4077768","COc1cc(OC)cc(C2SCC(=O)Nc3cc4c(cc32)OCO4)c1","COc1cc(OC)cc(C2SCC(=O)Nc3cc4c(cc32)OCO4)c1","train"
"CHEMBL4077769","CCOP(=O)(OCC)C1CC(Cn2c(=O)n(Cc3ccc(F)cc3)c(=O)c3ccccc32)ON1C","CCOP(=O)(OCC)C1CC(Cn2c(=O)n(Cc3ccc(F)cc3)c(=O)c3ccccc32)ON1C","train"
"CHEMBL4077771","Cc1ccc(N/C=C2\C(=O)Oc3ccccc3C2=O)cc1","Cc1ccc(N/C=C2\C(=O)Oc3ccccc3C2=O)cc1","train"
"CHEMBL4077772","Cc1ccc(-c2[nH]c3ccc([N+](=O)[O-])cc3c(=O)c2-c2ccc(C(F)(F)F)cc2)cc1","Cc1ccc(-c2[nH]c3ccc([N+](=O)[O-])cc3c(=O)c2-c2ccc(C(F)(F)F)cc2)cc1","train"
"CHEMBL4077773","Cc1ccc2c(c1)CCN(C(=O)/C=C/c1cc(Cl)ccc1-n1cnnn1)C2C(=O)Nc1ccc(C(=O)O)cc1","Cc1ccc2c(c1)CCN(C(=O)/C=C/c1cc(Cl)ccc1-n1cnnn1)C2C(=O)Nc1ccc(C(=O)O)cc1","train"
"CHEMBL4077774","CS/C(N)=N\C(=N/S(=O)(=O)c1ccc(I)cc1)N1CC(c2ccccc2)C(c2ccc(Cl)cc2)=N1","CS/C(N)=N\C(=N/S(=O)(=O)c1ccc(I)cc1)N1CC(c2ccccc2)C(c2ccc(Cl)cc2)=N1","train"
"CHEMBL4077775","O=C(Cc1ccc(NC(=O)CCCCc2ccc(-c3ccccc3)cc2)cc1)NO","O=C(Cc1ccc(NC(=O)CCCCc2ccc(-c3ccccc3)cc2)cc1)NO","train"
"CHEMBL4077776","CCC(C)(C)C(=O)N(C)C(CO)c1ccccc1","CCC(C)(C)C(=O)N(C)C(CO)c1ccccc1","train"
"CHEMBL4077777","O=C(CCCc1cn(S(=O)(=O)c2cccc3ccccc23)c2ccccc12)NC1CCCCCC1","O=C(CCCc1cn(S(=O)(=O)c2cccc3ccccc23)c2ccccc12)NC1CCCCCC1","train"
"CHEMBL4077780","Cn1ccc2ncn(CC(=O)Nc3ccc(-c4ccsc4)cc3)c2c1=O","Cn1ccc2ncn(CC(=O)Nc3ccc(-c4ccsc4)cc3)c2c1=O","train"
"CHEMBL4077781","COc1ccc2c3nn(-c4ccc(O)cc4)c(=O)c-3c[nH]c2c1","COc1ccc2c3nn(-c4ccc(O)cc4)c(=O)c-3c[nH]c2c1","train"
"CHEMBL4077782","Nc1nc2c(ncn2[C@@H]2O[C@H](CO)[C@@H](O)[C@]2(F)Cl)c(=O)[nH]1","Nc1nc2c(ncn2[C@@H]2O[C@H](CO)[C@@H](O)[C@]2(F)Cl)c(=O)[nH]1","train"
"CHEMBL4077783","C[C@@H]1NC(=O)[C@H](C)NC(=O)[C@H](Cc2ccccc2)NC(=O)[C@H](Cc2ccccc2)NC(=O)[C@H](CCCNC(=N)N)NC(=O)[C@@H]2CCCN2C(=O)[C@H]2CCCN2C(=O)[C@H](Cc2ccccc2)NC1=O","C[C@@H]1NC(=O)[C@H](C)NC(=O)[C@H](Cc2ccccc2)NC(=O)[C@H](Cc2ccccc2)NC(=O)[C@H](CCCNC(=N)N)NC(=O)[C@@H]2CCCN2C(=O)[C@H]2CCCN2C(=O)[C@H](Cc2ccccc2)NC1=O","train"
"CHEMBL4077785","COc1cc2ncnc(NCCCCCC(=O)NO)c2cc1OC","COc1cc2ncnc(NCCCCCC(=O)NO)c2cc1OC","train"
"CHEMBL4077786","Cc1csc(C(C#N)C(SCCO)c2ccccc2)n1","Cc1csc(C(C#N)C(SCCO)c2ccccc2)n1","train"
"CHEMBL4077787","Cc1c(CCC(=O)O)ccc(OCc2csnc2-c2ccc(Cl)cc2)c1C","Cc1c(CCC(=O)O)ccc(OCc2csnc2-c2ccc(Cl)cc2)c1C","train"
"CHEMBL4077788","CC(=O)Oc1ccc(CONC(=O)CCC(Cc2ccc(C(=O)OCOC(=O)OC(C)C)cc2)C(=O)O)cc1","CC(=O)Oc1ccc(CONC(=O)CCC(Cc2ccc(C(=O)OCOC(=O)OC(C)C)cc2)C(=O)O)cc1","train"
"CHEMBL4077789","C[C@H](c1cccc2c1CNCC2)n1c(=O)oc2cc(S(=O)(=O)Nc3cccc(F)n3)c(F)cc21","C[C@H](c1cccc2c1CNCC2)n1c(=O)oc2cc(S(=O)(=O)Nc3cccc(F)n3)c(F)cc21","train"
"CHEMBL4077790","Cc1nn(C)cc1-c1nsc(Nc2ccc(C(=O)N3C4CCC3CN(c3ncc(C(F)(F)F)cn3)C4)cn2)n1","Cc1nn(C)cc1-c1nsc(Nc2ccc(C(=O)N3C4CCC3CN(c3ncc(C(F)(F)F)cn3)C4)cn2)n1","train"
"CHEMBL4077792","CC1=NN(c2cccc(C(=O)O)c2)C(=O)/C1=C\c1ccc(-c2ccc(Cl)c(C(=O)NCc3ccc(F)cc3)c2)o1","CC1=NN(c2cccc(C(=O)O)c2)C(=O)/C1=C\c1ccc(-c2ccc(Cl)c(C(=O)NCc3ccc(F)cc3)c2)o1","train"
"CHEMBL4077794","Nc1cc(-c2nnc(SCc3ccc([N+](=O)[O-])cc3)o2)cc([N+](=O)[O-])c1","Nc1cc(-c2nnc(SCc3ccc([N+](=O)[O-])cc3)o2)cc([N+](=O)[O-])c1","train"
"CHEMBL4077795","COc1ccc(C(=O)N(CC(=O)O)OCc2ccccc2)cc1","COc1ccc(C(=O)N(CC(=O)O)OCc2ccccc2)cc1","train"
"CHEMBL4077796","NC(=O)c1cc2ccc(OCC(=O)O)cc2n1CCCOc1cccc2ccccc12","NC(=O)c1cc2ccc(OCC(=O)O)cc2n1CCCOc1cccc2ccccc12","train"
"CHEMBL4077797","O=C[C@H](C[C@@H]1CCNC1=O)NC(=O)[C@H](CC1CCCCC1)NS(=O)(=O)c1cccc(Cl)c1","O=C[C@H](C[C@@H]1CCNC1=O)NC(=O)[C@H](CC1CCCCC1)NS(=O)(=O)c1cccc(Cl)c1","train"
"CHEMBL4077798","CCCC[C@@H]1[C@H]2CCCN3CCC[C@@H](CN1Cc1ccc(C(=O)OC)cc1)[C@@H]23","CCCC[C@@H]1[C@H]2CCCN3CCC[C@@H](CN1Cc1ccc(C(=O)OC)cc1)[C@@H]23","train"
"CHEMBL4077801","COc1cc(Nc2cc(C)nc3cc(C)nn23)cc(OC)c1","COc1cc(Nc2cc(C)nc3cc(C)nn23)cc(OC)c1","train"
"CHEMBL4077802","COc1cccc(-c2ccc3c(c2)[C@H]2C[C@H]3CCN2Cc2ccccc2)c1","COc1cccc(-c2ccc3c(c2)[C@H]2C[C@H]3CCN2Cc2ccccc2)c1","train"
"CHEMBL4077803","COc1cccc2c1C(=O)c1c(O)c3c(c(O)c1C2=O)CC(O)(/C(C)=N/O)CC3OC1CCC(O)C(C)O1","COc1cccc2c1C(=O)c1c(O)c3c(c(O)c1C2=O)CC(O)(/C(C)=N/O)CC3OC1CCC(O)C(C)O1","train"
"CHEMBL4077804","Cc1nc(-c2ccc(F)cc2)oc1-c1csc(Cc2ccc(Cl)cc2)n1","Cc1nc(-c2ccc(F)cc2)oc1-c1csc(Cc2ccc(Cl)cc2)n1","train"
"CHEMBL4077805","O=C(Nc1cccc2ccccc12)c1cccnc1NCc1ccncc1","O=C(Nc1cccc2ccccc12)c1cccnc1NCc1ccncc1","train"
"CHEMBL4077806","O=[N+]([O-])c1cc(-c2nnc(SCc3ccc(Cl)c(Cl)c3)o2)cc(C(F)(F)F)c1","O=[N+]([O-])c1cc(-c2nnc(SCc3ccc(Cl)c(Cl)c3)o2)cc(C(F)(F)F)c1","train"
"CHEMBL4077807","Cc1ccc(S(=O)(=O)c2cnc3cc(F)ccc3c2-c2ccc(F)cc2)cc1F","Cc1ccc(S(=O)(=O)c2cnc3cc(F)ccc3c2-c2ccc(F)cc2)cc1F","train"
"CHEMBL4077809","O=[N+]([O-])c1ccc(COc2cc3c(cc2OCc2ccc([N+](=O)[O-])cc2)OC2(C=C3)CCCCCC2)cc1","O=[N+]([O-])c1ccc(COc2cc3c(cc2OCc2ccc([N+](=O)[O-])cc2)OC2(C=C3)CCCCCC2)cc1","train"
"CHEMBL4077810","CC(C)[C@@H]1NC(=O)[C@H]2CCCN2C(=O)[C@@H]2CCCN2C(=O)C[C@H](C(=O)NCCCO)NC1=O","CC(C)[C@@H]1NC(=O)[C@H]2CCCN2C(=O)[C@@H]2CCCN2C(=O)C[C@H](C(=O)NCCCO)NC1=O","train"
"CHEMBL4077811","CC1CN(C(=O)c2sc3ccccc3c2Cl)CC(C)N1","CC1CN(C(=O)c2sc3ccccc3c2Cl)CC(C)N1","train"
"CHEMBL4077812","NC(=O)c1cccc2[nH]c(C(=O)N3CCC(NC4CCCCC4)C3)nc12","NC(=O)c1cccc2[nH]c(C(=O)N3CCC(NC4CCCCC4)C3)nc12","train"
"CHEMBL4077813","O=C(O)CCSc1nc2cc(Cl)c(Cl)cc2[nH]1","O=C(O)CCSc1nc2cc(Cl)c(Cl)cc2[nH]1","train"
"CHEMBL4077814","N#Cc1ccc(OC(=O)c2c(-c3ccccc3)sc3c2CCCC3)cc1","N#Cc1ccc(OC(=O)c2c(-c3ccccc3)sc3c2CCCC3)cc1","train"
"CHEMBL4077815","CCc1c(-c2ccc(O)cc2F)c(=O)oc2cc(O)ccc12","CCc1c(-c2ccc(O)cc2F)c(=O)oc2cc(O)ccc12","train"
"CHEMBL4077816","Cc1ccc(CNC2CCc3c([nH]c4ccccc34)C2)cc1","Cc1ccc(CNC2CCc3c([nH]c4ccccc34)C2)cc1","train"
"CHEMBL4077817","CCN(CC)CCCCn1c2ccccc2c(=O)c2cc(C)cc(C)c21","CCN(CC)CCCCn1c2ccccc2c(=O)c2cc(C)cc(C)c21","train"
"CHEMBL4077820","C=CC(C)(C)c1cc2cc3c(cc2oc1=O)O[C@@H](C(C)(C)OC(=O)CNCC)C3","C=CC(C)(C)c1cc2cc3c(cc2oc1=O)O[C@@H](C(C)(C)OC(=O)CNCC)C3","train"
"CHEMBL4077821","CCN(C(=O)c1ccccc1-n1nccn1)[C@@H](C)Cc1noc(-c2ccc(F)cc2)n1","CCN(C(=O)c1ccccc1-n1nccn1)[C@@H](C)Cc1noc(-c2ccc(F)cc2)n1","train"
"CHEMBL4077822","Cc1[nH]c2nc(NCc3ccccc3F)nn2c(=O)c1C","Cc1[nH]c2nc(NCc3ccccc3F)nn2c(=O)c1C","train"
"CHEMBL4077824","Cc1cc(Nc2ccc(C(F)(F)F)cc2)n2nc(C)cc2n1","Cc1cc(Nc2ccc(C(F)(F)F)cc2)n2nc(C)cc2n1","train"
"CHEMBL4077825","CCOP1(=O)N=C(C2=C(O)C(C)(CC(C)C)N(CCC(C)(C)C)C2=O)Nc2ccc(NS(C)(=O)=O)cc21","CCOP1(=O)N=C(C2=C(O)C(C)(CC(C)C)N(CCC(C)(C)C)C2=O)Nc2ccc(NS(C)(=O)=O)cc21","train"
"CHEMBL4077826","CCCCCCCCCCCC(=O)N[C@@H](CCCCN)CN1CC(=O)N(C23CC4CC(CC(C4)C2)C3)C1=O","CCCCCCCCCCCC(=O)N[C@@H](CCCCN)CN1CC(=O)N(C23CC4CC(CC(C4)C2)C3)C1=O","train"
"CHEMBL4077828","CCCCCOc1cc(C(C)(C)C)ccc1CNC(=O)C(C)c1ccc(NS(C)(=O)=O)c(F)c1","CCCCCOc1cc(C(C)(C)C)ccc1CNC(=O)C(C)c1ccc(NS(C)(=O)=O)c(F)c1","train"
"CHEMBL4077829","[3H]CC1([3H])CCN(c2nc(C(F)(F)F)ccc2CNC(=O)Nc2cccc3c2OCC(=O)N3)CC1","[3H]CC1([3H])CCN(c2nc(C(F)(F)F)ccc2CNC(=O)Nc2cccc3c2OCC(=O)N3)CC1","train"
"CHEMBL4077830","O=[N+]([O-])c1ccc(S(=O)(=O)N2CCN(c3nc4ccccc4c4ccccc34)CC2)cc1","O=[N+]([O-])c1ccc(S(=O)(=O)N2CCN(c3nc4ccccc4c4ccccc34)CC2)cc1","train"
"CHEMBL4077831","NC(=O)c1cccc2[nH]c(C(=O)NC3CCNC3)nc12","NC(=O)c1cccc2[nH]c(C(=O)NC3CCNC3)nc12","train"
"CHEMBL4077832","Oc1ccc(-c2c(-c3ccccc3)oc3cc(O)ccc23)c(O)c1","Oc1ccc(-c2c(-c3ccccc3)oc3cc(O)ccc23)c(O)c1","train"
"CHEMBL4077833","C[C@H]1[C@H]2Cc3ccc(O)cc3[C@]1(C)CCN2CC(C)(O)c1ccccc1","C[C@H]1[C@H]2Cc3ccc(O)cc3[C@]1(C)CCN2CC(C)(O)c1ccccc1","train"
"CHEMBL4077835","CN(C)CCCCCOC(=O)c1c2c(n3cc(Br)ccc13)C(=O)c1ncccc1C2=O","CN(C)CCCCCOC(=O)c1c2c(n3cc(Br)ccc13)C(=O)c1ncccc1C2=O","train"
"CHEMBL4077836","N#Cc1cnn2c(Nc3ccc4c(c3)CCC(=O)N4)cc(N3CCC[C@H]3CO)nc12","N#Cc1cnn2c(Nc3ccc4c(c3)CCC(=O)N4)cc(N3CCC[C@H]3CO)nc12","train"
"CHEMBL4077838","O=c1c2ccccc2nc(-c2ccccc2)n1-c1nnc(C2CC2)s1","O=c1c2ccccc2nc(-c2ccccc2)n1-c1nnc(C2CC2)s1","train"
"CHEMBL4476463","CN(C)CCC(C)(C)Nc1nc(-c2c[nH]nc2C(F)(F)F)nc2cnccc12","CN(C)CCC(C)(C)Nc1nc(-c2c[nH]nc2C(F)(F)F)nc2cnccc12","train"
"CHEMBL4476465","CCCC1(CCC)C(=O)OCC1NC(=O)OCC","CCCC1(CCC)C(=O)OCC1NC(=O)OCC","train"
"CHEMBL4476467","COC(=O)C1=C(C)NC(C)=C(C(=O)NC[C@H]2CCN(CCc3ccc(OC(F)(F)F)c(F)c3)C2)C1c1cccc([N+](=O)[O-])c1","COC(=O)C1=C(C)NC(C)=C(C(=O)NC[C@H]2CCN(CCc3ccc(OC(F)(F)F)c(F)c3)C2)C1c1cccc([N+](=O)[O-])c1","train"
"CHEMBL4476469","COc1cc(C(O)CC(=O)N(C)O)ccc1OCc1ccccc1","COc1cc(C(O)CC(=O)N(C)O)ccc1OCc1ccccc1","train"
"CHEMBL4476471","COc1ccc2[nH]c(C(=O)N3CC(=O)N(Cc4ccccc4)[C@@H](COCc4ccccc4)C3)cc2c1","COc1ccc2[nH]c(C(=O)N3CC(=O)N(Cc4ccccc4)[C@@H](COCc4ccccc4)C3)cc2c1","train"
"CHEMBL4476472","C[C@@H]1[C@@H](C)C/C=C/[C@H](O)[C@@H]2CC[C@H]2CN2C[C@@]3(CCCc4cc(Cl)ccc43)COc3ccc(cc32)C(=O)NS1(=O)=O","C[C@@H]1[C@@H](C)C/C=C/[C@H](O)[C@@H]2CC[C@H]2CN2C[C@@]3(CCCc4cc(Cl)ccc43)COc3ccc(cc32)C(=O)NS1(=O)=O","train"
"CHEMBL4476473","CCC(=O)Nc1ccc(F)c(S(=O)(=O)N2CCCCC2)c1","CCC(=O)Nc1ccc(F)c(S(=O)(=O)N2CCCCC2)c1","train"
"CHEMBL4476474","COC(=O)[C@H](Cc1c[nH]c2ccccc12)NC(=O)[C@]12CCC(C)(C)C[C@H]1C1=CC[C@@H]3[C@@]4(C)CC[C@H](O)C(C)(C)[C@@H]4CC[C@@]3(C)[C@]1(C)CC2","COC(=O)[C@H](Cc1c[nH]c2ccccc12)NC(=O)[C@]12CCC(C)(C)C[C@H]1C1=CC[C@@H]3[C@@]4(C)CC[C@H](O)C(C)(C)[C@@H]4CC[C@@]3(C)[C@]1(C)CC2","train"
"CHEMBL4476476","CCC[C@H]1OC(=O)[C@@H]1CCCCc1ccccc1","CCC[C@H]1OC(=O)[C@@H]1CCCCc1ccccc1","train"
"CHEMBL4476479","O=C(NC1CCN(Cc2ccccc2)CC1)c1cc2ccc(OCc3cn(Cc4cccc(Cl)c4Cl)nn3)cc2oc1=O","O=C(NC1CCN(Cc2ccccc2)CC1)c1cc2ccc(OCc3cn(Cc4cccc(Cl)c4Cl)nn3)cc2oc1=O","train"
"CHEMBL4476481","O=C(/C=C/c1ccccc1)OC1(C(=O)Nc2ccc([N+](=O)[O-])cc2)CCCCC1","O=C(/C=C/c1ccccc1)OC1(C(=O)Nc2ccc([N+](=O)[O-])cc2)CCCCC1","train"
"CHEMBL4476482","COc1ccccc1/C=C/c1nc(Nc2ccc3c(c2)OCO3)c2ccccc2n1","COc1ccccc1/C=C/c1nc(Nc2ccc3c(c2)OCO3)c2ccccc2n1","train"
"CHEMBL4476483","O=C(Cc1coc(C2CC2)n1)N1CCN(c2cncc3ccccc23)CC1","O=C(Cc1coc(C2CC2)n1)N1CCN(c2cncc3ccccc23)CC1","train"
"CHEMBL4476485","Cc1cc(NC(=O)c2cccn(-c3ccc(F)cc3)c2=O)ccc1Oc1ccnc(NC(=O)C2CC2)c1","Cc1cc(NC(=O)c2cccn(-c3ccc(F)cc3)c2=O)ccc1Oc1ccnc(NC(=O)C2CC2)c1","train"
"CHEMBL4476486","N#Cc1ccc(NCc2cc3cc(Cl)ccc3[nH]c2=O)cc1","N#Cc1ccc(NCc2cc3cc(Cl)ccc3[nH]c2=O)cc1","train"
"CHEMBL4476487","CCC(CC)CN(CCCCCCN1[C@@H]2CC[C@H]1C[C@@H](c1cccc(C(N)=O)c1)C2)C(=O)CO","CCC(CC)CN(CCCCCCN1[C@@H]2CC[C@H]1C[C@@H](c1cccc(C(N)=O)c1)C2)C(=O)CO","train"
"CHEMBL4476488","[O-][n+]1cccc(CNc2nccc(Nc3ccc(-c4ccccc4)cc3)n2)c1","[O-][n+]1cccc(CNc2nccc(Nc3ccc(-c4ccccc4)cc3)n2)c1","train"
"CHEMBL4476490","CS(=O)(=O)NC1CCCN(Cc2cc3nc(-c4cnc(N)nc4)nc(N4CCOCC4)c3s2)C1","CS(=O)(=O)NC1CCCN(Cc2cc3nc(-c4cnc(N)nc4)nc(N4CCOCC4)c3s2)C1","train"
"CHEMBL4476491","O=S(=O)(NC1CCCCC1)NC1CCN(c2ncnc3c2nc(-c2ccccc2Cl)n3-c2ccc(Cl)cc2)CC1","O=S(=O)(NC1CCCCC1)NC1CCN(c2ncnc3c2nc(-c2ccccc2Cl)n3-c2ccc(Cl)cc2)CC1","train"
"CHEMBL4476493","CCC#C[C@]1(O)CC[C@H]2[C@@H]3CCC4=CC(=O)CC[C@]4(C)[C@H]3[C@@H](c3ccc(N(C)C)cc3)C[C@@]21C","CCC#C[C@]1(O)CC[C@H]2[C@@H]3CCC4=CC(=O)CC[C@]4(C)[C@H]3[C@@H](c3ccc(N(C)C)cc3)C[C@@]21C","train"
"CHEMBL4476494","COC(=O)C1=C(CN2CCOC[C@H]2C(=O)O)NC(c2nccs2)=N[C@H]1c1ccc(F)c(F)c1","COC(=O)C1=C(CN2CCOC[C@H]2C(=O)O)NC(c2nccs2)=N[C@H]1c1ccc(F)c(F)c1","train"
"CHEMBL4476498","COc1c(O)ccc2c1C(=O)O[C@H](CCC[C@@H](C)O)C2","COc1c(O)ccc2c1C(=O)O[C@H](CCC[C@@H](C)O)C2","train"
"CHEMBL4476499","COc1cccc(/C=N/n2c(S)nnc2-c2sc(-c3ccccc3)nc2C)c1","COc1cccc(/C=N/n2c(S)nnc2-c2sc(-c3ccccc3)nc2C)c1","train"
"CHEMBL4476502","C=CCCSC[C@H](NC(=O)c1cc(OC)c(OC)c(OC)c1)C(=O)OC","C=CCCSC[C@H](NC(=O)c1cc(OC)c(OC)c(OC)c1)C(=O)OC","train"
"CHEMBL4476503","COc1ccc(C2CC(c3ccc4ccccc4c3)=NN2C2=NC(=O)/C(=C3/C(=O)Nc4c(Br)cccc43)S2)cc1","COc1ccc(C2CC(c3ccc4ccccc4c3)=NN2C2=NC(=O)/C(=C3/C(=O)Nc4c(Br)cccc43)S2)cc1","train"
"CHEMBL4476504","O=C(O)c1ccc(-n2cc(-c3ccccc3)nn2)cc1","O=C(O)c1ccc(-n2cc(-c3ccccc3)nn2)cc1","train"
"CHEMBL4476505","CCOc1ccc(C(=O)Nc2cccc(NC(=O)COc3ccc4c(=O)ccoc4c3)c2)cc1","CCOc1ccc(C(=O)Nc2cccc(NC(=O)COc3ccc4c(=O)ccoc4c3)c2)cc1","train"
"CHEMBL4476506","Cc1cc(-c2ccc(C#N)cc2)ccc1Oc1ccnc(Nc2ccc(C#N)cc2)n1","Cc1cc(-c2ccc(C#N)cc2)ccc1Oc1ccnc(Nc2ccc(C#N)cc2)n1","train"
"CHEMBL4476507","CC(O[C@H]1CC[C@]2(CC1)COC(C)(C)C2)c1nc(-c2ccc(CC(=O)N(C)C)c(F)c2)no1","CC(O[C@H]1CC[C@]2(CC1)COC(C)(C)C2)c1nc(-c2ccc(CC(=O)N(C)C)c(F)c2)no1","train"
"CHEMBL4476508","O=C(COc1ccc(F)cc1)N1CCN(c2ccc([N+](=O)[O-])cc2)CC1","O=C(COc1ccc(F)cc1)N1CCN(c2ccc([N+](=O)[O-])cc2)CC1","train"
"CHEMBL4476509","O=C(O)/C(=C/c1ccc(O)c(O)c1)c1ccccc1","O=C(O)/C(=C/c1ccc(O)c(O)c1)c1ccccc1","train"
"CHEMBL4476510","CCCCN1CCC2(CCC(c3cccs3)(N(C)C)CC2)C1","CCCCN1CCC2(CCC(c3cccs3)(N(C)C)CC2)C1","train"
"CHEMBL4476514","O=C(c1ccc(C(=O)N2CCC(CCN3CCCC3)CC2)c(Nc2ccc(OCN3CCCC3)cc2)c1)N1CCC(CCN2CCCC2)CC1","O=C(c1ccc(C(=O)N2CCC(CCN3CCCC3)CC2)c(Nc2ccc(OCN3CCCC3)cc2)c1)N1CCC(CCN2CCCC2)CC1","train"
"CHEMBL4476515","C[C@H]1O[C@]2(OCc3ccc(Cc4ccc(-c5ccccn5)s4)cc32)[C@H](O)[C@@H](O)[C@@H]1O","C[C@H]1O[C@]2(OCc3ccc(Cc4ccc(-c5ccccn5)s4)cc32)[C@H](O)[C@@H](O)[C@@H]1O","train"
"CHEMBL4476517","O=C(NCc1ccncc1F)c1csc(CCNCc2nc3ccccc3[nH]2)n1","O=C(NCc1ccncc1F)c1csc(CCNCc2nc3ccccc3[nH]2)n1","train"
"CHEMBL4476518","COc1cc(O)c(C(=O)/C=C/c2cccc(N3CCOCC3)c2)c(OC)c1","COc1cc(O)c(C(=O)/C=C/c2cccc(N3CCOCC3)c2)c(OC)c1","train"
"CHEMBL4476519","CNc1cc(Oc2ccccc2)nc(N)n1","CNc1cc(Oc2ccccc2)nc(N)n1","train"
"CHEMBL4476520","CCn1cncc1-c1c[nH]c2ccc(OC(F)(F)F)cc12","CCn1cncc1-c1c[nH]c2ccc(OC(F)(F)F)cc12","train"
"CHEMBL4476521","FC(F)(F)[C@@H]1CN(c2nc(-c3ccncc3)nc3cnccc23)CCN1","FC(F)(F)[C@@H]1CN(c2nc(-c3ccncc3)nc3cnccc23)CCN1","train"
"CHEMBL4476523","CCCOP(=O)(OCCC)C(c1cc(C(C)(C)C)c(O)c(C(C)(C)C)c1)c1ccc(N)nc1N","CCCOP(=O)(OCCC)C(c1cc(C(C)(C)C)c(O)c(C(C)(C)C)c1)c1ccc(N)nc1N","train"
"CHEMBL4476525","O=c1cc(NCCCN2CCN(c3nccc4ccc(F)cc34)CC2)c2c(o1)CCS(=O)(=O)C2","O=c1cc(NCCCN2CCN(c3nccc4ccc(F)cc34)CC2)c2c(o1)CCS(=O)(=O)C2","train"
"CHEMBL4476526","Cc1cc(C(=O)Nc2ccc(C(=O)O)cc2)n(Cc2csc(C3CCCCC3)n2)c1","Cc1cc(C(=O)Nc2ccc(C(=O)O)cc2)n(Cc2csc(C3CCCCC3)n2)c1","train"
"CHEMBL4476530","CN(C)C1(Cc2ccccc2)CCN(c2cc(C(F)(F)F)ccc2CNC(=O)NCc2ccc(NS(C)(=O)=O)c(F)c2)CC1","CN(C)C1(Cc2ccccc2)CCN(c2cc(C(F)(F)F)ccc2CNC(=O)NCc2ccc(NS(C)(=O)=O)c(F)c2)CC1","train"
"CHEMBL4476531","COc1ccc(C(=O)O)cc1S(=O)(=O)N(C)c1cc(C(F)(F)F)ccc1N1CCCCC1","COc1ccc(C(=O)O)cc1S(=O)(=O)N(C)c1cc(C(F)(F)F)ccc1N1CCCCC1","train"
"CHEMBL4476532","Cc1ncc(-c2cccc(Cl)c2-c2cc3cnc(N)nc3nc2N2C[C@@H]3[C@@H](N)[C@@H]3C2)s1","Cc1ncc(-c2cccc(Cl)c2-c2cc3cnc(N)nc3nc2N2C[C@@H]3[C@@H](N)[C@@H]3C2)s1","train"
"CHEMBL4476533","C=CC(=O)N1CC(NC(=O)Cn2cc(C(=O)N3CCc4ccccc4C3)c3cc(Br)ccc32)C1","C=CC(=O)N1CC(NC(=O)Cn2cc(C(=O)N3CCc4ccccc4C3)c3cc(Br)ccc32)C1","train"
"CHEMBL4476534","Cc1cccc(NC(=O)CSc2n[nH]c(-c3ccccc3O)n2)c1C","Cc1cccc(NC(=O)CSc2n[nH]c(-c3ccccc3O)n2)c1C","train"
"CHEMBL4476535","CC(C)OC(=O)[C@H](C)N[P@](=O)(OC[C@@H]1[C@@H](O)[C@@H](O)[C@H](n2ccc(=O)[nH]c2=O)C1(F)F)Oc1ccccc1","CC(C)OC(=O)[C@H](C)N[P@](=O)(OC[C@@H]1[C@@H](O)[C@@H](O)[C@H](n2ccc(=O)[nH]c2=O)C1(F)F)Oc1ccccc1","train"
"CHEMBL4476537","Cc1ccc(N(C(=O)c2sc(C)nc2C)C(C(=O)NC2CCCCC2)c2cccc(C(F)(F)F)c2)cc1","Cc1ccc(N(C(=O)c2sc(C)nc2C)C(C(=O)NC2CCCCC2)c2cccc(C(F)(F)F)c2)cc1","train"
"CHEMBL4476538","[3H]c1ccc(C2CCN(Cc3ccn4c(CC5CC5)nnc4c3C(F)(F)F)CC2)cc1","[3H]c1ccc(C2CCN(Cc3ccn4c(CC5CC5)nnc4c3C(F)(F)F)CC2)cc1","train"
"CHEMBL4476539","CSc1ncnc2c1c1ccn(C)c1n2[C@@H]1O[C@H](CO)[C@@H](O)[C@H]1O","CSc1ncnc2c1c1ccn(C)c1n2[C@@H]1O[C@H](CO)[C@@H](O)[C@H]1O","train"
"CHEMBL4476541","COc1ncccc1NC(=O)c1c(N)cccc1S(=O)(=O)c1ccc([N+](=O)[O-])cc1","COc1ncccc1NC(=O)c1c(N)cccc1S(=O)(=O)c1ccc([N+](=O)[O-])cc1","train"
"CHEMBL4476542","O=c1nc(N2CCC3(CCN(c4ccc(F)cc4)C3)CC2)sc2c([N+](=O)[O-])cc(C(F)(F)F)cc12","O=c1nc(N2CCC3(CCN(c4ccc(F)cc4)C3)CC2)sc2c([N+](=O)[O-])cc(C(F)(F)F)cc12","train"
"CHEMBL4476543","O=C(NNC(=S)Nc1ccc(F)cc1)c1ccccc1","O=C(NNC(=S)Nc1ccc(F)cc1)c1ccccc1","train"
"CHEMBL4476547","CN1C/C(=C\c2ccc(N(C)C)cc2[N+](=O)[O-])C(=NO)/C(=C/c2ccc(N(C)C)cc2[N+](=O)[O-])C1","CN1C/C(=C\c2ccc(N(C)C)cc2[N+](=O)[O-])C(=NO)/C(=C/c2ccc(N(C)C)cc2[N+](=O)[O-])C1","train"
"CHEMBL4476548","COc1cc([C@@H]2c3cc4c(cc3[C@@H](Nc3cccc5cccnc35)[C@H]3COC(=O)[C@H]23)OCO4)cc(OC)c1OC","COc1cc([C@@H]2c3cc4c(cc3[C@@H](Nc3cccc5cccnc35)[C@H]3COC(=O)[C@H]23)OCO4)cc(OC)c1OC","train"
"CHEMBL4476549","Cn1c2ccccc2c2cc(/C=N/Nc3nc(-c4ccc([N+](=O)[O-])cc4)cs3)ccc21","Cn1c2ccccc2c2cc(/C=N/Nc3nc(-c4ccc([N+](=O)[O-])cc4)cs3)ccc21","train"
"CHEMBL4476551","CCCc1[nH]c2nc(N)nn2c(=O)c1Cc1cccc(Cl)c1","CCCc1[nH]c2nc(N)nn2c(=O)c1Cc1cccc(Cl)c1","train"
"CHEMBL4476552","Cc1cccc2c(=O)n(-c3ccc(I)cc3)cnc12","Cc1cccc2c(=O)n(-c3ccc(I)cc3)cnc12","train"
"CHEMBL4476553","C=C/C(C)=C/[C@@]1(C)SC(=O)C(CCc2ccc(C)cc2)=C1O","C=C/C(C)=C/[C@@]1(C)SC(=O)C(CCc2ccc(C)cc2)=C1O","train"
"CHEMBL4476555","CN(Cc1cc2c(=O)[nH]c(N)nc2[nH]1)C(=O)c1cc(C(=O)N[C@@H](CCC(=O)O)C(=O)O)cs1","CN(Cc1cc2c(=O)[nH]c(N)nc2[nH]1)C(=O)c1cc(C(=O)N[C@@H](CCC(=O)O)C(=O)O)cs1","train"
"CHEMBL4476556","CC(C)c1cc(/C=C2\Sc3ncccc3C2=O)c(Br)cc1O","CC(C)c1cc(/C=C2\Sc3ncccc3C2=O)c(Br)cc1O","train"
"CHEMBL4476557","CCOP(=O)(OCC)C1(c2ccccc2)N=CC2C(=O)N(c3ccc(C(F)(F)F)cc3)C(=O)C21","CCOP(=O)(OCC)C1(c2ccccc2)N=CC2C(=O)N(c3ccc(C(F)(F)F)cc3)C(=O)C21","train"
"CHEMBL4476559","O=C(/C=C/c1cccc(O)c1O)c1ccc(NS(=O)(=O)c2cccc(O)c2)cc1","O=C(/C=C/c1cccc(O)c1O)c1ccc(NS(=O)(=O)c2cccc(O)c2)cc1","train"
"CHEMBL4476560","COc1ccc(NC(=O)Cn2cc(COc3cc(OC(C)=O)c4c(=O)c5ccc(Br)cc5oc4c3)nn2)cc1OC","COc1ccc(NC(=O)Cn2cc(COc3cc(OC(C)=O)c4c(=O)c5ccc(Br)cc5oc4c3)nn2)cc1OC","train"
"CHEMBL4476562","COc1cc2nc(C)nc(N[C@H](C)c3cccc(C(F)(F)CO)c3)c2cc1C1=CCN(C(C)=O)CC1","COc1cc2nc(C)nc(N[C@H](C)c3cccc(C(F)(F)CO)c3)c2cc1C1=CCN(C(C)=O)CC1","train"
"CHEMBL4476563","Cc1nc(N[C@H](C)c2cccc(C(F)(F)F)c2)c2cc(-c3cnn(C4CCNCC4)c3)ccc2n1","Cc1nc(N[C@H](C)c2cccc(C(F)(F)F)c2)c2cc(-c3cnn(C4CCNCC4)c3)ccc2n1","train"
"CHEMBL4476566","Oc1c(F)cc(F)cc1-c1nc2ccccc2o1","Oc1c(F)cc(F)cc1-c1nc2ccccc2o1","train"
"CHEMBL4476569","COc1cccc2cc3c(cc12)C(=O)N(C(C)(C)C)C3=O","COc1cccc2cc3c(cc12)C(=O)N(C(C)(C)C)C3=O","train"
"CHEMBL4476571","O=C(Nc1ccc2c(=O)n(O)c(=O)[nH]c2c1)c1cccc(F)c1","O=C(Nc1ccc2c(=O)n(O)c(=O)[nH]c2c1)c1cccc(F)c1","train"
"CHEMBL4476574","CCCCNC(=O)Oc1ccc2c(=O)c3sc4c(=O)c5ccccc5c(=O)c4c3c(=O)c2c1","CCCCNC(=O)Oc1ccc2c(=O)c3sc4c(=O)c5ccccc5c(=O)c4c3c(=O)c2c1","train"
"CHEMBL4476576","O=C(O)CNC(=O)c1c(O)c2c(n(Cc3ccn(-c4ccccc4)n3)c1=O)COC2","O=C(O)CNC(=O)c1c(O)c2c(n(Cc3ccn(-c4ccccc4)n3)c1=O)COC2","train"
"CHEMBL4476577","O=C(CCc1cccc2c1B(O)OC2)Nc1ccc(-c2ccccc2)cc1","O=C(CCc1cccc2c1B(O)OC2)Nc1ccc(-c2ccccc2)cc1","train"
"CHEMBL4476579","O=C(O)c1cc(-c2ccc(C3CCNCC3)cc2)cc(-n2cc(-c3cccc(F)c3)nn2)c1","O=C(O)c1cc(-c2ccc(C3CCNCC3)cc2)cc(-n2cc(-c3cccc(F)c3)nn2)c1","train"
"CHEMBL4476582","O=C(NC1CCN(S(=O)(=O)c2ccc(CN3CCC3)cc2)CC1)c1cc(C2CC2)on1","O=C(NC1CCN(S(=O)(=O)c2ccc(CN3CCC3)cc2)CC1)c1cc(C2CC2)on1","train"
"CHEMBL4476586","Fc1ccc(Oc2ccc(Cn3cc(Cn4ccc5cncnc54)nn3)cc2)cc1","Fc1ccc(Oc2ccc(Cn3cc(Cn4ccc5cncnc54)nn3)cc2)cc1","train"
"CHEMBL4476587","CCCC1C(C(=O)Nc2cc(OC)ccc2Cl)=C(C)NC2=C1C(=O)CCC2","CCCC1C(C(=O)Nc2cc(OC)ccc2Cl)=C(C)NC2=C1C(=O)CCC2","train"
"CHEMBL4476588","CS(=O)(=O)Nc1cc(C2=CCOCC2)cnc1Cl","CS(=O)(=O)Nc1cc(C2=CCOCC2)cnc1Cl","train"
"CHEMBL4476590","C[C@H]1[C@H](C)CC[C@]2(C(=O)O)CC[C@]3(C)C(=CC[C@@H]4[C@@]5(C)Cc6sc(N7CCOCC7)nc6C(C)(C)[C@@H]5CC[C@]43C)[C@H]12","C[C@H]1[C@H](C)CC[C@]2(C(=O)O)CC[C@]3(C)C(=CC[C@@H]4[C@@]5(C)Cc6sc(N7CCOCC7)nc6C(C)(C)[C@@H]5CC[C@]43C)[C@H]12","train"
"CHEMBL4476591","O=C(CCCCCCC(=O)Nc1ccc(CC(=O)OCCCCCCC(F)CF)cc1)NO","O=C(CCCCCCC(=O)Nc1ccc(CC(=O)OCCCCCCC(F)CF)cc1)NO","train"
"CHEMBL4476596","CC1(C(=O)O)CCN(c2ccc(-c3ccc(-c4nc5cc(Cl)ccc5[nH]4)cn3)cn2)CC1","CC1(C(=O)O)CCN(c2ccc(-c3ccc(-c4nc5cc(Cl)ccc5[nH]4)cn3)cn2)CC1","train"
"CHEMBL4476597","CC1(C)OB(c2ccc3c(c2)CC[C@@H]2[C@@H]3CC[C@]3(C)C(=O)CC[C@@H]23)OC1(C)C","CC1(C)OB(c2ccc3c(c2)CC[C@@H]2[C@@H]3CC[C@]3(C)C(=O)CC[C@@H]23)OC1(C)C","train"
"CHEMBL4476599","CC(C)c1cc(C2COC3(CCCCC3)O2)n(C)n1","CC(C)c1cc(C2COC3(CCCCC3)O2)n(C)n1","train"
"CHEMBL4476600","O=C(NCCS(=O)(=O)O)c1cc(O)c2c(c1)C(=O)c1cc(O)cc(O)c1C2=O","O=C(NCCS(=O)(=O)O)c1cc(O)c2c(c1)C(=O)c1cc(O)cc(O)c1C2=O","train"
"CHEMBL4476601","CN1C(=O)S/C(=C\c2cc3cc[nH]c3c(F)c2Br)C1=O","CN1C(=O)S/C(=C\c2cc3cc[nH]c3c(F)c2Br)C1=O","train"
"CHEMBL4476603","CC(C)c1nc2cc(C(=O)O)ccc2n1-c1cccc([N+](=O)[O-])c1","CC(C)c1nc2cc(C(=O)O)ccc2n1-c1cccc([N+](=O)[O-])c1","train"
"CHEMBL4476605","O=C(NCCCCN1CCN(c2ccccc2C(F)(F)F)CC1)c1ccc(-c2ccsc2)cc1","O=C(NCCCCN1CCN(c2ccccc2C(F)(F)F)CC1)c1ccc(-c2ccsc2)cc1","train"
"CHEMBL4476606","O=C1Nc2ccc(Br)cc2/C1=C\c1ccccn1","O=C1Nc2ccc(Br)cc2/C1=C\c1ccccn1","train"
"CHEMBL4476607","Nc1ccc(-c2c[nH]c3nc(Nc4ccc(N5CCOCC5)cc4)nc(Oc4ccccc4)c23)cc1","Nc1ccc(-c2c[nH]c3nc(Nc4ccc(N5CCOCC5)cc4)nc(Oc4ccccc4)c23)cc1","train"
"CHEMBL4476608","CN(C(=O)[C@H](CCCNC(=N)N)NC(=O)c1ccccc1)[C@@H](CCCCN)C(=O)N[C@@H](C(N)=O)c1ccccc1","CN(C(=O)[C@H](CCCNC(=N)N)NC(=O)c1ccccc1)[C@@H](CCCCN)C(=O)N[C@@H](C(N)=O)c1ccccc1","train"
"CHEMBL4476609","N#Cc1ccc(/C=C/c2nc3ccccc3c(=O)n2-c2cccc(NC(=O)NCCc3cnc[nH]3)c2)cc1","N#Cc1ccc(/C=C/c2nc3ccccc3c(=O)n2-c2cccc(NC(=O)NCCc3cnc[nH]3)c2)cc1","train"
"CHEMBL4476610","CC(C)(NC(=O)Cc1ccc(F)c(C(F)(F)F)c1)C(=O)O","CC(C)(NC(=O)Cc1ccc(F)c(C(F)(F)F)c1)C(=O)O","train"
"CHEMBL4476611","CC(C)(C)c1cc(NC(=O)COC(=O)c2cnc(Cl)c(Cl)c2)n(-c2ccccc2)n1","CC(C)(C)c1cc(NC(=O)COC(=O)c2cnc(Cl)c(Cl)c2)n(-c2ccccc2)n1","train"
"CHEMBL4476612","COc1ccc(C(=O)/C=C/c2ncc[nH]2)cc1OC","COc1ccc(C(=O)/C=C/c2ncc[nH]2)cc1OC","train"
"CHEMBL4476613","COc1ccc(C(=O)O)c(NC(=O)c2ccc(Cc3c[nH]c4nc(N)[nH]c(=O)c34)cc2)c1","COc1ccc(C(=O)O)c(NC(=O)c2ccc(Cc3c[nH]c4nc(N)[nH]c(=O)c34)cc2)c1","train"
"CHEMBL4476614","CNC(=O)c1ccccc1Nc1nc(Nc2ccc(C(=O)N3CCN(C(=S)SCCS(C)(=O)=O)CC3)cc2)ncc1Cl","CNC(=O)c1ccccc1Nc1nc(Nc2ccc(C(=O)N3CCN(C(=S)SCCS(C)(=O)=O)CC3)cc2)ncc1Cl","train"
"CHEMBL4476618","CC(C)CCCc1c(O)ccc2c1O[C@@]1(C=C(Cl)C(=O)N1C)C2=O","CC(C)CCCc1c(O)ccc2c1O[C@@]1(C=C(Cl)C(=O)N1C)C2=O","train"
"CHEMBL4476619","Cc1ccc2c(n1)C(=O)C(Cl)=C(Nc1ccccc1)C2=O","Cc1ccc2c(n1)C(=O)C(Cl)=C(Nc1ccccc1)C2=O","train"
"CHEMBL4476621","O=C(NNC(=S)Nc1ccc(Cl)c(Cl)c1)c1ccccc1O","O=C(NNC(=S)Nc1ccc(Cl)c(Cl)c1)c1ccccc1O","train"
"CHEMBL4476625","Cc1cc(NC(=O)Cc2cccc(-c3ccccc3)c2)n(C2CCCCC2)n1","Cc1cc(NC(=O)Cc2cccc(-c3ccccc3)c2)n(C2CCCCC2)n1","train"
"CHEMBL4476626","CC/C=C\C/C=C\C/C=C\C/C=C\C/C=C\C/C=C\CCC(=O)NS(=O)(=O)c1cccs1","CC/C=C\C/C=C\C/C=C\C/C=C\C/C=C\C/C=C\CCC(=O)NS(=O)(=O)c1cccs1","train"
"CHEMBL4476628","O=C(CCCCCNc1cccc2c1C(=O)N(C1CCC(=O)NC1=O)C2=O)NCCCCCCNC(=O)CCCCC(=O)NCCN1C(=O)c2cccc3c(Sc4ccc(Br)cc4)ccc(c23)C1=O","O=C(CCCCCNc1cccc2c1C(=O)N(C1CCC(=O)NC1=O)C2=O)NCCCCCCNC(=O)CCCCC(=O)NCCN1C(=O)c2cccc3c(Sc4ccc(Br)cc4)ccc(c23)C1=O","train"
"CHEMBL4476629","CC(C)c1cccc(C2CCN(CCc3cnn(-c4nccc5c(=O)[nH]cnc45)c3)CC2)c1","CC(C)c1cccc(C2CCN(CCc3cnn(-c4nccc5c(=O)[nH]cnc45)c3)CC2)c1","train"
"CHEMBL4476632","C=C[C@H]1[C@H](O[C@@H]2O[C@H](CO)[C@@H](O)[C@H](O)[C@H]2O[C@@H]2O[C@H](CO)[C@@H](O)[C@H](O)[C@H]2O)OC=C2C(=O)N3Cc4c([nH]c5cc(O)ccc5c4=O)[C@H]3C[C@H]21","C=C[C@H]1[C@H](O[C@@H]2O[C@H](CO)[C@@H](O)[C@H](O)[C@H]2O[C@@H]2O[C@H](CO)[C@@H](O)[C@H](O)[C@H]2O)OC=C2C(=O)N3Cc4c([nH]c5cc(O)ccc5c4=O)[C@H]3C[C@H]21","train"
"CHEMBL4476634","CC(=O)N[C@@H]1COC(=O)[C@H](C(C)C)N(C)C(=O)[C@@H]2CSSC[C@@H](C(=O)N(C)[C@@H](C(C)C)C(=O)OC[C@@H](NC(C)=O)C(=O)N[C@@H](C)C(=O)N2C)N(C)C(=O)[C@H](C)NC1=O","CC(=O)N[C@@H]1COC(=O)[C@H](C(C)C)N(C)C(=O)[C@@H]2CSSC[C@@H](C(=O)N(C)[C@@H](C(C)C)C(=O)OC[C@@H](NC(C)=O)C(=O)N[C@@H](C)C(=O)N2C)N(C)C(=O)[C@H](C)NC1=O","train"
"CHEMBL4476635","O=C(Nc1ccc([N+](=O)[O-])c(Cl)c1)c1cc(Cl)ccc1O","O=C(Nc1ccc([N+](=O)[O-])c(Cl)c1)c1cc(Cl)ccc1O","train"
"CHEMBL4476636","C=CCOc1cc(/C=C/C(=O)Nc2cc(OC)c(OC)c(OC)c2)ccc1N/C=C\C(=O)c1ccc(OC)c([N+](=O)[O-])c1","C=CCOc1cc(/C=C/C(=O)Nc2cc(OC)c(OC)c(OC)c2)ccc1N/C=C\C(=O)c1ccc(OC)c([N+](=O)[O-])c1","train"
"CHEMBL4476639","COc1ccc(C2=NN(C(C)=O)C(c3ccc(-n4ccnc4)cc3)C2)cc1OC","COc1ccc(C2=NN(C(C)=O)C(c3ccc(-n4ccnc4)cc3)C2)cc1OC","train"
"CHEMBL4476640","CCCCn1cc(C(=O)O)c(=O)c2ccccc21","CCCCn1cc(C(=O)O)c(=O)c2ccccc21","train"
"CHEMBL4476641","O=C(CCN1CCCC1)Nc1ccc(-n2cc(-c3cccc(-c4cn(-c5ccc(NC(=O)CCN6CCCC6)cc5)nn4)c3)nn2)cc1","O=C(CCN1CCCC1)Nc1ccc(-n2cc(-c3cccc(-c4cn(-c5ccc(NC(=O)CCN6CCCC6)cc5)nn4)c3)nn2)cc1","train"
"CHEMBL4476642","CCCCCn1cc(C(=O)N[C@H](C(N)=O)C(C)(C)C)c2cccnc21","CCCCCn1cc(C(=O)N[C@H](C(N)=O)C(C)(C)C)c2cccnc21","train"
"CHEMBL4476643","N=C(N)NCCC[C@H](N)CNC(=O)NCCCC[C@H](N)C(=O)N[C@H](CCN)C(=O)N1C=CC[C@H]1C(=O)N[C@@H](CCCNC(=N)N)C(=O)O","N=C(N)NCCC[C@H](N)CNC(=O)NCCCC[C@H](N)C(=O)N[C@H](CCN)C(=O)N1C=CC[C@H]1C(=O)N[C@@H](CCCNC(=N)N)C(=O)O","train"
"CHEMBL4476646","COc1cc(NC(=O)c2ccc(F)c(C#Cc3cc(-c4cnn(C)c4)cnc3N)c2)cc(OC)c1","COc1cc(NC(=O)c2ccc(F)c(C#Cc3cc(-c4cnn(C)c4)cnc3N)c2)cc(OC)c1","train"
"CHEMBL4476647","O=C(O)c1cccc(-c2cnc(Nc3cccc(F)c3F)o2)c1","O=C(O)c1cccc(-c2cnc(Nc3cccc(F)c3F)o2)c1","train"
"CHEMBL4476648","COc1cc2c(Oc3ccc(NS(=O)(=O)c4ccccc4Cl)cc3F)ccnc2cc1OCCCN1CCN(C)CC1","COc1cc2c(Oc3ccc(NS(=O)(=O)c4ccccc4Cl)cc3F)ccnc2cc1OCCCN1CCN(C)CC1","train"
"CHEMBL4476649","O=C(NCc1cccc(C(F)(F)F)c1)c1cccc2c1cnn2Cc1ccccc1","O=C(NCc1cccc(C(F)(F)F)c1)c1cccc2c1cnn2Cc1ccccc1","train"
"CHEMBL4476650","COc1ccc(-c2nn[se]c2-n2nnc(-c3ccccc3)n2)cc1","COc1ccc(-c2nn[se]c2-n2nnc(-c3ccccc3)n2)cc1","train"
"CHEMBL4476651","O=C(CCSc1ccc2c(/C=C/c3ccccn3)n[nH]c2c1)Nc1ccc(CN2CCOCC2)c(C(F)(F)F)c1","O=C(CCSc1ccc2c(/C=C/c3ccccn3)n[nH]c2c1)Nc1ccc(CN2CCOCC2)c(C(F)(F)F)c1","train"
"CHEMBL4476652","N#C/C(=C\c1cc(O)c(O)c([N+](=O)[O-])c1)C(=O)N1CCC[C@H]1C(=O)O","N#C/C(=C\c1cc(O)c(O)c([N+](=O)[O-])c1)C(=O)N1CCC[C@H]1C(=O)O","train"
"CHEMBL4476653","COc1ccc(N(C)C(=O)[C@H](Cc2ccccc2)NC(=O)CNS(=O)(=O)c2ccc(Br)cc2)cc1","COc1ccc(N(C)C(=O)[C@H](Cc2ccccc2)NC(=O)CNS(=O)(=O)c2ccc(Br)cc2)cc1","train"
"CHEMBL4476654","Cn1c(C(=O)NC2(c3ccc(C(CC(=O)O)c4cccnc4)cc3)COC2)cc2c(Cl)c(Cl)ccc21","Cn1c(C(=O)NC2(c3ccc(C(CC(=O)O)c4cccnc4)cc3)COC2)cc2c(Cl)c(Cl)ccc21","train"
"CHEMBL4476656","O=C(Oc1c(CN2CCOCC2)cc(Cl)c2cccnc12)c1ccco1","O=C(Oc1c(CN2CCOCC2)cc(Cl)c2cccnc12)c1ccco1","train"
"CHEMBL4476659","C/C(=N\NC(=N)N)c1sc(-c2ccc(C#CCCn3ccnc3)cc2)nc1C","C/C(=N\NC(=N)N)c1sc(-c2ccc(C#CCCn3ccnc3)cc2)nc1C","train"
"CHEMBL4476661","COc1cc(OC)c2c(=O)c(-c3cc(OC)c(OCC=C(C)C)cc3OC)coc2c1","COc1cc(OC)c2c(=O)c(-c3cc(OC)c(OCC=C(C)C)cc3OC)coc2c1","train"
"CHEMBL4476663","c1cnc2[nH]cnc2c1","c1cnc2[nH]cnc2c1","train"
"CHEMBL4476664","COc1ccc(C2C(Cl)C(=O)N2NC(=O)Nc2nc3ccc(Cl)cc3s2)cc1","COc1ccc(C2C(Cl)C(=O)N2NC(=O)Nc2nc3ccc(Cl)cc3s2)cc1","train"
"CHEMBL4476665","Nc1ccc(NC(=O)C(=O)O)cc1","Nc1ccc(NC(=O)C(=O)O)cc1","train"
"CHEMBL4476668","CC(=O)C(C)(C)/C=C/[C@@H](C)[C@@]1(O)C(=O)[C@H]2[C@@H](C=C[C@@H]2C)[C@H](C)[C@@H]1O","CC(=O)C(C)(C)/C=C/[C@@H](C)[C@@]1(O)C(=O)[C@H]2[C@@H](C=C[C@@H]2C)[C@H](C)[C@@H]1O","train"
"CHEMBL4476669","COc1ccc(/C=C/c2cc(=O)oc3c2ccc2c(C)cccc23)cc1OC","COc1ccc(/C=C/c2cc(=O)oc3c2ccc2c(C)cccc23)cc1OC","train"
"CHEMBL4476671","CC1CN(c2cnc3cnn(C(C)c4ccc(Cl)cc4Cl)c3n2)CCC1N1CCCCC1","CC1CN(c2cnc3cnn(C(C)c4ccc(Cl)cc4Cl)c3n2)CCC1N1CCCCC1","train"
"CHEMBL4476672","Cn1c(=O)c2c(nc3n2CCN(c2ccc(Cl)cc2)C3)n(C)c1=O","Cn1c(=O)c2c(nc3n2CCN(c2ccc(Cl)cc2)C3)n(C)c1=O","train"
"CHEMBL4476676","COc1ccccc1Oc1cc(NC(=O)N2CCCc3cc(CN4CCOCC4=O)c(C=O)nc32)ncc1C#N","COc1ccccc1Oc1cc(NC(=O)N2CCCc3cc(CN4CCOCC4=O)c(C=O)nc32)ncc1C#N","train"
"CHEMBL4476678","COc1cccc(-n2cc(-c3ccccc3Sc3ccc(C(F)(F)F)cc3)nn2)c1OC","COc1cccc(-n2cc(-c3ccccc3Sc3ccc(C(F)(F)F)cc3)nn2)c1OC","train"
"CHEMBL4476679","CS(=O)(=O)c1cnc(NS(=O)(=O)Cc2cc(Cl)cc(Cl)c2)c(O)n1","CS(=O)(=O)c1cnc(NS(=O)(=O)Cc2cc(Cl)cc(Cl)c2)c(O)n1","train"
"CHEMBL4476680","C#CCSc1nc(Nc2nnnn2C)c(C#N)c(-c2cc(OC)c(OC)c(OC)c2)n1","C#CCSc1nc(Nc2nnnn2C)c(C#N)c(-c2cc(OC)c(OC)c(OC)c2)n1","train"
"CHEMBL4476681","CCc1sc(NC(=O)C23CC4CC(CC(C4)C2)C3)c(C(=O)OC)c1C","CCc1sc(NC(=O)C23CC4CC(CC(C4)C2)C3)c(C(=O)OC)c1C","train"
"CHEMBL4476682","Clc1ccc(Cn2c(CCc3c[nH]c4ccccc34)nnc2C2CCNCC2)cc1Cl","Clc1ccc(Cn2c(CCc3c[nH]c4ccccc34)nnc2C2CCNCC2)cc1Cl","train"
"CHEMBL4476683","COc1cc(O)c2c(ccc3c(OC)c(O)ccc32)c1-c1c(OC)cc(O)c2c1ccc1c(OC)c(O)ccc12","COc1cc(O)c2c(ccc3c(OC)c(O)ccc32)c1-c1c(OC)cc(O)c2c1ccc1c(OC)c(O)ccc12","train"
"CHEMBL4476685","CCN(Cc1ccc(OCCCOc2ccc(CC(=O)NO)cc2)cc1)CC(O)(Cn1cncn1)c1ccc(F)cc1F","CCN(Cc1ccc(OCCCOc2ccc(CC(=O)NO)cc2)cc1)CC(O)(Cn1cncn1)c1ccc(F)cc1F","train"
"CHEMBL4476686","O=C(NC(Cn1cncn1)C(=O)c1ccccc1)c1ccc(-c2ccccc2)cc1","O=C(NC(Cn1cncn1)C(=O)c1ccccc1)c1ccc(-c2ccccc2)cc1","train"
"CHEMBL4476688","Cc1cc(OC2CCCC2)cc(C(=O)Nc2ccccn2)n1","Cc1cc(OC2CCCC2)cc(C(=O)Nc2ccccn2)n1","train"
"CHEMBL4476690","CN(C(=O)CNC(=O)c1ccc2ncsc2c1)C1CCS(=O)(=O)CC1","CN(C(=O)CNC(=O)c1ccc2ncsc2c1)C1CCS(=O)(=O)CC1","train"
"CHEMBL4476691","C[C@@H](O)[C@H](N)C(=O)NC/C=C/Cn1cnc2cc(Br)c(Br)cc2c1=O","C[C@@H](O)[C@H](N)C(=O)NC/C=C/Cn1cnc2cc(Br)c(Br)cc2c1=O","train"
"CHEMBL4476692","Oc1ccc2c(c1)CCCC(c1ccc3[nH]ncc3c1)=C2c1ccc(O[C@H]2CCN(CCCF)C2)cc1","Oc1ccc2c(c1)CCCC(c1ccc3[nH]ncc3c1)=C2c1ccc(O[C@H]2CCN(CCCF)C2)cc1","train"
"CHEMBL4476693","[2H]C1([2H])C([2H])([2H])C([2H])([2H])C([2H])(Sc2ncc(COc3cc(F)c(C#CCOC(=O)NC4CCN(C)CC4)cc3F)n2-c2cccnc2)C1([2H])[2H]","[2H]C1([2H])C([2H])([2H])C([2H])([2H])C([2H])(Sc2ncc(COc3cc(F)c(C#CCOC(=O)NC4CCN(C)CC4)cc3F)n2-c2cccnc2)C1([2H])[2H]","train"
"CHEMBL4476695","C=CC(=O)N1CCC(O)(CNc2ncnc(N)c2-c2ccc(Oc3ccccc3)cc2)CC1","C=CC(=O)N1CCC(O)(CNc2ncnc(N)c2-c2ccc(Oc3ccccc3)cc2)CC1","train"
"CHEMBL4476696","COc1cc2c(cc1C)NC(=O)/C2=C/c1c(OC)nc2sc(C)cn12","COc1cc2c(cc1C)NC(=O)/C2=C/c1c(OC)nc2sc(C)cn12","train"
"CHEMBL4476697","O=C(NC(=S)Nc1ccc([N+](=O)[O-])cc1O)c1ccc([N+](=O)[O-])cc1","O=C(NC(=S)Nc1ccc([N+](=O)[O-])cc1O)c1ccc([N+](=O)[O-])cc1","train"
"CHEMBL4476698","CCNC(=O)Nc1ccc(-c2nccc(N3CCOC[C@@H]3C)n2)cc1","CCNC(=O)Nc1ccc(-c2nccc(N3CCOC[C@@H]3C)n2)cc1","train"
"CHEMBL4476699","CCc1cccc(N2CCN(CCCCNC(=O)c3cc4ccccc4o3)CC2)c1Cl","CCc1cccc(N2CCN(CCCCNC(=O)c3cc4ccccc4o3)CC2)c1Cl","train"
"CHEMBL4476700","CNC(=O)c1cc(Oc2ccc(NC(=O)c3ccc(F)cc3)cc2)ccc1N","CNC(=O)c1cc(Oc2ccc(NC(=O)c3ccc(F)cc3)cc2)ccc1N","train"
"CHEMBL4476702","Clc1ccc(-c2nnc(/N=C/c3ccc(Cl)cc3Cl)s2)cc1","Clc1ccc(-c2nnc(/N=C/c3ccc(Cl)cc3Cl)s2)cc1","train"
"CHEMBL4476704","O=C(C1CCCO1)N1CCN(CC(NCc2ccccc2)c2ccccc2)CC1","O=C(C1CCCO1)N1CCN(CC(NCc2ccccc2)c2ccccc2)CC1","train"
"CHEMBL4476705","FC(F)(F)c1cccc(-c2n[nH]cc2-c2ccncc2)c1","FC(F)(F)c1cccc(-c2n[nH]cc2-c2ccncc2)c1","train"
"CHEMBL4476707","COC1=CC[C@@H]2C[C@H]3OC(=O)C[C@H]4C(CO)=C(OC)C(=O)[C@H]([C@@]2(C)C1=O)[C@@]34C","COC1=CC[C@@H]2C[C@H]3OC(=O)C[C@H]4C(CO)=C(OC)C(=O)[C@H]([C@@]2(C)C1=O)[C@@]34C","train"
"CHEMBL4476708","CCCCCCCC(=O)NCCCC[C@H](NC(=O)OCc1ccccc1)C(=O)Nc1ccc2c(C)cc(=O)oc2c1","CCCCCCCC(=O)NCCCC[C@H](NC(=O)OCc1ccccc1)C(=O)Nc1ccc2c(C)cc(=O)oc2c1","train"
"CHEMBL4476713","O=[N+]([O-])c1cc(-c2nnc(SCc3ccc(Br)cc3)n2Cc2ccccc2)cc(C(F)(F)F)c1","O=[N+]([O-])c1cc(-c2nnc(SCc3ccc(Br)cc3)n2Cc2ccccc2)cc(C(F)(F)F)c1","train"
"CHEMBL4476714","Nc1ccc2ncc(-c3cccc4ccccc34)nc2c1","Nc1ccc2ncc(-c3cccc4ccccc34)nc2c1","train"
"CHEMBL4804033","CCCCCn1cc(-c2cccc(C)c2C)nc1N","CCCCCn1cc(-c2cccc(C)c2C)nc1N","train"
"CHEMBL4804034","CCCOc1ccc2oc(CC)cc2c1[C@H]1C[C@@H]1CN","CCCOc1ccc2oc(CC)cc2c1[C@H]1C[C@@H]1CN","train"
"CHEMBL4804036","CC1(C)N=C(N)N=C(N)N1OCCSc1ccc(Cl)cc1","CC1(C)N=C(N)N=C(N)N1OCCSc1ccc(Cl)cc1","train"
"CHEMBL4804038","NC1=NC(c2ccccc2)N(CCCOc2cc(Cl)c(Cl)cc2Cl)C(N)=N1","NC1=NC(c2ccccc2)N(CCCOc2cc(Cl)c(Cl)cc2Cl)C(N)=N1","train"
"CHEMBL4804039","N=C(N)SCc1ccc(CN2C(=O)C(=O)c3cc(F)ccc32)cc1","N=C(N)SCc1ccc(CN2C(=O)C(=O)c3cc(F)ccc32)cc1","train"
"CHEMBL4804040","Brc1ccc(-[n+]2ccc3ccccc3c2)cc1","Brc1ccc(-[n+]2ccc3ccccc3c2)cc1","train"
"CHEMBL4804042","CNS(=O)(=O)c1ccc(C)c(NC(=O)[C@@H](CC2CCCCC2)NC(=N)NC(=O)Cc2cc(C(F)(F)F)cc(C(F)(F)F)c2)c1","CNS(=O)(=O)c1ccc(C)c(NC(=O)[C@@H](CC2CCCCC2)NC(=N)NC(=O)Cc2cc(C(F)(F)F)cc(C(F)(F)F)c2)c1","train"
"CHEMBL4804043","CC(C)(O)c1coc(S(=O)(=O)NC(=O)Nc2ccccc2)c1","CC(C)(O)c1coc(S(=O)(=O)NC(=O)Nc2ccccc2)c1","train"
"CHEMBL4804044","COc1cc(C(=O)c2ccc(-c3csc(N[C@H](C(=O)O)C(C)C)n3)cc2-n2cncn2)cc(OC)c1OC","COc1cc(C(=O)c2ccc(-c3csc(N[C@H](C(=O)O)C(C)C)n3)cc2-n2cncn2)cc(OC)c1OC","train"
"CHEMBL4804045","CN(c1ccccc1)c1cc[n+](Cc2ccc(C(F)(F)F)cc2)c2cc(Cl)ccc12","CN(c1ccccc1)c1cc[n+](Cc2ccc(C(F)(F)F)cc2)c2cc(Cl)ccc12","train"
"CHEMBL4804046","COC(=O)N[C@H](C(=O)N1CCC[C@H]1c1ncc(C#CC#Cc2c(C)cc(-c3cnc([C@@H]4CCCN4C(=O)[C@@H](NC(=O)OC)C(C)C)[nH]3)cc2-c2ccccc2)[nH]1)C(C)C","COC(=O)N[C@H](C(=O)N1CCC[C@H]1c1ncc(C#CC#Cc2c(C)cc(-c3cnc([C@@H]4CCCN4C(=O)[C@@H](NC(=O)OC)C(C)C)[nH]3)cc2-c2ccccc2)[nH]1)C(C)C","train"
"CHEMBL4804048","COc1ccc(-[n+]2ccc3cccc(OC)c3c2)cc1","COc1ccc(-[n+]2ccc3cccc(OC)c3c2)cc1","train"
"CHEMBL4804049","CCCCC[N+]1(C)CCN(c2ccc(/C=C3\Cc4cc(OC)c(OC)cc4C3=O)cc2)CC1","CCCCC[N+]1(C)CCN(c2ccc(/C=C3\Cc4cc(OC)c(OC)cc4C3=O)cc2)CC1","train"
"CHEMBL4804050","C=CCc1ccc(OC)c(-c2ccc(OCCCCCc3c4[n+](cc5c(OC)c(OC)ccc35)CCc3cc5c(cc3-4)OCO5)c(CC=C)c2)c1","C=CCc1ccc(OC)c(-c2ccc(OCCCCCc3c4[n+](cc5c(OC)c(OC)ccc35)CCc3cc5c(cc3-4)OCO5)c(CC=C)c2)c1","train"
"CHEMBL4804051","CNC(=O)c1nnc(NC(=O)C2CC2)cc1Nc1cccc(-c2ncc(OC)cn2)c1OC","CNC(=O)c1nnc(NC(=O)C2CC2)cc1Nc1cccc(-c2ncc(OC)cn2)c1OC","train"
"CHEMBL4804052","CN1CCN(C(=O)N[C@@H](Cc2ccccc2)C(=O)N[C@@H](CCCNC(=N)N)CSS(=O)(=O)c2ccccc2)CC1","CN1CCN(C(=O)N[C@@H](Cc2ccccc2)C(=O)N[C@@H](CCCNC(=N)N)CSS(=O)(=O)c2ccccc2)CC1","train"
"CHEMBL4804053","COc1cccc2cc[n+](-c3cccc(C(F)(F)F)c3)cc12","COc1cccc2cc[n+](-c3cccc(C(F)(F)F)c3)cc12","train"
"CHEMBL4804054","COc1cccc2cc[n+](-c3cc(Cl)cc(Cl)c3)cc12","COc1cccc2cc[n+](-c3cc(Cl)cc(Cl)c3)cc12","train"
"CHEMBL4804057","CCCCCCCCCCN(C[C@H]1CN(c2ccc(N3CCOCC3)c(F)c2)C(=O)O1)C(=O)[C@@H](N)CCCN=C(N)N","CCCCCCCCCCN(C[C@H]1CN(c2ccc(N3CCOCC3)c(F)c2)C(=O)O1)C(=O)[C@@H](N)CCCN=C(N)N","train"
"CHEMBL4804058","CNC(=O)c1nnc(NC(=O)C2CC2)cc1Nc1cccc(-c2ncccn2)c1OC","CNC(=O)c1nnc(NC(=O)C2CC2)cc1Nc1cccc(-c2ncccn2)c1OC","train"
"CHEMBL4804059","COC(=O)N[C@H](C(=O)N1CCC[C@H]1c1ncc(C#CC#Cc2ccc(-c3cnc([C@@H]4CCCN4C(=O)[C@@H](NC(=O)OC)C(C)C)[nH]3)cc2-c2ccc(C(C)(C)C)cc2)[nH]1)C(C)C","COC(=O)N[C@H](C(=O)N1CCC[C@H]1c1ncc(C#CC#Cc2ccc(-c3cnc([C@@H]4CCCN4C(=O)[C@@H](NC(=O)OC)C(C)C)[nH]3)cc2-c2ccc(C(C)(C)C)cc2)[nH]1)C(C)C","train"
"CHEMBL4804060","O=C(COc1ccc(-c2nc3cc(C4=NCCN4)ccc3[nH]2)cc1)N1CCOCC1","O=C(COc1ccc(-c2nc3cc(C4=NCCN4)ccc3[nH]2)cc1)N1CCOCC1","train"
"CHEMBL4804062","Cc1cc(Nc2ccc(S(=O)(=O)Nc3ccc4ccccc4c3)cc2)n2nc(C)cc2n1","Cc1cc(Nc2ccc(S(=O)(=O)Nc3ccc4ccccc4c3)cc2)n2nc(C)cc2n1","train"
"CHEMBL4804063","Cc1ccc(S(=O)(=O)n2ccc3ccc(CO[C@H](C(=O)O)[C@H](N)C(=O)O)cc32)cc1","Cc1ccc(S(=O)(=O)n2ccc3ccc(CO[C@H](C(=O)O)[C@H](N)C(=O)O)cc32)cc1","train"
"CHEMBL4804064","CCCOc1c2cc(C[N+](C)(C)CCO)cc1Cc1cc(C[N+](C)(C)CCO)cc(c1OCCC)Cc1cc(C[N+](C)(C)CCO)cc(c1OCCC)Cc1cc(C[N+](C)(C)CCO)cc(c1OCCC)C2","CCCOc1c2cc(C[N+](C)(C)CCO)cc1Cc1cc(C[N+](C)(C)CCO)cc(c1OCCC)Cc1cc(C[N+](C)(C)CCO)cc(c1OCCC)Cc1cc(C[N+](C)(C)CCO)cc(c1OCCC)C2","train"
"CHEMBL4804065","N[C@@H](CC1=CC(=O)C(=O)C=C1)C(=O)O","N[C@@H](CC1=CC(=O)C(=O)C=C1)C(=O)O","train"
"CHEMBL4804066","CCCCCn1cc(-c2ccccc2C(=O)OC)nc1N","CCCCCn1cc(-c2ccccc2C(=O)OC)nc1N","train"
"CHEMBL4804068","C=CC[N+]1(C)CCN(c2ccc(/C=C3\Cc4cc(OC)c(OC)cc4C3=O)cc2)CC1","C=CC[N+]1(C)CCN(c2ccc(/C=C3\Cc4cc(OC)c(OC)cc4C3=O)cc2)CC1","train"
"CHEMBL4804069","C=CCc1ccc(OCCCCCc2c3[n+](cc4c(OC)c(OC)ccc24)CCc2cc4c(cc2-3)OCO4)c(-c2ccc(O)c(CC=C)c2)c1","C=CCc1ccc(OCCCCCc2c3[n+](cc4c(OC)c(OC)ccc24)CCc2cc4c(cc2-3)OCO4)c(-c2ccc(O)c(CC=C)c2)c1","train"
"CHEMBL4804071","CN(C)CCCN1c2ccc(Cl)cc2Sc2cc(Cl)cc(Cl)c21","CN(C)CCCN1c2ccc(Cl)cc2Sc2cc(Cl)cc(Cl)c21","train"
"CHEMBL4804072","Cc1ccc(C(=O)C[n+]2ccn3cccc3c2-c2ccc(F)cc2)cc1","Cc1ccc(C(=O)C[n+]2ccn3cccc3c2-c2ccc(F)cc2)cc1","train"
"CHEMBL4804073","COc1ccc(C(=O)Nc2cc[n+](Cc3ccccc3)cc2)cc1","COc1ccc(C(=O)Nc2cc[n+](Cc3ccccc3)cc2)cc1","train"
"CHEMBL4804074","CCCCCn1cc(-c2ccc(C)cc2C)nc1N","CCCCCn1cc(-c2ccc(C)cc2C)nc1N","train"
"CHEMBL4804076","CCCCCCCC[N+](C)(CCCCCCCC)Cc1cc(O)c2c(c1)C(=O)c1cccc(O)c1C2=O","CCCCCCCC[N+](C)(CCCCCCCC)Cc1cc(O)c2c(c1)C(=O)c1cccc(O)c1C2=O","train"
"CHEMBL4804077","CCCCCCCCN(C[C@H]1CN(c2ccc(N3CCOCC3)c(F)c2)C(=O)O1)C(=O)[C@@H](N)CCCN=C(N)N","CCCCCCCCN(C[C@H]1CN(c2ccc(N3CCOCC3)c(F)c2)C(=O)O1)C(=O)[C@@H](N)CCCN=C(N)N","train"
"CHEMBL4804078","Cn1cc(-c2cn(Cc3ccc(-c4noc(C5(C(=N)N)CC5)n4)cc3)nn2)cn1","Cn1cc(-c2cn(Cc3ccc(-c4noc(C5(C(=N)N)CC5)n4)cc3)nn2)cn1","train"
"CHEMBL4804079","COc1cccc2cc[n+](-c3ccc(F)cc3)cc12","COc1cccc2cc[n+](-c3ccc(F)cc3)cc12","train"
"CHEMBL4804080","CNC(=O)c1cnc2[nH]cc(-c3cc(F)c4nccc(N5CCC[C@@H](N)C5)c4c3)c2c1","CNC(=O)c1cnc2[nH]cc(-c3cc(F)c4nccc(N5CCC[C@@H](N)C5)c4c3)c2c1","train"
"CHEMBL4804081","CCCCCn1cc(-c2cccnc2)nc1N","CCCCCn1cc(-c2cccnc2)nc1N","train"
"CHEMBL4804082","COC(=O)c1cc(OC[C@@H](COS(=O)(=O)O)OS(=O)(=O)O)ccc1OCCCCOS(=O)(=O)O","COC(=O)c1cc(OC[C@@H](COS(=O)(=O)O)OS(=O)(=O)O)ccc1OCCCCOS(=O)(=O)O","train"
"CHEMBL4804084","O=c1oc(Oc2ccc(F)cc2F)nn1-c1ccc(OCCN2CCNCC2)cc1","O=c1oc(Oc2ccc(F)cc2F)nn1-c1ccc(OCCN2CCNCC2)cc1","train"
"CHEMBL4804085","CC[N+](C)(CC)CCCO[B-]1(OCCC[N+](C)(CC)CC)n2c(C)c(I)c(C)c2C=C2C(C)=C(I)C(C)=[N+]21","CC[N+](C)(CC)CCCO[B-]1(OCCC[N+](C)(CC)CC)n2c(C)c(I)c(C)c2C=C2C(C)=C(I)C(C)=[N+]21","train"
"CHEMBL4804086","CC1=C(I)C(C)=[N+]2C1=Cc1c(C)c(I)c(C)n1[B-]2(OCc1cc[n+](C)cc1)OCc1cc[n+](C)cc1","CC1=C(I)C(C)=[N+]2C1=Cc1c(C)c(I)c(C)n1[B-]2(OCc1cc[n+](C)cc1)OCc1cc[n+](C)cc1","train"
"CHEMBL4804087","O=C(NO)c1cnc(N2CCC3(CCN(Cc4ccoc4)C3)CC2)nc1","O=C(NO)c1cnc(N2CCC3(CCN(Cc4ccoc4)C3)CC2)nc1","train"
"CHEMBL4804090","Clc1ccc2c(N3CCCC3)cc[n+](Cc3ccc(-c4ccccc4)cc3)c2c1","Clc1ccc2c(N3CCCC3)cc[n+](Cc3ccc(-c4ccccc4)cc3)c2c1","train"
"CHEMBL4804091","CN1CCCCC1CCN1c2ccccc2Sc2cc(Cl)ccc21","CN1CCCCC1CCN1c2ccccc2Sc2cc(Cl)ccc21","train"
"CHEMBL4804092","CN(C)CCCOc1ccc(-c2cc(=O)c3c(O)cc(OCCCCCC(=O)NO)cc3o2)cc1","CN(C)CCCOc1ccc(-c2cc(=O)c3c(O)cc(OCCCCCC(=O)NO)cc3o2)cc1","train"
"CHEMBL4804093","COc1ccccc1N1CCN(CCCCC(=O)Nc2ccccc2C(N)=O)CC1","COc1ccccc1N1CCN(CCCCC(=O)Nc2ccccc2C(N)=O)CC1","train"
"CHEMBL4804094","COc1cc2c(cc1OC)-c1cc3ccc(OC)c(OCCCNC(=O)CCCC[C@@H]4SC[C@@H]5NC(=O)N[C@@H]54)c3c[n+]1CC2","COc1cc2c(cc1OC)-c1cc3ccc(OC)c(OCCCNC(=O)CCCC[C@@H]4SC[C@@H]5NC(=O)N[C@@H]54)c3c[n+]1CC2","train"
"CHEMBL4804095","COc1ccccc1N1CCN(CCCCC(=O)NCc2ccc(C(C)(C)C)cc2)CC1","COc1ccccc1N1CCN(CCCCC(=O)NCc2ccc(C(C)(C)C)cc2)CC1","train"
"CHEMBL4804096","COc1cc(C(=O)Nc2cc[n+](Cc3ccccc3)cc2)cc(OC)c1OC","COc1cc(C(=O)Nc2cc[n+](Cc3ccccc3)cc2)cc(OC)c1OC","train"
"CHEMBL4804097","N=C(N)SCc1ccc(CN2C(=O)C(=O)c3cc(Br)ccc32)cc1","N=C(N)SCc1ccc(CN2C(=O)C(=O)c3cc(Br)ccc32)cc1","train"
"CHEMBL4804099","COc1cccc2cc[n+](-c3ccccc3C)cc12","COc1cccc2cc[n+](-c3ccccc3C)cc12","train"
"CHEMBL4804100","NC1=N[C@]2([C@H](O)N1)[C@@H](Cl)[C@H](CNC(=O)c1cc(Br)c(Br)[nH]1)[C@H]1CN3C(=O)c4cccn4[C@@H]4N=C(N)N[C@@]43[C@@H]12","NC1=N[C@]2([C@H](O)N1)[C@@H](Cl)[C@H](CNC(=O)c1cc(Br)c(Br)[nH]1)[C@H]1CN3C(=O)c4cccn4[C@@H]4N=C(N)N[C@@]43[C@@H]12","train"
"CHEMBL4804101","NC1=NC(c2ccccc2F)C2=C(N1)/C(=C/c1ccccc1F)CN(S(=O)(=O)c1ccc(O[N+](=O)[O-])cc1)C2","NC1=NC(c2ccccc2F)C2=C(N1)/C(=C/c1ccccc1F)CN(S(=O)(=O)c1ccc(O[N+](=O)[O-])cc1)C2","train"
"CHEMBL4804102","CCCCCCCCCn1cc(-c2noc(C[C@@H]3CCCN3C(=N)N)n2)c2ccccc21","CCCCCCCCCn1cc(-c2noc(C[C@@H]3CCCN3C(=N)N)n2)c2ccccc21","train"
"CHEMBL4804103","CC1(C)C(Cc2ccccc2)C(=[N+]2CCCC2)C=CN1Cc1ccc([N+](=O)[O-])cc1","CC1(C)C(Cc2ccccc2)C(=[N+]2CCCC2)C=CN1Cc1ccc([N+](=O)[O-])cc1","train"
"CHEMBL4804106","COc1ccc(CC(=O)NC(=N)N[C@H](CC2CCCCC2)C(=O)Nc2cc(S(=O)(=O)N3CCOCC3)ccc2C)cc1OC","COc1ccc(CC(=O)NC(=N)N[C@H](CC2CCCCC2)C(=O)Nc2cc(S(=O)(=O)N3CCOCC3)ccc2C)cc1OC","train"
"CHEMBL4804107","COc1ccccc1OCCCCCCCCCCC(=O)NS(=O)(=O)OC[C@H]1O[C@@H](n2cnc3c(N)ncnc32)[C@H](O)[C@@H]1O","COc1ccccc1OCCCCCCCCCCC(=O)NS(=O)(=O)OC[C@H]1O[C@@H](n2cnc3c(N)ncnc32)[C@H](O)[C@@H]1O","train"
"CHEMBL4804108","CN1CCCCC1CCN1c2c(Cl)cc(Cl)cc2Sc2cc(Cl)cc(Cl)c21","CN1CCCCC1CCN1c2c(Cl)cc(Cl)cc2Sc2cc(Cl)cc(Cl)c21","train"
"CHEMBL4804110","CN(C)CC1CN(C(=O)Nc2cccc(F)c2)CCC1(O)c1ccccc1","CN(C)CC1CN(C(=O)Nc2cccc(F)c2)CCC1(O)c1ccccc1","train"
"CHEMBL4804113","C[C@H]1c2ccc(NC(=O)CCCCCCCCCCC[P+](c3ccccc3)(c3ccccc3)c3ccccc3)c(O)c2C(=O)C2=C(O)[C@]3(O)C(=O)C(C(N)=O)=C(O)[C@@H](N(C)C)[C@@H]3[C@@H](O)[C@@H]21","C[C@H]1c2ccc(NC(=O)CCCCCCCCCCC[P+](c3ccccc3)(c3ccccc3)c3ccccc3)c(O)c2C(=O)C2=C(O)[C@]3(O)C(=O)C(C(N)=O)=C(O)[C@@H](N(C)C)[C@@H]3[C@@H](O)[C@@H]21","train"
"CHEMBL4804114","O=C(O)CCc1nc(-c2ccco2)no1","O=C(O)CCc1nc(-c2ccco2)no1","train"
"CHEMBL4804115","CS(=O)(=O)Nc1c(F)ccc(C(=O)c2n[nH]c3ncc(-c4ccncc4)cc23)c1F","CS(=O)(=O)Nc1c(F)ccc(C(=O)c2n[nH]c3ncc(-c4ccncc4)cc23)c1F","train"
"CHEMBL4804116","COc1ccc(CC(=O)NC(=N)N[C@H](CC2CCCCC2)C(=O)Nc2cc(S(=O)(=O)N(C)C)ccc2C)cc1OC","COc1ccc(CC(=O)NC(=N)N[C@H](CC2CCCCC2)C(=O)Nc2cc(S(=O)(=O)N(C)C)ccc2C)cc1OC","train"
"CHEMBL4804118","COc1cccc2cc[n+](-c3ccc(C)cc3)cc12","COc1cccc2cc[n+](-c3ccc(C)cc3)cc12","train"
"CHEMBL4804119","CCOc1ccc2occc2c1[C@@H]1C[C@H]1CN","CCOc1ccc2occc2c1[C@@H]1C[C@H]1CN","train"
"CHEMBL4804120","CN1CCCCC1CCN1c2ccc(Br)cc2Sc2cc(Br)cc(F)c21","CN1CCCCC1CCN1c2ccc(Br)cc2Sc2cc(Br)cc(F)c21","train"
"CHEMBL4804122","COc1ccccc1N1CCN(CCCC(=O)Nc2ccc(C(C)C)cc2)CC1","COc1ccccc1N1CCN(CCCC(=O)Nc2ccc(C(C)C)cc2)CC1","train"
"CHEMBL4804123","c1ccc2cc(Cn3cc[n+](CCCCCn4cc[n+](Cc5ccc6ccccc6c5)c4)c3)ccc2c1","c1ccc2cc(Cn3cc[n+](CCCCCn4cc[n+](Cc5ccc6ccccc6c5)c4)c3)ccc2c1","train"
"CHEMBL4804124","CN(CCCON1C(N)=NC(N)=NC1(C)C)c1ccc(Cl)c(Cl)c1","CN(CCCON1C(N)=NC(N)=NC1(C)C)c1ccc(Cl)c(Cl)c1","train"
"CHEMBL4804126","COC(=O)N[C@H](C(=O)N1CCC[C@H]1c1ncc(C#CC#Cc2ccc(-c3cnc([C@@H]4CCCN4C(=O)[C@@H](NC(=O)OC)C(C)C)[nH]3)cc2)[nH]1)c1ccccc1","COC(=O)N[C@H](C(=O)N1CCC[C@H]1c1ncc(C#CC#Cc2ccc(-c3cnc([C@@H]4CCCN4C(=O)[C@@H](NC(=O)OC)C(C)C)[nH]3)cc2)[nH]1)c1ccccc1","train"
"CHEMBL4804127","CN(C)CC1CN(C(=O)Nc2cccc(Cl)c2)CCC1(O)c1ccccc1","CN(C)CC1CN(C(=O)Nc2cccc(Cl)c2)CCC1(O)c1ccccc1","train"
"CHEMBL4804129","NC1=NC(c2ccccc2)N(OCCCOc2cc(Cl)c(Cl)cc2Cl)C(N)=N1","NC1=NC(c2ccccc2)N(OCCCOc2cc(Cl)c(Cl)cc2Cl)C(N)=N1","train"
"CHEMBL4804130","NC(N)=NCCCOc1ccc(C(=O)Nc2ccccc2Oc2ccc(F)cc2)cc1","NC(N)=NCCCOc1ccc(C(=O)Nc2ccccc2Oc2ccc(F)cc2)cc1","train"
"CHEMBL4804134","CN1CCN(Cc2ccc(/C(=C(/CCCO)c3ccccc3)c3ccc([N+](=O)[O-])cc3)cc2)CC1","CN1CCN(Cc2ccc(/C(=C(/CCCO)c3ccccc3)c3ccc([N+](=O)[O-])cc3)cc2)CC1","train"
"CHEMBL4804137","C=C(F)COc1ccc2occc2c1[C@@H]1C[C@H]1CN","C=C(F)COc1ccc2occc2c1[C@@H]1C[C@H]1CN","train"
"CHEMBL4804138","NC[C@H]1O[C@H](O[C@H]2[C@H](OCCCCCCCCN3CCCNCCNCCCNCC3)[C@@H](O)[C@H](N)C[C@@H]2N)[C@H](N)C[C@@H]1O","NC[C@H]1O[C@H](O[C@H]2[C@H](OCCCCCCCCN3CCCNCCNCCCNCC3)[C@@H](O)[C@H](N)C[C@@H]2N)[C@H](N)C[C@@H]1O","train"
"CHEMBL4804139","CNC(=O)c1nnc(NC(=O)C2CC2)cc1Nc1cccc(-c2ccccn2)c1OC","CNC(=O)c1nnc(NC(=O)C2CC2)cc1Nc1cccc(-c2ccccn2)c1OC","train"
"CHEMBL4804140","CC[C@H](C)[C@H](N)C(=O)Oc1ccc(/C=C/C(=O)/C=C(O)/C=C/c2ccc(OC(=O)[C@@H](N)[C@@H](C)CC)c(OC)c2)cc1OC","CC[C@H](C)[C@H](N)C(=O)Oc1ccc(/C=C/C(=O)/C=C(O)/C=C/c2ccc(OC(=O)[C@@H](N)[C@@H](C)CC)c(OC)c2)cc1OC","train"
"CHEMBL4804141","CCCCCn1cc(-c2cccc(Cl)c2)nc1N","CCCCCn1cc(-c2cccc(Cl)c2)nc1N","train"
"CHEMBL4804142","NC1=NC(c2ccccc2)N(OCCCOc2ccc(Cl)cc2)C(N)=N1","NC1=NC(c2ccccc2)N(OCCCOc2ccc(Cl)cc2)C(N)=N1","train"
"CHEMBL4804143","C[N+](C)(C)CC(=O)Nc1ccc2c(c1)C(=O)c1ccc(NC(=O)C[N+](C)(C)C)cc1C2=O","C[N+](C)(C)CC(=O)Nc1ccc2c(c1)C(=O)c1ccc(NC(=O)C[N+](C)(C)C)cc1C2=O","train"
"CHEMBL4804144","CCN(CC)C(=O)c1cnc(-c2cccc(Nc3cc(NC(=O)C4CC4)nnc3C(=O)NC)c2OC)nc1","CCN(CC)C(=O)c1cnc(-c2cccc(Nc3cc(NC(=O)C4CC4)nnc3C(=O)NC)c2OC)nc1","train"
"CHEMBL4804145","CC1=C(I)C(C)=[N+]2C1=Cc1c(C)c(I)c(C)n1[B-]2(C#CC[N+](C)(C)C)C#CC[N+](C)(C)C","CC1=C(I)C(C)=[N+]2C1=Cc1c(C)c(I)c(C)n1[B-]2(C#CC[N+](C)(C)C)C#CC[N+](C)(C)C","train"
"CHEMBL4804147","Clc1cc(Cl)c2c(c1)Sc1cc(Cl)cc(Cl)c1N2CCCN1CCOCC1","Clc1cc(Cl)c2c(c1)Sc1cc(Cl)cc(Cl)c1N2CCCN1CCOCC1","train"
"CHEMBL4804148","CCCCCCCCOc1ccc(COc2ccc(-c3noc([C@@H]4CCCN4C(=N)N)n3)cc2C(F)(F)F)cc1","CCCCCCCCOc1ccc(COc2ccc(-c3noc([C@@H]4CCCN4C(=N)N)n3)cc2C(F)(F)F)cc1","train"
"CHEMBL4804149","CN(C)CCCN1c2ccc(Br)cc2Sc2cc(Br)ccc21","CN(C)CCCN1c2ccc(Br)cc2Sc2cc(Br)ccc21","train"
"CHEMBL4804151","COc1ccc([N+]2=C3COCCN3C(O)(c3ccc(-c4ccccc4)cc3)C2)cc1","COc1ccc([N+]2=C3COCCN3C(O)(c3ccc(-c4ccccc4)cc3)C2)cc1","train"
"CHEMBL4804152","N[C@H]1CC[C@H](Nc2c([N+](=O)[O-])cnc3ccc(-c4c[nH]c5ncc(C(=O)NCc6cccnc6)cc45)cc23)CC1","N[C@H]1CC[C@H](Nc2c([N+](=O)[O-])cnc3ccc(-c4c[nH]c5ncc(C(=O)NCc6cccnc6)cc45)cc23)CC1","train"
"CHEMBL4804155","COc1cc2c(cc1OC)C(=O)/C(=C/c1ccc(N3CC[N+](C)(Cc4ccccc4)CC3)cc1)C2","COc1cc2c(cc1OC)C(=O)/C(=C/c1ccc(N3CC[N+](C)(Cc4ccccc4)CC3)cc1)C2","train"
"CHEMBL4804156","O=C(Nc1cc[n+](Cc2ccccc2)cc1)c1ccc(F)c(Cl)c1","O=C(Nc1cc[n+](Cc2ccccc2)cc1)c1ccc(F)c(Cl)c1","train"
"CHEMBL4804157","CCCCCC[P+](CCCCCC)(CCCCCC)CCCCCC[P+](CCCCCC)(CCCCCC)CCCCCC","CCCCCC[P+](CCCCCC)(CCCCCC)CCCCCC[P+](CCCCCC)(CCCCCC)CCCCCC","train"
"CHEMBL4804158","Cc1c(O)c(=O)ccn1CCCCCNCc1ccccc1","Cc1c(O)c(=O)ccn1CCCCCNCc1ccccc1","train"
"CHEMBL4804160","CN(C)CC1CN(C(=O)Nc2cc(C(F)(F)F)cc(C(F)(F)F)c2)CCC1(O)c1ccccc1","CN(C)CC1CN(C(=O)Nc2cc(C(F)(F)F)cc(C(F)(F)F)c2)CCC1(O)c1ccccc1","train"
"CHEMBL4804161","COc1ccc(CCc2ccc(CN3CCC[C@@H]3CO)cc2)cc1","COc1ccc(CCc2ccc(CN3CCC[C@@H]3CO)cc2)cc1","train"
"CHEMBL4804162","CN(C)CC1CN(C(=O)N(C)c2cccc(Cl)c2)CCC1(O)c1ccccc1","CN(C)CC1CN(C(=O)N(C)c2cccc(Cl)c2)CCC1(O)c1ccccc1","train"
"CHEMBL4804163","CCN(CCCON1C(N)=NC(N)=NC1(C)C)c1ccc(Cl)c(Cl)c1","CCN(CCCON1C(N)=NC(N)=NC1(C)C)c1ccc(Cl)c(Cl)c1","train"
"CHEMBL4804165","COc1cccc2cc[n+](-c3ccc(C(F)(F)F)cc3)cc12","COc1cccc2cc[n+](-c3ccc(C(F)(F)F)cc3)cc12","train"
"CHEMBL4804166","C#CCOCCOc1cc(C2(C(F)(F)F)N=N2)ccc1C(=O)NCCOCCOCCOc1ccc2cc3[n+](cc2c1OC)CCc1cc2c(cc1-3)OCO2","C#CCOCCOc1cc(C2(C(F)(F)F)N=N2)ccc1C(=O)NCCOCCOCCOc1ccc2cc3[n+](cc2c1OC)CCc1cc2c(cc1-3)OCO2","train"
"CHEMBL4804167","CCCCCC[N+](CCCCCC)(CCCCCC)CCCCCC[P+](CCCC)(CCCC)CCCC","CCCCCC[N+](CCCCCC)(CCCCCC)CCCCCC[P+](CCCC)(CCCC)CCCC","train"
"CHEMBL4804170","CCCCCC(=O)N[C@H](C(=O)NCc1ccc(CNC(=N)N)cc1)c1ccc(OCc2ccccc2)cc1","CCCCCC(=O)N[C@H](C(=O)NCc1ccc(CNC(=N)N)cc1)c1ccc(OCc2ccccc2)cc1","train"
"CHEMBL4804173","Nc1c(F)ccc2cnc(-n3ccc4ccncc43)cc12","Nc1c(F)ccc2cnc(-n3ccc4ccncc43)cc12","train"
"CHEMBL4845661","Clc1ccc([C@@H]2CC[C@@H](NCc3ccccc3)c3ccccc32)cc1Cl","Clc1ccc([C@@H]2CC[C@@H](NCc3ccccc3)c3ccccc32)cc1Cl","train"
"CHEMBL4845662","Cc1cnc(Nc2ccc3c(c2)CNC3=O)nc1-c1cnn(CCC#N)c1","Cc1cnc(Nc2ccc3c(c2)CNC3=O)nc1-c1cnn(CCC#N)c1","train"
"CHEMBL4845664","CCCCc1[nH]c(=O)c(C(=O)N(CCC)Cc2ccccc2)c(O)c1-c1c(OC)cccc1OC","CCCCc1[nH]c(=O)c(C(=O)N(CCC)Cc2ccccc2)c(O)c1-c1c(OC)cccc1OC","train"
"CHEMBL4845666","O=C(O)c1cccc(COc2ccc(C(F)(F)F)cc2C(F)(F)F)c1","O=C(O)c1cccc(COc2ccc(C(F)(F)F)cc2C(F)(F)F)c1","train"
"CHEMBL4845672","CCN1C(=O)[C@@H](NC(=O)c2cccc(C(F)(F)F)c2)[C@@H](c2ccc(F)c(C)c2)c2c(C)nn(-c3ccccc3)c21","CCN1C(=O)[C@@H](NC(=O)c2cccc(C(F)(F)F)c2)[C@@H](c2ccc(F)c(C)c2)c2c(C)nn(-c3ccccc3)c21","train"
"CHEMBL4845673","CC(C)c1ccc(-c2cnn(Cc3cc(CN4CCCC4)c(O)c4ncccc34)n2)cc1","CC(C)c1ccc(-c2cnn(Cc3cc(CN4CCCC4)c(O)c4ncccc34)n2)cc1","train"
"CHEMBL4845674","COc1ncc(C2=CCOCC2)cc1S(=O)(=O)Nc1cncc(-c2ccc(N3CCN(C(C)C)CC3)cc2)c1","COc1ncc(C2=CCOCC2)cc1S(=O)(=O)Nc1cncc(-c2ccc(N3CCN(C(C)C)CC3)cc2)c1","train"
"CHEMBL4845675","CCCc1nn(C)c2c(NC(C)C)nc(CCc3cccnc3)nc12","CCCc1nn(C)c2c(NC(C)C)nc(CCc3cccnc3)nc12","train"
"CHEMBL4845676","CCN1CCN(C(=O)[C@]23CCC(C)(C)C[C@H]2C2=CC[C@@H]4[C@@]5(C)Cc6nccnc6[C@@](C)(CO)[C@@H]5CC[C@@]4(C)[C@]2(C)CC3)CC1","CCN1CCN(C(=O)[C@]23CCC(C)(C)C[C@H]2C2=CC[C@@H]4[C@@]5(C)Cc6nccnc6[C@@](C)(CO)[C@@H]5CC[C@@]4(C)[C@]2(C)CC3)CC1","train"
"CHEMBL4845677","CN(C)C(=O)Cn1cc(C(=O)Nc2ccc(-c3cn(C)c4ncnc(N)c34)cc2)c(=O)c(-c2ccc(F)cc2)c1","CN(C)C(=O)Cn1cc(C(=O)Nc2ccc(-c3cn(C)c4ncnc(N)c34)cc2)c(=O)c(-c2ccc(F)cc2)c1","train"
"CHEMBL4845678","C=C1C(=O)O[C@@H]2/C=C3/CC/C=C(\[C@H](O)OC3)[C@H](O)[C@@H](OC(=O)/C(C)=C/C)[C@@H]12","C=C1C(=O)O[C@@H]2/C=C3/CC/C=C(\[C@H](O)OC3)[C@H](O)[C@@H](OC(=O)/C(C)=C/C)[C@@H]12","train"
"CHEMBL4845679","CC(C)CCc1cc(C(=O)Nc2c(O)c3ccc(O)cc3oc2=O)ccc1O","CC(C)CCc1cc(C(=O)Nc2c(O)c3ccc(O)cc3oc2=O)ccc1O","train"
"CHEMBL4845680","C[C@@H]1Cc2c([nH]c3ccccc23)[C@@H](c2c(F)cc(O[C@H]3CCN(CCCF)C3)cc2F)N1CC(F)(F)CO","C[C@@H]1Cc2c([nH]c3ccccc23)[C@@H](c2c(F)cc(O[C@H]3CCN(CCCF)C3)cc2F)N1CC(F)(F)CO","train"
"CHEMBL4845682","CCOC(=O)c1ccc(CCN2CCC(Nc3nc4ccccc4n3Cc3ccc(C#N)cc3)CC2)cc1","CCOC(=O)c1ccc(CCN2CCC(Nc3nc4ccccc4n3Cc3ccc(C#N)cc3)CC2)cc1","train"
"CHEMBL4845684","O=S(=O)(Nc1cc(-c2ccc3nncc(N4CCCC4)c3c2)cnc1Cl)c1ccccc1","O=S(=O)(Nc1cc(-c2ccc3nncc(N4CCCC4)c3c2)cnc1Cl)c1ccccc1","train"
"CHEMBL4845685","N=C(N)c1ccc2nc(-c3ccc(-c4ccc(C(=N)N)nc4)o3)[nH]c2c1","N=C(N)c1ccc2nc(-c3ccc(-c4ccc(C(=N)N)nc4)o3)[nH]c2c1","train"
"CHEMBL4845686","CC(C)(C)c1ccc(C(=O)Nc2cc3c(cc2OCc2ccccn2)CCCC3)cc1","CC(C)(C)c1ccc(C(=O)Nc2cc3c(cc2OCc2ccccn2)CCCC3)cc1","train"
"CHEMBL4845687","CNC(=O)/C=C/CN1CC(Oc2ccc(C(=O)c3c(-c4ccc(O)cc4)sc4cc(O)ccc34)cc2)C1","CNC(=O)/C=C/CN1CC(Oc2ccc(C(=O)c3c(-c4ccc(O)cc4)sc4cc(O)ccc34)cc2)C1","train"
"CHEMBL4845689","C/C(=N\NC(=O)c1cccc(I)c1)c1ccncc1","C/C(=N\NC(=O)c1cccc(I)c1)c1ccncc1","train"
"CHEMBL4845690","O=C(COc1ccc2c(c1)OCO2)Oc1ccc2c(c1)OCO2","O=C(COc1ccc2c(c1)OCO2)Oc1ccc2c(c1)OCO2","train"
"CHEMBL4845691","Cc1ncccc1-c1cnc(NCc2c(F)ccc3c2CCO3)c2nn(CC#N)c(=O)n12","Cc1ncccc1-c1cnc(NCc2c(F)ccc3c2CCO3)c2nn(CC#N)c(=O)n12","train"
"CHEMBL4845698","O=C(Nc1cc(C(F)(F)F)cc(C(F)(F)F)c1)C1NCCc2ccccc21","O=C(Nc1cc(C(F)(F)F)cc(C(F)(F)F)c1)C1NCCc2ccccc21","train"
"CHEMBL4845700","COc1ccc2oc(=O)c(S(N)(=O)=O)cc2c1","COc1ccc2oc(=O)c(S(N)(=O)=O)cc2c1","train"
"CHEMBL4845703","Cc1cc(Nc2cc(C)[nH]n2)nc(C2CCC3(CCCN([C@@H](C)c4ccc(-n5cc(F)cn5)nc4)C3=O)CC2)n1","Cc1cc(Nc2cc(C)[nH]n2)nc(C2CCC3(CCCN([C@@H](C)c4ccc(-n5cc(F)cn5)nc4)C3=O)CC2)n1","train"
"CHEMBL4845706","COc1cc2nc(C3CCCCC3)cc(NCC3CCN(c4ncc(C(=O)NO)cn4)CC3)c2cc1OC","COc1cc2nc(C3CCCCC3)cc(NCC3CCN(c4ncc(C(=O)NO)cn4)CC3)c2cc1OC","train"
"CHEMBL4845707","CC(C)(C)NC(=O)c1nn(-c2ccc(F)cc2F)c2c1CC1CCC2O1","CC(C)(C)NC(=O)c1nn(-c2ccc(F)cc2F)c2c1CC1CCC2O1","train"
"CHEMBL4845708","CC(C)C[C@H]1NC(=O)[C@@H]2CSC(N2)[C@H](C(C)C)NC(=O)[C@@H](C(C)C)NC(=O)[C@H](C(C)C)NC(=O)[C@@H](C(C)C)NC(=O)[C@H](Cc2c[nH]c3ccccc23)NC1=O","CC(C)C[C@H]1NC(=O)[C@@H]2CSC(N2)[C@H](C(C)C)NC(=O)[C@@H](C(C)C)NC(=O)[C@H](C(C)C)NC(=O)[C@@H](C(C)C)NC(=O)[C@H](Cc2c[nH]c3ccccc23)NC1=O","train"
"CHEMBL4845710","COc1ccc(S(=O)(=O)N(CC(C)C)C[C@@H](O)[C@H](Cc2ccccc2)NC(=O)/C=C/c2ccc(O)c(OC)c2)cc1","COc1ccc(S(=O)(=O)N(CC(C)C)C[C@@H](O)[C@H](Cc2ccccc2)NC(=O)/C=C/c2ccc(O)c(OC)c2)cc1","train"
"CHEMBL4845711","COc1ccccc1C1CC1CNCC[C@H]1CC[C@H](NC(=O)N(C)C)CC1","COc1ccccc1C1CC1CNCC[C@H]1CC[C@H](NC(=O)N(C)C)CC1","train"
"CHEMBL4845714","CCS(=O)(=O)c1ccc(C(Cc2nnco2)C(=O)Nc2ccc(C(O)(C(F)(F)F)C(F)(F)F)cc2)cc1","CCS(=O)(=O)c1ccc(C(Cc2nnco2)C(=O)Nc2ccc(C(O)(C(F)(F)F)C(F)(F)F)cc2)cc1","train"
"CHEMBL4845716","CCOC(=O)c1ccc(/N=N/N(C)C(=O)NCCSc2ccc(O)cc2)cc1","CCOC(=O)c1ccc(/N=N/N(C)C(=O)NCCSc2ccc(O)cc2)cc1","train"
"CHEMBL4845717","CC(C)n1cnnc1-c1cccc(NC(=O)c2cc3cccc(-c4ccncc4)c3[nH]2)n1","CC(C)n1cnnc1-c1cccc(NC(=O)c2cc3cccc(-c4ccncc4)c3[nH]2)n1","train"
"CHEMBL4845718","C[C@@H]1CC[C@@]2(OC1)O[C@H]1C[C@H]3[C@@H]4CC=C5C[C@@H](OC(=O)CCC(=O)N6CCc7ccccc7C6)CC[C@]5(C)[C@H]4CC[C@]3(C)[C@H]1[C@@H]2C","C[C@@H]1CC[C@@]2(OC1)O[C@H]1C[C@H]3[C@@H]4CC=C5C[C@@H](OC(=O)CCC(=O)N6CCc7ccccc7C6)CC[C@]5(C)[C@H]4CC[C@]3(C)[C@H]1[C@@H]2C","train"
"CHEMBL4845724","Fc1cccc(Nc2nc(NCCOc3ccccc3)nc3[nH]cnc23)c1","Fc1cccc(Nc2nc(NCCOc3ccccc3)nc3[nH]cnc23)c1","train"
"CHEMBL4845727","CC(C)CCn1c(CN2C(=O)C3(CCC3)c3ccccc32)nc2cc(CN)ccc21","CC(C)CCn1c(CN2C(=O)C3(CCC3)c3ccccc32)nc2cc(CN)ccc21","train"
"CHEMBL4845729","CNC(=O)C(C(C)C)N(CC(c1ccccc1)c1ccccc1)C(=O)c1cc(C)c(=O)n(C)c1","CNC(=O)C(C(C)C)N(CC(c1ccccc1)c1ccccc1)C(=O)c1cc(C)c(=O)n(C)c1","train"
"CHEMBL4845732","CCS(=O)(=O)NNC(=O)CSc1nc2ccccc2c(=O)n1Cc1ccc2c(c1)OCO2","CCS(=O)(=O)NNC(=O)CSc1nc2ccccc2c(=O)n1Cc1ccc2c(c1)OCO2","train"
"CHEMBL4845733","Cc1nc(N)sc1CCCN/C(N)=N/C(=S)NC[C@@H](C)c1ccccc1","Cc1nc(N)sc1CCCN/C(N)=N/C(=S)NC[C@@H](C)c1ccccc1","train"
"CHEMBL4845735","O=C1Cc2ccccc2CN1c1cnc(NCc2c(F)ccc3c2CCO3)n2cnnc12","O=C1Cc2ccccc2CN1c1cnc(NCc2c(F)ccc3c2CCO3)n2cnnc12","train"
"CHEMBL4845736","Oc1c(F)cc(Nc2ncc3ncn(-c4cccc(Oc5ccccc5)c4)c3n2)cc1F","Oc1c(F)cc(Nc2ncc3ncn(-c4cccc(Oc5ccccc5)c4)c3n2)cc1F","train"
"CHEMBL4845737","CNc1nc(Nc2cnc(C#N)c(NCC3CCCCN3)c2)ncc1C(F)(F)F","CNc1nc(Nc2cnc(C#N)c(NCC3CCCCN3)c2)ncc1C(F)(F)F","train"
"CHEMBL4845738","CCOC(=O)CCCCCOc1ccc2c(c1)OCO2","CCOC(=O)CCCCCOc1ccc2c(c1)OCO2","train"
"CHEMBL4845740","CC(=O)Nc1cnn(Cn2ccc(C(=O)Nc3ccc(Br)cc3)n2)c1","CC(=O)Nc1cnn(Cn2ccc(C(=O)Nc3ccc(Br)cc3)n2)c1","train"
"CHEMBL4845741","Nc1ccc(CCCCN2CCN(c3ccccn3)CC2)cc1","Nc1ccc(CCCCN2CCN(c3ccccn3)CC2)cc1","train"
"CHEMBL4845743","O=C(Nc1nc2ccc(C(F)(F)F)cc2s1)c1cnc(C(F)(F)F)s1","O=C(Nc1nc2ccc(C(F)(F)F)cc2s1)c1cnc(C(F)(F)F)s1","train"
"CHEMBL4845744","CC(C)=C1C(=O)C[C@@]2(C)C/C=C(\C)CC[C@H]3O[C@]3(C)CC[C@H]12","CC(C)=C1C(=O)C[C@@]2(C)C/C=C(\C)CC[C@H]3O[C@]3(C)CC[C@H]12","train"
"CHEMBL4845748","Cc1cc(COC2CN(C(=O)[C@H]3C[C@]4(COC(=O)N4)C3)C2)ccc1C(F)(F)F","Cc1cc(COC2CN(C(=O)[C@H]3C[C@]4(COC(=O)N4)C3)C2)ccc1C(F)(F)F","train"
"CHEMBL4845750","COc1cc(OC)cc(N(CCNC(C)C)c2ccc3ncc(-c4cn(C)nc4C)c(=O)n3c2)c1","COc1cc(OC)cc(N(CCNC(C)C)c2ccc3ncc(-c4cn(C)nc4C)c(=O)n3c2)c1","train"
"CHEMBL4845752","NS(=O)(=O)c1ccc(N/C=C(\C(=O)c2ccc(Br)cc2)S(=O)(=O)c2ccccc2)cc1","NS(=O)(=O)c1ccc(N/C=C(\C(=O)c2ccc(Br)cc2)S(=O)(=O)c2ccccc2)cc1","train"
"CHEMBL4845753","CCS(=O)(=O)c1ccc(CC(=O)Nc2ccc(CCN3CCCc4ccc(C(C)C)cc43)cc2)cc1","CCS(=O)(=O)c1ccc(CC(=O)Nc2ccc(CCN3CCCc4ccc(C(C)C)cc43)cc2)cc1","train"
"CHEMBL4845755","Cc1ccc(S(=O)(=O)SCc2ccc(F)cc2)cc1","Cc1ccc(S(=O)(=O)SCc2ccc(F)cc2)cc1","train"
"CHEMBL4845757","CCC(CC)O[C@@H]1C=C(C(=O)O)C[C@H](NC(=O)NNCCC(C)C)[C@H]1NC(C)=O","CCC(CC)O[C@@H]1C=C(C(=O)O)C[C@H](NC(=O)NNCCC(C)C)[C@H]1NC(C)=O","train"
"CHEMBL4845758","CCCS(=O)(=O)N1CCc2cc(Nc3ncc(C)c(-c4cnn(C(C)C)c4)n3)ccc21","CCCS(=O)(=O)N1CCc2cc(Nc3ncc(C)c(-c4cnn(C(C)C)c4)n3)ccc21","train"
"CHEMBL4845759","CN(Cc1ncc(Cl)n1C)c1ccc2cnsc2c1","CN(Cc1ncc(Cl)n1C)c1ccc2cnsc2c1","train"
"CHEMBL4845760","CCCCCc1cc(O)c2c(c1)OC(C)(C)[C@H]1CCC(C)=C[C@@H]21","CCCCCc1cc(O)c2c(c1)OC(C)(C)[C@H]1CCC(C)=C[C@@H]21","train"
"CHEMBL4845761","COc1ncc2cc1NS(=O)(=O)c1cccc(c1)C(=O)NCc1cncc(c1)-c1cnn3ccc-2nc13","COc1ncc2cc1NS(=O)(=O)c1cccc(c1)C(=O)NCc1cncc(c1)-c1cnn3ccc-2nc13","train"
"CHEMBL4845762","O=S(=O)(c1ccccc1)n1ccc2c(OCCNCc3cc(Cl)cc(Cl)c3)cccc21","O=S(=O)(c1ccccc1)n1ccc2c(OCCNCc3cc(Cl)cc(Cl)c3)cccc21","train"
"CHEMBL4845766","NS(=O)(=O)c1ccc(-n2cc(COc3ccnc(N4CCN(C(c5ccccc5)c5ccccc5)CC4)n3)nn2)cc1","NS(=O)(=O)c1ccc(-n2cc(COc3ccnc(N4CCN(C(c5ccccc5)c5ccccc5)CC4)n3)nn2)cc1","train"
"CHEMBL4845767","CNCCN(C)c1ccc2nnc(C)n2n1","CNCCN(C)c1ccc2nnc(C)n2n1","train"
"CHEMBL4845768","CCc1cccc(CC)c1-n1c(C=C(C)C)c(C(=O)N2CCNC3(CC3)C2)cc(-c2nc(-c3ccc(Cl)cc3)cs2)c1=O","CCc1cccc(CC)c1-n1c(C=C(C)C)c(C(=O)N2CCNC3(CC3)C2)cc(-c2nc(-c3ccc(Cl)cc3)cs2)c1=O","train"
"CHEMBL4845769","CCCOc1ccc(NC(C)=O)c(CCCCNC(=S)NCCC(=O)O)c1","CCCOc1ccc(NC(C)=O)c(CCCCNC(=S)NCCC(=O)O)c1","train"
"CHEMBL4845771","CCOc1ccccc1C(=O)Oc1c(OC)ccc2c1CN1CCc3cc4c(cc3C1C2)OCO4","CCOc1ccccc1C(=O)Oc1c(OC)ccc2c1CN1CCc3cc4c(cc3C1C2)OCO4","train"
"CHEMBL4845773","CCc1cccc(CC)c1-n1c(C)c(C(=O)NC)cc(-c2nc(-c3ccc(Cl)cc3)cs2)c1=O","CCc1cccc(CC)c1-n1c(C)c(C(=O)NC)cc(-c2nc(-c3ccc(Cl)cc3)cs2)c1=O","train"
"CHEMBL4845776","CC1=C(CO)C(=O)O[C@@H]([C@@H](C)[C@H]2[C@@H](C)C[C@H]3[C@@H]4C[C@H]5O[C@]56C(=O)C=CC(=O)[C@]6(C)[C@H]4CC[C@]23C)C1","CC1=C(CO)C(=O)O[C@@H]([C@@H](C)[C@H]2[C@@H](C)C[C@H]3[C@@H]4C[C@H]5O[C@]56C(=O)C=CC(=O)[C@]6(C)[C@H]4CC[C@]23C)C1","train"
"CHEMBL4845779","O=C(N[C@@H]1CCCNC1)c1sc2nccc3c2c1NC(=O)N3c1ccc(Oc2ccccc2)cc1F","O=C(N[C@@H]1CCCNC1)c1sc2nccc3c2c1NC(=O)N3c1ccc(Oc2ccccc2)cc1F","train"
"CHEMBL4845780","Cc1cc(-c2cc3ccccc3o2)c2ncn(C)c(=O)c2c1","Cc1cc(-c2cc3ccccc3o2)c2ncn(C)c(=O)c2c1","train"
"CHEMBL4845781","COc1ccc([C@H](C)NC(=O)CSc2nc3ccc(NC(=O)c4ccc(OCC(C)C)c(C)c4OC)cc3s2)cc1","COc1ccc([C@H](C)NC(=O)CSc2nc3ccc(NC(=O)c4ccc(OCC(C)C)c(C)c4OC)cc3s2)cc1","train"
"CHEMBL4845782","COc1cc(-c2cccc(-c3cccc(-c4ccc(CN5CC(C(=O)O)C5)c(OC)c4)c3C)c2C)ccc1CN1CC(C(=O)O)C1","COc1cc(-c2cccc(-c3cccc(-c4ccc(CN5CC(C(=O)O)C5)c(OC)c4)c3C)c2C)ccc1CN1CC(C(=O)O)C1","train"
"CHEMBL4845783","CCOc1cc(NC(=O)NCc2cc(C)c(-c3cn(C)nc3C(F)(F)F)cn2)cc(Cl)n1","CCOc1cc(NC(=O)NCc2cc(C)c(-c3cn(C)nc3C(F)(F)F)cn2)cc(Cl)n1","train"
"CHEMBL4845784","FC(F)(F)c1cccc(Nc2nc(NC3CCCCC3)ncc2Cl)c1","FC(F)(F)c1cccc(Nc2nc(NC3CCCCC3)ncc2Cl)c1","train"
"CHEMBL4845785","CC(=O)O[C@H]1[C@H]2[C@@H]([C@@H](O)[C@@H](NS(=O)(=O)c3ccc(F)cc3)[C@H]3C[C@@H]4O[C@@H]4[C@H](OC(C)=O)[C@]23C)[C@@H]2[C@@H](O)[C@@H]3[C@H]([C@H](C)[C@H]4O[C@]45OC(=O)[C@@](C)(O)[C@]35C)[C@@]2(C)[C@H]1OC(C)=O","CC(=O)O[C@H]1[C@H]2[C@@H]([C@@H](O)[C@@H](NS(=O)(=O)c3ccc(F)cc3)[C@H]3C[C@@H]4O[C@@H]4[C@H](OC(C)=O)[C@]23C)[C@@H]2[C@@H](O)[C@@H]3[C@H]([C@H](C)[C@H]4O[C@]45OC(=O)[C@@](C)(O)[C@]35C)[C@@]2(C)[C@H]1OC(C)=O","train"
"CHEMBL5012782","Cc1ccc(NC(=O)c2ccc3[nH]c4c(c3c2)CN(C(=O)C2CCC2)CC4)cc1","Cc1ccc(NC(=O)c2ccc3[nH]c4c(c3c2)CN(C(=O)C2CCC2)CC4)cc1","train"
"CHEMBL5012783","Cc1csc2c(N3C[C@@H](C(F)(F)F)[C@H](C(=O)O)C3)ncnc12","Cc1csc2c(N3C[C@@H](C(F)(F)F)[C@H](C(=O)O)C3)ncnc12","train"
"CHEMBL5012784","Cc1nc(C(C)(C)C)sc1[C@H](C)NCC1(O)CCCCC1","Cc1nc(C(C)(C)C)sc1[C@H](C)NCC1(O)CCCCC1","train"
"CHEMBL5012785","O=C(CC1(CN2Cc3ccccc3C2=O)CCCCC1)Nc1nc[nH]n1","O=C(CC1(CN2Cc3ccccc3C2=O)CCCCC1)Nc1nc[nH]n1","train"
"CHEMBL5012786","CN(C)CCCCN(C)S(=O)(=O)CC1CCCCC1","CN(C)CCCCN(C)S(=O)(=O)CC1CCCCC1","train"
"CHEMBL5012788","CON(C)C(=O)[C@@H](NS(=O)(=O)c1ccccc1F)C(C)C","CON(C)C(=O)[C@@H](NS(=O)(=O)c1ccccc1F)C(C)C","train"
"CHEMBL5012789","COc1ccccc1CCNC(=O)N(Cc1ccccn1)C[C@@H]1CCC(=O)N1","COc1ccccc1CCNC(=O)N(Cc1ccccn1)C[C@@H]1CCC(=O)N1","train"
"CHEMBL5012791","CCC(CC)Nc1cccc(NC(=O)CO)c1","CCC(CC)Nc1cccc(NC(=O)CO)c1","train"
"CHEMBL5012792","CCC(=O)NCCNC(=O)c1ccco1","CCC(=O)NCCNC(=O)c1ccco1","train"
"CHEMBL5012794","Cc1ccc([C@H](C)N(C)C(=O)CCOC2CCOCC2)s1","Cc1ccc([C@H](C)N(C)C(=O)CCOC2CCOCC2)s1","train"
"CHEMBL5012796","NC(=O)Cc1ccc(OCc2noc(C(=O)NCc3cccnc3)n2)cc1","NC(=O)Cc1ccc(OCc2noc(C(=O)NCc3cccnc3)n2)cc1","train"
"CHEMBL5012797","Cc1nc([C@H]2CCN(C(=O)Nc3c(C)noc3C(C)C)C2)n[nH]1","Cc1nc([C@H]2CCN(C(=O)Nc3c(C)noc3C(C)C)C2)n[nH]1","train"
"CHEMBL5012798","O=C(CCOC1CCOCC1)N(c1ccccc1)C1CCCCC1","O=C(CCOC1CCOCC1)N(c1ccccc1)C1CCCCC1","train"
"CHEMBL5012799","CN1C(=O)c2cc(C(F)(F)F)ccc2O[C@H]2CN(Cc3ccncc3Cl)C[C@H]21","CN1C(=O)c2cc(C(F)(F)F)ccc2O[C@H]2CN(Cc3ccncc3Cl)C[C@H]21","train"
"CHEMBL5012801","COCCCN(C)CCNc1ncc(Cl)cc1F","COCCCN(C)CCNc1ncc(Cl)cc1F","train"
"CHEMBL5012802","CCC(CC)(CCC#N)CN1CCN(C)[C@@H](C)C1","CCC(CC)(CCC#N)CN1CCN(C)[C@@H](C)C1","train"
"CHEMBL5012803","NC(=O)CN1CCC(NC2CCCCCCC2)CC1","NC(=O)CN1CCC(NC2CCCCCCC2)CC1","train"
"CHEMBL5012804","COc1ccccc1C(=O)Nc1ccc(-c2cc[nH]n2)cc1","COc1ccccc1C(=O)Nc1ccc(-c2cc[nH]n2)cc1","train"
"CHEMBL5012805","O=C(c1ccc(COc2ccc3ccccc3c2)o1)N1CCN(c2ccccn2)CC1","O=C(c1ccc(COc2ccc3ccccc3c2)o1)N1CCN(c2ccccn2)CC1","train"
"CHEMBL5012806","OC(c1ccccc1)(c1ccccc1)[C@@H]1CCCCCN1","OC(c1ccccc1)(c1ccccc1)[C@@H]1CCCCCN1","train"
"CHEMBL5012807","COCc1ccc(C(=O)Nc2cc(Cl)ccc2NC2CC2)o1","COCc1ccc(C(=O)Nc2cc(Cl)ccc2NC2CC2)o1","train"
"CHEMBL5012808","COCc1nc([C@@H]2CCCCCN2C(=O)Nc2cccc(C#N)c2)no1","COCc1nc([C@@H]2CCCCCN2C(=O)Nc2cccc(C#N)c2)no1","train"
"CHEMBL5012810","CC(=O)NCC[C@H]1Cc2ccccc2C2(CCN(S(C)(=O)=O)CC2)O1","CC(=O)NCC[C@H]1Cc2ccccc2C2(CCN(S(C)(=O)=O)CC2)O1","train"
"CHEMBL5012811","CCC(CC)C(=O)Nc1c(C)cccc1O","CCC(CC)C(=O)Nc1c(C)cccc1O","train"
"CHEMBL5012812","Cc1ccc(CN2CCc3oc(C)c(C(=O)NCCN4CCOCC4)c3C2)cc1","Cc1ccc(CN2CCc3oc(C)c(C(=O)NCCN4CCOCC4)c3C2)cc1","train"
"CHEMBL5012814","COc1ccc(OCc2nn(CC(=O)Nc3ccccc3)c(=S)o2)cc1","COc1ccc(OCc2nn(CC(=O)Nc3ccccc3)c(=S)o2)cc1","train"
"CHEMBL5012815","O=c1ccc(N2CCN(S(=O)(=O)c3ccccc3F)CC2)nn1-c1ccc(Cl)cc1","O=c1ccc(N2CCN(S(=O)(=O)c3ccccc3F)CC2)nn1-c1ccc(Cl)cc1","train"
"CHEMBL5012816","O=S(=O)(NCCc1ccc(-c2ccsc2)s1)C1CC1","O=S(=O)(NCCc1ccc(-c2ccsc2)s1)C1CC1","train"
"CHEMBL5012817","CC(C)N1CCC2(CC1)N=C(c1ccc3c(c1)OCO3)C[C@@H](c1cc(Cl)ccc1O)N2","CC(C)N1CCC2(CC1)N=C(c1ccc3c(c1)OCO3)C[C@@H](c1cc(Cl)ccc1O)N2","train"
"CHEMBL5012818","C[C@@H](CNC(=O)Nc1ncc(C2CCCCC2)s1)c1nccs1","C[C@@H](CNC(=O)Nc1ncc(C2CCCCC2)s1)c1nccs1","train"
"CHEMBL5012819","Cc1ccc(NC(=O)[C@@H]2Cc3ccccc3C(=O)O2)cc1OCC1CCOCC1","Cc1ccc(NC(=O)[C@@H]2Cc3ccccc3C(=O)O2)cc1OCC1CCOCC1","train"
"CHEMBL5012821","O=C(NCCc1ccc(=O)[nH]c1)C1CCC1c1ccc(F)cc1","O=C(NCCc1ccc(=O)[nH]c1)C1CCC1c1ccc(F)cc1","train"
"CHEMBL5012824","O=S(=O)(c1cccs1)N1CCOC2(CCOCC2)C1","O=S(=O)(c1cccs1)N1CCOC2(CCOCC2)C1","train"
"CHEMBL5012825","O=C(c1c[nH]c2ccccc12)[C@H]1CCCNC1","O=C(c1c[nH]c2ccccc12)[C@H]1CCCNC1","train"
"CHEMBL5012826","O=C1Nc2c(F)cccc2[C@@H]1CC(=O)N(Cc1ccncc1)C1CC1","O=C1Nc2c(F)cccc2[C@@H]1CC(=O)N(Cc1ccncc1)C1CC1","train"
"CHEMBL5012828","O=C(Cn1nc(C(=O)N2CCc3ccccc32)ccc1=O)NCc1ccco1","O=C(Cn1nc(C(=O)N2CCc3ccccc32)ccc1=O)NCc1ccco1","train"
"CHEMBL5012829","O=S(=O)(CC1CCCC1)NCC[C@H]1CCCOC1","O=S(=O)(CC1CCCC1)NCC[C@H]1CCCOC1","train"
"CHEMBL5012830","O=C(CCn1cccn1)N1CC2OCCN(Cc3ccccc3)C2C1","O=C(CCn1cccn1)N1CC2OCCN(Cc3ccccc3)C2C1","train"
"CHEMBL5012831","Cc1nn(C)c(C)c1Nc1nc2c(s1)c(C)nn2C","Cc1nn(C)c(C)c1Nc1nc2c(s1)c(C)nn2C","train"
"CHEMBL5012832","O=C(c1cnn(Cc2ccccc2)c1)N1CC2CCCCC2C1","O=C(c1cnn(Cc2ccccc2)c1)N1CC2CCCCC2C1","train"
"CHEMBL5012834","CC(C)(CN)c1c(Cl)cccc1Cl","CC(C)(CN)c1c(Cl)cccc1Cl","train"
"CHEMBL5012835","CN1CCC[C@H](C(=O)NCc2ccc(Cl)cc2Cl)C1","CN1CCC[C@H](C(=O)NCc2ccc(Cl)cc2Cl)C1","train"
"CHEMBL5012836","O=C(Nc1cccnc1C(F)(F)F)c1cc2n(n1)CCCO2","O=C(Nc1cccnc1C(F)(F)F)c1cc2n(n1)CCCO2","train"
"CHEMBL5012837","CCn1nccc1C(=O)N1CCCC[C@@]1(C)c1noc(C2CC2)n1","CCn1nccc1C(=O)N1CCCC[C@@]1(C)c1noc(C2CC2)n1","train"
"CHEMBL5012839","COC[C@@H]1CCC[C@@H]1NC(=O)Cc1cccnc1","COC[C@@H]1CCC[C@@H]1NC(=O)Cc1cccnc1","train"
"CHEMBL5012840","Cc1cccc(NC(=O)C(=O)NCCO)c1Cl","Cc1cccc(NC(=O)C(=O)NCCO)c1Cl","train"
"CHEMBL5012841","C[C@@H](c1nnnn1C)N1CCc2cncnc2C1","C[C@@H](c1nnnn1C)N1CCc2cncnc2C1","train"
"CHEMBL5012847","CC(C)CCNC(=O)c1cc2n(n1)CCCN(Cc1ccc(Cl)cc1)C2=O","CC(C)CCNC(=O)c1cc2n(n1)CCCN(Cc1ccc(Cl)cc1)C2=O","train"
"CHEMBL5012848","Cc1ccc(C(C)(C)CN(C)C(=O)c2nc(C)c(C)[nH]c2=O)cc1","Cc1ccc(C(C)(C)CN(C)C(=O)c2nc(C)c(C)[nH]c2=O)cc1","train"
"CHEMBL5012849","Cc1cc(S(=O)(=O)[C@@H](CN2C(=O)c3ccccc3C2=O)c2cccnc2)ccc1F","Cc1cc(S(=O)(=O)[C@@H](CN2C(=O)c3ccccc3C2=O)c2cccnc2)ccc1F","train"
"CHEMBL5012850","CCOCCCN1C(=O)c2nc3ccccc3n2C[C@@]1(C)C(=O)NC1CCCC1","CCOCCCN1C(=O)c2nc3ccccc3n2C[C@@]1(C)C(=O)NC1CCCC1","train"
"CHEMBL5012851","Cc1noc(CCN2C(=O)c3ccccc3C2=O)n1","Cc1noc(CCN2C(=O)c3ccccc3C2=O)n1","train"
"CHEMBL5012854","Cc1cccnc1N1CCN(C(=O)c2ccc(-c3ccccc3)n2C)CC1","Cc1cccnc1N1CCN(C(=O)c2ccc(-c3ccccc3)n2C)CC1","train"
"CHEMBL5012855","CCc1ccc(NC(=O)N2C[C@@H]3CN(S(=O)(=O)c4ccccc4)C[C@H](C2)O3)cc1","CCc1ccc(NC(=O)N2C[C@@H]3CN(S(=O)(=O)c4ccccc4)C[C@H](C2)O3)cc1","train"
"CHEMBL5012856","CCn1c(C)c(C)c2cc(C(=O)Nc3cccc(S(=O)(=O)N4CCOCC4)c3)ccc21","CCn1c(C)c(C)c2cc(C(=O)Nc3cccc(S(=O)(=O)N4CCOCC4)c3)ccc21","train"
"CHEMBL5012858","COc1ccc(C(=O)Nc2ccc(N3CCCN(Cc4cc(OC)cc(OC)c4)C3=O)cc2)cc1","COc1ccc(C(=O)Nc2ccc(N3CCCN(Cc4cc(OC)cc(OC)c4)C3=O)cc2)cc1","train"
"CHEMBL5012859","c1cn([C@@H]2COC[C@@H]2NCc2ccc3cn[nH]c3c2)nn1","c1cn([C@@H]2COC[C@@H]2NCc2ccc3cn[nH]c3c2)nn1","train"
"CHEMBL5012860","CCOc1ccccc1C(=O)Nc1cc(-c2ccsc2)no1","CCOc1ccccc1C(=O)Nc1cc(-c2ccsc2)no1","train"
"CHEMBL5012861","CC1C(c2ccccc2)CCN1c1cncc(C(N)=O)n1","CC1C(c2ccccc2)CCN1c1cncc(C(N)=O)n1","train"
"CHEMBL5012862","CN1CCC(C(=O)N2CCCC2c2cccc(F)c2)CC1=O","CN1CCC(C(=O)N2CCCC2c2cccc(F)c2)CC1=O","train"
"CHEMBL5012864","Cc1nc(CNC(=O)COc2ccccc2Cl)cs1","Cc1nc(CNC(=O)COc2ccccc2Cl)cs1","train"
"CHEMBL5012865","CCc1cc(NC(=O)c2cn(C(C)C)nn2)ccc1C","CCc1cc(NC(=O)c2cn(C(C)C)nn2)ccc1C","train"
"CHEMBL5012866","CCN(C(=O)C1CC1c1cnn(C)c1)c1ccccc1","CCN(C(=O)C1CC1c1cnn(C)c1)c1ccccc1","train"
"CHEMBL5012867","COCCN1CC[C@H](CN(C)c2ccncn2)C1","COCCN1CC[C@H](CN(C)c2ccncn2)C1","train"
"CHEMBL5012869","CCOC(=O)N1CC[C@H](NCc2ccc(-c3ncon3)cc2)C1","CCOC(=O)N1CC[C@H](NCc2ccc(-c3ncon3)cc2)C1","train"
"CHEMBL5012870","CC(C)(C)c1ccc(C2(NS(=O)(=O)CC#N)CC2)cc1","CC(C)(C)c1ccc(C2(NS(=O)(=O)CC#N)CC2)cc1","train"
"CHEMBL5012872","CC(C)S(=O)(=O)CCCn1cc(C#N)cn1","CC(C)S(=O)(=O)CCCn1cc(C#N)cn1","train"
"CHEMBL5012873","COc1cccc(C(=O)O[C@@H](C)C(C)(C)C#N)n1","COc1cccc(C(=O)O[C@@H](C)C(C)(C)C#N)n1","train"
"CHEMBL5012874","Cc1cc([C@]2(C)NC(=O)N(Cc3nc(C)c(C)s3)C2=O)c(C)o1","Cc1cc([C@]2(C)NC(=O)N(Cc3nc(C)c(C)s3)C2=O)c(C)o1","train"
"CHEMBL5012875","C#CCN1CCN(CC#C)[C@H](C(=O)N(C)C)C1","C#CCN1CCN(CC#C)[C@H](C(=O)N(C)C)C1","train"
"CHEMBL5012878","O=C(C1CCC1)N(Cc1cccc(Cl)c1)C[C@H]1CC(c2ccccc2F)=NO1","O=C(C1CCC1)N(Cc1cccc(Cl)c1)C[C@H]1CC(c2ccccc2F)=NO1","train"
"CHEMBL5012879","Cc1noc(CCN[C@H]2CCCN(C(=O)OC(C)(C)C)C2)n1","Cc1noc(CCN[C@H]2CCCN(C(=O)OC(C)(C)C)C2)n1","train"
"CHEMBL5012880","Cc1ccc(CN(Cc2ccccc2)Cc2nc(C(=O)NCCc3ccccn3)co2)c(C)c1","Cc1ccc(CN(Cc2ccccc2)Cc2nc(C(=O)NCCc3ccccn3)co2)c(C)c1","train"
"CHEMBL5012881","CC(=O)N1CCC[C@@](NC2CCCCC2)(c2nnnn2CCC(C)C)C1","CC(=O)N1CCC[C@@](NC2CCCCC2)(c2nnnn2CCC(C)C)C1","train"
"CHEMBL5012882","CCOC(=O)c1nc(COC(C)=O)cs1","CCOC(=O)c1nc(COC(C)=O)cs1","train"
"CHEMBL5012887","CNC(=O)C[C@H](C)Nc1ccc(C)cc1C","CNC(=O)C[C@H](C)Nc1ccc(C)cc1C","train"
"CHEMBL5012889","CC1(C)CN(C(=O)CN2CC[C@H](Nc3ncccn3)C2)CCO1","CC1(C)CN(C(=O)CN2CC[C@H](Nc3ncccn3)C2)CCO1","train"
"CHEMBL5012890","Cc1ccc(N(C)CC(=O)N2CCC2)c(Br)c1","Cc1ccc(N(C)CC(=O)N2CCC2)c(Br)c1","train"
"CHEMBL5012892","O=C(CCOc1ccccc1)N(Cc1nccs1)C1CC1","O=C(CCOc1ccccc1)N(Cc1nccs1)C1CC1","train"
"CHEMBL5012893","CCOC(=O)N1CCN(C(=O)CCc2cc3cc(OC)ccc3nc2O)CC1","CCOC(=O)N1CCN(C(=O)CCc2cc3cc(OC)ccc3nc2O)CC1","train"
"CHEMBL5012896","O=C(Cc1cc(-c2ccccc2)on1)Nc1cccc(C(=O)O)c1","O=C(Cc1cc(-c2ccccc2)on1)Nc1cccc(C(=O)O)c1","train"
"CHEMBL5012898","CCCNC(=O)CN1C[C@H](C(F)(F)F)[C@@H](S(=O)(=O)N(C)C)C1","CCCNC(=O)CN1C[C@H](C(F)(F)F)[C@@H](S(=O)(=O)N(C)C)C1","train"
"CHEMBL5012900","O=C(c1ccco1)N(Cc1ccccc1Br)c1ccccc1Br","O=C(c1ccco1)N(Cc1ccccc1Br)c1ccccc1Br","train"
"CHEMBL5012901","COc1ccc(C(=O)Nc2cccnc2-n2cccn2)cc1OC","COc1ccc(C(=O)Nc2cccnc2-n2cccn2)cc1OC","train"
"CHEMBL5012902","CC(C)CC(NC(=O)C1CCCCC1C)C(=O)O","CC(C)CC(NC(=O)C1CCCCC1C)C(=O)O","train"
"CHEMBL5012903","O=S(=O)(c1cccc(Cl)c1)N1CCC[C@@H]2C[C@@]21CO","O=S(=O)(c1cccc(Cl)c1)N1CCC[C@@H]2C[C@@]21CO","train"
"CHEMBL5012904","CC(C)(C)c1ccc(-c2noc(CCC(=O)NC[C@H]3CCCO3)n2)cc1","CC(C)(C)c1ccc(-c2noc(CCC(=O)NC[C@H]3CCCO3)n2)cc1","train"
"CHEMBL5012905","COc1ccccc1-c1nc2c([nH]1)c(C)nn2[C@@H](C)C1CC1","COc1ccccc1-c1nc2c([nH]1)c(C)nn2[C@@H](C)C1CC1","train"
"CHEMBL5012907","Cc1cc(C(=O)NC2CCS(=O)(=O)CC2)nc(C)n1","Cc1cc(C(=O)NC2CCS(=O)(=O)CC2)nc(C)n1","train"
"CHEMBL5012909","N[C@H](c1ccc(F)c(Cl)c1)C(F)(F)F","N[C@H](c1ccc(F)c(Cl)c1)C(F)(F)F","train"
"CHEMBL5012910","Cc1ncsc1-c1nc(CS(=O)(=O)C[C@H]2CCCO2)no1","Cc1ncsc1-c1nc(CS(=O)(=O)C[C@H]2CCCO2)no1","train"
"CHEMBL5012911","Cn1c(C(C)(C)C)nc2cc(NCc3ncc[nH]3)ccc21","Cn1c(C(C)(C)C)nc2cc(NCc3ncc[nH]3)ccc21","train"
"CHEMBL5012913","CS(=O)(=O)N1CCO[C@@H](CNC(=O)Nc2cccc(-c3ccco3)c2)C1","CS(=O)(=O)N1CCO[C@@H](CNC(=O)Nc2cccc(-c3ccco3)c2)C1","train"
"CHEMBL5012914","C[C@H](NC(=O)NCCc1c[nH]c2ccc(F)cc12)C1=CCN(C)CC1","C[C@H](NC(=O)NCCc1c[nH]c2ccc(F)cc12)C1=CCN(C)CC1","train"
"CHEMBL5012915","O=C(c1ccc2c(c1)CN(C(=O)c1ccsc1)CCO2)N1CCOCC1","O=C(c1ccc2c(c1)CN(C(=O)c1ccsc1)CCO2)N1CCOCC1","train"
"CHEMBL5012917","COc1ccc(-c2nc(CC(C)C)n[nH]2)c(OC)n1","COc1ccc(-c2nc(CC(C)C)n[nH]2)c(OC)n1","train"
"CHEMBL5012919","CC(C)c1cc(C(=O)N2CCC[C@@H]2CO)cc(O)n1","CC(C)c1cc(C(=O)N2CCC[C@@H]2CO)cc(O)n1","train"
"CHEMBL5012924","CC(C)(C)c1cnc(CN[C@@H]2CCCC[C@H]2S(C)(=O)=O)s1","CC(C)(C)c1cnc(CN[C@@H]2CCCC[C@H]2S(C)(=O)=O)s1","train"
"CHEMBL5012925","CNC(=O)Nc1cccc(NC(=O)c2cncc(-c3cnn(C)c3)c2)c1","CNC(=O)Nc1cccc(NC(=O)c2cncc(-c3cnn(C)c3)c2)c1","train"
"CHEMBL5012926","O=C(c1ccc(-n2c(-c3ccccc3)cc3c2CCCCC3)cc1)N1CCCCCC1","O=C(c1ccc(-n2c(-c3ccccc3)cc3c2CCCCC3)cc1)N1CCCCCC1","train"
"CHEMBL5012927","C#CCNC(=O)CC(=O)Nc1ccc(Cl)c(OC(F)F)c1","C#CCNC(=O)CC(=O)Nc1ccc(Cl)c(OC(F)F)c1","train"
"CHEMBL5012928","Cc1c(C(=O)N2CCN(c3ccccc3F)CC2)cccc1-n1nnc2cccnc21","Cc1c(C(=O)N2CCN(c3ccccc3F)CC2)cccc1-n1nnc2cccnc21","train"
"CHEMBL5012929","COc1ccc(CNC(=O)c2c(O)n3c4c(cccc4c2=O)CCC3)cc1OC","COc1ccc(CNC(=O)c2c(O)n3c4c(cccc4c2=O)CCC3)cc1OC","train"
"CHEMBL5012935","CC(C)c1ccc(CC2(CN3C[C@H]4C[C@H](C3)c3cccc(=O)n3C4)C(=O)NC(=O)N(c3ccccc3)C2=O)cc1","CC(C)c1ccc(CC2(CN3C[C@H]4C[C@H](C3)c3cccc(=O)n3C4)C(=O)NC(=O)N(c3ccccc3)C2=O)cc1","train"
"CHEMBL5012938","O=C(c1ccc(Cl)s1)N1CC[C@H](Cc2nnc(C3CCOCC3)o2)C1","O=C(c1ccc(Cl)s1)N1CC[C@H](Cc2nnc(C3CCOCC3)o2)C1","train"
"CHEMBL5012940","COc1cc(CN2CC[C@H](N3CCN(C)CC3)C2)ccc1OCC=C(C)C","COc1cc(CN2CC[C@H](N3CCN(C)CC3)C2)ccc1OCC=C(C)C","train"
"CHEMBL5012941","COCCO[C@H]1COCCN(C(=O)c2ccccc2)C1","COCCO[C@H]1COCCN(C(=O)c2ccccc2)C1","train"
"CHEMBL5012943","CC(O)CC(C)(C)CNC(=O)NC1CC1c1ccc(F)cc1F","CC(O)CC(C)(C)CNC(=O)NC1CC1c1ccc(F)cc1F","train"
"CHEMBL5012944","Cc1ccc(NC(=O)Cn2cc(S(=O)(=O)N3CCOCC3)ccc2=O)cc1","Cc1ccc(NC(=O)Cn2cc(S(=O)(=O)N3CCOCC3)ccc2=O)cc1","train"
"CHEMBL5012945","CCc1ncc(CN2CCC3(CC2)C[C@@H](c2ccccc2)C(=O)N(C)C3)cn1","CCc1ncc(CN2CCC3(CC2)C[C@@H](c2ccccc2)C(=O)N(C)C3)cn1","train"
"CHEMBL5012946","Cc1cccn2cc(CN3CCN(C(=O)c4ccc(-c5ccccc5)cc4)CCC3=O)nc12","Cc1cccn2cc(CN3CCN(C(=O)c4ccc(-c5ccccc5)cc4)CCC3=O)nc12","train"
"CHEMBL5012947","COc1ccccc1NC(=O)c1cccc(C(=O)Nc2ccccc2OC)n1","COc1ccccc1NC(=O)c1cccc(C(=O)Nc2ccccc2OC)n1","train"
"CHEMBL5012950","CN(C[C@H]1CC(=O)N(C2CCCC2)C1)C(=O)c1ccc(-c2cncnc2)cc1","CN(C[C@H]1CC(=O)N(C2CCCC2)C1)C(=O)c1ccc(-c2cncnc2)cc1","train"
"CHEMBL5012951","O=c1[nH]c2ccccc2c(-c2ccccc2)c1Oc1cccc(F)c1","O=c1[nH]c2ccccc2c(-c2ccccc2)c1Oc1cccc(F)c1","train"
"CHEMBL5012952","C[N+]12CCCCC1C(OC(=O)C1(c3ccccc3)CCCC1)CCC2","C[N+]12CCCCC1C(OC(=O)C1(c3ccccc3)CCCC1)CCC2","train"
"CHEMBL5012953","Nc1c(Br)cncc1C(=O)O","Nc1c(Br)cncc1C(=O)O","train"
"CHEMBL5012954","Cc1nc2cncc(N3CCN(C[C@H]4COCCO4)CC3)n2n1","Cc1nc2cncc(N3CCN(C[C@H]4COCCO4)CC3)n2n1","train"
"CHEMBL5012956","CC(C)Cc1cc(CN2CCN(CC3CC3)[C@@H]3CS(=O)(=O)C[C@@H]32)n[nH]1","CC(C)Cc1cc(CN2CCN(CC3CC3)[C@@H]3CS(=O)(=O)C[C@@H]32)n[nH]1","train"
"CHEMBL5012957","CC(=O)NC[C@H]1CCCN1c1ccccc1","CC(=O)NC[C@H]1CCCN1c1ccccc1","train"
"CHEMBL5012958","O=C(Nc1ccccc1)N1CCC[C@@H]1Cc1noc(-c2ccccc2)n1","O=C(Nc1ccccc1)N1CCC[C@@H]1Cc1noc(-c2ccccc2)n1","train"
"CHEMBL5012959","CN1CC=C(c2ccccc2)[C@@H](CO)C1","CN1CC=C(c2ccccc2)[C@@H](CO)C1","train"
"CHEMBL5012961","CC1=C(C(=O)Nc2ccccc2C)C2(CCCC2)[C@@H](C(N)=O)C(=O)N1","CC1=C(C(=O)Nc2ccccc2C)C2(CCCC2)[C@@H](C(N)=O)C(=O)N1","train"
"CHEMBL5012962","CC(C)(C)CC(=O)N1CCC[C@H]1C(=O)N[C@H]1CC[C@H](NC(=O)c2ccccc2)CC1","CC(C)(C)CC(=O)N1CCC[C@H]1C(=O)N[C@H]1CC[C@H](NC(=O)c2ccccc2)CC1","train"
"CHEMBL5012963","c1ccc(Oc2ccc(-n3nnnc3N3CCC[C@H](c4ncc[nH]4)C3)cc2)cc1","c1ccc(Oc2ccc(-n3nnnc3N3CCC[C@H](c4ncc[nH]4)C3)cc2)cc1","train"
"CHEMBL5012964","COc1cccc(-c2cnc(C(F)(F)F)nc2C2CCN(C(=O)CCn3ccc(C)n3)CC2)c1","COc1cccc(-c2cnc(C(F)(F)F)nc2C2CCN(C(=O)CCn3ccc(C)n3)CC2)c1","train"
"CHEMBL5012965","CN(C)C(=O)Cn1cc(-c2nc(-c3ccco3)no2)nn1","CN(C)C(=O)Cn1cc(-c2nc(-c3ccco3)no2)nn1","train"
"CHEMBL5012966","c1cnc(-c2noc(C3CCCCCC3)n2)cn1","c1cnc(-c2noc(C3CCCCCC3)n2)cn1","train"
"CHEMBL5012967","O=C(NCc1nc(-c2ccncc2)no1)NC1CCCCC1","O=C(NCc1nc(-c2ccncc2)no1)NC1CCCCC1","train"
"CHEMBL5012968","CCC[C@H]1CN(C(C)=O)C[C@@H]1NC(=O)c1c(C)cccc1OC","CCC[C@H]1CN(C(C)=O)C[C@@H]1NC(=O)c1c(C)cccc1OC","train"
"CHEMBL5012969","CO[C@H]1[C@@H]2CC[C@H]1CN(Cc1cc(C#CCO)cs1)C2","CO[C@H]1[C@@H]2CC[C@H]1CN(Cc1cc(C#CCO)cs1)C2","train"
"CHEMBL5012971","CCC(c1cccs1)N1C(=O)[C@H]2CN(S(=O)(=O)c3cccc(Cl)c3)C[C@H]2C1=O","CCC(c1cccs1)N1C(=O)[C@H]2CN(S(=O)(=O)c3cccc(Cl)c3)C[C@H]2C1=O","train"
"CHEMBL5012972","O=C1[C@H](c2ccccc2)CC2(CCN(Cc3ncc[nH]3)CC2)CN1C1CC1","O=C1[C@H](c2ccccc2)CC2(CCN(Cc3ncc[nH]3)CC2)CN1C1CC1","train"
"CHEMBL5012974","COc1cc2c(cc1[C@H]1CC(=O)Nc3c1c(C1CC1)nn3C)OCCCO2","COc1cc2c(cc1[C@H]1CC(=O)Nc3c1c(C1CC1)nn3C)OCCCO2","train"
"CHEMBL5012975","CCC(NC1CCCN(C(=O)OC(C)(C)C)CC1)c1ccncc1","CCC(NC1CCCN(C(=O)OC(C)(C)C)CC1)c1ccncc1","train"
"CHEMBL5012977","CN(CCCc1nccn1C)c1cc(N2CCCC2)nc(N)n1","CN(CCCc1nccn1C)c1cc(N2CCCC2)nc(N)n1","train"
"CHEMBL5012978","CCn1cc(CN(CC(C)C)C(=O)CCc2ccc(=O)[nH]n2)cn1","CCn1cc(CN(CC(C)C)C(=O)CCc2ccc(=O)[nH]n2)cn1","train"
"CHEMBL5012979","O=C(Cc1cccs1)N1CCN(C(=O)c2ccccc2)CC1","O=C(Cc1cccs1)N1CCN(C(=O)c2ccccc2)CC1","train"
"CHEMBL5012980","Cc1[nH]c(=O)[nH]c(=O)c1Cc1ncnn1Cc1ccc2c(c1)OCO2","Cc1[nH]c(=O)[nH]c(=O)c1Cc1ncnn1Cc1ccc2c(c1)OCO2","train"
"CHEMBL5012981","CCOc1cc2c(cc1CNCCCc1csc(N)n1)CCC2","CCOc1cc2c(cc1CNCCCc1csc(N)n1)CCC2","train"
"CHEMBL5012982","Cc1ccc(NC(=O)N[C@@H]2CCCC[C@H]2NC(=O)OC(C)(C)C)c(C)c1","Cc1ccc(NC(=O)N[C@@H]2CCCC[C@H]2NC(=O)OC(C)(C)C)c(C)c1","train"
"CHEMBL5012984","CC[C@@H]1CN(c2nc3ccccc3s2)CC[C@]1(C)O","CC[C@@H]1CN(c2nc3ccccc3s2)CC[C@]1(C)O","train"
"CHEMBL5012985","O=S(=O)(NCc1nc2cccnc2n1C1CCCC1)c1ccc(Cl)cc1","O=S(=O)(NCc1nc2cccnc2n1C1CCCC1)c1ccc(Cl)cc1","train"
"CHEMBL5012986","O[C@@]1(Cc2ccccc2)CN2CCC1CC2","O[C@@]1(Cc2ccccc2)CN2CCC1CC2","train"
"CHEMBL5012987","Cc1cccc(C)c1OCC(=O)c1ccc2c(c1)N([C@@H](C)C(=O)N1CCOCC1)C(=O)CO2","Cc1cccc(C)c1OCC(=O)c1ccc2c(c1)N([C@@H](C)C(=O)N1CCOCC1)C(=O)CO2","train"
"CHEMBL5012990","Cn1cc(NS(=O)(=O)N2CCCCCC2)c(C(N)=O)n1","Cn1cc(NS(=O)(=O)N2CCCCCC2)c(C(N)=O)n1","train"
"CHEMBL5012991","CC(=O)N1CCc2cc(S(=O)(=O)Oc3ccccc3C#N)ccc21","CC(=O)N1CCc2cc(S(=O)(=O)Oc3ccccc3C#N)ccc21","train"
"CHEMBL5012993","OCCCNc1ccc(Cl)cc1OC(F)F","OCCCNc1ccc(Cl)cc1OC(F)F","train"
"CHEMBL5012997","O=C1CN(c2ccc(NC(=O)c3cnc4ccccc4n3)cn2)CCN1","O=C1CN(c2ccc(NC(=O)c3cnc4ccccc4n3)cn2)CCN1","train"
"CHEMBL5012998","CN(C)[C@H]1[C@H](NC(=O)CCc2cccnc2)[C@@H]2CCO[C@@H]21","CN(C)[C@H]1[C@H](NC(=O)CCc2cccnc2)[C@@H]2CCO[C@@H]21","train"
"CHEMBL5013000","CCN(CCC(=O)NCC(C)C)C(=O)c1cc(C)oc1C","CCN(CCC(=O)NCC(C)C)C(=O)c1cc(C)oc1C","train"
"CHEMBL5013001","O=C(C[C@H]1C(=O)NCCN1Cc1cccc2ccccc12)NCC1CC1","O=C(C[C@H]1C(=O)NCCN1Cc1cccc2ccccc12)NCC1CC1","train"
"CHEMBL5013002","COc1cc(-c2c(-c3ccccc3)ncn2[C@@H](C)c2cnn(C)c2)ccc1F","COc1cc(-c2c(-c3ccccc3)ncn2[C@@H](C)c2cnn(C)c2)ccc1F","train"
"CHEMBL5013003","Cc1cc2ncc(NS(=O)(=O)c3ccc4c(c3)CCCC4)cn2n1","Cc1cc2ncc(NS(=O)(=O)c3ccc4c(c3)CCCC4)cn2n1","train"
"CHEMBL5013004","CN(C)C(=O)C1CCN([C@H]2CCc3ccccc3NC2=O)CC1","CN(C)C(=O)C1CCN([C@H]2CCc3ccccc3NC2=O)CC1","train"
"CHEMBL5013005","COCc1nc(-c2ccc(C)cc2)nc(-c2ccc(C)cc2)n1","COCc1nc(-c2ccc(C)cc2)nc(-c2ccc(C)cc2)n1","train"
"CHEMBL5013007","Cc1noc(C)c1CN1CCCN(C(=O)Cc2ccccc2)CC1","Cc1noc(C)c1CN1CCCN(C(=O)Cc2ccccc2)CC1","train"
"CHEMBL5013008","CCc1ccc(CNC(=O)c2cc(COc3ccc4sc(C)nc4c3)on2)nc1","CCc1ccc(CNC(=O)c2cc(COc3ccc4sc(C)nc4c3)on2)nc1","train"
"CHEMBL5013009","COC1CCN(C(=O)c2ccc3c(c2)n(CC2CC2)c(=O)n3C2CCCCC2)CC1","COC1CCN(C(=O)c2ccc3c(c2)n(CC2CC2)c(=O)n3C2CCCCC2)CC1","train"
"CHEMBL5013010","CC(C)CC1NC2(C(=O)N(Cc3ccc(F)cc3)c3ccccc32)C2C(=O)N(Cc3ccccc3)C(=O)C12","CC(C)CC1NC2(C(=O)N(Cc3ccc(F)cc3)c3ccccc32)C2C(=O)N(Cc3ccccc3)C(=O)C12","train"
"CHEMBL5013011","CCCN(CC(=O)N(Cc1ccccc1)Cc1cccs1)C(=O)CC(C)C","CCCN(CC(=O)N(Cc1ccccc1)Cc1cccs1)C(=O)CC(C)C","train"
"CHEMBL5013012","C[C@H](NCC1CCC1)C(=O)Nc1ccccc1","C[C@H](NCC1CCC1)C(=O)Nc1ccccc1","train"
"CHEMBL5013015","CC(C)(C)CCS(=O)(=O)NC(=O)Cc1ccccc1CC#N","CC(C)(C)CCS(=O)(=O)NC(=O)Cc1ccccc1CC#N","train"
"CHEMBL5013016","CC[C@@H](CNC(=O)c1cc2cccc(Cl)c2n1C)N1CCOCC1","CC[C@@H](CNC(=O)c1cc2cccc(Cl)c2n1C)N1CCOCC1","train"
"CHEMBL5013017","COc1cc([C@H]2NCCC3(OCCO3)C2(C)C)cc(OC)c1OC","COc1cc([C@H]2NCCC3(OCCO3)C2(C)C)cc(OC)c1OC","train"
"CHEMBL5013018","CCC(C)(C)NCc1ccc(OC)c(OC)c1","CCC(C)(C)NCc1ccc(OC)c(OC)c1","train"
"CHEMBL5013020","Cc1cc(C(=O)N2C[C@H]3CC[C@@H](C2)N(C)C3)c(C)n1C","Cc1cc(C(=O)N2C[C@H]3CC[C@@H](C2)N(C)C3)c(C)n1C","train"
"CHEMBL5013021","COc1ccccc1CC(=O)NCCn1cccc1-c1nc(-c2ccccc2)no1","COc1ccccc1CC(=O)NCCn1cccc1-c1nc(-c2ccccc2)no1","train"
"CHEMBL5013022","Cn1cnnc1[C@@H]1CCCN1C(=O)Nc1ccc(F)c(C2CC2)c1","Cn1cnnc1[C@@H]1CCCN1C(=O)Nc1ccc(F)c(C2CC2)c1","train"
"CHEMBL5013025","Cc1ccc2ncc(CN3CCC(CC(=O)N4CCCC4)CC3)n2c1","Cc1ccc2ncc(CN3CCC(CC(=O)N4CCCC4)CC3)n2c1","train"
"CHEMBL5013026","O=C1NCCN(Cc2ccn(CC(F)(F)F)n2)c2ccccc21","O=C1NCCN(Cc2ccn(CC(F)(F)F)n2)c2ccccc21","train"
"CHEMBL5013027","Cc1ccc(NC(=O)N2CC[C@H](Cc3nccs3)C2)c(N(C)C)n1","Cc1ccc(NC(=O)N2CC[C@H](Cc3nccs3)C2)c(N(C)C)n1","train"
"CHEMBL5013029","CCn1nc(CO)c2c1CCN(Cc1ccc(OC)cc1F)C2","CCn1nc(CO)c2c1CCN(Cc1ccc(OC)cc1F)C2","train"
"CHEMBL5425785","CN1CCN(C(=O)c2c(NC(=O)c3ccccc3F)sc3c2CCC(C(C)(C)C)C3)CC1","CN1CCN(C(=O)c2c(NC(=O)c3ccccc3F)sc3c2CCC(C(C)(C)C)C3)CC1","train"
"CHEMBL5425787","COc1ccc(C2=C(c3cn(CCCn4ccnc4)c4ccc(Br)cc34)C(=O)NC2=O)cc1","COc1ccc(C2=C(c3cn(CCCn4ccnc4)c4ccc(Br)cc34)C(=O)NC2=O)cc1","train"
"CHEMBL5425788","Fc1cc2c(cc1F)-c1ccc(OC(F)(F)F)cc1[I+]2","Fc1cc2c(cc1F)-c1ccc(OC(F)(F)F)cc1[I+]2","train"
"CHEMBL5425791","COc1cc(NC(=O)CSc2nc3ccccc3[nH]2)cc(OC)c1OC","COc1cc(NC(=O)CSc2nc3ccccc3[nH]2)cc(OC)c1OC","train"
"CHEMBL5425793","O=C1CCC(N2Cc3ccccc3C2)C(=O)N1","O=C1CCC(N2Cc3ccccc3C2)C(=O)N1","train"
"CHEMBL5425794","O=C(Nc1cccc2ncn(Cc3cccc(F)c3)c(=O)c12)c1cc(Cl)c(O)c(Cl)c1","O=C(Nc1cccc2ncn(Cc3cccc(F)c3)c(=O)c12)c1cc(Cl)c(O)c(Cl)c1","train"
"CHEMBL5425795","Cc1cc(C#N)cc(C)c1Oc1nc(Nc2ccc(C#N)cc2)ncc1C#CC(=O)NCCN1CCN(S(C)(=O)=O)CC1","Cc1cc(C#N)cc(C)c1Oc1nc(Nc2ccc(C#N)cc2)ncc1C#CC(=O)NCCN1CCN(S(C)(=O)=O)CC1","train"
"CHEMBL5425797","Cn1cnc(CNc2ccc3nc(CNC(=O)c4cccc5[nH]ncc45)cn3c2)c1","Cn1cnc(CNc2ccc3nc(CNC(=O)c4cccc5[nH]ncc45)cn3c2)c1","train"
"CHEMBL5425800","Nc1ccc(-c2ccsc2)cc1NC(=O)c1cn(CCc2cccc([N+](=O)[O-])c2)nn1","Nc1ccc(-c2ccsc2)cc1NC(=O)c1cn(CCc2cccc([N+](=O)[O-])c2)nn1","train"
"CHEMBL5425801","O=C1/C(=C/c2ccccc2O)CCc2ccccc21","O=C1/C(=C/c2ccccc2O)CCc2ccccc21","train"
"CHEMBL5425802","NCCNC(=O)c1nc(Nc2n[nH]c3ccccc23)c2cc(Cl)ccc2n1","NCCNC(=O)c1nc(Nc2n[nH]c3ccccc23)c2cc(Cl)ccc2n1","train"
"CHEMBL5425803","COC(=O)c1ccc(N2CCC(Cn3c(C(F)(F)F)nc4ccccc43)CC2)cc1Cl","COC(=O)c1ccc(N2CCC(Cn3c(C(F)(F)F)nc4ccccc43)CC2)cc1Cl","train"
"CHEMBL5425806","O=c1[nH]cnc2c1ncn2[C@@H]1O[C@H](CO)[C@H](OCP(=O)(O)O)[C@H]1O","O=c1[nH]cnc2c1ncn2[C@@H]1O[C@H](CO)[C@H](OCP(=O)(O)O)[C@H]1O","train"
"CHEMBL5425809","c1ccc2c(c1)c1cc(-c3cc(-c4ccc5c(c4)c4ccccc4n5CCN4CCCCC4)cc(-c4ccc5c(c4)c4ccccc4n5CCN4CCCCC4)c3)ccc1n2CCN1CCCCC1","c1ccc2c(c1)c1cc(-c3cc(-c4ccc5c(c4)c4ccccc4n5CCN4CCCCC4)cc(-c4ccc5c(c4)c4ccccc4n5CCN4CCCCC4)c3)ccc1n2CCN1CCCCC1","train"
"CHEMBL5425810","CCCCN(CC(=O)Nc1ccccc1C)Cc1ccc2ccccc2c1","CCCCN(CC(=O)Nc1ccccc1C)Cc1ccc2ccccc2c1","train"
"CHEMBL5425812","O=Cc1cc(OCc2cn(CCCNc3ccnc4cc(Cl)ccc34)nn2)ccc1Br","O=Cc1cc(OCc2cn(CCCNc3ccnc4cc(Cl)ccc34)nn2)ccc1Br","train"
"CHEMBL5425813","O=C(Nc1ccccc1)c1ccc(CNc2n[nH]c3ccccc23)cc1","O=C(Nc1ccccc1)c1ccc(CNc2n[nH]c3ccccc23)cc1","train"
"CHEMBL5425814","NC(=O)c1ccccc1NCc1cccc(NC(=O)Cc2ccc(Cl)cc2)c1","NC(=O)c1ccccc1NCc1cccc(NC(=O)Cc2ccc(Cl)cc2)c1","train"
"CHEMBL5425815","CNc1cccc(C(=O)Nc2nc(Cc3ccc(OC)cc3)c(Cc3ccc(OC)c(OC)c3)n2C)c1","CNc1cccc(C(=O)Nc2nc(Cc3ccc(OC)cc3)c(Cc3ccc(OC)c(OC)c3)n2C)c1","train"
"CHEMBL5425816","Cc1ccc(NC(=O)c2cc(Cl)c(O)c(Cl)c2)c2c(=O)n(Cc3ccccc3C(F)(F)F)c(C)nc12","Cc1ccc(NC(=O)c2cc(Cl)c(O)c(Cl)c2)c2c(=O)n(Cc3ccccc3C(F)(F)F)c(C)nc12","train"
"CHEMBL5425817","CC(=O)O[C@H]1[C@@H]2C(=O)c3c(C)cc(O)c4c3[C@@]1(COC4=O)C1=C2c2c(C)cc(O)c3c(=O)n(-c4cccc(Cl)c4)cc(c23)C1=O","CC(=O)O[C@H]1[C@@H]2C(=O)c3c(C)cc(O)c4c3[C@@]1(COC4=O)C1=C2c2c(C)cc(O)c3c(=O)n(-c4cccc(Cl)c4)cc(c23)C1=O","train"
"CHEMBL5425818","CC(CN1CCN(Cc2ccccc2)CC1)Nc1ccnc2cc(Cl)ccc12","CC(CN1CCN(Cc2ccccc2)CC1)Nc1ccnc2cc(Cl)ccc12","train"
"CHEMBL5425820","Cc1c(C#N)cccc1-c1cc(-c2ccc(=O)n(Cc3ccccc3)c2)nc(N)n1","Cc1c(C#N)cccc1-c1cc(-c2ccc(=O)n(Cc3ccccc3)c2)nc(N)n1","train"
"CHEMBL5425821","CCN(CC)CCNC(=O)c1ccc(CCc2nnc(NC(=O)Cc3ccccc3)s2)cc1","CCN(CC)CCNC(=O)c1ccc(CCc2nnc(NC(=O)Cc3ccccc3)s2)cc1","train"
"CHEMBL5425822","C[C@H]1CCCN1Cc1nc2cc(NC(=O)c3ccc4c(c3)[nH]c3ccccc34)ccc2[nH]1","C[C@H]1CCCN1Cc1nc2cc(NC(=O)c3ccc4c(c3)[nH]c3ccccc34)ccc2[nH]1","train"
"CHEMBL5425823","CCOc1ncc2cc(-c3ccc4nc5n(c4c3)CCN(C)C5)c(=O)n(-c3ccc(Cl)cc3)c2n1","CCOc1ncc2cc(-c3ccc4nc5n(c4c3)CCN(C)C5)c(=O)n(-c3ccc(Cl)cc3)c2n1","train"
"CHEMBL5425824","C=CCc1cc(OC)c(O)c(Oc2ccc(CN3CCCC3)cc2OC)c1","C=CCc1cc(OC)c(O)c(Oc2ccc(CN3CCCC3)cc2OC)c1","train"
"CHEMBL5425826","CCOC(=O)C1=C(CN2CCN(C(C(=O)O)c3ccccc3C#N)CC2)NC(c2nccs2)=NC1c1ccc(F)cc1Br","CCOC(=O)C1=C(CN2CCN(C(C(=O)O)c3ccccc3C#N)CC2)NC(c2nccs2)=NC1c1ccc(F)cc1Br","train"
"CHEMBL5425827","CN1CCC[C@@H](NC(=O)[C@H]2O[C@@H](n3cc(-c4ccn(C)n4)c4c(N)ncnc43)[C@H](O)[C@@H]2O)C1","CN1CCC[C@@H](NC(=O)[C@H]2O[C@@H](n3cc(-c4ccn(C)n4)c4c(N)ncnc43)[C@H](O)[C@@H]2O)C1","train"
"CHEMBL5425832","O=C(O)C1CCc2ccc(-c3cccc(Cl)c3-c3ccc4c(c3)CCO4)cc21","O=C(O)C1CCc2ccc(-c3cccc(Cl)c3-c3ccc4c(c3)CCO4)cc21","train"
"CHEMBL5425833","CCC(=O)N1CCCN(C(=O)C2CCCN(Cc3ccc(NC(=O)N[C@@]45C[C@@H]6C[C@@](C)(C[C@@](C)(C6)C4)C5)c(F)c3)C2)CC1","CCC(=O)N1CCCN(C(=O)C2CCCN(Cc3ccc(NC(=O)N[C@@]45C[C@@H]6C[C@@](C)(C[C@@](C)(C6)C4)C5)c(F)c3)C2)CC1","train"
"CHEMBL5425834","COc1ccc(Sc2c(C3CC3)c(=O)[nH]c(=O)n2COCc2ccccc2)c(OC)c1","COc1ccc(Sc2c(C3CC3)c(=O)[nH]c(=O)n2COCc2ccccc2)c(OC)c1","train"
"CHEMBL5425835","O=C(O)c1ncn(Cc2ccccc2)n1","O=C(O)c1ncn(Cc2ccccc2)n1","train"
"CHEMBL5425836","COc1ccc(-c2n[nH]c3nc(Nc4ccc(N5CCC(N(C)C)CC5)cc4OC)nc(OC4CCCC4)c23)cc1","COc1ccc(-c2n[nH]c3nc(Nc4ccc(N5CCC(N(C)C)CC5)cc4OC)nc(OC4CCCC4)c23)cc1","train"
"CHEMBL5425839","COC(=O)/C=C/c1cc(Br)cc(C(=O)NCc2ccc(C)cc2)c1","COC(=O)/C=C/c1cc(Br)cc(C(=O)NCc2ccc(C)cc2)c1","train"
"CHEMBL5425840","O=C(/C=C/c1ccc(F)nc1F)NCCCCC1CCN(C(=O)c2ccccc2)CC1","O=C(/C=C/c1ccc(F)nc1F)NCCCCC1CCN(C(=O)c2ccccc2)CC1","train"
"CHEMBL5425841","O=C(C1CCN(c2nnc(-c3ccccc3)o2)CC1)N1CCC(C(F)(F)F)CC1","O=C(C1CCN(c2nnc(-c3ccccc3)o2)CC1)N1CCC(C(F)(F)F)CC1","train"
"CHEMBL5425843","COc1ccc(N(C(=O)CCl)c2ccc3c(c2)CCCC3)cc1Cl","COc1ccc(N(C(=O)CCl)c2ccc3c(c2)CCCC3)cc1Cl","train"
"CHEMBL5425845","Nc1ccc(-c2cccs2)cc1NC(=O)c1ccc(-c2cn(CCCCCCC(=O)O)nn2)cc1","Nc1ccc(-c2cccs2)cc1NC(=O)c1ccc(-c2cn(CCCCCCC(=O)O)nn2)cc1","train"
"CHEMBL5425846","COc1cc(C(=O)O)cc2sc(N3CCN(Cc4c(-c5c(Cl)cccc5Cl)noc4C4CC4)C[C@H]3C)nc12","COc1cc(C(=O)O)cc2sc(N3CCN(Cc4c(-c5c(Cl)cccc5Cl)noc4C4CC4)C[C@H]3C)nc12","train"
"CHEMBL5425848","Nc1ccc(-c2cccnc2)cc1NC(=O)CCc1cn(-c2ccccc2-c2ccccc2)nn1","Nc1ccc(-c2cccnc2)cc1NC(=O)CCc1cn(-c2ccccc2-c2ccccc2)nn1","train"
"CHEMBL5425849","CC(C)(C)c1cnc(CSc2cnc(CC(=O)C3CCNCC3)s2)o1","CC(C)(C)c1cnc(CSc2cnc(CC(=O)C3CCNCC3)s2)o1","train"
"CHEMBL5425850","Cn1ncc2c(NC3CCOCC3)nc(NC[C@H](N)c3ccccc3)nc21","Cn1ncc2c(NC3CCOCC3)nc(NC[C@H](N)c3ccccc3)nc21","train"
"CHEMBL5425851","O=C(O)c1ccc2c(I)cc(I)c(O)c2n1","O=C(O)c1ccc2c(I)cc(I)c(O)c2n1","train"
"CHEMBL5425852","Cc1ccc(/N=N\c2ccc(C(=O)N3Cc4cccn4Cc4ccccc43)c(Cl)c2)cc1","Cc1ccc(/N=N\c2ccc(C(=O)N3Cc4cccn4Cc4ccccc43)c(Cl)c2)cc1","train"
"CHEMBL5425853","O=C(Cc1cccc(-c2nnn[nH]2)c1)Nc1nnc(N[C@@H]2CCN(c3cccnn3)C2)s1","O=C(Cc1cccc(-c2nnn[nH]2)c1)Nc1nnc(N[C@@H]2CCN(c3cccnn3)C2)s1","train"
"CHEMBL5425854","CCc1ccc(C(CCCc2c[nH]cn2)c2ccccc2)cc1","CCc1ccc(C(CCCc2c[nH]cn2)c2ccccc2)cc1","train"
"CHEMBL5425855","O=S(=O)(NCc1ccc(S(=O)(=O)c2cccc(O)c2)cc1)c1ccc(O)c(O)c1","O=S(=O)(NCc1ccc(S(=O)(=O)c2cccc(O)c2)cc1)c1ccc(O)c(O)c1","train"
"CHEMBL5425856","CCn1c(SCCCCCC(=O)NO)nc2c([nH]c3ccccc32)c1=O","CCn1c(SCCCCCC(=O)NO)nc2c([nH]c3ccccc32)c1=O","train"
"CHEMBL5425857","COc1cc(N2CCN(CCCCC(=O)N[C@H](C(=O)N3C[C@H](O)C[C@H]3C(=O)N[C@@H](C)c3ccc(-c4scnc4C)cc3)C(C)(C)C)CC2)ccc1Nc1ncc2c(n1)N(C)c1ccccc1C(=O)N2C","COc1cc(N2CCN(CCCCC(=O)N[C@H](C(=O)N3C[C@H](O)C[C@H]3C(=O)N[C@@H](C)c3ccc(-c4scnc4C)cc3)C(C)(C)C)CC2)ccc1Nc1ncc2c(n1)N(C)c1ccccc1C(=O)N2C","train"
"CHEMBL5425858","NC(=O)c1cc(-c2ccc(F)cc2)c2ccc(Cc3ccncc3)cc2n1","NC(=O)c1cc(-c2ccc(F)cc2)c2ccc(Cc3ccncc3)cc2n1","train"
"CHEMBL5425859","C[C@@H]1Cc2c([nH]c3ccccc23)[C@@H](c2ccc(OCCNCCCF)cc2)N1CC1(F)COC1","C[C@@H]1Cc2c([nH]c3ccccc23)[C@@H](c2ccc(OCCNCCCF)cc2)N1CC1(F)COC1","train"
"CHEMBL5425860","C[C@H]1CCCN1Cc1nc2cc(NC(=O)c3cccc4c3c3ccccc3c(=O)n4C)ccc2[nH]1","C[C@H]1CCCN1Cc1nc2cc(NC(=O)c3cccc4c3c3ccccc3c(=O)n4C)ccc2[nH]1","train"
"CHEMBL5425863","NC(CO)Cc1ccc(OCC2CCCCC2)cc1","NC(CO)Cc1ccc(OCC2CCCCC2)cc1","train"
"CHEMBL5425864","CN(Cc1ccc(OCCCOc2ccc(CC(=O)OCc3ccc(CO[N+](=O)[O-])cc3)cc2)cc1)CC(O)(Cn1cncn1)c1ccc(F)cc1F","CN(Cc1ccc(OCCCOc2ccc(CC(=O)OCc3ccc(CO[N+](=O)[O-])cc3)cc2)cc1)CC(O)(Cn1cncn1)c1ccc(F)cc1F","train"
"CHEMBL5425865","Cc1c(COc2cc(OCc3ccnc(C#N)c3)c(CN[C@H](CO)C(=O)O)cc2Cl)cccc1-c1ccc2c(c1)OCCO2","Cc1c(COc2cc(OCc3ccnc(C#N)c3)c(CN[C@H](CO)C(=O)O)cc2Cl)cccc1-c1ccc2c(c1)OCCO2","train"
"CHEMBL5425867","Cn1ccc(-c2cn([C@@H]3O[C@H](C(=O)NCCc4ccc(C(F)(F)F)cc4)[C@@H](O)[C@H]3O)c3ncnc(N)c23)n1","Cn1ccc(-c2cn([C@@H]3O[C@H](C(=O)NCCc4ccc(C(F)(F)F)cc4)[C@@H](O)[C@H]3O)c3ncnc(N)c23)n1","train"
"CHEMBL5425868","COc1ccc(-c2nnc(SCc3cc(F)cc([N+](=O)[O-])c3)o2)cc1","COc1ccc(-c2nnc(SCc3cc(F)cc([N+](=O)[O-])c3)o2)cc1","train"
"CHEMBL5425869","O=C(c1ccco1)N1CCN(CCNc2ccnc3cc(Cl)ccc23)CC1","O=C(c1ccco1)N1CCN(CCNc2ccnc3cc(Cl)ccc23)CC1","train"
"CHEMBL5425870","Cc1cccc(C)c1NC(=O)c1cnc(Nc2ccc(N3CCN(C)CC3)cc2)nc1NC1CCC1","Cc1cccc(C)c1NC(=O)c1cnc(Nc2ccc(N3CCN(C)CC3)cc2)nc1NC1CCC1","train"
"CHEMBL5425872","COc1ccc(-n2cc(CCC(=O)Nc3cc(-c4ccc(F)cc4)ccc3N)nn2)cc1","COc1ccc(-n2cc(CCC(=O)Nc3cc(-c4ccc(F)cc4)ccc3N)nn2)cc1","train"
"CHEMBL5425874","COc1cc2nc(/C(C#N)=C/c3cc(C)n(-c4oc(C)c(C)c4C#N)c3C)[nH]c2cc1OC","COc1cc2nc(/C(C#N)=C/c3cc(C)n(-c4oc(C)c(C)c4C#N)c3C)[nH]c2cc1OC","train"
"CHEMBL5425875","NC(=O)[C@@H](Cc1csc2ccccc12)NC(=O)c1ccc(N2CCOCC2)cc1","NC(=O)[C@@H](Cc1csc2ccccc12)NC(=O)c1ccc(N2CCOCC2)cc1","train"
"CHEMBL5425876","CC(=O)Oc1cc(C)cc(C)c1C(C)(C)CC(=O)Oc1ncc(F)c(N)n1","CC(=O)Oc1cc(C)cc(C)c1C(C)(C)CC(=O)Oc1ncc(F)c(N)n1","train"
"CHEMBL5425877","O=c1[nH]cnc2c(Cl)cc(N3CCc4ccccc4CC3)cc12","O=c1[nH]cnc2c(Cl)cc(N3CCc4ccccc4CC3)cc12","train"
"CHEMBL5425878","COc1nc(OCc2cccc(-c3ccccc3)c2C)ccc1CNCCO[C@@H]1O[C@H](CO)[C@@H](O)[C@H](O)[C@H]1NC(C)=O","COc1nc(OCc2cccc(-c3ccccc3)c2C)ccc1CNCCO[C@@H]1O[C@H](CO)[C@@H](O)[C@H](O)[C@H]1NC(C)=O","train"
"CHEMBL5425879","CCOC(=O)c1nc(NCc2ccc(OC(C)C)cc2)c2c(C)noc2n1","CCOC(=O)c1nc(NCc2ccc(OC(C)C)cc2)c2c(C)noc2n1","train"
"CHEMBL5425881","CCCCCCCCc1nc2ccccc2c(=O)[nH]1","CCCCCCCCc1nc2ccccc2c(=O)[nH]1","train"
"CHEMBL5425883","COCCOCCOCCOc1ccc(-c2cc3c(N(C)Cc4cccc(C)c4)ncnc3[nH]2)cc1","COCCOCCOCCOc1ccc(-c2cc3c(N(C)Cc4cccc(C)c4)ncnc3[nH]2)cc1","train"
"CHEMBL5425884","CS(=O)(=O)c1ccc(NC(=O)c2nc(-n3ccnc3)c3cc(Cl)ccc3n2)cc1","CS(=O)(=O)c1ccc(NC(=O)c2nc(-n3ccnc3)c3cc(Cl)ccc3n2)cc1","train"
"CHEMBL5425885","CO[C@H]1CCN([C@H]2COc3ccccc3[C@@H]2Nc2ncnc3[nH]c(C4CC4)cc23)C1","CO[C@H]1CCN([C@H]2COc3ccccc3[C@@H]2Nc2ncnc3[nH]c(C4CC4)cc23)C1","train"
"CHEMBL5425888","O=C(CCl)N1N=C(c2cccs2)CC1c1cccs1","O=C(CCl)N1N=C(c2cccs2)CC1c1cccs1","train"
"CHEMBL5425889","Cn1c(=O)ccn(Cc2ncc(-c3cccc(O)c3)o2)c1=O","Cn1c(=O)ccn(Cc2ncc(-c3cccc(O)c3)o2)c1=O","train"
"CHEMBL5425890","O=C(Cn1c(=S)[nH]c2ccccc21)Nc1cccc(Cl)c1","O=C(Cn1c(=S)[nH]c2ccccc21)Nc1cccc(Cl)c1","train"
"CHEMBL5425892","COc1cc2c(cc1OC)CN(C(=O)c1cc3cc(-c4ccc(NC(=O)c5ccc(Cl)cc5)cc4)ccc3n1Cc1ccc([N+](=O)[O-])cc1)CC2","COc1cc2c(cc1OC)CN(C(=O)c1cc3cc(-c4ccc(NC(=O)c5ccc(Cl)cc5)cc4)ccc3n1Cc1ccc([N+](=O)[O-])cc1)CC2","train"
"CHEMBL5425893","O=C(CN1CCC[C@@H](Nc2ncc(Cl)c(-c3c[nH]c4ccccc34)n2)C1)Nc1ccc([As](O)O)cc1","O=C(CN1CCC[C@@H](Nc2ncc(Cl)c(-c3c[nH]c4ccccc34)n2)C1)Nc1ccc([As](O)O)cc1","train"
"CHEMBL5425896","NS(=O)(=O)c1ccccc1Cn1cnc2cccc(NC(=O)c3cc(Cl)c(O)c(Cl)c3)c2c1=O","NS(=O)(=O)c1ccccc1Cn1cnc2cccc(NC(=O)c3cc(Cl)c(O)c(Cl)c3)c2c1=O","train"
"CHEMBL5425897","O=C(Cc1cccc(C(F)(F)F)c1)Nc1cc(Oc2cc3sc(NC(=O)C4CCC(O)CC4)nc3cc2F)ccc1F","O=C(Cc1cccc(C(F)(F)F)c1)Nc1cc(Oc2cc3sc(NC(=O)C4CCC(O)CC4)nc3cc2F)ccc1F","train"
"CHEMBL5425898","COc1cc2c(c3c1OCO3)-c1c(cc(OC)c3c1OCO3)CN(c1ccc(CN3CCCCC3)cc1)C2","COc1cc2c(c3c1OCO3)-c1c(cc(OC)c3c1OCO3)CN(c1ccc(CN3CCCCC3)cc1)C2","train"
"CHEMBL5425899","COc1cc(F)nc(N2[C@@H]3CCC[C@H]2c2cnc(-c4ncccn4)nc2C3)c1","COc1cc(F)nc(N2[C@@H]3CCC[C@H]2c2cnc(-c4ncccn4)nc2C3)c1","train"
"CHEMBL5425900","Cc1cnnn1-c1ccc(C(=O)Nc2ncc(Cc3ccccc3)s2)cc1","Cc1cnnn1-c1ccc(C(=O)Nc2ncc(Cc3ccccc3)s2)cc1","train"
"CHEMBL5425901","COc1cc(CCc2cc(C(C)(C)C)cc(C(C)(C)C)c2)cc(OC)c1","COc1cc(CCc2cc(C(C)(C)C)cc(C(C)(C)C)c2)cc(OC)c1","train"
"CHEMBL5425902","C=C[C@]1(C)C[C@@H](OC(=O)CSc2nc3sccc3c(=O)[nH]2)[C@]2(C)[C@H](C)CC[C@]3(CCC(=O)[C@H]32)[C@@H](C)[C@@H]1O","C=C[C@]1(C)C[C@@H](OC(=O)CSc2nc3sccc3c(=O)[nH]2)[C@]2(C)[C@H](C)CC[C@]3(CCC(=O)[C@H]32)[C@@H](C)[C@@H]1O","train"
"CHEMBL5425903","CCc1cc2c(cc1Cl)nc1c(=O)[nH]c(=O)nc-1n2CCOc1ccc(F)cc1","CCc1cc2c(cc1Cl)nc1c(=O)[nH]c(=O)nc-1n2CCOc1ccc(F)cc1","train"
"CHEMBL5425904","Cc1[nH]c(C(=O)Nc2nc3c(OC(C)c4ccc(CN5CCOCC5)cc4)cc(C(=O)O)cc3s2)c(Cl)c1Cl","Cc1[nH]c(C(=O)Nc2nc3c(OC(C)c4ccc(CN5CCOCC5)cc4)cc(C(=O)O)cc3s2)c(Cl)c1Cl","train"
"CHEMBL5425906","CC(C)(c1ccc(OCC2CCN(C(=O)CNc3ccc4c(c3)C(=O)N(C3CCC(=O)NC3=O)C4=O)CC2)cc1)c1ccc(OC[C@H](O)CCl)cc1","CC(C)(c1ccc(OCC2CCN(C(=O)CNc3ccc4c(c3)C(=O)N(C3CCC(=O)NC3=O)C4=O)CC2)cc1)c1ccc(OC[C@H](O)CCl)cc1","train"
"CHEMBL5425907","CC(OCc1c[nH]c(=O)[nH]c1=O)c1ccccc1","CC(OCc1c[nH]c(=O)[nH]c1=O)c1ccccc1","train"
"CHEMBL5425908","COc1ccc(CNCc2cn([C@@H]3O[C@H](CO)[C@@H](O)[C@H](O)[C@H]3NC(C)=O)nn2)cc1OCc1cccc(-c2ccccc2)c1C","COc1ccc(CNCc2cn([C@@H]3O[C@H](CO)[C@@H](O)[C@H](O)[C@H]3NC(C)=O)nn2)cc1OCc1cccc(-c2ccccc2)c1C","train"
"CHEMBL5425909","CC(=O)N1CCN(c2ccc(OCCN(CC(O)(Cn3cncn3)c3ccc(F)cc3F)S(=O)(=O)c3ccc(Br)cc3)cc2)CC1","CC(=O)N1CCN(c2ccc(OCCN(CC(O)(Cn3cncn3)c3ccc(F)cc3F)S(=O)(=O)c3ccc(Br)cc3)cc2)CC1","train"
"CHEMBL5425910","CC1(C)[C@@H]2[C@@H](C(=O)N[C@@H](C[C@@H]3CCNC3=O)C(=O)c3nc4c(F)cccc4s3)N(C(=O)[C@H](CCC(F)(F)F)NC(=O)C(F)(F)F)C[C@@H]21","CC1(C)[C@@H]2[C@@H](C(=O)N[C@@H](C[C@@H]3CCNC3=O)C(=O)c3nc4c(F)cccc4s3)N(C(=O)[C@H](CCC(F)(F)F)NC(=O)C(F)(F)F)C[C@@H]21","train"
"CHEMBL5425911","CCCCCCCCNC(=O)C[C@H]1O[C@@H]2O[C@@]3(C)CC[C@H]4[C@H](C)CC[C@@H]([C@H]1C)[C@@]24OO3","CCCCCCCCNC(=O)C[C@H]1O[C@@H]2O[C@@]3(C)CC[C@H]4[C@H](C)CC[C@@H]([C@H]1C)[C@@]24OO3","train"
"CHEMBL5425913","O=C(c1cc(Cc2n[nH]c(=O)c3ccccc23)ccc1F)N1CCn2c(nnc2-c2cc(Br)c(Cl)o2)C1","O=C(c1cc(Cc2n[nH]c(=O)c3ccccc23)ccc1F)N1CCn2c(nnc2-c2cc(Br)c(Cl)o2)C1","train"
"CHEMBL5425914","COc1cc(CN2CCNc3c(cc(Cn4ccn(C)c4=N)cc3-c3ccc(F)cc3C)C2=O)cc(OC)c1","COc1cc(CN2CCNc3c(cc(Cn4ccn(C)c4=N)cc3-c3ccc(F)cc3C)C2=O)cc(OC)c1","train"
"CHEMBL5425915","O=c1ccoc(/C=C/c2ccc(F)cc2)c1O","O=c1ccoc(/C=C/c2ccc(F)cc2)c1O","train"
"CHEMBL5425916","Cn1c(=O)c2c(nc(NCCO)n2Cc2ccccc2)n(C)c1=O","Cn1c(=O)c2c(nc(NCCO)n2Cc2ccccc2)n(C)c1=O","train"
"CHEMBL5425917","CCc1nc(-c2cccc(OC)c2)n(-c2cccc(C(=O)NCCCCn3nccn3)c2)n1","CCc1nc(-c2cccc(OC)c2)n(-c2cccc(C(=O)NCCCCn3nccn3)c2)n1","train"
"CHEMBL5425918","Cc1nc(N2CCCC(F)(F)CC2)c(C(=O)Nc2ccc3c(c2)C(=O)NCC3)cc1Cl","Cc1nc(N2CCCC(F)(F)CC2)c(C(=O)Nc2ccc3c(c2)C(=O)NCC3)cc1Cl","train"
"CHEMBL5425920","Cc1ccc(N2CCN(CCCCc3nc4ccccc4s3)CC2)nc1","Cc1ccc(N2CCN(CCCCc3nc4ccccc4s3)CC2)nc1","train"
"CHEMBL5425921","O=C(NCc1nc(-c2ccc(Br)cc2)c[nH]1)Nc1nc2ccccc2s1","O=C(NCc1nc(-c2ccc(Br)cc2)c[nH]1)Nc1nc2ccccc2s1","train"
"CHEMBL5425922","CC(=O)Nc1ccc(COc2ccc(OS(=O)(=O)F)cc2)cc1","CC(=O)Nc1ccc(COc2ccc(OS(=O)(=O)F)cc2)cc1","train"
"CHEMBL5425923","CCOP(=O)(OCC)C(Nc1ccc2c(C)cc(=O)oc2c1)c1cccc(Cl)c1O","CCOP(=O)(OCC)C(Nc1ccc2c(C)cc(=O)oc2c1)c1cccc(Cl)c1O","train"
"CHEMBL5425924","O=C1OC(O)C(NCc2cn(-c3ccc(F)c(F)c3)nn2)=C1Cl","O=C1OC(O)C(NCc2cn(-c3ccc(F)c(F)c3)nn2)=C1Cl","train"
"CHEMBL5425925","COCCn1c([C@H]2CC23CCN(c2nc(OCc4ccc(Cl)cc4F)ncc2F)CC3)nc2ccc(C(=O)O)cc21","COCCn1c([C@H]2CC23CCN(c2nc(OCc4ccc(Cl)cc4F)ncc2F)CC3)nc2ccc(C(=O)O)cc21","train"
"CHEMBL5425926","CC(=O)c1cccc(C(=O)Nc2cc(C(C)(C)C)cc(NC(=O)c3cccc(C(=O)Nc4cc(C(C)(C)C)cc(N)c4SCCN)c3)c2SCCN)c1","CC(=O)c1cccc(C(=O)Nc2cc(C(C)(C)C)cc(NC(=O)c3cccc(C(=O)Nc4cc(C(C)(C)C)cc(N)c4SCCN)c3)c2SCCN)c1","train"
"CHEMBL5425927","CCCCCCCC(=O)N[C@H](CCN)C(=O)N[C@H]1CCNC(=O)[C@H](CC(C)C)NC(=O)[C@H](CCN)NC(=O)[C@H](CCN)NC(=O)[C@H](CC(C)C)NC(=O)[C@@H](CC(C)C)NC(=O)[C@H](CCN)NC1=O","CCCCCCCC(=O)N[C@H](CCN)C(=O)N[C@H]1CCNC(=O)[C@H](CC(C)C)NC(=O)[C@H](CCN)NC(=O)[C@H](CCN)NC(=O)[C@H](CC(C)C)NC(=O)[C@@H](CC(C)C)NC(=O)[C@H](CCN)NC1=O","train"
"CHEMBL5425929","Clc1cccc(CC(c2ccc3[nH]ccc3c2)n2ccnc2)c1","Clc1cccc(CC(c2ccc3[nH]ccc3c2)n2ccnc2)c1","train"
"CHEMBL5425930","CC(C)(C)OC(=O)NCCNCCCCCCOc1ccc(-c2ccc(C(=O)N[C@@H](CC(=O)O)C(=O)O)o2)cc1","CC(C)(C)OC(=O)NCCNCCCCCCOc1ccc(-c2ccc(C(=O)N[C@@H](CC(=O)O)C(=O)O)o2)cc1","train"
"CHEMBL5425931","CCC[C@@H](CCO)Nc1nc(N)nc2cnn(Cc3ncc(CNC4CCOCC4)cc3OC)c12","CCC[C@@H](CCO)Nc1nc(N)nc2cnn(Cc3ncc(CNC4CCOCC4)cc3OC)c12","train"
"CHEMBL5425932","C=CC(=O)N1CCC(N2N=C(Nc3ccc(OC)cc3)c3c[nH]c4ncnc2c34)CC1","C=CC(=O)N1CCC(N2N=C(Nc3ccc(OC)cc3)c3c[nH]c4ncnc2c34)CC1","train"
"CHEMBL5425933","O=c1c2ccccc2n(CCCCN2CCN(CCO)CC2)c2ccc(Br)cc12","O=c1c2ccccc2n(CCCCN2CCN(CCO)CC2)c2ccc(Br)cc12","train"
"CHEMBL5425934","O=C(/C=C/c1ccc(OCc2cccc(Cl)c2)cc1)Nc1nc2ccccc2s1","O=C(/C=C/c1ccc(OCc2cccc(Cl)c2)cc1)Nc1nc2ccccc2s1","train"
"CHEMBL5425935","COc1ccc2cc(C(=O)NCC(=O)O)oc2c1","COc1ccc2cc(C(=O)NCC(=O)O)oc2c1","train"
"CHEMBL5425936","Nc1ccc(-c2cccs2)cc1NC(=O)CCc1cn(Cc2ccc(-c3ccccc3)cc2)nn1","Nc1ccc(-c2cccs2)cc1NC(=O)CCc1cn(Cc2ccc(-c3ccccc3)cc2)nn1","train"
"CHEMBL5425937","Cc1cc2c(cc1Cl)SC(/N=C(/N)NC(=O)c1ccc3ccccc3c1)=NS2(=O)=O","Cc1cc2c(cc1Cl)SC(/N=C(/N)NC(=O)c1ccc3ccccc3c1)=NS2(=O)=O","train"
"CHEMBL5425939","CCCN1CCC[C@H](OC(=O)NC(C)(C)c2csc(-c3ccc(F)cc3)n2)C1","CCCN1CCC[C@H](OC(=O)NC(C)(C)c2csc(-c3ccc(F)cc3)n2)C1","train"
"CHEMBL5425940","CC(C)n1nc(-c2ccccc2)ncc1=O","CC(C)n1nc(-c2ccccc2)ncc1=O","train"
"CHEMBL5425941","CCC(=O)N1CCc2c(N3CCOC[C@H]3C)nc(-c3cccc4[nH]ccc34)nc2C1(C)C","CCC(=O)N1CCc2c(N3CCOC[C@H]3C)nc(-c3cccc4[nH]ccc34)nc2C1(C)C","train"
"CHEMBL5425942","O=[N+]([O-])c1cc(Br)cc(CSc2nnc(C3CCCCC3)o2)c1","O=[N+]([O-])c1cc(Br)cc(CSc2nnc(C3CCCCC3)o2)c1","train"
"CHEMBL5425944","Clc1cccc(N2CCN(CCCOC3(c4ccccn4)CCOCC3)CC2)c1Cl","Clc1cccc(N2CCN(CCCOC3(c4ccccn4)CCOCC3)CC2)c1Cl","train"
"CHEMBL5425945","CCOc1ccc(NC(=O)c2ccc(-c3nnn[nH]3)cc2)cc1","CCOc1ccc(NC(=O)c2ccc(-c3nnn[nH]3)cc2)cc1","train"
"CHEMBL5425946","Cc1ccc(-c2c(C#N)c(=O)n(Cc3ccccc3)c3cc(NC(C)c4ccccc4)ccc23)cc1","Cc1ccc(-c2c(C#N)c(=O)n(Cc3ccccc3)c3cc(NC(C)c4ccccc4)ccc23)cc1","train"
"CHEMBL5425947","CCc1cc(Nc2ncc(C(F)(F)F)c(Nc3ccc4nccnc4c3P(C)(C)=O)n2)c(OC)cc1N1CCC(N2CC(N(C)C)C2)CC1","CCc1cc(Nc2ncc(C(F)(F)F)c(Nc3ccc4nccnc4c3P(C)(C)=O)n2)c(OC)cc1N1CCC(N2CC(N(C)C)C2)CC1","train"
"CHEMBL5425948","Nc1cc2nc[nH]c(=O)c2cc1N1Cc2ccccc2C1","Nc1cc2nc[nH]c(=O)c2cc1N1Cc2ccccc2C1","train"
"CHEMBL5425950","O=C(O)c1ccc2c(Cl)cc(I)c(O)c2n1","O=C(O)c1ccc2c(Cl)cc(I)c(O)c2n1","train"
"CHEMBL5425951","CCOC(=O)Cc1csc(NN=C(C)CCO)n1","CCOC(=O)Cc1csc(NN=C(C)CCO)n1","train"
"CHEMBL5425952","O=C1CC[C@@H](C(=O)NCc2ccc(S(=O)(=O)F)cc2)N1","O=C1CC[C@@H](C(=O)NCc2ccc(S(=O)(=O)F)cc2)N1","train"
"CHEMBL5425953","CS(=O)(=O)c1ccc(Nc2ncnc3sc(-c4cn[nH]c4)cc23)cc1","CS(=O)(=O)c1ccc(Nc2ncnc3sc(-c4cn[nH]c4)cc23)cc1","train"
"CHEMBL5425955","Cn1ncc2cc(C#CCN3CCC(Cc4ccccc4)CC3)ccc21","Cn1ncc2cc(C#CCN3CCC(Cc4ccccc4)CC3)ccc21","train"
"CHEMBL5425956","CCC[C@H](NC(=O)[C@@H]1[C@H]2CCC[C@H]2CN1C(=O)[C@@H](NC(=O)CC1CCCCC1)C(C)(C)C)C(=O)C(=O)NC1CC1","CCC[C@H](NC(=O)[C@@H]1[C@H]2CCC[C@H]2CN1C(=O)[C@@H](NC(=O)CC1CCCCC1)C(C)(C)C)C(=O)C(=O)NC1CC1","train"
"CHEMBL5425957","Nc1ccc(-c2ccsc2)cc1NC(=O)CCc1cn(Cc2ccc(-c3ccccc3)cc2)nn1","Nc1ccc(-c2ccsc2)cc1NC(=O)CCc1cn(Cc2ccc(-c3ccccc3)cc2)nn1","train"
"CHEMBL5425959","c1ccc2nc3c(cc2c1)c1ccccc1n3CCCn1ccnc1","c1ccc2nc3c(cc2c1)c1ccccc1n3CCCn1ccnc1","train"
"CHEMBL5425960","CN(C)c1cc(O)c2c(c1)O/C(=C\c1ccc(O)cc1O)C2=O","CN(C)c1cc(O)c2c(c1)O/C(=C\c1ccc(O)cc1O)C2=O","train"
"CHEMBL5425961","COc1ccc(-n2c(SCCC(F)(F)F)nnc2[C@H](Cc2ccccc2)NC(=O)Cc2c(C)[nH]c3ccccc23)cc1","COc1ccc(-n2c(SCCC(F)(F)F)nnc2[C@H](Cc2ccccc2)NC(=O)Cc2c(C)[nH]c3ccccc23)cc1","train"
"CHEMBL5425962","CCOc1ccccc1OC(=O)N1CC(c2nc(-c3ccsc3)no2)C1","CCOc1ccccc1OC(=O)N1CC(c2nc(-c3ccsc3)no2)C1","train"
"CHEMBL5425963","C/C=C1/CN(C)[C@@]2(C)Cc3c([nH]c4ccccc34)[C@H](c3c(OC)ccc4c3NC3[C@@]4(O)CCN4C[C@H]5C[C@H](CC)[C@H]4[C@@]3(C(=O)OC)C5)C[C@H]1[C@]2(COC(C)=O)C(=O)OC","C/C=C1/CN(C)[C@@]2(C)Cc3c([nH]c4ccccc34)[C@H](c3c(OC)ccc4c3NC3[C@@]4(O)CCN4C[C@H]5C[C@H](CC)[C@H]4[C@@]3(C(=O)OC)C5)C[C@H]1[C@]2(COC(C)=O)C(=O)OC","train"
"CHEMBL5425965","CCCCCc1c(CC=C(C)C)c(O)cc(O)c1CC=C(C)C","CCCCCc1c(CC=C(C)C)c(O)cc(O)c1CC=C(C)C","train"
"CHEMBL5425966","CN(Cc1cccc2ccccc12)c1ncnc2[nH]c(-c3ccc(CO)cc3)cc12","CN(Cc1cccc2ccccc12)c1ncnc2[nH]c(-c3ccc(CO)cc3)cc12","train"
"CHEMBL5425967","CP(C)(=O)c1ccccc1Nc1nc(Nc2ccc(C(=O)N3CCNCC3)cc2)ncc1Cl","CP(C)(=O)c1ccccc1Nc1nc(Nc2ccc(C(=O)N3CCNCC3)cc2)ncc1Cl","train"
"CHEMBL5425968","CCCCCCCCCCCCCCCC(=O)Nc1ccc(C(=O)/C=C/c2ccccc2)cc1","CCCCCCCCCCCCCCCC(=O)Nc1ccc(C(=O)/C=C/c2ccccc2)cc1","train"
"CHEMBL5425969","CC(C)c1ccc2c(c1)CC[C@H]1[C@@](CNC(=O)c3ccccn3)(Cc3ccccc3)CCC[C@]21C","CC(C)c1ccc2c(c1)CC[C@H]1[C@@](CNC(=O)c3ccccn3)(Cc3ccccc3)CCC[C@]21C","train"
"CHEMBL5425970","O=C(C(F)Cl)N1CCN(c2ccccc2)CC1","O=C(C(F)Cl)N1CCN(c2ccccc2)CC1","train"
"CHEMBL5425971","O=C1C(c2ccccc2)=C(c2ccccc2)C(=O)N1c1ccc(N2CCCCC2)cc1","O=C1C(c2ccccc2)=C(c2ccccc2)C(=O)N1c1ccc(N2CCCCC2)cc1","train"
"CHEMBL5425974","CCOC(=O)Cn1cc(CN[C@@H](C)[C@H]2CC[C@H]3[C@@H]4CC=C5C[C@@H](O)CC[C@]5(C)[C@H]4CC[C@]23C)nn1","CCOC(=O)Cn1cc(CN[C@@H](C)[C@H]2CC[C@H]3[C@@H]4CC=C5C[C@@H](O)CC[C@]5(C)[C@H]4CC[C@]23C)nn1","train"
"CHEMBL5425976","COc1cc2c(Oc3ccc(NC(=O)Nc4ccnn4C4CCCC4)c(Cl)c3)ncnc2cc1OCCCN1CCCC1","COc1cc2c(Oc3ccc(NC(=O)Nc4ccnn4C4CCCC4)c(Cl)c3)ncnc2cc1OCCCN1CCCC1","train"
"CHEMBL5425977","CC(=O)N[C@H]1C[C@H](Nc2cc(C(C)C)nc3ccnn23)C1","CC(=O)N[C@H]1C[C@H](Nc2cc(C(C)C)nc3ccnn23)C1","train"
"CHEMBL5425978","CCc1c(C(N=[N+]=[N-])c2cc(C)cc(C)c2)nc(SC(C)C)[nH]c1=O","CCc1c(C(N=[N+]=[N-])c2cc(C)cc(C)c2)nc(SC(C)C)[nH]c1=O","train"
"CHEMBL5425979","CN(C)C(=O)Oc1ccccc1C(=O)/C=C/c1ccc(F)cc1","CN(C)C(=O)Oc1ccccc1C(=O)/C=C/c1ccc(F)cc1","train"
"CHEMBL5425981","CN1C(=O)[C@@H](NC(=O)c2cc3cccc(-c4ccc5ccccc5c4)c3[nH]2)COc2ccccc21","CN1C(=O)[C@@H](NC(=O)c2cc3cccc(-c4ccc5ccccc5c4)c3[nH]2)COc2ccccc21","train"
"CHEMBL5425982","CC(OC/C=C/c1ccccc1)C1=C(C(=O)O)Oc2cc(OCc3ccccc3)ccc2O1","CC(OC/C=C/c1ccccc1)C1=C(C(=O)O)Oc2cc(OCc3ccccc3)ccc2O1","train"
"CHEMBL5425983","C=C(C/C=C\C=C/CC/C=C/CN(C)C(=O)/C=C(\C)OC)c1nc(C[C@H](C)[C@@H]2CC[C@@H](C)C[C@H]2O)co1","C=C(C/C=C\C=C/CC/C=C/CN(C)C(=O)/C=C(\C)OC)c1nc(C[C@H](C)[C@@H]2CC[C@@H](C)C[C@H]2O)co1","train"
"CHEMBL5425986","[N-]=[N+]=Nc1ccc(NCCCCCCN2C[C@H](O)[C@@H](O)[C@H](O)[C@H]2CO)c([N+](=O)[O-])c1","[N-]=[N+]=Nc1ccc(NCCCCCCN2C[C@H](O)[C@@H](O)[C@H](O)[C@H]2CO)c([N+](=O)[O-])c1","train"
"CHEMBL5425988","C=CC[C@@]12C(=O)C(C(=O)c3ccccc3)=C(O)[C@@](Cc3ccccc3)(C[C@H](Cc3ccccc3)C1(C)C)C2=O","C=CC[C@@]12C(=O)C(C(=O)c3ccccc3)=C(O)[C@@](Cc3ccccc3)(C[C@H](Cc3ccccc3)C1(C)C)C2=O","train"
"CHEMBL5425989","CCN1[C@@H](CC(C)(C)C)[C@@]2(CNc3cc(Cl)ccc32)[C@@H](c2cccc(Cl)c2)[C@@H]1C(=O)Nc1ccc(C(=O)O)cc1OC","CCN1[C@@H](CC(C)(C)C)[C@@]2(CNc3cc(Cl)ccc32)[C@@H](c2cccc(Cl)c2)[C@@H]1C(=O)Nc1ccc(C(=O)O)cc1OC","train"
"CHEMBL5425990","CCOc1ccc([C@@H]2[C@@H]([N+](=O)[O-])[C@@H](c3ccccc3)N[C@@]2(C)C(=O)OC)cc1","CCOc1ccc([C@@H]2[C@@H]([N+](=O)[O-])[C@@H](c3ccccc3)N[C@@]2(C)C(=O)OC)cc1","train"
"CHEMBL5425993","O=C1CCCN1c1ccc(-c2nc3ccccn3c2CN2CCN(c3ccccc3)CC2)cc1","O=C1CCCN1c1ccc(-c2nc3ccccn3c2CN2CCN(c3ccccc3)CC2)cc1","train"
"CHEMBL5425995","Cc1ccc2c(Cc3nnn(CCCCC(=O)O)n3)cn(Cc3ccc(Cl)cc3Cl)c2c1","Cc1ccc2c(Cc3nnn(CCCCC(=O)O)n3)cn(Cc3ccc(Cl)cc3Cl)c2c1","train"
"CHEMBL5425997","O=C(Nc1ncsc1C(=O)NC1(c2ccc(F)cc2)CC1)c1cc(Cl)c(O)c(Cl)c1","O=C(Nc1ncsc1C(=O)NC1(c2ccc(F)cc2)CC1)c1cc(Cl)c(O)c(Cl)c1","train"
"CHEMBL5425998","c1ccc(-n2cc(COc3ccc(-c4nc5ccccc5s4)cc3)nn2)cc1","c1ccc(-n2cc(COc3ccc(-c4nc5ccccc5s4)cc3)nn2)cc1","train"
"CHEMBL5426000","Cc1cc(C(=O)Nc2ccc(C)c(-c3cnc(N)nc3)c2)ccc1N","Cc1cc(C(=O)Nc2ccc(C)c(-c3cnc(N)nc3)c2)ccc1N","train"
"CHEMBL5426001","C=C1CC/C=C(\C)CC[C@@H]2C([C@@H](O)C/C=C(\C)COC(C)=O)=CO[C@H](OC(C)=O)[C@@H]12","C=C1CC/C=C(\C)CC[C@@H]2C([C@@H](O)C/C=C(\C)COC(C)=O)=CO[C@H](OC(C)=O)[C@@H]12","train"
"CHEMBL5426002","Nc1ccc(-c2ccc(F)cc2)cc1NC(=O)c1cn(CCc2cccc([N+](=O)[O-])c2)nn1","Nc1ccc(-c2ccc(F)cc2)cc1NC(=O)c1cn(CCc2cccc([N+](=O)[O-])c2)nn1","train"
"CHEMBL5426003","CN1CCn2c(nc3ccc(-c4cc5cnc(OCC(F)F)nc5n(-c5ccc(OC(F)F)cc5)c4=O)cc32)C1","CN1CCn2c(nc3ccc(-c4cc5cnc(OCC(F)F)nc5n(-c5ccc(OC(F)F)cc5)c4=O)cc32)C1","train"
"CHEMBL5426004","CO[C@@H]1[C@@H](OC(=O)NOCC(C)C)[C@@H](O)[C@H](Oc2ccc3c(O)c(NC(=O)c4ccc(O)c(CC=C(C)C)c4)c(=O)oc3c2C)OC1(C)C","CO[C@@H]1[C@@H](OC(=O)NOCC(C)C)[C@@H](O)[C@H](Oc2ccc3c(O)c(NC(=O)c4ccc(O)c(CC=C(C)C)c4)c(=O)oc3c2C)OC1(C)C","train"
"CHEMBL5426005","c1ccc(CC[Se][Se]CCc2ccccc2)cc1","c1ccc(CC[Se][Se]CCc2ccccc2)cc1","train"
"CHEMBL5426006","COc1ccccc1NC(=O)Nc1ccc(-c2nc3ccccc3o2)cc1","COc1ccccc1NC(=O)Nc1ccc(-c2nc3ccccc3o2)cc1","train"
"CHEMBL5426007","O=C1CNC(=O)N1C(=O)Cc1ccccc1","O=C1CNC(=O)N1C(=O)Cc1ccccc1","train"
"CHEMBL5426008","CCCCCC[C@H](O)CCC[C@H](O)[C@H]1CC[C@H]([C@H]2CC[C@H]([C@H](O)CCCCCCCCC[C@@H](O)CCC3=C[C@H](C)OC3=O)O2)O1","CCCCCC[C@H](O)CCC[C@H](O)[C@H]1CC[C@H]([C@H]2CC[C@H]([C@H](O)CCCCCCCCC[C@@H](O)CCC3=C[C@H](C)OC3=O)O2)O1","train"
"CHEMBL5426009","O=C(Nc1cccc(-c2nncn2C2CC2)n1)c1cc(-c2cnn(C3CCC3)c2)cn(Cc2ccccc2F)c1=O","O=C(Nc1cccc(-c2nncn2C2CC2)n1)c1cc(-c2cnn(C3CCC3)c2)cn(Cc2ccccc2F)c1=O","train"
"CHEMBL5426011","O=C(Nc1ccc(C(F)(F)F)cc1)c1ccnc(-n2ccnc2)n1","O=C(Nc1ccc(C(F)(F)F)cc1)c1ccnc(-n2ccnc2)n1","train"
"CHEMBL5426013","Cc1cc(Cl)cc(NC(C(=O)c2ccc(Cl)cc2)c2ccc(F)c(Cl)c2)c1","Cc1cc(Cl)cc(NC(C(=O)c2ccc(Cl)cc2)c2ccc(F)c(Cl)c2)c1","train"
"CHEMBL5426014","Clc1ccc2c(NC(Cc3ccccc3)CN3CCN(Cc4ccccc4)CC3)ccnc2c1","Clc1ccc2c(NC(Cc3ccccc3)CN3CCN(Cc4ccccc4)CC3)ccnc2c1","train"
"CHEMBL5426015","Nc1nn(-c2ccc(Cl)c(Cl)c2)nc1C(=O)NCc1ccc(C(=O)NO)cc1","Nc1nn(-c2ccc(Cl)c(Cl)c2)nc1C(=O)NCc1ccc(C(=O)NO)cc1","train"
"CHEMBL5426016","C[C@](O)(Cn1nc(Cl)c2cc(F)ccc21)C(=O)Nc1cnc(C#N)c(C(F)(F)F)c1","C[C@](O)(Cn1nc(Cl)c2cc(F)ccc21)C(=O)Nc1cnc(C#N)c(C(F)(F)F)c1","train"
"CHEMBL5426017","COC(=O)c1ccc(/C=C2/C(=O)Nc3cc(N)ccc32)cc1","COC(=O)c1ccc(/C=C2/C(=O)Nc3cc(N)ccc32)cc1","train"
"CHEMBL5426020","CN(C)CCN(C)CC(=O)Nc1ccc(-c2ccc3ncn(-c4cccc(NS(C)(=O)=O)c4)c3c2)cc1","CN(C)CCN(C)CC(=O)Nc1ccc(-c2ccc3ncn(-c4cccc(NS(C)(=O)=O)c4)c3c2)cc1","train"
"CHEMBL5426022","C[C@H]1C(=O)N(C)C=Cc2cc(OCCCCOc3ccc4c(c3)C=CN(C)C(=O)[C@@H]4C)ccc21","C[C@H]1C(=O)N(C)C=Cc2cc(OCCCCOc3ccc4c(c3)C=CN(C)C(=O)[C@@H]4C)ccc21","train"
"CHEMBL5426024","O=Cc1cc(OCc2cn(-c3ccnc4ccc(Cl)cc34)nn2)ccc1Br","O=Cc1cc(OCc2cn(-c3ccnc4ccc(Cl)cc34)nn2)ccc1Br","train"
"CHEMBL5426025","COc1cc2c(cc1OC)CN(C(=O)c1cc3cc(-c4ccc(NC(=O)c5ccc(Cl)cc5)cc4)ccc3n1Cc1cccc(C(F)(F)F)c1)CC2","COc1cc2c(cc1OC)CN(C(=O)c1cc3cc(-c4ccc(NC(=O)c5ccc(Cl)cc5)cc4)ccc3n1Cc1cccc(C(F)(F)F)c1)CC2","train"
"CHEMBL5426026","CCCNC(=O)CSc1nc(N[C@H](C)CO)c2nn[nH]c2n1","CCCNC(=O)CSc1nc(N[C@H](C)CO)c2nn[nH]c2n1","train"
"CHEMBL5426027","Cc1nc2ccc(S(=O)(=O)n3nc(SCc4ccc(Cl)cc4)nc3N)cc2s1","Cc1nc2ccc(S(=O)(=O)n3nc(SCc4ccc(Cl)cc4)nc3N)cc2s1","train"
"CHEMBL5426028","CN(C)c1cc(/C=C/C=O)ccc1O","CN(C)c1cc(/C=C/C=O)ccc1O","train"
"CHEMBL5426029","C[C@H](CC(=O)O)c1ccc(OCc2ccc3c(-c4ccc(O)cc4)nn(C4CCCC4)c3c2)cc1","C[C@H](CC(=O)O)c1ccc(OCc2ccc3c(-c4ccc(O)cc4)nn(C4CCCC4)c3c2)cc1","train"
"CHEMBL5426030","CCCn1c(NCc2ccc(F)cc2)nc2cc(F)ccc21","CCCn1c(NCc2ccc(F)cc2)nc2cc(F)ccc21","train"
"CHEMBL5426031","CCN(CC)c1ccc(C(NC(=O)Cc2ccccc2)c2ccc3cccnc3c2O)cc1","CCN(CC)c1ccc(C(NC(=O)Cc2ccccc2)c2ccc3cccnc3c2O)cc1","train"
"CHEMBL5426032","COc1nnc(NC(=O)c2ccc(N)cc2-c2cc(Cl)ncc2OC)s1","COc1nnc(NC(=O)c2ccc(N)cc2-c2cc(Cl)ncc2OC)s1","train"
"CHEMBL5426033","CC(C)(NC(=O)O[C@@H]1CN2CCC1CC2)c1csc(-c2cccc(O)c2)n1","CC(C)(NC(=O)O[C@@H]1CN2CCC1CC2)c1csc(-c2cccc(O)c2)n1","train"
"CHEMBL5426034","CCc1cccc(Oc2ccc(NS(C)(=O)=O)c(C(=O)NCc3ccc(F)c(F)c3)c2)c1","CCc1cccc(Oc2ccc(NS(C)(=O)=O)c(C(=O)NCc3ccc(F)c(F)c3)c2)c1","train"
"CHEMBL5426035","CC(C)=CCC[C@](C)(O)[C@H]1CC[C@]2(C)[C@@H]1[C@H](O)C[C@@H]1[C@@]3(C)Cc4cnc(N)nc4C(C)(C)[C@@H]3CC[C@]12C","CC(C)=CCC[C@](C)(O)[C@H]1CC[C@]2(C)[C@@H]1[C@H](O)C[C@@H]1[C@@]3(C)Cc4cnc(N)nc4C(C)(C)[C@@H]3CC[C@]12C","train"
"CHEMBL5806249","CCCCN(CC(=O)N1CCN(c2ccc3[nH]c(-c4cn5ncnc5c(C)c4C)c(C(C)C)c3n2)CC1)C(C)C","CCCCN(CC(=O)N1CCN(c2ccc3[nH]c(-c4cn5ncnc5c(C)c4C)c(C(C)C)c3n2)CC1)C(C)C","train"
"CHEMBL5806251","Cn1cc(-c2nc3c(-c4cc(F)cc(N5CCOc6cc(C7CC7)cc(F)c6C5=O)c4CO)ccnc3[nH]2)cn1","Cn1cc(-c2nc3c(-c4cc(F)cc(N5CCOc6cc(C7CC7)cc(F)c6C5=O)c4CO)ccnc3[nH]2)cn1","train"
"CHEMBL5806253","CCCn1ncc2ccc(-c3cc(COC(C)(C)C(=O)O)nn3-c3ccccc3N3CCCC3)cc21","CCCn1ncc2ccc(-c3cc(COC(C)(C)C(=O)O)nn3-c3ccccc3N3CCCC3)cc21","train"
"CHEMBL5806256","CC1CSc2cc(-c3n[nH]cc3NC(=O)c3cnn4cccnc34)c(OC(F)F)cc2N1","CC1CSc2cc(-c3n[nH]cc3NC(=O)c3cnn4cccnc34)c(OC(F)F)cc2N1","train"
"CHEMBL5806257","CC(C)Oc1ccc(/N=c2\[nH]c(=O)n(Cc3ccc(=O)[nH]c3)c(=O)n2Cc2ccc(Cl)cc2)cc1F","CC(C)Oc1ccc(/N=c2\[nH]c(=O)n(Cc3ccc(=O)[nH]c3)c(=O)n2Cc2ccc(Cl)cc2)cc1F","train"
"CHEMBL5806258","CC[C@H]1[C@H](C(=O)Nc2cc3cc(-c4cncc(N)c4C)c(F)c(N)c3cn2)[C@H]1c1cncn1C","CC[C@H]1[C@H](C(=O)Nc2cc3cc(-c4cncc(N)c4C)c(F)c(N)c3cn2)[C@H]1c1cncn1C","train"
"CHEMBL5806259","Cn1nc(C2CCN(S(=O)(=O)c3ccc(C(=O)O)cc3)CC2)c2cc(C(c3ccc(Cl)cc3)c3ccc(Cl)cc3)ccc21","Cn1nc(C2CCN(S(=O)(=O)c3ccc(C(=O)O)cc3)CC2)c2cc(C(c3ccc(Cl)cc3)c3ccc(Cl)cc3)ccc21","train"
"CHEMBL5806260","Cc1ccc2c(CC(=O)O)nn([C@@H]3C[C@H](C)N(S(=O)(=O)c4ccc(OC(C)C)cc4)C3)c2c1","Cc1ccc2c(CC(=O)O)nn([C@@H]3C[C@H](C)N(S(=O)(=O)c4ccc(OC(C)C)cc4)C3)c2c1","train"
"CHEMBL5806263","CCS(=O)(=O)c1ccc(Cl)cc1Cn1c(=O)[nH]c2c(Cl)c(CN3CC[C@@H](N)C3)c(OC(F)(F)F)cc2c1=O","CCS(=O)(=O)c1ccc(Cl)cc1Cn1c(=O)[nH]c2c(Cl)c(CN3CC[C@@H](N)C3)c(OC(F)(F)F)cc2c1=O","train"
"CHEMBL5806265","COc1cccc(Cc2cc(N)nc3[nH]nnc23)n1","COc1cccc(Cc2cc(N)nc3[nH]nnc23)n1","train"
"CHEMBL5806266","CN(CCn1c(NC(=O)c2ccc(C(F)F)s2)nc2ccccc21)C(=O)C(C#N)=CC(C)(C)C","CN(CCn1c(NC(=O)c2ccc(C(F)F)s2)nc2ccccc21)C(=O)C(C#N)=CC(C)(C)C","train"
"CHEMBL5806267","O=C(N1Cc2cccnc2Nc2ccccc21)C12CCC(c3nc(C(F)(F)F)no3)(CC1)CC2","O=C(N1Cc2cccnc2Nc2ccccc21)C12CCC(c3nc(C(F)(F)F)no3)(CC1)CC2","train"
"CHEMBL5806268","CCOC(=O)c1c(C)nn(-c2cc(Nc3nn(C)c(-c4ccc(Cl)cc4)c3C)ncn2)c1C","CCOC(=O)c1c(C)nn(-c2cc(Nc3nn(C)c(-c4ccc(Cl)cc4)c3C)ncn2)c1C","train"
"CHEMBL5806271","CCCCCC(=O)N1CCC[C@H]1C(=O)N(C)[C@H](C(=O)N[C@@H](CCNC(=O)c1cc(F)cc(F)c1)C(=O)NO)C(C)CC","CCCCCC(=O)N1CCC[C@H]1C(=O)N(C)[C@H](C(=O)N[C@@H](CCNC(=O)c1cc(F)cc(F)c1)C(=O)NO)C(C)CC","train"
"CHEMBL5806272","COc1ccc(Cc2cc(C3OC(C)C(O)C(O)C3O)ccc2Cl)cc1","COc1ccc(Cc2cc(C3OC(C)C(O)C(O)C3O)ccc2Cl)cc1","train"
"CHEMBL5806276","Cc1cc(-c2[nH]c3ccc(C4CCN(C(=O)c5ccon5)CC4)cc3c2C(C)C)ccn1","Cc1cc(-c2[nH]c3ccc(C4CCN(C(=O)c5ccon5)CC4)cc3c2C(C)C)ccn1","train"
"CHEMBL5806277","CCn1ncc(-c2nc3c(O[C@H]4CCN(S(=O)(=O)CC)C4)ncnc3n2C)c1C","CCn1ncc(-c2nc3c(O[C@H]4CCN(S(=O)(=O)CC)C4)ncnc3n2C)c1C","train"
"CHEMBL5806279","O=C(OC(C(F)(F)F)C(F)(F)F)N1CCC2(CCCN2C(=O)c2cn3c(n2)CN(C2CC2)CC3)CC1","O=C(OC(C(F)(F)F)C(F)(F)F)N1CCC2(CCCN2C(=O)c2cn3c(n2)CN(C2CC2)CC3)CC1","train"
"CHEMBL5806281","O=C1Nc2cccc(n2)-c2nncn2C/C=C\COc2ccc(F)cc21","O=C1Nc2cccc(n2)-c2nncn2C/C=C\COc2ccc(F)cc21","train"
"CHEMBL5806282","CCn1cc(C(=O)Nc2ccc(Oc3ccnc4cc(OC)c(OC)cc34)c(F)c2)c(=O)n(-c2ccc(F)cc2)c1=O","CCn1cc(C(=O)Nc2ccc(Oc3ccnc4cc(OC)c(OC)cc34)c(F)c2)c(=O)n(-c2ccc(F)cc2)c1=O","train"
"CHEMBL5806283","CNCC(O)COc1cccc(-c2nc(N3CCN(C)[C@@H](C)C3)cc(N(C)C3CCOCC3)n2)c1","CNCC(O)COc1cccc(-c2nc(N3CCN(C)[C@@H](C)C3)cc(N(C)C3CCOCC3)n2)c1","train"
"CHEMBL5806284","CN(C)[C@@H](C(=O)N1CCN(c2ccc(-c3nc(-c4cnn(C)c4)cn4ncc(C#N)c34)cn2)CC1)c1cccc(Cl)c1","CN(C)[C@@H](C(=O)N1CCN(c2ccc(-c3nc(-c4cnn(C)c4)cn4ncc(C#N)c34)cn2)CC1)c1cccc(Cl)c1","train"
"CHEMBL5806288","CC1(C)CC(=O)c2c([nH]c(-c3ccncc3)c2Nc2ccc(F)c(Cl)c2)C1","CC1(C)CC(=O)c2c([nH]c(-c3ccncc3)c2Nc2ccc(F)c(Cl)c2)C1","train"
"CHEMBL5806290","CC(C)n1cc(C(O)c2c(C3CC3)sc3cncn23)cn1","CC(C)n1cc(C(O)c2c(C3CC3)sc3cncn23)cn1","train"
"CHEMBL5806291","Cc1nnn(C)c1-c1cnc2c3ccc(N4CCN(C)CC4)nc3n([C@H](c3ccccc3F)C3CCOCC3)c2c1","Cc1nnn(C)c1-c1cnc2c3ccc(N4CCN(C)CC4)nc3n([C@H](c3ccccc3F)C3CCOCC3)c2c1","train"
"CHEMBL5806294","Cn1cc(CN2CCN(Cc3cncc(C(=O)NCc4ccc5c(N)nccc5c4)c3)CC2)cn1","Cn1cc(CN2CCN(Cc3cncc(C(=O)NCc4ccc5c(N)nccc5c4)c3)CC2)cn1","train"
"CHEMBL5806295","NC(=O)c1ccc(-n2cccc2-c2ccc(Cl)cc2)cc1NC1CCC(O)CC1","NC(=O)c1ccc(-n2cccc2-c2ccc(Cl)cc2)cc1NC1CCC(O)CC1","train"
"CHEMBL5806296","C=CC(=O)N1CC(n2nc(C#Cc3cc4ncn(C5CC5)c4cc3F)c(C(N)=O)c2N)C1","C=CC(=O)N1CC(n2nc(C#Cc3cc4ncn(C5CC5)c4cc3F)c(C(N)=O)c2N)C1","train"
"CHEMBL5806298","Cc1nc2c(Nc3ccc(C4CCC(C)(C)O4)cc3S(C)(=O)=O)cc(NC(=O)C3CC3)nc2[nH]1","Cc1nc2c(Nc3ccc(C4CCC(C)(C)O4)cc3S(C)(=O)=O)cc(NC(=O)C3CC3)nc2[nH]1","train"
"CHEMBL5806299","Cc1ccc(C(=O)NC2CC2)cc1-c1cnn(-c2cnc3ccc(C(=O)N(C)C)cn23)c1","Cc1ccc(C(=O)NC2CC2)cc1-c1cnn(-c2cnc3ccc(C(=O)N(C)C)cn23)c1","train"
"CHEMBL5806301","Cn1c(=O)n(C)c2cc(-n3cc(C(=O)O)c(=O)n(Cc4cccc(C(F)(F)F)c4Cl)c3=O)ccc21","Cn1c(=O)n(C)c2cc(-n3cc(C(=O)O)c(=O)n(Cc4cccc(C(F)(F)F)c4Cl)c3=O)ccc21","train"
"CHEMBL5806302","FC(F)(F)c1cccc(-c2ncccc2-c2ccc3nccnc3c2)n1","FC(F)(F)c1cccc(-c2ncccc2-c2ccc3nccnc3c2)n1","train"
"CHEMBL5806303","CCn1nc(C(=O)NC[C@H]2CC[C@H](S(C)(=O)=O)CC2)c(Cl)c1-c1ccc(CC(C)(C)C(F)(F)F)cc1Cl","CCn1nc(C(=O)NC[C@H]2CC[C@H](S(C)(=O)=O)CC2)c(Cl)c1-c1ccc(CC(C)(C)C(F)(F)F)cc1Cl","train"
"CHEMBL5806304","CN(C(=O)c1ccc2c(C3=CCC(C(=O)O)CC3)nn(C(=O)c3c(Cl)cccc3C(F)(F)F)c2c1)C1CCCCC1","CN(C(=O)c1ccc2c(C3=CCC(C(=O)O)CC3)nn(C(=O)c3c(Cl)cccc3C(F)(F)F)c2c1)C1CCCCC1","train"
"CHEMBL5806306","Cc1nc(N)ccc1CNC(=O)c1nnc(Cc2ccc3ncc(Cl)cc3c2)[nH]1","Cc1nc(N)ccc1CNC(=O)c1nnc(Cc2ccc3ncc(Cl)cc3c2)[nH]1","train"
"CHEMBL5806307","Cc1cnc(-c2cc(OC[C@H]3COCCO3)cc(C(=O)N[C@H](C)c3ccc(C(F)(F)F)nn3)c2)s1","Cc1cnc(-c2cc(OC[C@H]3COCCO3)cc(C(=O)N[C@H](C)c3ccc(C(F)(F)F)nn3)c2)s1","train"
"CHEMBL5806308","Cc1nc2c(C)cc(-c3[nH]c4ccc(C5CCN(CC(=O)N6CCS(=O)(=O)CC6)CC5)cc4c3C(C)C)cn2n1","Cc1nc2c(C)cc(-c3[nH]c4ccc(C5CCN(CC(=O)N6CCS(=O)(=O)CC6)CC5)cc4c3C(C)C)cn2n1","train"
"CHEMBL5806310","O=C(/C=C/c1cncnc1)c1c(-c2ccccc2)c2cc(F)ccc2[nH]c1=O","O=C(/C=C/c1cncnc1)c1c(-c2ccccc2)c2cc(F)ccc2[nH]c1=O","train"
"CHEMBL5806311","COc1ncnc2[nH]cc(C(=O)c3c(F)ccc(NS(=O)(=O)CC(C)C)c3F)c12","COc1ncnc2[nH]cc(C(=O)c3c(F)ccc(NS(=O)(=O)CC(C)C)c3F)c12","train"
"CHEMBL5806314","Cn1cc(-c2cccc(-c3ncc(-c4ccn(C)n4)c(NC4CCC5CNCC54)n3)c2)cn1","Cn1cc(-c2cccc(-c3ncc(-c4ccn(C)n4)c(NC4CCC5CNCC54)n3)c2)cn1","train"
"CHEMBL5806315","Cn1nc2c(=O)n(CC3(O)CCN(C(=O)C[C@H](c4ccccc4)C(F)(F)F)CC3)cnc2c1-c1ccc(C2(N)CC2)cc1","Cn1nc2c(=O)n(CC3(O)CCN(C(=O)C[C@H](c4ccccc4)C(F)(F)F)CC3)cnc2c1-c1ccc(C2(N)CC2)cc1","train"
"CHEMBL5806316","Cc1nc(NC(=O)Cc2ccc(Oc3ncccc3C(N)=O)c(F)c2)sc1C","Cc1nc(NC(=O)Cc2ccc(Oc3ncccc3C(N)=O)c(F)c2)sc1C","train"
"CHEMBL5806317","CCOc1ncccc1-c1cc(NCc2noc(C)n2)c2c(n1)c(C)nn2C(C)C","CCOc1ncccc1-c1cc(NCc2noc(C)n2)c2c(n1)c(C)nn2C(C)C","train"
"CHEMBL5806318","O=C1NC2(CCOCC2)n2c1c(Cl)cc(Nc1ccncn1)c2=O","O=C1NC2(CCOCC2)n2c1c(Cl)cc(Nc1ccncn1)c2=O","train"
"CHEMBL5806319","Cc1cc(=O)n(-c2ccc(OC(F)(F)F)cc2)cc1-c1ccc2ncsc2c1","Cc1cc(=O)n(-c2ccc(OC(F)(F)F)cc2)cc1-c1ccc2ncsc2c1","train"
"CHEMBL5806320","Cc1cc(-c2[nH]c3ccc(C4CCN(CC(=O)NC5CC5)CC4)cc3c2C(C)C)cc(C)n1","Cc1cc(-c2[nH]c3ccc(C4CCN(CC(=O)NC5CC5)CC4)cc3c2C(C)C)cc(C)n1","train"
"CHEMBL5806322","COC[C@H]1CCN1C/C=C/C(=O)Nc1cc2c(Nc3ccc(F)c(Cl)c3)ncnc2cc1OC[C@H]1[C@@H]2COC[C@@H]21","COC[C@H]1CCN1C/C=C/C(=O)Nc1cc2c(Nc3ccc(F)c(Cl)c3)ncnc2cc1OC[C@H]1[C@@H]2COC[C@@H]21","train"
"CHEMBL5806323","COc1cc(-c2cccc(-c3cccc(OCCCN4[C@H](C)CC[C@H]4C)c3C)c2C)ccc1CNCCCC(=O)O","COc1cc(-c2cccc(-c3cccc(OCCCN4[C@H](C)CC[C@H]4C)c3C)c2C)ccc1CNCCCC(=O)O","train"
"CHEMBL5806324","COCCN1CCC(c2ccc3[nH]c(-c4cc(C)c5ncnn5c4)c(C(C)C)c3c2)CC1","COCCN1CCC(c2ccc3[nH]c(-c4cc(C)c5ncnn5c4)c(C(C)C)c3c2)CC1","train"
"CHEMBL5806325","CC(C)[C@H](N)c1nc2cc(-c3ccncn3)sc2c(=O)[nH]1","CC(C)[C@H](N)c1nc2cc(-c3ccncn3)sc2c(=O)[nH]1","train"
"CHEMBL5806326","C=CC(=O)N1CCN(CCn2c(=O)ccc3cnc(Nc4cnn(C5CCN(C)CC5)c4)nc32)[C@@H](C)C1","C=CC(=O)N1CCN(CCn2c(=O)ccc3cnc(Nc4cnn(C5CCN(C)CC5)c4)nc32)[C@@H](C)C1","train"
"CHEMBL5806329","COc1ccc(NC(=O)C2CCN(C(=O)c3ccccc3C)CC2)c(OC)c1","COc1ccc(NC(=O)C2CCN(C(=O)c3ccccc3C)CC2)c(OC)c1","train"
"CHEMBL5806331","CC(C)(C)NC(=O)NC[C@H]1CN(S(=O)(=O)c2ccc(F)cc2)c2cc(NC(=O)OC(C)(C)C(F)(F)F)ccc2O1","CC(C)(C)NC(=O)NC[C@H]1CN(S(=O)(=O)c2ccc(F)cc2)c2cc(NC(=O)OC(C)(C)C(F)(F)F)ccc2O1","train"
"CHEMBL5806333","CCc1ccncc1-c1cc(C(=O)Nc2nc(C)cs2)c2ncnn2c1","CCc1ccncc1-c1cc(C(=O)Nc2nc(C)cs2)c2ncnn2c1","train"
"CHEMBL5806335","O=C(O)[C@@H]1C[C@H](N2CCCC2(Cc2ccccc2)C(=O)C(c2ccccc2)c2ccccc2)CN1","O=C(O)[C@@H]1C[C@H](N2CCCC2(Cc2ccccc2)C(=O)C(c2ccccc2)c2ccccc2)CN1","train"
"CHEMBL5806336","CCn1nc(C(=O)NC[C@]2(O)CC[C@@H](S(C)(=O)=O)CC2)c(Cl)c1-c1ccc(CCC(F)(F)F)cc1F","CCn1nc(C(=O)NC[C@]2(O)CC[C@@H](S(C)(=O)=O)CC2)c(Cl)c1-c1ccc(CCC(F)(F)F)cc1F","train"
"CHEMBL5806338","O=C1N(Cc2ccc(C3CCN(Cc4nn[nH]n4)CC3)cn2)CCN1C[C@H](O)CN1CCc2ccccc2C1","O=C1N(Cc2ccc(C3CCN(Cc4nn[nH]n4)CC3)cn2)CCN1C[C@H](O)CN1CCc2ccccc2C1","train"
"CHEMBL5806340","CN(C)C(=O)Cc1cn(C)c2cc(F)c(-c3ccc(C(=O)N4[C@@H]5CC[C@H]4[C@@H](N)C5)cc3-c3ccc(C#N)c(F)c3)cc12","CN(C)C(=O)Cc1cn(C)c2cc(F)c(-c3ccc(C(=O)N4[C@@H]5CC[C@H]4[C@@H](N)C5)cc3-c3ccc(C#N)c(F)c3)cc12","train"
"CHEMBL5806342","CNC(=O)c1nnc(N2CCN(C3(C)CC3)C2=O)cc1Nc1cccc(-c2ncn(C)n2)c1OC","CNC(=O)c1nnc(N2CCN(C3(C)CC3)C2=O)cc1Nc1cccc(-c2ncn(C)n2)c1OC","train"
"CHEMBL5806343","CC(C)(O)Cn1cc(-c2nc(NC3CCN(S(=O)(=O)CCCN4CCCC4)CC3)ncc2C(F)(F)F)cn1","CC(C)(O)Cn1cc(-c2nc(NC3CCN(S(=O)(=O)CCCN4CCCC4)CC3)ncc2C(F)(F)F)cn1","train"
"CHEMBL5806344","COc1cc(OCc2cccc(-c3ccccc3)c2C#N)cc(OC)c1CN1CCCC(CO)C1","COc1cc(OCc2cccc(-c3ccccc3)c2C#N)cc(OC)c1CN1CCCC(CO)C1","train"
"CHEMBL5806345","CCCCOC(=O)c1ccccc1/C=N/N(C)c1nc(-c2ccccc2Cl)cs1","CCCCOC(=O)c1ccccc1/C=N/N(C)c1nc(-c2ccccc2Cl)cs1","train"
"CHEMBL5806348","Cc1c2c(nn1C)COCC(F)(F)C(F)(F)Cn1c(C(=O)O)c(CCCOc3cccc4ccccc34)c3ccc(Cl)c-2c31","Cc1c2c(nn1C)COCC(F)(F)C(F)(F)Cn1c(C(=O)O)c(CCCOc3cccc4ccccc34)c3ccc(Cl)c-2c31","train"
"CHEMBL5806349","NC(=O)c1nn(CC(=O)N2[C@@H]3C[C@@H]3C[C@H]2C(=O)Nc2cccc(Br)n2)c2ccc(C#Cc3ccc(F)cn3)cc12","NC(=O)c1nn(CC(=O)N2[C@@H]3C[C@@H]3C[C@H]2C(=O)Nc2cccc(Br)n2)c2ccc(C#Cc3ccc(F)cn3)cc12","train"
"CHEMBL5806350","COc1cc2c(cc1OC)[C@H]1C[C@@H](COC(=O)[C@@H](N)Cc3ccccc3)[C@H](CC(C)C)CN1CC2","COc1cc2c(cc1OC)[C@H]1C[C@@H](COC(=O)[C@@H](N)Cc3ccccc3)[C@H](CC(C)C)CN1CC2","train"
"CHEMBL5806351","Cc1ccc(-n2nccn2)c(C(=O)N2CC[C@H](C)[C@H]2c2nc3c(C)c(C)ccc3[nH]2)c1","Cc1ccc(-n2nccn2)c(C(=O)N2CC[C@H](C)[C@H]2c2nc3c(C)c(C)ccc3[nH]2)c1","train"
"CHEMBL5806353","CC(C)N1CCOc2c(F)cc(-c3nc(Nc4ccc(N5CCC(N(C)C)CC5)cn4)ncc3F)cc21","CC(C)N1CCOc2c(F)cc(-c3nc(Nc4ccc(N5CCC(N(C)C)CC5)cn4)ncc3F)cc21","train"
"CHEMBL5806354","COCCNC(=O)c1[nH]c2c(-c3ccccc3)c(C(F)(F)F)nn2c(=O)c1-c1nc2c(OC)cccc2o1","COCCNC(=O)c1[nH]c2c(-c3ccccc3)c(C(F)(F)F)nn2c(=O)c1-c1nc2c(OC)cccc2o1","train"
"CHEMBL5806355","CNC(=O)c1cc(Nc2nc(-c3ccc4c(c3)N([C@H]3C[C@@H](N5CCCCC5)C3)C(=O)C43CN(C(C)=O)C3)cc3ncn(C(C)C)c23)c(F)cc1C","CNC(=O)c1cc(Nc2nc(-c3ccc4c(c3)N([C@H]3C[C@@H](N5CCCCC5)C3)C(=O)C43CN(C(C)=O)C3)cc3ncn(C(C)C)c23)c(F)cc1C","train"
"CHEMBL5806356","CC(=O)OCCCCOc1ccc2cc3c(=O)[nH]c(=O)nc-3oc2c1","CC(=O)OCCCCOc1ccc2cc3c(=O)[nH]c(=O)nc-3oc2c1","train"
"CHEMBL5806357","O=C1NC2(CC2)CN(CCC2CCC(O)(CO)CC2)c2c1oc1ccc(C(F)(F)F)cc21","O=C1NC2(CC2)CN(CCC2CCC(O)(CO)CC2)c2c1oc1ccc(C(F)(F)F)cc21","train"
"CHEMBL5806358","CCc1c(C#N)c(S[C@@H](C(N)=O)c2ccccc2)nc(N2CC[C@@](O)(CO)C2)c1C#N","CCc1c(C#N)c(S[C@@H](C(N)=O)c2ccccc2)nc(N2CC[C@@](O)(CO)C2)c1C#N","train"
"CHEMBL5806359","C=CC(=O)N1CC(NC(=O)Cn2cc(-c3c(C)ccc4[nH]ncc34)c3cc(Cl)ccc32)C1","C=CC(=O)N1CC(NC(=O)Cn2cc(-c3c(C)ccc4[nH]ncc34)c3cc(Cl)ccc32)C1","train"
"CHEMBL5806360","Cc1nn(C(F)F)cc1S(=O)(=O)N1C[C@H](CCC(=O)O)Oc2ccc(NC(=O)OC(C)(C)C(F)(F)F)cc21","Cc1nn(C(F)F)cc1S(=O)(=O)N1C[C@H](CCC(=O)O)Oc2ccc(NC(=O)OC(C)(C)C(F)(F)F)cc21","train"
"CHEMBL5806361","C=CC(=O)N1CC(NC(=O)Cn2cc(C(=O)N[C@H](Cc3ccccc3)C(N)=O)c3cc(Br)ccc32)C1","C=CC(=O)N1CC(NC(=O)Cn2cc(C(=O)N[C@H](Cc3ccccc3)C(N)=O)c3cc(Br)ccc32)C1","train"
"CHEMBL5806362","C=CS(=O)(=O)Nc1ccc(Oc2ccc(F)cc2F)c(-c2cc(N(C)C)c(=O)n(C)c2)c1","C=CS(=O)(=O)Nc1ccc(Oc2ccc(F)cc2F)c(-c2cc(N(C)C)c(=O)n(C)c2)c1","train"
"CHEMBL5806363","O=C(Nc1cncc(-c2cc3c(-c4cc5c(-c6ccccc6F)ccnc5[nH]4)n[nH]c3cn2)c1)C1CCCCC1","O=C(Nc1cncc(-c2cc3c(-c4cc5c(-c6ccccc6F)ccnc5[nH]4)n[nH]c3cn2)c1)C1CCCCC1","train"
"CHEMBL5806364","C[C@H]1Cn2c(-c3ccc(F)cc3)nnc2-c2nnc(-c3cccc(C(F)(F)F)c3Cl)n21","C[C@H]1Cn2c(-c3ccc(F)cc3)nnc2-c2nnc(-c3cccc(C(F)(F)F)c3Cl)n21","train"
"CHEMBL5806365","COCc1nn(Cc2ccc3c(c2)CN(C)CC3)cc1C(=O)NCc1c(-n2ncnc2C)ccc(OC)c1F","COCc1nn(Cc2ccc3c(c2)CN(C)CC3)cc1C(=O)NCc1c(-n2ncnc2C)ccc(OC)c1F","train"
"CHEMBL5806366","CC(C)C(=O)NCc1ccc(Cl)c(-c2nc(-c3ccc(OC(F)F)cc3F)cc(=O)[nH]2)c1","CC(C)C(=O)NCc1ccc(Cl)c(-c2nc(-c3ccc(OC(F)F)cc3F)cc(=O)[nH]2)c1","train"
"CHEMBL5806367","C=CC(=O)N1CCCC(c2onc(-c3c(Cl)cc(Cl)cc3Cl)c2C(=O)n2ccc3c(/C=C/C(=O)O)cccc32)C1","C=CC(=O)N1CCCC(c2onc(-c3c(Cl)cc(Cl)cc3Cl)c2C(=O)n2ccc3c(/C=C/C(=O)O)cccc32)C1","train"
"CHEMBL5806369","CC1(O)CN(C(=O)Cn2ccc3ncc(-c4ccc(F)cc4)cc32)C1","CC1(O)CN(C(=O)Cn2ccc3ncc(-c4ccc(F)cc4)cc32)C1","train"
"CHEMBL5806370","CC(C)(O)c1cnnn1[C@H]1C[C@@H](C(=O)NC(CCCCNC(=O)OCc2ccccc2)C(=O)C(N)=O)N(C(=O)[C@@H](CC2CCCCC2)NC(=O)c2cccc3cccnc23)C1","CC(C)(O)c1cnnn1[C@H]1C[C@@H](C(=O)NC(CCCCNC(=O)OCc2ccccc2)C(=O)C(N)=O)N(C(=O)[C@@H](CC2CCCCC2)NC(=O)c2cccc3cccnc23)C1","train"
"CHEMBL5806371","Cc1cccc(OCC(C)C)c1-n1nc2c(c1-c1cc(F)c(NC(N)=O)cc1F)CN(c1ccnc(C(C)C)n1)CC2","Cc1cccc(OCC(C)C)c1-n1nc2c(c1-c1cc(F)c(NC(N)=O)cc1F)CN(c1ccnc(C(C)C)n1)CC2","train"
"CHEMBL5806373","COC(=O)c1csc2c(-c3cc(Cl)ccc3C#CCn3c(C)nc4cnc(N5CCN(CC(F)F)CC5)c(C#N)c4c3=O)ccnc12","COC(=O)c1csc2c(-c3cc(Cl)ccc3C#CCn3c(C)nc4cnc(N5CCN(CC(F)F)CC5)c(C#N)c4c3=O)ccnc12","train"
"CHEMBL5806374","Cc1cnc(CC(=O)Nc2cc([C@H]3CC[C@@H](OC(=O)NC4(C)CC4)C3)[nH]n2)o1","Cc1cnc(CC(=O)Nc2cc([C@H]3CC[C@@H](OC(=O)NC4(C)CC4)C3)[nH]n2)o1","train"
"CHEMBL5806375","Cc1cccc(-c2nc(Nc3ccc4[nH]ncc4c3)c3cccn3n2)n1","Cc1cccc(-c2nc(Nc3ccc4[nH]ncc4c3)c3cccn3n2)n1","train"
"CHEMBL5806376","CC(=O)Nc1cc(Nc2nc(-c3cccc(C(F)F)n3)nc3[nH]ccc23)ccn1","CC(=O)Nc1cc(Nc2nc(-c3cccc(C(F)F)n3)nc3[nH]ccc23)ccn1","train"
"CHEMBL5806377","COc1cc(C(=O)N2CC3CCC2[C@@H]3N)cc2nc(-c3cc4ccc(-c5cnn(CC(C)(C)O)c5)nc4n3CC3CC3)n(C)c12","COc1cc(C(=O)N2CC3CCC2[C@@H]3N)cc2nc(-c3cc4ccc(-c5cnn(CC(C)(C)O)c5)nc4n3CC3CC3)n(C)c12","train"
"CHEMBL5806378","O=C(O)[C@H]1CCN1C(=O)Nc1cc(Cl)ccc1-c1ccc(F)cc1","O=C(O)[C@H]1CCN1C(=O)Nc1cc(Cl)ccc1-c1ccc(F)cc1","train"
"CHEMBL5806379","Cc1cccc(Nc2nc(N3CCC[C@@H](NC(=O)c4ccc(C(C)(C)C)cc4)C3)nnc2C(N)=O)c1","Cc1cccc(Nc2nc(N3CCC[C@@H](NC(=O)c4ccc(C(C)(C)C)cc4)C3)nnc2C(N)=O)c1","train"
"CHEMBL5806380","Nc1nc2cc(-c3ccc4ncc(N5CCN(CC6CC6)CC5=O)nc4c3)ccc2o1","Nc1nc2cc(-c3ccc4ncc(N5CCN(CC6CC6)CC5=O)nc4c3)ccc2o1","train"
"CHEMBL5806382","CN(C)[C@]1(c2ccccc2)CC[C@]2(CC1)CN(c1ccccc1C(N)=O)C(=O)N2CC1(O)CCC1","CN(C)[C@]1(c2ccccc2)CC[C@]2(CC1)CN(c1ccccc1C(N)=O)C(=O)N2CC1(O)CCC1","train"
"CHEMBL5806383","C[C@@H](Nc1nc(-c2noc(=O)[nH]2)nc2nc(N(C)CC3CCCN(C)C3)n(Cc3ccc(C(F)(F)F)cc3)c12)C1CCC1","C[C@@H](Nc1nc(-c2noc(=O)[nH]2)nc2nc(N(C)CC3CCCN(C)C3)n(Cc3ccc(C(F)(F)F)cc3)c12)C1CCC1","train"
"CHEMBL5806384","O=S(=O)(c1ccc(S(=O)(=O)N(Cc2ccc(Cl)cc2)CC2CCCO2)cc1)N1CCCCC1","O=S(=O)(c1ccc(S(=O)(=O)N(Cc2ccc(Cl)cc2)CC2CCCO2)cc1)N1CCCCC1","train"
"CHEMBL5806385","C[C@@H]1Cc2c([nH]c3ccccc23)[C@@H](c2cc(OCCNCCCF)ccc2C#N)N1CC(F)(F)F","C[C@@H]1Cc2c([nH]c3ccccc23)[C@@H](c2cc(OCCNCCCF)ccc2C#N)N1CC(F)(F)F","train"
"CHEMBL5806386","Cc1n[nH]c2nc(-c3ccc(NS(=O)(=O)c4cc(F)ccc4F)cc3)nc(OC3CCC(O)CC3)c12","Cc1n[nH]c2nc(-c3ccc(NS(=O)(=O)c4cc(F)ccc4F)cc3)nc(OC3CCC(O)CC3)c12","train"
"CHEMBL5806387","Cn1ncc2cccc(C(=O)N[C@@H](CCN3CC[C@@H](CCc4ccc5c(n4)NCCC5)C3)C(=O)O)c21","Cn1ncc2cccc(C(=O)N[C@@H](CCN3CC[C@@H](CCc4ccc5c(n4)NCCC5)C3)C(=O)O)c21","train"
"CHEMBL5806388","Cc1cc(Nc2nc(-c3ccc4c(c3)N(C3CC(N5CCC(C)(C)C5)C3)C(=O)C43CCN(C(=O)C(C)(C)CO)CC3)cc3ncn(C(C)C)c23)c(F)cn1","Cc1cc(Nc2nc(-c3ccc4c(c3)N(C3CC(N5CCC(C)(C)C5)C3)C(=O)C43CCN(C(=O)C(C)(C)CO)CC3)cc3ncn(C(C)C)c23)c(F)cn1","train"
"CHEMBL5806391","CCOc1cc(/C=C2/S/C(=N/c3ccc(F)cc3)N(c3ccc(F)cc3)C2=O)ccc1O","CCOc1cc(/C=C2/S/C(=N/c3ccc(F)cc3)N(c3ccc(F)cc3)C2=O)ccc1O","train"
"CHEMBL5806392","C[C@@H]1[C@@H](C)CCC[C@](O)(CCN(C)C)[C@@H]2CC[C@H]2CN2C[C@@]3(CCCc4cc(Cl)ccc43)COc3ccc(cc32)C(=O)NS1(=O)=O","C[C@@H]1[C@@H](C)CCC[C@](O)(CCN(C)C)[C@@H]2CC[C@H]2CN2C[C@@]3(CCCc4cc(Cl)ccc43)COc3ccc(cc32)C(=O)NS1(=O)=O","train"
"CHEMBL5806393","CCc1cnc(NC(=O)c2ccc(-c3nc(C4CCOCC4)n4ccnc(N)c34)cc2)s1","CCc1cnc(NC(=O)c2ccc(-c3nc(C4CCOCC4)n4ccnc(N)c34)cc2)s1","train"
"CHEMBL5806394","COc1cc(-c2ccc3c(n2)[nH]c2ccncc23)ccn1","COc1cc(-c2ccc3c(n2)[nH]c2ccncc23)ccn1","train"
"CHEMBL5806397","N#CC1=C(c2ccc3ncnc(N[C@H]4CC[C@H](N5CCOCC5)CC4)c3c2)NNN1","N#CC1=C(c2ccc3ncnc(N[C@H]4CC[C@H](N5CCOCC5)CC4)c3c2)NNN1","train"
"CHEMBL5806399","CC(C)(C)NC(=O)c1ccc(-c2c(Cl)cc(Nc3n[nH]c(N)n3)cc2Cl)cc1","CC(C)(C)NC(=O)c1ccc(-c2c(Cl)cc(Nc3n[nH]c(N)n3)cc2Cl)cc1","train"
"CHEMBL5806401","O=C1C(Oc2ccc(C3CC3)cc2)=CCN1c1ccc2c(cnn2CCN2CC[C@@H](O)C2)c1","O=C1C(Oc2ccc(C3CC3)cc2)=CCN1c1ccc2c(cnn2CCN2CC[C@@H](O)C2)c1","train"
"CHEMBL5806403","CC(C)N1CCOc2c(F)cc(-c3nc(Nc4ccc(N5CCN(CCO)CC5)cn4)ncc3F)cc21","CC(C)N1CCOc2c(F)cc(-c3nc(Nc4ccc(N5CCN(CCO)CC5)cn4)ncc3F)cc21","train"
"CHEMBL5806404","CS(=O)(=O)NC[C@H](Nc1ncc(-c2nnc(C(F)F)o2)cn1)c1ccc(Cl)cc1","CS(=O)(=O)NC[C@H](Nc1ncc(-c2nnc(C(F)F)o2)cn1)c1ccc(Cl)cc1","train"
"CHEMBL5806407","c1cnc2c(Nc3ccc4c(O[C@@H]5CCCOC5)nccc4c3)n[nH]c2c1","c1cnc2c(Nc3ccc4c(O[C@@H]5CCCOC5)nccc4c3)n[nH]c2c1","train"
"CHEMBL5806408","O=C(O)c1ccncc1NC[C@@H]1CCOc2cc(Sc3ccc(F)cc3)ccc21","O=C(O)c1ccncc1NC[C@@H]1CCOc2cc(Sc3ccc(F)cc3)ccc21","train"
"CHEMBL5806409","CC#CC(CC(=O)O)c1ccc(OCc2cccc(C3=CCC4(CC3)OCCO4)c2)cc1","CC#CC(CC(=O)O)c1ccc(OCc2cccc(C3=CCC4(CC3)OCCO4)c2)cc1","train"
"CHEMBL5806410","COc1cc(OC)c(F)c(N2Cc3cnc(-c4nn(CC5CCOCC5)cc4C#N)cc3C3(CC3)C2=O)c1F","COc1cc(OC)c(F)c(N2Cc3cnc(-c4nn(CC5CCOCC5)cc4C#N)cc3C3(CC3)C2=O)c1F","train"
"CHEMBL5806411","Cc1cc(-c2nc(CNC[C@H](O)c3ccc4c(c3C)COC4=O)cn2C)ncc1C#N","Cc1cc(-c2nc(CNC[C@H](O)c3ccc4c(c3C)COC4=O)cn2C)ncc1C#N","train"
"CHEMBL5806413","CO[C@H]1/C=C\CCC[S@@](=O)(NC(=O)CCc2ncsc2C)=NC(=O)c2ccc3c(c2)N(C[C@@H]2CC[C@H]21)C[C@@]1(CCCc2cc(Cl)ccc21)CO3","CO[C@H]1/C=C\CCC[S@@](=O)(NC(=O)CCc2ncsc2C)=NC(=O)c2ccc3c(c2)N(C[C@@H]2CC[C@H]21)C[C@@]1(CCCc2cc(Cl)ccc21)CO3","train"
"CHEMBL5806414","COc1cccc(CC2(CN[C@@H]3CC3c3ccccc3)CCN(CCC(=O)O)CC2)c1","COc1cccc(CC2(CN[C@@H]3CC3c3ccccc3)CCN(CCC(=O)O)CC2)c1","train"
"CHEMBL5806415","CC1CN([C@H]2CC[C@H](Nc3ncnc4ccc(C#N)cc34)CC2)CC(C)O1","CC1CN([C@H]2CC[C@H](Nc3ncnc4ccc(C#N)cc34)CC2)CC(C)O1","train"
"CHEMBL5806416","CN(C)[C@H]1CCN(C(=O)c2ccc(Nc3nc4c(N5CCC(O)(c6ccc(Cl)cc6)CC5)cccn4n3)cc2)C1","CN(C)[C@H]1CCN(C(=O)c2ccc(Nc3nc4c(N5CCC(O)(c6ccc(Cl)cc6)CC5)cccn4n3)cc2)C1","train"
"CHEMBL5806417","C=CC(=O)N1CCC(Nc2cnc3[nH]cc(C(=O)NCC4CC(F)(F)C4)c3n2)CC1","C=CC(=O)N1CCC(Nc2cnc3[nH]cc(C(=O)NCC4CC(F)(F)C4)c3n2)CC1","train"
"CHEMBL5806419","COc1cc2c(cc1OC)[C@H]1C[C@@H](COCC3CCNCC3)[C@H](CC(C)C)CN1CC2","COc1cc2c(cc1OC)[C@H]1C[C@@H](COCC3CCNCC3)[C@H](CC(C)C)CN1CC2","train"
"CHEMBL5806420","CN1CCC(n2cnc(-c3ccc(F)cc3)c2-c2ccc3nc(NC(=O)c4ccncc4)cn3n2)CC1","CN1CCC(n2cnc(-c3ccc(F)cc3)c2-c2ccc3nc(NC(=O)c4ccncc4)cn3n2)CC1","train"
"CHEMBL5806424","Cc1cc(OCc2nnc(SC3C=CCCC3)n2-c2cccnc2)ccc1C#CCNS(=O)(=O)C1CC1","Cc1cc(OCc2nnc(SC3C=CCCC3)n2-c2cccnc2)ccc1C#CCNS(=O)(=O)C1CC1","train"
"CHEMBL5806426","NNC(=O)c1ccc(-c2noc(-c3ccc(OCCF)c(C(F)(F)F)c3)n2)cc1","NNC(=O)c1ccc(-c2noc(-c3ccc(OCCF)c(C(F)(F)F)c3)n2)cc1","train"
"CHEMBL5806427","COc1cc(-c2nnc(NS(=O)(=O)[C@H](C)Cc3ncc(F)cn3)n2-c2c(OC)cccc2OC)ccn1","COc1cc(-c2nnc(NS(=O)(=O)[C@H](C)Cc3ncc(F)cn3)n2-c2c(OC)cccc2OC)ccn1","train"
"CHEMBL5806428","COc1cc2nn(C3CCOCC3)cc2cc1NC(=O)c1csc(C)n1","COc1cc2nn(C3CCOCC3)cc2cc1NC(=O)c1csc(C)n1","train"
"CHEMBL5806432","CCc1c(C#N)c(S[C@@H](C(N)=O)c2ccc(F)cc2)nc(N2CC[C@H](O)C2)c1C#N","CCc1c(C#N)c(S[C@@H](C(N)=O)c2ccc(F)cc2)nc(N2CC[C@H](O)C2)c1C#N","train"
"CHEMBL5806433","CC(C)(O)[C@H](F)CNC(=O)c1cnc(-c2ccc3cc(C#N)cnn23)cc1Nc1ccc(C(F)F)nc1","CC(C)(O)[C@H](F)CNC(=O)c1cnc(-c2ccc3cc(C#N)cnn23)cc1Nc1ccc(C(F)F)nc1","train"
"CHEMBL5806434","Cc1ccc(C(=O)N2CC[C@H](C)[C@H]2c2nc3c(C)cc(Cl)cc3[nH]2)c(-n2nccn2)c1","Cc1ccc(C(=O)N2CC[C@H](C)[C@H]2c2nc3c(C)cc(Cl)cc3[nH]2)c(-n2nccn2)c1","train"
"CHEMBL5806435","CNCC(O)COc1cccc(-c2nc(-c3c(C)noc3C)cc(N3CCN(n4c(C)nnc4C)CC3)n2)c1","CNCC(O)COc1cccc(-c2nc(-c3c(C)noc3C)cc(N3CCN(n4c(C)nnc4C)CC3)n2)c1","train"
"CHEMBL5806436","COC(=O)C1=C(CN2CCN3C(=O)N(c4ccc(OC5CCC(C(=O)O)CC5)cc4F)C[C@@H]3C2)NC(c2nccs2)=N[C@H]1c1ccc(F)cc1Cl","COC(=O)C1=C(CN2CCN3C(=O)N(c4ccc(OC5CCC(C(=O)O)CC5)cc4F)C[C@@H]3C2)NC(c2nccs2)=N[C@H]1c1ccc(F)cc1Cl","train"
"CHEMBL5806437","O=C(O)C1(CCCCOc2ccc(-c3ccn[nH]3)nc2)CCCCC1","O=C(O)C1(CCCCOc2ccc(-c3ccn[nH]3)nc2)CCCCC1","train"
"CHEMBL5806438","CC(=O)N1CCN(C(C=C(C)C)CC(C)(C)c2ccc(C(F)(F)F)cc2)CC1","CC(=O)N1CCN(C(C=C(C)C)CC(C)(C)c2ccc(C(F)(F)F)cc2)CC1","train"
"CHEMBL5806439","C[C@@H]1CN(C(=O)NCCC2CCN(Cc3ccccc3)CC2)CCN1c1ccc(OC(F)(F)F)cc1","C[C@@H]1CN(C(=O)NCCC2CCN(Cc3ccccc3)CC2)CCN1c1ccc(OC(F)(F)F)cc1","train"
"CHEMBL5806440","CC(=O)N[C@H]1[C@H](N2CCC[C@H](OCCOC(=O)N(C)C)C2)C=C(C(=O)O)C[C@@H]1N","CC(=O)N[C@H]1[C@H](N2CCC[C@H](OCCOC(=O)N(C)C)C2)C=C(C(=O)O)C[C@@H]1N","train"
"CHEMBL5806442","Cc1ncc(-c2cc(C(F)(F)F)c3c(N)ncnn23)cc1C(=O)NCC(Cc1ccccc1)NC(=O)OC(C)(C)C","Cc1ncc(-c2cc(C(F)(F)F)c3c(N)ncnn23)cc1C(=O)NCC(Cc1ccccc1)NC(=O)OC(C)(C)C","train"
"CHEMBL5806444","C=CC(=O)N1CCC[C@@H](NC(=O)c2sc3nccc4c3c2NC(=O)N4c2cccc(CCC)c2)C1","C=CC(=O)N1CCC[C@@H](NC(=O)c2sc3nccc4c3c2NC(=O)N4c2cccc(CCC)c2)C1","train"
"CHEMBL5806446","CCNc1ccc2c(n1)N(C)CCN(Cc1ccc(O[C@@H](CCNC)c3cccc(F)c3)cc1F)C2=O","CCNc1ccc2c(n1)N(C)CCN(Cc1ccc(O[C@@H](CCNC)c3cccc(F)c3)cc1F)C2=O","train"
"CHEMBL5806448","CC(C)(C)OC(=O)N1CC2N(C(=O)[C@H]3CC[C@H](C(=O)O)CC3)CCC2(S(=O)(=O)c2ccc(F)cc2)c2ccc(C(F)(C(F)(F)F)C(F)(F)F)cc21","CC(C)(C)OC(=O)N1CC2N(C(=O)[C@H]3CC[C@H](C(=O)O)CC3)CCC2(S(=O)(=O)c2ccc(F)cc2)c2ccc(C(F)(C(F)(F)F)C(F)(F)F)cc21","train"
"CHEMBL5806449","CO[C@H]1CNC[C@@H]1NC(=O)c1sc2nccc3c2c1NC(=O)N3c1ccc(Oc2ccccc2)cc1","CO[C@H]1CNC[C@@H]1NC(=O)c1sc2nccc3c2c1NC(=O)N3c1ccc(Oc2ccccc2)cc1","train"
"CHEMBL5806453","O=C(O)c1ccc(C(=O)N2CCC(c3nc(C4(CN[C@H]5CC5c5ccccc5)CC4)no3)CC2)cc1","O=C(O)c1ccc(C(=O)N2CCC(c3nc(C4(CN[C@H]5CC5c5ccccc5)CC4)no3)CC2)cc1","train"
"CHEMBL5806454","C[C@@H]1CN(S(=O)(=O)c2ccc3occc3c2)C[C@@H]1n1nc(CC(=O)O)c2ccccc21","C[C@@H]1CN(S(=O)(=O)c2ccc3occc3c2)C[C@@H]1n1nc(CC(=O)O)c2ccccc21","train"
"CHEMBL5806455","N#Cc1ccc(N2CCN(C(=O)CCO[C@@H]3CCC[C@H]3Oc3cn[nH]c(=O)c3C(F)(F)F)CC2)nc1","N#Cc1ccc(N2CCN(C(=O)CCO[C@@H]3CCC[C@H]3Oc3cn[nH]c(=O)c3C(F)(F)F)CC2)nc1","train"
"CHEMBL5806456","CCOc1cc(-c2ccc(N3C[C@H](NC)C[C@H](C(F)(F)F)C3)nc2)c2c(C#N)cnn2c1","CCOc1cc(-c2ccc(N3C[C@H](NC)C[C@H](C(F)(F)F)C3)nc2)c2c(C#N)cnn2c1","train"
"CHEMBL5806459","N#Cc1cccc(-c2ccc(S(=O)(=O)N[C@@H]3CCNC3)c(S(N)(=O)=O)c2-c2nnn[nH]2)c1N","N#Cc1cccc(-c2ccc(S(=O)(=O)N[C@@H]3CCNC3)c(S(N)(=O)=O)c2-c2nnn[nH]2)c1N","train"
"CHEMBL5806460","Cc1cc(-c2[nH]c3ccc(-c4nnc(CCN(C)C)o4)cc3c2C(C)C)ccn1","Cc1cc(-c2[nH]c3ccc(-c4nnc(CCN(C)C)o4)cc3c2C(C)C)ccn1","train"
"CHEMBL5806461","C[C@@H]1C[C@H](N)C[C@H](c2ccncc2NC(=O)c2ccn3ncc(-c4c(F)cccc4F)c3n2)C1","C[C@@H]1C[C@H](N)C[C@H](c2ccncc2NC(=O)c2ccn3ncc(-c4c(F)cccc4F)c3n2)C1","train"
"CHEMBL5806462","CCS(=O)(=O)NC(=O)c1cc(C2CC2)c(OC[C@@H]2CC[C@@H](C)N([C@H](C)c3cc(Cl)cc(Cl)c3)C2)cc1F","CCS(=O)(=O)NC(=O)c1cc(C2CC2)c(OC[C@@H]2CC[C@@H](C)N([C@H](C)c3cc(Cl)cc(Cl)c3)C2)cc1F","train"
"CHEMBL5806464","COc1cccc2c1nc(N)n1nc([C@@H]3CCCN(c4ncns4)C3)nc21","COc1cccc2c1nc(N)n1nc([C@@H]3CCCN(c4ncns4)C3)nc21","train"
"CHEMBL5806465","COc1ccc(Br)c(Sc2nc3c(N)nccc3n2CCCNC(C)C)c1","COc1ccc(Br)c(Sc2nc3c(N)nccc3n2CCCNC(C)C)c1","train"
"CHEMBL5806466","C[C@H]1OCC2(CCN(c3ncc(Sc4ccnc(N)c4Cl)c4nncn34)CC2)[C@H]1N","C[C@H]1OCC2(CCN(c3ncc(Sc4ccnc(N)c4Cl)c4nncn34)CC2)[C@H]1N","train"
"CHEMBL5806469","Nc1nccn2c([C@@H]3CCCN3C(=O)C#CC3CC3)nc(-c3ccc(C(=O)Nc4ccccn4)cc3)c12","Nc1nccn2c([C@@H]3CCCN3C(=O)C#CC3CC3)nc(-c3ccc(C(=O)Nc4ccccn4)cc3)c12","train"
"CHEMBL5806472","CNC(=O)CC1(N2CCC(C)(CN[C@@H]3CC3c3ccccc3)CC2)CCC1","CNC(=O)CC1(N2CCC(C)(CN[C@@H]3CC3c3ccccc3)CC2)CCC1","train"
"CHEMBL5806474","CC(C)(N)c1ccc(Nc2nn([C@H]3COCC[C@@H]3C#N)c3cc[nH]c(=O)c23)cc1","CC(C)(N)c1ccc(Nc2nn([C@H]3COCC[C@@H]3C#N)c3cc[nH]c(=O)c23)cc1","train"
"CHEMBL5806476","CC1(C)C(=N)N[C@](C)(c2sc(-c3ccc(F)c(C(F)(F)F)c3)cc2Cl)CS1(=O)=O","CC1(C)C(=N)N[C@](C)(c2sc(-c3ccc(F)c(C(F)(F)F)c3)cc2Cl)CS1(=O)=O","train"
"CHEMBL5806477","CC(=O)N1CCc2c(c(Nc3ccc(-c4cnn(C)c4)c(F)c3)nn2C2CCOC2)C1","CC(=O)N1CCc2c(c(Nc3ccc(-c4cnn(C)c4)c(F)c3)nn2C2CCOC2)C1","train"
"CHEMBL5806479","Cc1ncoc1-c1nnc(SCCCCN2CCC3CCN(c4ccc(C(F)(F)F)cc4)C3C2)n1C","Cc1ncoc1-c1nnc(SCCCCN2CCC3CCN(c4ccc(C(F)(F)F)cc4)C3C2)n1C","train"
"CHEMBL5806481","CC(=O)N[C@@H]1CCN(C(=O)c2nc(N[C@@H](C)c3cccnc3)nc3ccsc23)C1","CC(=O)N[C@@H]1CCN(C(=O)c2nc(N[C@@H](C)c3cccnc3)nc3ccsc23)C1","train"
"CHEMBL5806484","O=c1nc(N2CCC(F)(F)C2)c2ccc(Cl)cc2n1-c1ccccc1","O=c1nc(N2CCC(F)(F)C2)c2ccc(Cl)cc2n1-c1ccccc1","train"
"CHEMBL5806485","CC[C@@H](NC(=O)N1C(=O)[C@H](Cc2ccnc(N)c2)[C@H]1C(=O)N(C)c1cccs1)c1ccn(C)n1","CC[C@@H](NC(=O)N1C(=O)[C@H](Cc2ccnc(N)c2)[C@H]1C(=O)N(C)c1cccs1)c1ccn(C)n1","train"
"CHEMBL5806486","CNCCC(=O)NC1CC(=O)c2c([nH]c(-c3ccncc3)c2Nc2ccccc2)C1","CNCCC(=O)NC1CC(=O)c2c([nH]c(-c3ccncc3)c2Nc2ccccc2)C1","train"
"CHEMBL5806487","O=C1CCc2c(Oc3ccc4c(c3)[C@H]3[C@H](NC(=O)Nc5ccc(F)c(F)c5F)[C@H]3O4)ccnc2N1","O=C1CCc2c(Oc3ccc4c(c3)[C@H]3[C@H](NC(=O)Nc5ccc(F)c(F)c5F)[C@H]3O4)ccnc2N1","train"
"CHEMBL5806488","CC[C@H](c1cc(Cl)cc(Cl)c1)N1CCC(COc2cc(F)c(C(=O)NS(C)(=O)=O)cc2C2CC2)CC1","CC[C@H](c1cc(Cl)cc(Cl)c1)N1CCC(COc2cc(F)c(C(=O)NS(C)(=O)=O)cc2C2CC2)CC1","train"
"CHEMBL5806489","CC(C)C(O)c1ccc(N2CCN(C(C)c3ccc4c(c3)OCC4)CC2)nc1","CC(C)C(O)c1ccc(N2CCN(C(C)c3ccc4c(c3)OCC4)CC2)nc1","train"
"CHEMBL5806490","COC1(c2ccnc(C(N)=O)c2)C2CCCC1CN(C(C)(C)C)C2","COC1(c2ccnc(C(N)=O)c2)C2CCCC1CN(C(C)(C)C)C2","train"
"CHEMBL5806492","COc1cc(/C=C(\C#N)C(N)=O)cc(-c2cnc3[nH]cc(-c4ccnc(OC)c4)c3c2)c1","COc1cc(/C=C(\C#N)C(N)=O)cc(-c2cnc3[nH]cc(-c4ccnc(OC)c4)c3c2)c1","train"
"CHEMBL5806493","O=C(NC[C@H](O)CN1CCc2ccccc2C1)c1cnnc(OC2CCNCC2)c1","O=C(NC[C@H](O)CN1CCc2ccccc2C1)c1cnnc(OC2CCNCC2)c1","train"
"CHEMBL5806496","N#Cc1cnn(-c2ccc(Cl)cc2-c2ccc([C@H]3CCCCC(=O)Nc4cnn(C(F)F)c4-c4cccc3c4)[n+]([O-])c2)c1","N#Cc1cnn(-c2ccc(Cl)cc2-c2ccc([C@H]3CCCCC(=O)Nc4cnn(C(F)F)c4-c4cccc3c4)[n+]([O-])c2)c1","train"
"CHEMBL5806497","COCCN1C[C@@H](NC(=O)Nc2c(C)c(-c3cnc(C)s3)nn2-c2ccccc2)[C@H](c2ccc(F)c(F)c2)C1","COCCN1C[C@@H](NC(=O)Nc2c(C)c(-c3cnc(C)s3)nn2-c2ccccc2)[C@H](c2ccc(F)c(F)c2)C1","train"
"CHEMBL5806500","COc1cc(Cn2cnc3cc(C#CC(C)(C)N)cnc32)cc2c1OC(c1coc(C)n1)CO2","COc1cc(Cn2cnc3cc(C#CC(C)(C)N)cnc32)cc2c1OC(c1coc(C)n1)CO2","train"
"CHEMBL5959577","Cn1ccc2c(-c3ncc(Nc4cncc(N5CC[C@@H]6CNC[C@@H]65)n4)c4c3CNC4=O)ccnc21","Cn1ccc2c(-c3ncc(Nc4cncc(N5CC[C@@H]6CNC[C@@H]65)n4)c4c3CNC4=O)ccnc21","train"
"CHEMBL5959578","CCC(=O)N1CC=C(c2cc3c(N4CC(C(=O)N[C@@H](CCO)c5ccc(Cl)cc5)C4)ncnn3c2)CC1","CCC(=O)N1CC=C(c2cc3c(N4CC(C(=O)N[C@@H](CCO)c5ccc(Cl)cc5)C4)ncnn3c2)CC1","train"
"CHEMBL5959579","CC(=O)NCCNCc1ccc(OCc2cccc(-c3ccccc3)c2C)cc1OCc1cccc2cccnc12","CC(=O)NCCNCc1ccc(OCc2cccc(-c3ccccc3)c2C)cc1OCc1cccc2cccnc12","train"
"CHEMBL5959580","C[C@H](Oc1cc(-n2nc3n(c2=O)CCCC3)c(Cl)cc1C(=O)Nc1c(F)cccc1Cl)C(F)(F)F","C[C@H](Oc1cc(-n2nc3n(c2=O)CCCC3)c(Cl)cc1C(=O)Nc1c(F)cccc1Cl)C(F)(F)F","train"
"CHEMBL5959581","N#Cc1cc(-c2ncnc3[nH]c(-c4cncc(N)n4)cc23)ccc1OC1CCOCC1","N#Cc1cc(-c2ncnc3[nH]c(-c4cncc(N)n4)cc23)ccc1OC1CCOCC1","train"
"CHEMBL5959584","C=CC(=O)N1CCOc2cc(C(=O)N3CC[C@@H](Nc4ncc(Cl)c(OC)n4)C3)ccc21","C=CC(=O)N1CCOc2cc(C(=O)N3CC[C@@H](Nc4ncc(Cl)c(OC)n4)C3)ccc21","train"
"CHEMBL5959585","NCCCNc1cccc(-c2ccnc3[nH]c4ccccc4c23)c1","NCCCNc1cccc(-c2ccnc3[nH]c4ccccc4c23)c1","train"
"CHEMBL5959589","COc1cc(CO)c(-c2cn3ccc(N4CCN(C(=O)CO)CC4)nc3n2)cc1Cl","COc1cc(CO)c(-c2cn3ccc(N4CCN(C(=O)CO)CC4)nc3n2)cc1Cl","train"
"CHEMBL5959590","C[C@@H]1OCC2(CCN(c3cnc4c(N5CC[C@H](C)c6c(-c7cnn(C)c7)cccc65)n[nH]c4n3)CC2)[C@@H]1N","C[C@@H]1OCC2(CCN(c3cnc4c(N5CC[C@H](C)c6c(-c7cnn(C)c7)cccc65)n[nH]c4n3)CC2)[C@@H]1N","train"
"CHEMBL5959591","COC(=O)N1[C@H](C)C[C@H](N(Cc2ccc(OC)cc2)S(C)(=O)=O)[C@@H]1COC1CCC2(c3ncc(Cl)c(OC)n3)CC2C1","COC(=O)N1[C@H](C)C[C@H](N(Cc2ccc(OC)cc2)S(C)(=O)=O)[C@@H]1COC1CCC2(c3ncc(Cl)c(OC)n3)CC2C1","train"
"CHEMBL5959592","C[C@@H](COCC(=O)N(C)C1CN(c2ncc(C(F)(F)F)cn2)C1)Nc1cn[nH]c(=O)c1C(F)(F)F","C[C@@H](COCC(=O)N(C)C1CN(c2ncc(C(F)(F)F)cn2)C1)Nc1cn[nH]c(=O)c1C(F)(F)F","train"
"CHEMBL5959593","O=C(CSC(c1ccccc1)c1ccc(Cl)cc1)NCCCc1ccc(Cl)cc1","O=C(CSC(c1ccccc1)c1ccc(Cl)cc1)NCCCc1ccc(Cl)cc1","train"
"CHEMBL5959594","Cc1cc(Nc2cc3ncccc3c(N[C@@H]3C[C@H]4CCC[C@@H](C3)N4Cc3ccc(C#N)nc3)n2)n[nH]1","Cc1cc(Nc2cc3ncccc3c(N[C@@H]3C[C@H]4CCC[C@@H](C3)N4Cc3ccc(C#N)nc3)n2)n[nH]1","train"
"CHEMBL5959595","O=S(=O)(Nc1nccs1)c1cc(Cl)c(N[C@H]2CCCc3ccccc32)cc1F","O=S(=O)(Nc1nccs1)c1cc(Cl)c(N[C@H]2CCCc3ccccc32)cc1F","train"
"CHEMBL5959596","Cc1cncc(S(=O)(=O)N2C[C@H](CCC(=O)O)Oc3ccc(NC(=O)OC(C)(C)C(F)(F)F)cc32)c1","Cc1cncc(S(=O)(=O)N2C[C@H](CCC(=O)O)Oc3ccc(NC(=O)OC(C)(C)C(F)(F)F)cc32)c1","train"
"CHEMBL5959597","N#Cc1ccc(CN2CCC(NC(=O)c3ccc(C(=O)N4CCN(c5ccc(S(=O)(=O)C6CC6)cc5)CC4)cn3)CC2)cc1","N#Cc1ccc(CN2CCC(NC(=O)c3ccc(C(=O)N4CCN(c5ccc(S(=O)(=O)C6CC6)cc5)CC4)cn3)CC2)cc1","train"
"CHEMBL5959598","O=C(c1ccc2[nH]nnc2c1)N1C[C@@H]2[C@H](C1)[C@H]1CN(C(=O)c3cc4ccc(Cl)cc4[nH]3)C[C@@H]21","O=C(c1ccc2[nH]nnc2c1)N1C[C@@H]2[C@H](C1)[C@H]1CN(C(=O)c3cc4ccc(Cl)cc4[nH]3)C[C@@H]21","train"
"CHEMBL5959599","CCc1nc(NC(=O)N[C@@H](c2ccccc2)C(C)(C)O)cc2cnn(-c3ccnc(C)c3)c12","CCc1nc(NC(=O)N[C@@H](c2ccccc2)C(C)(C)O)cc2cnn(-c3ccnc(C)c3)c12","train"
"CHEMBL5959600","C[C@H](C(=O)N[C@H](C)c1ccnc(N2CCN(C)CC2)n1)N1Cc2ccc(-c3nc(NC4CCOCC4)ncc3Cl)cc2C1=O","C[C@H](C(=O)N[C@H](C)c1ccnc(N2CCN(C)CC2)n1)N1Cc2ccc(-c3nc(NC4CCOCC4)ncc3Cl)cc2C1=O","train"
"CHEMBL5959602","O=C(CN1C[C@H]2C[C@H](Oc3ccccc3)C[C@H]2C1)c1ccc(O)cc1","O=C(CN1C[C@H]2C[C@H](Oc3ccccc3)C[C@H]2C1)c1ccc(O)cc1","train"
"CHEMBL5959603","COC1CN(Cc2nc(Nc3ccc(-c4cnc5cc(F)ccn45)c4c3C(=O)NC4)ccc2[C@H]2CCOC2)C1","COC1CN(Cc2nc(Nc3ccc(-c4cnc5cc(F)ccn45)c4c3C(=O)NC4)ccc2[C@H]2CCOC2)C1","train"
"CHEMBL5959604","CCN(Cc1ccc(C(=O)O)cc1)Cc1ccc([C@H]2COc3ccccc3O2)cc1","CCN(Cc1ccc(C(=O)O)cc1)Cc1ccc([C@H]2COc3ccccc3O2)cc1","train"
"CHEMBL5959605","O=C(Nc1cnc(-n2nccn2)c(Cl)c1)c1cnn(-c2ccc(F)c3nccn23)c1C(F)(F)F","O=C(Nc1cnc(-n2nccn2)c(Cl)c1)c1cnn(-c2ccc(F)c3nccn23)c1C(F)(F)F","train"
"CHEMBL5959606","CCCCN(CC)C(=N)/C(=N\S(=O)(=O)c1ccc(Cl)cc1)N1CC(c2ccccc2)C(c2ccc(Cl)cc2)=N1","CCCCN(CC)C(=N)/C(=N\S(=O)(=O)c1ccc(Cl)cc1)N1CC(c2ccccc2)C(c2ccc(Cl)cc2)=N1","train"
"CHEMBL5959609","Cn1nc2c(c1-c1cc(F)c(F)c(F)c1)C[C@@H]1CCC[C@H]2N1C(=O)c1ccnc2ccccc12","Cn1nc2c(c1-c1cc(F)c(F)c(F)c1)C[C@@H]1CCC[C@H]2N1C(=O)c1ccnc2ccccc12","train"
"CHEMBL5959610","O=S(=O)(c1ccc(F)cc1)[C@@]12CC[C@@H](Nc3ccccc3)[C@@H]1CCc1cc(C(F)(C(F)(F)F)C(F)(F)F)ccc12","O=S(=O)(c1ccc(F)cc1)[C@@]12CC[C@@H](Nc3ccccc3)[C@@H]1CCc1cc(C(F)(C(F)(F)F)C(F)(F)F)ccc12","train"
"CHEMBL5959611","Nc1ncnc2c(C3CCCC3)nn(-c3ccc(Oc4cccc(OCc5cncs5)c4)cc3)c12","Nc1ncnc2c(C3CCCC3)nn(-c3ccc(Oc4cccc(OCc5cncs5)c4)cc3)c12","train"
"CHEMBL5959613","O=S(=O)(NCC1CCCO1)c1ccc(S(=O)(=O)N(Cc2ccccc2)Cc2ccc(Cl)cc2)cc1","O=S(=O)(NCC1CCCO1)c1ccc(S(=O)(=O)N(Cc2ccccc2)Cc2ccc(Cl)cc2)cc1","train"
"CHEMBL5959614","COc1ccc(Cn2c(=O)n3ncnc3c3ccc(CN4C[C@@H](C)O[C@@H](C)C4)nc32)cc1","COc1ccc(Cn2c(=O)n3ncnc3c3ccc(CN4C[C@@H](C)O[C@@H](C)C4)nc32)cc1","train"
"CHEMBL5959615","C[C@@H]1[C@H](CNC(=O)Oc2ccccc2)Oc2ccc(NC(=O)OC(C)(C)C(F)(F)F)cc2N1S(=O)(=O)c1ccc(F)c(F)c1","C[C@@H]1[C@H](CNC(=O)Oc2ccccc2)Oc2ccc(NC(=O)OC(C)(C)C(F)(F)F)cc2N1S(=O)(=O)c1ccc(F)c(F)c1","train"
"CHEMBL5959616","Clc1cccc(CSc2nnc(CCc3c[nH]c4ccccc34)n2CCCc2c[nH]cn2)c1","Clc1cccc(CSc2nnc(CCc3c[nH]c4ccccc34)n2CCCc2c[nH]cn2)c1","train"
"CHEMBL5959618","Nc1ncnc(N2CCCC(c3cccc(NC(=O)Nc4ccccc4)c3)C2)c1Cl","Nc1ncnc(N2CCCC(c3cccc(NC(=O)Nc4ccccc4)c3)C2)c1Cl","train"
"CHEMBL5959621","C=CC(=O)N(C)c1cccc(-n2c(=O)n(-c3ccc(C(=O)Nc4ccccn4)cc3)c3c(N)ncnc32)c1","C=CC(=O)N(C)c1cccc(-n2c(=O)n(-c3ccc(C(=O)Nc4ccccn4)cc3)c3c(N)ncnc32)c1","train"
"CHEMBL5959622","CCO[C@H]1CC[C@@H](C(=O)N2Cc3cccnc3Nc3ccc(N4CCOCC4)cc32)CC1","CCO[C@H]1CC[C@@H](C(=O)N2Cc3cccnc3Nc3ccc(N4CCOCC4)cc32)CC1","train"
"CHEMBL5959623","C=CC(=O)N[C@H]1CC[C@H](NC(=O)c2sc3nccc4c3c2NC(=O)N4c2cnc(Oc3ccccc3)cc2C)C1","C=CC(=O)N[C@H]1CC[C@H](NC(=O)c2sc3nccc4c3c2NC(=O)N4c2cnc(Oc3ccccc3)cc2C)C1","train"
"CHEMBL5959624","COc1cc2c(Nc3ccc(C(F)(F)F)cc3Br)ncnc2cc1O[C@@H]1CO[C@@H]2[C@H]1OC[C@H]2F","COc1cc2c(Nc3ccc(C(F)(F)F)cc3Br)ncnc2cc1O[C@@H]1CO[C@@H]2[C@H]1OC[C@H]2F","train"
"CHEMBL5959625","Cc1cnc(-c2cnc3[nH]ccc3c2N[C@@H]2CCCN(C(=O)CC#N)C2)o1","Cc1cnc(-c2cnc3[nH]ccc3c2N[C@@H]2CCCN(C(=O)CC#N)C2)o1","train"
"CHEMBL5959626","N=C(N)NC(=O)OCc1ccnc(N2CCN(c3nccs3)CC2)c1F","N=C(N)NC(=O)OCc1ccnc(N2CCN(c3nccs3)CC2)c1F","train"
"CHEMBL5959629","CNc1cc(-c2cnc3n([C@H]4CCOC[C@@H]4O)cccc2-3)nc2c(C(=O)N[C@H]3CC[C@@H]3F)cnn12","CNc1cc(-c2cnc3n([C@H]4CCOC[C@@H]4O)cccc2-3)nc2c(C(=O)N[C@H]3CC[C@@H]3F)cnn12","train"
"CHEMBL5959630","CC1(c2ccc(O)c(F)c2)C(=O)Nc2nc(-c3cn4ccnc4c(Cc4cccc(Cl)c4)n3)nc(N)c21","CC1(c2ccc(O)c(F)c2)C(=O)Nc2nc(-c3cn4ccnc4c(Cc4cccc(Cl)c4)n3)nc(N)c21","train"
"CHEMBL5959631","COC(=O)c1c(C(F)(F)F)nn2c(C3CCNCC3)cc(=O)[nH]c12","COC(=O)c1c(C(F)(F)F)nn2c(C3CCNCC3)cc(=O)[nH]c12","train"
"CHEMBL5959632","CCN(CC)[C@@H](C)CNC(=O)c1cc(-c2cnn3ccc(-c4cccs4)nc23)nc(N2CC(C(N)=O)C2)c1","CCN(CC)[C@@H](C)CNC(=O)c1cc(-c2cnn3ccc(-c4cccs4)nc23)nc(N2CC(C(N)=O)C2)c1","train"
"CHEMBL5959633","Cc1nnn(C)c1-c1cnc2c3ccc(N4CCN(CC(F)(F)F)CC4)nc3n([C@H](c3ccccc3)C3CCOCC3)c2c1","Cc1nnn(C)c1-c1cnc2c3ccc(N4CCN(CC(F)(F)F)CC4)nc3n([C@H](c3ccccc3)C3CCOCC3)c2c1","train"
"CHEMBL5959634","Cc1cc(-c2nc(N=S(C)(C)=O)cc(N3CCOC[C@H]3C)n2)ccn1","Cc1cc(-c2nc(N=S(C)(C)=O)cc(N3CCOC[C@H]3C)n2)ccn1","train"
"CHEMBL5959635","COc1cc(Cn2cnc3cc(-n4ccnc4C)cnc32)cc2c1OC(c1ccc(C)nc1)CC2","COc1cc(Cn2cnc3cc(-n4ccnc4C)cnc32)cc2c1OC(c1ccc(C)nc1)CC2","train"
"CHEMBL5959636","O=C(O)c1ccc(N2CCC(c3nc(C4(CN[C@H]5CC5c5ccccc5)CC4)no3)CC2)cn1","O=C(O)c1ccc(N2CCC(c3nc(C4(CN[C@H]5CC5c5ccccc5)CC4)no3)CC2)cn1","train"
"CHEMBL5959637","Cc1noc2ccn(CCN3CCC(c4noc5ccccc45)CC3)c(=O)c12","Cc1noc2ccn(CCN3CCC(c4noc5ccccc45)CC3)c(=O)c12","train"
"CHEMBL5959639","CC(C)O[C@@H](c1ncc(Cl)cn1)[C@H](C)S(=O)(=O)Nc1nnc(-c2ccn(C)n2)n1C1(C)CC1","CC(C)O[C@@H](c1ncc(Cl)cn1)[C@H](C)S(=O)(=O)Nc1nnc(-c2ccn(C)n2)n1C1(C)CC1","train"
"CHEMBL5959640","COc1ccc(-c2ccc(F)c(CO[C@H]3C[C@@H](N=C=S)C3)c2)cc1F","COc1ccc(-c2ccc(F)c(CO[C@H]3C[C@@H](N=C=S)C3)c2)cc1F","train"
"CHEMBL5959641","O=c1[nH]c(CSC2CCOCC2)nc2cc(OCC3CCOCC3)cc(F)c12","O=c1[nH]c(CSC2CCOCC2)nc2cc(OCC3CCOCC3)cc(F)c12","train"
"CHEMBL5959642","C[C@@H]1CN(C#N)C[C@H]1c1n[nH]c(-c2cccc(-c3ccccc3)c2)n1","C[C@@H]1CN(C#N)C[C@H]1c1n[nH]c(-c2cccc(-c3ccccc3)c2)n1","train"
"CHEMBL5959644","CC1(O)CCN(C(=O)[C@H]2C[C@@](c3ccc(C(F)(C(F)(F)F)C(F)(F)F)cc3)(S(=O)(=O)c3ccc(F)cc3)C2)CC1","CC1(O)CCN(C(=O)[C@H]2C[C@@](c3ccc(C(F)(C(F)(F)F)C(F)(F)F)cc3)(S(=O)(=O)c3ccc(F)cc3)C2)CC1","train"
"CHEMBL5959646","C[C@]1(CC2CC2)C(=N)N[C@](C)(c2cc(NC(=O)c3ccc(Cl)cn3)ccc2F)CS1(=O)=O","C[C@]1(CC2CC2)C(=N)N[C@](C)(c2cc(NC(=O)c3ccc(Cl)cn3)ccc2F)CS1(=O)=O","train"
"CHEMBL5959647","C=CC(=O)Nc1cc(Nc2nccc(-c3cc(F)c4cnn(C(C)C)c4c3)n2)c(OC)cc1N(C)CCN(C)C","C=CC(=O)Nc1cc(Nc2nccc(-c3cc(F)c4cnn(C(C)C)c4c3)n2)c(OC)cc1N(C)CCN(C)C","train"
"CHEMBL5959648","CC[C@H](NC(=O)[C@H](C)NC)C(=O)N1C[C@@H](F)C[C@H]1Cc1c(-c2nc3cc(F)ccc3n2C[C@@H]2[C@@H](C)[C@@H](C)CN2C(=O)[C@H](CC)NC(=O)[C@H](C)NC)[nH]c2cc(F)ccc12","CC[C@H](NC(=O)[C@H](C)NC)C(=O)N1C[C@@H](F)C[C@H]1Cc1c(-c2nc3cc(F)ccc3n2C[C@@H]2[C@@H](C)[C@@H](C)CN2C(=O)[C@H](CC)NC(=O)[C@H](C)NC)[nH]c2cc(F)ccc12","train"
"CHEMBL5959650","COCC1Cn2cc(-c3nnc(Cc4ccc(F)cc4F)s3)c(=O)c(O)c2C(=O)N1CC(C)C","COCC1Cn2cc(-c3nnc(Cc4ccc(F)cc4F)s3)c(=O)c(O)c2C(=O)N1CC(C)C","train"
"CHEMBL5959651","N#Cc1cccc(F)c1-c1cc(-n2ccc(N3CCOC[C@@H](O)C3)n2)c2c(n1)CNC2=O","N#Cc1cccc(F)c1-c1cc(-n2ccc(N3CCOC[C@@H](O)C3)n2)c2c(n1)CNC2=O","train"
"CHEMBL5959652","CN(C)C(=O)[C@H]1CC[C@H](Nc2cc(C(=O)NC[C@H](O)CN3CCc4ccccc4C3)ncn2)CC1","CN(C)C(=O)[C@H]1CC[C@H](Nc2cc(C(=O)NC[C@H](O)CN3CCc4ccccc4C3)ncn2)CC1","train"
"CHEMBL5959653","Cc1cc(-c2cc(Cl)ccc2OCCn2c(C)nc3cc(Cl)c(C(F)F)c(C#N)c3c2=O)c2scc(C(=O)O)c2n1","Cc1cc(-c2cc(Cl)ccc2OCCn2c(C)nc3cc(Cl)c(C(F)F)c(C#N)c3c2=O)c2scc(C(=O)O)c2n1","train"
"CHEMBL5959654","Cc1cc(-c2cc(Cl)ccc2OCCc2nc3cc(N4CCN(C)CC4)c(C(F)(F)F)cc3nc2C)c2scc(C(=O)O)c2n1","Cc1cc(-c2cc(Cl)ccc2OCCc2nc3cc(N4CCN(C)CC4)c(C(F)(F)F)cc3nc2C)c2scc(C(=O)O)c2n1","train"
"CHEMBL5959657","CCOc1nc(-c2cccc(-c3cccc(-c4ccc(CNCCO)c(OCC)n4)c3C)c2C)ccc1CNCCO","CCOc1nc(-c2cccc(-c3cccc(-c4ccc(CNCCO)c(OCC)n4)c3C)c2C)ccc1CNCCO","train"
"CHEMBL5959658","CN1CCC(N(C)C(=O)c2ccc(Nc3nc4c(C5=CCN(C(=O)CC(F)(F)F)CC5)cccn4n3)cc2)CC1","CN1CCC(N(C)C(=O)c2ccc(Nc3nc4c(C5=CCN(C(=O)CC(F)(F)F)CC5)cccn4n3)cc2)CC1","train"
"CHEMBL5959659","Cc1c(C#N)cnc(C(=O)Nc2ccc3[nH]nc(C=C4CCOCC4)c3c2)c1C","Cc1c(C#N)cnc(C(=O)Nc2ccc3[nH]nc(C=C4CCOCC4)c3c2)c1C","train"
"CHEMBL5959660","CNC(=O)c1c(-c2ccc(F)cc2)oc2cc(N(CCOCCOCCOCCCc3cccc(C(=O)CC(=O)C(=O)O)c3)S(C)(=O)=O)c(C3CC3)cc12","CNC(=O)c1c(-c2ccc(F)cc2)oc2cc(N(CCOCCOCCOCCCc3cccc(C(=O)CC(=O)C(=O)O)c3)S(C)(=O)=O)c(C3CC3)cc12","train"
"CHEMBL5959661","CC(=O)N1CCC(N(Cc2ccc(C)o2)C(=O)Nc2cc(Cl)ccc2Cl)CC1","CC(=O)N1CCC(N(Cc2ccc(C)o2)C(=O)Nc2cc(Cl)ccc2Cl)CC1","train"
"CHEMBL5959662","Cc1c(O[C@H]2CCCC[C@@H]2c2c[nH]nc2N)ccc(S(=O)(=O)Nc2ccncn2)c1F","Cc1c(O[C@H]2CCCC[C@@H]2c2c[nH]nc2N)ccc(S(=O)(=O)Nc2ccncn2)c1F","train"
"CHEMBL5959664","CN(C)c1ncccc1-c1ncc2[nH]c(=O)n(Cc3ccc(-c4nc(C(F)(F)F)cn4C)cc3)c2n1","CN(C)c1ncccc1-c1ncc2[nH]c(=O)n(Cc3ccc(-c4nc(C(F)(F)F)cn4C)cc3)c2n1","train"
"CHEMBL5959667","CC1(C)CN(c2ccccc2NC(=O)Nc2csc(Cl)n2)c2c(O)cc(F)c(-c3ccc(Cl)cc3)c21","CC1(C)CN(c2ccccc2NC(=O)Nc2csc(Cl)n2)c2c(O)cc(F)c(-c3ccc(Cl)cc3)c21","train"
"CHEMBL5959668","CCc1cc(O)ccc1Nc1n[nH]c(-c2ccc(I)cc2)c1F","CCc1cc(O)ccc1Nc1n[nH]c(-c2ccc(I)cc2)c1F","train"
"CHEMBL5959669","Nc1cc(Cc2cnn(-c3ccc(F)cc3)c2)c2nn[nH]c2n1","Nc1cc(Cc2cnn(-c3ccc(F)cc3)c2)c2nn[nH]c2n1","train"
"CHEMBL5959670","Cc1c(NC(=O)Nc2ccc(Oc3ccnc(Nc4ccccc4)c3)c3ccccc23)cc(C(C)(C)C)cc1P(C)(C)=O","Cc1c(NC(=O)Nc2ccc(Oc3ccnc(Nc4ccccc4)c3)c3ccccc23)cc(C(C)(C)C)cc1P(C)(C)=O","train"
"CHEMBL5959671","O=C(NS(=O)(=O)c1ccc(NCC2CCOCC2)c([N+](=O)[O-])c1)c1ccc(-c2ccc(N3CCCC3c3cccc4c3OCC4)cc2)cc1Oc1cnc2[nH]ccc2c1","O=C(NS(=O)(=O)c1ccc(NCC2CCOCC2)c([N+](=O)[O-])c1)c1ccc(-c2ccc(N3CCCC3c3cccc4c3OCC4)cc2)cc1Oc1cnc2[nH]ccc2c1","train"
"CHEMBL5959672","Cc1ccc(NC(=O)c2ccnc(C(C)(F)F)c2)cc1-c1cc(N2CCOC[C@H]2C)c(=O)n(C)n1","Cc1ccc(NC(=O)c2ccnc(C(C)(F)F)c2)cc1-c1cc(N2CCOC[C@H]2C)c(=O)n(C)n1","train"
"CHEMBL5959673","NC(=O)c1cnc(N2CCC[C@H](N)C2)nc1Nc1cccc(C(=O)N2CCCC2)c1","NC(=O)c1cnc(N2CCC[C@H](N)C2)nc1Nc1cccc(C(=O)N2CCCC2)c1","train"
"CHEMBL5959674","CN(c1nccnc1CNc1nc(Nc2cccc(C(N)=O)c2)ncc1C(F)(F)F)S(C)(=O)=O","CN(c1nccnc1CNc1nc(Nc2cccc(C(N)=O)c2)ncc1C(F)(F)F)S(C)(=O)=O","train"
"CHEMBL5959676","C[C@@H]1CC[C@@H](c2cc([C@](C)(O)C(F)F)on2)CN1C(=O)c1ccccc1-n1nccn1","C[C@@H]1CC[C@@H](c2cc([C@](C)(O)C(F)F)on2)CN1C(=O)c1ccccc1-n1nccn1","train"
"CHEMBL5959677","Cc1cccc(-c2ccc(Cn3cc(C(=O)N[C@H]4CCCC[C@@H]4O)c4ncccc43)c(F)c2)n1","Cc1cccc(-c2ccc(Cn3cc(C(=O)N[C@H]4CCCC[C@@H]4O)c4ncccc43)c(F)c2)n1","train"
"CHEMBL5959678","Fc1cc(Cl)ccc1-c1cccc2ncnn12","Fc1cc(Cl)ccc1-c1cccc2ncnn12","train"
"CHEMBL5959679","CNC(=O)N1CC=C(c2cc3c(-c4cc(F)ccc4OC)c(F)cnc3[nH]2)CC1","CNC(=O)N1CC=C(c2cc3c(-c4cc(F)ccc4OC)c(F)cnc3[nH]2)CC1","train"
"CHEMBL5959681","O=C1N(Cc2nc3cc(Cl)ccc3n2C2CNS(=O)(=O)C2)c2cnccc2C12CC2","O=C1N(Cc2nc3cc(Cl)ccc3n2C2CNS(=O)(=O)C2)c2cnccc2C12CC2","train"
"CHEMBL5959682","COc1nc(Nc2ccc(CN3CCN(C)CC3)cc2)nc2[nH]cc(-c3ccc(C#N)cc3)c12","COc1nc(Nc2ccc(CN3CCN(C)CC3)cc2)nc2[nH]cc(-c3ccc(C#N)cc3)c12","train"
"CHEMBL5959684","Cc1c(-c2ccccc2)nc2ccc(Br)cc2c1C(=O)NC12CCC(C(=O)O)(CC1)C(=O)C2","Cc1c(-c2ccccc2)nc2ccc(Br)cc2c1C(=O)NC12CCC(C(=O)O)(CC1)C(=O)C2","train"
"CHEMBL5959685","CCN(CC)[C@@H](C)CNC(=O)c1cc(-c2cnn3ccc(-c4cccs4)nc23)nc(N2CC[C@H]2C(=O)NCC#N)c1","CCN(CC)[C@@H](C)CNC(=O)c1cc(-c2cnn3ccc(-c4cccs4)nc23)nc(N2CC[C@H]2C(=O)NCC#N)c1","train"
"CHEMBL5959686","COc1cc(F)cc([C@@H](CO)NC(=O)[C@@H](C)N2Cc3ccc(-c4nc(Nc5nc(C)no5)ncc4Cl)cc3C2=O)c1","COc1cc(F)cc([C@@H](CO)NC(=O)[C@@H](C)N2Cc3ccc(-c4nc(Nc5nc(C)no5)ncc4Cl)cc3C2=O)c1","train"
"CHEMBL5959688","CCC(CC)n1cc(-c2nc(-c3cnn(CCN4CCOCC4)c3)cn3nccc23)cn1","CCC(CC)n1cc(-c2nc(-c3cnn(CCN4CCOCC4)c3)cn3nccc23)cn1","train"
"CHEMBL5959690","COC(=O)N1[C@H](C)C[C@H](NS(=O)(=O)N(C)C)[C@@H]1COC1CCC2(c3ccccn3)CC2C1","COC(=O)N1[C@H](C)C[C@H](NS(=O)(=O)N(C)C)[C@@H]1COC1CCC2(c3ccccn3)CC2C1","train"
"CHEMBL5959691","CC(C)(C(=O)O)C(O)c1cc(C2CC2)cn2cc(Cn3cc(C(=O)NCc4ncn5ccc(Cl)c(F)c45)nn3)nc12","CC(C)(C(=O)O)C(O)c1cc(C2CC2)cn2cc(Cn3cc(C(=O)NCc4ncn5ccc(Cl)c(F)c45)nn3)nc12","train"
"CHEMBL5959692","Cc1cnc(N2CCC(NC3CCOCC3)CC2)c(-c2cnc(C)cn2)c1","Cc1cnc(N2CCC(NC3CCOCC3)CC2)c(-c2cnc(C)cn2)c1","train"
"CHEMBL5959693","CC(C)(O)c1ccc(-c2ccc3nc4c(n3n2)C(c2ccccc2OC(F)F)OCC4(O)c2ccncc2)cc1","CC(C)(O)c1ccc(-c2ccc3nc4c(n3n2)C(c2ccccc2OC(F)F)OCC4(O)c2ccncc2)cc1","train"
"CHEMBL5959694","CCOc1cc(C(=O)N2C[C@@H]3CN(C(=O)c4ccc5[nH]nnc5c4F)C[C@H]3C2)nc2ccccc12","CCOc1cc(C(=O)N2C[C@@H]3CN(C(=O)c4ccc5[nH]nnc5c4F)C[C@H]3C2)nc2ccccc12","train"
"CHEMBL5959696","Cc1cc(-c2[nH]c3ccc(C4CCN(CC(=O)NCC5CC5)CC4)cc3c2C(C)C)cc(C)n1","Cc1cc(-c2[nH]c3ccc(C4CCN(CC(=O)NCC5CC5)CC4)cc3c2C(C)C)cc(C)n1","train"
"CHEMBL5959697","C[C@H]1C(=O)NC[C@@H]1C(=O)Nc1cc(-c2cc(F)cc(OC(C)(C)C(F)(F)F)c2)n(-c2ccc(C(F)(F)F)nc2)n1","C[C@H]1C(=O)NC[C@@H]1C(=O)Nc1cc(-c2cc(F)cc(OC(C)(C)C(F)(F)F)c2)n(-c2ccc(C(F)(F)F)nc2)n1","train"
"CHEMBL5959698","CC[C@@H](NC(=O)N1C(=O)[C@H](Cc2ccnc(N)c2)[C@H]1C(=O)N(C)c1nccn1C)c1cc(F)c(F)c(F)c1","CC[C@@H](NC(=O)N1C(=O)[C@H](Cc2ccnc(N)c2)[C@H]1C(=O)N(C)c1nccn1C)c1cc(F)c(F)c(F)c1","train"
"CHEMBL5959699","C[C@H]1C(=O)C(C#N)=C[C@@]2(C)c3nc(-c4ccnc5ccccc45)nc(-c4ccc(F)cc4)c3CC[C@H]12","C[C@H]1C(=O)C(C#N)=C[C@@]2(C)c3nc(-c4ccnc5ccccc45)nc(-c4ccc(F)cc4)c3CC[C@H]12","train"
"CHEMBL5959700","COc1nc(N2CC3CCC(C2)N3)c2cnc(-c3cccc4cccc(C)c34)c(F)c2n1","COc1nc(N2CC3CCC(C2)N3)c2cnc(-c3cccc4cccc(C)c34)c(F)c2n1","train"
"CHEMBL5959701","CCS(=O)(=O)NC1COCc2c(-c3ccc4c(c3)CC(=O)N4)cncc21","CCS(=O)(=O)NC1COCc2c(-c3ccc4c(c3)CC(=O)N4)cncc21","train"
"CHEMBL5959702","COCC(C)(C)C(=O)n1nc(-c2cccn(Cc3cccnn3)c2=O)cc1NCc1ccc(Cl)s1","COCC(C)(C)C(=O)n1nc(-c2cccn(Cc3cccnn3)c2=O)cc1NCc1ccc(Cl)s1","train"
"CHEMBL5959703","N#Cc1cccc(-c2cc(C(=O)Nc3cnn(Cc4ccccc4)c3)no2)c1","N#Cc1cccc(-c2cc(C(=O)Nc3cnn(Cc4ccccc4)c3)no2)c1","train"
"CHEMBL5959704","Cc1nn(Cc2ccc(C(F)(F)F)nc2)c2ncc(C(=O)Nc3ccc(C(F)(F)F)cc3)c(Cl)c12","Cc1nn(Cc2ccc(C(F)(F)F)nc2)c2ncc(C(=O)Nc3ccc(C(F)(F)F)cc3)c(Cl)c12","train"
"CHEMBL5959705","Cc1c(-c2ccccc2)cccc1-c1cn2nc(CNCCO)ccc2n1","Cc1c(-c2ccccc2)cccc1-c1cn2nc(CNCCO)ccc2n1","train"
"CHEMBL5959711","CC(=O)N1CCN(c2ccnc(-c3cnc4ccc(C(F)F)cn34)n2)CC1","CC(=O)N1CCN(c2ccnc(-c3cnc4ccc(C(F)F)cn34)n2)CC1","train"
"CHEMBL5959712","CC(=O)N1CCC(c2ccc3c(c2)[nH]/c(=N\C(=O)c2ccnc(-c4cnn(C)c4)c2)n3C2CCCC2)CC1","CC(=O)N1CCC(c2ccc3c(c2)[nH]/c(=N\C(=O)c2ccnc(-c4cnn(C)c4)c2)n3C2CCCC2)CC1","train"
"CHEMBL5959714","Cn1nc(OCCOc2ccc(F)cc2)c2ccc(Nc3n[nH]c4cccnc34)cc21","Cn1nc(OCCOc2ccc(F)cc2)c2ccc(Nc3n[nH]c4cccnc34)cc21","train"
"CHEMBL5959715","COc1ccc([C@H]2CCN(C(=O)CC(C)C)C[C@@H]2NC(=O)Nc2ccc(Cl)cc2)cc1","COc1ccc([C@H]2CCN(C(=O)CC(C)C)C[C@@H]2NC(=O)Nc2ccc(Cl)cc2)cc1","train"
"CHEMBL5959716","COC(=O)N1CCN(c2nc(C3CC3)c3c(c2C#N)CC(C)OC3)C[C@H]1C(C)C","COC(=O)N1CCN(c2nc(C3CC3)c3c(c2C#N)CC(C)OC3)C[C@H]1C(C)C","train"
"CHEMBL5959718","C=CC(=O)Nc1cccc(Oc2nc(Nc3cccc(OCCN4CCCC4=O)c3)ncc2F)c1","C=CC(=O)Nc1cccc(Oc2nc(Nc3cccc(OCCN4CCCC4=O)c3)ncc2F)c1","train"
"CHEMBL5959719","N[C@@H]1c2ccccc2CC12CCN(c1cnc3c(C#Cc4ccccc4)n[nH]c3n1)CC2","N[C@@H]1c2ccccc2CC12CCN(c1cnc3c(C#Cc4ccccc4)n[nH]c3n1)CC2","train"
"CHEMBL5959720","CNC(=O)c1cn(C)c2c1C(=O)N(c1cc(C)c3nnn(C)c3c1)C2c1ccc(Cl)cc1","CNC(=O)c1cn(C)c2c1C(=O)N(c1cc(C)c3nnn(C)c3c1)C2c1ccc(Cl)cc1","train"
"CHEMBL5959721","CN(C(=O)C(=O)NC1CC1)[C@@H](Cc1ccccc1)C(=O)N1C[C@]2(C[C@H]1C#N)C(=O)Nc1ccccc12","CN(C(=O)C(=O)NC1CC1)[C@@H](Cc1ccccc1)C(=O)N1C[C@]2(C[C@H]1C#N)C(=O)Nc1ccccc12","train"
"CHEMBL5959723","C=CC(=O)N1CCC[C@@H](Nc2ncnc3[nH]cc(-c4ccc(C(=O)N(C)C)cc4)c23)C1","C=CC(=O)N1CCC[C@@H](Nc2ncnc3[nH]cc(-c4ccc(C(=O)N(C)C)cc4)c23)C1","train"
"CHEMBL5959724","Cn1nccc1Nc1nccc(-c2cc3n4c(nnc4c2)C(CC(F)(F)F)CCO3)n1","Cn1nccc1Nc1nccc(-c2cc3n4c(nnc4c2)C(CC(F)(F)F)CCO3)n1","train"
"CHEMBL5959725","CC1(C)Cc2nc(Nc3cc4c(C(C)(C)N)ccc(Cl)c4cn3)ccc2C(=O)O1","CC1(C)Cc2nc(Nc3cc4c(C(C)(C)N)ccc(Cl)c4cn3)ccc2C(=O)O1","train"
"CHEMBL5959727","CC[S+]([O-])Nc1ccc(-c2ncnc3cc(-c4ccc(F)cc4)sc23)cc1","CC[S+]([O-])Nc1ccc(-c2ncnc3cc(-c4ccc(F)cc4)sc23)cc1","train"
"CHEMBL5959728","CCCCCCCCCCCC(=O)Oc1cc(C(F)(F)F)ccc1-c1cn(-c2cc([N+](=O)[O-])ccc2NC)cn1","CCCCCCCCCCCC(=O)Oc1cc(C(F)(F)F)ccc1-c1cn(-c2cc([N+](=O)[O-])ccc2NC)cn1","train"
"CHEMBL5959729","Cc1nc2cc(C(F)(F)F)cc(C#N)c2c(=O)n1CCOc1ccc(Cl)cc1-c1cc(C(N)=O)nc2c(C(=O)O)csc12","Cc1nc2cc(C(F)(F)F)cc(C#N)c2c(=O)n1CCOc1ccc(Cl)cc1-c1cc(C(N)=O)nc2c(C(=O)O)csc12","train"
"CHEMBL5959730","CSCC(NC(=O)CCC(C)C)C(=O)N1C[C@H](O)C[C@H]1C(=O)NCc1ccc(-c2scnc2C)cc1","CSCC(NC(=O)CCC(C)C)C(=O)N1C[C@H](O)C[C@H]1C(=O)NCc1ccc(-c2scnc2C)cc1","train"
"CHEMBL5959731","CCS(=O)(CC)=Nc1cc(N2CCOC[C@H]2C)nc(-c2ccnc3[nH]ccc23)n1","CCS(=O)(CC)=Nc1cc(N2CCOC[C@H]2C)nc(-c2ccnc3[nH]ccc23)n1","train"
"CHEMBL5959732","COCCN1C[C@@H](NC(=O)Nc2c(C)c(-c3ccc(CN(C)C)nc3)nn2-c2ccccc2)[C@H](c2ccc(F)c(F)c2)O1","COCCN1C[C@@H](NC(=O)Nc2c(C)c(-c3ccc(CN(C)C)nc3)nn2-c2ccccc2)[C@H](c2ccc(F)c(F)c2)O1","train"
"CHEMBL5959734","CC(C)C(=O)NC1COCc2c(-c3ccc4cnn(C)c4c3)cncc21","CC(C)C(=O)NC1COCc2c(-c3ccc4cnn(C)c4c3)cncc21","train"
"CHEMBL5959735","COCCOc1cccc(OCCN)c1","COCCOc1cccc(OCCN)c1","train"
"CHEMBL5959738","O=C(CCCCC1CCCCC1)Oc1ccc(/C=C2\SC(=O)NC2=O)cc1Cl","O=C(CCCCC1CCCCC1)Oc1ccc(/C=C2\SC(=O)NC2=O)cc1Cl","train"
"CHEMBL5959741","O=C1Nc2cn(C3CCOCC3)nc2C(=O)NCCCCCCn2cc(cn2)-c2cccc1n2","O=C1Nc2cn(C3CCOCC3)nc2C(=O)NCCCCCCn2cc(cn2)-c2cccc1n2","train"
"CHEMBL5959742","COc1cc(C2CCNCC2)ccc1Nc1ncc(C(F)(F)F)c(Nc2ccccc2NS(C)(=O)=O)n1","COc1cc(C2CCNCC2)ccc1Nc1ncc(C(F)(F)F)c(Nc2ccccc2NS(C)(=O)=O)n1","train"
"CHEMBL5959744","O=C(NO)c1cccc2c1CC1(CCN(Cc3ccc(C(F)(F)F)c(F)c3)C1=O)C2","O=C(NO)c1cccc2c1CC1(CCN(Cc3ccc(C(F)(F)F)c(F)c3)C1=O)C2","train"
"CHEMBL5959745","COc1cc(-c2nc(N=S(C)(C)=O)cc(N3CCOC[C@H]3C)n2)cc(N)n1","COc1cc(-c2nc(N=S(C)(C)=O)cc(N3CCOC[C@H]3C)n2)cc(N)n1","train"
"CHEMBL5959746","O=C(C[C@@H]1CCc2cc(C(O)(C(F)(F)F)C(F)(F)F)ccc2N1S(=O)(=O)c1ccc(F)cc1)NC1COCCC1O","O=C(C[C@@H]1CCc2cc(C(O)(C(F)(F)F)C(F)(F)F)ccc2N1S(=O)(=O)c1ccc(F)cc1)NC1COCCC1O","train"
"CHEMBL5959747","CC(CC#N)n1nc(Nc2ccc(C(F)(F)F)cc2)c2c(=O)[nH]ccc21","CC(CC#N)n1nc(Nc2ccc(C(F)(F)F)cc2)c2c(=O)[nH]ccc21","train"
"CHEMBL5959748","CC(C)n1cnc2cc(-c3ccc4c(c3)N(C3CC(C)(N5CCCCC5)C3)C(=O)C4(C)C)nc(Nc3cc(C(=O)NC4(CF)CC4)c(Cl)c(F)c3F)c21","CC(C)n1cnc2cc(-c3ccc4c(c3)N(C3CC(C)(N5CCCCC5)C3)C(=O)C4(C)C)nc(Nc3cc(C(=O)NC4(CF)CC4)c(Cl)c(F)c3F)c21","train"
"CHEMBL5959750","C[C@@](CO)(OC[C@H]1O[C@@H](n2ncc3c(NC4CCC4)nc(Cl)nc32)[C@H](O)[C@@H]1O)P(=O)(O)O","C[C@@](CO)(OC[C@H]1O[C@@H](n2ncc3c(NC4CCC4)nc(Cl)nc32)[C@H](O)[C@@H]1O)P(=O)(O)O","train"
"CHEMBL5959751","Cc1noc(Cn2c(=O)c3c(ncn3CC(=O)Nc3csc(-c4cnc(C(F)(F)F)c(C)c4)n3)n(C)c2=O)n1","Cc1noc(Cn2c(=O)c3c(ncn3CC(=O)Nc3csc(-c4cnc(C(F)(F)F)c(C)c4)n3)n(C)c2=O)n1","train"
"CHEMBL5959752","CCOC(=O)C(C)(C)n1cc(Nc2ncc3ccn(CC(CC)CC)c3n2)cn1","CCOC(=O)C(C)(C)n1cc(Nc2ncc3ccn(CC(CC)CC)c3n2)cn1","train"
"CHEMBL5959753","O=C(c1cnc(NC2(c3cncnc3)CC2)nc1)N1CCCC2(CCCC[C@H]2O)C1","O=C(c1cnc(NC2(c3cncnc3)CC2)nc1)N1CCCC2(CCCC[C@H]2O)C1","train"
"CHEMBL5959754","CCOc1cnc(CC2CCN(C(C)=O)CC2)cc1C(=O)NC[C@@H](O)[C@@H]1Cc2ccccc2CN1","CCOc1cnc(CC2CCN(C(C)=O)CC2)cc1C(=O)NC[C@@H](O)[C@@H]1Cc2ccccc2CN1","train"
"CHEMBL5959755","NC(=O)[C@H]1CCCC[C@H]1NC(=O)c1ccc(N2CC(F)(F)C2)c(OCC2CC2)n1","NC(=O)[C@H]1CCCC[C@H]1NC(=O)c1ccc(N2CC(F)(F)C2)c(OCC2CC2)n1","train"
"CHEMBL5959756","CC1(C(=O)N2CCC[C@@H](c3nc(-c4ccc(C(=O)Nc5cc(C(F)(F)F)ccn5)cc4)c4c(N)ncc(/C=C/c5ccccc5)n34)C2)COC1","CC1(C(=O)N2CCC[C@@H](c3nc(-c4ccc(C(=O)Nc5cc(C(F)(F)F)ccn5)cc4)c4c(N)ncc(/C=C/c5ccccc5)n34)C2)COC1","train"
"CHEMBL5959757","CC(C)(C)N1CCC(NC(=O)c2cc(-c3ccc(F)cc3F)on2)C(C(=O)NC2(c3ncccn3)CC2)C1","CC(C)(C)N1CCC(NC(=O)c2cc(-c3ccc(F)cc3F)on2)C(C(=O)NC2(c3ncccn3)CC2)C1","train"
"CHEMBL5959758","Cc1ccc(OC(F)F)cc1NC1=NC(=O)N(C)C2=NCC(c3cc(F)c(F)c(F)c3)N12","Cc1ccc(OC(F)F)cc1NC1=NC(=O)N(C)C2=NCC(c3cc(F)c(F)c(F)c3)N12","train"
"CHEMBL5959761","CC1CN(Cc2ccc(-c3ccc(CO[C@H]4CCC[C@@H]4NC(=O)c4cc(-c5cnn(C)c5)cnc4N)cc3)cc2)C(C)CN1C","CC1CN(Cc2ccc(-c3ccc(CO[C@H]4CCC[C@@H]4NC(=O)c4cc(-c5cnn(C)c5)cnc4N)cc3)cc2)C(C)CN1C","train"
"CHEMBL5959762","Cc1cn2c([C@H]3C[C@@H]3F)ncc2c(=O)n1Cc1cccc(F)c1","Cc1cn2c([C@H]3C[C@@H]3F)ncc2c(=O)n1Cc1cccc(F)c1","train"
"CHEMBL5959763","Cn1nc(-c2c(-c3cccc(C#N)c3)nc(N)c3nc(Cc4ccccn4)nn23)ccc1=O","Cn1nc(-c2c(-c3cccc(C#N)c3)nc(N)c3nc(Cc4ccccn4)nn23)ccc1=O","train"
"CHEMBL5959764","CC1(C)CC(=O)c2c([nH]c(-c3ccncc3)c2Nc2cc(Cl)cc(Cl)c2)C1","CC1(C)CC(=O)c2c([nH]c(-c3ccncc3)c2Nc2cc(Cl)cc(Cl)c2)C1","train"
"CHEMBL5959766","CN(c1ccc(F)cc1F)C1CCC(=O)NC1=O","CN(c1ccc(F)cc1F)C1CCC(=O)NC1=O","train"
"CHEMBL5959769","CC1=C(/C=C/c2cccc(CC(C)CN)c2)C(C)(C)CCC1","CC1=C(/C=C/c2cccc(CC(C)CN)c2)C(C)(C)CCC1","train"
"CHEMBL5959771","Cc1ccc(-n2nc(NC(=O)CS(C)(=O)=O)c3c2C[C@]2(CCc4cc(OCCCC(F)(F)F)ccc42)NC3=O)cc1","Cc1ccc(-n2nc(NC(=O)CS(C)(=O)=O)c3c2C[C@]2(CCc4cc(OCCCC(F)(F)F)ccc42)NC3=O)cc1","train"
"CHEMBL5959772","CCOCc1cnc(F)nc1Oc1ccc2c(ccc3sc4c(c32)NC[C@@H](C)NC4=O)n1","CCOCc1cnc(F)nc1Oc1ccc2c(ccc3sc4c(c32)NC[C@@H](C)NC4=O)n1","train"
"CHEMBL5959773","COc1ccccc1CC(=O)N1CCN(c2nc(C3CCCCC3)c3c(c2C#N)CCOC3)C[C@H]1C","COc1ccccc1CC(=O)N1CCN(c2nc(C3CCCCC3)c3c(c2C#N)CCOC3)C[C@H]1C","train"
"CHEMBL5959776","O=S(=O)(NCc1ncn2ccc(Cl)c(F)c12)c1cnn(Cc2cn3cc(C4CC4)ccc3n2)c1","O=S(=O)(NCc1ncn2ccc(Cl)c(F)c12)c1cnn(Cc2cn3cc(C4CC4)ccc3n2)c1","train"
"CHEMBL5959777","Cc1nn(C)c2c1-c1cccc3c(CCCOc4cccc5ccccc45)c(C(=O)O)n(c13)CCCCN2","Cc1nn(C)c2c1-c1cccc3c(CCCOc4cccc5ccccc45)c(C(=O)O)n(c13)CCCCN2","train"
"CHEMBL5959780","COc1cc2c(cc1C(=O)O)nc(Cc1ccc(OC(F)(F)F)cc1)n2[C@H]1C[C@@H](C)CC(C)(C)C1","COc1cc2c(cc1C(=O)O)nc(Cc1ccc(OC(F)(F)F)cc1)n2[C@H]1C[C@@H](C)CC(C)(C)C1","train"
"CHEMBL5959781","COc1cccc([C@@H](NC(=O)[C@H](Cc2cccc(Cl)c2)NC(=O)c2ncccc2C)C(=O)N[C@H](C(=O)C(F)(F)F)C(C)C)c1","COc1cccc([C@@H](NC(=O)[C@H](Cc2cccc(Cl)c2)NC(=O)c2ncccc2C)C(=O)N[C@H](C(=O)C(F)(F)F)C(C)C)c1","train"
"CHEMBL5959782","COc1ccc(C2COc3cc(Cn4cnc5cc(N6CC(OC)C6)cnc54)cc(OC)c3O2)c(OC)n1","COc1ccc(C2COc3cc(Cn4cnc5cc(N6CC(OC)C6)cnc54)cc(OC)c3O2)c(OC)n1","train"
"CHEMBL5959783","Cc1c(F)cc(-c2cc(C(F)(F)F)c3c(N)ncnn23)cc1C(=O)N[C@@H]1CN(C(=O)CC(C(F)(F)F)C(F)(F)F)C[C@@H]1F","Cc1c(F)cc(-c2cc(C(F)(F)F)c3c(N)ncnn23)cc1C(=O)N[C@@H]1CN(C(=O)CC(C(F)(F)F)C(F)(F)F)C[C@@H]1F","train"
"CHEMBL5959785","C[C@H](NC(=O)[C@@H](CCc1ccccc1)NCc1ccccc1N1CCN(C)CC1)C(=O)NCc1ccc(C(=N)N)cc1","C[C@H](NC(=O)[C@@H](CCc1ccccc1)NCc1ccccc1N1CCN(C)CC1)C(=O)NCc1ccc(C(=N)N)cc1","train"
"CHEMBL5959787","N#Cc1cc(F)cc(Oc2ccc3c(c2C#N)C(O)(C(F)(F)F)CS3(=O)=O)c1","N#Cc1cc(F)cc(Oc2ccc3c(c2C#N)C(O)(C(F)(F)F)CS3(=O)=O)c1","train"
"CHEMBL5959788","COCCC(C(=O)Nc1ccc(C(N)=O)nc1)n1cc(OC)c(-c2cc(Cl)c(F)cc2C#N)cc1=O","COCCC(C(=O)Nc1ccc(C(N)=O)nc1)n1cc(OC)c(-c2cc(Cl)c(F)cc2C#N)cc1=O","train"
"CHEMBL5959790","CC[C@H]1CCc2nnc(-c3cccc(N4Cc5c(cc(N6CCC[C@H]6C)nc5[C@@H](C)N)C4=O)n3)n21","CC[C@H]1CCc2nnc(-c3cccc(N4Cc5c(cc(N6CCC[C@H]6C)nc5[C@@H](C)N)C4=O)n3)n21","train"
"CHEMBL5959791","CC[C@@]1(Nc2cc(-c3cnc(N)nc3)nc(N3CCOCC3)n2)CCN(C(=O)OC(C)(C)C)C1","CC[C@@]1(Nc2cc(-c3cnc(N)nc3)nc(N3CCOCC3)n2)CCN(C(=O)OC(C)(C)C)C1","train"
"CHEMBL5959793","COc1nc2ccc([C@@](O)(c3ccccc3)C3CCN(C(C)=O)CC3)cc2c(Cl)c1C1CCOCC1","COc1nc2ccc([C@@](O)(c3ccccc3)C3CCN(C(C)=O)CC3)cc2c(Cl)c1C1CCOCC1","train"
"CHEMBL5959794","COc1cnc(N2C[C@]3(CC[C@](c4ccccc4)(N(C)C)CC3)N(CC3CCC3)C2=O)cn1","COc1cnc(N2C[C@]3(CC[C@](c4ccccc4)(N(C)C)CC3)N(CC3CCC3)C2=O)cn1","train"
"CHEMBL5959795","Cc1nccc(Nc2cc(-c3cnc(Cl)c(N)c3C)ccn2)n1","Cc1nccc(Nc2cc(-c3cnc(Cl)c(N)c3C)ccn2)n1","train"
"CHEMBL5959796","Cc1cnc(N(C)S(C)(=O)=O)c(CNc2nc(-c3cc(F)c(O)cc3CC(F)(F)F)cc3[nH]nc(C(N)=O)c23)c1","Cc1cnc(N(C)S(C)(=O)=O)c(CNc2nc(-c3cc(F)c(O)cc3CC(F)(F)F)cc3[nH]nc(C(N)=O)c23)c1","train"
"CHEMBL5959797","CC(C)[C@@H]1CN1S(=O)(=O)N(CC(=O)N(c1cccc(F)c1)C(C(=O)NC1CCCCC1)c1ccccc1Cl)C(=O)OC(C)(C)C","CC(C)[C@@H]1CN1S(=O)(=O)N(CC(=O)N(c1cccc(F)c1)C(C(=O)NC1CCCCC1)c1ccccc1Cl)C(=O)OC(C)(C)C","train"
"CHEMBL5959798","CC[C@H]1[C@@H](O)[C@@H]2[C@H](CC[C@]3(C)[C@@H]([C@H](C)CCOC(=O)NCCO)CC[C@@H]23)[C@@]2(C)CC[C@@H](O)C[C@@H]12","CC[C@H]1[C@@H](O)[C@@H]2[C@H](CC[C@]3(C)[C@@H]([C@H](C)CCOC(=O)NCCO)CC[C@@H]23)[C@@]2(C)CC[C@@H](O)C[C@@H]12","train"
"CHEMBL5959800","NC(=O)c1c[nH]c2ccc(-c3cccc(C(=O)Nc4ccc(C(F)(F)F)cc4)n3)cc12","NC(=O)c1c[nH]c2ccc(-c3cccc(C(=O)Nc4ccc(C(F)(F)F)cc4)n3)cc12","train"
"CHEMBL5959802","CN(C)C(=O)c1cc(Br)cnc1N1CC[C@@H](NC2CCCCC2)[C@H](O)C1","CN(C)C(=O)c1cc(Br)cnc1N1CC[C@@H](NC2CCCCC2)[C@H](O)C1","train"
"CHEMBL5959803","CC(C)(O)[C@H](F)CNC(=O)c1cnc(Nc2ccc3ncoc3c2)cc1N[C@@H]1CCC[C@H]1O","CC(C)(O)[C@H](F)CNC(=O)c1cnc(Nc2ccc3ncoc3c2)cc1N[C@@H]1CCC[C@H]1O","train"
"CHEMBL5959804","CC1N=C(Nc2cc(F)c(Oc3ccnc4[nH]cc(-c5ccc(C#N)cc5F)c34)c(F)c2)OCC1CO","CC1N=C(Nc2cc(F)c(Oc3ccnc4[nH]cc(-c5ccc(C#N)cc5F)c34)c(F)c2)OCC1CO","train"
"CHEMBL5959806","Cc1cc(C2CCCN(Cc3c[nH]c4ccc(F)cc34)C2)n2ncnc2n1","Cc1cc(C2CCCN(Cc3c[nH]c4ccc(F)cc34)C2)n2ncnc2n1","train"
"CHEMBL5959807","CCc1nnc(SCC(=O)Nc2nnc(-c3ccc(S(C)(=O)=O)cc3)s2)n1C","CCc1nnc(SCC(=O)Nc2nnc(-c3ccc(S(C)(=O)=O)cc3)s2)n1C","train"
"CHEMBL5959808","Cc1ccc(-c2nc(CN3CCC(n4c(=O)[nH]c5cc(Cl)ccc54)CC3)c(C)[nH]2)cc1Cl","Cc1ccc(-c2nc(CN3CCC(n4c(=O)[nH]c5cc(Cl)ccc54)CC3)c(C)[nH]2)cc1Cl","train"
"CHEMBL5959810","COc1ccc(F)cc1-c1ccnc2[nH]c(C3=CCN(S(=O)(=O)CCNS(C)(=O)=O)CC3)cc12","COc1ccc(F)cc1-c1ccnc2[nH]c(C3=CCN(S(=O)(=O)CCNS(C)(=O)=O)CC3)cc12","train"
"CHEMBL5959811","COc1cc(-n2c(=O)nc(O)c3ccc(Cl)cc32)ccc1F","COc1cc(-n2c(=O)nc(O)c3ccc(Cl)cc32)ccc1F","train"
"CHEMBL5959812","Cc1cccc(-c2ccsc2-c2ccc3ncc(C(N)=O)n3c2)n1","Cc1cccc(-c2ccsc2-c2ccc3ncc(C(N)=O)n3c2)n1","train"
"CHEMBL5959813","Cc1cccc(N2CCN(c3nccc(COC(=O)NC(=N)N)c3F)CC2)c1","Cc1cccc(N2CCN(c3nccc(COC(=O)NC(=N)N)c3F)CC2)c1","train"
"CHEMBL5959815","C[C@@H]1[C@@H](C(=O)NCc2cc(-c3ccc(C(F)(F)F)nc3)ncn2)N(S(=O)(=O)c2ccc(F)cc2)C[C@@H]1F","C[C@@H]1[C@@H](C(=O)NCc2cc(-c3ccc(C(F)(F)F)nc3)ncn2)N(S(=O)(=O)c2ccc(F)cc2)C[C@@H]1F","train"
"CHEMBL5959816","O=C(O)c1ccc(CN2CCC(c3n[nH]c4ccc(C(c5ccc(Cl)cc5)c5ccc(Cl)cc5)cc34)CC2)cc1","O=C(O)c1ccc(CN2CCC(c3n[nH]c4ccc(C(c5ccc(Cl)cc5)c5ccc(Cl)cc5)cc34)CC2)cc1","train"
"CHEMBL5959817","Cc1[nH]c(=O)c(CN2CCc3c(Cl)cc(N4CC5(CCOCC5)C4)c(Cl)c3C2=O)c2c1NCC2","Cc1[nH]c(=O)c(CN2CCc3c(Cl)cc(N4CC5(CCOCC5)C4)c(Cl)c3C2=O)c2c1NCC2","train"
"CHEMBL5959818","Nc1nc(Nc2ccc(C(=O)O)cc2)nn1-c1ccnc(N2CCC[C@H]2CN2CCCC2)c1","Nc1nc(Nc2ccc(C(=O)O)cc2)nn1-c1ccnc(N2CCC[C@H]2CN2CCCC2)c1","train"
"CHEMBL5959820","CCc1nn2ccc(N3CCN(CC(=O)N4CC(O)C4)CC3)cc2c1N(C)c1nc(-c2ccc(F)cc2)c(C#N)s1","CCc1nn2ccc(N3CCN(CC(=O)N4CC(O)C4)CC3)cc2c1N(C)c1nc(-c2ccc(F)cc2)c(C#N)s1","train"
"CHEMBL5959822","COc1ccc2c(c1)C(C(=O)n1nc(N)c3c1CN(S(C)(=O)=O)CC3)CCN2","COc1ccc2c(c1)C(C(=O)n1nc(N)c3c1CN(S(C)(=O)=O)CC3)CCN2","train"
"CHEMBL5959823","CNCC(O)COc1cccc(-c2nc(NC[C@H]3COCCN3C(=O)N(C)C)c(C)c(-c3c(C)noc3C)n2)c1","CNCC(O)COc1cccc(-c2nc(NC[C@H]3COCCN3C(=O)N(C)C)c(C)c(-c3c(C)noc3C)n2)c1","train"
"CHEMBL5959824","CS(=O)(=O)c1cc(Cl)cc(COC(=O)N2CCC3(CC2)CN(C(=O)c2ccc4[nH]nnc4c2)C3)c1","CS(=O)(=O)c1cc(Cl)cc(COC(=O)N2CCC3(CC2)CN(C(=O)c2ccc4[nH]nnc4c2)C3)c1","train"
"CHEMBL5959825","O=C(O)[C@H]1[C@@H](c2ccccc2)[C@H](C(=O)OCc2ccccc2)[C@@H]1c1ccccc1","O=C(O)[C@H]1[C@@H](c2ccccc2)[C@H](C(=O)OCc2ccccc2)[C@@H]1c1ccccc1","train"
"CHEMBL5959826","COCCN1C[C@@H](NC(=O)Nc2c(Br)c(COC3CCN(C(=O)OC(C)(C)C)CC3)nn2-c2ccccc2)[C@H](c2ccc(F)c(F)c2)C1","COCCN1C[C@@H](NC(=O)Nc2c(Br)c(COC3CCN(C(=O)OC(C)(C)C)CC3)nn2-c2ccccc2)[C@H](c2ccc(F)c(F)c2)C1","train"
"CHEMBL6199441","Cc1cc(C(=O)N2Cc3cnn(C)c3Nc3ccccc32)ccc1CNC(=O)N1C[C@@H](n2cc(CO)nn2)C[C@H]1C(=S)N(C)C","Cc1cc(C(=O)N2Cc3cnn(C)c3Nc3ccccc32)ccc1CNC(=O)N1C[C@@H](n2cc(CO)nn2)C[C@H]1C(=S)N(C)C","train"
"CHEMBL6199442","C=C(C)[C@@H]1CC[C@]2(C)CC[C@]3(C)[C@H](CC[C@@H]4[C@@]5(C)CC[C@H](OC(=O)CCC[P+](C6CCCCC6)(C6CCCCC6)C6CCCCC6)C(C)(C)[C@@H]5CC[C@]43C)[C@@H]12","C=C(C)[C@@H]1CC[C@]2(C)CC[C@]3(C)[C@H](CC[C@@H]4[C@@]5(C)CC[C@H](OC(=O)CCC[P+](C6CCCCC6)(C6CCCCC6)C6CCCCC6)C(C)(C)[C@@H]5CC[C@]43C)[C@@H]12","train"
"CHEMBL6199444","CC(C)C(=O)n1ncc2cc(-n3cc(CN[C@@H]4C[C@H]4c4ccc(F)c(F)c4)nn3)ccc21","CC(C)C(=O)n1ncc2cc(-n3cc(CN[C@@H]4C[C@H]4c4ccc(F)c(F)c4)nn3)ccc21","train"
"CHEMBL6199445","C=C[C@]1(C)CC[C@@H](C(=C)C[n+]2cccc(F)c2)C[C@H]1C(=C)C","C=C[C@]1(C)CC[C@@H](C(=C)C[n+]2cccc(F)c2)C[C@H]1C(=C)C","train"
"CHEMBL6199448","CC[n+]1c(/C=C/c2ccc(-c3cnn4ccc(N5CCOCC5)nc34)o2)sc2ccccc21","CC[n+]1c(/C=C/c2ccc(-c3cnn4ccc(N5CCOCC5)nc34)o2)sc2ccccc21","train"
"CHEMBL6199449","C=CCc1cc(NC(=O)c2ccc(-n3cnc(F)c3)nn2)c(C(=O)O)cc1F","C=CCc1cc(NC(=O)c2ccc(-n3cnc(F)c3)nn2)c(C(=O)O)cc1F","train"
"CHEMBL6199450","COc1cc(C(=O)O)c(NC(=O)c2ccc(-n3cnc(F)c3)nn2)cc1Br","COc1cc(C(=O)O)c(NC(=O)c2ccc(-n3cnc(F)c3)nn2)cc1Br","train"
"CHEMBL6199451","CCCCCCCCCC[N+](C)(C)CCCOc1ccc(/C=C/c2ccccc2)cc1","CCCCCCCCCC[N+](C)(C)CCCOc1ccc(/C=C/c2ccccc2)cc1","train"
"CHEMBL6199452","CCc1c(N2CC[C@H](O)C2=O)cccc1S(=O)(=O)N[C@@H](CNC(=O)c1ccc(Cl)s1)C(=O)OCCc1cncn1C","CCc1c(N2CC[C@H](O)C2=O)cccc1S(=O)(=O)N[C@@H](CNC(=O)c1ccc(Cl)s1)C(=O)OCCc1cncn1C","train"
"CHEMBL6199453","O=C(Nc1ccc([N+](=O)[O-])cc1)[C@H]1O[C@H](O[C@@H]2[C@@H](O)[C@H](O[C@H]3O[C@H](CNS(=O)(=O)O)[C@@H](O)C[C@H]3NS(=O)(=O)O)[C@@H](NS(=O)(=O)O)C[C@H]2NS(=O)(=O)O)[C@H](O)[C@@H](NS(=O)(=O)O)[C@@H]1O","O=C(Nc1ccc([N+](=O)[O-])cc1)[C@H]1O[C@H](O[C@@H]2[C@@H](O)[C@H](O[C@H]3O[C@H](CNS(=O)(=O)O)[C@@H](O)C[C@H]3NS(=O)(=O)O)[C@@H](NS(=O)(=O)O)C[C@H]2NS(=O)(=O)O)[C@H](O)[C@@H](NS(=O)(=O)O)[C@@H]1O","train"
"CHEMBL6199456","NCCCCn1c(SCc2ccc(Cl)c(Cl)c2)nnc1-c1ccc2ccccc2n1","NCCCCn1c(SCc2ccc(Cl)c(Cl)c2)nnc1-c1ccc2ccccc2n1","train"
"CHEMBL6199457","O=C(Nc1cnn(-c2cccc(C(=O)NC3CCNCC3)c2)c1)Nc1cccc2ccccc12","O=C(Nc1cnn(-c2cccc(C(=O)NC3CCNCC3)c2)c1)Nc1cccc2ccccc12","train"
"CHEMBL6199459","CS(=O)(=O)n1ncc2cc(-n3cc(CN[C@@H]4C[C@H]4c4ccc(F)c(F)c4)nn3)ccc21","CS(=O)(=O)n1ncc2cc(-n3cc(CN[C@@H]4C[C@H]4c4ccc(F)c(F)c4)nn3)ccc21","train"
"CHEMBL6199460","CCC(=O)n1ncc2cc(-n3cc(CN[C@@H]4C[C@H]4c4ccc(F)c(F)c4)nn3)ccc21","CCC(=O)n1ncc2cc(-n3cc(CN[C@@H]4C[C@H]4c4ccc(F)c(F)c4)nn3)ccc21","train"
"CHEMBL6199461","CC(C)CN1[C@@H]2CC[C@H]1C[C@@H](N1CCCCCN3/C(=N/S(=O)(=O)c4ccc(O)c(c4)C1=O)Sc1c(Cl)ccc(O)c13)C2","CC(C)CN1[C@@H]2CC[C@H]1C[C@@H](N1CCCCCN3/C(=N/S(=O)(=O)c4ccc(O)c(c4)C1=O)Sc1c(Cl)ccc(O)c13)C2","train"
"CHEMBL6199462","CC[C@@H](C(=O)[C@@H](C)[C@@H](O)[C@H](C)[C@@H]1O[C@@H]([C@@H](CC)C(=O)O)CC[C@@H]1C)[C@H]1O[C@]2(C=C[C@@H](NS(=O)(=O)CC)[C@]3(CC[C@@](C)([C@H]4CC[C@](O)(CC)[C@H](C)O4)O3)O2)[C@H](C)C[C@@H]1C","CC[C@@H](C(=O)[C@@H](C)[C@@H](O)[C@H](C)[C@@H]1O[C@@H]([C@@H](CC)C(=O)O)CC[C@@H]1C)[C@H]1O[C@]2(C=C[C@@H](NS(=O)(=O)CC)[C@]3(CC[C@@](C)([C@H]4CC[C@](O)(CC)[C@H](C)O4)O3)O2)[C@H](C)C[C@@H]1C","train"
"CHEMBL6199463","CCc1cc(C(=O)O)c(NC(=O)c2ccc(-n3cnc(F)c3)nn2)cc1F","CCc1cc(C(=O)O)c(NC(=O)c2ccc(-n3cnc(F)c3)nn2)cc1F","train"
"CHEMBL6199465","C[C@@H](N(C)Cc1ccc(-c2ccc(C(F)(F)F)cc2)cc1F)[C@](O)(Cn1cncn1)c1ccc(F)cc1F","C[C@@H](N(C)Cc1ccc(-c2ccc(C(F)(F)F)cc2)cc1F)[C@](O)(Cn1cncn1)c1ccc(F)cc1F","train"
"CHEMBL6199467","CC[N+](C)(CC)CCn1c2ccccc2c2cc[n+](C)cc21","CC[N+](C)(CC)CCn1c2ccccc2c2cc[n+](C)cc21","train"
"CHEMBL6199468","CCCCCCCCCC[N+](C)(C)CCCOc1ccc(/C=C/c2ccc(N(c3ccccc3)c3ccccc3)cc2)cc1","CCCCCCCCCC[N+](C)(C)CCCOc1ccc(/C=C/c2ccc(N(c3ccccc3)c3ccccc3)cc2)cc1","train"
"CHEMBL6199469","CN(C)CCCCNCc1ccc(-c2nc(-c3ccc(CNCCCCN(C)C)cc3)c3ccn(-c4ccccc4)c3n2)cc1","CN(C)CCCCNCc1ccc(-c2nc(-c3ccc(CNCCCCN(C)C)cc3)c3ccn(-c4ccccc4)c3n2)cc1","train"
"CHEMBL6199471","CCCCCCCCCCCCCCNC(=O)c1ccc[n+](CC2=C(C(=O)O)N3C(=O)[C@@H](NC(=O)Cc4ccccc4)[C@H]3SC2)c1","CCCCCCCCCCCCCCNC(=O)c1ccc[n+](CC2=C(C(=O)O)N3C(=O)[C@@H](NC(=O)Cc4ccccc4)[C@H]3SC2)c1","train"
"CHEMBL6199473","Cc1ccc2c(c1)C(C)(C)C(/C=C/C1=C(Cl)/C(=C/C=C3/N(Cc4ccc(C(=O)O)cc4)c4ccc(C)cc4C3(C)C)CCC1)=[N+]2Cc1ccc(C(=O)O)cc1","Cc1ccc2c(c1)C(C)(C)C(/C=C/C1=C(Cl)C(=C/C=C3/N(Cc4ccc(C(=O)O)cc4)c4ccc(C)cc4C3(C)C)/CCC1)=[N+]2Cc1ccc(C(=O)O)cc1","train"
"CHEMBL6199474","O=C([C@@H]1CCCCN1)N1Cc2ccc(-c3cccc(-c4ccc5c(c4)OCCO5)c3Cl)cc2C1","O=C([C@@H]1CCCCN1)N1Cc2ccc(-c3cccc(-c4ccc5c(c4)OCCO5)c3Cl)cc2C1","train"
"CHEMBL6199475","C=CCc1cc(-c2ccc(OCCC[N+](C)(C)CC(=O)NCCCC)c(CC=C)c2)c2oc(=S)n(Cc3cc(Cl)cc(Cl)c3)c2c1","C=CCc1cc(-c2ccc(OCCC[N+](C)(C)CC(=O)NCCCC)c(CC=C)c2)c2oc(=S)n(Cc3cc(Cl)cc(Cl)c3)c2c1","train"
"CHEMBL6199476","CC[C@@H](C(=O)[C@@H](C)[C@@H](O)[C@H](C)[C@@H]1O[C@@H]([C@@H](CC)C(=O)O)CC[C@@H]1C)[C@H]1O[C@]2(C=C[C@@H](NC(=O)OC(C)C)[C@]3(CC[C@@](C)([C@H]4CC[C@](O)(CC)[C@H](C)O4)O3)O2)[C@H](C)C[C@@H]1C","CC[C@@H](C(=O)[C@@H](C)[C@@H](O)[C@H](C)[C@@H]1O[C@@H]([C@@H](CC)C(=O)O)CC[C@@H]1C)[C@H]1O[C@]2(C=C[C@@H](NC(=O)OC(C)C)[C@]3(CC[C@@](C)([C@H]4CC[C@](O)(CC)[C@H](C)O4)O3)O2)[C@H](C)C[C@@H]1C","train"
"CHEMBL6199477","CC1(C)C(/C=C/c2ccc(O)c(C(=O)O)c2)=[N+](CCC(=O)O)c2ccc3ccccc3c21","CC1(C)C(/C=C/c2ccc(O)c(C(=O)O)c2)=[N+](CCC(=O)O)c2ccc3ccccc3c21","train"
"CHEMBL6199479","C[C@@H](N(C)Cc1ccc(-c2ccc(Cl)cc2)nc1)[C@](O)(Cn1cncn1)c1ccc(F)cc1F","C[C@@H](N(C)Cc1ccc(-c2ccc(Cl)cc2)nc1)[C@](O)(Cn1cncn1)c1ccc(F)cc1F","train"
"CHEMBL6199480","CC[C@@H](C(=O)[C@@H](C)[C@@H](O)[C@H](C)[C@@H]1O[C@@H]([C@@H](CC)C(=O)O)CC[C@@H]1C)[C@H]1O[C@]2(C=C[C@@H](NC(=S)NC)[C@]3(CC[C@@](C)([C@H]4CC[C@](O)(CC)[C@H](C)O4)O3)O2)[C@H](C)C[C@@H]1C","CC[C@@H](C(=O)[C@@H](C)[C@@H](O)[C@H](C)[C@@H]1O[C@@H]([C@@H](CC)C(=O)O)CC[C@@H]1C)[C@H]1O[C@]2(C=C[C@@H](NC(=S)NC)[C@]3(CC[C@@](C)([C@H]4CC[C@](O)(CC)[C@H](C)O4)O3)O2)[C@H](C)C[C@@H]1C","train"
"CHEMBL6199481","CN1CCN(CCCCNCc2ccc(-c3cc(-c4ccc(CNCCCCN5CCN(C)CC5)cc4)c4ccn(-c5ccccc5)c4c3)cc2)CC1","CN1CCN(CCCCNCc2ccc(-c3cc(-c4ccc(CNCCCCN5CCN(C)CC5)cc4)c4ccn(-c5ccccc5)c4c3)cc2)CC1","train"
"CHEMBL6199482","CCCCC[n+]1ccc2c3ccccc3n(CCN(CC)CC)c2c1","CCCCC[n+]1ccc2c3ccccc3n(CCN(CC)CC)c2c1","train"
"CHEMBL6199483","CN1CCN(CCCCNCc2ccc(-c3ccc4ccc5ccc(-c6ccc(CNCCCCN7CCN(C)CC7)cc6)nc5c4n3)cc2)CC1","CN1CCN(CCCCNCc2ccc(-c3ccc4ccc5ccc(-c6ccc(CNCCCCN7CCN(C)CC7)cc6)nc5c4n3)cc2)CC1","train"
"CHEMBL6199484","CCCCCCCC[N+](C)(C)CCCOc1ccc(/C=C/c2ccccc2)cc1","CCCCCCCC[N+](C)(C)CCCOc1ccc(/C=C/c2ccccc2)cc1","train"
"CHEMBL6199485","N#CC(C#N)=C1C=C(/C=C/c2ccc(OC(=O)OCCCCCCCCCC[P+](c3ccc(C(F)(F)F)cc3)(c3ccc(C(F)(F)F)cc3)c3ccc(C(F)(F)F)cc3)cc2)Oc2ccccc21","N#CC(C#N)=C1C=C(/C=C/c2ccc(OC(=O)OCCCCCCCCCC[P+](c3ccc(C(F)(F)F)cc3)(c3ccc(C(F)(F)F)cc3)c3ccc(C(F)(F)F)cc3)cc2)Oc2ccccc21","train"
"CHEMBL6199487","COC(=O)[C@H](CCC(=O)N[C@@H]1CCc2ccccc21)NC(=O)[C@@H]1[C@H]2CC[C@](C)(C2)N1C(=O)CN","COC(=O)[C@H](CCC(=O)N[C@@H]1CCc2ccccc21)NC(=O)[C@@H]1[C@H]2CC[C@](C)(C2)N1C(=O)CN","train"
"CHEMBL6199488","CCn1c(CNC(=O)c2nc3cc[nH]c3nc2N)[n+](CC)c2ccc(C(=O)N3CCC(N(C[C@H](O)[C@@H](O)[C@H](O)[C@H](O)CO)C[C@H](O)[C@@H](O)[C@H](O)[C@H](O)CO)CC3)cc21","CCn1c(CNC(=O)c2nc3cc[nH]c3nc2N)[n+](CC)c2ccc(C(=O)N3CCC(N(C[C@H](O)[C@@H](O)[C@H](O)[C@H](O)CO)C[C@H](O)[C@@H](O)[C@H](O)[C@H](O)CO)CC3)cc21","train"
"CHEMBL6199489","NCc1ccc(-c2nc(-c3ccc(OC(F)(F)F)cc3)no2)cc1","NCc1ccc(-c2nc(-c3ccc(OC(F)(F)F)cc3)no2)cc1","train"
"CHEMBL6199491","CCN(CC)CCCCNCc1ccc(-c2cc(-c3ccc(CNCCCCN(CC)CC)cc3)c3ccn(-c4ccccc4)c3c2)cc1","CCN(CC)CCCCNCc1ccc(-c2cc(-c3ccc(CNCCCCN(CC)CC)cc3)c3ccn(-c4ccccc4)c3c2)cc1","train"
"CHEMBL6199493","CN(C)CCCCNCc1ccc(-c2nc(-c3ccc(CNCCCCN(C)C)cc3)c3ccn(-c4ccc(CNCCCCN(C)C)cc4)c3n2)cc1","CN(C)CCCCNCc1ccc(-c2nc(-c3ccc(CNCCCCN(C)C)cc3)c3ccn(-c4ccc(CNCCCCN(C)C)cc4)c3n2)cc1","train"
"CHEMBL6199495","CCOC(=O)NC(=O)N[C@@H]1C=C[C@]2(O[C@H]([C@@H](CC)C(=O)[C@@H](C)[C@@H](O)[C@H](C)[C@@H]3O[C@@H]([C@@H](CC)C(=O)O)CC[C@@H]3C)[C@@H](C)C[C@H]2C)O[C@@]12CC[C@@](C)([C@H]1CC[C@](O)(CC)[C@H](C)O1)O2","CCOC(=O)NC(=O)N[C@@H]1C=C[C@]2(O[C@H]([C@@H](CC)C(=O)[C@@H](C)[C@@H](O)[C@H](C)[C@@H]3O[C@@H]([C@@H](CC)C(=O)O)CC[C@@H]3C)[C@@H](C)C[C@H]2C)O[C@@]12CC[C@@](C)([C@H]1CC[C@](O)(CC)[C@H](C)O1)O2","train"
"CHEMBL6199496","CC[C@@H](C(=O)[C@@H](C)[C@@H](O)[C@H](C)[C@@H]1O[C@@H]([C@@H](CC)C(=O)O)CC[C@@H]1C)[C@H]1O[C@]2(C=C[C@@H](NC(=O)N3CCC(C(F)(F)F)CC3)[C@]3(CC[C@@](C)([C@H]4CC[C@](O)(CC)[C@H](C)O4)O3)O2)[C@H](C)C[C@@H]1C","CC[C@@H](C(=O)[C@@H](C)[C@@H](O)[C@H](C)[C@@H]1O[C@@H]([C@@H](CC)C(=O)O)CC[C@@H]1C)[C@H]1O[C@]2(C=C[C@@H](NC(=O)N3CCC(C(F)(F)F)CC3)[C@]3(CC[C@@](C)([C@H]4CC[C@](O)(CC)[C@H](C)O4)O3)O2)[C@H](C)C[C@@H]1C","train"
"CHEMBL6199498","CC[C@@H](C(=O)[C@@H](C)[C@@H](O)[C@H](C)[C@@H]1O[C@@H]([C@@H](CC)C(=O)O)CC[C@@H]1C)[C@H]1O[C@]2(C=C[C@@H](NC(=O)CCC(F)(F)F)[C@]3(CC[C@@](C)([C@H]4CC[C@](O)(CC)[C@H](C)O4)O3)O2)[C@H](C)C[C@@H]1C","CC[C@@H](C(=O)[C@@H](C)[C@@H](O)[C@H](C)[C@@H]1O[C@@H]([C@@H](CC)C(=O)O)CC[C@@H]1C)[C@H]1O[C@]2(C=C[C@@H](NC(=O)CCC(F)(F)F)[C@]3(CC[C@@](C)([C@H]4CC[C@](O)(CC)[C@H](C)O4)O3)O2)[C@H](C)C[C@@H]1C","train"
"CHEMBL6199500","CC[n+]1c(/C=C/c2ccc(-c3ccc(N(c4ccc(OCCC[N+](C)(C)C)cc4)c4ccc(OCCC[N+](C)(C)C)cc4)cc3)s2)sc2ccccc21","CC[n+]1c(/C=C/c2ccc(-c3ccc(N(c4ccc(OCCC[N+](C)(C)C)cc4)c4ccc(OCCC[N+](C)(C)C)cc4)cc3)s2)sc2ccccc21","train"
"CHEMBL6199502","C=CCc1cc(-c2ccc(OCCC[N+](C)(C)CC(=O)NCCCC)c(CC=C)c2)c2oc(=S)n(Cc3ccc(Cl)cc3)c2c1","C=CCc1cc(-c2ccc(OCCC[N+](C)(C)CC(=O)NCCCC)c(CC=C)c2)c2oc(=S)n(Cc3ccc(Cl)cc3)c2c1","train"
"CHEMBL6199503","COc1cc(-c2nc3c(c(Nc4ccc5nc(C)cc(N)c5c4)n2)CNCC3)cc(OC)c1OC","COc1cc(-c2nc3c(c(Nc4ccc5nc(C)cc(N)c5c4)n2)CNCC3)cc(OC)c1OC","train"
"CHEMBL6199505","COCCOCCOCCN1/C(=C/C=C/C(C#N)=C/C=C/C2=[N+](CCOCCOCCOC)c3ccccc3C2(C)C)C(C)(C)c2ccccc21","COCCOCCOCCN1/C(=C/C=C/C(C#N)=C/C=C/C2=[N+](CCOCCOCCOC)c3ccccc3C2(C)C)C(C)(C)c2ccccc21","train"
"CHEMBL6199509","CC[C@@H](C(=O)[C@@H](C)[C@@H](O)[C@H](C)[C@@H]1O[C@@H]([C@@H](CC)C(=O)O)CC[C@@H]1C)[C@H]1O[C@]2(C=C[C@@H](NC(=S)SC)[C@]3(CC[C@@](C)([C@H]4CC[C@](O)(CC)[C@H](C)O4)O3)O2)[C@H](C)C[C@@H]1C","CC[C@@H](C(=O)[C@@H](C)[C@@H](O)[C@H](C)[C@@H]1O[C@@H]([C@@H](CC)C(=O)O)CC[C@@H]1C)[C@H]1O[C@]2(C=C[C@@H](NC(=S)SC)[C@]3(CC[C@@](C)([C@H]4CC[C@](O)(CC)[C@H](C)O4)O3)O2)[C@H](C)C[C@@H]1C","train"
"CHEMBL6199510","CCCN(CCC)C(=O)N[C@@H]1C=C[C@]2(O[C@H]([C@@H](CC)C(=O)[C@@H](C)[C@@H](O)[C@H](C)[C@@H]3O[C@@H]([C@@H](CC)C(=O)O)CC[C@@H]3C)[C@@H](C)C[C@H]2C)O[C@@]12CC[C@@](C)([C@H]1CC[C@](O)(CC)[C@H](C)O1)O2","CCCN(CCC)C(=O)N[C@@H]1C=C[C@]2(O[C@H]([C@@H](CC)C(=O)[C@@H](C)[C@@H](O)[C@H](C)[C@@H]3O[C@@H]([C@@H](CC)C(=O)O)CC[C@@H]3C)[C@@H](C)C[C@H]2C)O[C@@]12CC[C@@](C)([C@H]1CC[C@](O)(CC)[C@H](C)O1)O2","train"
"CHEMBL6199511","CCCCCC[n+]1ccc(/C(C#N)=C2/C=C(C(C)OC(=O)CCCc3ccc(N(CCCl)CCCl)cc3)c3ccc(N(CC)CC)cc3O2)cc1","CCCCCC[n+]1ccc(/C(C#N)=C2/C=C(C(C)OC(=O)CCCc3ccc(N(CCCl)CCCl)cc3)c3ccc(N(CC)CC)cc3O2)cc1","train"
"CHEMBL6199513","CCCCCCCCCCCCCCCC[Si](C)(C)OCC[N+]1(C)CCc2ccccc2C1","CCCCCCCCCCCCCCCC[Si](C)(C)OCC[N+]1(C)CCc2ccccc2C1","train"
"CHEMBL6199516","CC(C(=O)S)c1ccc(-c2ccccc2)c(F)c1","CC(C(=O)S)c1ccc(-c2ccccc2)c(F)c1","train"
"CHEMBL6199517","CCCN(CCC)C(=O)C[n+]1ccc(SCCCCCOc2ccc3ccc(=O)oc3c2CC=C(C)C)cc1","CCCN(CCC)C(=O)C[n+]1ccc(SCCCCCOc2ccc3ccc(=O)oc3c2CC=C(C)C)cc1","train"
"CHEMBL6199518","O=C(c1ccco1)N1CC[S+]2CCC1CC2","O=C(c1ccco1)N1CC[S+]2CCC1CC2","train"
"CHEMBL6199524","CCCCCCNC(=O)c1ccc[n+](CC2=C(C(=O)OCc3ccc(OC)cc3)N3C(=O)[C@@H](NC(=O)Cc4ccccc4)[C@H]3SC2)c1","CCCCCCNC(=O)c1ccc[n+](CC2=C(C(=O)OCc3ccc(OC)cc3)N3C(=O)[C@@H](NC(=O)Cc4ccccc4)[C@H]3SC2)c1","train"
"CHEMBL6199525","CC[N+](CC)=c1sc2c(s1)C(c1ccc(Cl)cc1)Oc1ccc(C)cc1-2","CC[N+](CC)=c1sc2c(s1)C(c1ccc(Cl)cc1)Oc1ccc(C)cc1-2","train"
"CHEMBL6199526","C[C@@H]1CC[C@@]2(OC1)O[C@H]1C[C@H]3[C@@H]4CC=C5C[C@@H]([N+](C)(C/C=C/c6ccccc6)C/C=C/c6ccccc6)CC[C@]5(C)[C@H]4CC[C@]3(C)[C@H]1[C@@H]2C","C[C@@H]1CC[C@@]2(OC1)O[C@H]1C[C@H]3[C@@H]4CC=C5C[C@@H]([N+](C)(C/C=C/c6ccccc6)C/C=C/c6ccccc6)CC[C@]5(C)[C@H]4CC[C@]3(C)[C@H]1[C@@H]2C","train"
"CHEMBL6199527","O=C(Nc1cnn(-c2cccc(C(=O)Nc3cnn(C4CCNCC4)c3)c2)c1)Nc1ccccc1C(F)(F)F","O=C(Nc1cnn(-c2cccc(C(=O)Nc3cnn(C4CCNCC4)c3)c2)c1)Nc1ccccc1C(F)(F)F","train"
"CHEMBL6199528","C=Cc1cc(NC(=O)c2ccc(-n3cnc(F)c3)nn2)c(C(=O)O)cc1F","C=Cc1cc(NC(=O)c2ccc(-n3cnc(F)c3)nn2)c(C(=O)O)cc1F","train"
"CHEMBL6199529","CN(C)CCCCNCc1ccc(-c2cc3c(ccn3-c3ccccc3)c(-c3ccc(CNCCCCN(C)C)cc3)n2)cc1","CN(C)CCCCNCc1ccc(-c2cc3c(ccn3-c3ccccc3)c(-c3ccc(CNCCCCN(C)C)cc3)n2)cc1","train"
"CHEMBL6199531","CCCC[N+](C)(C)CCCOc1ccc(/C=C/c2ccc(N(c3ccccc3)c3ccccc3)cc2)cc1","CCCC[N+](C)(C)CCCOc1ccc(/C=C/c2ccc(N(c3ccccc3)c3ccccc3)cc2)cc1","train"
"CHEMBL6199532","CN(C)CCCCNCc1ccc(-c2nc(-c3ccccc3)c3ccn(-c4ccc(CNCCCCN(C)C)cc4)c3n2)cc1","CN(C)CCCCNCc1ccc(-c2nc(-c3ccccc3)c3ccn(-c4ccc(CNCCCCN(C)C)cc4)c3n2)cc1","train"
"CHEMBL6199534","CC[n+]1c(/C=C/c2ccc(-c3ccc(N(c4ccc(OC)cc4)c4ccc(OC)cc4)cc3)s2)sc2ccccc21","CC[n+]1c(/C=C/c2ccc(-c3ccc(N(c4ccc(OC)cc4)c4ccc(OC)cc4)cc3)s2)sc2ccccc21","train"
"CHEMBL6199535","Cc1ccc2c(c1)C(C)(C)C(/C=C/C1=C(Cl)/C(=C/C=C3/N(CCCOc4ccc(C(=O)O)cc4)c4ccc(C)cc4C3(C)C)CCC1)=[N+]2CCCOc1ccc(C(=O)O)cc1","Cc1ccc2c(c1)C(C)(C)C(/C=C/C1=C(Cl)C(=C/C=C3/N(CCCOc4ccc(C(=O)O)cc4)c4ccc(C)cc4C3(C)C)/CCC1)=[N+]2CCCOc1ccc(C(=O)O)cc1","train"
"CHEMBL6199536","CC[N+]1(CCCC(=O)OC[C@H](C)CC[C@H]2O[C@H]3C[C@H]4[C@@H]5CC=C6C[C@@H](OC(C)=O)CC[C@]6(C)[C@H]5CC[C@]4(C)[C@H]3[C@@H]2C)CCNCC1","CC[N+]1(CCCC(=O)OC[C@H](C)CC[C@H]2O[C@H]3C[C@H]4[C@@H]5CC=C6C[C@@H](OC(C)=O)CC[C@]6(C)[C@H]5CC[C@]4(C)[C@H]3[C@@H]2C)CCNCC1","train"
"CHEMBL6199539","NCc1ccc(-c2nc(-c3ccnc(Oc4ccc(C(F)(F)F)cc4)c3)no2)cc1","NCc1ccc(-c2nc(-c3ccnc(Oc4ccc(C(F)(F)F)cc4)c3)no2)cc1","train"
"CHEMBL6199541","O=C(Nc1cc(Br)c(F)cc1C(=O)O)c1ccc(-n2cnc(F)c2)nn1","O=C(Nc1cc(Br)c(F)cc1C(=O)O)c1ccc(-n2cnc(F)c2)nn1","train"
"CHEMBL6199545","CCOc1cc(C(=O)O)c(NC(=O)c2ccc(-n3cnc(F)c3)nn2)cc1Br","CCOc1cc(C(=O)O)c(NC(=O)c2ccc(-n3cnc(F)c3)nn2)cc1Br","train"
"CHEMBL6199547","C#Cc1cc(NC(=O)c2ccc(-n3cnc(C(F)(F)F)c3)nn2)c(C(=O)O)cc1F","C#Cc1cc(NC(=O)c2ccc(-n3cnc(C(F)(F)F)c3)nn2)c(C(=O)O)cc1F","train"
"CHEMBL6199548","O=C([C@H]1O[C@H](O[C@@H]2[C@@H](O)[C@H](O[C@H]3O[C@H](CNS(=O)(=O)O)[C@@H](O)C[C@H]3NS(=O)(=O)O)[C@@H](NS(=O)(=O)O)C[C@H]2NS(=O)(=O)O)[C@H](O)[C@@H](NS(=O)(=O)O)[C@@H]1O)N1CCC(c2ccccc2)CC1","O=C([C@H]1O[C@H](O[C@@H]2[C@@H](O)[C@H](O[C@H]3O[C@H](CNS(=O)(=O)O)[C@@H](O)C[C@H]3NS(=O)(=O)O)[C@@H](NS(=O)(=O)O)C[C@H]2NS(=O)(=O)O)[C@H](O)[C@@H](NS(=O)(=O)O)[C@@H]1O)N1CCC(c2ccccc2)CC1","train"
"CHEMBL6199549","CN(C)CCCCNCc1ccc(-c2nc(-c3ccc(CNCCCCN(C)C)cc3)c3c(ccn3-c3ccccc3)n2)cc1","CN(C)CCCCNCc1ccc(-c2nc(-c3ccc(CNCCCCN(C)C)cc3)c3c(ccn3-c3ccccc3)n2)cc1","train"
"CHEMBL6199550","C[C@@H](N(C)Cc1ccc(-c2ccc(Cl)cc2F)cc1F)[C@](O)(Cn1cncn1)c1ccc(F)cc1F","C[C@@H](N(C)Cc1ccc(-c2ccc(Cl)cc2F)cc1F)[C@](O)(Cn1cncn1)c1ccc(F)cc1F","train"
"CHEMBL6199551","c1c[n+]2ccc1CCCc1cc[n+](cc1)Cc1ccc(cc1)Oc1ccc(cc1)C[n+]1ccc(cc1)CCCc1cc[n+](cc1)Cc1ccc(cc1)Oc1ccc(cc1)C2","c1c[n+]2ccc1CCCc1cc[n+](cc1)Cc1ccc(cc1)Oc1ccc(cc1)C[n+]1ccc(cc1)CCCc1cc[n+](cc1)Cc1ccc(cc1)Oc1ccc(cc1)C2","train"
"CHEMBL6199553","CCCCCCCCNC(=O)c1cc[n+](CC2=C(C(=O)OCc3ccc(OC)cc3)N3C(=O)[C@@H](NC(=O)Cc4ccccc4)[C@H]3SC2)cc1","CCCCCCCCNC(=O)c1cc[n+](CC2=C(C(=O)OCc3ccc(OC)cc3)N3C(=O)[C@@H](NC(=O)Cc4ccccc4)[C@H]3SC2)cc1","train"
"CHEMBL6199557","CCCOc1ccc(-c2noc(-c3ccc(CN)cc3)n2)cc1","CCCOc1ccc(-c2noc(-c3ccc(CN)cc3)n2)cc1","train"
"CHEMBL6199558","CC[C@@H](C(=O)[C@@H](C)[C@@H](O)[C@H](C)[C@@H]1O[C@@H]([C@@H](CC)C(=O)O)CC[C@@H]1C)[C@H]1O[C@]2(C=C[C@@H](NC(=O)CCCCCl)[C@]3(CC[C@@](C)([C@H]4CC[C@](O)(CC)[C@H](C)O4)O3)O2)[C@H](C)C[C@@H]1C","CC[C@@H](C(=O)[C@@H](C)[C@@H](O)[C@H](C)[C@@H]1O[C@@H]([C@@H](CC)C(=O)O)CC[C@@H]1C)[C@H]1O[C@]2(C=C[C@@H](NC(=O)CCCCCl)[C@]3(CC[C@@](C)([C@H]4CC[C@](O)(CC)[C@H](C)O4)O3)O2)[C@H](C)C[C@@H]1C","train"
"CHEMBL6199559","N#CC(C#N)=C1C=C(/C=C/c2ccc(OC(=O)OCCCCCCCCCC[P+](c3ccccc3)(c3ccccc3)c3ccccc3)cc2)Oc2ccccc21","N#CC(C#N)=C1C=C(/C=C/c2ccc(OC(=O)OCCCCCCCCCC[P+](c3ccccc3)(c3ccccc3)c3ccccc3)cc2)Oc2ccccc21","train"
"CHEMBL6199560","CCc1c(N2CC[C@@H](O)C2=O)cccc1S(=O)(=O)N[C@@H](CNC(=O)c1ccc(Cl)s1)C(=O)OCCc1nccn1C","CCc1c(N2CC[C@@H](O)C2=O)cccc1S(=O)(=O)N[C@@H](CNC(=O)c1ccc(Cl)s1)C(=O)OCCc1nccn1C","train"
"CHEMBL6199561","Cc1cc(NC(=O)c2ccc(-n3cnc(F)c3)nn2)c(C(=O)O)cc1F","Cc1cc(NC(=O)c2ccc(-n3cnc(F)c3)nn2)c(C(=O)O)cc1F","train"
"CHEMBL6199562","C[C@@H](N(C)Cc1ccc(-c2ccc(Cl)cc2)c(F)c1)[C@](O)(Cn1cncn1)c1ccc(F)cc1F","C[C@@H](N(C)Cc1ccc(-c2ccc(Cl)cc2)c(F)c1)[C@](O)(Cn1cncn1)c1ccc(F)cc1F","train"
"CHEMBL6199563","CC[n+]1ccc(/C=C/c2ccc(-c3cnn4ccc(N5CCOCC5)nc34)s2)c2ccccc21","CC[n+]1ccc(/C=C/c2ccc(-c3cnn4ccc(N5CCOCC5)nc34)s2)c2ccccc21","train"
"CHEMBL6199564","CCCCCCCC[Si](C)(C)OCC[N+]1(C)CCc2ccccc2C1","CCCCCCCC[Si](C)(C)OCC[N+]1(C)CCc2ccccc2C1","train"
"CHEMBL6199565","O=C(Nc1cc(F)c(F)cc1C(=O)O)c1ccc(-n2cnc(F)c2)nn1","O=C(Nc1cc(F)c(F)cc1C(=O)O)c1ccc(-n2cnc(F)c2)nn1","train"
"CHEMBL6199566","Cc1cc(C(=O)N2Cc3cnn(C)c3Nc3ccccc32)ccc1CNC(=O)N1C[C@H](F)C[C@H]1C(=S)N(C)C","Cc1cc(C(=O)N2Cc3cnn(C)c3Nc3ccccc32)ccc1CNC(=O)N1C[C@H](F)C[C@H]1C(=S)N(C)C","train"
"CHEMBL6199568","C[N+](C)(C)CCCOc1ccc(/C=C/c2ccccc2)cc1","C[N+](C)(C)CCCOc1ccc(/C=C/c2ccccc2)cc1","train"
"CHEMBL6199570","C[C@@H](N(C)Cc1ccc(-c2ccc(Cl)c(F)c2)nc1)[C@](O)(Cn1cncn1)c1ccc(F)cc1F","C[C@@H](N(C)Cc1ccc(-c2ccc(Cl)c(F)c2)nc1)[C@](O)(Cn1cncn1)c1ccc(F)cc1F","train"
"CHEMBL6199571","CC(C)C[C@H](C[Si](O)(O)CNC(=O)CCc1ccccc1)C(=O)NC(=O)N[C@@H](CC(C)C)C(=O)O","CC(C)C[C@H](C[Si](O)(O)CNC(=O)CCc1ccccc1)C(=O)NC(=O)N[C@@H](CC(C)C)C(=O)O","train"
"CHEMBL6199572","N[C@H]1C[C@@H](N)[C@H](OCc2cnnn2CC(=O)c2ccc(-c3ccccn3)s2)C1","N[C@H]1C[C@@H](N)[C@H](OCc2cnnn2CC(=O)c2ccc(-c3ccccn3)s2)C1","train"
"CHEMBL6199573","NCc1ccc(-c2nc(-c3ccnc(N4CCCC4)c3)no2)cc1","NCc1ccc(-c2nc(-c3ccnc(N4CCCC4)c3)no2)cc1","train"
"CHEMBL6199574","C=C[C@]1(C)CC[C@@H](C(=C)C[n+]2ccccc2)C[C@H]1C(=C)C","C=C[C@]1(C)CC[C@@H](C(=C)C[n+]2ccccc2)C[C@H]1C(=C)C","train"
"CHEMBL6199575","CN(C)CCCCNCc1ccc(-c2nc(-c3ccc(CNCCCCN(C)C)cc3)c3ncn(-c4ccccc4)c3n2)cc1","CN(C)CCCCNCc1ccc(-c2nc(-c3ccc(CNCCCCN(C)C)cc3)c3ncn(-c4ccccc4)c3n2)cc1","train"
"CHEMBL6199576","CN(C)CCCCNCc1ccc(-c2cn(-c3ccccc3)c3ncnc(-c4ccc(CNCCCCN(C)C)cc4)c23)cc1","CN(C)CCCCNCc1ccc(-c2cn(-c3ccccc3)c3ncnc(-c4ccc(CNCCCCN(C)C)cc4)c23)cc1","train"
"CHEMBL6199577","CN1/C(=C/C=C/C=C/C=C/C2=[N+](C)c3ccccc3C2(C)C)C(C)(C)c2ccccc21","CN1/C(=C/C=C/C=C/C=C/C2=[N+](C)c3ccccc3C2(C)C)C(C)(C)c2ccccc21","train"
"CHEMBL6199578","O=C([C@H]1O[C@H](O[C@@H]2[C@@H](O)[C@H](O[C@H]3O[C@H](CNS(=O)(=O)O)[C@@H](O)C[C@H]3NS(=O)(=O)O)[C@@H](NS(=O)(=O)O)C[C@H]2NS(=O)(=O)O)[C@H](O)[C@@H](NS(=O)(=O)O)[C@@H]1O)N1CCc2ccccc21","O=C([C@H]1O[C@H](O[C@@H]2[C@@H](O)[C@H](O[C@H]3O[C@H](CNS(=O)(=O)O)[C@@H](O)C[C@H]3NS(=O)(=O)O)[C@@H](NS(=O)(=O)O)C[C@H]2NS(=O)(=O)O)[C@H](O)[C@@H](NS(=O)(=O)O)[C@@H]1O)N1CCc2ccccc21","train"
"CHEMBL6199580","Cc1c(N2CCCC2=O)cccc1S(=O)(=O)N[C@@H](CNC(=O)c1ccc(Cl)s1)C(=O)OCCN(C)C","Cc1c(N2CCCC2=O)cccc1S(=O)(=O)N[C@@H](CNC(=O)c1ccc(Cl)s1)C(=O)OCCN(C)C","train"
"CHEMBL6199582","O=C(Cc1ccccc1)N[C@@H]1C(=O)N2C(C(=O)O)=C(C[n+]3ccccc3)CS[C@H]12","O=C(Cc1ccccc1)N[C@@H]1C(=O)N2C(C(=O)O)=C(C[n+]3ccccc3)CS[C@H]12","train"
"CHEMBL6199583","Fc1ccc([C@@H]2C[C@H]2NCc2cn(-c3cc4cn[nH]c4cc3F)nn2)cc1F","Fc1ccc([C@@H]2C[C@H]2NCc2cn(-c3cc4cn[nH]c4cc3F)nn2)cc1F","train"
"CHEMBL6199584","C=CC(=O)Nc1cc(Nc2nccc(-c3cn(C)c4ccccc34)n2)c(OC)cc1N1CC[C@@H](N(C)C)C1","C=CC(=O)Nc1cc(Nc2nccc(-c3cn(C)c4ccccc34)n2)c(OC)cc1N1CC[C@@H](N(C)C)C1","train"
"CHEMBL6199585","C[C@@H](N(C)Cc1ccc(-c2ccc(OC(F)(F)F)cc2)cc1)[C@](O)(Cn1cncn1)c1ccc(F)cc1F","C[C@@H](N(C)Cc1ccc(-c2ccc(OC(F)(F)F)cc2)cc1)[C@](O)(Cn1cncn1)c1ccc(F)cc1F","train"
"CHEMBL6199588","CCCCCCCC[N+](C)(C)CCCOc1ccc(/C=C/c2ccc(N(c3ccccc3)c3ccccc3)cc2)cc1","CCCCCCCC[N+](C)(C)CCCOc1ccc(/C=C/c2ccc(N(c3ccccc3)c3ccccc3)cc2)cc1","train"
"CHEMBL6199590","CN(C)CCCCNCc1ccc(-c2cc(-c3ccc(CNCCCCN(C)C)cc3)c3ccn(-c4ccccc4)c3c2)cc1","CN(C)CCCCNCc1ccc(-c2cc(-c3ccc(CNCCCCN(C)C)cc3)c3ccn(-c4ccccc4)c3c2)cc1","train"
"CHEMBL6199592","CC[C@@H](C(=O)[C@@H](C)[C@@H](O)[C@H](C)[C@@H]1O[C@@H]([C@@H](CC)C(=O)O)CC[C@@H]1C)[C@H]1O[C@]2(C=C[C@@H](NC(=O)c3ccccc3)[C@]3(CC[C@@](C)([C@H]4CC[C@](O)(CC)[C@H](C)O4)O3)O2)[C@H](C)C[C@@H]1C","CC[C@@H](C(=O)[C@@H](C)[C@@H](O)[C@H](C)[C@@H]1O[C@@H]([C@@H](CC)C(=O)O)CC[C@@H]1C)[C@H]1O[C@]2(C=C[C@@H](NC(=O)c3ccccc3)[C@]3(CC[C@@](C)([C@H]4CC[C@](O)(CC)[C@H](C)O4)O3)O2)[C@H](C)C[C@@H]1C","train"
"CHEMBL6199595","CN(C)CCCCCNCc1ccc(-n2ccc3c(-c4ccccc4)nc(-c4ccc(CCCCCN(C)C)cc4)nc32)cc1","CN(C)CCCCCNCc1ccc(-n2ccc3c(-c4ccccc4)nc(-c4ccc(CCCCCN(C)C)cc4)nc32)cc1","train"
"CHEMBL6199596","C[C@@H](N(C)Cc1ccc(-c2ccc(Cl)c(F)c2)cc1F)[C@](O)(Cn1cncn1)c1ccc(F)cc1F","C[C@@H](N(C)Cc1ccc(-c2ccc(Cl)c(F)c2)cc1F)[C@](O)(Cn1cncn1)c1ccc(F)cc1F","train"
"CHEMBL6199599","CN(C)CCCCCNCc1ccc(-c2cc(-c3ccc(CNCCCCCN(C)C)cc3)c3ccn(-c4ccccc4)c3c2)cc1","CN(C)CCCCCNCc1ccc(-c2cc(-c3ccc(CNCCCCCN(C)C)cc3)c3ccn(-c4ccccc4)c3c2)cc1","train"
"CHEMBL6199600","NCc1ccc(-c2nc(-c3ccc(O[C@@H]4CCNC4)cc3)no2)cc1","NCc1ccc(-c2nc(-c3ccc(O[C@@H]4CCNC4)cc3)no2)cc1","train"
"CHEMBL6199601","Cc1ccc(C(=O)S)cc1","Cc1ccc(C(=O)S)cc1","train"
"CHEMBL6199604","Cc1c(N2CC[C@@H](O)C2)cccc1S(=O)(=O)N[C@@H](CNC(=O)c1ccc(Cl)s1)C(=O)OCC[S@+](C)[O-]","Cc1c(N2CC[C@@H](O)C2)cccc1S(=O)(=O)N[C@@H](CNC(=O)c1ccc(Cl)s1)C(=O)OCC[S@+](C)[O-]","train"
"CHEMBL6199606","CC[C@@H](C(=O)[C@@H](C)[C@@H](O)[C@H](C)[C@@H]1O[C@@H]([C@@H](CC)C(=O)O)CC[C@@H]1C)[C@H]1O[C@]2(C=C[C@@H](NC(=O)SCc3ccc(Cl)cc3)[C@]3(CC[C@@](C)([C@H]4CC[C@](O)(CC)[C@H](C)O4)O3)O2)[C@H](C)C[C@@H]1C","CC[C@@H](C(=O)[C@@H](C)[C@@H](O)[C@H](C)[C@@H]1O[C@@H]([C@@H](CC)C(=O)O)CC[C@@H]1C)[C@H]1O[C@]2(C=C[C@@H](NC(=O)SCc3ccc(Cl)cc3)[C@]3(CC[C@@](C)([C@H]4CC[C@](O)(CC)[C@H](C)O4)O3)O2)[C@H](C)C[C@@H]1C","train"
"CHEMBL6199607","CCc1c(N2CC[C@H](O)C2=O)cccc1S(=O)(=O)N[C@@H](CNC(=O)c1ccc(Cl)s1)C(=O)OCCc1nccn1C","CCc1c(N2CC[C@H](O)C2=O)cccc1S(=O)(=O)N[C@@H](CNC(=O)c1ccc(Cl)s1)C(=O)OCCc1nccn1C","train"
"CHEMBL6199608","C[n+]1ccc2c3ccccc3n(CC[N+](C)(C)C)c2c1","C[n+]1ccc2c3ccccc3n(CC[N+](C)(C)C)c2c1","train"
"CHEMBL6199610","CNC1=NC(=O)[C@]2(CCc3ncccc32)c2cc(C3CC3)c(F)cc21","CNC1=NC(=O)[C@]2(CCc3ncccc32)c2cc(C3CC3)c(F)cc21","train"
"CHEMBL6199612","CCn1c(CNC(=O)c2nc3cc[nH]c3nc2N)[n+](CC)c2ccc(C(=O)N3CCC(N)CC3)cc21","CCn1c(CNC(=O)c2nc3cc[nH]c3nc2N)[n+](CC)c2ccc(C(=O)N3CCC(N)CC3)cc21","train"
"CHEMBL6199613","CCn1c(CNC(=O)c2nc3cc[nH]c3nc2N)[n+](CC)c2ccc(C(=O)NCCN3CCC(N(C[C@H](O)[C@@H](O)[C@H](O)[C@H](O)CO)C[C@H](O)[C@@H](O)[C@H](O)[C@H](O)CO)CC3)cc21","CCn1c(CNC(=O)c2nc3cc[nH]c3nc2N)[n+](CC)c2ccc(C(=O)NCCN3CCC(N(C[C@H](O)[C@@H](O)[C@H](O)[C@H](O)CO)C[C@H](O)[C@@H](O)[C@H](O)[C@H](O)CO)CC3)cc21","train"
"CHEMBL6199617","CCn1c2ccc(/C=C/c3cc[n+](C)c4ccccc34)cc2c2cc(N(c3ccccc3)c3ccccc3)ccc21","CCn1c2ccc(/C=C/c3cc[n+](C)c4ccccc34)cc2c2cc(N(c3ccccc3)c3ccccc3)ccc21","train"
"CHEMBL6199618","COC(=O)C(=C\C=C\C1=[N+](C)c2ccccc2C1(C)C)/C=C/C=C1/N(C)c2ccccc2C1(C)C","COC(=O)C(=C\C=C\C1=[N+](C)c2ccccc2C1(C)C)/C=C/C=C1/N(C)c2ccccc2C1(C)C","train"
"CHEMBL6199619","CCCOC(=O)N[C@@H]1C=C[C@]2(O[C@H]([C@@H](CC)C(=O)[C@@H](C)[C@@H](O)[C@H](C)[C@@H]3O[C@@H]([C@@H](CC)C(=O)O)CC[C@@H]3C)[C@@H](C)C[C@H]2C)O[C@@]12CC[C@@](C)([C@H]1CC[C@](O)(CC)[C@H](C)O1)O2","CCCOC(=O)N[C@@H]1C=C[C@]2(O[C@H]([C@@H](CC)C(=O)[C@@H](C)[C@@H](O)[C@H](C)[C@@H]3O[C@@H]([C@@H](CC)C(=O)O)CC[C@@H]3C)[C@@H](C)C[C@H]2C)O[C@@]12CC[C@@](C)([C@H]1CC[C@](O)(CC)[C@H](C)O1)O2","train"
"CHEMBL6199620","O=C(CCCCC(CCSCc1ccccc1)SCc1ccccc1)OCCCCC[P+](c1ccccc1)(c1ccccc1)c1ccccc1","O=C(CCCCC(CCSCc1ccccc1)SCc1ccccc1)OCCCCC[P+](c1ccccc1)(c1ccccc1)c1ccccc1","train"
"CHEMBL6199621","CCCCSC(=S)N[C@@H]1C=C[C@]2(O[C@H]([C@@H](CC)C(=O)[C@@H](C)[C@@H](O)[C@H](C)[C@@H]3O[C@@H]([C@@H](CC)C(=O)O)CC[C@@H]3C)[C@@H](C)C[C@H]2C)O[C@@]12CC[C@@](C)([C@H]1CC[C@](O)(CC)[C@H](C)O1)O2","CCCCSC(=S)N[C@@H]1C=C[C@]2(O[C@H]([C@@H](CC)C(=O)[C@@H](C)[C@@H](O)[C@H](C)[C@@H]3O[C@@H]([C@@H](CC)C(=O)O)CC[C@@H]3C)[C@@H](C)C[C@H]2C)O[C@@]12CC[C@@](C)([C@H]1CC[C@](O)(CC)[C@H](C)O1)O2","train"
"CHEMBL6199622","O=C(CCCCC(CCSCc1ccccc1)SCc1ccccc1)OCCCCCCCCCC[P+](c1ccccc1)(c1ccccc1)c1ccccc1","O=C(CCCCC(CCSCc1ccccc1)SCc1ccccc1)OCCCCCCCCCC[P+](c1ccccc1)(c1ccccc1)c1ccccc1","train"
"CHEMBL6199623","CC[C@@H](C(=O)[C@@H](C)[C@@H](O)[C@H](C)[C@@H]1O[C@@H]([C@@H](CC)C(=O)O)CC[C@@H]1C)[C@H]1O[C@]2(C=C[C@@H](NC(=O)Oc3ccccc3)[C@]3(CC[C@@](C)([C@H]4CC[C@](O)(CC)[C@H](C)O4)O3)O2)[C@H](C)C[C@@H]1C","CC[C@@H](C(=O)[C@@H](C)[C@@H](O)[C@H](C)[C@@H]1O[C@@H]([C@@H](CC)C(=O)O)CC[C@@H]1C)[C@H]1O[C@]2(C=C[C@@H](NC(=O)Oc3ccccc3)[C@]3(CC[C@@](C)([C@H]4CC[C@](O)(CC)[C@H](C)O4)O3)O2)[C@H](C)C[C@@H]1C","train"
"CHEMBL6199624","CCCC(=O)Oc1cccc2[nH]cc(CCN(C)C)c12","CCCC(=O)Oc1cccc2[nH]cc(CCN(C)C)c12","train"
"CHEMBL6199625","CCCN1/C(=C/C=C2\CCCC(/C=C/C3=[N+](CCCOc4ccc(C(=O)O)cc4)c4ccccc4C3(C)C)=C2Cl)C(C)(C)c2ccccc21","CCCN1/C(=C/C=C2\CCCC(/C=C/C3=[N+](CCCOc4ccc(C(=O)O)cc4)c4ccccc4C3(C)C)=C2Cl)C(C)(C)c2ccccc21","train"
"CHEMBL6199626","CC1CC[C@@]2(OC1)O[C@H]1C[C@H]3[C@@H]4CC[C@@H]5C[C@@H](OC(=O)CCC[P+](c6ccccc6)(c6ccccc6)c6ccccc6)CC[C@]5(C)[C@H]4CC[C@]3(C)[C@H]1[C@@H]2C","CC1CC[C@@]2(OC1)O[C@H]1C[C@H]3[C@@H]4CC[C@@H]5C[C@@H](OC(=O)CCC[P+](c6ccccc6)(c6ccccc6)c6ccccc6)CC[C@]5(C)[C@H]4CC[C@]3(C)[C@H]1[C@@H]2C","train"
"CHEMBL6199627","C=CCc1cc(-c2ccc(OCCC[N+](C)(C)CC(=O)NCCCC)c(CC=C)c2)c2oc(=S)n(Cc3ccc(OC)cc3)c2c1","C=CCc1cc(-c2ccc(OCCC[N+](C)(C)CC(=O)NCCCC)c(CC=C)c2)c2oc(=S)n(Cc3ccc(OC)cc3)c2c1","train"
"CHEMBL6199629","C[N+]1=C(/C=C/c2ccc(-c3cnn4ccc(N5CCOCC5)nc34)s2)C(C)(C)c2ccccc21","C[N+]1=C(/C=C/c2ccc(-c3cnn4ccc(N5CCOCC5)nc34)s2)C(C)(C)c2ccccc21","train"
"CHEMBL6199630","CC[C@@H](C(=O)[C@@H](C)[C@@H](O)[C@H](C)[C@@H]1O[C@@H]([C@@H](CC)C(=O)O)CC[C@@H]1C)[C@H]1O[C@]2(C=C[C@@H](NC(=O)OCCCl)[C@]3(CC[C@@](C)([C@H]4CC[C@](O)(CC)[C@H](C)O4)O3)O2)[C@H](C)C[C@@H]1C","CC[C@@H](C(=O)[C@@H](C)[C@@H](O)[C@H](C)[C@@H]1O[C@@H]([C@@H](CC)C(=O)O)CC[C@@H]1C)[C@H]1O[C@]2(C=C[C@@H](NC(=O)OCCCl)[C@]3(CC[C@@](C)([C@H]4CC[C@](O)(CC)[C@H](C)O4)O3)O2)[C@H](C)C[C@@H]1C","train"
"CHEMBL6199633","O=C(Nc1cnn(-c2cccc(C(=O)NC3CCNC3)c2)c1)Nc1cccc2ccccc12","O=C(Nc1cnn(-c2cccc(C(=O)NC3CCNC3)c2)c1)Nc1cccc2ccccc12","train"
"CHEMBL6199634","Fc1ccc([C@@H]2C[C@H]2NCc2cn(CCc3ccc4[nH]ncc4c3)nn2)cc1F","Fc1ccc([C@@H]2C[C@H]2NCc2cn(CCc3ccc4[nH]ncc4c3)nn2)cc1F","train"
"CHEMBL6199635","CNCc1ccc(-c2nc(-c3ccc(OC4CCCC4)cc3)no2)cc1","CNCc1ccc(-c2nc(-c3ccc(OC4CCCC4)cc3)no2)cc1","train"
"CHEMBL6199636","Fc1ccc([C@@H]2C[C@H]2NCc2cn(-c3n[nH]c4ccccc34)nn2)cc1F","Fc1ccc([C@@H]2C[C@H]2NCc2cn(-c3n[nH]c4ccccc34)nn2)cc1F","train"
"CHEMBL6199638","CCC(CC)NC(=O)N[C@@H]1C=C[C@]2(O[C@H]([C@@H](CC)C(=O)[C@@H](C)[C@@H](O)[C@H](C)[C@@H]3O[C@@H]([C@@H](CC)C(=O)O)CC[C@@H]3C)[C@@H](C)C[C@H]2C)O[C@@]12CC[C@@](C)([C@H]1CC[C@](O)(CC)[C@H](C)O1)O2","CCC(CC)NC(=O)N[C@@H]1C=C[C@]2(O[C@H]([C@@H](CC)C(=O)[C@@H](C)[C@@H](O)[C@H](C)[C@@H]3O[C@@H]([C@@H](CC)C(=O)O)CC[C@@H]3C)[C@@H](C)C[C@H]2C)O[C@@]12CC[C@@](C)([C@H]1CC[C@](O)(CC)[C@H](C)O1)O2","train"
"CHEMBL6199639","CN(C)CCCCCNCc1ccc(-c2cc3c(ccn3-c3ccccc3)c(-c3ccc(CNCCCCCN(C)C)cc3)n2)cc1","CN(C)CCCCCNCc1ccc(-c2cc3c(ccn3-c3ccccc3)c(-c3ccc(CNCCCCCN(C)C)cc3)n2)cc1","train"
"CHEMBL6199640","CCCCCCC[Si](C)(C)OCC[N+]1(C)CCc2ccccc2C1","CCCCCCC[Si](C)(C)OCC[N+]1(C)CCc2ccccc2C1","train"
"CHEMBL6199641","CN1/C(=C/C=C/C(C#N)=C/C=C/C2=[N+](C)c3ccccc3C2(C)C)C(C)(C)c2ccccc21","CN1/C(=C/C=C/C(C#N)=C/C=C/C2=[N+](C)c3ccccc3C2(C)C)C(C)(C)c2ccccc21","train"
"CHEMBL6199642","CN(C)CCCCCNCc1ccc(-c2nc(-c3ccc(CNCCCCCN(C)C)cc3)c3ncn(-c4ccccc4)c3n2)cc1","CN(C)CCCCCNCc1ccc(-c2nc(-c3ccc(CNCCCCCN(C)C)cc3)c3ncn(-c4ccccc4)c3n2)cc1","train"
"CHEMBL6199643","C[C@@H](N(C)Cc1ccc(-c2ccc(Cl)cc2F)cc1)[C@](O)(Cn1cncn1)c1ccc(F)cc1F","C[C@@H](N(C)Cc1ccc(-c2ccc(Cl)cc2F)cc1)[C@](O)(Cn1cncn1)c1ccc(F)cc1F","train"
"CHEMBL6199645","CC[N+]1=C(/C=C/c2ccc(-c3cnn4ccc(N5CCOCC5)nc34)s2)C(C)(C)c2cc(I)ccc21","CC[N+]1=C(/C=C/c2ccc(-c3cnn4ccc(N5CCOCC5)nc34)s2)C(C)(C)c2cc(I)ccc21","train"
"CHEMBL6199647","Cc1c(-c2ccccc2)cccc1-c1ccc2c(c1)CN(C(=O)CN)C2","Cc1c(-c2ccccc2)cccc1-c1ccc2c(c1)CN(C(=O)CN)C2","train"
"CHEMBL6199648","Cc1n2cc[n+]1Cc1ccc(cc1)Oc1ccc(cc1)C[n+]1ccn(c1C)CCCn1cc[n+](c1C)Cc1ccc(cc1)Oc1ccc(cc1)C[n+]1ccn(c1C)CCC2","Cc1n2cc[n+]1Cc1ccc(cc1)Oc1ccc(cc1)C[n+]1ccn(c1C)CCCn1cc[n+](c1C)Cc1ccc(cc1)Oc1ccc(cc1)C[n+]1ccn(c1C)CCC2","train"
"CHEMBL6199649","Cc1ccc(CC(=O)S)cc1","Cc1ccc(CC(=O)S)cc1","train"
"CHEMBL6199651","COC(=O)CC[C@H](NC(=O)[C@@H]1[C@H]2CC[C@H](C2)N1C(=O)CN)C(=O)NC12CC3CC(CC(C3)C1)C2","COC(=O)CC[C@H](NC(=O)[C@@H]1[C@H]2CC[C@H](C2)N1C(=O)CN)C(=O)NC12CC3CC(CC(C3)C1)C2","train"
"CHEMBL6199659","CNC1=NC(=O)[C@]2(CCc3ncccc32)c2cc(C3CC3)ccc21","CNC1=NC(=O)[C@]2(CCc3ncccc32)c2cc(C3CC3)ccc21","train"
"CHEMBL6199662","Fc1ccc([C@@H]2C[C@H]2NCc2cn(-c3cccc4[nH]ncc34)nn2)cc1F","Fc1ccc([C@@H]2C[C@H]2NCc2cn(-c3cccc4[nH]ncc34)nn2)cc1F","train"
"CHEMBL6199663","NCC(=O)NCCN1CCN(CCCN2c3ccccc3Sc3ccc(C(F)(F)F)cc32)CC1","NCC(=O)NCCN1CCN(CCCN2c3ccccc3Sc3ccc(C(F)(F)F)cc32)CC1","train"
"CHEMBL6199664","COC(=O)CNC(=O)CCN1/C(=C/C=C2\CCCC(/C=C/C3=[N+](CCC(=O)NCC(=O)OC)c4ccc5ccccc5c4C3(C)C)=C2Cl)C(C)(C)c2c1ccc1ccccc21","COC(=O)CNC(=O)CCN1/C(=C/C=C2\CCCC(/C=C/C3=[N+](CCC(=O)NCC(=O)OC)c4ccc5ccccc5c4C3(C)C)=C2Cl)C(C)(C)c2c1ccc1ccccc21","train"
"CHEMBL6199665","CC1(C)C(/C=C/C2=C(Cl)/C(=C/C=C3/N(CCCCCC(=O)O)c4ccccc4C3(C)C)CCC2)=[N+](CCCOc2ccc(C(=O)O)cc2)c2ccccc21","CC1(C)C(/C=C/C2=C(Cl)C(=C/C=C3/N(CCCCCC(=O)O)c4ccccc4C3(C)C)/CCC2)=[N+](CCCOc2ccc(C(=O)O)cc2)c2ccccc21","train"
"CHEMBL6199666","COC(=O)CC[C@H](NC(=O)[C@@H]1[C@H]2CC[C@H](C2)N1C(=O)CN)C(=O)NC12CC3CC(C)(CC(C)(C3)C1)C2","COC(=O)CC[C@H](NC(=O)[C@@H]1[C@H]2CC[C@H](C2)N1C(=O)CN)C(=O)NC12CC3CC(C)(CC(C)(C3)C1)C2","train"
"CHEMBL6199669","CCCNC(=O)C[n+]1ccc(SCCCOc2ccc3ccc(=O)oc3c2CC=C(C)C)cc1","CCCNC(=O)C[n+]1ccc(SCCCOc2ccc3ccc(=O)oc3c2CC=C(C)C)cc1","train"
"CHEMBL6199672","N[C@H]1CC[C@@H](N2CCCCCN3/C(=N/S(=O)(=O)c4cnc(N[C@H]5CCNC5)c(c4)C2=O)Sc2c(Cl)ccc(O)c23)CC1","N[C@H]1CC[C@@H](N2CCCCCN3/C(=N/S(=O)(=O)c4cnc(N[C@H]5CCNC5)c(c4)C2=O)Sc2c(Cl)ccc(O)c23)CC1","train"
"CHEMBL6199673","O=S(=O)(C1CCCCC1)n1ncc2cc(-n3cc(CN[C@@H]4C[C@H]4c4ccc(F)c(F)c4)nn3)ccc21","O=S(=O)(C1CCCCC1)n1ncc2cc(-n3cc(CN[C@@H]4C[C@H]4c4ccc(F)c(F)c4)nn3)ccc21","train"
"CHEMBL6199675","N[C@H]1CC[C@@H](N2C[C@H](O)CCN3/C(=N/S(=O)(=O)c4ccc(O)c(c4)C2=O)Sc2c(Cl)ccc(O)c23)CC1","N[C@H]1CC[C@@H](N2C[C@H](O)CCN3/C(=N/S(=O)(=O)c4ccc(O)c(c4)C2=O)Sc2c(Cl)ccc(O)c23)CC1","train"
"CHEMBL6199676","N[C@H]1CC[C@@H](N2C[C@@H](O)CCN3/C(=N/S(=O)(=O)c4ccc(O)c(c4)C2=O)Sc2c(Cl)ccc(O)c23)CC1","N[C@H]1CC[C@@H](N2C[C@@H](O)CCN3/C(=N/S(=O)(=O)c4ccc(O)c(c4)C2=O)Sc2c(Cl)ccc(O)c23)CC1","train"
"CHEMBL6199678","Cc1cc(C(=O)N2Cc3cnn(C)c3Nc3ccccc32)ccc1CNC(=O)N1C[C@H](n2cc(CO)nn2)C[C@H]1C(=S)N(C)C","Cc1cc(C(=O)N2Cc3cnn(C)c3Nc3ccccc32)ccc1CNC(=O)N1C[C@H](n2cc(CO)nn2)C[C@H]1C(=S)N(C)C","train"
"CHEMBL6199679","CCCCC[N+](C)(C)CC(=O)N1CCN(c2ccc(N3C[C@H](CNC(C)=O)OC3=O)cc2F)CC1","CCCCC[N+](C)(C)CC(=O)N1CCN(c2ccc(N3C[C@H](CNC(C)=O)OC3=O)cc2F)CC1","train"
"CHEMBL6199682","CC[N+](CC)=c1sc2c(s1)C(c1ccc(Br)cc1)Oc1ccc(C)cc1-2","CC[N+](CC)=c1sc2c(s1)C(c1ccc(Br)cc1)Oc1ccc(C)cc1-2","train"
"CHEMBL6199684","Cc1cc(C(=O)N2Cc3cnn(C)c3Nc3ccccc32)ccc1CNC(=O)N1C[C@H](n2cc(CC3NC(=O)NC3=O)nn2)C[C@H]1C(=S)N(C)C","Cc1cc(C(=O)N2Cc3cnn(C)c3Nc3ccccc32)ccc1CNC(=O)N1C[C@H](n2cc(CC3NC(=O)NC3=O)nn2)C[C@H]1C(=S)N(C)C","train"
"CHEMBL6199685","C=C1C(c2ccc(Cl)cc2)=CC(=O)N1CCCSC(=N)N","C=C1C(c2ccc(Cl)cc2)=CC(=O)N1CCCSC(=N)N","train"
"CHEMBL6199686","O=C1c2cc(ccc2O)S(=O)(=O)/N=C2\Sc3c(Cl)ccc(O)c3N2CCCCCN1C1CCNCC1","O=C1c2cc(ccc2O)S(=O)(=O)/N=C2\Sc3c(Cl)ccc(O)c3N2CCCCCN1C1CCNCC1","train"
"CHEMBL6199689","NCCc1ccc(Oc2cc(-c3noc(-c4ccc(CN)cc4)n3)ccn2)cc1","NCCc1ccc(Oc2cc(-c3noc(-c4ccc(CN)cc4)n3)ccn2)cc1","train"
