compound_id,smiles
CHEMBL6329,Cc1cc(-n2ncc(=O)[nH]c2=O)ccc1C(=O)c1ccccc1Cl
CHEMBL6328,Cc1cc(-n2ncc(=O)[nH]c2=O)ccc1C(=O)c1ccc(C#N)cc1
CHEMBL265667,Cc1cc(-n2ncc(=O)[nH]c2=O)cc(C)c1C(O)c1ccc(Cl)cc1
CHEMBL6362,Cc1ccc(C(=O)c2ccc(-n3ncc(=O)[nH]c3=O)cc2)cc1
CHEMBL267864,Cc1cc(-n2ncc(=O)[nH]c2=O)ccc1C(=O)c1ccc(Cl)cc1
CHEMBL6363,Cc1cc(-n2ncc(=O)[nH]c2=O)ccc1C(=O)c1ccccc1
CHEMBL6352,Cc1cc(Br)ccc1C(=O)c1ccc(-n2ncc(=O)[nH]c2=O)cc1Cl
CHEMBL268097,O=C(c1ccc(Cl)cc1Cl)c1ccc(-n2ncc(=O)[nH]c2=O)cc1Cl
CHEMBL266457,CS(=O)(=O)c1ccc(C(=O)c2ccc(-n3ncc(=O)[nH]c3=O)cc2Cl)cc1
CHEMBL268556,c1cc2cc(c1)-c1cccc(c1)C[n+]1ccc(c3ccccc31)NCCCCCCCCCCNc1cc[n+](c3ccccc13)C2
CHEMBL6214,CSc1ccc(C(=O)c2ccc(-n3ncc(=O)[nH]c3=O)cc2Cl)cc1
CHEMBL6222,O=C(c1ccc(Cl)cc1)c1ccc(-n2ncc(=O)[nH]c2=O)cc1Cl
CHEMBL6206,O=C1O/C(=C/Br)CCC1c1cccc2ccccc12
CHEMBL6223,O=C1O/C(=C/I)CCC1c1cccc2ccccc12
CHEMBL269758,C#C/C=C1\CCC(c2cccc3ccccc23)C(=O)O1
CHEMBL6228,O=C1O/C(=C\I)CCC1c1cccc2ccccc12
CHEMBL268365,O=C(c1ccccc1)c1ccc(-n2ncc(=O)[nH]c2=O)cc1
CHEMBL6230,O=c1cnn(-c2ccc(C(O)c3ccc(Cl)cc3)c(Cl)c2)c(=O)[nH]1
CHEMBL6254,O=C(c1ccccc1)c1cc(-n2ncc(=O)[nH]c2=O)ccc1Cl
CHEMBL6268,Cc1cc(-n2ncc(=O)[nH]c2=O)ccc1C(O)c1ccccc1
CHEMBL414196,COc1cc2nc(N3CCN(C(=O)C4CC4c4ccccc4)CC3)nc(N)c2cc1OC
CHEMBL268528,COc1ccc(C(=O)c2ccc(-n3ncc(=O)[nH]c3=O)cc2)cc1
CHEMBL112998,COc1cc2nc(N3CCN(S(=O)(=O)c4cccs4)CC3)nc(N)c2cc1OC
CHEMBL6266,c1ccc2c(c1)c1cc[n+]2Cc2ccc(cc2)-c2ccc(cc2)C[n+]2ccc(c3ccccc32)NCCCCCCCCCCN1
CHEMBL6354,Nc1cc[n+](Cc2cccc(-c3cccc(C[n+]4ccc(N)c5ccccc54)c3)c2)c2ccccc12
CHEMBL429017,Nc1cc[n+](Cc2ccc(CCc3ccc(C[n+]4ccc(N)c5ccccc54)cc3)cc2)c2ccccc12
CHEMBL6361,Nc1cc[n+](Cc2ccc(/C=C\c3ccc(C[n+]4ccc(N)c5ccccc54)cc3)cc2)c2ccccc12
CHEMBL6212,c1ccc(C[n+]2ccc(NCCCCCCCCCCNc3cc[n+](Cc4ccccc4)c4ccccc34)c3ccccc32)cc1
CHEMBL258254,C1=C\c2ccc(cc2)C[n+]2ccc(c3ccccc32)NCCCCCCCCCCNc2cc[n+](c3ccccc23)Cc2ccc/1cc2
CHEMBL266885,c1ccc2c(c1)c1cc[n+]2Cc2ccc(cc2)CCc2ccc(cc2)C[n+]2ccc(c3ccccc32)NCCCCCCCCCCN1
CHEMBL446445,c1ccc2c(c1)c1cc[n+]2Cc2ccc(cc2)Cc2ccc(cc2)C[n+]2ccc(c3ccccc32)NCCCCCCCCCCN1
CHEMBL6356,Nc1cc[n+](Cc2ccc3c(c2)Cc2cc(C[n+]4ccc(N)c5ccccc54)ccc2-3)c2ccccc12
CHEMBL269729,Nc1cc[n+](Cc2ccc(-c3ccc(C[n+]4ccc(N)c5ccccc54)cc3)cc2)c2ccccc12
CHEMBL6344,Cc1cc(-n2ncc(=O)[nH]c2=O)ccc1C(=O)c1ccc(Cl)cc1Cl
CHEMBL6207,c1ccc2c(c1)c1cc[n+]2Cc2ccc3c(c2)Cc2cc(ccc2-3)C[n+]2ccc(c3ccccc32)NCCCCCCCCCCN1
CHEMBL6315,Nc1cc[n+](Cc2ccc(Cc3ccc(C[n+]4ccc(N)c5ccccc54)cc3)cc2)c2ccccc12
CHEMBL266223,COC(=O)/C=C/C(=O)Nc1ccc(CCCCC(=O)N2CCN(c3nc(N)c4cc(OC)c(OC)cc4n3)CC2)cc1
CHEMBL263077,COc1cc2nc(N3CCN(C(=O)CCc4ccccc4)CC3)nc(N)c2cc1OC
CHEMBL6347,COc1ccc(/C=C/C(=O)N2CCN(c3nc(N)c4cc(OC)c(OC)cc4n3)CC2)cc1
CHEMBL6348,COc1cc2nc(N3CCN(C(=O)/C=C/c4cccc(F)c4)CC3)nc(N)c2cc1OC
CHEMBL6339,COc1cc2nc(N3CCN(C(=O)C4CC5C=CC4C5)CC3)nc(N)c2cc1OC
CHEMBL6340,C/C=C/C=C/C(=O)N1CCN(c2nc(N)c3cc(OC)c(OC)cc3n2)CC1
CHEMBL268768,COc1cc2nc(N3CCN(C(=O)/C=C/c4ccccc4)CC3)nc(N)c2cc1OC
CHEMBL6358,COc1cc2nc(N3CCN(C(=O)/C=C/c4ccc(F)cc4)CC3)nc(N)c2cc1OC
CHEMBL6351,COc1cc2nc(N3CCN(C(=O)/C=C/c4ccc(Cl)cc4)CC3)nc(N)c2cc1OC
CHEMBL6342,COc1cc2nc(N3CCN(C(=O)/C(F)=C/c4ccccc4)CC3)nc(N)c2cc1OC
CHEMBL6218,COc1cc2nc(N3CCN(C(=O)Nc4ccccc4)CC3)nc(N)c2cc1OC
CHEMBL6219,COC(=O)/C=C/C(=O)Nc1ccc(/C=C/C(=O)N2CCN(c3nc(N)c4cc(OC)c(OC)cc4n3)CC2)cc1
CHEMBL6208,COc1cc2nc(N3CCN(/C(S)=N/C4CCCCC4)CC3)nc(N)c2cc1OC
CHEMBL429379,COc1cc2nc(N3CCN(C(=O)C4=CC5C=CC4CC5)CC3)nc(N)c2cc1OC
CHEMBL415285,COc1cc2nc(N3CCN(S(=O)(=O)c4ccc(C)cc4)CC3)nc(N)c2cc1OC
CHEMBL264721,COc1cc2nc(N3CCN(/C(S)=N/c4ccccc4)CC3)nc(N)c2cc1OC
CHEMBL415286,O=C(c1ccc(-n2ncc(=O)[nH]c2=O)cc1)c1cccs1
CHEMBL6226,Cc1cc(-n2ncc(=O)[nH]c2=O)ccc1Cc1ccccc1
CHEMBL6236,Cc1cc(-n2ncc(=O)[nH]c2=O)cc(Cl)c1C(=O)c1ccc(Cl)cc1
CHEMBL6237,O=C(c1ccccc1)c1cccc(-n2ncc(=O)[nH]c2=O)c1
CHEMBL6238,Cc1cc(-n2ncc(=O)[nH]c2=O)cc(C)c1C(=O)c1ccc(Cl)cc1
CHEMBL266484,Cc1cc(Cl)ccc1C(=O)c1ccc(-n2ncc(=O)[nH]c2=O)cc1C
CHEMBL6239,CC(=O)c1ccc(-n2ncc(=O)[nH]c2=O)cc1Cl
CHEMBL6240,O=C(c1ccccc1)c1ccc(-n2ncc(=O)[nH]c2=O)cc1Cl
CHEMBL6243,Cc1cc(C)c(C(=O)c2ccc(-n3ncc(=O)[nH]c3=O)cc2)c(C)c1
CHEMBL6272,O=C(c1ccc(Cl)cc1)c1ccc(-n2ncc(=O)[nH]c2=O)cc1
CHEMBL269496,Cc1cc(-n2ncc(=O)[nH]c2=O)ccc1C(O)c1ccc(Cl)cc1
CHEMBL6283,c1cncc(CN2CCN(CC3CCCCN3)CC2)c1
CHEMBL6284,c1cc(CN2CCN(CC3CCCCN3)CC2)ccn1
CHEMBL6277,CN1CCCCC1CN1CCN(Cc2ccncc2)CC1
CHEMBL268830,CN1CCCCC1CN1CCN(Cc2cccnc2)CC1
CHEMBL6290,COc1cc2nc(N3CCN(C(=O)/C=C/c4ccc(Br)cc4)CC3)nc(N)c2cc1OC
CHEMBL6308,CCCC(=O)c1ccc(-n2ncc(=O)[nH]c2=O)cc1
CHEMBL268150,CC(=O)c1ccc(-n2ncc(=O)[nH]c2=O)cc1
CHEMBL6293,O=c1cnn(-c2ccc(-c3ccc4oc5ccc(Cl)cc5c(=O)c4c3)cc2)c(=O)[nH]1
CHEMBL447227,COc1cc2nc(N3CCN(C(=O)c4ccc(N=C=S)c(I)c4)CC3)nc(N)c2cc1OC
CHEMBL6302,COc1cc2nc(N3CCN(/C(S)=N/c4ccc(NC(=S)N5CC5)cc4)CC3)nc(N)c2cc1OC
CHEMBL268831,CN1CCC[C@H]1CN1CCN(Cc2ccncc2)CC1
CHEMBL267915,CN1CCC[C@H]1CN1CCN(Cc2cccnc2)CC1
CHEMBL2,COc1cc2nc(N3CCN(C(=O)c4ccco4)CC3)nc(N)c2cc1OC
CHEMBL6306,COC(=O)/C=C/C=C/C(=O)N1CCN(c2nc(N)c3cc(OC)c(OC)cc3n2)CC1
CHEMBL415103,COc1cc2nc(N3CCN(C(=O)C4OC4c4ccccc4)CC3)nc(N)c2cc1OC
CHEMBL6321,COc1cc2nc(N3CCN(C(=O)/C=C/C(=O)c4ccccc4)CC3)nc(N)c2cc1OC
CHEMBL6323,COc1cc2nc(N3CCN(C(=O)c4ccc5ccccc5c4)CC3)nc(N)c2cc1OC
CHEMBL6313,COc1cc2nc(N3CCN(/C(S)=N/c4ccc(N=[N+]=[N-])cc4)CC3)nc(N)c2cc1OC
CHEMBL266081,COc1cc2nc(N3CCN(C(=O)c4cccc(CCl)c4)CC3)nc(N)c2cc1OC
CHEMBL6314,COc1cc2nc(N3CCN(C(=O)/C=C/c4ccc(N=C=S)cc4)CC3)nc(N)c2cc1OC
CHEMBL6343,COc1cc2nc(N3CCN(C(=O)/C=C/c4ccc(NC(=O)CBr)cc4)CC3)nc(N)c2cc1OC
CHEMBL204146,O=c1oc2c(O)c(O)ccc2c2ccc(O)cc12
CHEMBL6355,O=c1oc2ccccc2c2ccccc12
CHEMBL6364,O=c1oc2c(O)c(O)ccc2c2ccccc12
CHEMBL6365,O=c1oc2ccccc2c2cc(O)c(O)cc12
CHEMBL266458,O=c1oc2cc(O)c(O)cc2c2cc(O)c(O)cc12
CHEMBL6366,COc1cc2nc(N3CCN(C(=O)COc4ccccc4)CC3)nc(N)c2cc1OC
CHEMBL216458,C=C(C=O)C[C@H]1C[C@H](O)[C@]2(C)O[C@@H]3C[C@@H]4O[C@@H]5C[C@]6(C)O[C@]7(C)CC[C@@H]8O[C@@H]9C[C@]%10(C)O[C@@H]%11C(C)=CC(=O)O[C@H]%11C[C@H]%10O[C@H]9C[C@@H](C)[C@H]8O[C@H]7C[C@H]6O[C@@]5(C)C/C=C\[C@H]4O[C@H]3C[C@H]2O1
CHEMBL3,CN1CCC[C@H]1c1cccnc1
CHEMBL6200,c1cncc([C@@H]2CCCN2)c1
CHEMBL266886,CCC(C)(C)NC(=O)OCC1CN(C(=O)c2cc(OC)c(OC)c(OC)c2)CCN1C(=O)c1cc(OC)c(OC)c(OC)c1
CHEMBL269132,COc1cc(C(=O)N2CCN(C(=O)c3cc(OC)c(OC)c(OC)c3)C(COC(=O)NC(C)CC(C)C)C2)cc(OC)c1OC
CHEMBL269133,CCCC(C)NC(=O)OCC1CN(C(=O)c2cc(OC)c(OC)c(OC)c2)CCN1C(=O)c1cc(OC)c(OC)c(OC)c1
CHEMBL6346,O=C(C1CCCCN1)N1CCN(Cc2cccnc2)CC1
CHEMBL414181,c1cncc(CN2CCN(C[C@@H]3CCCN3)CC2)c1
CHEMBL6334,c1cc(CN2CCN(C[C@@H]3CCCN3)CC2)ccn1
CHEMBL263076,O=c1oc2c(O)c(O)ccc2c2cc(F)ccc12
CHEMBL6335,O=c1oc2c(Cl)c(Cl)ccc2c2cc(O)c(O)cc12
CHEMBL6336,Cc1cc(O)c(O)c2oc(=O)c3ccc(F)cc3c12
CHEMBL6353,ONC1c2cc(O)c(O)cc2-c2cc(O)c(O)cc21
CHEMBL6345,O=C1c2cc(O)c(O)cc2-c2cc(O)c(O)cc21
CHEMBL268770,O=c1oc2c(F)c(F)ccc2c2cc(O)c(O)cc12
CHEMBL6349,O=c1oc2cc(O)c(O)cc2c2cc(F)ccc12
CHEMBL413593,C[C@]12CCC3C(CC=C4C[C@@H](O)[C@H]5COC[C@]43C5)C1CC[C@@H]2OC1CC1
CHEMBL267358,C[C@]12CCC(=O)C=C1C(=O)CC1C2CC[C@@]2(C)C1CC[C@@H]2OC1CC1
CHEMBL6338,O=c1oc2c(O)c(O)ccc2c2cc(O)c(O)cc12
CHEMBL269134,COc1cc(C(=O)N2CCN(C(=O)c3cc(OC)c(OC)c(OC)c3)C(COC(=O)NCC(C)(C)C)C2)cc(OC)c1OC
CHEMBL6359,COc1cc(C(=O)N2CCN(C(=O)c3cc(OC)c(OC)c(OC)c3)C(COC(=O)NC(C)(C)C)C2)cc(OC)c1OC
CHEMBL6211,CCCCCCCC(=O)OCC1CN(C(=O)c2cc(OC)c(OC)c(OC)c2)CCN1C(=O)c1cc(OC)c(OC)c(OC)c1
CHEMBL266184,CCCCCCCCCC(=O)OCC1CN(C(=O)c2cc(OC)c(OC)c(OC)c2)CCN1C(=O)c1cc(OC)c(OC)c(OC)c1
CHEMBL6217,COc1cc(C(=O)N2CCN(C(=O)c3cc(OC)c(OC)c(OC)c3)C(COC(C)=O)C2)cc(OC)c1OC
CHEMBL24879,CCCCCCCCNC(=O)OCC1CN(C(=O)c2cc(OC)c(OC)c(OC)c2)CCN1C(=O)c1cc(OC)c(OC)c(OC)c1
CHEMBL227457,CCCCCCCCCCCCCCCCCC(=O)OCC1CN(C(=O)c2cc(OC)c(OC)c(OC)c2)CCN1C(=O)c1cc(OC)c(OC)c(OC)c1
CHEMBL6201,Cn1c(CC(=O)O)cc(CO)c1C(=O)c1ccc(Cl)cc1
CHEMBL265773,COc1cc(C(=O)N2CCN(C(=O)c3cc(OC)c(OC)c(OC)c3)C(COC(=O)COc3ccc(Cl)cc3)C2)cc(OC)c1OC
CHEMBL414696,COc1cc(C(=O)N2CCN(C(=O)c3cc(OC)c(OC)c(OC)c3)C(COC(=O)COc3ccc(F)cc3)C2)cc(OC)c1OC
CHEMBL267913,C[C@]12CCC(=O)C=C1CCC1C2CC[C@@]2(C)C1CC[C@@H]2OC1CC1
CHEMBL6245,CC1(C)C2=CCC3C(CC[C@@]4(C)C3CC[C@@H]4OC3CC3)[C@@]2(C)CC[C@@H]1O
CHEMBL4,CC1COc2c(N3CCN(C)CC3)c(F)cc3c(=O)c(C(=O)O)cn1c23
CHEMBL5,CCn1cc(C(=O)O)c(=O)c2ccc(C)nc21
CHEMBL6246,O=c1oc2c(O)c(O)cc3c(=O)oc4c(O)c(O)cc1c4c23
CHEMBL6247,Cc1cc(O)c(O)c2oc(=O)c3cc(O)c(O)cc3c12
CHEMBL268597,COc1cc(C(=O)N2CCN(C(=O)c3cc(OC)c(OC)c(OC)c3)C(COC(=O)C3CCCCC3)C2)cc(OC)c1OC
CHEMBL6270,CCC(CC)C(=O)OCC1CN(C(=O)c2cc(OC)c(OC)c(OC)c2)CCN1C(=O)c1cc(OC)c(OC)c(OC)c1
CHEMBL6311,CC(=O)/C=C/CC1C(=O)N2[C@@H](C(=O)O)C(C)(C)S(=O)(=O)[C@@H]12
CHEMBL6312,C=Cn1cc(C(=O)O)c(=O)c2cc(F)c(N3CCC(CNCC)C3)c(F)c21
CHEMBL204021,CCN(CC)CCN(Cc1ccc(-c2ccc(C(F)(F)F)cc2)cc1)C(=O)Cn1c(SCc2ccc(F)cc2)nc(=O)c2c1CCC2
CHEMBL383864,COCCc1ccc(OCC(O)CN(CC(O)COc2ccc(CCOC)cc2)C(C)COCC(C)OCC(C)OCC(C)N(CC(O)COc2ccc(CCOC)cc2)CC(O)COc2ccc(CCOC)cc2)cc1
CHEMBL266222,CC[C@H](NC(=O)[C@H](CC1CCCCC1)NC(=O)[C@@H](NC(=O)[C@H](CC(C)C)NC(=O)c1cnccn1)[C@@H](C)CC)C(=O)C(=O)N[C@@H](CCCCN)C(=O)O
CHEMBL6263,CCCCCN(CCCCC)C(=O)OCC1CN(C(=O)c2cc(OC)c(OC)c(OC)c2)CCN1C(=O)c1cc(OC)c(OC)c(OC)c1
CHEMBL6319,CCCCN(CCCC)C(=O)OCC1CN(C(=O)c2cc(OC)c(OC)c(OC)c2)CCN1C(=O)c1cc(OC)c(OC)c(OC)c1
CHEMBL6341,CCCC(=O)OCC1CN(C(=O)c2cc(OC)c(OC)c(OC)c2)CCN1C(=O)c1cc(OC)c(OC)c(OC)c1
CHEMBL269131,CCCN(CCC)C(=O)OCC1CN(C(=O)c2cc(OC)c(OC)c(OC)c2)CCN1C(=O)c1cc(OC)c(OC)c(OC)c1
CHEMBL6322,CCN(CC)C(=O)OCC1CN(C(=O)c2cc(OC)c(OC)c(OC)c2)CCN1C(=O)c1cc(OC)c(OC)c(OC)c1
CHEMBL267357,COc1cc(NC(=O)OCC2CN(C(=O)c3cc(OC)c(OC)c(OC)c3)CCN2C(=O)c2cc(OC)c(OC)c(OC)c2)cc(OC)c1OC
CHEMBL380444,CCC(CC)NC(=O)OCC1CN(C(=O)c2cc(OC)c(OC)c(OC)c2)CCN1C(=O)c1cc(OC)c(OC)c(OC)c1
CHEMBL204022,CCC(C)CNC(=O)OCC1CN(C(=O)c2cc(OC)c(OC)c(OC)c2)CCN1C(=O)c1cc(OC)c(OC)c(OC)c1
CHEMBL6350,CCCCC(CC)CNC(=O)OCC1CN(C(=O)c2cc(OC)c(OC)c(OC)c2)CCN1C(=O)c1cc(OC)c(OC)c(OC)c1
CHEMBL6202,COc1cc(C(=O)N2CCN(C(=O)c3cc(OC)c(OC)c(OC)c3)C(COC(=O)NCCC(C)C)C2)cc(OC)c1OC
CHEMBL258053,COc1cc(C(=O)N2CCN(C(=O)c3cc(OC)c(OC)c(OC)c3)C(COC(=O)NC(C)C(C)C)C2)cc(OC)c1OC
CHEMBL6203,COc1cc(C(=O)N2CCN(C(=O)c3cc(OC)c(OC)c(OC)c3)C(COC(=O)c3ccccc3Cl)C2)cc(OC)c1OC
CHEMBL258253,CCCCCC(=O)OCC1CN(C(=O)c2cc(OC)c(OC)c(OC)c2)CCN1C(=O)c1cc(OC)c(OC)c(OC)c1
CHEMBL263777,Cc1nccn1CCCCc1ccc(CC(=O)N[C@H](CO)Cc2ccc(OCCC3CCCCC3)c(CCCN)c2)cc1
CHEMBL268596,COc1cc(C(=O)N2CCN(C(=O)c3cc(OC)c(OC)c(OC)c3)C(COC(=O)C(C)(C)C)C2)cc(OC)c1OC
CHEMBL6,COc1ccc2c(c1)c(CC(=O)O)c(C)n2C(=O)c1ccc(Cl)cc1
CHEMBL266220,O=C(C1CCCCN1)N1CCN(Cc2ccncc2)CC1
CHEMBL6233,O=C(C1CCCCN1)N1CCN(Cc2ccccn2)CC1
CHEMBL6234,O=C([C@@H]1CCCN1)N1CCN(Cc2cccnc2)CC1
CHEMBL268598,O=C([C@@H]1CCCN1)N1CCN(Cc2ccccn2)CC1
CHEMBL6232,COc1cc(C(=O)N2CCN(C(=O)c3cc(OC)c(OC)c(OC)c3)C(COC(=O)CC(C)(C)C)C2)cc(OC)c1OC
CHEMBL6253,C[C@]12CC[C@H](O)CC1=CCC1C2CC[C@@]2(C)C1CC[C@@H]2OC1CC1
CHEMBL414006,C[C@]12CCC3C(CCC4=CC(=O)[C@H]5COC[C@]43C5)C1CC[C@@H]2OC1CC1
CHEMBL414007,CCC(CC)C(=O)OCC1CN(Cc2cc(OC)c(OC)c(OC)c2)CCN1Cc1cc(OC)c(OC)c(OC)c1
CHEMBL267229,COc1cc(N2CCN(c3cc(OC)c(OC)c(OC)c3)CC2)cc(OC)c1OC
CHEMBL6244,COc1cc(C(=O)N2CCN(C(=O)c3cc(OC)c(OC)c(OC)c3)CC2)cc(OC)c1OC
CHEMBL6227,Cc1nccn1CCCCc1ccc(CC(=O)N[C@H](CO)Cc2ccc(OCCC3CCCCC3)c(CCCCN)c2)cc1
CHEMBL6242,Cc1nccn1CCCCc1ccc(CC(=O)N[C@@H](CO)Cc2ccc(OCCC3CCCCC3)c(CCCN)c2)cc1
CHEMBL269340,CCCCNC(=O)OCC1CN(C(=O)c2cc(OC)c(OC)c(OC)c2)CCN1C(=O)c1cc(OC)c(OC)c(OC)c1
CHEMBL6251,N[C@@H](CCC(=O)Nc1ccc([N+](=O)[O-])cc1)C(=O)O
CHEMBL440577,COC(=O)[C@@H](N)CO
CHEMBL263074,Cl.N[C@@H](CNC(=O)Nc1ccc([N+](=O)[O-])cc1)C(=O)O
CHEMBL6267,COC(=O)[C@@H](N)COC(=O)Nc1ccc([N+](=O)[O-])cc1.Cl
CHEMBL6285,COC(=O)[C@@H](N)CCC(=O)Nc1ccc([N+](=O)[O-])cc1.Cl
CHEMBL267627,CON(C)C(=O)/C=C/CC1C(=O)N2[C@@H]1[S+]([O-])C(C)(C)[C@@H]2C(=O)O
CHEMBL6286,CC1(C)[C@H](C(=O)O)N2C(=O)C(C/C=C/C=O)[C@H]2S1(=O)=O
CHEMBL403,CC1(C)[C@H](C(=O)O)N2C(=O)C[C@H]2S1(=O)=O
CHEMBL6289,CCNCC1CCN(c2c(F)cc3c(=O)c(C(=O)O)cn(OC)c3c2F)C1
CHEMBL6282,CCNCC1CCN(c2c(F)cc3c(=O)c(C(=O)O)cn(C4CC4C)c3c2F)C1
CHEMBL448105,CC(C)C[C@H](NC(=O)[C@H](C)N)C(=O)N[C@@H](Cc1ccc(O)cc1)C(=O)N[C@@H](C)C(=O)N[C@@H](CO)C(=O)N[C@@H](CCCCN)C(=O)N[C@@H](CC(C)C)C(=O)N[C@@H](CO)C(N)=O
CHEMBL6269,Cc1nccn1CCCCc1ccc(CC(=O)N[C@@H](CO)C(=O)N[C@@H](CCCCN)C(=O)NCCC2CCCCC2)cc1
CHEMBL6300,COC(=O)[C@@H](N)CNC(=O)Nc1ccc([N+](=O)[O-])cc1.Cl
CHEMBL6301,CC(=O)/C=C/CC1C(=O)N2[C@@H](C(=O)O)C(C)(C)S(=O)(=O)[C@H]12
CHEMBL6309,COC(=O)/C=C/CC1C(=O)N2[C@@H](C(=O)O)C(C)(C)S(=O)(=O)[C@H]12
CHEMBL265664,CCNCC1CCN(c2c(F)cc3c(=O)c(C(=O)O)cn(C(C)C)c3c2F)C1
CHEMBL6265,CCNCC1CCN(c2c(F)cc3c(=O)c(C(=O)O)cn(C4CCCC4)c3c2F)C1
CHEMBL268887,CCNCC1CCN(c2c(F)cc3c(=O)c(C(=O)O)cn(-c4ccc(F)cc4)c3c2F)C1
CHEMBL6259,CN1CCN(c2cc3c(cc2F)c(=O)c(C(=O)O)cn3-c2ccc(F)cc2)CC1
CHEMBL404,C[C@]1(Cn2ccnn2)[C@H](C(=O)O)N2C(=O)C[C@H]2S1(=O)=O
CHEMBL6261,CC1(C)[C@H](C(=O)O)N2C(=O)[C@@H](Cc3cn(CC4CCCN4)nn3)[C@H]2S1(=O)=O
CHEMBL6281,CC1(C)[C@H](C(=O)O)N2C(=O)[C@@H](Cc3cn(-c4ccc(O)cc4)nn3)[C@H]2S1(=O)=O
CHEMBL6273,CN1CCN(c2c(F)cc3c(=O)c(C(=O)O)cn(CCF)c3c2F)CC1
CHEMBL6287,CCNCC1CCN(c2c(F)cc3c(=O)c(C(=O)O)cn(C)c3c2F)C1
CHEMBL267628,CCNCC1CCN(c2c(F)cc3c(=O)c(C(=O)O)cn(C4CCCCC4)c3c2F)C1
CHEMBL6291,Cn1cc(C2=C(c3cn(CCCSC(=N)N)c4ccccc34)C(=O)NC2=O)c2ccccc21
CHEMBL6292,CC1(C)[C@H](C(=O)O)N2C(=O)[C@@H](Cc3cn(-c4ccc(F)cc4)nn3)[C@H]2S1(=O)=O
CHEMBL267863,CC1(C)[C@H](C(=O)O)N2C(=O)[C@@H](Cc3cn(-c4ccc(N)cc4)nn3)[C@H]2S1(=O)=O
CHEMBL263882,CC1(C)[C@H](C(=O)O)N2C(=O)[C@@H](Cc3cn(CC(N)Cc4ccc(O)cc4)nn3)[C@H]2S1(=O)=O
CHEMBL6331,Cn1cc(C2=C(c3cn(CCC[N+](C)(C)C)c4ccccc34)C(=O)NC2=O)c2ccccc21
CHEMBL6332,Cn1cc(C2=C(c3cn(CCCCC(=N)N)c4ccccc34)C(=O)NC2=O)c2ccccc21
CHEMBL268769,CN(C)CCCn1cc(C2=C(c3cn(C)c4ccccc34)C(=O)NC2=O)c2ccccc21
CHEMBL269264,Cn1cc(C2=C(c3cn(CCCN)c4ccccc34)C(=O)NC2=O)c2ccccc21
CHEMBL6209,CCNCC1CCN(c2c(F)cc3c(=O)c(C(=O)O)cn(CC)c3c2F)C1
CHEMBL6210,CCNCC1CCN(c2c(F)cc3c(=O)c(C(=O)O)cn(C4CC4)c3c2F)C1
CHEMBL267386,Cn1cc(C2=C(c3cn(CCCN=C(N)N)c4ccccc34)C(=O)NC2=O)c2ccccc21
CHEMBL6220,CC1(C)[C@H](C(=O)O)N2C(=O)[C@@H](Cc3cn(-c4ccccc4)nn3)[C@H]2S1(=O)=O
CHEMBL267626,CC1(C)[C@H](C(=O)O)N2C(=O)C(C/C=C/C#N)[C@@H]2S1(=O)=O
CHEMBL6221,COC(=O)/C=C/CC1C(=O)N2[C@@H](C(=O)O)C(C)(C)S(=O)(=O)[C@@H]12
CHEMBL265663,CCNCC1CCN(c2c(F)cc3c(=O)c(C(=O)O)cn(CC(F)(F)F)c3c2F)C1
CHEMBL268292,Cn1cc(C2=C(c3cn(CCO)c4ccccc34)C(=O)NC2=O)c2ccccc21
CHEMBL6205,Cn1cc(C2=C(c3cn(CCCO)c4ccccc34)C(=O)NC2=O)c2ccccc21
CHEMBL441172,Cn1cc(C2=C(c3cn(CCCCO)c4ccccc34)C(=O)NC2=O)c2ccccc21
CHEMBL6199,Cn1cc(C2=C(c3cn(CCCCCO)c4ccccc34)C(=O)NC2=O)c2ccccc21
CHEMBL429244,CNCCCn1cc(C2=C(c3cn(C)c4ccccc34)C(=O)NC2=O)c2ccccc21
CHEMBL6204,COc1ccc(-c2c(-c3ccccn3)nc3n2CCC3)cc1
CHEMBL6229,CCc1cc2c(Sc3nnc(N)s3)ncnc2s1
CHEMBL6231,CNn1cc(C(=O)O)c(=O)c2cc(F)c(N3CCN(C)CC3)cc21
CHEMBL6215,CCc1cc2c(O)ncnc2s1
CHEMBL6235,Cn1cc(C2=C(c3cn(CCCCCN)c4ccccc34)C(=O)NC2=O)c2ccccc21
CHEMBL266483,Cn1cc(C2=C(c3cn(CCCCN)c4ccccc34)C(=O)NC2=O)c2ccccc21
CHEMBL8,O=C(O)c1cn(C2CC2)c2cc(N3CCNCC3)c(F)cc2c1=O
CHEMBL6224,C1=C(c2ccccc2)CCNC1
CHEMBL6225,CCNCC1CCN(c2c(F)cc3c(=O)c(C(=O)O)cn(CC4CC4)c3c2F)C1
CHEMBL6256,CCNCC1CCN(c2c(F)cc3c(=O)c(C(=O)O)cn(NC)c3c2F)C1
CHEMBL267230,C[N+]1([O-])CC=C(c2ccccc2)CC1
CHEMBL9,CCn1cc(C(=O)O)c(=O)c2cc(F)c(N3CCNCC3)cc21
CHEMBL268888,Cn1cc(C2=C(c3cn(CCCCSC(=N)N)c4ccccc34)C(=O)NC2=O)c2ccccc21
CHEMBL415287,CCNCC1CCN(c2c(F)cc3c(=O)c(C(=O)O)cn(CCF)c3c2F)C1
CHEMBL6250,O=C(O)c1ccc(-c2nc(-c3ccc4c(c3)OCO4)c(-c3ccccn3)[nH]2)cc1
CHEMBL10,C[S+]([O-])c1ccc(-c2nc(-c3ccc(F)cc3)c(-c3ccncc3)[nH]2)cc1
CHEMBL268889,c1ccc(-c2nc3n(c2-c2ccc4c(c2)OCO4)CCC3)nc1
CHEMBL266706,Fc1ccc(-c2c(-c3ccccn3)nc3n2CCS3)cc1
CHEMBL6304,Fc1ccc(-c2c(-c3ccccn3)nc3n2CCC3)cc1
CHEMBL266707,Fc1ccc(-c2c(-c3ccncc3)nc3n2CCS3)cc1
CHEMBL6294,Fc1ccc(-c2c(-c3cccnc3)nc3n2CCC3)cc1
CHEMBL6299,CCNCC1CCN(c2c(F)cc3c(=O)c(C(=O)O)cn(-c4nccs4)c3c2F)C1
CHEMBL263075,CCNCC1CCN(c2c(F)cc3c(=O)c(C(=O)O)cn(-c4ccccc4)c3c2F)C1
CHEMBL6262,CCNCC1CCN(c2c(F)cc3c(=O)c(C(=O)O)cn(C4CCC4)c3c2F)C1
CHEMBL6276,CCNCC1CCN(c2c(F)cc3c(=O)c(C(=O)O)cn(C4(C)CC4)c3c2F)C1
CHEMBL6279,Cn1cc(C2=C(c3cn(CCC/N=C(\N)N[N+](=O)[O-])c4ccccc34)C(=O)NC2=O)c2ccccc21
CHEMBL269056,CCc1cc2c(Cl)ncnc2s1
CHEMBL267127,CCc1cc2c(Sc3nnc(C)s3)ncnc2s1
CHEMBL269495,CCc1cc2c(Nc3nnc(C)s3)ncnc2s1
CHEMBL267678,Cc1ccc(Sc2cncc3sc(C(N)=O)cc23)cc1
CHEMBL267914,Cc1ccc(Sc2ccnc3sc(C(N)=O)cc23)cc1
CHEMBL6248,COc1ccc2sc(C(N)=O)c(OC(C)C)c2c1
CHEMBL269339,O=C(O)c1ccc(-c2nc(-c3ccc(F)cc3)c(-c3ccccn3)[nH]2)cc1
CHEMBL269341,N#Cc1ccc(-c2nc(-c3ccc4c(c3)OCO4)c(-c3ccccn3)[nH]2)cc1
CHEMBL440084,NC(=O)c1ccc(-c2nc(-c3ccccn3)c(-c3ccc4c(c3)OCO4)[nH]2)cc1
CHEMBL267228,OCc1ccc(-c2nc(-c3ccccn3)c(-c3ccc4c(c3)OCO4)[nH]2)cc1
CHEMBL6252,O=C(O)c1ccc(-c2nc(-c3ccc(F)cc3)c(-c3ccncc3)[nH]2)cc1
CHEMBL268529,Cn1cc(C2=C(c3cn(CCN)c4ccccc34)C(=O)NC2=O)c2ccccc21
CHEMBL267126,Cn1cc(C2=C(c3cn(CCSC(=N)N)c4ccccc34)C(=O)NC2=O)c2ccccc21
CHEMBL6274,Cn1cc(C2=C(c3cn(CCCCCSC(=N)N)c4ccccc34)C(=O)NC2=O)c2ccccc21
CHEMBL268530,Cc1ccc(Sc2cncc3sc(CO)cc23)cc1
CHEMBL6275,Cc1cc(C)cc(Sc2cncc3sc(C(N)=O)cc23)c1
CHEMBL267125,Cc1ccc(Sc2cncc3sc(C(N)=O)cc23)cc1C
CHEMBL269497,Cc1cccc(Sc2cncc3sc(C(N)=O)cc23)c1
CHEMBL106031,Cn1nc(-c2ccc(C(=O)O)cc2)c2c1-c1cc3c(cc1CC2)C(C)(C)CCC3(C)C
CHEMBL106406,Cc1cccc(C)c1C(=O)N1CCC(C)(N2CCC(Cc3ccc(I)cc3)CC2)CC1
CHEMBL106155,CCCCCCC(c1ccccc1)N1CC[C@H]1[C@H](N)c1cccc(Cl)c1
CHEMBL265115,CNC(=O)CCCCC(=O)N[C@@H](CCCN=C(N)N)C(=O)N[C@@H](Cc1ccccc1)C(=O)N[C@@H](Cc1ccccc1)C(=O)N(CCCNC(C)=O)CC(=O)N[C@@H](CC(C)C)C(=O)N[C@@H](CCSC)C(N)=O
CHEMBL106184,CSCC[C@H](NC(=O)[C@H](CC(C)C)NC(=O)CN(CCCN)C(=O)[C@H](Cc1ccccc1)NC(=O)[C@H](Cc1ccccc1)NC(=O)[C@H](CCCN=C(N)N)NC(C)=O)C(N)=O
CHEMBL422779,CSCC[C@H](NC(=O)[C@H](CC(C)C)NC(=O)[C@H]1CCCN1C(=O)[C@H](Cc1ccccc1)NC(=O)[C@H](Cc1ccccc1)NC(=O)[C@H](CCCN=C(N)N)NC(C)=O)C(N)=O
CHEMBL444268,Fc1ccc(C(OCCNCC2CNc3ccccc3O2)c2ccc(F)cc2)cc1
CHEMBL110132,Fc1ccc(N2CCN(CC3CN(Cc4ccccc4)c4ccccc4O3)CC2)cc1
CHEMBL110131,O=C(O)CCCCCCc1ccc(Cc2ccc([N+](=O)[O-])cc2)cc1
CHEMBL108725,O=C(N[C@@H](Cc1ccccc1)C(=O)N1CCc2ccccc2C1)[C@@H]1CCCN1C(=S)NCc1ccccc1Cl
CHEMBL320762,CN(C(=O)[C@H](Cc1ccccc1)NC(=O)[C@@H]1CCCN1/C(S)=N/Cc1ccccc1Cl)c1ccccc1
CHEMBL110272,CCCCN1CCC=C(c2csc(NC)n2)C1
CHEMBL109118,CCCc1sc(NS(=O)(=O)/C=C/c2ccc(C)cc2)nc1-c1ccc(-c2ccccc2)cc1
CHEMBL321599,CCCc1sc(NS(=O)(=O)/C=C/c2ccc3ccccc3c2)nc1-c1ccc2ccccc2c1
CHEMBL108328,CCCCCCCCCCc1sc(NS(=O)(=O)/C=C/c2ccccc2Cl)nc1-c1ccccc1
CHEMBL106026,O=C(O)CCCCCCc1ccc(Cc2cccc3ccccc23)cc1
CHEMBL325560,CNC(=O)[C@H](CC(C)C)NC(=O)[C@H](Cc1ccccc1)NC(=O)CNC(=O)CNC(=O)[C@@H](N)Cc1ccc(O)cc1
CHEMBL106872,CNC(=O)[C@H](CC(C)C)N(C)C(=O)[C@H](Cc1ccccc1)NC(=O)CNC(=O)CNC(=O)[C@@H](N)Cc1ccc(O)cc1
CHEMBL106444,NC(=O)[C@H](Cc1ccccc1)NC(=O)[C@H](Cc1ccc2ccc(O)cc2c1)[C@H](O)C(=O)NO
CHEMBL107046,O=C(O)CCCCCCc1ccc(Cc2ccncc2)cc1
CHEMBL107047,CCN(CC)CCCC(C)Nc1cccc2cc(Cl)ccc12
CHEMBL106408,CCN(CC)CCCC(C)Cc1ccnc2cc(Cl)ccc12
CHEMBL106093,CCCN(c1nc(-c2c(C)cc(C)cc2C)n(CC(F)(F)F)n1)C(C1CC1)C1CC1
CHEMBL106034,Cc1ccc(C(O)(Cn2ccnc2)c2ccc(Br)cc2)cc1
CHEMBL320062,OC(Cn1ccnc1)(c1ccc(Br)cc1)c1ccc(F)cc1F
CHEMBL262270,OC(Cn1ccnc1)(c1ccccc1)c1ccc(-c2ccncc2)cc1
CHEMBL317240,CCCCCNC1=NCCN1OCc1ccccc1OC
CHEMBL105928,CCCCCNC1=NCCN1OCc1ccccc1C
CHEMBL106309,O=C(O)CCCCCCc1ccc(Cc2ccc3ccccc3n2)cc1
CHEMBL105939,COc1ccc(-c2c3c(nc4cc5c(cc24)OCO5)COC3=O)cc1OC
CHEMBL106403,O=C(O)CCCCCCc1ccc(CCCc2ccc(O)cc2)s1
CHEMBL320792,COc1ccc(-c2c3c(nc4cc(OC)c(OC)cc24)COC3=O)cc1OC
CHEMBL317642,COc1cc2nc3c(c(-c4ccc5c(c4)OCO5)c2cc1OC)C(=O)OC3
CHEMBL316550,CNC(=O)[C@H](Cc1ccccc1)NC(=O)[C@H](Cc1cc2ccccc2o1)[C@H](O)C(=O)NO
CHEMBL316805,CC(=O)S[C@@H](C(=O)NC1(C(=O)N[C@@H](Cc2ccc(O)cc2)C(=O)OCCC(C)C)CCCC1)C(C)C
CHEMBL106366,CCCC(c1ccccc1)N1CC[C@H]1[C@H](N)c1cccc(Cl)c1
CHEMBL317674,CCCN1CCC=C(c2csc(C)n2)C1
CHEMBL322978,CCCN1CCC=C(c2cnc(N)s2)C1
CHEMBL110813,C=C(C)[C@@H]1CC[C@]2(C(=O)O)CC[C@]3(C)C(CCC4[C@@]5(C)CC[C@H](OC(=O)c6ccc(CCCCC)cc6)C(C)(C)C5CC[C@]43C)C12
CHEMBL110340,CN(Cc1ccccc1)C(=O)[C@H](Cc1cn(C)c2ccccc12)NC(=O)[C@@H]1CCCN1/C(S)=N/Cc1ccccc1Cl
CHEMBL108683,CN(Cc1ccccc1)C(=O)[C@H](Cc1c[nH]c2ccccc12)NC(=O)[C@@H]1CCCN1/C(S)=N/Cc1ccccc1Cl
CHEMBL108682,CCCN1CCC=C(c2csc(NC)n2)C1
CHEMBL320953,CCCc1sc(NS(=O)(=O)/C=C/c2ccc(C(F)(F)F)cc2)nc1-c1ccc(-c2ccccc2)cc1
CHEMBL105883,Cc1cc2cc(O)c(O)cc2c(C)c1-c1ccccc1C(F)(F)F
CHEMBL106946,Cc1cc2ccc(F)cc2c(C)c1-c1ccc(O)c(O)c1
CHEMBL107636,COc1cc2ccc(=O)oc2cc1OC/C=C(\C)C1=CC(=O)C(C)(C)O1
CHEMBL321604,CC(=O)N[C@H]1[C@@H](O)[C@H](c2nc(C(N)=O)cs2)O[C@@H]1CO
CHEMBL106679,O=C(O)CCCCCCc1ccc(Cc2cccnc2)cc1
CHEMBL106680,O=C(O)CCCCCCc1ccc(Cc2ccccn2)cc1
CHEMBL107180,CCc1c(O)nc(SCC(=O)c2ccc(F)cc2)nc1Cc1cccc2ccccc12
CHEMBL108062,Cc1cc2cc(O)c(O)cc2c(C)c1-c1ccc(F)cc1
CHEMBL108063,CCN1/C(=C/C=c2\s/c(=C\c3sc4ccccc4[n+]3CC)n(-c3ccccc3)c2=O)Sc2ccccc21.[I-]
CHEMBL106785,N[C@H](c1cccc(Cl)c1)[C@@H]1CCN1C(c1ccc(Cl)cc1)c1ccc(Cl)cc1
CHEMBL321462,N[C@H](c1cccc(Cl)c1)[C@@H]1CCN1C(c1ccc(F)cc1)c1ccc(F)cc1
CHEMBL320061,N[C@H](c1cccc(Cl)c1)[C@@H]1CCN1C(c1cccc(C(F)(F)F)c1)c1cccc(C(F)(F)F)c1
CHEMBL105787,OC(Cn1ccnc1)(c1ccc(F)cc1)c1cccc(-c2ccncc2)c1
CHEMBL320314,COc1cccc2[nH]cc(CC/N=C(/N)NC(=O)c3ccc(C)cc3)c12
CHEMBL322987,CCCCCNC1=NCCN1OCc1ccccc1Cl
CHEMBL321919,CCCCCNC1=NCCN1OCc1ccccc1F
CHEMBL107957,O=C1CCc2ccc(cc2)Oc2cccc(c2)CCN1
CHEMBL324198,C[C@@H](NC(=O)[C@H](Cc1ccccc1)C[C@H](O)[C@H](Cc1ccccc1)NC(=O)OC(C)(C)C)C1CCCCC1
CHEMBL107234,CCCN1CN(CC(C)=O)C(=O)C12CCN(C)CC2
CHEMBL323741,O=C(CN(NC1CCN(Cc2ccccc2)CC1)NC1CCN(Cc2ccccc2)CC1)N1CCN(Cc2cc(C(F)(F)F)cc(C(F)(F)F)c2)CC1c1ccccc1
CHEMBL106657,CC(C)(C)OC(=O)N[C@@H](Cc1ccccc1)[C@@H](O)C[C@@H](Cc1ccccc1)C(=O)NCC1CCCCC1
CHEMBL106658,CCCCN1CCC=C(c2csc(N)n2)C1
CHEMBL321288,CNC(=O)[C@H](Cc1ccccc1)NC(=O)[C@H](Cc1csc2ccccc12)[C@H](O)C(=O)NO
CHEMBL109202,CN1CCC=C(c2csc(N)n2)C1
CHEMBL326429,CN(CCc1c[nH]c2ccccc12)C(=O)[C@H](Cc1ccccc1)NC(=O)[C@@H]1CCCN1/C(S)=N/Cc1ccccc1Cl
CHEMBL322329,COc1cccc(C23CCN(C)C(CC(=O)C2)C3)c1
CHEMBL321155,CCCN(c1nc(-c2c(C)cc(C)cc2C)n(CC)n1)C(C1CC1)C1CC1
CHEMBL110933,CCCC(c1ccccc1)N1CC[C@H]1[C@@H](N)c1cccc(Cl)c1
CHEMBL108724,C/C(=C\C=C\c1ccc2ccc(=O)oc2c1)C1=CC(=O)C(C)(C)O1
CHEMBL323385,C/C(=C\COC(=O)NCCCl)C1=CC(=O)C(C)(C)O1
CHEMBL326892,Cc1ccc2cc(C)c(-c3ccc(O)c(O)c3)c(C)c2c1
CHEMBL108617,Cc1cc2cc(O)c(O)cc2c(C)c1-c1ccc(C(F)(F)F)cc1
CHEMBL109123,CC(=O)CN1CN(CCc2ccccc2)C2(CCN(C)CC2)C1=O
CHEMBL109172,CC(=O)CN1CN(CC2CCCCC2)C2(CCN(C)CC2)C1=O
CHEMBL320116,OCC1NC(CO)[C@H](O)[C@@H](O)[C@@H]1O
CHEMBL108351,NC(=O)c1csc([C@@H]2O[C@H](CO)[C@@H](F)[C@H]2O)n1
CHEMBL320702,CCc1c(O)nc(SCC(=O)c2ccc(C)cc2)nc1Cc1cccc2ccccc12
CHEMBL440706,CCc1c(O)nc(SCC(=O)c2ccc(OC)cc2)nc1Cc1cccc2ccccc12
CHEMBL414231,CCC(=O)OC(=O)[C@]12CC[C@@H](C(C)C)C1C1CCC3[C@@]4(C)CC[C@H](O)C(C)(C)C4CC[C@@]3(C)[C@]1(C)CC2
CHEMBL324397,COc1ccc(-c2nnnn2-c2cc(OC)c(OC)c(OC)c2)cc1N
CHEMBL107543,CC(C)[C@@H](CN1CCCC1)N(C)C(=O)COc1ccccc1
CHEMBL107652,CC(C)[C@@H](CN1CCCC1)N(C)C(=O)CCc1ccccc1
CHEMBL107702,COc1ccc(CC(=O)N(C)[C@H](CN2CCCC2)C(C)C)cc1
CHEMBL324682,CC(C)[C@@H](CN1CCCC1)N(C)C(=O)Cc1ccc(C(F)(F)F)cc1
CHEMBL108095,Cn1sc(Cl)cc1=O.Cn1sccc1=O
CHEMBL110764,CCCCCCCCn1sc(Cl)c(Cl)c1=O
CHEMBL110517,CN1Cc2cc(C(=O)N(Cc3nc4ccccc4[nH]3)Cc3nc4ccccc4[nH]3)ccc2N[C@@H](CC(=O)O)C1=O
CHEMBL110615,N=C(N)NC(=O)c1ccccc1
CHEMBL108361,N=C(NCCCCc1ccccc1)NC(=O)c1cccs1
CHEMBL108362,COc1cc2c(cc1NCCN(C)C)nc(Nc1c(C)cccc1Cl)c1cncn12
CHEMBL321554,CN(Cc1ccccc1)C(=O)[C@H](Cc1ccc2ccccc2c1)NC(=O)[C@@H]1CCCN1C(=O)Nc1ccc(C#N)cc1
CHEMBL318084,CN(Cc1ccccc1)C(=O)[C@H](Cc1ccc2ccccc2c1)NC(=O)[C@@H]1CCCN1C(=O)Nc1cccc(C#N)c1
CHEMBL318085,CN(Cc1ccccc1)C(=O)[C@H](Cc1ccc2ccccc2c1)NC(=O)[C@@H]1CCCN1C(=O)Nc1ccccc1C#N
CHEMBL320882,CN(C(=O)Cc1ccc(Cl)c(Cl)c1)C(CN1CCCC1)c1ccccc1
CHEMBL106462,C=CC(=O)OC(=O)[C@]12CC[C@@H](C(=C)C)C1C1CCC3[C@@]4(C)CC[C@H](O)C(C)(C)C4CC[C@@]3(C)[C@]1(C)CC2
CHEMBL106217,CN(Cc1ccccc1)C(=O)[C@H](Cc1ccc(Cl)c(Cl)c1)NC(=O)[C@@H]1CCCN1/C(S)=N/Cc1ccccc1Cl
CHEMBL319476,CN(Cc1ccccc1)C(=O)[C@H](Cc1ccc2ccccc2c1)N(C)C(=O)[C@@H]1CCCN1/C(S)=N/Cc1ccccc1Cl
CHEMBL106078,CN(Cc1ccccc1)C(=O)[C@H](Cc1ccc2ccccc2c1)NC(=O)[C@@H]1CCCN1/C(S)=N/Cc1ccccc1Cl
CHEMBL106267,COc1cc(-c2c3c(nc4cc(OC)c(OC)c(OC)c24)COC3=O)cc(OC)c1OC
CHEMBL320359,COc1ccccc1COC(=O)N1CCC[C@H]1C(=O)NC(c1ccccc1)c1ccccc1
CHEMBL110652,CC(=O)CN1CN(c2ccccc2)C2(CCN(C)CC2)C1=O
CHEMBL110188,CC(=O)CN1CN(C2CCCCC2)C2(CCN(C)CC2)C1=O
CHEMBL432583,CC(C)(C)[C@H](NC(=O)[C@H](Cc1ccc2ccccc2c1)[C@H](O)C(=O)NO)C(N)=O
CHEMBL108358,NC(=O)c1csc([C@@H]2O[C@H](CO)[C@@H](O)[C@H]2O)n1
CHEMBL110878,COC1=C(/C=C(\CCCCCc2cccnc2)C(=O)O)C(=O)C(C)=C(C)C1=O
CHEMBL110924,CN(C(=O)Cc1ccc(Cl)c(Cl)c1)C(CN1CCCC1)c1cccc(Cl)c1
CHEMBL110870,CC(NP(=O)(O)O)C(=O)C1CCCC1C(=O)O
CHEMBL107635,O=C(O)CCc1cc(O)c2n(c1=O)C(C(=O)O)CC2
CHEMBL317022,COc1ccc(-c2nnc(C)n2-c2cc(OC)c(OC)c(OC)c2)cc1N
CHEMBL323257,CCCN(c1nc(-c2ccc(C)cc2C)n(C)n1)C(C1CC1)C1CC1
CHEMBL322468,CN1CCC2(c3cccc(O)c3)CC(=O)/C(=C/c3ccc(Cl)c(Cl)c3)C1C2
CHEMBL105814,COCCN1Cc2cc(C(=O)NCc3nc4ccccc4[nH]3)ccc2N[C@@H](CC(=O)O)C1=O
CHEMBL105815,O=C1c2ccccc2C(=O)c2c(NCC(Cl)CO)ccc(NCC(Cl)CO)c21
CHEMBL106088,CCOC(=O)c1nc2c(O)nc3cc(Cl)c(N)cc3n2n1
CHEMBL322202,COc1ccc(C[C@H]2C(=O)N[C@@H](C)C(=O)N(C)[C@H]3C(=O)N(C)[C@H]3C(=O)NC(C)C(=O)N[C@@H](C)C(=O)N2C)cc1
CHEMBL325762,COC(=O)[C@@H]1Cc2ccc(OC)c(c2)Oc2ccc(cc2)C[C@H](N(C)C(=O)OCc2ccccc2)C(=O)N1
CHEMBL317476,Cc1cccc(C)c1C(=O)N1CCC(C)(N2CCC(Cc3ccc(OC(F)(F)F)cc3)CC2)CC1
CHEMBL106299,Cc1cccc(C)c1C(=O)N1CCC(C)(N2CCC(Cc3ccc(Cl)cc3)CC2)CC1
CHEMBL106404,Cc1cc(C)cc(C(=O)N2CCN(C(=O)CNC3CCNCC3)[C@H](c3ccc(Cl)c(Cl)c3)C2)c1
CHEMBL106534,COc1cc(-c2c3c(nc4cc5c(cc24)-c2ccccc2C5)COC3=O)cc(OC)c1OC
CHEMBL322055,C/N=C(\NCCCCc1ccccc1)NC(=O)c1ccc(C)cc1
CHEMBL316515,CN(Cc1ccccc1)C(=O)[C@H](Cc1cc2ccccc2s1)NC(=O)[C@@H]1CCCN1/C(S)=N/Cc1ccccc1Cl
CHEMBL106100,CN(Cc1ccccc1)C(=O)[C@H](Cc1ccc2ccccc2c1)NC(=O)[C@@H]1CCCN1C(=O)Nc1ccccc1O
CHEMBL320016,COc1cc(-c2c3c(nc4cc5c(cc24)CCC5)COC3=O)cc(OC)c1OC
CHEMBL110356,COc1cc2nc3c(c(-c4cc(OC)c(OC)c(OC)c4)c2cc1OC)C(=O)OC3
CHEMBL108737,CNC(=O)[C@@H](NC(=O)[C@H](Cc1ccc2ccccc2c1)[C@H](O)C(=O)NO)C(C)(C)C
CHEMBL321862,COc1cc2c(cc1NCCN(C)C)nc(Nc1c(F)cccc1Cl)c1cncn12
CHEMBL110355,CN(Cc1ccccc1)C(=O)[C@H](Cc1ccc2ccccc2c1)NC(=O)[C@@H]1CCCN1C(=O)Nc1ccccc1F
CHEMBL110386,COC1=C(/C=C(\CCCCCc2cccnc2)C(=O)O)C(=O)C(C)=CC1=O
CHEMBL110387,COC1=C(/C=C(\CCCCCCc2cccnc2)C(=O)O)C(=O)C(C)=C(C)C1=O
CHEMBL110465,O=C1C=C(COP(=O)(NCCCl)NCCCl)C(=O)c2ccccc21
CHEMBL316775,Cn1c(COP(N)(=O)N(CCCl)CCCl)nc2c1C(=O)C=CC2=O
CHEMBL321061,CC(C)C[C@@H](CN1CCCC1)N(C)C(=O)Cc1ccc(Cl)c(Cl)c1
CHEMBL105942,CCC(C)[C@@H](CN1CCCC1)N(C)C(=O)Cc1ccc(Cl)c(Cl)c1
CHEMBL107091,C=CCn1nc(N(CCC)C(C2CC2)C2CC2)nc1-c1c(C)cc(C)cc1C
CHEMBL107092,Cc1cccc(C)c1C(=O)N1CCC(C)(N2CCC(Cc3ccc(C(F)(F)F)cc3)CC2)CC1
CHEMBL322416,COCCN1Cc2cc(C(=O)N(C)Cc3nc4ccccc4[nH]3)ccc2N[C@@H](CC(=O)O)C1=O
CHEMBL321389,CCCN(c1nc(-c2ccc(Cl)cc2Cl)nn1C)C(C1CC1)C1CC1
CHEMBL106729,Cc1c(C(C)C)c(=O)on1C(=O)N1CCCCCC1
CHEMBL106892,Cc1c(C(C)C)c(=O)on1C(=O)N1CCCCCCC1
CHEMBL320700,Cc1c(C(C)C)c(=O)on1C(=O)N1CCCCC1C
CHEMBL108270,Cc1c(C(C)C)c(=O)on1C(=O)N1CCC[C@@H](C)C1
CHEMBL108269,CCCCC/N=C1/CCCN1CCc1ccccc1
CHEMBL419923,CC(C)(C)OC(=O)N[C@@H](Cc1ccccc1)[C@@H](O)C[C@@H](Cc1ccccc1)C(=O)N[C@H]1c2ccccc2[C@@H](O)[C@H]1O
CHEMBL322598,COc1cc2c(cc1NCCN1CCOCC1)nc(Nc1c(C)cccc1Cl)c1cncn12
CHEMBL106457,COc1cc2c(cc1OCCN1CCOCC1)nc(Nc1c(C)cccc1Cl)c1cncn12
CHEMBL106369,COc1ccc(CC2CCN(C3(C)CCN(C(=O)c4c(C)cccc4C)CC3)CC2)cc1
CHEMBL105788,CC1=C(/C=C(\CCCCCc2cccnc2)C(=O)O)C(=O)C(OCC2CCCCC2)=C(C)C1=O
CHEMBL106253,CC(C)C[C@H]1C(=O)NCN1C(=O)[C@H](Cc1ccccc1)NC(=O)CNC(=O)CNC(=O)[C@@H](N)Cc1ccc(O)cc1
CHEMBL106254,CCOC1=C(C)C(=O)C(C)=C(/C=C(\CCCCCc2cccnc2)C(=O)O)C1=O
CHEMBL108223,CCCCOC1=C(C)C(=O)C(C)=C(/C=C(\CCCCCc2cccnc2)C(=O)O)C1=O
CHEMBL320095,COC(=O)C1Sc2cccc3[nH]cc(c23)C1C
CHEMBL326422,NC(=O)[C@H](Cc1ccccc1)NC(=O)[C@H](Cc1sc2ccccc2c1Cl)[C@H](O)C(=O)NO
CHEMBL326669,C[C@]12CCC3C(CC[C@@H]4CC(O)=CC[C@]34C)C1CCC2=O
CHEMBL108070,Cc1ccc(C(=O)NC(=N)NCCc2cccs2)cc1
CHEMBL106084,CCCCCC(c1ccccc1)N1CC[C@H]1[C@@H](N)c1cccc(Cl)c1
CHEMBL106213,COc1cc2c(cc1NCCN(C)C)nc(Nc1c(C)cccc1Cl)c1cnc(C)n12
CHEMBL106373,COC1=C(OC)C(=O)C(/C=C(\CCCCCc2cccnc2)C(=O)O)=C(C)C1=O
CHEMBL321272,Nc1ccc2nc(O)c3nc(C(=O)O)nn3c2c1
CHEMBL106555,CN1CCN(C(=O)CNC2CCN(Cc3ccccc3)CC2)C(c2ccccc2)C1
CHEMBL106578,CN(CCBr)P(=O)(OCC1=CC(=O)c2ccccc2C1=O)N(C)CCBr
CHEMBL106579,CCCCCNC1=NCCN1CCc1ccccc1
CHEMBL105864,COC(=O)[C@@H]1Cc2ccc(OC)c(c2)Oc2ccc(cc2)C[C@H](N(C)C(=O)OC(C)(C)C)C(=O)N1
CHEMBL105783,CC[C@@H](CN1CCCC1)N(C)C(=O)Cc1ccc(Cl)c(Cl)c1
CHEMBL105838,Cn1c(COP(N)(=O)N(CCBr)CCBr)nc2c1C(=O)C=CC2=O
CHEMBL324191,COc1c(O)c(C)c(C)c(O)c1/C=C(\CCCCCc1cccnc1)C(=O)O
CHEMBL321959,COc1c(C)c(O)c(C)c(/C=C(\CCCCCc2cccnc2)C(=O)O)c1O
CHEMBL106553,CC1(C)Cc2c(-c3ccc(C(=O)O)cc3)cn(Cc3cccnc3)c2-c2cc3c(cc21)C(C)(C)CCC3(C)C
CHEMBL108784,CCCN(c1n[nH]c(-c2c(C)cc(C)cc2C)n1)C(C1CC1)C1CC1
CHEMBL110113,CC1(C)CCC(C)(C)c2cc3c(cc21)SCc1c(-c2ccc(C(=O)O)cc2)cn(Cc2cccnc2)c1-3
CHEMBL110114,CC(C)N1Cc2cc(C(=O)NCc3nc4ccccc4[nH]3)ccc2N[C@@H](CC(=O)O)C1=O
CHEMBL110759,NP(=O)(OCC1=C(Br)C(=O)c2ccccc2C1=O)N(CCCl)CCCl
CHEMBL107827,CCCCCCCOC1=C(C)C(=O)C(C)=C(/C=C(\CCCCCc2cccnc2)C(=O)O)C1=O
CHEMBL108956,CSC1=C(COP(N)(=O)N(CCCl)CCCl)C(=O)c2ccccc2C1=O
CHEMBL108957,CC1=C(COP(N)(=O)N(CCBr)CCBr)C(=O)c2ccccc2C1=O
CHEMBL110609,CCCN(c1nc(-c2ccc(Cl)cc2Cl)n(C)n1)C(C1CC1)C1CC1
CHEMBL325564,CCCc1sc(NS(=O)(=O)/C=C/c2ccc(-c3ccccc3)cc2)nc1-c1ccc(Cl)cc1
CHEMBL325309,CCCc1sc(NS(=O)(=O)/C=C/c2ccc(C)cc2)nc1-c1ccc(Cl)cc1
CHEMBL110094,CN(C)CCC=C1c2ccccc2C(C)(C)c2ccccc21
CHEMBL110165,CCOC(=O)c1nc2c(O)nc3ccc(N)cc3n2n1
CHEMBL110166,Cc1c(C(C)C)c(=O)on1C(=O)N1CCN(c2ncccn2)CC1
CHEMBL110388,Cc1c(C(C)C)c(=O)on1C(=O)N1CCOCC1
CHEMBL110618,c1ccc(COCCNC2=NCCN2OCc2ccccc2)cc1
CHEMBL107990,CCCCCNC1=NCCN1OCCCc1ccccc1
CHEMBL108043,CCCCCNC1=NCCN1OCCc1ccccc1
CHEMBL108044,Cc1cccc(Cl)c1Nc1nc2cc(N3CCN(C)CC3)ccc2n2cncc12
CHEMBL110932,Cc1cccc(Cl)c1Nc1nc2cc(NCCN(C)C)ccc2n2cncc12
CHEMBL265763,NC(=O)[C@H](Cc1ccccc1)NC(=O)[C@H](Cc1ccc2ccc(OCc3ccccc3)cc2c1)[C@H](O)C(=O)NO
CHEMBL108591,C=C(C)[C@@H]1CC[C@]2(C(=O)O)CC[C@]3(C)C(CCC4[C@@]5(C)CC[C@H](OC(=O)Cc6cc(OC)ccc6OC)C(C)(C)C5CC[C@]43C)C12
CHEMBL108673,CCCN(c1nc(-c2ccc(Br)cc2C)n(C)n1)C(C1CC1)C1CC1
CHEMBL110611,NCC#Cc1ccccc1
CHEMBL106238,C=C(CN)c1ccco1
CHEMBL106124,CSCC[C@H](NC(=O)[C@H](CC(C)C)NC(=O)CNC(=O)[C@H](Cc1ccccc1)N(C)C(=O)[C@H](Cc1ccccc1)NC(=O)[C@H](CC(=O)O)NC(=O)CCC(=O)O)C(N)=O
CHEMBL319473,CSCC[C@H](NC(=O)[C@H](CC(C)C)NC(=O)CN1CCNC(=O)CCC(=O)NCC(=O)N[C@@H](CCCN=C(N)N)C(=O)N[C@H](Cc2ccccc2)C(=O)N[C@@H](Cc2ccccc2)C1=O)C(N)=O
CHEMBL431243,CSCC[C@H](NC(=O)[C@H](CC(C)C)NC(=O)CN1CCCCCCNC(=O)CCCC(=O)N[C@@H](CCCN=C(N)N)C(=O)N[C@H](Cc2ccccc2)C(=O)N[C@@H](Cc2ccccc2)C1=O)C(N)=O
CHEMBL110617,CC(C)(C)[C@H](NC(=O)[C@H](Cc1ccc2cc(F)c(F)cc2c1)[C@H](O)C(=O)NO)C(N)=O
CHEMBL419376,CN(Cc1nc2ccccc2[nH]1)C(=O)c1ccc2c(c1)CNC(=O)[C@H](CC(=O)O)N2
CHEMBL110231,CCCN(CC1CC1)c1nc(-c2ccc(Cl)cc2Cl)n(C)n1
CHEMBL431067,CCCN(CCC)c1nc(-c2ccc(Cl)cc2Cl)n(C)n1
CHEMBL108675,O=C(O)CCCCCCCc1ccc(CCCc2ccccc2)cc1
CHEMBL323268,O=C([O-])CCCCc1ccc(CCCc2ccccc2)cc1.[Na+]
CHEMBL321014,O=C(O)CCCCCc1ccc(CCCc2ccccc2)s1
CHEMBL419562,CCCCCNc1nc2ccccc2n1CCc1ccccc1
CHEMBL110684,CCCCCSC1=NCCN1OCc1ccccc1
CHEMBL321692,CCCCNC1=NCCCN1OCc1ccccc1
CHEMBL322984,CC(C)(C)OC(=O)N[C@@H](Cc1ccccc1)[C@@H](O)C[C@@H](CCCc1ccccc1)C(=O)N[C@H]1c2ccccc2[C@@H](O)[C@H]1O
CHEMBL106924,CC1=C(COP(N)(=O)N(CCCl)CCCl)C(=O)c2ccccc2C1=O
CHEMBL106247,Cc1cccc(C)c1C(=O)N1CCC(C)(N2CCC(Cc3ccc(Br)cc3)CC2)CC1
CHEMBL322227,CCN1C(=O)CS/C1=C\c1sc2ccccc2[n+]1CC.[Br-]
CHEMBL321480,CCN1/C(=C/C=c2\s/c(=C\c3sc4ccccc4[n+]3CC)sc2=O)Oc2ccccc21.[I-]
CHEMBL110194,CCn1c(=O)/c(=C2\Sc3ccccc3N2C)n(CC)/c1=C\c1sc2ccccc2[n+]1CC.[I-]
CHEMBL321412,CN1CCc2cccc3c2[C@H]1Cc1ccc(O)c(O)c1-3.COc1cc(N)c(Cl)cc1C(=O)NCCN(C)C
CHEMBL321901,CC[N+](C)(CC)CCNC(=O)c1cc(Cl)c(N)cc1OC.CN1CCc2cccc3c2[C@H]1Cc1ccc(O)c(O)c1-3.[I-]
CHEMBL323230,CC[N+](C)(C)CCNC(=O)c1cc(Cl)c(N)cc1OC.CN1CCc2cccc3c2[C@H]1Cc1ccc(O)c(O)c1-3.[I-]
CHEMBL108581,CCc1c(O)nc(SCC(=O)c2ccc(Cl)cc2)nc1Cc1cccc2ccccc12
CHEMBL108634,COc1ccc(-c2sc(N)nc2-c2cc(OC)c(OC)c(OC)c2)cc1N
CHEMBL108621,COc1ccc(-c2c[nH]nc2-c2cc(OC)c(OC)c(OC)c2)cc1N
CHEMBL108461,O=C1c2ccccc2C(=O)c2c(NCC3CO3)ccc(NCC3CO3)c21
CHEMBL419197,COc1cccc(N2CCN(C(=O)n3oc(=O)c(C(C)C)c3C)CC2)c1
CHEMBL324436,Cc1c(C(C)C)c(=O)on1C(=O)N1CCSCC1
CHEMBL110572,N=C(NCCCCc1ccccc1)NC(=O)c1cccc2ccccc12
CHEMBL108347,CCCCOc1ccc(C(=O)NC(=N)NCCCCc2ccccc2)cc1
CHEMBL108841,COc1cc2nc(Nc3c(C)cccc3Cl)c3cncn3c2cc1OCCN1CCOCC1
CHEMBL110385,CC(C)(C)OC(=O)N[C@@H](Cc1ccccc1)[C@@H](O)CCC(=O)N[C@H]1c2ccccc2C[C@H]1O
CHEMBL320505,C=C(C)[C@@H]1CC[C@]2(C(=O)O)CC[C@]3(C)C(CCC4[C@@]5(C)CC[C@H](OC(=O)c6ccc(CCCCCCC)cc6)C(C)(C)C5CC[C@]43C)C12
CHEMBL108847,CN(Cc1ccccc1)C(=O)[C@H](Cc1ccccc1)NC(=O)[C@@H]1CCCN1/C(S)=N/Cc1ccccc1[N+](=O)[O-]
CHEMBL110913,CN(Cc1ccccc1)C(=O)[C@H](Cc1ccccc1)NC(=O)[C@@H]1CCCN1/C(S)=N/Cc1ccccc1C(F)(F)F
CHEMBL321019,CCCCOC1=C(C)C(=O)C(C)=C(/C=C(\CCCc2cccnc2)C(=O)O)C1=O
CHEMBL110454,COc1cc2c(cc1C(C)C)CCc1c(-c3ccc(C(=O)O)cc3)cn(Cc3cccnc3)c1-2
CHEMBL108842,NC(=O)[C@H](Cc1ccccc1)NC(=O)[C@H](Cc1ccc2ccccc2c1)[C@H](O)C(=O)NO
CHEMBL108185,CC(C)(C)c1ccc(Cc2ccc(CCCCCCC(=O)O)cc2)cc1
CHEMBL108811,O=C(O)CCCCCCc1ccc(CCCc2ccccc2)cc1
CHEMBL110786,Cc1ccc(CC2CCN(C3(C)CCN(C(=O)c4c(C)cccc4C)CC3)CC2)cc1
CHEMBL326893,CN(Cc1ccccc1)C(=O)[C@H](Cc1ccccc1)NC(=O)[C@@H]1CCCN1/C(S)=N/Cc1c(Cl)cccc1Cl
CHEMBL108633,COc1cc(-c2c3c(nc4cc5c(cc24)OCO5)COC3=O)cc(OC)c1OC
CHEMBL110222,CCCN(c1nc(-c2c(C)cc(C)cc2C)n(C)n1)C(C1CC1)C1CC1
CHEMBL110607,CC1(C)CCC(C)(C)c2cc3c(cc21)OCc1c(-c2ccc(C(=O)O)cc2)cn(Cc2cccnc2)c1-3
CHEMBL322717,CCCCCCC(c1ccccc1)N1CC[C@H]1[C@@H](N)c1cccc(Cl)c1
CHEMBL108995,CCCCCC(c1ccccc1)N1CC[C@H]1[C@H](N)c1cccc(Cl)c1
CHEMBL108996,OC(Cn1ccnc1)(c1ccc(F)cc1)c1cccc(-c2ccccn2)c1
CHEMBL324879,OC(Cn1ccnc1)(c1ccc(-c2ccncc2)cc1)c1ccc(F)cc1F
CHEMBL107886,OC(Cn1ccnc1)(c1ccc(-c2cccnc2)cc1)c1ccc(F)cc1F
CHEMBL109127,N=C(NCCCCc1ccccc1)NC(=O)c1ccco1
CHEMBL110164,COc1cc(C(=O)NC(=N)NCCCCc2ccccc2)cc(OC)c1OC
CHEMBL325108,O=C(O)CCCCCCc1ccc(-c2ccccc2)s1
CHEMBL322533,O=C(O)CCCCCCc1ccc(-c2ccccc2)cc1
CHEMBL321641,C=CC[C@H](C[C@H](O)[C@H](Cc1ccccc1)NC(=O)OC(C)(C)C)C(=O)N[C@H]1c2ccccc2C[C@H]1O
CHEMBL210145,CCOc1ccc(N2C(=O)CC(Sc3nc(C)cc(C)n3)C2=O)cc1
CHEMBL210195,Cc1cc(C(F)(F)F)nc(SCC(=O)Nc2ccc(Cl)cc2F)n1
CHEMBL210216,Cc1nc(SCC(=O)Nc2ccc([N+](=O)[O-])cc2)nc(O)c1C
CHEMBL210787,Cc1ccc2c(c1)=[N+]([O-])C(C)(C)[N+]=2[O-]
CHEMBL210898,COc1ccc2c(c1)=[N+]([O-])C(C)(C)[N+]=2[O-]
CHEMBL378103,Cc1n(O)c2ccc(/C=C/c3ccccc3)cc2[n+]1[O-]
CHEMBL208723,CCCn1c(=O)c2nc(-c3cnn(Cc4cc(C(F)(F)F)cc(C(F)(F)F)c4)c3)[nH]c2n(CCC)c1=O
CHEMBL380153,COC1=CC(=O)c2c(O)c3c(c(O)c2C1=O)C(=O)[C@]1(CCc2c1c(O)c1c(O)nc(/C=C/c4csc(N)n4)cc1c2Br)C3=O
CHEMBL210710,C=C1/C(=C\C=C2/CCC[C@]3(C)C([C@H](C)OCC(=O)O)=CCC23)C[C@@H](O)C[C@@H]1O
CHEMBL208964,O=C([C@@H]1CN[C@H](C(=O)N2CCCC2)C1)N1Cc2ccc(Cl)cc2C1
CHEMBL377168,CCCc1nn(C)c2c(O)nc(-c3cc(C(C)=O)ccc3OCC)nc12
CHEMBL377354,Cc1cc(Nc2ccc([N+](=O)[O-])cc2S(=O)(=O)NC(=O)NC(C)(C)C)ccc1Br
CHEMBL378673,CN(C)C(=O)[C@@H](c1ccc(-c2ccc3nccn3c2)cc1)[C@H](N)C(=O)N1CC[C@H](F)C1.O=C(O)C(F)(F)F
CHEMBL210354,COCCn1c(NC(=O)c2cccc([N+](=O)[O-])c2)nc2ccccc21
CHEMBL210366,CCOCCn1c(NC(=O)c2cccc([N+](=O)[O-])c2)nc2ccccc21
CHEMBL209770,CCOc1nc(NC(=O)CN2CCC(O)CC2)cc(N)c1C#N
CHEMBL209669,CCCCNC(=O)C1CCN(CC(=O)Nc2cc(N)c(C#N)c(OCC)n2)CC1
CHEMBL377579,CCCOc1ncc(C(C)=O)cc1-c1nc(O)c2nn(C3CN(C)C3)c(CC)c2n1
CHEMBL210533,CCCOc1ncc(C(C)=O)cc1-c1nc(O)c2nn(C3CN(CC)C3)c(CC)c2n1
CHEMBL211026,c1ccc(N2CCN(Cc3cn(-c4ccccc4)nn3)CC2)cc1
CHEMBL210232,COc1ccccc1N1CCN(Cc2cn(-c3ccccc3)nn2)CC1
CHEMBL210262,[N-]=[N+]=NCCOCCOCCOc1nc(N)c2[nH]c(=O)n(Cc3ccccc3)c2n1
CHEMBL210878,C[C@H]1CCC[C@H](O)[C@@]1(O)/C=C/C=C\C(=O)O
CHEMBL378456,C/C=C/C=C/c1cc2c(Br)c3c(c(O)c2c(O)n1)[C@@]1(CC3)C(=O)C2=C(C(=O)c3c(O)c(NC4CC4)cc(O)c3C2=O)C1=O
CHEMBL378045,CC[C@H](C)[C@H](NC(=O)[C@@H](N)[C@@H](C)O)C(=O)N[C@H](C(=O)N[C@@H](Cc1ccc(O)cc1)C(=O)N[C@@H](CC(=O)O)C(=O)N[C@@H](CC(C)C)C(=O)O)[C@@H](C)O
CHEMBL210803,Cc1ccc(N2CC[C@@H](NC(=O)Nc3ccccc3Br)C2)cc1F
CHEMBL210851,N[C@@H](Cc1ccc(O)cc1)C(=O)N[C@@H](Cc1c[nH]c2ccccc12)C(=O)O
CHEMBL266830,N#Cc1ccc2[nH]c(N3CCN(c4ncccc4C(F)(F)F)CC3)nc2c1
CHEMBL210828,COc1nc(=O)n(COC(CO)CO)cc1Br
CHEMBL210951,Cc1cc(=O)[nH]c(=O)n1COC(CO)CO
CHEMBL210736,Cc1c(Br)c(=O)[nH]c(=O)n1COC(CO)CO
CHEMBL210251,FC(F)(F)c1ccc2[nH]c(N3CCN(c4c(Cl)cccc4Cl)CC3)nc2c1
CHEMBL210302,NC(=O)c1cnc(N2CCN(c3nc4cc(C(F)(F)F)ccc4[nH]3)CC2)c(Cl)c1
CHEMBL210890,CCCn1c(=O)c2nc(-c3cnn(Cc4c(F)cccc4F)c3)[nH]c2n(CCC)c1=O
CHEMBL380024,NCCCC[C@H](NC(=O)[C@@H](N)CCCN=C(N)N)C(=O)O
CHEMBL210196,COc1ccc(C(=O)OCC2(CO)C/C(=C\CC(C(C)C)C(C)C)C(=O)O2)cc1
CHEMBL209938,COc1ccc(C(=O)OCC2(CO)C/C(=C/CC(C(C)C)C(C)C)C(=O)O2)cc1
CHEMBL379221,Cn1nc(C[C@@H](CC(=O)O)c2ccc3c(c2)OCO3)cc1OCCc1ccc2c(n1)NCCC2
CHEMBL210513,CCCCn1nc(CC(CC(=O)O)c2ccc3c(c2)OCO3)cc1OCCc1ccc2c(n1)NCCC2
CHEMBL209875,N#C[C@@H]1CCCN1C(=O)[C@@H]1CC[C@H](COc2ccccc2Cc2ccccc2)N1
CHEMBL379999,N#C[C@@H]1CCCN1C(=O)[C@@H]1CC[C@H](COc2ccc(C(=O)O)cc2Cl)N1
CHEMBL379726,C=C1/C(=C\C=C2/CCC[C@]3(C)C([C@H](C)OCC(=O)OC(C)(CC)CC)=CCC23)C[C@@H](O)C[C@@H]1O
CHEMBL210697,C=C1/C(=C\C=C2/CCC[C@]3(C)C([C@H](C)OCC(=O)NC(C)(C)C)=CCC23)C[C@@H](O)C[C@@H]1O
CHEMBL426138,CC[C@H](C)[C@H](NC(=O)[C@@H](N)[C@@H](C)O)C(=O)N[C@H](C(=O)N[C@@H](Cc1ccc(O)cc1)C(=O)N[C@@H](CC(=O)O)C(=O)N[C@@H](Cc1ccccc1)C(=O)O)[C@@H](C)O
CHEMBL378002,CC[C@H](C)[C@H](NC(=O)[C@@H](N)[C@@H](C)O)C(=O)N[C@H](C(=O)N[C@@H](Cc1ccccc1)C(=O)N[C@@H](CC(=O)O)C(=O)N[C@@H](Cc1ccc(O)cc1)C(=O)O)[C@@H](C)O
CHEMBL379749,CCCCCC(=O)N[C@H](C(=O)N[C@H](C(=O)N[C@H](C(=O)N[C@@H](Cc1ccccc1)C(=O)N[C@@H](CCCCN)C(=O)N[C@@H](Cc1ccccc1)C(=O)O)[C@@H](C)O)C(C)C)[C@@H](C)O
CHEMBL378865,CCCCCCCC(=O)N[C@H](C(=O)N[C@H](C(=O)N[C@H](C(=O)N[C@@H](Cc1ccccc1)C(=O)N[C@@H](CCCCN)C(=O)N[C@@H](Cc1ccccc1)C(=O)O)[C@@H](C)O)C(C)C)[C@@H](C)O
CHEMBL100097,CCCCCCCCCCCCCCCC(=O)N[C@@H](Cc1ccc(O)cc1)C(=O)N[C@@H](CCC(=O)O)C(=O)N[C@@H](CC(C)C)C(=O)O
CHEMBL209984,CCCCCCCCCCCCCCCC(=O)N[C@@H](Cc1ccc(O)cc1)C(=O)N[C@@H](CC(N)=O)C(=O)N[C@H](C(=O)O)[C@@H](C)O
CHEMBL209719,Cc1ccc2cccc(OCc3c(Cl)ccc(S(=O)(=O)NC(C)(C)C(=O)N4CCN(CCCCCCN=C(N)N)CC4)c3Cl)c2n1
CHEMBL209773,Cc1ccc2cccc(OCc3c(Cl)ccc(S(=O)(=O)NC(C)(C)C(=O)N4CCN(C(=O)CN5CCNCC5)CC4)c3Cl)c2n1
CHEMBL383989,Cc1ccc2cccc(OCc3c(Cl)ccc(S(=O)(=O)NC(C)(C)C(=O)N4CCN(C(=O)C[C@@H](N)CCCN(C)C)CC4)c3Cl)c2n1
CHEMBL379750,C[C@@H]1CN(c2ncc(CO)cc2Cl)CCN1c1nc2c(N(Cc3ccccc3)Cc3ccccc3)cc(C(F)(F)F)cc2[nH]1
CHEMBL377737,CCOP(=O)(F)CCCCCCCCCC(=O)NCCOCCOCCOCCOCCOCCOCCOCCNC(=O)CCCC[C@@H]1SC[C@@H]2NC(=O)N[C@@H]21
CHEMBL210225,O=C([C@@H]1CN[C@H](C(=O)N2CCCC2)C1)N1Cc2ccc(F)cc2C1
CHEMBL210226,NC(=O)c1c(NC(=O)c2ccc(Cl)cc2)sc2c1CCCC2
CHEMBL210227,NC(=O)c1c(NC(=O)c2ccc(Br)cc2)sc2c1CCCC2
CHEMBL210784,CC(=O)N[C@@H](Cc1ccccc1)C(=O)N[C@@H](Cc1ccc(O)cc1)C(N)=O
CHEMBL380047,C[C@H](N)C(=O)N[C@@H](CC(=O)O)C(=O)O
CHEMBL210829,CN(C)C(=O)[C@@H](c1ccc(-c2ccn3ncnc3c2)cc1)[C@H](N)C(=O)N1CCC(F)(F)C1.O=C(O)C(F)(F)F
CHEMBL210194,CCOC(=O)Cn1c(NC(=O)c2cccc([N+](=O)[O-])c2)nc2ccccc21
CHEMBL210785,CC(C)Cc1ccc(-c2nc(-c3ccc([C@@H]4CC[C@@H](CC(=O)O)N4)cc3)no2)cc1
CHEMBL377578,CCOc1nc(NC(=O)CN2CCC(C(=O)NC(C)C)CC2)cc(N)c1C#N
CHEMBL210552,CCCCC(=O)Nc1nc(OCC)c(C#N)c(N)c1Cl
CHEMBL210553,CCCCC(=O)N(C)c1cc(N)c(C#N)c(OCC)n1
CHEMBL378828,C/C=C/C=C/c1cc2cc3c(c(O)c2c(O)n1)[C@@]1(CC3)C(=O)C2=C(C(=O)c3c(O)c(N(C)C)cc(O)c3C2=O)C1=O
CHEMBL210756,C/C=C/C=C/c1cc2cc3c(c(O)c2c(O)n1)[C@@]1(CC3)C(=O)C2=C(C(=O)c3c(O)c(OCCN(C)C)cc(O)c3C2=O)C1=O
CHEMBL210231,CC[C@H](C)[C@H](NC(=O)[C@@H](N)[C@@H](C)O)C(=O)N[C@H](C(=O)N[C@@H](Cc1ccc(O)cc1)C(=O)N[C@@H](CCC(=O)O)C(=O)N[C@@H](Cc1ccc(O)cc1)C(=O)O)[C@@H](C)O
CHEMBL425955,CCCCCC(=O)N[C@H](C(=O)N[C@H](C(=O)N[C@H](C(=O)N[C@@H](Cc1ccccc1)C(=O)N[C@@H](CC(=O)O)C(=O)N[C@@H](Cc1ccc(O)cc1)C(=O)O)[C@@H](C)O)[C@@H](C)CC)[C@@H](C)O
CHEMBL380151,C/C=C/C=C/c1cc2c(I)c3c(c(O)c2c(O)n1)[C@@]1(CC3)C(=O)c2c(O)c3c(c(O)c2C1=O)C(=O)C(OC)=CC3=O
CHEMBL277276,COC1=CC(=O)c2c(O)c3c(c(O)c2C1=O)C(=O)[C@]1(CCc2cc4cc(C(O)C(O)C(O)C(C)O)nc(O)c4c(O)c21)C3=O
CHEMBL426134,CCOc1nc(NC(=O)Cc2ccc(OC)cc2)cc(N)c1C#N
CHEMBL378443,CCCCCNC(=O)NS(=O)(=O)c1cc([N+](=O)[O-])ccc1Nc1cccc(C)c1C
CHEMBL208910,C=Cc1cnc(N2CCN(c3nc4c(-c5cc(F)c(F)c(F)c5)cc(C(F)(F)F)cc4[nH]3)[C@H](C)C2)c(Cl)c1
CHEMBL210142,O=C(Nc1ccccc1Br)N[C@@H]1CCN(c2ccccn2)C1
CHEMBL209937,Cc1ccccc1C(=O)Nc1sc2c(c1C(N)=O)CCCC2
CHEMBL210329,COc1ccccc1C(=O)Nc1sc2c(c1C(N)=O)CCCC2
CHEMBL380281,FC(F)(F)c1cccnc1N1CCN(c2nc3cc(Br)ccc3[nH]2)CC1
CHEMBL378570,CCCn1c(=O)c2nc(-c3cnn(Cc4cccc(C)c4)c3)[nH]c2n(CCC)c1=O
CHEMBL208654,Cc1c(I)c(=O)[nH]c(=O)n1COC(CO)CO
CHEMBL208916,Cc1cc(O)cc(C)c1C[C@H](N)C(=O)C1NC(C(=O)N[C@@H](CCC(=O)O)C(=O)NC(CN2C(=O)c3cc4ccc(N(C)C)cc4cc3C2=O)C(N)=O)Cc2ccccc21
CHEMBL208627,Cc1cccc(C)c1Nc1ccc([N+](=O)[O-])cc1S(=O)(=O)NC(=O)NCC(C)C
CHEMBL379532,CC(=O)N[C@@H](Cc1ccc(OP(=O)(OCc2ccc([N+](=O)[O-])o2)N(C)CCCCCl)cc1)C(=O)NC(C)c1ccc(OCC2CCCCC2)c(C(N)=O)c1
CHEMBL209777,CC(NC(=O)c1ccc(NP(=O)(OCc2ccc([N+](=O)[O-])o2)N(C)CCCCCl)cc1)c1ccc(OCC2CCCCC2)c(C(N)=O)c1
CHEMBL377103,C[C@H](O)c1cnc(N2CCN(c3nc4c(-c5cc(F)c(F)c(F)c5)cc(C(F)(F)F)cc4[nH]3)[C@H](C)C2)c(Cl)c1
CHEMBL210490,N[C@@H](CC(=O)O)C(=O)N[C@@H](Cc1c[nH]c2ccccc12)C(=O)O
CHEMBL378075,NCC(=O)N[C@@H](Cc1ccc(O)cc1)C(N)=O
CHEMBL211043,CC(=O)[C@H]1CC[C@H]2[C@H]3C(=C4CC[C@@H](O)C[C@@]4(C)[C@H]3O)CC[C@]12C
CHEMBL379583,CC(=O)[C@H]1CC[C@H]2[C@@H]3CC(=O)[C@H]4C[C@H](O)CC[C@]4(C)[C@H]3CC[C@]12C
CHEMBL208813,O=C(O)CC(Cc1cc(OCCc2ccc3c(n2)NCCC3)n(CC(F)(F)F)n1)c1ccc2c(c1)OCO2
CHEMBL208750,CNc1cccc(CCOc2cc(CC(CC(=O)O)c3ccc4c(c3)OCO4)nn2C)n1
CHEMBL208751,COc1cc(C(=O)O)ccc1OC[C@H]1CC[C@@H](C(=O)N2CCC[C@H]2C#N)N1
CHEMBL268450,CCOCCOCCNC(=O)Nc1ccc(C[C@H](NC(=O)[C@H](CO)NC(=O)[C@@H](Cc2cccnc2)NC(=O)[C@@H](Cc2ccc(Cl)cc2)NC(=O)[C@@H](Cc2ccc3ccccc3c2)NC(=O)NCCOCCOCC)C(=O)N[C@H](Cc2ccc(NC(=O)NCCOCCOCC)cc2)C(=O)N[C@@H](CC(C)C)C(=O)N[C@@H](CCCCNC(C)C)C(=O)N2CCC[C@H]2C(=O)N[C@H](C)C(N)=O)cc1
CHEMBL264779,CONC(=O)Nc1ccc(C[C@H](NC(=O)[C@H](CO)NC(=O)[C@@H](CCC(N)=O)NC(=O)[C@@H](Cc2ccc(Cl)cc2)NC(=O)[C@@H](Cc2ccc3ccccc3c2)NC(C)=O)C(=O)N[C@H](Cc2ccc(NC(=O)NOC)cc2)C(=O)N[C@@H](CC(C)C)C(=O)N[C@@H](CCCCNC(C)C)C(=O)N2CCC[C@H]2C(=O)N[C@H](C)C(N)=O)cc1
CHEMBL429016,CCCCCCCC(=O)N[C@H](Cc1ccc2ccccc2c1)C(=O)N[C@H](Cc1ccc(Cl)cc1)C(=O)N[C@H](Cc1cccnc1)C(=O)N[C@@H](CO)C(=O)N[C@@H](Cc1ccc(NC(=O)NOC)cc1)C(=O)N[C@H](Cc1ccc(NC(=O)NOC)cc1)C(=O)N[C@@H](CC(C)C)C(=O)N[C@@H](CCCCNC(C)C)C(=O)N1CCC[C@H]1C(=O)N[C@H](C)C(N)=O
CHEMBL210323,COC(=O)c1ccc2c(c1)C(=O)C(=O)N2Cc1ccccc1
CHEMBL209928,CC(=O)c1ccc(C(=O)Nc2sc3c(c2C(N)=O)CCCC3)cc1
CHEMBL210149,CC(C)(C)c1ccc(C(=O)Nc2sc3c(c2C(N)=O)CCCC3)cc1
CHEMBL380292,Cc1cc(C)cc(C(=O)N2CCc3cc(N)ccc32)c1
CHEMBL209341,CC(C)C[C@H](NC(=O)CN)C(=O)NCC(=O)O
CHEMBL208957,CN(C)C(=O)[C@@H](c1ccc(-c2ccn3nccc3n2)cc1)[C@H](N)C(=O)N1CCC(F)(F)C1.O=C(O)C(F)(F)F
CHEMBL377637,CC(C)Cc1ccc(-c2nc(-c3ccc([C@H]4CC[C@@H](CCC(=O)O)N4)cc3)no2)cc1
CHEMBL437490,Fc1ccc(N2CCN(Cc3cnn(-c4ccccc4)c3)CC2)cc1
CHEMBL377404,FC(F)(F)c1cc(-c2cc3ccccc3s2)c2[nH]c(N3CCN(c4ncccc4C(F)(F)F)CC3)nc2c1
CHEMBL210086,FC(F)(F)c1cc(N2CCCCC2)c2[nH]c(N3CCN(c4ncccc4C(F)(F)F)CC3)nc2c1
CHEMBL210618,CCOc1nc(NC(=O)Cc2cc(OC)ccc2OC)cc(N)c1C#N
CHEMBL209035,Cc1ccc(Oc2ccc([N+](=O)[O-])cc2S(=O)(=O)NC(=O)NC(C)(C)C)cc1
CHEMBL210670,CCNC(=O)Nc1cc(N)c(C#N)c(OCC)n1
CHEMBL379703,CN(C)c1ccc(-c2cc(C(F)(F)F)cc3[nH]c(N4CCN(c5ncccc5C(F)(F)F)CC4)nc23)cc1
CHEMBL210832,NC(=O)c1c(NC(=O)c2ccccc2Cl)sc2c1CCCC2
CHEMBL210833,COc1ccc(C(=O)Nc2sc3c(c2C(N)=O)CCCC3)cc1OC
CHEMBL426687,NC(=O)c1c(NC(=O)c2ccc3c(c2)OCO3)sc2c1CCCC2
CHEMBL210284,Clc1cccc(-n2nnnc2Cc2cccnc2)c1Cl
CHEMBL210263,FC(F)(F)Oc1cccc(-c2cc(C(F)(F)F)cc3[nH]c(N4CCN(c5ncccc5C(F)(F)F)CC4)nc23)c1
CHEMBL209569,C[C@@H]1CN(c2ncc(C(O)CO)cc2Cl)CCN1c1nc2c(-c3cc(F)c(F)c(F)c3)cc(C(F)(F)F)cc2[nH]1
CHEMBL210802,FC(F)(F)c1ccnc(N2CC[C@H]3CNC[C@H]32)n1
CHEMBL377872,N[C@@H](Cc1c[nH]cn1)C(=O)N[C@@H](Cc1c[nH]cn1)C(=O)O
CHEMBL209765,N[C@@H](Cc1c[nH]cn1)C(=O)N[C@@H](Cc1c[nH]c2ccccc12)C(=O)O
CHEMBL379922,Cn1nc(CC(CC(=O)O)c2ccc3c(c2)OCO3)cc1OCCCNC1=NCCCC1
CHEMBL210279,O=S1(=O)NC[C@@H]2C[C@](c3cc(F)ccc3F)(S(=O)(=O)c3ccc(Cl)cc3)CC[C@@H]2N1
CHEMBL210332,Oc1[nH]c2ccccc2c1/N=N/C(S)=N/c1ncc(C2CCC2)o1
CHEMBL380277,Oc1[nH]c2ccc(F)cc2c1/N=N/C(S)=N/c1ncc(C2CCC2)o1
CHEMBL210538,COc1cc2c(c3c1c(=O)c1c4ccccc4ccc1n3C)[C@@H](OC(C)=O)[C@@H](OC(=O)c1ccccc1)C(C)(C)O2
CHEMBL427976,CC(=O)N[C@H](Cc1ccc2ccccc2c1)C(=O)N[C@H](Cc1ccc(Cl)cc1)C(=O)N[C@H](Cc1cccnc1)C(=O)N[C@@H](CO)C(=O)N[C@@H](Cc1ccc(NC(=O)[C@@H]2CC(=O)NC(=O)N2)cc1)C(=O)N[C@H](Cc1ccc(NC(=O)NO)cc1)C(=O)N[C@@H](CC(C)C)C(=O)N[C@@H](CCCCNC(C)C)C(=O)N1CCC[C@H]1C(=O)N[C@H](C)C(N)=O
CHEMBL435141,CONC(=O)Nc1ccc(C[C@@H](NC(=O)[C@H](Cc2ccc(NC(=O)[C@@H]3CC(=O)NC(=O)N3)cc2)NC(=O)[C@H](CO)NC(=O)[C@@H](Cc2cccnc2)NC(=O)[C@@H](Cc2ccc(Cl)cc2)NC(=O)[C@@H](Cc2ccc3ccccc3c2)NC(C)=O)C(=O)N[C@@H](CC(C)C)C(=O)N[C@@H](CCCCNC(C)C)C(=O)N2CCC[C@H]2C(=O)N[C@H](C)C(N)=O)cc1
CHEMBL210698,C[C@@H]1CN(c2ncc(CO)cc2Cl)CCN1c1nc2c(NCc3ccccc3)cc(C(F)(F)F)cc2[nH]1
CHEMBL209611,NCCCC[C@@H](NC(=O)CCOCCOCCOCCOCCNC(=O)CCCC[C@@H]1SC[C@@H]2NC(=O)N[C@@H]21)P(=O)(Oc1ccccc1)Oc1ccccc1
CHEMBL209403,c1ccc2cc(CN(CCCCNCCCN(Cc3ccc4ccccc4c3)Cc3cccc4ccccc34)Cc3cccc4ccccc34)ccc2c1
CHEMBL210418,Nc1ccc2c(c1)CCN2C(=O)c1cc(C(F)(F)F)cc(C(F)(F)F)c1
CHEMBL379307,CC(C)(C)c1cc(C(=O)N2CCc3cc(N)ccc32)cc(C(C)(C)C)c1
CHEMBL380368,Nc1ccc2c(c1)CCN2C(=O)c1cc(Cl)cc(Cl)c1
CHEMBL209670,CC(C)C[C@H](NC(=O)CN)C(=O)N[C@@H](Cc1ccccc1)C(=O)O
CHEMBL377838,CCCCSc1nc(NC(C)=O)cc(N)c1C#N
CHEMBL380044,CCNc1nc(NC(C)=O)cc(N)c1C#N
CHEMBL210534,CCCn1c(=O)c2c(nc(-n3cccn3)n2Cc2ccccc2)n(CCC)c1=O
CHEMBL210584,CCCn1c(=O)c2c(nc(-n3cc(I)cn3)n2Cc2ccccc2)n(CCC)c1=O
CHEMBL210717,Fc1ccccc1N1CCN(Cc2cnn(-c3ccccc3)c2)CC1
CHEMBL378674,CSc1sc(-c2nc(C)cs2)c(C)c1-c1ccnc(SCC(=O)Nc2ccccc2Cl)n1
CHEMBL376987,C=C1/C(=C\C=C2/CCC[C@@]3(C)C2CC[C@@H]3[C@H](C)OCC(=O)OC(C)(C)C)C[C@@H](O)C[C@@H]1O
CHEMBL210718,O=C([C@@H]1CN[C@H](C(=O)N2CCCC2)C1)N1Cc2ccc(C(F)(F)F)cc2C1
CHEMBL380274,Cc1ccc(Sc2ccc([N+](=O)[O-])cc2S(=O)(=O)NC(=O)NC(C)(C)C)cc1
CHEMBL210314,CC(C)(C)NC(=O)NS(=O)(=O)c1cc([N+](=O)[O-])ccc1Sc1ccc(Cl)cc1
CHEMBL209570,Fc1ccc(Cc2cc(C(F)(F)F)cc3[nH]c(N4CCN(c5ncccc5C(F)(F)F)CC4)nc23)cc1F
CHEMBL209571,N[C@@H](Cc1ccc(O)cc1)C(=O)N[C@@H](CCC(=O)O)C(=O)N[C@@H](CC(=O)O)C(=O)O
CHEMBL210852,CC(C)C[C@H](NC(=O)[C@H](CCC(=O)O)NC(=O)[C@@H](N)Cc1ccc(O)cc1)C(=O)O
CHEMBL210835,FC(F)(F)c1cccc(-n2nnnc2Cc2cccnc2)c1Cl
CHEMBL384209,c1ccc(-c2nnnn2Cc2cccnc2)cc1
CHEMBL425423,FC(F)(F)c1ccnc(N2CC[C@@H]3CNC[C@@H]32)n1
CHEMBL377429,Cc1cc(C)cc(N2CCc3cc(N)ccc32)c1
CHEMBL210576,NCCCCN(CCCN)Cc1ccccc1
CHEMBL210685,O=C(O)/C=C\C=C\C1(O)[C@H](O)CCC[C@H]1O
CHEMBL378783,CC(C)C(CC(=O)OCC1(CO)C/C(=C\c2ccccc2)C(=O)O1)C(C)C
CHEMBL210554,O=[N+]([O-])c1ccccc1-n1ccc2ccccc21
CHEMBL379584,CC1(C)[N+]([O-])=c2ccc(C3OCCO3)cc2=[N+]1[O-]
CHEMBL376934,Oc1cccc(-c2c3nc(c(-c4ccccc4)c4ccc([nH]4)c(-c4ccccc4)c4nc(c(-c5ccccc5)c5ccc2[nH]5)C=C4)C=C3)c1
CHEMBL210267,COc1cccc(-c2c3nc(cc4ccc([nH]4)c(-c4ccccc4)c4nc(cc5ccc2[nH]5)C=C4)C=C3)c1
CHEMBL378407,COc1cc(/C=C/Cc2cc(O)c3cc(C)sc3c2)cc(OC)c1OC
CHEMBL210335,COc1cc(/C=C\Cc2cc(O)c3cc(C)oc3c2)cc(OC)c1OC
CHEMBL377998,O=c1[nH]c(=O)n(COC(CO)CO)cc1Cl
CHEMBL379526,O=c1[nH]c(=O)n(COC(CO)CO)cc1[N+](=O)[O-]
CHEMBL210842,CCCCCCCCCCCCCCCC[C@]1(O)C=C[C@H](O)[C@H]1C(=O)OC
CHEMBL210192,FC(F)(F)c1ccnc(N2C[C@@H]3CCN[C@@H]3C2)n1
CHEMBL378946,Clc1ccc(Cl)c(-c2ccnc(N3C[C@@H]4CCN[C@@H]4C3)n2)c1
CHEMBL209136,CC(=O)Nc1cc(N)c(C#N)c(NC(C)C)n1
CHEMBL378521,C=C1/C(=C\C=C2/CCC[C@]3(C)C([C@H](C)OCC(=O)OC(C)(C)C)=CCC23)C[C@@H](O)C[C@@H]1O
CHEMBL377336,COC1=CC(=O)c2c(O)c3c(c(O)c2C1=O)C(=O)[C@]1(CCc2c1c(O)c1c(O)nc(/C=C/c4csc(NC(C)=O)n4)cc1c2Br)C3=O
CHEMBL379330,CCCn1c(=O)c2nc(-n3cccn3)[nH]c2n(CCC)c1=O
CHEMBL210389,CCCn1c(=O)c2nc(-c3cc(C)nn3C)[nH]c2n(CCC)c1=O
CHEMBL210097,O=C(CSc1nccc(-c2cc(-c3ccc(Cl)cc3Cl)no2)n1)Nc1ccc(C(F)(F)F)cc1
CHEMBL209667,O=C(CSc1nccc(-c2cc(-c3ccccc3Cl)no2)n1)Nc1ccc(Cl)cc1
CHEMBL209668,O=[N+]([O-])c1cccc(CNc2nc3ccccc3[nH]2)c1
CHEMBL210748,O=C(Nc1cccc([N+](=O)[O-])c1)Nc1nc2ccccc2[nH]1
CHEMBL208762,O=[N+]([O-])c1cccc(S(=O)(=O)Nc2nc3ccccc3[nH]2)c1
CHEMBL210391,COC(=O)c1ccc2[nH]c(N3CCN(c4ncccc4C(F)(F)F)CC3)nc2c1
CHEMBL380279,COc1ccc(OC)c(CC(=O)Nc2cc(N)c(C#N)c(Br)n2)c1
CHEMBL378931,CC(=O)Nc1cc(N)c(C#N)c(OC(C)C)n1
CHEMBL426136,CC[C@H](C)[C@H](NC(=O)[C@@H](N)[C@@H](C)O)C(=O)N[C@@H](CO)C(=O)N[C@@H](Cc1ccc(O)cc1)C(=O)N[C@@H](CC(=O)O)C(=O)N[C@@H](Cc1ccc(O)cc1)C(=O)O
CHEMBL379309,CCCCCCCC(=O)N[C@H](C(=O)N[C@H](C(=O)N[C@H](C(=O)N[C@@H](Cc1ccccc1)C(=O)N[C@@H](CC(=O)O)C(=O)N[C@@H](Cc1ccc(O)cc1)C(=O)O)[C@@H](C)O)[C@@H](C)CC)[C@@H](C)O
CHEMBL380390,CCCCCCCCCCCCCCCC(=O)N[C@@H](Cc1ccccc1)C(=O)N[C@@H](CCCCN)C(=O)N[C@@H](Cc1ccccc1)C(=O)O
CHEMBL210442,FC(F)(F)c1cc(/C=C/c2ccccc2)c2[nH]c(N3CCN(c4ncccc4C(F)(F)F)CC3)nc2c1
CHEMBL210492,FC(F)(F)c1ccc2[nH]c(N3CCN(c4ccccn4)CC3)nc2c1
CHEMBL210903,CCCCCCCCCCCCCCC(N)C(=O)O
CHEMBL210800,COc1cc(O)c2c(c1)OC(c1ccccc1)CC2=O
CHEMBL380176,CCCn1c(=O)c2nc(-c3cn[nH]c3)[nH]c2n(CCC)c1=O
CHEMBL208667,O=C(Nc1nc2cc(F)c(F)cc2[nH]1)c1cccc([N+](=O)[O-])c1
CHEMBL379985,O=C(Nc1nc2ccccc2n1CCO)c1cccc([N+](=O)[O-])c1
CHEMBL208668,CC(=O)Nc1cc(N)c(C#N)c(OCCN(C)C)n1
CHEMBL210307,CC(=O)Nc1cc(N)c(C#N)c(OCCC(=O)O)n1
CHEMBL377348,CC(=O)Nc1cc(N)c(C#N)c(OC2CCOC2)n1
CHEMBL210974,CN(C)C(=O)[C@@H](c1ccc(-c2ccc3ncnn3c2)cc1)[C@H](N)C(=O)N1CC(F)C1.O=C(O)C(F)(F)F
CHEMBL210975,FC(F)(F)c1ccc2[nH]c(N3CCN(c4ncccc4I)CC3)nc2c1
CHEMBL209202,CC(C)n1c(NC(=O)c2cccc([N+](=O)[O-])c2)nc2ccccc21
CHEMBL210751,O=C(Nc1nc2cc([N+](=O)[O-])ccc2[nH]1)c1cccc([N+](=O)[O-])c1
CHEMBL210752,CCCCN(CCCC)CC(=O)Nc1cc(N)c(C#N)c(OCC)n1
CHEMBL210804,CCCCNCC(=O)Nc1cc(N)c(C#N)c(OCC)n1
CHEMBL377962,OCc1cc(O)cc(Nc2c3ccccc3nc3c(OCCN(CCCl)CCCl)cccc23)c1
CHEMBL208757,C[C@@H]1CN(c2ncccc2C(F)(F)F)CCN1c1nc2cc(C(F)(F)F)ccc2[nH]1
CHEMBL208805,CCCCCCCCCC(=O)N[C@@H](Cc1ccc(O)cc1)C(=O)N[C@@H](CCC(=O)O)C(=O)N[C@@H](CC(C)C)C(=O)O
CHEMBL210601,COc1ccc(C(=O)Nc2sc3c(c2C(N)=O)CCC3)cc1OC
CHEMBL210087,CCCCCNC(=O)NS(=O)(=O)c1cc([N+](=O)[O-])ccc1Nc1ccc(Cl)cc1
CHEMBL379419,CC(NC(=O)Cc1ccc(NP(=O)(OCc2ccc([N+](=O)[O-])o2)N(C)CCCCCl)cc1)c1ccc(OCC2CCCCC2)c(C(N)=O)c1
CHEMBL377856,COC1=CC(=O)c2c(O)c3c(c(O)c2C1=O)C(=O)[C@]1(CCc2c1c(O)c1c(O)nc(/C=C/c4csc(C)n4)cc1c2Br)C3=O
CHEMBL442473,CCCCCCCCCCCCCCCC(=O)N[C@H](C(=O)N[C@H](C(=O)N[C@H](C(=O)N[C@@H](Cc1ccc(O)cc1)C(=O)N[C@@H](CCCCN)C(=O)N[C@@H](Cc1ccccc1)C(=O)O)[C@@H](C)O)C(C)C)[C@@H](C)O
CHEMBL211017,Cc1ccc2cccc(OCc3c(Cl)ccc(S(=O)(=O)NC(C)(C)C(=O)N4CCN(CCN=C(N)N)CC4)c3Cl)c2n1
CHEMBL379852,CC1(C)CC[C@]2(C(=O)OCc3ccccc3)CC[C@]3(C)C(=CCC4[C@@]5(C)CC(=N\O)/C(=N\O)C(C)(C)C5CC[C@]43C)[C@@H]2C1
CHEMBL210993,C[C@@H]1CN(c2ncc(C(=O)O)cc2Cl)CCN1c1nc2c(-c3cc(F)c(F)c(F)c3)cc(C(F)(F)F)cc2[nH]1
CHEMBL210886,CC1(C)CC[C@]2(C(=O)O)CC[C@]3(C)C(=CCC4[C@@]5(C)CC[C@H](OC(=O)CCC(=O)O)C(C)(C)C5CC[C@]43C)[C@@H]2C1
CHEMBL378780,CCC[C@H](NC(=O)OC(C)(C)C)C(=O)c1nnc(-c2ccccc2OC)o1
CHEMBL209766,CCC[C@H](NC(=O)OC(C)(C)C)C(=O)c1nnc(C(C)C)o1
CHEMBL210315,CCC[C@H](NC(=O)OC(C)(C)C)C(=O)c1nnc(-c2cccs2)o1
CHEMBL210202,COc1ccc(Nc2c3ccccc3nc3c(OCCCCN(CCCl)CCCl)cccc23)cc1N
CHEMBL210203,CC(C)(C)c1ccc(C(=O)Nc2ccc(-c3ncccc3C(F)(F)F)cc2)cc1
CHEMBL210272,COc1cccc(-c2nnnn2Cc2ccccc2Cl)c1OC
CHEMBL210367,c1ccc(Cn2nnnc2-c2ccncc2)cc1
CHEMBL210834,c1ccc(Cn2nnnc2-c2cccc3ncccc23)cc1
CHEMBL210887,O=C(Nc1nc2ccccc2n1CCCO)c1cccc([N+](=O)[O-])c1
CHEMBL209817,O=C(O)Cn1c(NC(=O)c2cccc([N+](=O)[O-])c2)nc2ccccc21
CHEMBL378980,CCCCOc1nc(NC(C)=O)cc(N)c1C#N
CHEMBL377265,COC1=CC(=O)c2c(O)c3c(c(O)c2C1=O)C(=O)[C@]1(CCc2c1c(O)c1c(O)nc(/C=N/N4CCN(C)CC4)cc1c2Br)C3=O
CHEMBL377827,COC1=CC(=O)c2c(O)c3c(c(O)c2C1=O)C(=O)[C@]1(CCc2c1c(O)c1c(O)nc(/C=N/OC(C)C)cc1c2Br)C3=O
CHEMBL441687,CC1(C)[C@@H](O[C@H]2O[C@H](C(=O)O)[C@@H](O)[C@H](O)[C@H]2O[C@@H]2O[C@H](C(=O)O)[C@@H](O)[C@H](O)[C@H]2O)CC[C@]2(C)[C@H]3C(=O)C=C4[C@@H]5C[C@@](C)(C(=O)O)CC[C@]5(C)CC[C@@]4(C)[C@]3(C)CC[C@@H]12
CHEMBL380055,CC(C)[C@H](NC(=O)[C@@H](N)[C@@H](C)O)C(=O)N[C@H](C(=O)N[C@@H](Cc1ccc(O)cc1)C(=O)N[C@@H](CCCCN)C(=O)N[C@@H](Cc1ccc(O)cc1)C(=O)O)[C@@H](C)O
CHEMBL209818,Cc1cccc(Nc2ncnc3ccc(N(C)C(=O)N(CCCl)N=O)cc23)c1
CHEMBL210378,CN(C(=O)N(CCCl)N=O)c1ccc2ncnc(Nc3cccc(Cl)c3)c2c1
CHEMBL210427,Cc1ccc2cccc(OCc3c(Cl)ccc(S(=O)(=O)NC(C)(C)C(=O)Nc4ccccc4)c3Cl)c2n1
CHEMBL210217,Cc1ccc2cccc(OCc3c(Cl)ccc(S(=O)(=O)NC(C)(C)C(=O)NCCN=C(N)N)c3Cl)c2n1
CHEMBL380205,FC(F)(F)c1ccc2nc(N3CCN(c4ncccc4C(F)(F)F)CC3)n(Cc3ccccc3)c2c1
CHEMBL210711,CC[C@@H]1CN(c2ncccc2C(F)(F)F)CCN1c1nc2cc(C(F)(F)F)ccc2[nH]1
CHEMBL208965,CCC[C@@H]1CN(c2ncccc2C(F)(F)F)CCN1c1nc2cc(C(F)(F)F)ccc2[nH]1
CHEMBL209016,COc1ccc(C(=O)Nc2sc3c(c2C(N)=O)CCCCC3)cc1OC
CHEMBL208628,COc1ccc(C(=O)Nc2sc3c(c2C(N)=O)CCCCCC3)cc1OC
CHEMBL378981,CN(C)C(=O)[C@@H](c1ccc(-c2ccc3ncnn3c2)cc1)[C@H](N)C(=O)N1CCC(F)(F)C1
CHEMBL208669,FC(F)(F)c1cc(Br)c2[nH]c(N3CCN(c4ncccc4C(F)(F)F)CC3)nc2c1
CHEMBL377160,C[C@@H]1CN(c2ncc(Br)cc2Cl)CCN1c1nc2c(-c3cc(F)c(F)c(F)c3)cc(C(F)(F)F)cc2[nH]1
CHEMBL210619,c1ccc(CNCCCCNCCCNCc2ccccc2)cc1
CHEMBL210233,CN(C(=O)C(N)=O)c1nc(C(=O)NCc2ccc(F)cc2)c(O)c2ncccc12
CHEMBL210234,CN(C(=O)C(=O)N1CCCCC1)c1nc(C(=O)NCc2ccc(F)cc2)c(O)c2ncccc12
CHEMBL210757,CCCC(=O)O[C@H]1CC[C@@]2(C)C(CC[C@]3(C)C2CC=C2[C@@H]4CC(C)(C)CC[C@]4(C(=O)O)CC[C@]23C)C1(C)C
CHEMBL210758,Cc1cc(N)cc(Nc2c3ccccc3nc3c(OCCN(CCCl)CCCl)cccc23)c1
CHEMBL426686,CN(C)C(=O)C(=O)N(C)c1nc(C(=O)NCc2ccc(F)cc2)c(O)c2ncccc12
CHEMBL210535,CCC[C@H](NC(=O)C1(NC(=O)c2ccc(OC(F)(F)F)cc2)CCCCC1)C(=O)c1nnc(C(C)C)o1
CHEMBL210667,Cc1cccnc1-c1ccc(NC(=O)c2cccc(C(F)(F)F)c2)cc1
CHEMBL210668,FC(F)(F)c1ccc(-c2nc3cc(-c4ncccc4C(F)(F)F)ccc3[nH]2)cc1
CHEMBL379421,c1ccc(Cn2nnnc2-c2cccc3cccnc23)cc1
CHEMBL377125,O=C(O)CCn1c(NC(=O)c2cccc([N+](=O)[O-])c2)nc2ccccc21
CHEMBL426688,O=C(O)C[C@@H]1CC[C@H](c2ccc(-c3noc(-c4ccc(C5CCCC5)c(F)c4)n3)cc2)N1
CHEMBL209989,O=C(Cc1c(F)cccc1F)NCc1cccc(-c2cccc(-c3cc4c[nH]ccc-4n3)c2O)c1
CHEMBL210945,CC(=O)Nc1sc2c(c1C(N)=O)CCCC2
CHEMBL210893,CN(C(=O)N(CCCl)N=O)c1ccc2ncnc(Nc3cccc(Br)c3)c2c1
CHEMBL209873,Cc1ccc2cccc(OCc3c(Cl)ccc(S(=O)(=O)NC(C)(C)C(=O)NCCCN=C(N)N)c3Cl)c2n1
CHEMBL455964,CC(C)S(=O)(=O)N(C)c1ccc(NC(=O)c2ccccc2)cc1
CHEMBL451325,CC(C)S(=O)(=O)N(C)c1ccc(N(C)C(=O)c2ccccc2)cc1
CHEMBL540197,CC(C)S(=O)(=O)N(C)c1ccc(N(C)S(=O)(=O)c2ccc(F)cc2)cc1
CHEMBL455945,CC(C)S(=O)(=O)N1CCN2C(=O)CCC2C1
CHEMBL455969,CC(=O)N1CCN2C(=O)c3ccccc3C2C1
CHEMBL456177,CCC(=O)N1CCN2C(=O)c3ccccc3C2C1
CHEMBL456178,CCC(=O)N[C@H]1CC[C@H](NC(=O)c2ccccc2)CC1
CHEMBL456179,COc1ccc2c(c1)C(Cl)=C(/C=N/NC(=N)N)CC2
CHEMBL456106,COc1ccc2c(c1)CCC(/C=N/NC(=N)N)=C2Cl
CHEMBL456392,Cc1cc(C)c2c(c1)C(Cl)=C(/C=N/NC(=N)N)CC2
CHEMBL456393,CC1CC(/C=N/NC(=N)N)=C(Cl)c2ccccc21
CHEMBL456598,N=C(N)N/N=C/C1=C(Cl)c2ccccc2C1
CHEMBL456594,N=C(N)N/N=C/C1=C(Cl)c2ccccc2CCC1
CHEMBL456599,N=C(N)N/N=C/C1=C(Br)c2ccccc2CC1
CHEMBL456600,COC1=C(/C=N/NC(=N)N)CCc2ccccc21
CHEMBL509570,O[C@@H]1[C@@H](O)[C@H](ON2CCCCC2)OC[C@H]1O
CHEMBL513262,CC(=O)O[C@@H]1OC[C@@H](OC(C)=O)[C@H](OC(C)=O)[C@H]1OC(C)=O
CHEMBL458293,CO[C@@H]1OC[C@@H](OC(=O)c2ccccc2)[C@H](OC(=O)c2ccccc2)[C@H]1OC(=O)c1ccccc1
CHEMBL458294,CO[C@@H]1OC[C@@H](OC(=O)C(C)(C)C)[C@H](OC(=O)C(C)(C)C)[C@H]1OC(=O)C(C)(C)C
CHEMBL504643,CCS[C@@H]1OC[C@@H](O)[C@H](O)[C@H]1O
CHEMBL445736,CCCS[C@@H]1OC[C@@H](O)[C@H](O)[C@H]1O
CHEMBL518506,C[C@H](NC1=NC(=O)C(C)(c2ccc(CO)cc2)S1)c1ccc(F)cc1
CHEMBL461878,C[C@H](NC1=NC(=O)C(C)(CC(C)(C)O)S1)c1ccc(F)cc1
CHEMBL461879,C[C@H](NC1=NC(=O)C(C)(C(C)(C)O)S1)c1ccc(F)cc1
CHEMBL460393,C[C@H](NC1=NC(=O)C(C)(C2(O)CCC2)S1)c1ccc(F)cc1
CHEMBL517874,C[C@H](NC1=NC(=O)C(C)(C2(O)CCCC2)S1)c1ccc(F)cc1
CHEMBL509749,C[C@H](NC1=NC(=O)C(C)(C(C)(C)O)S1)c1ccc(C#N)cc1
CHEMBL462304,O=C(Nc1cccc(C(=O)N2CCC[C@@H]3CCCC[C@H]32)c1)c1ccccc1
CHEMBL462305,Cc1cccc(C(C)(C)C(=O)NC2C3CC4CC2CC(O)(C4)C3)c1
CHEMBL460827,CC(C)(C)OC(=O)N1CC=C(c2cn(-c3ccc(F)cc3)nn2)CC1
CHEMBL511352,Cc1ccccc1-n1cc(C2=CCN(C(=O)OC(C)(C)C)CC2)nn1
CHEMBL461033,COc1ccccc1-n1cc(C2=CCN(C(=O)OC(C)(C)C)CC2)nn1
CHEMBL461034,CC(C)(C)NC(=O)N1CC=C(c2cn(-c3ccccc3F)nn2)CC1
CHEMBL461035,CC(C)(C)CC(=O)N1CC=C(c2cn(-c3ccccc3F)nn2)CC1
CHEMBL518779,CC1(C)CC2(CN(Cc3ccc(C(F)(F)F)cc3)CCO2)c2ccccc2O1
CHEMBL459767,CC1(C)CC2(CN(Cc3ccc(Br)cc3)CCO2)c2ccccc2O1
CHEMBL525390,COc1ccc(CN2CCOC3(C2)CC(C)(C)Oc2ccccc23)cc1
CHEMBL459768,COc1ccccc1CN1CCOC2(C1)CC(C)(C)Oc1ccccc12
CHEMBL514581,COc1cccc(CN2CCOC3(C2)CC(C)(C)Oc2ccccc23)c1
CHEMBL457660,COc1ccc(Cc2cc(C3CCN(C(=O)c4ccc5ccoc5c4)CC3)nc(N)n2)cc1
CHEMBL457661,COc1ccc(Cc2cc(C3CCN(C(=O)c4ccc5ocnc5c4)CC3)nc(N)n2)cc1
CHEMBL515680,COc1ccc(Cc2cc(C3CCN(C(=O)c4ccc5ncoc5c4)CC3)nc(N)n2)cc1
CHEMBL456614,COc1ccc(Cc2cc(C3CCN(C(=O)c4ccc5[nH]ccc5c4)CC3)nc(N)n2)cc1
CHEMBL526708,O=C1C(Br)=C(Nc2cccc(Cl)c2)C(=O)c2[nH]cnc21
CHEMBL501504,O=C1C(Br)=C(Nc2cccc(Br)c2)C(=O)c2[nH]cnc21
CHEMBL455985,CCCn1c(=O)c2[nH]c(-c3ccc(C)cc3)c(O)c2n(CCC)c1=O
CHEMBL455986,CCCn1c(=O)c2[nH]c(-c3ccc(N)cc3)cc2n(CCC)c1=O
CHEMBL457880,CCCn1c(=O)c2c(cc(-c3ccc(N)cc3)n2O)n(CCC)c1=O
CHEMBL510409,CCCn1c(=O)c2[nH]c(-c3ccc(N)cc3)c(O)c2n(CCC)c1=O
CHEMBL457881,CCCn1c(=O)c2[nH]c(-c3ccc(O)cc3)cc2n(CCC)c1=O
CHEMBL458095,CC/C=C\C/C=C\C/C=C\CCCCCCCC(=O)NCCO
CHEMBL455997,CCCCC/C=C\C/C=C\C/C=C\CCCCC(=O)NCCO
CHEMBL510212,O=C1CCC(N2C(=O)c3ccccc3C2=O)C(=O)N1CSC(=S)NNc1ccccc1
CHEMBL455965,O=C1CCC(N2C(=O)c3ccccc3C2=O)C(=O)N1CSC(=S)NCc1ccccc1
CHEMBL456174,O=C1CCC(N2C(=O)c3ccccc3C2=O)C(=O)N1CSC(=S)NCCc1ccccc1
CHEMBL456175,S=c1[nH]nc(-c2cc3c([nH]c4ccccc43)c(-c3ccccc3)n2)o1
CHEMBL519093,COc1ccc(-c2nc(-c3n[nH]c(=S)o3)cc3c2[nH]c2ccccc23)cc1
CHEMBL456180,O=C(Nc1ccccc1Cl)Nc1cc(F)c(CC(=O)N2C[C@@H](F)C[C@H]2COc2ccc(C(=O)O)cc2)cc1Cl
CHEMBL456601,CC(Cc1ccccc1)C(=O)NCC(=O)O
CHEMBL455750,CC(C)SCC(=O)NCC(=O)O
CHEMBL456499,O=C(O)CNC(=O)C1CC1c1ccccc1
CHEMBL456602,O=C(O)CNC(=O)SCc1ccccc1
CHEMBL504798,O=C(O)CNC(=O)CNC(=O)CCl
CHEMBL456396,CC(C)CCC(=O)NCC(=O)O
CHEMBL456371,CC(C)(C)OC(=O)NCC(=O)NCC(=O)O
CHEMBL456397,CC(=O)N[C@H]1CC[C@H](NC(=O)c2ccccc2)CC1
CHEMBL451299,CC(C)S(=O)(=O)N[C@H]1CC[C@H](NC(=O)c2ccccc2)CC1
CHEMBL456603,O=C(N[C@H]1CC[C@H](NS(=O)(=O)c2ccc(F)cc2)CC1)c1ccccc1
CHEMBL443130,CCC(=O)N[C@H]1CC[C@H](NC(=O)CC)CC1
CHEMBL458295,O=C(Nc1ccc(NS(=O)(=O)c2ccc(F)cc2)cc1)c1ccccc1
CHEMBL511509,CCC(=O)Nc1ccc(NS(=O)(=O)c2ccc(F)cc2)cc1
CHEMBL512206,N=C(N)N/N=C/C1=C(Oc2ccccc2)c2ccccc2CC1
CHEMBL458495,N=C(N)N/N=C/C1=C(C(F)(F)F)c2ccccc2CC1
CHEMBL458496,N=C(N)N/N=C/C=C(\Cl)c1ccccc1
CHEMBL460174,CC(/C=N/NC(=N)N)=C(/Cl)c1ccccc1
CHEMBL459968,N=C(N)N/N=C/C=C(\Cl)c1cccc2ccccc12
CHEMBL508968,C/C(=N\NC(=N)N)C1=C(Cl)c2ccccc2CC1
CHEMBL460147,C=C(C)[C@]1(O)CC[C@@]2(C)CCC[C@@](C)(N=C=S)[C@@H]2C1
CHEMBL460175,C=C(C)[C@]1(OO)CC[C@@]2(C)CCC[C@@](C)(N=C=S)[C@@H]2C1
CHEMBL452682,CC(C)=CCCC(C)(N=C=S)[C@H]1CC=C(C)CC1
CHEMBL461880,C[C@H]1CC[C@H](O)C2=CC(=O)[C@H]3[C@H](C3(C)C)[C@@]21C
CHEMBL512221,C[C@H]1CC[C@@H](O)C2=CC(=O)[C@H]3[C@H](C3(C)C)[C@@]21C
CHEMBL461881,C[C@H]1CC[C@@H](OO)C2=CC(=O)[C@H]3[C@H](C3(C)C)[C@@]21C
CHEMBL513107,C[C@H]1CCC[C@]2(O)[C@@H](O)C(=O)[C@H]3[C@H](C3(C)C)[C@]12C
CHEMBL462088,CCCCCCCCCCCC(=O)S[C@@H]1OC[C@@H](O)[C@H](O)[C@H]1O
CHEMBL499271,CC1(C)O[C@H]2O[C@H](CO)[C@H](O)[C@H]2O1
CHEMBL460611,CC1(C)OC[C@H]2O[C@@H]3OC(C)(C)O[C@@H]3[C@H]2O1
CHEMBL518336,COC(OC)[C@@H]1OC(c2ccccc2)O[C@@H]2COC(c3ccccc3)O[C@@H]21
CHEMBL460612,COC(OC)[C@@H]1OC(c2ccc(F)cc2)O[C@@H]2COC(c3ccc(F)cc3)O[C@@H]21
CHEMBL443623,CO[C@H]1OC[C@@H](O)[C@H](O)[C@H]1O
CHEMBL443423,O=C1Cc2ccc([N+](=O)[O-])cc2C(=O)N1O
CHEMBL446740,O=C1Cc2ccc(Cl)cc2C(=O)N1O
CHEMBL444646,O=C1Cc2ccc(Br)cc2C(=O)N1O
CHEMBL461036,O=C1Cc2ccc(I)cc2C(=O)N1O
CHEMBL455061,O=C1Cc2ccc(O)cc2C(=O)N1O
CHEMBL461247,CC(=O)Nc1ccc2c(c1)C(=O)N(O)C(=O)C2
CHEMBL446644,CCCCC(=O)Nc1ccc2c(c1)C(=O)N(O)C(=O)C2
CHEMBL506407,Cc1cc(=O)oc2c3c(ccc12)OC(C)(C)[C@H](OC(=O)[C@@]12CC[C@](C)(C(=O)O1)C2(C)C)[C@@H]3OC(=O)[C@@]12CC[C@](C)(C(=O)O1)C2(C)C
CHEMBL456945,Cc1c(CC#N)c(=O)oc2c3c(ccc12)OC(C)(C)[C@H](OC(=O)[C@@]12CC[C@](C)(C(=O)O1)C2(C)C)[C@@H]3OC(=O)[C@@]12CC[C@](C)(C(=O)O1)C2(C)C
CHEMBL457871,C[C@H]1CCN(C(=O)CC#N)C[C@@H]1N(C)c1ncnc2[nH]ccc12
CHEMBL457872,CC(C)(C)OC(=O)N1CC=C(c2cn(-c3ccccn3)nn2)CC1
CHEMBL453249,CC(C)(C)OC(=O)N1CC=C(c2cn(-c3cccnc3)nn2)CC1
CHEMBL457873,CC(C)(C)OC(=O)N1CC=C(c2cn(-c3ccncc3)nn2)CC1
CHEMBL452618,CC(C)(C)OC(=O)N1CC=C(c2cn(-c3ncccc3F)nn2)CC1
CHEMBL456823,Cc1c(C2=CCN(C(=O)OC(C)(C)C)CC2)nnn1-c1ncccc1F
CHEMBL456824,CC1(C)CC2(CN(Cc3ccccc3)CCO2)c2cc(Br)ccc2O1
CHEMBL514255,CC1(C)CC2(CN(Cc3ccc(N)cc3)CCO2)c2cc(Br)ccc2O1
CHEMBL509974,Cc1ccc(CN2CCOC3(C2)CC(C)(C)Oc2ccc(Br)cc23)cc1
CHEMBL455987,COc1ccc(Cc2cc(C3CCN(C(=O)c4ccc5nsnc5c4)CC3)nc(N)n2)cc1
CHEMBL456195,COc1ccc(Cc2cc(C3CCN(Cc4ccc5c(c4)OCO5)CC3)nc(N)n2)cc1
CHEMBL458096,COc1ccc(Cc2cc(C3CCN(C(=O)c4ccc5c(c4)OCO5)CC3)nc(Cl)n2)cc1
CHEMBL458097,COc1ccc(Cc2cc(C3CCN(C(=O)c4ccc5c(c4)OCO5)CC3)ncn2)cc1
CHEMBL513264,O=C1C(Br)=C(Nc2cccc(C(F)(F)F)c2)C(=O)c2[nH]cnc21
CHEMBL455998,CCCn1c(=O)c2c(cc(-c3ccc(O)cc3)n2O)n(CCC)c1=O
CHEMBL455999,CCCn1c(=O)c2[nH]c(-c3ccc(O)cc3)c(O)c2n(CCC)c1=O
CHEMBL449133,CCCn1c(=O)c2[nH]c(-c3ccc(OC)cc3)cc2n(CCC)c1=O
CHEMBL457209,CCCn1c(=O)c2c(cc(-c3ccc(OC)cc3)n2O)n(CCC)c1=O
CHEMBL457418,CCCn1c(=O)c2[nH]c(-c3ccc(OC)cc3)c(O)c2n(CCC)c1=O
CHEMBL457419,CCCCCCCCCCCCCCCC(=O)NCCc1ccc(O)c(O)c1
CHEMBL456176,CCCCC/C=C\C/C=C\C/C=C\CCCCC(=O)NCCc1ccc(O)c(O)c1
CHEMBL456386,Oc1ccc(-c2nc(-c3n[nH]c(=S)o3)cc3c2[nH]c2ccccc23)cc1
CHEMBL456387,O=[N+]([O-])c1cccc(-c2nc(-c3n[nH]c(=S)o3)cc3c2[nH]c2ccccc23)c1
CHEMBL514720,O=[N+]([O-])c1ccc(-c2nc(-c3n[nH]c(=S)o3)cc3c2[nH]c2ccccc23)cc1
CHEMBL456388,COc1cc(-c2nc(-c3n[nH]c(=S)o3)cc3c2[nH]c2ccccc23)ccc1O
CHEMBL514099,CN(C)c1ccc(-c2nc(-c3n[nH]c(=S)o3)cc3c2[nH]c2ccccc23)cc1
CHEMBL456814,Cc1ccccc1NC(=O)Nc1cc(Cl)c(CC(=O)N2C[C@@H](F)C[C@H]2COc2ccc(C(=O)O)cc2)cc1Cl
CHEMBL456815,Cc1ccccc1NC(=O)Nc1cc(F)c(CC(=O)N2C[C@@H](F)C[C@H]2COc2ccc(C(=O)O)cc2)cc1Cl
CHEMBL515662,Cc1cc(NC(=O)Nc2ccccc2C)c(Cl)cc1CC(=O)N1C[C@@H](F)C[C@H]1COc1ccc(C(=O)O)cc1
CHEMBL450364,O=C(O)CNC(=O)CSc1ccccc1
CHEMBL456604,O=C(O)CNC(=O)Nc1ccccc1
CHEMBL456605,O=C(O)CNC(=O)CNC(=O)CNC(=O)c1ccccc1
CHEMBL456606,O=C(O)CNC(=O)/C=C/c1ccccc1
CHEMBL456607,O=C(O)CNC(=S)CCc1ccccc1
CHEMBL458497,O=C(O)CNC(=O)Cc1ccccc1
CHEMBL458498,O=C(O)CNC(=O)CCCc1ccccc1
CHEMBL512207,O=C(O)CNC(=O)CNC(=O)c1ccc([N+](=O)[O-])cc1
CHEMBL502368,CCC(=O)Nc1ccc(NS(=O)(=O)C(C)C)cc1
CHEMBL458499,CC(=O)Nc1ccc(NC(=O)c2ccccc2)cc1
CHEMBL455977,CC(=O)Nc1ccc(NS(=O)(=O)C(C)C)cc1
CHEMBL455978,CC(=O)Nc1ccc(NS(=O)(=O)c2ccc(F)cc2)cc1
CHEMBL454536,NC12CC3CC(CC1C3)C2
CHEMBL448878,COc1ccccc1CNC12CC3CC(CC1C3)C2
CHEMBL460176,COc1cccc(CNC23CC4CC(CC2C4)C3)c1
CHEMBL500090,c1csc(CNC23CC4CC(CC2C4)C3)c1
CHEMBL462089,COc1cc(CCN(C)C)c2c(c1O)SSSSS2
CHEMBL462090,COc1c(C)c(CCN(C)C)c2c(c1OC)SSSSS2
CHEMBL513108,CSC1=C(CCN)c2nc3ccccc3c3ccnc(c23)C1=O
CHEMBL462091,C[C@H]1CC(=O)C=C2[C@H]3O[C@H]3[C@H]3[C@H](C3(C)C)[C@@]21C
CHEMBL460613,C[C@H]1CCCC2=C[C@H](C#N)[C@H]3[C@H](C3(C)C)[C@@]21C
CHEMBL509522,C=C1CCC[C@]2(C)CC[C@@H](C(=C)C)[C@H](N=C=S)[C@@H]12
CHEMBL460822,C/C(=C/C=C/C(C)C)[C@H]1CC[C@](C)(C#N)CC1
CHEMBL499142,C[C@H]1CCCC2=CC(=O)[C@H]3[C@H](C3(C)C)[C@@]21C
CHEMBL443679,CCCCC(=O)c1ccc(OC)c(OC2CCOCC2)c1
CHEMBL446547,CCCC(O)c1ccc(OC2CCOCC2)c(OC)c1
CHEMBL507064,CCCCC(O)c1ccc(OC2CCOCC2)c(OC)c1
CHEMBL462517,CCCC(O)c1ccc(OC2CCOC2)c(OC)c1
CHEMBL462448,CCCCC(O)c1ccc(OC2CCOC2)c(OC)c1
CHEMBL462518,CCCCC(O)c1ccc(OC)c(OC2CCOC2)c1
CHEMBL461248,O=C1C(=O)N(Cc2ccc(F)cc2)c2ccc(S(=O)(=O)N3CCCC3)cc21
CHEMBL516490,O=C1C(=O)N(Cc2ccc(F)cc2)c2ccc(S(=O)(=O)N3CCC[C@H]3COc3ccc(F)cc3)cc21
CHEMBL461249,O=C1C(=O)N(Cc2ccc(F)cc2)c2ccc(S(=O)(=O)N3CCC[C@H]3COc3cccc(F)c3)cc21
CHEMBL516941,O=C1C(=O)N(Cc2ccc(F)cc2)c2ccc(S(=O)(=O)N3CCC[C@H]3COc3ccc(F)cc3F)cc21
CHEMBL459769,C[C@H]1CCN(C(=O)CC#N)C[C@H]1N(C)c1ncnc2[nH]ccc12
CHEMBL459977,C[C@@H]1CCN(C(=O)CC#N)C[C@H]1N(C)c1ncnc2[nH]ccc12
CHEMBL517866,CN1CC[C@@]23C[C@@H]1CC[C@H]2Oc1ccc(O)cc13
CHEMBL515681,Oc1ccc2c(c1)[C@@]13CCN(CCc4ccccc4)[C@@H](CC[C@H]1O2)C3
CHEMBL450850,CN1CC[C@@]23C[C@@H]1CC[C@H]2Oc1c(O)cccc13
CHEMBL515842,Oc1cccc2c1O[C@@H]1CC[C@H]3C[C@@]21CCN3CCc1ccccc1
CHEMBL458088,CCCN(CCN1CCN(c2ccccc2)CC1)[C@H]1CCc2ccc(O)cc2C1
CHEMBL456825,CCCN(CCN1CCN(c2ccccc2)CC1)[C@@H]1CCc2ccc(O)cc2C1
CHEMBL457024,CCCN(CCN1CCN(c2ccccc2)CC1)[C@H]1CCc2c(O)cccc2C1
CHEMBL457025,CCCN(CCN1CCN(c2ccccc2)CC1)[C@@H]1CCc2c(O)cccc2C1
CHEMBL457026,CC(C)OC(=O)N1CC=C(c2cn(-c3cccnc3F)nn2)CC1
CHEMBL456196,Cc1c(C2=CCN(C(=O)OC(C)C)CC2)nnn1-c1cccnc1F
CHEMBL502882,Cc1c(C2=CCN(C(=O)N(C)C(C)C)CC2)nnn1-c1cccnc1F
CHEMBL526676,N/C(=N/C(=O)c1ccc(Cn2cc(CN(Cc3cn(Cc4ccc(C(=O)/N=C(/N)NCCC[C@@H](NC(=O)C(c5ccccc5)c5ccccc5)C(=O)NCc5ccc(O)cc5)cc4)nn3)Cc3cn(Cc4ccc(C(=O)/N=C(/N)NCCC[C@@H](NC(=O)C(c5ccccc5)c5ccccc5)C(=O)NCc5ccc(O)cc5)cc4)nn3)nn2)cc1)NCCC[C@@H](NC(=O)C(c1ccccc1)c1ccccc1)C(=O)NCc1ccc(O)cc1.O=C(O)C(F)(F)F.O=C(O)C(F)(F)F.O=C(O)C(F)(F)F.O=C(O)C(F)(F)F
CHEMBL501317,N/C(=N/C(=O)CCCn1cc(-c2ccc(-c3cn(CCCC(=O)/N=C(\N)NCCC[C@@H](NC(=O)C(c4ccccc4)c4ccccc4)C(=O)NCc4ccc(O)cc4)nn3)cc2)nn1)NCCC[C@@H](NC(=O)C(c1ccccc1)c1ccccc1)C(=O)NCc1ccc(O)cc1.O=C(O)C(F)(F)F.O=C(O)C(F)(F)F
CHEMBL510439,N/C(=N/C(=O)CCCn1cc(COCCOCCOCCOCCOCc2cn(CCCC(=O)/N=C(\N)NCCC[C@@H](NC(=O)C(c3ccccc3)c3ccccc3)C(=O)NCc3ccc(O)cc3)nn2)nn1)NCCC[C@@H](NC(=O)C(c1ccccc1)c1ccccc1)C(=O)NCc1ccc(O)cc1.O=C(O)C(F)(F)F.O=C(O)C(F)(F)F
CHEMBL450031,N/C(=N/C(=O)COCCOCCOCC(=O)/N=C(\N)NCCC[C@@H](NC(=O)C(c1ccccc1)c1ccccc1)C(=O)NCc1ccc(O)cc1)NCCC[C@@H](NC(=O)C(c1ccccc1)c1ccccc1)C(=O)NCc1ccc(O)cc1.O=C(O)C(F)(F)F.O=C(O)C(F)(F)F
CHEMBL451670,N/C(=N/C(=O)CCCn1cc(-c2ccccc2)nn1)NCCC[C@@H](NC(=O)C(c1ccccc1)c1ccccc1)C(=O)NCc1ccc(O)cc1.O=C(O)C(F)(F)F
CHEMBL458303,CC1(C)CC2(CN(Cc3ccc(C(F)(F)F)cc3)CCO2)c2cc(Br)ccc2O1
CHEMBL458304,CC1(C)CC2(CN(Cc3ccc(Br)cc3)CCO2)c2cc(Br)ccc2O1
CHEMBL457420,COc1ccc(CN2CCOC3(C2)CC(C)(C)Oc2ccc(Br)cc23)cc1
CHEMBL515989,COc1ccccc1CN1CCOC2(C1)CC(C)(C)Oc1ccc(Br)cc12
CHEMBL455960,COc1cccc(CN2CCOC3(C2)CC(C)(C)Oc2ccc(Br)cc23)c1
CHEMBL455961,COc1ccc(Cc2cc(C3CCN(C(=O)c4ccc5c(c4)OCO5)CC3)nc(=O)[nH]2)cc1
CHEMBL456383,COc1ccc(Cc2cc(C3CCN(C(=O)c4ccc5c(c4)OCO5)CC3)n[nH]2)cc1
CHEMBL456384,COc1ccc(Cc2cc(C3CCN(C(=O)c4ccc5c(c4)OCO5)CC3)on2)cc1
CHEMBL514719,COc1ccc(Cc2cc(C3CCN(C(=O)c4ccc5c(c4)OCO5)CC3)no2)cc1
CHEMBL456385,O=C1C=C(Nc2ccc(OC(F)(F)F)cc2)C(=O)c2[nH]c(-c3ccccn3)nc21
CHEMBL456595,O=C1C(Cl)=C(Nc2cccc(Cl)c2)C(=O)c2[nH]c(-c3ccccn3)nc21
CHEMBL456816,CCCn1c(=O)c2[nH]c(-c3ccc(C(C)=O)cc3)c(O)c2n(CCC)c1=O
CHEMBL457014,CCCn1c(=O)c2[nH]c(-c3ccc([N+](=O)[O-])cc3)c(O)c2n(CCC)c1=O
CHEMBL507754,CCCn1c(=O)c2[nH]c(-c3ccc(S(C)(=O)=O)cc3)c(O)c2n(CCC)c1=O
CHEMBL457015,CCCn1c(=O)c2[nH]c(-c3ccc(S(C)(=O)=O)cc3)c(O)c2n(C)c1=O
CHEMBL454700,CCCn1c(=O)c2[nH]c(-c3ccco3)c(O)c2n(CCC)c1=O
CHEMBL456817,CCCCC/C=C\C/C=C\C/C=C\C/C=C\CCCCCC(=O)NCCc1ccc(O)c(O)c1
CHEMBL509972,S=c1[nH]nc(-c2cc3c([nH]c4ccccc43)c(-c3ccccc3Cl)n2)o1
CHEMBL455979,CSc1nnc(-c2cc3c([nH]c4ccccc43)c(-c3ccccc3)n2)o1
CHEMBL455980,COc1ccc(-c2nc(-c3nnc(SC)o3)cc3c2[nH]c2ccccc23)cc1
CHEMBL460177,CSc1nnc(-c2cc3c([nH]c4ccccc43)c(-c3ccc(O)cc3)n2)o1
CHEMBL517872,CSc1nnc(-c2cc3c([nH]c4ccccc43)c(-c3cccc([N+](=O)[O-])c3)n2)o1
CHEMBL456399,O=C(Nc1ccccc1Cl)Nc1cc(Cl)c(CC(=O)N2C[C@@H](F)C[C@H]2COc2ccc(C(=O)O)cc2)cc1Cl
CHEMBL456608,Cc1cc(NC(=O)Nc2ccccc2Cl)c(Cl)cc1CC(=O)N1C[C@@H](F)C[C@H]1COc1ccc(C(=O)O)cc1
CHEMBL515819,O=C(Nc1cc(F)c(CC(=O)N2C[C@@H](F)C[C@H]2COc2ccc(C(=O)O)cc2)cc1Cl)Nc1ccccc1Br
CHEMBL462299,O=C(O)CNC(=O)CCCCc1ccccc1
CHEMBL462300,O=C(O)CNC(=O)CCCCCCCc1ccccc1
CHEMBL503660,O=C(O)CNC(=O)Sc1ccccn1
CHEMBL445286,O=C(O)CNC(=S)Cc1ccccc1
CHEMBL452143,O=C(O)CNC(=O)CNC(=O)c1ccccc1
CHEMBL448659,O=C(O)CNC(=O)CCCCCc1ccccc1
CHEMBL445861,CN(Cc1ccccc1)C12CC3CC(CC1C3)C2
CHEMBL460760,CN(C)C12CC3CC(CC1C3)C2
CHEMBL511702,C1CCN(C23CC4CC(CC2C4)C3)CC1
CHEMBL444922,CNC12CC3CC(CC1C3)C2
CHEMBL462519,c1ccc(CNCC23CC4CC(CC2C4)C3)cc1
CHEMBL462520,CN(Cc1ccccc1)CC12CC3CC(CC1C3)C2
CHEMBL499125,N=C(N)NCC12CC3CC(CC1C3)C2
CHEMBL456513,CNCC12CC3CC(CC1C3)C2
CHEMBL450375,CC12CC3CC1(C)CC3(N)C2
CHEMBL461462,NCCc1c2c(c3nccc4c3c1Nc1ccccc1-4)OCS2
CHEMBL451265,O=C(O)C(=O)CCCC(=O)C(=O)O
CHEMBL456197,CCOC(=O)/C=C/C(=O)/C=C/C(=O)OCC
CHEMBL456159,O=C(O)/C=C/C(=O)/C=C/C(=O)O
CHEMBL511510,O=C1C=CC(=O)c2c1cnc1c2C(=O)CCC1
CHEMBL452417,Cc1nc2c(c3c1C(=O)C=CC3=O)C(=O)CCC2
CHEMBL458305,CC1(C)CC(=O)c2c(ncc3c2C(=O)C=CC3=O)C1
CHEMBL442894,Cn1c(=O)c2c3c(cnc2n(C)c1=O)C(=O)C=CC3=O
CHEMBL458508,Cc1nc2c(c3c1C(=O)C=CC3=O)c(=O)n(C)c(=O)n2C
CHEMBL514277,CCCC(O)(c1ccc(Oc2ccccn2)c(OC)c1)c1cnc2ccccc2c1
CHEMBL455962,CCCCC(=O)c1ccc(OC2CCN(C(=O)OC(C)(C)C)CC2)c(OC)c1
CHEMBL509969,CCCC(=O)c1ccc(OC2CCOCC2)c(OC)c1
CHEMBL456170,CCCC(=O)c1ccc(OC2CCN(C(=O)OC(C)(C)C)CC2)c(OC)c1
CHEMBL447757,CCCCC(=O)c1ccc(OC2CCOCC2)c(OC)c1
CHEMBL445832,CCCC(=O)c1ccc(OC2CCOC2)c(OC)c1
CHEMBL456592,O=C1C(=O)N(Cc2ccc(F)cc2)c2ccc(S(=O)(=O)N3CCC[C@H]3COc3cc(F)cc(F)c3)cc21
CHEMBL456593,O=C1C(=O)N(Cc2ccc(F)cc2)c2ccc(S(=O)(=O)N3CCC[C@H]3COC3CCOCC3)cc21
CHEMBL515506,O=C1C(=O)N(Cc2ccc(F)cc2)c2ccc(S(=O)(=O)N3CCC[C@H]3COc3ccncn3)cc21
CHEMBL515661,C#CCN1C(=O)C(=O)c2cc(S(=O)(=O)N3CCC[C@H]3COc3ccc(F)cc3F)ccc21
CHEMBL456596,Oc1ccc2c(c1)[C@@H]1CCCN(CCN3CCN(c4ccccc4)CC3)[C@H]1CC2
CHEMBL456597,CCCN(CCN1CCN(c2ccccc2)CC1)[C@H]1CCc2nc(N)sc2C1
CHEMBL456811,CCCN(CCN1CCN(c2ccccc2)CC1)[C@@H]1CCc2nc(N)sc2C1
CHEMBL514885,CCCN(CCN1CCN(c2ccc(-c3ccccc3)cc2)CC1)[C@H]1CCc2nc(N)sc2C1
CHEMBL457016,COCCNS(=O)(=O)c1ccc(Nc2nccc(-c3cnc4cccnn34)n2)cc1
CHEMBL515515,CN(C)CCCNS(=O)(=O)c1ccc(Nc2nccc(-c3cnc4cccnn34)n2)cc1
CHEMBL456818,C[C@]12CCC(=O)C(N)=C1C=C[C@@H]1[C@@H]2CC[C@]2(C)C(=O)CC[C@@H]12.Cl
CHEMBL514100,O=C(N/N=C/c1ccc(-c2cccc(C(F)(F)F)c2)o1)c1cc(I)ccc1Cl
CHEMBL456819,O=C(N/N=C/c1ccc(-c2cccc(C(F)(F)F)c2)o1)c1ccc(Br)cc1
CHEMBL457017,O=C(N/N=C/c1ccc(-c2ccc(Cl)cc2Cl)o1)c1ccccc1[N+](=O)[O-]
CHEMBL456188,O=C(N/N=C/c1ccc(-c2ccc(Cl)c(Cl)c2)o1)c1ccccc1O
CHEMBL1207329,O=C(O)c1c(-c2ccc(O)c(Br)c2)oc2c(Br)cc(/C=C(OS(=O)(=O)O)/C(=C/c3cc(Br)c4oc(-c5ccc(O)c(Br)c5)cc4c3)OS(=O)(=O)O)cc12
CHEMBL1207330,O=C(O)[C@@]1(O)CS[C@](O)(C(=O)O)CS1
CHEMBL1207331,CC(C)n1c(CC[C@@H](O)C[C@@H](O)CC(=O)O)c(-c2ccc(F)cc2)c(-c2ccccc2)c1C(=O)Nc1ccccc1
CHEMBL1207332,C/C=C1/C(=O)N2C(C(=O)O)=C3[C@@H](OCCF)CCC[C@@H]3[C@H]12
CHEMBL1207333,CC(=O)N[C@H]1[C@@H]([C@H](O)[C@H](O)CNC(=O)c2ccccc2-c2ccccc2)O[C@@](OCc2ccccc2)(C(=O)O)C[C@@H]1O
CHEMBL1207334,CO[C@@H]1CO[C@@H](OCC[C@@H](CC[C@@H](C)[C@H]2[C@@H](O)[C@@H](O)[C@@H]3[C@]2(C)CC[C@@H]2[C@@]4(C)CC[C@H](O)[C@H](O)[C@@H]4[C@@H](OS(=O)(=O)O)C[C@]23O)C(C)C)[C@H](O)[C@H]1O
CHEMBL1207336,CCCCOc1ccc(Sc2ccc(-c3ccccc3C(O)C#CCOCCCCCCCCCCCO)cc2S(=O)(=O)O)cc1
CHEMBL1207337,C/C=C1/C(=O)N2C(C(=O)O)=C3[C@@H](OC)CCC[C@@H]3[C@H]12
CHEMBL1207338,C/C=C1/C(=O)N2C(C(=O)O)=C3[C@@H](OC(C)C)CCC[C@@H]3[C@H]12
CHEMBL1207339,CCCCCCCCCCC#CCc1ccccc1-c1ccc(Sc2ccc(OCCCC)cc2)c(S(=O)(=O)O)c1
CHEMBL1207340,CCCCCCCCCCC#CC(C)(O)c1ccccc1-c1ccc(Sc2ccc(OCCCC)cc2)c(S(=O)(=O)O)c1
CHEMBL1207341,C/C=C1/C(=O)N2C(C(=O)O)=C3[C@@H](CCC[C@H]3OCCCC)[C@H]12
CHEMBL1207342,CCCCOc1ccc(Sc2ccc(-c3ccccc3C(O)C#CCOCCCCCO)cc2S(=O)(=O)O)cc1
CHEMBL1207343,CCCCOc1ccc(Sc2ccc(-c3ccccc3C(O)C#CCOCCCCCCCO)cc2S(=O)(=O)O)cc1
CHEMBL1207344,C/C=C1/C(=O)N2C(C(=O)O)=C3[C@@H](OCCC#N)CCC[C@@H]3[C@H]12
CHEMBL1207346,Cc1csc(CNC(=O)c2c(-c3ccccc3)c(-c3ccc(F)cc3)c(CC[C@@H](O)C[C@@H](O)CC(=O)O)n2C(C)C)n1
CHEMBL1207347,CC(C)n1c(CC[C@@H](O)C[C@@H](O)CC(=O)O)c(-c2ccc(F)cc2)c(-c2ccccc2)c1C(=O)NCc1ccccn1
CHEMBL1207348,CC(C)c1c(C(=O)N(C)Cc2ccc(F)cc2)nn(-c2ccc(F)cc2)c1CC[C@@H](O)C[C@@H](O)CC(=O)O
CHEMBL1207349,CC(C)c1c(C(=O)NCc2ccc(C(=O)N(C)C)cc2)nn(-c2ccc(F)cc2)c1CC[C@@H](O)C[C@@H](O)CC(=O)O
CHEMBL1207350,CCn1c(CC[C@@H](O)C[C@@H](O)CC(=O)O)c(-c2ccc(F)cc2)c(C)c1C(=O)NCc1ccc(C(=O)O)cc1
CHEMBL1207351,CC(C)c1c(C(=O)N2CCCCC2c2ccccc2)nn(-c2ccc(F)cc2)c1CC[C@@H](O)C[C@@H](O)CC(=O)O
CHEMBL1207352,Cc1cc(CNC(=O)c2c(-c3ccccc3)c(-c3ccc(F)cc3)c(CC[C@@H](O)C[C@@H](O)CC(=O)O)n2C(C)C)nn1C
CHEMBL1207353,COc1ccc(CN(C)C(=O)c2nn(-c3ccc(F)cc3)c(CC[C@@H](O)C[C@@H](O)CC(=O)O)c2C(C)C)cc1
CHEMBL1207355,CC(C)c1c(C(=O)N(C)[C@H](C)c2ccccc2)nn(-c2ccc(F)cc2)c1CC[C@@H](O)C[C@@H](O)CC(=O)O
CHEMBL1207356,COc1ccc(C(=O)NC[C@@H](O)[C@H](O)[C@@H]2O[C@@](OCc3ccccc3)(C(=O)O)C[C@H](O)[C@H]2NC(C)=O)cc1
CHEMBL1207357,C/C=C1\NC(=O)[C@@H](NC(=O)[C@H](CCc2ccc(O)cc2)NC(=O)[C@H](C)NC(=O)[C@H](O)COS(=O)(=O)O)[C@@H](C)OC(=O)[C@H](C(C)C)NC(=O)[C@H](Cc2ccc(O)cc2)N(C)C(=O)[C@H](Cc2ccccc2)N2C(=O)[C@H](CC[C@H]2OC)NC1=O
CHEMBL1207358,O=C(O)c1cc(=O)[nH]c(=O)n1[C@@H]1O[C@H](COP(=O)(O)O)[C@@H](O)[C@H]1O
CHEMBL1207359,O=C(O)COCCCCN(c1cnc(-c2ccccc2)c(-c2ccccc2)n1)C1CCCC1
CHEMBL1207360,CC(C)n1c(CC[C@@H](O)C[C@@H](O)CC(=O)O)c(-c2ccc(F)cc2)c(-c2ccccc2)c1C(=O)NCc1ccccc1
CHEMBL1207361,COc1cccc(CNC(=O)c2c(-c3ccccc3)c(-c3ccc(F)cc3)c(CC[C@@H](O)C[C@@H](O)CC(=O)O)n2C(C)C)c1
CHEMBL1207362,CCCCCCCCCCC#CC(O)c1ccccc1-c1ccc(Oc2ccccc2OCC)c(S(=O)(=O)O)c1
CHEMBL1207363,CC(C)c1c(C(=O)NCc2ccc(F)cc2)nn(-c2ccc(F)cc2)c1CC[C@@H](O)C[C@@H](O)CC(=O)O
CHEMBL1207364,CNC(=O)c1c(-c2ccccc2)c(-c2ccc(F)cc2)c(CC[C@@H](O)C[C@@H](O)CC(=O)O)n1C(C)C
CHEMBL1207365,CC(C)n1c(CC[C@@H](O)C[C@@H](O)CC(=O)O)c(-c2ccc(F)cc2)c(-c2ccc(F)cc2)c1C(=O)Nc1cccc(C(=O)N(C)C)c1
CHEMBL1207366,O=C(O)C1C/C(=C2/CCN(c3ccccc3)C2=O)c2ccc(Cl)cc2N1
CHEMBL1207367,CC[C@@]12C=C(C(=O)O)n3c4c(c5ccccc53)CCN(CCC1)[C@@H]42
CHEMBL1207368,O=C(O)C1C/C(=C2/CC(=O)N(c3ccccc3)C2=O)c2ccc(Cl)cc2N1
CHEMBL1207369,Cc1cc(CNC(=O)c2c(-c3ccccc3)c(-c3ccc(F)cc3)c(CC[C@@H](O)C[C@@H](O)CC(=O)O)n2C(C)C)n[nH]1
CHEMBL1207370,CC(C)n1c(CC[C@@H](O)C[C@@H](O)CC(=O)O)c(-c2ccc(F)cc2)c(-c2ccc(F)cc2)c1C(=O)Nc1cccc(O)c1
CHEMBL1207371,O=C(O)CC[C@H](NP(=O)(O)OCCNC(=O)c1ccccc1)C(=O)O
CHEMBL1207372,CC(C)n1c(CC[C@@H](O)C[C@@H](O)CC(=O)O)c(-c2ccc(F)cc2)c(-c2ccccc2)c1C(=O)NCc1ccc(C#N)cc1
CHEMBL1207373,CC(C)n1c(CC[C@@H](O)C[C@@H](O)CC(=O)O)c(-c2ccc(F)cc2)c(-c2ccccc2)c1C(=O)Nc1ccc(O)cc1
CHEMBL1207374,O=c1[nH]cnc2c1ncn2[C@@H]1O[C@H](COP(=O)(O)O)[C@@H](O)[C@H]1O
CHEMBL1207375,CC(=O)N[C@H]1[C@H]([C@@H](O)[C@H](O)CNC(=O)c2ccc([N+](=O)[O-])cc2)O[C@@](OCc2ccccc2)(C(=O)O)C[C@@H]1O
CHEMBL1207376,CC(C)n1c(CC[C@@H](O)C[C@@H](O)CC(=O)O)c(-c2ccc(F)cc2)c(-c2ccccc2)c1C(=O)NCc1ccc(C(=O)O)cc1
CHEMBL1207377,CC1(CCCC2CCCCC2)C(=O)C(C2=NS(=O)(=O)c3cc(NS(C)(=O)=O)ccc3N2)=C(O)c2ccccc21
CHEMBL1207378,O=C(O)C1=CS[C@@H]2/C(=C\c3cc4oc5c(n4n3)CCCC5)C(=O)N12
CHEMBL1207379,CC[C@]12C=C(C(=O)O)n3c4c(c5ccccc53)CCN(CCC1)[C@H]42
CHEMBL1207380,CC(C)Cc1cn(-c2ncc(C(=O)O)s2)c2cc(Cl)ccc12
CHEMBL1207381,COc1ccc(Nc2cc(S(=O)(=O)O)c(N)c3c2C(=O)c2ccccc2C3=O)cc1
CHEMBL1207382,O=C(O)c1csc(Nc2cc(Cl)ccc2OCc2ccccc2)n1
CHEMBL1207383,CC(C)Cc1cn(-c2nc(C(=O)O)cs2)c2ccccc12
CHEMBL1207384,Nc1c(S(=O)(=O)O)cc(Nc2ccc(Nc3ccccc3)cc2)c2c1C(=O)c1ccccc1C2=O
CHEMBL1207385,CC(C)c1c(S(=O)(=O)N2CCOCC2)c(-c2ccccc2)c(-c2ccc(F)cc2)n1CC[C@@H](O)C[C@@H](O)CC(=O)O
CHEMBL1207386,CC(C)c1c(S(=O)(=O)Nc2cccc(CC(N)=O)c2)c(-c2ccc(F)cc2)c(-c2ccc(F)cc2)n1CC[C@@H](O)C[C@@H](O)CC(=O)O
CHEMBL1207387,C[C@]12CC[C@@H]3c4ccc(OC(=O)c5ccccc5)cc4CC[C@H]3[C@@H]1CC[C@@H]2OCCCOP(=O)(O)N[C@@H](CCC(=O)O)C(=O)O
CHEMBL1207388,O=C1N[C@H]2[C@@H]3OP(=O)(O)O[C@@H]3[C@@H](O)[C@H](O)[C@@H]2c2cc3c(c(O)c21)OCO3
CHEMBL1207389,O=C(O)C1=CS[C@@H]2/C(=C\c3cn4c5c(sc4n3)CCCC5)C(=O)N12
CHEMBL1207390,C[C@]12CC[C@@H]3c4ccc(OCCCOP(=O)(O)N[C@@H](CCC(=O)O)C(=O)O)cc4CC[C@H]3[C@@H]1CCC2=O
CHEMBL1207391,CCc1ccccc1Nc1cc(S(=O)(=O)O)c(N)c2c1C(=O)c1ccccc1C2=O
CHEMBL1207392,Cc1cccc(Nc2cc(S(=O)(=O)O)c(N)c3c2C(=O)c2ccccc2C3=O)c1C
CHEMBL1207393,CC(C)Cc1cn(-c2nc(C(=O)O)co2)c2cc(Cl)ccc12
CHEMBL1207394,CC(C)Cc1cn(-c2nc(C(=O)O)cs2)c2cc(C(F)(F)F)ccc12
CHEMBL1207395,CC(C)(C)CCCCC1(C)C(=O)C(C2=NS(=O)(=O)c3cc(NS(C)(=O)=O)ccc3N2)=C(O)c2ccccc21
CHEMBL1207396,CC(C)Cc1cn(-c2ccc(C(=O)O)s2)c2cc(Cl)ccc12
CHEMBL1207397,CC(C)c1c(S(=O)(=O)N2CCN(C)CC2)c(-c2ccccc2)c(-c2ccc(F)cc2)n1CC[C@@H](O)C[C@@H](O)CC(=O)O
CHEMBL1207398,Cc1ccc2c(CC(C)C)cn(-c3nc(C(=O)O)cs3)c2c1
CHEMBL1207399,C[C@@H]1O[C@@H](O[C@@H]2CCCC[C@H]2O[C@@H]2O[C@H](CO)[C@H](O)[C@H](O[C@H](CC34CC5CC(CC(C5)C3)C4)C(=O)O)[C@H]2O)[C@@H](O)[C@H](O)[C@@H]1O
CHEMBL1207400,CCOc1ccccc1Nc1cc(S(=O)(=O)O)c(N)c2c1C(=O)c1ccccc1C2=O
CHEMBL1207401,Cc1c(CC(C)C)c2ccc(Cl)cc2n1-c1nc(C(=O)O)cs1
CHEMBL1207402,CC(C)n1c(CC[C@@H](O)C[C@@H](O)CC(=O)O)c(-c2ccc(F)cc2)c(-c2ccccc2)c1C(=O)Nc1ccc(C(=O)N(C)C)cc1
CHEMBL1207403,C=C(C)CCC[C@]1(C)OC(=O)C23CC[C@H]4C(=CC[C@H]5C(C)(C)C(O[C@@H]6OC[C@@H](OS(=O)(=O)O)[C@H](O)[C@H]6O[C@@H]6O[C@H](CO)[C@@H](O[C@@H]7O[C@H](COS(=O)(=O)O)[C@@H](O)[C@H](O[C@@H]8O[C@H](CO)[C@@H](O)[C@H](OC)[C@H]8O)[C@H]7O)[C@H](O)[C@H]6O[C@@H]6OC[C@@H](O)[C@H](O)[C@H]6O)CC[C@]45C)[C@]2(C)C[C@H](OC(C)=O)C31
CHEMBL1207404,CC(C)COc1ccc(Cl)cc1Cc1ccc(C(=O)O)o1
CHEMBL1207405,CCC1(CCC(C)C)C(=O)C(C2=NS(=O)(=O)c3cc(NS(C)(=O)=O)ccc3N2)=C(O)c2ccccc21
CHEMBL1207406,CC(C)Cc1cn(-c2ccc(C(=O)O)o2)c2cc(Cl)ccc12
CHEMBL1207407,CC(C)c1c(S(=O)(=O)N(C)Cc2ccccc2)c(-c2ccccc2)c(-c2ccc(F)cc2)n1CC[C@@H](O)C[C@@H](O)CC(=O)O
CHEMBL1207408,C[C@@H]1O[C@@H](O[C@@H]2CCCC[C@H]2O[C@@H]2O[C@H](CO)[C@H](O)[C@H](O[C@@H](CC34CC5CC(CC(C5)C3)C4)C(=O)O)[C@H]2O)[C@@H](O)[C@H](O)[C@@H]1O
CHEMBL1207409,O=C(O)c1ccn(Cc2cc(Cl)ccc2OCc2ccccc2)n1
CHEMBL1207411,CC(C)c1c(S(=O)(=O)Nc2ccccc2)c(-c2ccccc2)c(-c2ccc(F)cc2)n1CC[C@@H](O)C[C@@H](O)CC(=O)O
CHEMBL1207412,Cn1c2ccccc2n2cc(/C=C3/C(=O)N4C(C(=O)O)=CS[C@H]34)nc12
CHEMBL1207413,CC(C)c1cn(-c2nc(C(=O)O)cs2)c2cc(Cl)ccc12
CHEMBL1207414,CC(C)Cc1cn(Cc2nc(C(=O)O)cs2)c2cc(Cl)ccc12
CHEMBL1207415,COC[C@H]1O[C@H](O[C@H]2[C@H](OS(=O)(=O)O)[C@@H](OS(=O)(=O)O)[C@H](OC)O[C@@H]2COS(=O)(=O)O)[C@H](OS(=O)(=O)O)[C@@H](OC)[C@H]1OC
CHEMBL1207416,CO[C@H]1[C@H](O)[C@@H](NS(=O)(=O)O)[C@@H](O[C@H]2[C@H](O)[C@@H](O)[C@H](OC[C@@H](O)[C@@H](O)[C@H](O)[C@@H](O)CNc3cccc(NC(=O)CCCCC4CCSS4)c3)O[C@@H]2C(=O)O)O[C@@H]1COS(=O)(=O)O
CHEMBL1207417,CO[C@H]1[C@H](O)[C@@H](NS(=O)(=O)O)[C@@H](O[C@H]2[C@H](O)[C@@H](OS(=O)(=O)O)[C@H](OC[C@@H](O)[C@@H](O)[C@H](O)[C@@H](O)CNc3cccc(NC(=O)CCCCC4CCSS4)c3)O[C@H]2C(=O)O)O[C@@H]1COS(=O)(=O)O
CHEMBL1207418,CCc1cn(-c2nc(C(=O)O)cs2)c2cc(Cl)ccc12
CHEMBL1207419,O=C(O)c1cccc(Cc2cc(Cl)ccc2OCc2ccccc2)c1
CHEMBL1207420,CC(C)C(=O)c1cn(-c2nc(C(=O)O)cs2)c2cc(Cl)ccc12
CHEMBL1207421,Cc1ccc(Nc2cc(S(=O)(=O)O)c(N)c3c2C(=O)c2ccccc2C3=O)cc1
CHEMBL1207422,Cc1cc(C(=O)O)nn1Cc1cc(Cl)ccc1OCc1ccccc1
CHEMBL1207423,Nc1c(S(=O)(=O)O)cc(Nc2cccc([N+](=O)[O-])c2)c2c1C(=O)c1ccccc1C2=O
CHEMBL1207424,CC(C)c1c(S(=O)(=O)Nc2ccc(C(N)=O)cc2)c(-c2ccc(F)cc2)c(-c2ccc(F)cc2)n1CC[C@@H](O)C[C@@H](O)CC(=O)O
CHEMBL1207425,CC(C)c1c(S(=O)(=O)N(C)Cc2ccccc2)c(-c2ccc(F)cc2)c(-c2ccc(F)cc2)n1CC[C@@H](O)C[C@@H](O)CC(=O)O
CHEMBL1207426,O=C(O)Cc1csc(-c2cc(Cl)ccc2OCc2ccccc2)n1
CHEMBL1207428,CC(=O)O[C@H]1C(=O)[C@@]2(C)[C@H]([C@H](OC(=O)c3ccccc3)[C@]3(O)C[C@H](OC(=O)[C@H](OC(=O)CCc4ccc(NC(=O)O[C@@H]5O[C@H](C(=O)O)[C@@H](O)[C@H](O)[C@H]5O)cc4)[C@@H](NC(=O)c4ccccc4)c4ccccc4)C(C)=C1C3(C)C)[C@]1(OC(C)=O)CO[C@@H]1C[C@@H]2O
CHEMBL1207429,O=C(O)CSCC1O[C@@H]2O[C@@H]3C(CO)O[C@H](O[C@@H]4C(CO)O[C@H](O[C@@H]5C(CO)O[C@H](O[C@@H]6C(CO)O[C@H](O[C@@H]7C(CO)O[C@H](O[C@@H]8C(CO)O[C@H](O[C@@H]9C(CO)O[C@H](O[C@H]1C(O)C2O)C(O)C9O)C(O)C8O)C(O)C7O)C(O)C6O)C(O)C5O)C(O)C4O)C(O)C3O
CHEMBL1207431,CCOC(=O)O[C@@H](C(=O)O[C@H]1C[C@@]2(O)[C@@H](OC(=O)c3ccccc3)[C@@H]3[C@]4(OC(C)=O)CO[C@@H]4C[C@H](OC(=O)CC(C)(C)c4c(C)cc(C)cc4OP(=O)(O)O)[C@@]3(C)C(=O)[C@H](OC(C)=O)C(=C1C)C2(C)C)[C@@H](NC(=O)c1ccccc1)c1ccccc1
CHEMBL1207433,CCOC(=O)O[C@@H](C(=O)O[C@H]1C[C@@]2(O)[C@@H](OC(=O)c3ccccc3)[C@@H]3[C@]4(OC(C)=O)CO[C@@H]4C[C@H](OC(=O)c4ccccc4COP(=O)(O)O)[C@@]3(C)C(=O)[C@H](OC(C)=O)C(=C1C)C2(C)C)[C@@H](NC(=O)c1ccccc1)c1ccccc1
CHEMBL1207434,CC(C)c1ccc(C(=O)Nc2ccc(S(=O)(=O)O)c3cc(S(=O)(=O)O)cc(S(=O)(=O)O)c23)cc1NC(=O)c1cccc(NC(=O)Nc2cccc(C(=O)Nc3cc(C(=O)Nc4ccc(S(=O)(=O)O)c5cc(S(=O)(=O)O)cc(S(=O)(=O)O)c45)ccc3C(C)C)c2)c1
CHEMBL1207435,O=C(O)CSCC1O[C@@H]2O[C@@H]3C(CSCC(=O)O)O[C@H](O[C@@H]4C(CSCC(=O)O)O[C@H](O[C@@H]5C(CSCC(=O)O)O[C@H](O[C@@H]6C(CSCC(=O)O)O[C@H](O[C@@H]7C(CSCC(=O)O)O[C@H](O[C@@H]8C(CSCC(=O)O)O[C@H](O[C@@H]9C(CSCC(=O)O)O[C@H](O[C@H]1C(O)C2O)C(O)C9O)C(O)C8O)C(O)C7O)C(O)C6O)C(O)C5O)C(O)C4O)C(O)C3O
CHEMBL1207436,OCC1OC(SCCSCC2OC3OC4C(CSCCSC5OC(CO)C(O)C(O)C5O)OC(OC5C(CSCCSC6OC(CO)C(O)C(O)C6O)OC(OC6C(CSCCSC7OC(CO)C(O)C(O)C7O)OC(OC7C(CSCCSC8OC(CO)C(O)C(O)C8O)OC(OC8C(CSCCSC9OC(CO)C(O)C(O)C9O)OC(OC9C(CSCCSC%10OC(CO)C(O)C(O)C%10O)OC(OC2C(O)C3O)C(O)C9O)C(O)C8O)C(O)C7O)C(O)C6O)C(O)C5O)C(O)C4O)C(O)C(O)C1O
CHEMBL1207437,CSCC[C@H](NC(=O)[C@H](Cc1ccc(OS(=O)(=O)O)cc1)NC(C)=O)C(=O)NCC(=O)N[C@@H](Cc1c[nH]c2ccccc12)C(=O)N[C@@H](CCSC)C(=O)N[C@@H](COS(=O)(=O)O)C(=O)N[C@@H](Cc1ccccc1)C(N)=O
CHEMBL1207438,O=C(O)COc1cccc(C[C@@H]2CCCC[C@@H]2c2nc(-c3ccccc3)c(-c3ccccc3)o2)c1
CHEMBL1207440,O=C(O)/C(=C/c1ccc(O)cc1)O[C@@H]1O[C@H](CO)[C@@H](O)[C@H](O)[C@H]1O
CHEMBL1207441,C[C@@H](O)[C@H]1C(=O)N2C(C(=O)O)=C(c3ccc4c(c3)c3cnccc3n4C)C[C@H]12
CHEMBL1207442,O=C(O)/C(=C\c1ccc(O)cc1)O[C@@H]1O[C@H](CO)[C@@H](O)[C@H](O)[C@H]1O
CHEMBL1207443,CC(=O)O[C@H]1C(=O)[C@]2(C)[C@@H](OC(=O)CC(C)(C)c3c(C)cc(C)cc3OP(=O)(O)O)C[C@H]3OC[C@@]3(OC(C)=O)[C@H]2[C@H](OC(=O)c2ccccc2)[C@]2(O)C[C@H](OC(=O)[C@H](O)[C@@H](NC(=O)c3ccccc3)c3ccccc3)C(C)=C1C2(C)C
CHEMBL1207444,CO[C@@H]1[C@@H](O)[C@H](C)[C@@](O)(CC(=O)O)O[C@H]1[C@H](C)[C@H]1O[C@@]2(CC[C@@](C)([C@H]3CC[C@@](C)([C@@H]4O[C@@H]([C@H]5O[C@](C)(O)[C@H](C)C[C@@H]5C)C[C@@H]4O[C@H]4CC[C@H](OC)[C@@H](C)O4)O3)O2)C[C@H](O)[C@H]1C
CHEMBL1207445,O=C(O)c1ccc(SCC2O[C@@H]3O[C@@H]4C(CO)O[C@H](O[C@@H]5C(CO)O[C@H](O[C@@H]6C(CO)O[C@H](O[C@@H]7C(CO)O[C@H](O[C@@H]8C(CO)O[C@H](O[C@@H]9C(CO)O[C@H](O[C@@H]%10C(CO)O[C@H](O[C@H]2C(O)C3O)C(O)C%10O)C(O)C9O)C(O)C8O)C(O)C7O)C(O)C6O)C(O)C5O)C(O)C4O)cc1
CHEMBL1207447,O=c1ccn([C@@H]2O[C@H](COP(=O)(O)OP(=O)(O)OP(=O)(O)OP(=O)(O)OC[C@@H]3O[C@H](n4ccc(=O)[nH]c4=O)[C@@H](O)[C@H]3O)[C@@H](O)[C@H]2O)c(=O)[nH]1
CHEMBL1207448,O=C(O)/C(=C/c1ccc(O)cc1)O[C@@H]1O[C@H](CO)[C@H](O)[C@H](O)[C@H]1O
CHEMBL1207449,CCCCCC(=O)OC/C(=C\C(=O)O)OC1OC(COS(=O)(=O)O)C(OC2OC(C(=O)O)C(OC3OC(COS(=O)(=O)O)C(OC4OC(C(=O)O)C(OC5OC(CS(=O)(=O)O)C(O)C(OC(=O)CCCCC)C5NS(=O)(=O)O)C(OC(=O)CCCCC)C4OS(=O)(=O)O)C(OC(=O)CCCCC)C3NS(=O)(=O)O)C(OC(=O)CCCCC)C2OS(=O)(=O)O)C(OC(=O)CCCCC)C1NS(=O)(=O)O
CHEMBL1207451,O=C(O)[C@H](Cc1ccc(OS(=O)(=O)O)cc1)NC(=O)[C@H](Cc1ccc(OS(=O)(=O)O)cc1)NC(=O)[C@H](Cc1ccc(OS(=O)(=O)O)cc1)NC(=O)[C@H](Cc1ccc(OS(=O)(=O)O)cc1)NC(=O)[C@H](Cc1ccc(OS(=O)(=O)O)cc1)NC(=O)[C@H](Cc1ccc(OS(=O)(=O)O)cc1)NS(=O)(=O)O
CHEMBL1207452,O=C(O)[C@H](Cc1ccc(OS(=O)(=O)O)cc1)NC(=O)[C@H](Cc1ccc(OS(=O)(=O)O)cc1)NC(=O)[C@H](Cc1ccc(OS(=O)(=O)O)cc1)NC(=O)[C@H](Cc1ccc(OS(=O)(=O)O)cc1)NC(=O)[C@H](Cc1ccc(OS(=O)(=O)O)cc1)NC(=O)[C@H](Cc1ccc(OS(=O)(=O)O)cc1)NC(=O)[C@H](Cc1ccc(OS(=O)(=O)O)cc1)NC(=O)[C@H](Cc1ccc(OS(=O)(=O)O)cc1)NC(=O)[C@H](Cc1ccc(OS(=O)(=O)O)cc1)NS(=O)(=O)O
CHEMBL1207453,Cc1cc(C(=O)O)oc1Cc1cc(Cl)ccc1OCc1ccccc1
CHEMBL1207454,O=S(=O)(O)OC[C@H]1O[C@H](O[C@@H]2[C@H](OS(=O)(=O)O)[C@@H](O[C@@H]3C(OS(=O)(=O)O)O[C@H](COS(=O)(=O)O)[C@@H](OS(=O)(=O)O)[C@@H]3OS(=O)(=O)O)O[C@H](COS(=O)(=O)O)[C@H]2OS(=O)(=O)O)[C@@H](OS(=O)(=O)O)[C@@H](O[C@H]2O[C@H](COS(=O)(=O)O)[C@@H](OS(=O)(=O)O)[C@H](OS(=O)(=O)O)[C@@H]2OS(=O)(=O)O)[C@@H]1OS(=O)(=O)O
CHEMBL1207455,CN(CCC(=O)O)C12C3=c4c5c6c7c8c9c%10c%11c%12c%13c%14c%15c%16c%17c%18c%19c%20c(c4c4c5c8c(c%139)c(c%14%18)c%194)C4(NCCC(=O)O)C5=c8c9c(c-%16c%13c%14c%16c(c-%11c%11c%18c(c%19c1c(c8c(c9%14)c%19c%18%16)C34)=C(C62)C7(NCCC(=O)O)C%11%10)C%13C%12%15NCCC(=O)O)C%17C5%20NCCC(=O)O
CHEMBL1207457,O=C(O)CS[C@H](C(=O)O)[C@@H](O)C(=O)O
CHEMBL1207458,CSCC[C@H](NC(=O)[C@H](Cc1ccc(OS(=O)(=O)O)cc1)NC(C)=O)C(=O)NCC(=O)N[C@@H](Cc1c[nH]c2ccccc12)C(=O)N[C@H](CCSC)C(=O)N[C@@H](CC(=O)O)C(=O)N[C@@H](Cc1ccccc1)C(N)=O
CHEMBL1207460,CC(=O)O[C@H]1C(=O)[C@@]2(C)[C@H]([C@H](OC(=O)c3ccccc3)[C@]3(O)C[C@H](OC(=O)[C@H](OP(=O)(O)O)[C@@H](NC(=O)c4ccccc4)c4ccccc4)C(C)=C1C3(C)C)[C@]1(OC(C)=O)CO[C@@H]1C[C@@H]2O
CHEMBL1207462,CCc1ccc(C(=O)Nc2ccc(S(=O)(=O)O)c3cc(S(=O)(=O)O)cc(S(=O)(=O)O)c23)cc1NC(=O)Nc1cc(C(=O)Nc2ccc(S(=O)(=O)O)c3cc(S(=O)(=O)O)cc(S(=O)(=O)O)c23)ccc1CC
CHEMBL1207463,COc1ccc(C2(O)OC(=O)C(c3ccc4c(c3)OCO4)=C2Cc2cc(OC)c(OC)c(OCCCS(=O)(=O)O)c2)cc1
CHEMBL1207464,O=C(O)CCCSCC1O[C@@H]2O[C@@H]3C(CO)O[C@H](O[C@@H]4C(CO)O[C@H](O[C@@H]5C(CO)O[C@H](O[C@@H]6C(CO)O[C@H](O[C@@H]7C(CO)O[C@H](O[C@@H]8C(CO)O[C@H](O[C@@H]9C(CO)O[C@H](O[C@H]1C(O)C2O)C(O)C9O)C(O)C8O)C(O)C7O)C(O)C6O)C(O)C5O)C(O)C4O)C(O)C3O
CHEMBL1207465,O=C(O)CCSCC1O[C@@H]2O[C@@H]3C(CSCCC(=O)O)O[C@H](O[C@@H]4C(CSCCC(=O)O)O[C@H](O[C@@H]5C(CSCCC(=O)O)O[C@H](O[C@@H]6C(CSCCC(=O)O)O[C@H](O[C@@H]7C(CSCCC(=O)O)O[C@H](O[C@H]1C(O)C2O)C(O)C7O)C(O)C6O)C(O)C5O)C(O)C4O)C(O)C3O
CHEMBL1207466,O=C(O)c1ccc(Cc2cc(Cl)ccc2OCc2ccccc2)s1
CHEMBL1207467,COC1C(NC(C)=O)C(OC2C(C(=O)O)OC(OC3C(NC(C)=O)C(OC4C(C(=O)O)OC(C)C(OC(=O)CCC(=O)O)C4O)OC(COC(=O)CCC(=O)O)C3OS(=O)(=O)O)C(OC(=O)CCC(=O)O)C2OC(=O)CCC(=O)O)OC(COC(=O)CCC(=O)O)C1OS(=O)(=O)O
CHEMBL1207468,CC(=O)NC1C(OC2C(C(=O)O)OC(OC3C(COS(=O)(=O)O)OC(OC4C(C(=O)O)OC(OC5C(COS(=O)(=O)O)OC(O/C(=C/C(=O)O)CO)C(NC(C)=O)C5O)C(OS(=O)(=O)O)C4O)C(NC(C)=O)C3O)C(OS(=O)(=O)O)C2O)OC(COS(=O)(=O)O)C(O)C1O
CHEMBL1207470,C/C=C(\C)CC/C=C(/C)CC/C=C(\C)CC(P(=O)(O)O)P(=O)(O)O
CHEMBL1207471,CCCCCCCCCCCCCCCCCCCCCCCCCC(=O)N[C@@H](CO[C@H]1O[C@H](CO)[C@H](O)[C@H](OS(=O)(=O)O)[C@H]1O)[C@H](O)[C@H](O)CCCCCCCCCCCCCC
CHEMBL1207472,O=C(O)c1ccccc1Cn1nnc(-c2cccc(/C=C/c3ccc4ccc(Cl)cc4n3)c2)n1
CHEMBL1207473,COCc1ccc(C(=O)Nc2ccc(S(=O)(=O)O)c3cc(S(=O)(=O)O)cc(S(=O)(=O)O)c23)cc1NC(=O)c1cccc(NC(=O)Nc2cccc(C(=O)Nc3cc(C(=O)Nc4ccc(S(=O)(=O)O)c5cc(S(=O)(=O)O)cc(S(=O)(=O)O)c45)ccc3COC)c2)c1
CHEMBL1207474,C[C@@H]1O[C@@H](O[C@@H]2CCCC[C@H]2O[C@@H]2O[C@H](CO)[C@H](O)[C@H](O[C@H](C)C(=O)O)[C@H]2O)[C@@H](O)[C@H](O)[C@@H]1O
CHEMBL1207475,O=C(O)CSCC1O[C@@H]2O[C@@H]3C(CSCC(=O)O)O[C@H](O[C@@H]4C(CSCC(=O)O)O[C@H](O[C@@H]5C(CSCC(=O)O)O[C@@H](O[C@@H]6C(CSCC(=O)O)O[C@H](O[C@@H]7C(CSCC(=O)O)O[C@H](O[C@@H]8C(CSCC(=O)O)O[C@H](O[C@H]1C(O)C2O)C(O)C8O)C(O)C7O)C(O)C6O)C(O)C5O)C(O)C4O)C(O)C3O
CHEMBL1207476,O=C(O)CCc1ccc(SCC2O[C@@H]3O[C@@H]4C(CO)O[C@H](O[C@@H]5C(CO)O[C@H](O[C@@H]6C(CO)O[C@H](O[C@@H]7C(CO)O[C@H](O[C@@H]8C(CO)O[C@H](O[C@@H]9C(CO)O[C@H](O[C@@H]%10C(CO)O[C@H](O[C@H]2C(O)C3O)C(O)C%10O)C(O)C9O)C(O)C8O)C(O)C7O)C(O)C6O)C(O)C5O)C(O)C4O)cc1
CHEMBL1207477,COC(=O)Nc1nc2cc(Sc3ccccc3)ccc2n1COP(=O)(O)O
CHEMBL1207478,CO[C@H]1O[C@@H]2CO[C@@H]([C@H]1O)[C@H]2O[C@@H]1O[C@H](CO)[C@H](OS(=O)(=O)O)[C@H](O[C@H]2O[C@@H]3CO[C@@H]([C@H]2O)[C@H]3O[C@@H]2O[C@H](COC(=O)CCC(=O)OC[C@H]3O[C@@H](n4cc(C)c(=O)[nH]c4=O)C[C@@H]3N=[N+]=[N-])[C@H](OS(=O)(=O)O)[C@H](O[C@H]3O[C@@H]4CO[C@@H]([C@H]3O)[C@H]4O[C@@H]3O[C@H](CO)[C@H](OS(=O)(=O)O)[C@@H](O[C@H]4O[C@@H]5CO[C@@H]([C@H]4O)[C@H]5O[C@@H]4O[C@H](CO)[C@H](OS(=O)(=O)O)[C@H](O[C@H]5O[C@@H]6CO[C@@H]([C@H]5O)[C@H]6O[C@@H]5O[C@H](COC(=O)CCC(=O)OC[C@H]6O[C@@H](n7cc(C)c(=O)[nH]c7=O)C[C@@H]6N=[N+]=[N-])[C@H](OS(=O)(=O)O)[C@H](O[C@H]6O[C@@H]7CO[C@@H]([C@H]6O)[C@H]7O[C@@H]6O[C@H](CO)[C@H](OS(=O)(=O)O)[C@@H](O[C@H]7O[C@@H]8CO[C@@H]([C@H]7O)[C@H]8O[C@@H]7O[C@H](CO)[C@H](OS(=O)(=O)O)[C@H](O[C@H]8O[C@@H]9CO[C@@H]([C@H]8O)[C@H]9O[C@@H]8O[C@H](COC(=O)CCC(=O)OC[C@H]9O[C@@H](n%10cc(C)c(=O)[nH]c%10=O)C[C@@H]9N=[N+]=[N-])[C@H](OS(=O)(=O)O)[C@H](O[C@H]9O[C@@H]%10CO[C@@H]([C@H]9O)[C@H]%10O[C@@H]9O[C@H](CO)[C@H](OS(=O)(=O)O)[C@H](C)[C@H]9O)[C@H]8O)[C@H]7O)[C@H]6O)[C@H]5O)[C@H]4O)[C@H]3O)[C@H]2O)[C@H]1O
CHEMBL1207479,O=S(=O)(O)CCCSCC1O[C@@H]2O[C@@H]3C(CSCCCS(=O)(=O)O)O[C@H](O[C@@H]4C(CSCCCS(=O)(=O)O)O[C@H](O[C@@H]5C(CSCCCS(=O)(=O)O)O[C@H](O[C@@H]6C(CSCCCS(=O)(=O)O)O[C@H](O[C@@H]7C(CSCCCS(=O)(=O)O)O[C@H](O[C@@H]8C(CSCCCS(=O)(=O)O)O[C@H](O[C@@H]9C(CSCCCS(=O)(=O)O)O[C@H](O[C@H]1C(O)C2O)C(O)C9O)C(O)C8O)C(O)C7O)C(O)C6O)C(O)C5O)C(O)C4O)C(O)C3O
CHEMBL1207483,CN(CCC(=O)O)C12C3=C4c5c6c7c8c9c%10c%11c%12c%13c%14c%15c%16c%17c%18c(c5c8c(c%15%18)c%139)C4(NCCC(=O)O)C4C=%17C5(NCCC(=O)O)C(=C8c9c1c1c%13c%15c%17c%18c%19c%20c%21c(c8c%19c9%15)C5C=%16C%21(NCCC(=O)O)C%14C%12(NCCC(=O)O)C%20C%18(NCCC(=O)O)C%11C5(NCCC(=O)O)C%17C%13=C(C6(NCCC(=O)O)C31)C7(NCCC(=O)O)C%105)C42
CHEMBL1207484,CO[C@@H]1[C@@H](O[C@H]2CC[C@H](OC)[C@@H](C)O2)[C@H](C)[C@@](O)(CC(=O)O)O[C@H]1[C@H](C)[C@H]1O[C@@]2(CC[C@@](C)([C@H]3CC[C@@](C)([C@@H]4O[C@@H]([C@H]5O[C@](C)(O)[C@H](C)C[C@@H]5C)C[C@@H]4O[C@H]4CC[C@H](OC)[C@@H](C)O4)O3)O2)C[C@H](O)[C@H]1C
CHEMBL1207485,CCCc1ccc(CC(C)(Oc2ccc(Cc3ccccc3)cc2)C(=O)O)cc1
CHEMBL1207486,O=C(O)CCNC12c3c4c5c6c7c8c(c9c%10c1c1c3c3c%11c4c4c5c5c7c7c%12c8c8c9c9c%10c%10c1c1c3c3c%11c%11c4c4c5c7c5c7c%12c8c8c9c9c%10c1c1c3c3c%11c4c5c4c7c8c9c1c34)C62
CHEMBL1207489,C=C(C)CCC[C@]1(C)OC(=O)C23CC[C@H]4C(=CC[C@H]5C(C)(C)C(O[C@@H]6OC[C@@H](OS(=O)(=O)O)[C@H](O)[C@H]6O[C@@H]6O[C@H](CO)[C@@H](O[C@@H]7O[C@H](CO)[C@@H](O)[C@H](O[C@@H]8O[C@H](CO)[C@@H](O)[C@H](OC)[C@H]8O)[C@H]7O)[C@H](O)[C@H]6O[C@@H]6OC[C@@H](O)[C@H](O)[C@H]6O)CC[C@]45C)[C@]2(C)C[C@H](OC(C)=O)C31
CHEMBL1207491,CCN1CCN(C(=O)NC(C(=O)N[C@@H]2C(=O)N3[C@@H]2SC(C)(C)[C@@H]3C(=O)O)c2ccccc2)C(=O)C1=O.C[C@]1(COC(=O)Cc2ccc(O)c(O)c2)[C@H](C(=O)O)N2C(=O)/C(=C/c3ccccn3)C2S1(=O)=O
CHEMBL1207493,O=S(=O)(O)CSCC1O[C@@H]2O[C@@H]3C(CSCS(=O)(=O)O)O[C@H](O[C@@H]4C(CSCS(=O)(=O)O)O[C@H](O[C@@H]5C(CSCS(=O)(=O)O)O[C@H](O[C@@H]6C(CSCS(=O)(=O)O)O[C@H](O[C@@H]7C(CSCS(=O)(=O)O)O[C@H](O[C@@H]8C(CSCS(=O)(=O)O)O[C@H](O[C@@H]9C(CSCS(=O)(=O)O)O[C@H](O[C@H]1C(O)C2O)C(O)C9O)C(O)C8O)C(O)C7O)C(O)C6O)C(O)C5O)C(O)C4O)C(O)C3O
CHEMBL1207494,C[C@@H](O)[C@H]1C(=O)N2C(C(=O)O)=C(Sc3nc4ccc(C#N)cc4s3)[C@H](C)[C@H]12
CHEMBL1207496,CCC(C)CC(C)CCCCCCCCC(=O)N[C@H]1C[C@@H](O)[C@@H](O)NC(=O)[C@@H]2[C@@H](O)CCN2C(=O)[C@H]([C@@H](O)CC(N)=O)NC(=O)[C@H]([C@H](O)[C@@H](O)c2ccc(O[PH](=O)O)cc2)NC(=O)[C@@H]2C[C@@H](O)CN2C(=O)[C@H]([C@H](C)O)NC1=O
CHEMBL1207498,CO/C(C)=C1/NC(=O)C([C@@H](C)O)NC(=O)c2csc(n2)-c2cc(O)c(-c3nc(C(=O)NC(SCCS(=O)(=O)O)C(N)=O)cs3)nc2-c2csc(n2)[C@@H]2COC(=O)c3c4c5c(cccc5n3O)COC(=O)[C@@H](O[C@H]3C[C@](C)(O)[C@H](N(C)C)[C@H](C)O3)[C@@H](OC4)[C@H](NC(=O)c3csc1n3)c1nc(cs1)C(=O)N2
CHEMBL1207500,O=S(=O)(O)OCC1O[C@@H]2O[C@@H]3C(COS(=O)(=O)O)O[C@H](O[C@@H]4C(COS(=O)(=O)O)O[C@@H](O[C@@H]5C(COS(=O)(=O)O)O[C@H](O[C@@H]6C(COS(=O)(=O)O)O[C@H](O[C@@H]7C(COS(=O)(=O)O)O[C@H](O[C@@H]8C(COS(=O)(=O)O)O[C@H](O[C@H]1C(O)C2OS(=O)(=O)O)C(OS(=O)(=O)O)C8O)C(OS(=O)(=O)O)C7O)C(OS(=O)(=O)O)C6O)C(OS(=O)(=O)O)C5O)C(OS(=O)(=O)O)C4O)C(OS(=O)(=O)O)C3O
CHEMBL1207502,Cc1ccc(C(=O)Nc2ccc(S(=O)(=O)O)c3cc(S(=O)(=O)O)cc(S(=O)(=O)O)c23)cc1NC(=O)Nc1cc(C(=O)Nc2ccc(S(=O)(=O)O)c3cc(S(=O)(=O)O)cc(S(=O)(=O)O)c23)ccc1C
CHEMBL1207503,O=C(O)CCSCC1O[C@@H]2O[C@@H]3C(CO)O[C@H](O[C@@H]4C(CO)O[C@H](O[C@@H]5C(CO)O[C@H](O[C@@H]6C(CO)O[C@H](O[C@@H]7C(CO)O[C@H](O[C@@H]8C(CO)O[C@H](O[C@@H]9C(CO)O[C@H](O[C@H]1C(O)C2O)C(O)C9O)C(O)C8O)C(O)C7O)C(O)C6O)C(O)C5O)C(O)C4O)C(O)C3O
CHEMBL1207504,COC(=O)Nc1nc2cc(C(=O)c3ccccc3)ccc2n1COP(=O)(O)O
CHEMBL1207505,COc1ccc(C(=O)Nc2ccc(S(=O)(=O)O)c3cc(S(=O)(=O)O)cc(S(=O)(=O)O)c23)cc1NC(=O)Nc1cc(C(=O)Nc2ccc(S(=O)(=O)O)c3cc(S(=O)(=O)O)cc(S(=O)(=O)O)c23)ccc1OC
CHEMBL1207507,CC(=O)OC/C(=C\C(=O)O)OC1OC(COS(=O)(=O)O)C(OC2OC(C(=O)O)C(OC3OC(COS(=O)(=O)O)C(OC4OC(C(=O)O)C(OC5OC(CS(=O)(=O)O)C(O)C(OC(C)=O)C5NS(=O)(=O)O)C(OC(C)=O)C4OS(=O)(=O)O)C(OC(C)=O)C3NS(=O)(=O)O)C(OC(C)=O)C2OS(=O)(=O)O)C(OC(C)=O)C1NS(=O)(=O)O
CHEMBL1207508,OCC1OC(SCC2OC3OC4C(CSC5OC(CO)C(O)C(O)C5O)OC(OC5C(CSC6OC(CO)C(O)C(O)C6O)OC(OC6C(CSC7OC(CO)C(O)C(O)C7O)OC(OC7C(CSC8OC(CO)C(O)C(O)C8O)OC(OC8C(CSC9OC(CO)C(O)C(O)C9O)OC(OC9C(CSC%10OC(CO)C(O)C(O)C%10O)OC(OC2C(O)C3O)C(O)C9O)C(O)C8O)C(O)C7O)C(O)C6O)C(O)C5O)C(O)C4O)C(O)C(O)C1O
CHEMBL1207509,O=C(O)CCCSCC1O[C@@H]2O[C@@H]3C(CSCCCC(=O)O)O[C@H](O[C@@H]4C(CSCCCC(=O)O)O[C@H](O[C@@H]5C(CSCCCC(=O)O)O[C@H](O[C@@H]6C(CSCCCC(=O)O)O[C@H](O[C@@H]7C(CSCCCC(=O)O)O[C@H](O[C@@H]8C(CSCCCC(=O)O)O[C@H](O[C@@H]9C(CSCCCC(=O)O)O[C@H](O[C@H]1C(O)C2O)C(O)C9O)C(O)C8O)C(O)C7O)C(O)C6O)C(O)C5O)C(O)C4O)C(O)C3O
CHEMBL1207511,CCCC[C@H](NC(=O)[C@H](Cc1ccc(CS(=O)(=O)O)cc1)NC(=O)OC(C)(C)C)C(=O)NCC(=O)N[C@@H](Cc1c[nH]c2ccccc12)C(=O)N[C@@H](CCCC)C(=O)N[C@@H](CC(=O)O)C(=O)N[C@@H](Cc1ccccc1)C(N)=O
CHEMBL1207514,O=C(Nc1cccc(C(=O)Nc2cc(C(=O)Nc3ccc(S(=O)(=O)O)c4cc(S(=O)(=O)O)cc(S(=O)(=O)O)c34)ccc2F)c1)Nc1cccc(C(=O)Nc2cc(C(=O)Nc3ccc(S(=O)(=O)O)c4cc(S(=O)(=O)O)cc(S(=O)(=O)O)c34)ccc2F)c1
CHEMBL1207516,O=C(Nc1cccc(C(=O)Nc2cc(C(=O)Nc3ccc(S(=O)(=O)O)c4cc(S(=O)(=O)O)cc(S(=O)(=O)O)c34)ccc2Cl)c1)Nc1cccc(C(=O)Nc2cc(C(=O)Nc3ccc(S(=O)(=O)O)c4cc(S(=O)(=O)O)cc(S(=O)(=O)O)c34)ccc2Cl)c1
CHEMBL1207517,CO/C(C)=C1/NC(=O)[C@H]([C@@H](C)O)NC(=O)c2csc(n2)-c2cc(O)c(-c3nc(C(=O)N[C@@H](C)C(=O)NCCCP(=O)(O)O)cs3)nc2-c2csc(n2)[C@@H]2COC(=O)c3c4c5c(cccc5n3O)COC(=O)[C@@H](O[C@H]3C[C@](C)(O)[C@H](N(C)C)[C@H](C)O3)[C@@H](OC4)[C@H](NC(=O)c3csc1n3)c1nc(cs1)C(=O)N2
CHEMBL1207518,CC1=C/C(=C(/c2cc(C)c(O)c(C(=O)O)c2)c2ccccc2S(=O)(=O)O)C=C(C(=O)O)C1=O
CHEMBL1207521,CCCCCCCCCCCCSCCCCCCCCCCCCCCCCCCCCCCCCCCCCCCCCCCCCCCCCCCCCCCCCCCCCCCCCCCCCCCCCCCCCCCCCCCCCCCCCC(=O)N(CC)CCCCCCCCCCC(=O)O
CHEMBL1207522,O=C(O)c1cc(=O)c2c(o1)-c1ccccc1OC2
CHEMBL1207524,CC(C)c1ccc(C(=O)Nc2ccc(S(=O)(=O)O)c3cc(S(=O)(=O)O)cc(S(=O)(=O)O)c23)cc1NC(=O)Nc1cc(C(=O)Nc2ccc(S(=O)(=O)O)c3cc(S(=O)(=O)O)cc(S(=O)(=O)O)c23)ccc1C(C)C
CHEMBL1207525,COc1ccc(C(=O)Nc2ccc(S(=O)(=O)O)c3cc(S(=O)(=O)O)cc(S(=O)(=O)O)c23)cc1NC(=O)c1cccc(NC(=O)Nc2cccc(C(=O)Nc3cc(C(=O)Nc4ccc(S(=O)(=O)O)c5cc(S(=O)(=O)O)cc(S(=O)(=O)O)c45)ccc3OC)c2)c1
CHEMBL1207526,O=C(O)CSCC1O[C@@H]2O[C@@H]3C(CSCC(=O)O)O[C@H](O[C@@H]4C(CSCC(=O)O)O[C@H](O[C@@H]5C(CSCC(=O)O)O[C@H](O[C@@H]6C(CSCC(=O)O)O[C@H](O[C@@H]7C(CSCC(=O)O)O[C@H](O[C@H]1C(O)C2O)C(O)C7O)C(O)C6O)C(O)C5O)C(O)C4O)C(O)C3O
CHEMBL1207528,C=C1[C@@H](CCCCCCCCCCCC)[C@@H]1CC(=O)O
CHEMBL1207529,O=C(O)/C=C(\COC(=O)c1ccccc1)OC1OC(COS(=O)(=O)O)C(OC2OC(C(=O)O)C(OC3OC(COS(=O)(=O)O)C(OC4OC(C(=O)O)C(OC5OC(COS(=O)(=O)O)C(O)C(OC(=O)c6ccccc6)C5NS(=O)(=O)O)C(OC(=O)c5ccccc5)C4OS(=O)(=O)O)C(OC(=O)c4ccccc4)C3NS(=O)(=O)O)C(OC(=O)c3ccccc3)C2OS(=O)(=O)O)C(OC(=O)c2ccccc2)C1NS(=O)(=O)O
CHEMBL1207530,CCCCCCCCOc1ccc(C(=O)N[C@H]2C[C@@H](O)[C@H](O)NC(=O)[C@@H]3[C@@H](O)[C@@H](C)CN3C(=O)[C@H]([C@H](O)CC(N)=O)NC(=O)[C@H]([C@H](O)[C@@H](O)c3ccc(O)c(OS(=O)(=O)O)c3)NC(=O)[C@@H]3C[C@@H](O)CN3C(=O)[C@H]([C@@H](C)O)NC2=O)cc1
CHEMBL1207533,COP(=O)(O)C(=O)Oc1ccccc1
CHEMBL1207534,O=C(O)CSc1ccc2c(c1)c(=O)c1ccccc1n2C1CC1
CHEMBL1207535,C=CCCOC(=O)/C=C(\CO)OC1OC(COS(=O)(=O)O)C(OC2OC(C(=O)OCCC=C)C(OC3OC(COS(=O)(=O)O)C(OC4OC(C(=O)OCCC=C)C(OC5OC(COS(=O)(=O)O)C(O)C(O)C5NS(=O)(=O)O)C(O)C4OS(=O)(=O)O)C(O)C3NS(=O)(=O)O)C(O)C2OS(=O)(=O)O)C(O)C1NS(=O)(=O)O
CHEMBL1207539,O=C(O)CCc1cccc(SCC2O[C@@H]3O[C@@H]4C(CO)O[C@H](O[C@@H]5C(CO)O[C@H](O[C@@H]6C(CO)O[C@H](O[C@@H]7C(CO)O[C@H](O[C@@H]8C(CO)O[C@H](O[C@@H]9C(CO)O[C@H](O[C@@H]%10C(CO)O[C@H](O[C@H]2C(O)C3O)C(O)C%10O)C(O)C9O)C(O)C8O)C(O)C7O)C(O)C6O)C(O)C5O)C(O)C4O)c1
CHEMBL1207542,COCc1ccc(C(=O)Nc2ccc(S(=O)(=O)O)c3cc(S(=O)(=O)O)cc(S(=O)(=O)O)c23)cc1NC(=O)Nc1cc(C(=O)Nc2ccc(S(=O)(=O)O)c3cc(S(=O)(=O)O)cc(S(=O)(=O)O)c23)ccc1COC
CHEMBL1207544,CCCCCCCC(=O)OC/C(=C\C(=O)O)OC1OC(COS(=O)(=O)O)C(OC2OC(C(=O)O)C(OC3OC(COS(=O)(=O)O)C(OC4OC(C(=O)O)C(OC5OC(CS(=O)(=O)O)C(O)C(OC(=O)CCCCCCC)C5NS(=O)(=O)O)C(OC(=O)CCCCCCC)C4OS(=O)(=O)O)C(OC(=O)CCCCCCC)C3NS(=O)(=O)O)C(OC(=O)CCCCCCC)C2OS(=O)(=O)O)C(OC(=O)CCCCCCC)C1NS(=O)(=O)O
CHEMBL1207546,CC(=O)NC1C(O)CC(OCCCOCOCC(COCOCCCOC2(C(=O)O)CC(O)C(NC(C)=O)C([C@@H](O)[C@H](O)CO)O2)(COCOCCCOC2(C(=O)O)CC(O)C(NC(C)=O)C([C@@H](O)[C@H](O)CO)O2)CO[C@H]2CCC3(C)C(=CCC4[C@@H]3CCC3(C)[C@@H](C(C)CCCC(C)C)CC[C@@H]43)C2)(C(=O)O)OC1[C@@H](O)[C@H](O)CO
CHEMBL1207547,O=C(O)/C=C(\CO)OC1OC(COS(=O)(=O)O)C(OC2OC(C(=O)O)C(OC3OC(COS(=O)(=O)O)C(OC4OC(C(=O)O)C(OC5OC(COS(=O)(=O)O)C(O)C(O)C5NS(=O)(=O)O)C(O)C4OS(=O)(=O)O)C(O)C3NS(=O)(=O)O)C(O)C2OS(=O)(=O)O)C(O)C1NS(=O)(=O)O
CHEMBL1207548,CC(=O)O[C@H]1C(=O)[C@@]2(C)[C@H]([C@H](OC(=O)c3ccccc3)[C@]3(O)C[C@H](OC(=O)[C@H](OC(=O)CC(C)(C)c4c(C)cc(C)cc4OP(=O)(O)O)[C@@H](NC(=O)c4ccccc4)c4ccccc4)C(C)=C1C3(C)C)[C@]1(OC(C)=O)CO[C@@H]1C[C@@H]2O
CHEMBL1207550,C[n+]1ccc2sc(SC3=C(C(=O)[O-])N4C(=O)[C@@H](NC(=O)/C(=N/OCCF)c5csc(N)n5)[C@H]4CC3)nc2c1
CHEMBL1207551,CCCC(=O)OC/C(=C\C(=O)OCc1ccccc1)OC1OC(COS(=O)(=O)O)C(OC2OC(C(=O)OCc3ccccc3)C(OC3OC(COS(=O)(=O)O)C(OC4OC(C(=O)OCc5ccccc5)C(OC5OC(COS(=O)(=O)O)C(O)C(OC(=O)CCC)C5NS(=O)(=O)O)C(OC(=O)CCC)C4OS(=O)(=O)O)C(OC(=O)CCC)C3NS(=O)(=O)O)C(OC(=O)CCC)C2OS(=O)(=O)O)C(OC(=O)CCC)C1NS(=O)(=O)O
CHEMBL1207552,CC(C)(C)OC(=O)N1CCC[C@@H]2[C@H]1C(=O)N2S(=O)(=O)O
CHEMBL1207553,CC(C)(C)C1=C(C(=O)O)N2C(=O)[C@H](CN)[C@H]2O1
CHEMBL1207555,O=C(O)c1cccc(SCC2O[C@@H]3O[C@@H]4C(CO)O[C@H](O[C@@H]5C(CO)O[C@H](O[C@@H]6C(CO)O[C@H](O[C@@H]7C(CO)O[C@H](O[C@@H]8C(CO)O[C@H](O[C@@H]9C(CO)O[C@H](O[C@@H]%10C(CO)O[C@H](O[C@H]2C(O)C3O)C(O)C%10O)C(O)C9O)C(O)C8O)C(O)C7O)C(O)C6O)C(O)C5O)C(O)C4O)c1
CHEMBL1207556,CCC(C(=O)O)[C@@]1(O)O[C@@H]([C@H](C)[C@H]2O[C@@]3(CC[C@@](C)([C@H]4CC[C@@](C)([C@@H]5O[C@@H]([C@H]6O[C@](C)(O)[C@H](C)C[C@@H]6C)C[C@@H]5O[C@H]5CC[C@H](OC)[C@@H](C)O5)O4)O3)C[C@H](O)[C@H]2C)[C@H](OC)[C@@H](O[C@H]2CC[C@H](OC)[C@@H](C)O2)[C@@H]1C
CHEMBL1207557,CCCCCCCCOc1ccc(/C=C/C(=O)N[C@@H]2C[C@@H](O)[C@@H](O)NC(=O)[C@@H]3[C@@H](O)[C@@H](C)CN3C(=O)[C@H]([C@H](O)CC(N)=O)NC(=O)[C@H]([C@H](O)[C@@H](O)c3ccc(O)c(OS(=O)(=O)O)c3)NC(=O)[C@@H]3C[C@@H](O)CN3C(=O)C([C@@H](C)O)NC2=O)cc1
CHEMBL1207560,CCCCOC(=O)/C=C(\COC(=O)CCC)OC1OC(COS(=O)(=O)O)C(OC2OC(C(=O)OCCCC)C(OC3OC(COS(=O)(=O)O)C(OC4OC(C(=O)OCCCC)C(OC5OC(COS(=O)(=O)O)C(O)C(OC(=O)CCC)C5NC(C)=O)C(OC(=O)CCC)C4OS(=O)(=O)O)C(OC(=O)CCC)C3NC(C)=O)C(OC(=O)CCC)C2OS(=O)(=O)O)C(OC(=O)CCC)C1NC(C)=O
CHEMBL1207561,CC(C)[C@H](O)C1=C(C(=O)O)N2C(=O)[C@H]([C@@H](C)O)C2[C@H]1C
CHEMBL1207562,Cc1ccc2c(c1)C(=O)[C@@]1(O[C@@H](c3ccc(Cl)c(Cl)c3)[C@@H](C(=O)Nc3ccc(-c4csnn4)cc3)[C@H]1C(=O)O)C2=O
CHEMBL1207563,CC1(C)S[C@@H]2[C@H](NC(=O)C(N)c3ccccc3)C(=O)N2[C@H]1C(=O)O.COC(=O)c1nnn(C[C@@]2(C)[C@H](C(=O)O)C3C(=O)CC3S2(=O)=O)c1C(=O)OC
CHEMBL1207564,O=C(/C=C/C1=C(C(=O)O)N2C(=O)/C(=C/c3ccccn3)[C@H]2S(=O)(=O)C1)NO
CHEMBL1207565,C[C@H](CCC[C@@H](SCCC(=O)N(C)C)c1cccc(/C=C/c2ccc3ccc(Cl)cc3n2)c1)C(=O)O
CHEMBL1207567,CCC(CSC(CCc1ccccc1C#N)c1cccc(CCc2ccc3ccc(Cl)cc3n2)c1)C(=O)O
CHEMBL1207568,Cc1nn(C)c2nc(C(C)C)c(/C=C/[C@@H](O)C[C@@H](O)CC(=O)O)c(-c3ccc(F)cc3)c12
CHEMBL1207569,CC(C)c1ccc(/C(=C/CC(N)C(=O)O)c2ccc(F)cc2F)cc1
CHEMBL1207570,CCCc1c2nc(C(=O)O)cc(C#N)c2cc2c(=O)cc(C(=O)O)oc12
CHEMBL1207571,CCCCCOc1cc(CC)c(OCCCCCC(C)(C)c2nn[nH]n2)cc1O
CHEMBL1207572,CC(=O)OCC1=C(C(=O)O)N2C(=O)C(=C=CC(C)(C)C)[C@H]2S(=O)(=O)C1
CHEMBL1207573,C[C@H](CCC[C@H](SCCC(C)(C)O)c1cccc(/C=C/c2ccc3ccc(Cl)cc3n2)c1)C(=O)O
CHEMBL1207575,O=C(O)c1cc(=O)c2ccccc2n1Cc1cc2c(cc1Cl)OCO2
CHEMBL1207576,CN1CCN(C(=O)/C=C/C2=C(C(=O)O)N3C(=O)/C(=C/c4ccccn4)[C@H]3S(=O)(=O)C2)CC1
CHEMBL1207577,CC(C)=CCC/C(C)=C/CC/C(C)=C/CCC[PH](=O)O
CHEMBL1207578,CC1(C)SC2C(NC(=O)CCON=C3c4ccccc4-c4ccccc43)C(=O)N2[C@H]1C(=O)O
CHEMBL1207579,CCCc1c2nc(C(=O)O)cc(NC)c2cc2c(=O)cc(C(=O)O)oc12
CHEMBL1207580,NS(=O)(=O)c1cc(S(=O)(=O)O)c(NCc2ccco2)cc1S(=O)(=O)CC1CCCCC1
CHEMBL1207581,CC(=O)NCP(=O)(O)NC(Cc1ccccc1)NC(CC(C)C)C(=O)O
CHEMBL1207582,Nc1ccc2nc(SC3=C(C(=O)O)N4C(=O)[C@@H](NC(=O)/C(=N/OCCF)c5csc(N)n5)[C@H]4CC3)sc2c1
CHEMBL1207583,CC1(C)SC2C(NC(=O)N/C=C/c3cccc(Br)c3)C(=O)N2[C@H]1C(=O)O
CHEMBL1207584,O=C(O)CCC/C=C\C[C@H]1[C@@H]2CCC(C2)[C@@H]1NS(=O)(=O)c1ccc(C(=O)O)cc1
CHEMBL1207585,Cc1c(-c2cn(C)c3c(-c4ccccc4)cccc23)nc2ccc(F)cc2c1C(=O)O
CHEMBL1207587,CCOCCNc1cc(Cl)c(S(N)(=O)=O)cc1S(=O)(=O)O
CHEMBL1207588,O=C(O)c1cc2cc(Cc3cccnc3)cc(Br)c2o1
CHEMBL1207589,Nc1ncnc2cc3c(cc12)ncn3C1CCC(COP(=O)(O)O)O1
CHEMBL1207590,Nc1c(CC(=O)O)cc(Cl)cc1C(=O)c1ccc(Br)cc1Cl
CHEMBL1207591,O=C(O)c1c(Cc2ccco2)c(=O)c2ccccc2n1Cc1cc2c(cc1Cl)OCO2
CHEMBL1207592,O=C(O)CCC/C=C\C[C@H]1[C@@H]2CCC(C2)[C@@H]1NS(=O)(=O)Cc1ccccc1
CHEMBL1207593,CCc1ccc(/C(=C\CC(N)C(=O)O)c2ccc(F)cc2F)cc1CC
CHEMBL1207594,Nc1nc(/C(=N\OCCF)C(=O)N[C@@H]2C(=O)N3C(C(=O)O)=C(Sc4nnc(O)c(O)n4)CC[C@H]23)cs1
CHEMBL1207595,O=C(COc1ccccc1)N[C@H]1CN(c2c(O)c(=O)c2=O)C1=O
CHEMBL1207598,O=S(=O)(O)Nc1ccc(-c2nc3ccccc3s2)cc1
CHEMBL1207599,CC[C@H](C)C(=O)O[C@@H]1C[C@@H](C)C=C2C=C[C@H](C)[C@H](CC[C@@H](O)C[C@H](O)CC(=O)O)C21
CHEMBL1207600,O=C(O)CNC(=O)NCc1ccc(NC(=O)/C=C/c2c(C(=O)O)[nH]c3cc(Cl)cc(Cl)c23)cc1
CHEMBL1207601,CCC(O)(C(=O)O)c1cc2n(c(=O)c1CO)Cc1cc3cc(O)ccc3nc1-2
CHEMBL1207602,C[C@@H](O)[C@H]1C(=O)N2C(C(=O)O)=C(CSC(=S)N3CCNCC3)S[C@H]12
CHEMBL1207603,Cc1nc(-c2ccccc2)c(C)c(-c2ccc(F)cc2)c1CCP(=O)(O)C[C@H](O)CC(=O)O
CHEMBL1207604,CC(C)c1nc(C(C)(C)C)cc(-c2ccc(F)cc2)c1/C=C/P(=O)(O)C[C@H](O)CC(=O)O
CHEMBL1207606,C[C@@H](O)[C@H]1C(=O)N2C(C(=O)O)=C(C(C)(C)C)[S+]([O-])[C@H]12
CHEMBL1207607,O=S(=O)(O)c1ccc(-c2c3nc(c(-c4ccc(S(=O)(=O)O)cc4)c4ccc([nH]4)c(-c4ccc(S(=O)(=O)O)cc4)c4ccc([nH]4)c(-c4ccc(S(=O)(=O)O)cc4)c4nc2C=C4)C=C3)cc1
CHEMBL1207608,O=C(O)C[C@H](O)C[C@H](O)/C=C/C(=C(c1ccc(F)cc1)c1ccc(F)cc1)C1N=NN=N1
CHEMBL1207609,Cc1cc(-c2c(F)cc3c(=O)c(C(=O)O)cn(C(C)(C)C)c3c2F)cc(C)n1
CHEMBL1207610,C=C(O[C@@H]1C=CC=C[C@H]1O)C(=O)O
CHEMBL1207611,NC(CC1CCCC(CS(=O)(=O)O)C1)C(=O)O
CHEMBL1207612,C[C@@H](O)[C@H]1C(=O)N2C(C(=O)[O-])=C(/C=C/CSc3cc[n+](C)cc3)[C@H](C)[C@H]12
CHEMBL1207614,CNCC[C@H](Oc1cccc2c(OS(=O)(=O)O)c(OC)ccc12)c1cccs1
CHEMBL1207615,Nc1nc(/C(=N/OCC2CN(O)CC(O)C2=O)C(=O)N[C@@H]2C(=O)C3C(C(=O)O)=C(CSc4cnns4)CS[C@@H]32)cs1
CHEMBL1207616,C#C[C@@H]1[C@H](NC(=O)/C(=N/OC)c2csc(N)n2)C(=O)N1S(=O)(=O)O
CHEMBL1207617,CCc1c(-c2ccccc2)nc(C(C)C)c(/C=C/P(=O)(O)C[C@H](O)CC(=O)O)c1-c1ccc(F)cc1
CHEMBL1207618,CC(C)c1nc(-c2cc(F)c(F)c(F)c2F)cc(-c2ccc(F)cc2)c1C#CP(=O)(O)C[C@H](O)CC(=O)O
CHEMBL1207619,Cc1c(-c2ccccc2)nc(C2CC2)c(/C=C/P(=O)(O)C[C@H](O)CC(=O)O)c1-c1ccc(F)cc1
CHEMBL1207620,Cc1cc(C)c(OCC(O)C[C@@H](O)CC(=O)O)c(C(c2ccc(F)cc2)c2ccc(F)cc2)c1
CHEMBL1207622,O=C(O)C[C@H](O)C[C@H](O)CCn1c(C(F)(F)F)nc(-c2cccnc2)c1-c1ccc(F)cc1
CHEMBL1207623,CC(=O)N/C=C/[S+]([O-])C1=C(C(=O)O)N2C(=O)[C@@H](C(C)OS(=O)(=O)O)[C@H]2C1
CHEMBL1207624,COc1ccc(CC2CCCc3c2nn(-c2ccc(F)cc2)c3/C=C/[C@@H](O)C[C@@H](O)CC(=O)O)cc1
CHEMBL1207625,CCNC(=O)N(C)[C@H]1CCC[C@H]2C1=C(C(=O)O)N1C(=O)[C@H]([C@@H](C)O)[C@@H]21
CHEMBL1207626,O=C(O)C1(C(=O)O)Oc2cc3c(cc2O1)C[C@@H](NC[C@H](O)c1cccc(Cl)c1)CCC3
CHEMBL1207627,CC(C)(C)C1=C(C(=O)O)N2C(=O)[C@H]([C@@H](O)CCc3ccncc3)[C@H]2O1
CHEMBL1207628,Cc1cc(F)ccc1-c1cc(-c2ccccc2)nc(C(C)C)c1CCP(=O)(O)C[C@H](O)CC(=O)O
CHEMBL1207629,CC(=O)N/C=C/[S+]([O-])C1=C(C(=O)O)N2C(=O)[C@@H](C(C)O)[C@H]2C1
CHEMBL1207630,O=C(O)C(Cc1c[nH]c2ccccc12)NC(=O)[C@H](Cc1ccccc1)C[C@@H](Cc1ccccc1)C(=O)O
CHEMBL1207631,CCn1ncc2c(-c3ccc(F)cc3)c(/C=C/[C@@H](O)C[C@@H](O)CC(=O)O)c(C(C)C)nc21
CHEMBL1207632,CO[C@@]1(NC(=O)Cc2ccccc2)C(=O)N2C(C(=O)O)=C(C)CO[C@@H]21
CHEMBL1207633,C[C@@H](O)[C@H]1C(=O)N2C(C(=O)O)=C(CN(c3ccccc3)S(=O)(=O)c3ccc4ccccc4c3)[C@H](C)[C@H]12
CHEMBL1432443,COC(=O)c1cc(-c2ccc3c(c2)OCO3)nc2ccccc12
CHEMBL1432444,O=C1CN(Cc2nc(O)c3ccc(Cl)cc3n2)CCN1
CHEMBL1432445,Cc1cccc(C(=O)N2CCN(c3ccc([N+](=O)[O-])c(N4CCOCC4)c3)CC2)c1
CHEMBL1432446,COc1ccc(C(c2nnnn2Cc2ccc(F)cc2)N2CCN(c3ccc(OC)cc3)CC2)cc1
CHEMBL1432447,Cc1ccc(CNC(=O)CCc2ccc(S(=O)(=O)NC3CCCCC3)cc2)cc1
CHEMBL1432448,O=C1/C(=C\c2ccc([N+](=O)[O-])cc2)CCc2ccccc21
CHEMBL1432450,O=C(CN1C(=O)c2ccccc2S1(=O)=O)N1CCCCC1
CHEMBL1432451,CCCCSc1nc(O)c(C2OC(=O)c3c2ccc(OC)c3OC)c(=O)n1C
CHEMBL1432452,O=C(Nc1ccccc1)C1=C[C@H](c2ccc3c(c2)OCO3)C[C@H](OCc2ccc(CO)cc2)O1
CHEMBL1432453,CCOC(=O)c1[nH]c(C)c(CC(C)C)c1C
CHEMBL1432454,CN(Cc1ccccc1)C(=O)CCc1ccccc1
CHEMBL1432455,CCOC(=O)C(=O)Nc1ccc(S(=O)(=O)Nc2nccs2)cc1
CHEMBL1432456,O=C(COC(=O)c1ccc(Cl)s1)c1cc2ccccc2o1
CHEMBL1432457,COc1ccc(NC(=O)CN2CCc3ccccc3C2)c([N+](=O)[O-])c1
CHEMBL1432458,O=C(Nc1nc2ccccc2n1CCN1CCCCC1)c1ccco1
CHEMBL1432459,COc1ccc(-c2cnc3n2CCCCC3)cc1
CHEMBL1432460,O=C(NCc1ccccc1)c1cc(O)nc2ccccc12
CHEMBL1432462,CCN(CC)CCNc1nc(-c2ccccc2)nnc1C(F)(F)F
CHEMBL1432463,CCOc1ccc(OCC)c(NC(=O)c2[nH]c(C)c(C(C)=O)c2C)c1
CHEMBL1432464,CC(Oc1cc(F)ccc1[N+](=O)[O-])C(=O)N(C)CC(=O)Nc1ccccc1C(F)(F)F
CHEMBL1432465,C/C(=C\C(=O)c1ccc(Br)cc1)N1CCCCC1
CHEMBL1432466,CC1CCc2c(C(=O)Nc3nccs3)csc2C1
CHEMBL1432467,CCN(CC)S(=O)(=O)c1ccc2c(c1)N(CC(=O)N(CCc1ccncc1)C(C)C)C(=O)CO2
CHEMBL1432468,O=C(NCc1cccs1)c1nc(O)c2nnn(Cc3ccccc3Cl)c2n1
CHEMBL1432469,O=C(NCc1cccc(Cl)c1)c1cccnc1
CHEMBL1432471,CCCN1CCC(CCOc2ccccc2)(C(=O)OCC)CC1
CHEMBL1432472,CCOC(=O)c1c(C)nsc1S
CHEMBL1432473,COc1ccc(NC(=O)c2cc3c(=O)n4ccccc4nc3n2C)cc1OC
CHEMBL1432474,CCc1ccccc1NC(=O)c1cc(-c2cccs2)on1
CHEMBL1432475,COc1cc(OC)c(OC)cc1CN1CCN(Cc2ccc(C(F)(F)F)cc2)CC1
CHEMBL1432476,CCN1C(=O)c2cccc3c(N)ccc1c23
CHEMBL1432477,CC(C)N(CCNS(=O)(=O)c1ccc(Cl)cc1)C(C)C.Cl
CHEMBL1432478,Cc1cc(-n2cnnn2)cc(C)c1S(=O)(=O)N(C)c1ccccc1
CHEMBL1432479,CN1CCN(CCCCOc2ccccc2C=O)CC1.O=C(O)C(=O)O
CHEMBL1432480,Cc1cc(OCC(=O)N(C)Cc2ccccc2)ccc1Br
CHEMBL1432481,CS(=O)(=O)N1CCC(NC(=O)Cc2ccccc2)CC1
CHEMBL1432482,O=C(c1ccc2c(c1)OCO2)C1CCCN(Cc2cn[nH]c2-c2cccc(F)c2)C1
CHEMBL1432483,COc1ccc(CCNC(=O)C2CCCN(S(=O)(=O)c3ccc(F)cc3)C2)cc1
CHEMBL1432485,COc1ccccc1N1CCN(Cc2cc3c(cc2[N+](=O)[O-])OCO3)CC1
CHEMBL1432486,COc1ccc(NC(=O)C23CC4CC(C2)CC(n2cnc(Br)n2)(C4)C3)cc1Cl
CHEMBL1432487,CCOc1ccc(OCC)c(NC(=O)C2CCCN(S(=O)(=O)c3c(C)noc3C)C2)c1
CHEMBL1432488,O=C(Cc1ccc(O)cc1)NC1CCCCCC1
CHEMBL1432490,O=C(CSc1nc(-c2ccco2)cc(C(F)(F)F)n1)NCc1cccs1
CHEMBL1432491,Oc1ccccc1N1CCN(CC(O)COCc2ccccc2Cl)CC1
CHEMBL1432492,O=C(NCc1ccc2[nH]c3c(c2c1)CCCC3)c1ccc(S(=O)(=O)N2CCCC2)cc1
CHEMBL1432493,CCOC(=O)c1cc(C#N)c(N2CCN(c3ccccn3)CC2)nc1-c1ccccc1
CHEMBL1432494,Cc1cc(=O)n(Cc2ccc(OC(C)C)cc2)c(=S)[nH]1
CHEMBL1432495,COc1ccc(/C=C/c2cc(=O)c3ccc(OC)cc3o2)cc1
CHEMBL1432497,Cc1cccc(NC(=O)[C@@H](NC(=O)[C@@H]2Cc3ccccc3CN2)C(C)C)c1
CHEMBL1432498,CN(C)CCOC(=O)c1ccc2[nH]c3c(c2c1)CSCC3.Cl
CHEMBL1432501,O=C(NC1CCOCC1)C1CCC(=O)N(CCc2ccc(Cl)cc2)C1
CHEMBL1432502,Cc1ccc(C)c(N2CC(C(=O)Nc3nccs3)CC2=O)c1
CHEMBL1432503,O=C(CN(C(=O)CCC(=O)Nc1nccs1)c1ccc2c(c1)OCCO2)NCc1ccco1
CHEMBL1432504,CCCC(=O)n1nc(-c2ccco2)nc1N
CHEMBL1432505,O=C1CCCN1CCCNC(=S)Nc1ccccc1
CHEMBL1432506,CNCCCOc1cc(C)cc(C)c1C.O=C(O)C(=O)O
CHEMBL1432507,CCn1c2ccccc2c2cc(Nc3cc(C)nc4ncnn34)ccc21
CHEMBL1432508,Nc1ccc(C(CC(=O)O)n2cccc2)cc1
CHEMBL1432510,Cc1cc(NC(=O)CSc2nnnn2C)n(-c2ccccc2)n1
CHEMBL1432512,CCOc1ccc(CCNC(=O)c2c(C)nn(-c3ccccc3)c2Cl)cc1OCC
CHEMBL1432513,Cc1ccc(Sc2ccc(CN3CCCCC3)cc2[N+](=O)[O-])cc1
CHEMBL1432514,CSCCC(=O)Nc1cc(S(=O)(=O)N2CCOCC2)ccc1N1CCN(C)CC1
CHEMBL1432515,Cc1oncc1C(S)=Nc1ccccc1
CHEMBL1432517,Cc1ccc2c(CC(=O)OC3CCOC3=O)coc2c1
CHEMBL1432518,COc1ccc(/C=C/C(=O)NC(=S)NNC(=O)c2cccs2)cc1
CHEMBL1432519,CCSc1nnc(NC(=O)Nc2cccc(C)c2)s1
CHEMBL1432520,C#CCOc1ccc(C2C3=C(CCCC3=O)N(CC(=O)O)C3=C2C(=O)CCC3)cc1Br
CHEMBL1432521,O=C(c1ccc(-n2cnnn2)cc1)N1CCN(C(c2ccccc2)c2ccccc2)CC1
CHEMBL1432522,O=C(COC(=O)c1[nH]nc2ccccc12)NC(=O)NC1CCCC1
CHEMBL1432523,Cc1csc(NC(=O)Nc2cccc(Cl)c2)n1
CHEMBL1432524,Cc1cc(O)ccc1Nc1nc(-c2cccs2)cs1
CHEMBL1432525,COc1ccc(C(=O)Nc2cc(Cl)cc(Cl)c2)c(OC)n1
CHEMBL1432526,Cc1cc(C)c(C(=O)/C=C/C=C/c2ccccc2)c(O)n1
CHEMBL1432527,NC(=O)C1CCCN(CCCNCc2c[nH]nc2-c2ccc(-c3ccccc3)cc2)C1
CHEMBL1432528,O=C(NCc1ccco1)c1csc2c1CCCCC2
CHEMBL1432529,C1CCC(Nc2nc3nonc3nc2N2CCSCC2)C1
CHEMBL1432530,O=C(c1cn(-c2ccccc2)nc1-c1cccs1)N(CCO)Cc1ccccc1
CHEMBL1432531,Cc1ccccc1CN(C)C(C)C(=O)Nc1ccccc1F
CHEMBL1432532,Cc1oc(-c2ccccc2F)nc1CN1CCC(C(=O)NC2CCCc3ccccc32)CC1
CHEMBL1432533,COc1ccc(NC(=O)n2ncc3c(C)cccc32)cc1
CHEMBL1432535,COc1ccc(NC(=O)c2cc3c(s2)CCC3)cc1S(=O)(=O)N1CCOCC1
CHEMBL1432536,O=C(C1CC(=O)N(c2ccc(Cl)cc2)C1)N1CCOCC1
CHEMBL1432537,CCOC(=O)c1ccc[n+](CC(=O)Nc2ccccc2OC(F)F)c1.[Cl-]
CHEMBL1432538,CN1CCN(c2ccc(C(CC(N)=O)NC(=O)Cc3ccc(Br)cc3)cc2[N+](=O)[O-])CC1
CHEMBL1432539,CCc1ccccc1NC(=O)CCS(=O)(=O)c1ccc(Br)cc1
CHEMBL1432540,CC1=C(C(=O)OC2CCCCC2)C(c2ccc(C)o2)C2=C(O)CCCC2=N1
CHEMBL1432541,CCOc1ccccc1N(CC(=O)NCC1CCCO1)C(=O)CNS(=O)(=O)c1ccccc1
CHEMBL1432543,Cc1ccc(C(c2nnnn2C2CCCCC2)N2CCN3CCCC3C2)cc1
CHEMBL1432545,Cc1cccc(NC(=O)c2ccc(NCC3CCCO3)c([N+](=O)[O-])c2)n1
CHEMBL1432546,O=P(O)(CCc1ccccn1)CN1CCOCC1
CHEMBL1432547,COc1ccc(NC(=O)c2cc(-c3ccc(C)cc3O)[nH]n2)c(OC)c1
CHEMBL1432548,Cc1cc(C)nc(NN=C(c2ccccc2)c2ccccc2)n1
CHEMBL1432549,O=C(Nc1ccccc1C(=O)O)c1cccc(S(=O)(=O)Nc2ccc(Br)cc2)c1
CHEMBL1432550,COc1c(C)cc(Br)cc1C(=O)Nc1cccc(-c2nc3ncccc3o2)c1
CHEMBL1432551,O=C(NCc1ccc(Cl)cc1)c1ccccc1CCc1ccccc1
CHEMBL1432552,CCCc1cc(O)n2nc(CCc3ccccc3)nc2n1
CHEMBL1432553,CCCCN(CC)c1nc(N)c2c(N)nc(OCC)cc2c1C#N
CHEMBL1432554,Cc1nc(NC(=O)/C=C/c2ccc(Cl)cc2Cl)sc1C(=O)N(C)C
CHEMBL1432555,COc1ccc(N2CCN(C3=CC(=O)N(c4cccc(Cl)c4)C3=O)CC2)cc1
CHEMBL1432556,COc1ccc2c(c1)C(=O)/C(=C/C=C/c1ccccc1)CC2
CHEMBL1432557,COc1cc(C(=O)NNC(=O)c2ccco2)cc(OC)c1OC
CHEMBL1432558,Cc1ccc(C(=O)NC(=S)Nc2ccc(-c3cc4ccccc4oc3=O)cc2)c(C)c1
CHEMBL1432559,CC(C)C(=O)n1nc(-c2cccnc2)nc1NCc1cccs1
CHEMBL1432560,COc1ccc(S(=O)(=O)N2CCOCC2)cc1N=Nc1sc(N)nc1-c1ccccc1
CHEMBL1432561,Cc1ccc(N=C(S)N2CCC(O)CC2)c(C)c1
CHEMBL1432562,CCCC(=O)NCCc1cc(OC)c(OC)cc1Br
CHEMBL1432563,COC(=O)c1ccccc1N=C(S)N(Cc1ccc2c(c1)OCO2)Cc1cc2ccc(OC)cc2nc1O
CHEMBL1432564,Cc1ccc(OCCCn2cc(C#N)c3ccccc32)cc1
CHEMBL1432565,CCOC(=O)CNc1c(-c2ccc(Cl)cc2)nc2cnccn12
CHEMBL1432566,COc1ccc(NC(=O)C2CCN(c3cc(-c4ccccc4)nc4ncnn34)CC2)cc1OC
CHEMBL1432567,COc1ccc(-n2nc(C(=O)N3CCC(N4CCCCC4)CC3)c3c4ccccc4n(C)c3c2=O)cc1
CHEMBL1432568,CCS(=O)(=O)n1nc(-c2ccc(C)cc2)nc1N
CHEMBL1432569,O=C(CC1CCCCC1)NCCOc1ccccc1
CHEMBL1432570,O=C(Nc1c(C(=O)O)[nH]c2ccccc12)NC1CCCCC1
CHEMBL1432572,CC(N)Cc1c[nH]c2c1ccc1ccccc12.Cl
CHEMBL1432573,COc1ccc(/C=C2/C(=O)N=C3SCCN32)cc1
CHEMBL1432574,CC(C)(C)C(=O)NC(=S)Nc1ccc(S(=O)(=O)Nc2nccs2)cc1
CHEMBL1432575,COc1cc(O)c(CCO)c2c1C(=O)C[C@@H](C)O2
CHEMBL1432576,CC(C)CCNC(=O)C(c1ccc(O)cc1)N(Cc1ccco1)C(=O)CCC(=O)Nc1nccs1
CHEMBL1432577,CCN(CC)S(=O)(=O)c1ccc(C(=O)Nc2nnc(-c3ccco3)o2)cc1
CHEMBL1432578,N#Cc1ccc(-c2ccc(Cl)cc2)nc1Oc1ccc(F)cc1
CHEMBL1432579,O=C(O)c1cccc(-n2nnnc2SCc2ccccc2Cl)c1
CHEMBL1432580,CC(=O)Nc1cccc2ncccc12
CHEMBL1432581,CCOC(=O)/C(C#N)=C/c1cc2cc(C)c(C)cc2nc1Cl
CHEMBL1432582,CC(O)[C@H]1CNC(=O)C(=O)N1CCc1cccc(F)c1
CHEMBL1432583,Cc1cccc(-c2ocnc2C(=O)Nc2ccccc2NC(=O)c2ccccn2)c1
CHEMBL1432584,Cc1nc(-c2cccc(S(=O)(=O)N3CCCCCC3)c2)cs1
CHEMBL1432585,N#C/C(=C\c1ccc(-c2ccc(F)cc2)o1)C(=O)Nc1nc(-c2cccs2)cs1
CHEMBL1432586,Cn1cc([N+](=O)[O-])c(C(=O)N(Cc2ccccc2)Cc2ccccc2)n1
CHEMBL1432587,COC(=O)CNC(=O)C1CCN(c2nc(C)cc(C)n2)CC1
CHEMBL1432588,O=C(O)C(=O)O.O=C1CN(C(=O)CNCc2cccc(Cl)c2)c2ccccc2N1
CHEMBL1432589,CC(C)(C)C1=C(C#N)C(c2ccncc2)C(C#N)=C(N)O1
CHEMBL1432590,O=C(O)c1cccc(Nc2cc(Cl)c3nonc3c2[N+](=O)[O-])c1
CHEMBL1432591,COc1cccc(C2=NOC(C(=O)Nc3cc(C)on3)C2)c1OC
CHEMBL1432592,N=C(CC(=O)Nc1ccc(F)c(Cl)c1)NOC(=O)c1cccs1
CHEMBL1432593,Cc1ccc(S(=O)(=O)Cc2ccc(C(=O)N3CCN(c4ccc(F)cc4)CC3)o2)cc1
CHEMBL1432594,Nc1c(C(=O)O)sc2nc(-c3ccc(F)cc3)cc(-c3ccccc3)c12
CHEMBL1432595,CCOCCCNC(=O)C1CCCN1C(=O)Nc1ccccc1[N+](=O)[O-]
CHEMBL1432596,COCCN=C(S)N(CCc1c(C)[nH]c2ccc(OC)cc12)Cc1cccnc1
CHEMBL1432597,O=C(NNC(=O)c1cc2ccccc2oc1=O)c1ccccc1[N+](=O)[O-]
CHEMBL1432598,Cc1cc(C(=O)N2CCC(C(=O)O)CC2)c(C)o1
CHEMBL1432599,C=CCn1c(Cc2csc(N)n2)nnc1SCC(=O)Nc1ccc(C(=O)OCC)cc1
CHEMBL1432601,COC(=O)c1cccc(NC(S)=Nc2ccc(Cl)c(Cl)c2)c1
CHEMBL1432602,CCOc1cccc(CN2CCCC(C(=O)Nc3cccc(-n4cccn4)c3)C2)c1
CHEMBL1432603,CC(C)CCN1C(=O)c2ccc(-c3nc4ccccc4c(=O)o3)cc2C1=O
CHEMBL1432605,CSCCC(NC(=O)c1ccccc1Cl)C(=O)N1CCN(C(c2ccccc2)c2ccccc2)CC1
CHEMBL1432606,CCOC(=O)c1cc(C(=O)OCC)c(N2CCCC2)nc1O
CHEMBL1432607,CCOC(=O)c1ccccc1NC(=O)c1ccc2c(=O)n3c(nc2c1)CCCCC3
CHEMBL1432608,Oc1ncnc(O)c1N=Nc1ccccc1
CHEMBL1432609,CN1CCc2c(OCC(=O)NC3CCCCC3)cccc2C1=O
CHEMBL1432610,CCOC(=O)N1CCC(N2Cc3cccc(C(=O)NCc4ccccn4)c3C2=O)CC1
CHEMBL1432611,COc1cccc(Oc2nc(-c3ccncc3)nc3ccccc23)c1
CHEMBL1432612,COc1ccc(Cl)cc1-c1n[nH]c(SCC(=O)NCCN2C(=O)CSC2=O)n1
CHEMBL1432613,COc1ccc(CCC(C)NCCc2ccccc2)cc1
CHEMBL1432614,Cc1ccccc1N1CCN(C(=O)c2ccccc2NC(=O)c2ccccc2C(=O)O)CC1
CHEMBL1432615,CCOC(=O)c1c(NC(=O)c2ccccc2)sc2c1CCc1ccccc1-2
CHEMBL1432616,CCn1c(S)nnc1-c1cc(-c2cc(C)ccc2C)nc2ccccc12
CHEMBL1432618,CC(C)C[C@H](NC(=O)c1[nH]cnc1C(=O)Nc1ccc(CNC(=O)OC(C)(C)C)cc1)C(=O)OCc1ccccc1
CHEMBL1432619,Cc1cc(C)n2ncc(C(=O)NC3CCCCC3)c2n1
CHEMBL1432620,O=S(=O)(c1ccc2[nH]c(COc3ccc(Cl)cc3Cl)nc2c1)N1CCOCC1
CHEMBL1432621,COc1ccc(NC(=O)CSc2nccn2Cc2ccc(F)cc2)cc1
CHEMBL1432622,Cc1ccc(S(=O)(=O)N(C)c2ccccc2C(=O)N2CCCC2)cc1
CHEMBL1432623,Cc1ccc(S(=O)(=O)NC2=NC(=O)/C(=C/c3ccccn3)S2)cc1
CHEMBL1432624,NNC(=O)c1[nH]c2ccc(Cl)cc2c1-c1ccccc1
CHEMBL1432625,CC(C)c1cc(C(=O)N2CCCC(C(=O)c3ccc4ccccc4c3)C2)on1
CHEMBL1432626,COc1ccc(-c2nnc(SCC(=O)Nc3sc4c(c3C#N)CCCC4)n2-c2ccccc2)cc1
CHEMBL1432627,O=C1NC(=O)N(c2ccccc2F)C(=O)/C1=C/c1ccc(Sc2nc3ccccc3[nH]2)o1
CHEMBL1432628,O=C1OC(C(=O)NCc2ccccc2)Cc2ccccc21
CHEMBL1432629,CC(=O)Nc1cccc(Cn2cccn2)c1
CHEMBL1432630,COc1ccc(OC)c(CNc2ncc(-c3cccc([N+](=O)[O-])c3)n2C)c1.O=C(O)C(=O)O
CHEMBL1432632,COc1ccc(-c2nn3cnnc3s2)cc1OC
CHEMBL1432633,Cc1cccc2cc(CN(Cc3nnnn3C3CCCCC3)C3CCCC3)c3nnnn3c12
CHEMBL1432634,O=C1CCCN1CCCNc1ncccc1[N+](=O)[O-]
CHEMBL1432636,CC(C)Cc1nc2oc3c(Cl)ncnc3c2c2c1CCCC2
CHEMBL1432637,Cc1cc(NC(=O)c2ccc(F)cc2)n(CCOC(=O)c2ccc(F)cc2)n1
CHEMBL1432638,COc1ccc(CNS(=O)(=O)c2cc(-c3cc(C)no3)ccc2C(C)C)cc1
CHEMBL1432639,O=C(Nc1ccc(-n2ccnc2P(=O)(O)c2ccccc2)cc1)c1ccccc1Br
CHEMBL1432640,CCCCOC(=O)c1sc2nc(C)cc(C)c2c1N
CHEMBL1432641,Cc1ccc(CCNC(=O)C2CC(=O)N(C3CCCCC3)C2)cc1
CHEMBL1432642,Cc1ccc(NC(=O)COc2ccccc2CNC(C)(C)CC(C)(C)C)cc1
CHEMBL1432643,Cc1ccc(NC(=O)c2cc(=O)c3ccccc3o2)c(C)c1
CHEMBL1432644,Cc1ccc(C(=O)C2C(=O)c3ccccc3C2=O)cc1
CHEMBL1432645,Cc1ccc(NC(=O)COC(=O)C(NS(=O)(=O)c2ccc(Cl)cc2)C(C)O)cc1
CHEMBL1432647,CN(CCCNC(=O)C1CCC(=O)N1Cc1ccc(F)cc1)c1ccccc1
CHEMBL1432648,Cc1cc(C2=NN=C(Nc3ccc(S(=O)(=O)N4CCOCC4)cc3)SC2)c(C)n1C
CHEMBL1432649,O=C1CCNc2ccc(-c3ccccc3)cc21
CHEMBL1432650,O=C(NCCCN1CCOCC1)C1Nc2ccc(OC(F)(F)F)cc2C2C=CCC12
CHEMBL1432651,CCOC(=O)C1Cc2c([nH]c3ccccc23)CN1.Cl
CHEMBL1432652,CCc1ccc(CN2CCC(N3CCC(C(=O)N4CCCC4)CC3)CC2)o1
CHEMBL1432653,COc1ccc2c3ncn(CCCN4CCOCC4)c(O)c-3nc2c1
CHEMBL1432654,CC(c1cccnc1)N(CCN(C)C)C(=O)Nc1ccc(Cl)c(Cl)c1
CHEMBL1432655,COCCCn1c(=S)[nH]c2c(sc3ccccc32)c1=O
CHEMBL1432656,O=C(CCSc1nnc(-c2ccccc2)o1)N1CCOCC1
CHEMBL1432657,O=C(c1cc(-c2ccc(F)cc2)on1)N1CCCC1
CHEMBL1432658,CCC(Sc1ncccc1C(=O)OC(C)C)C(=O)N1CCOCC1
CHEMBL1432660,CCCC1=Nc2cc(C(=O)NCCN3CCOCC3)ccc2Sc2ccccc21
CHEMBL1432661,C#CCOc1nc2c(c(=O)n(C)c(=O)n2C)n1Cc1ccccc1
CHEMBL1432663,Cc1ccc2c(c1Br)C(=NN1C(=O)c3ccccc3C1=O)C(=O)N2
CHEMBL1432665,Cc1cc(C)cc(N2C(=O)C3C4C=CC(C4)C3C2=O)c1
CHEMBL1432667,CN(C(=O)c1cccc(NC(=O)c2cccs2)c1)c1ccccc1
CHEMBL1432668,CCOC(=O)c1c(N)sc(C(O)(C(F)(F)F)C(F)(F)F)c1-c1ccccc1
CHEMBL1432670,CCN(CC(O)CON=C1c2ccccc2-c2ccccc21)S(=O)(=O)c1ccc(C)cc1
CHEMBL1432671,O=C(CN1C(=O)NC2(CCCCCC2)C1=O)NCc1cccs1
CHEMBL1432672,Cc1nc(-c2ccc3c(c2)OCO3)cs1
CHEMBL1432673,Cc1cc(C(=O)Cn2cncn2)c(C)n1CCc1ccc(F)cc1
CHEMBL1432674,Cc1cccc(N2CCN(Cc3oc(CO)cc(=O)c3O)CC2)c1C
CHEMBL1432675,CC(C)OCCCN=C(S)Nc1ccc(S(N)(=O)=O)cc1
CHEMBL1432676,CCN(CC)CC#CCC(C)(c1ccccc1)c1ccccc1.Cl
CHEMBL1432677,CCOC(=O)N1CCN(C(=O)C(CC(C)C)NS(=O)(=O)c2ccc3c(c2)oc(=O)n3C)CC1
CHEMBL1432678,Cc1cn2c(-c3ccc(Cl)cc3)nnc2s1
CHEMBL1432679,O=C1C(NS(=O)(=O)c2cccs2)=C(N2CCN(c3ccc(F)cc3)CC2)C(=O)c2ccccc21
CHEMBL1432680,Cc1cc(C)n(CC(O)Cn2cnc3c2c(=O)n(C)c(=O)n3C)n1
CHEMBL1432681,CN(C)CCCNC(=O)/C=C/c1ccc(OCc2c(F)cccc2Cl)cc1
CHEMBL1432682,O=Cc1ccc2c(c1)CCN2Cc1ccccc1
CHEMBL1432683,COCc1cc(C)nc(SCC(=O)Nc2ccc(C)c(C)c2)c1C#N
CHEMBL1432686,CN1CCN(CCC(=O)Nc2ccc(C3CCCC3)cc2)CC1.Cl
CHEMBL1432687,COc1ccc(Oc2ccc(C(F)(F)F)cc2NC(=O)c2ccc(OC)cc2)cc1
CHEMBL1432688,CC(C)(C)C(=O)N(Cc1nc(O)c2ccccc2n1)Cc1cccs1
CHEMBL1432689,COc1cc(-c2nc(CN3CCN(CC(C)C)C(=O)[C@@H]3C)c(C)o2)ccc1F
CHEMBL1432690,COc1ccc(-n2c(CNCCc3ccc(C)cc3)nc3ccccc3c2=O)cc1
CHEMBL1432691,Cc1ccc(S(=O)(=O)Nc2ccccc2CNC2CCCCC2)cc1
CHEMBL1432692,COCC(N)(c1ccccc1)c1nc2ccccc2n1C
CHEMBL1432693,O=S1(=O)C[C@@H](N2CCOCC2)[C@H](N2CCOCC2)C1
CHEMBL1432694,O=C(CSc1cn(CCNC(=O)c2ccccc2)c2ccccc12)NCc1ccco1
CHEMBL1432695,Cc1nnc(Sc2c(N)n(C)c(=O)[nH]c2=O)s1
CHEMBL1432696,Cc1ccc(N=Nc2c(O)[nH]c3ccc(F)cc23)cc1
CHEMBL1432697,COc1ccc(C(=O)COC(=O)CNC(=O)c2cccc(OC(F)F)c2)cc1
CHEMBL1432698,CCNCC1(c2ccc(OC)c(OC)c2)CCCC1.Cl
CHEMBL1432699,Cc1cccc(C(=O)NCC(c2ccc(F)cc2)N2CCOCC2)c1
CHEMBL1432700,O=C(NC(=S)N1CCN(C/C=C/c2ccccc2)CC1)c1ccc(F)cc1
CHEMBL1432701,CCN1CCN(C(=O)c2nn(-c3ccc(OC)cc3)c(=O)c3c2c2ccccc2n3C)CC1
CHEMBL1432702,Fc1ccc(-c2cc(C(F)(F)F)nc(-n3cncn3)n2)cc1
CHEMBL1432703,CCOC(=O)N1CCN(C(=O)C(=O)NNC(=O)COc2ccc(Cl)c(C)c2)CC1
CHEMBL1432704,C=CCn1c(CC#N)nnc1N1CCOCC1.Cl
CHEMBL1432705,COCCNC(=O)CN(c1cc(Cl)ccc1OC)S(C)(=O)=O
CHEMBL1432706,Cc1ccc(N(C(=O)Cc2cccs2)C(C(=O)NC2CCCCC2)c2ccccn2)cc1C
CHEMBL1432707,COC(=O)c1cc(C)nc2c1C(=O)C(=O)C=C2N1CCOCC1
CHEMBL1432708,COc1cc(C(=O)NCc2nnc(SCC(=O)Nc3cc(C)on3)o2)cc(OC)c1OC
CHEMBL1432709,O=C(CCN1C(=O)/C(=C/c2ccc(F)cc2)SC1=S)NCCc1c[nH]cn1
CHEMBL1432710,O=C(CCN1C(=O)/C(=C/C=C/c2ccccc2)SC1=S)Nc1ccccn1
CHEMBL1432711,COc1ccc(N2CCN(Cc3nc(N)nc(Nc4ccc(C)c(Cl)c4)n3)CC2)cc1
CHEMBL1432712,Cn1c(=O)oc2cc(S(=O)(=O)N3CCCC(C(=O)N4CC=C(c5ccccc5)CC4)C3)ccc21
CHEMBL1432713,COc1ccccc1C(=O)NCCCn1cc(Br)c(C)n1
CHEMBL1432714,CCOC(=O)N1CCN(C(=O)c2cn(CC)c3ccc(S(=O)(=O)N4CC(C)CC(C)C4)cc3c2=O)CC1
CHEMBL1432715,COC(=O)C1=C(C)N(C)C(=O)NC1c1cc2c(cc1[N+](=O)[O-])OCO2
CHEMBL1432716,CCOC(=O)NC(=O)/C(C#N)=C\NNc1ncc(C(F)(F)F)cc1Cl
CHEMBL1432717,O=[N+]([O-])c1ccc(/C(O)=C(/C([S-])=NCc2ccco2)[n+]2ccccc2)cc1
CHEMBL1432718,CC1=Nn2c(nnc2-c2[nH]nc3c2CCC3)SC1
CHEMBL1432719,CCOC(=O)N1CCN(C(=O)Cn2cc3c(n2)CCCC3)CC1
CHEMBL1432720,Cc1ccc(NC(=O)Cc2ccsc2)cc1Cl
CHEMBL1595964,Cc1ccc(S(=O)(=O)N2C(=S)SCC2(C)C)cc1
CHEMBL1595965,Cc1ccc2nc3c(cc2c1)c(C)nn3-c1ccccc1
CHEMBL1595966,O=C(Cn1c(=O)n(CCc2ccccc2)c(=O)c2c3c(sc21)CCCC3)Nc1ccc(F)c(F)c1
CHEMBL1595967,COc1ccc(-c2c(C)nn3c(N4CCC5(CC4)OCCO5)cc(C)nc23)cc1OC
CHEMBL1595968,CN(CC(=O)Nc1ccccc1Cl)C(=O)CSc1nnc(-c2ccco2)o1
CHEMBL1595969,Cc1cc(C)c2c(N)c(C(=O)N3CCCCCC3)sc2n1
CHEMBL1595970,O=C(O)CC(SCC(=O)Nc1ccccc1)C(=O)O
CHEMBL1595971,COc1ccccc1CNC(=O)c1cc(C)nc2ccccc12
CHEMBL1595973,Cc1nc(Nc2ccccc2)c2nc(-c3ccccc3)n(CCN3CCOCC3)c2n1
CHEMBL1595975,O=c1oc2cc([N+](=O)[O-])ccc2nc1/C=C(O)/C=C/c1ccccc1
CHEMBL1595976,COC(=O)c1ccc(-n2c(C)cc(C(=O)COC(=O)CNS(=O)(=O)c3ccc(C)cc3)c2C)cc1
CHEMBL1595977,Cc1c(C)n2c3c(cccc13)CC2
CHEMBL1595978,CCOC(=O)C1CN(S(=O)(=O)c2ccc(C)cc2)CCN1S(=O)(=O)c1ccc(C)cc1
CHEMBL1595979,CCOC(=O)C1CCN(C(c2cccc(OC)c2)c2sc3nc(C)nn3c2O)CC1
CHEMBL1595980,COc1ccc(N2CCN(c3cc(C)nc4ccc(OC)cc34)CC2)cc1
CHEMBL1595981,CCOc1ccc(CCNC(=O)CCn2c(=O)c3cccn3c3ccc(F)cc32)cc1OCC
CHEMBL1595983,CCn1c(S)nnc1CN1C(=O)CSc2ccccc21
CHEMBL1595984,CC(C(=O)NCc1ccc(Cl)cc1)n1ccc2cc(S(=O)(=O)N3CCCC3)ccc21
CHEMBL1595985,C=CCCC#N
CHEMBL1595986,c1ccc(-n2ncc3c(NC4CCCCCC4)ncnc32)cc1
CHEMBL1595987,O=[N+]([O-])c1ccc(Cl)c(CN2CCCCCC2)c1
CHEMBL1595988,NC(=O)c1c(NC(=O)CCCn2cnc([N+](=O)[O-])n2)sc2c1CCCC2
CHEMBL1595989,Cc1cc(C)n(-c2nc(C)nc3c2cnn3-c2ccccc2)n1
CHEMBL1595990,O=C(NCCNC(=O)c1ccccc1F)c1ccco1.O=C(O)C(=O)O
CHEMBL1595991,O=S(=O)(c1ccc2c(c1)CCCN2)N1CCCCC1
CHEMBL1595992,COC(=O)c1n[nH]c(NC(=O)c2ccc(C(C)(C)C)cc2)n1
CHEMBL1595993,CC(C)CC(=O)NC(=S)Nc1ccc(CN2CCOCC2)cc1
CHEMBL1595994,CC(C)OCCCNC(=O)c1cc2c(-c3ccc(Cl)cc3)nn(C)c2s1
CHEMBL1595995,CCOC(=O)N1CCC(NC(=O)c2ccc(CS(=O)(=O)c3ccccc3C)o2)CC1
CHEMBL1595996,COc1ccc(NC(=O)c2ccc3c(=O)n(-c4ccc(OC)cc4OC)c(=S)[nH]c3c2)cc1
CHEMBL1595997,COc1ccc(CCNC(=O)CS(=O)(=O)Cc2nc(-c3ccccc3Cl)oc2C)cc1OC
CHEMBL1595998,Cc1onc(-c2ccccc2Cl)c1C(=O)Nc1nnc(Cc2ccc(Cl)cc2)s1
CHEMBL1595999,COCCCC1CCN(C(=O)C2CCC(=O)N(CCc3ccccc3)C2)CC1
CHEMBL1596000,CN(C)c1ccc(NC(=O)CCSc2nc(-c3ccco3)cc(C(F)(F)F)n2)cc1
CHEMBL1596001,O=C(O)CCCC(=O)N1CCN(c2nc(-c3ccccc3)c3ccccc3n2)CC1
CHEMBL1596003,N=c1c2c(ncn1Cc1ccco1)Oc1c(ccc3ccccc13)C2c1ccccc1
CHEMBL1596004,CCc1cccc2c(-c3ccccc3)nc(SCC(=O)Nc3ccccc3)nc12
CHEMBL1596005,Oc1ccc(Cl)cc1CNCc1ccncc1
CHEMBL1596008,COC(=O)c1ccc(CNC(=O)CSc2nnc(C)n2Cc2ccccc2)o1
CHEMBL1596009,CSc1ccc(CCNC(=O)CS(=O)(=O)Cc2nc(-c3ccccc3F)oc2C)cc1
CHEMBL1596010,C=CC(=O)OCCOc1ccccc1
CHEMBL1596011,COc1ccc(OC)c(S(=O)(=O)N(C(C)=O)c2ccc3oc(=O)sc3c2)c1
CHEMBL1596012,COc1ccc(NC(=O)C(=O)NCC2(c3ccc(OC)c(OC)c3)CCCC2)cc1
CHEMBL1596013,COc1ccc(CCNC(=O)CCC(=O)Nc2ccccc2[N+](=O)[O-])cc1OC
CHEMBL1596014,CCN1CCC2(CC1)C(C#N)=C(N)Oc1c2sc2nc(C)cc(C)c12
CHEMBL1596015,Cc1ccccc1Cc1c(C)[nH]c2c(-c3ccccc3)c(C)nn2c1=O
CHEMBL1596016,O=C1NNC(c2ccccc2)=N/C1=C\c1ccccc1
CHEMBL1596017,COc1ccc(CNC(=O)C2CCC(CNS(=O)(=O)c3ccc(C)cc3)CC2)cc1
CHEMBL1596018,COCCN(C(=O)CN1CCCc2ccccc21)c1c(N)n(Cc2ccccc2)c(=O)[nH]c1=O
CHEMBL1596019,O=C(Cn1cc(S(=O)(=O)N2CCN(c3ccccc3F)CC2)c2ccccc2c1=O)NCCCN1CCCCCC1
CHEMBL1596020,CNc1cccc(S(=O)(=O)N2CCN(S(=O)(=O)c3ccc4c(c3)OCCO4)CC2)c1
CHEMBL1596021,O=C(OCC(=O)c1ccc(Cl)s1)c1cnccn1
CHEMBL1596022,Cc1cc2c(n1-c1ccc(C(=O)NCCc3ccc(Cl)cc3)cc1)CCCC2
CHEMBL1596023,COc1ccc(OCC(=O)N2CCN(C(=O)COc3ccc(Br)cc3)CC2)cc1
CHEMBL1596024,N#Cc1nc(-c2ccc(OCc3ccccc3)cc2)oc1NCc1ccco1
CHEMBL1596026,COc1ccc(-n2cnnc2SCCC#N)cc1
CHEMBL1596027,CC(C)NC(=O)c1cc(=O)n(C)c(=O)n1C
CHEMBL1596028,CCCOC(=O)c1ccc(S(N)(=O)=O)o1
CHEMBL1596029,COC(=O)CN(c1ccc(C(C)C)cc1)S(=O)(=O)c1c(C)nc(O)nc1O
CHEMBL1596030,CCOc1ccc(C(F)(F)F)cc1NC(C)=O
CHEMBL1596031,COC(=O)c1ccccc1NC(=O)c1nc(SCc2ccccc2C)ncc1Cl
CHEMBL1596032,O=C(Nc1ccc2c(c1)OCCO2)C1CCN(S(=O)(=O)Cc2ccccc2)CC1
CHEMBL1596033,N=C(NOC(=O)COc1ccccc1)c1ccncc1
CHEMBL1596034,CCC(C)c1ccc(O[C@@H]2O[C@H](CO)[C@@H](O)[C@H](O)[C@H]2NC(C)=O)cc1
CHEMBL1596035,CCN(CC)S(=O)(=O)c1ccc(N2CCCC2)c(C(=O)Nc2ccc(OC)c(Cl)c2)c1
CHEMBL1596036,CCCCn1c(=O)[nH]c(=O)c2c1nc(-c1ccc3ccccc3c1)n2CC
CHEMBL1596037,Cc1ccc(C(NC(=O)N2CCOCC2)C(Cl)Cl)cc1F
CHEMBL1596038,O=C(OCCNC1=NS(=O)(=O)c2ccccc21)C1CC(=O)N(c2ccc3ccccc3c2)C1
CHEMBL1596039,O=C(Nc1cccnc1)c1ccccc1Oc1ccccc1
CHEMBL1596040,Cc1ccc(-c2nc3ccccn3c2NCc2ccc3c(c2)OCO3)cc1
CHEMBL1596041,COc1cc(OC)cc(C(=O)NC(=S)N2CCCCCC2)c1
CHEMBL1596042,Cc1cc(NC(=O)c2ccc(F)cc2)n(-c2ccccn2)n1
CHEMBL1596043,CC1=C(C(=O)Nc2ccccc2)C(c2coc3ccccc3c2=O)C2=C(O)CCCC2=N1
CHEMBL1596045,O=C(O)CCc1nn2c3ccccc3n(CCN3CCCCC3)c2nc1=O
CHEMBL1596046,COc1ccc(C(=O)Nc2nc3cc4c(cc3s2)OCO4)c(OC)c1
CHEMBL1596047,CCOc1ccc(S(=O)(=O)NCC(=O)N(C)Cc2cccnc2)cc1
CHEMBL1596048,O=C(COc1ccc(C(=O)NCCN2CCOCC2)cc1)Nc1cccc(C(F)(F)F)c1
CHEMBL1596049,CCCCS(=O)(=O)N1CCCC(C(=O)NCC2CCCO2)C1
CHEMBL1596051,CSCCCN=C(S)Nc1cccc(S(=O)(=O)NC2=NCCC2)c1
CHEMBL1596052,CCOC(=O)Cn1cc(Cl)cc(C(=O)Nc2ccccc2)c1=O
CHEMBL1596053,COC(=O)c1ccc(CON2C(=O)c3ccccc3C2=O)cc1
CHEMBL1596054,Cc1cc(S(=O)(=O)N(Cc2ccccc2Cl)c2ccc3c(c2)CCC3)ccc1-n1cnnn1
CHEMBL1596055,C=CCN1C(=O)c2ccc(C(=O)N3CCN(S(=O)(=O)c4cccc([N+](=O)[O-])c4)CC3)cc2C1=O
CHEMBL1596056,COc1ccc(-c2cc(C(=O)n3cnc4ccccc43)c3ccccc3n2)cc1
CHEMBL1596058,Cc1ccc(CNC(=O)c2c[nH]c3ccc(S(=O)(=O)N4CCOCC4)cc3c2=O)cc1
CHEMBL1596060,CCn1c(=O)c([N+](=O)[O-])c(N2CCN(Cc3ccc4c(c3)OCO4)CC2)c2ccccc21
CHEMBL1596061,O=C(Nc1ccc(Cl)cn1)c1cnn2cccnc12
CHEMBL1596063,O=C1CN(C(=O)c2ccc(Br)o2)C(c2ccc(F)cc2)c2cc(Cl)ccc2N1
CHEMBL1596064,O=C(CCCOc1ccc(Cl)cc1)NCC1CCCO1
CHEMBL1596065,O=C(O)CC1(CC(=O)Nc2cc3ccccc3cn2)CCCCC1
CHEMBL1596066,O=C(CCc1ccccc1)NNC(=S)NC(=O)c1ccccc1
CHEMBL1596067,Cn1c(N2CCN(C(=O)Nc3ccc(F)cc3)CC2)nc2ccccc21
CHEMBL1596068,COc1ccc(C)cc1-n1nnnc1SCc1cc(=O)n2cc(C)ccc2n1
CHEMBL1596070,CCOc1ccccc1-c1cc(C(=O)Nc2ccc(C(=O)O)cc2)c2ccccc2n1
CHEMBL1596071,CCOC(=O)c1sc2nc(C)nc(N3CCN(c4ncccn4)CC3)c2c1C
CHEMBL1596072,O=C(Nc1ncccc1O)c1ccc2c(c1)OCO2
CHEMBL1596073,Cc1cccc(NC(=O)c2cc(NC(=O)CCCC(=O)O)ccc2Cl)n1
CHEMBL1596074,CCOC(Cn1cc(C)c(=O)[nH]c1=O)OCC
CHEMBL1596075,CCC(Sc1nnc(C)n2c1cc1sccc12)C(=O)Nc1ccccc1F
CHEMBL1596076,CCCOc1cccc(-c2nc3ccccc3c(=O)o2)c1
CHEMBL1596077,O=Cc1c(-[n+]2ccccc2)nc([O-])n1-c1ccccc1
CHEMBL1596078,Cc1ccc(CNC(=O)COc2cc(O)c3c(c2)OC(C)(C)CC3=O)cc1
CHEMBL1596079,CCOC(=O)N1CCC(NC(=O)CCC(=O)N2CCOc3ccc(C)cc32)CC1
CHEMBL1596080,COc1ccc(NC(=O)Cn2nc(SC)c(S(=O)(=O)c3ccc(C)cc3)c2N)cc1OC
CHEMBL1596082,CCc1ccc(CN2CCC(n3nccc3NC(=O)c3ccccc3C)CC2)cc1
CHEMBL1596083,Cc1ccccc1OCc1nnc(SCC(=O)O)n1-c1cccc(Cl)c1
CHEMBL1596084,CC(=O)Nc1ccc(C2CC(c3ccc(Cl)cc3)=NN2c2ccccc2)cc1
CHEMBL1596085,CCC(C)NCCOCCOc1ccc(Cl)c2ccccc12.O=C(O)C(=O)O
CHEMBL1596086,COC(=O)c1nnn(-c2cccc(C)c2)c1N
CHEMBL1596087,CCNC(=O)CC1C(=O)N(c2ccc(F)cc2)C(=O)N1CCC(C)C
CHEMBL1596088,COc1cc(OC)c2c(c1)C(=O)c1cc(OC)cc(OC)c1C2=O
CHEMBL1596089,Clc1cccc(NCc2nnc(SCc3ccccc3Cl)o2)c1
CHEMBL1596090,N#Cc1c(NC(NC(=O)c2ccco2)C(=O)c2ccccc2)sc2c1CCCC2
CHEMBL1596091,O=C(COC(=O)CNC(=O)c1ccccc1F)Nc1cccc(S(=O)(=O)N2CCCCCC2)c1
CHEMBL1596093,CN(C)S(=O)(=O)c1ccc(NC(=O)CN2CCN(C(c3ccccc3)c3ccccc3)CC2)cc1
CHEMBL1596094,CC(=O)Nc1ccc(Nc2cc(C(C)C)nc3c(-c4ccccc4)c(C)nn23)cc1
CHEMBL1596095,Fc1ccc(-c2nc3ccccc3[nH]2)cc1
CHEMBL1596096,CC(=O)Cc1nsc(NC(=O)C2Cc3ccccc3C(=O)O2)n1
CHEMBL1596097,COc1ccc(C2=NN(C(=O)c3cccs3)C(c3ccccc3O)C2)cc1
CHEMBL1596098,CN(C)C1(CNCC(O)COc2ccc(C(=O)c3ccccc3)cc2)CCCCC1.O=C(O)C(=O)O
CHEMBL1596099,CCOC(=O)C1C(C=C(C)C)C1(C)C
CHEMBL1596100,Cc1ccc2c(=O)c(C(=O)c3ccc(F)cc3)cn(CC(=O)NCc3ccccc3)c2n1
CHEMBL1596101,O=C(Nc1ccc2c(c1)OCO2)Nc1ccccn1
CHEMBL1596102,CC1CCc2c(sc(NC(=O)Cn3cnc([N+](=O)[O-])n3)c2C(N)=O)C1
CHEMBL1596103,Cc1cccc(OCC(=O)Nc2ccccc2N2CCN(C)CC2)c1
CHEMBL1596104,COC(=O)c1cc(NC(=S)NC(=O)c2ccccc2)ccc1N1CCOCC1
CHEMBL1596105,CC(=O)c1ccn(S(=O)(=O)c2ccc(Cl)cc2)c1
CHEMBL1596106,CCCc1nc(SCc2cccnc2)c2c(=O)n(C)c(=O)n(C)c2n1
CHEMBL1596107,CSc1ccc(/C=C(\NC(=O)c2ccc(C)cc2)C(=O)NN)cc1
CHEMBL1596108,O=C(NCCN1C(=O)S/C(=C\c2cccnc2)C1=O)c1ccc(S(=O)(=O)N2CCCC2)cc1
CHEMBL1596109,COc1ccc(CC2C(=O)OC(C)(C)OC2=O)cc1
CHEMBL1596110,O=C(Cn1cnc2ccccc2c1=O)Nc1nnc(SCc2ccccc2)s1
CHEMBL1596111,NC(=O)C1CCN(c2nc(-c3ccccc3N)cs2)CC1
CHEMBL1596113,Cc1cccc(Nc2ncccc2C(=O)O)c1C
CHEMBL1596115,CCOc1cccc(CNc2ccc(O)cc2)c1OCc1ccc(Cl)cc1
CHEMBL1596116,COc1cc(S(=O)(=O)n2cnc(C)c2)ccc1Cl
CHEMBL1596117,CCOc1ccc(C(=O)Nc2nnc(S(=O)(=O)N(C)Cc3ccco3)s2)cc1
CHEMBL1596118,COc1cccc(CNc2ccc(S(=O)(=O)Nc3nccs3)cc2)c1O
CHEMBL1596119,O=C(COC(=O)c1cc[n+]([O-])cc1)Nc1ccc(Cl)cc1[N+](=O)[O-]
CHEMBL1596120,CC(C)[C@@H](CC(=O)N[C@@H]1CCNC[C@H]1C(=O)N[C@H](CC(=O)N[C@@H](CCC(=O)O)CC(=O)O)Cc1ccccc1)NC(=O)C[C@H](Cc1ccccc1)NC(=O)[C@@H]1CNCC[C@H]1N
CHEMBL1596121,CC(C)C[C@@H](CC(=O)N[C@H](CC(=O)N[C@@H]1CCCC[C@H]1C(=O)N[C@H](CC(=O)N[C@@H](CCC(=O)O)CC(=O)O)Cc1ccccc1)C(C)C)NC(=O)[C@@H]1CNCC[C@H]1N
CHEMBL1596123,Cc1ccc(-c2nn3c(=O)cc(CN4CCN(C(=O)c5ccc(C(C)(C)C)cc5)CC4)nc3s2)cc1
CHEMBL1596124,C=CCn1c(=O)c2c(nc3n2CCN3c2cccc(Cl)c2C)n(C)c1=O
CHEMBL1596125,O=C(NCCN1C(=O)S/C(=C\c2cccnc2)C1=O)C1CC(=O)N(Cc2ccco2)C1
CHEMBL1596126,CC(CNC(=O)c1cc(COc2ccc3ncccc3c2)on1)c1ccccc1
CHEMBL1596127,Cc1nc(C)c(N)c(O)n1.Cl
CHEMBL1596128,CC(=O)c1c(C)oc2ccc(N(C(=O)Oc3ccccc3)S(=O)(=O)c3ccccc3)cc12
CHEMBL1596129,CC(C)(C)Nc1nc(OCC(F)(F)F)nc(OCC(F)(F)F)n1
CHEMBL1596130,C=CCNC(=O)c1ccc(CN2CCC(Cc3ccccc3)CC2)cc1
CHEMBL1596131,CCOc1ccc(OCCC(=O)OCC(=O)Nc2cc(S(=O)(=O)N3CCOCC3)ccc2C)cc1
CHEMBL1596132,CCOc1ccc(S(=O)(=O)Nc2cc(NS(=O)(=O)c3ccc(OCC)cc3)cc(C(=O)O)c2)cc1
CHEMBL1596133,CC(C)CCNC(=O)CCCn1c(=O)[nH]c2ccc(Br)cc2c1=O
CHEMBL1596134,CCOc1cc(N2CCOCC2)c(OCC)cc1NC(=O)c1ccc2ncsc2c1
CHEMBL1596135,O=C(CSc1nnc(-c2ccco2)n1-c1ccccc1)NCc1ccc2c(c1)OCO2
CHEMBL1596136,CS(=O)(=O)N1CCCC(C(=O)Nc2ccccc2Cl)C1
CHEMBL1596138,CCn1c(CN2CCCCC2)nc2cc(NC(=O)c3ccccc3[N+](=O)[O-])ccc21
CHEMBL1596139,COc1ccc(C2CC(c3ccc(Br)cc3)=NN2C(=O)CN2CCCC2)cc1
CHEMBL1596140,CC(C)C(=O)Nc1ccc(C(=O)CN2C(=O)NC3(CCOc4ccccc43)C2=O)cc1
CHEMBL1596141,O=S(=O)(c1ccc2ccccc2c1)n1nc(-c2ccco2)nc1NCc1ccc(F)cc1
CHEMBL1596142,COc1ccccc1CNC(=O)C1Cc2cc(S(=O)(=O)N3CCCCC3)ccc2N1C(C)=O
CHEMBL1596144,COC(=O)c1cc(OC)c(OC)cc1NC(=O)c1oc2ccccc2c1C
CHEMBL1596145,C=C(C)CN=C(S)N1CCN(C(c2ccccc2)c2ccccc2)CC1
CHEMBL1596146,Cc1ccc(S(=O)(=O)N(C)c2nc3ccccc3n3c(C(C)C)nnc23)cc1
CHEMBL1596147,COc1ccc(OCCC(=O)OCC(=O)NCc2ccccc2OC)cc1
CHEMBL1596148,Cn1c(C(=O)Nc2ccc(Cl)cc2)cc2cc(Cl)ccc21
CHEMBL1596149,Cc1cc(Cl)c(OCCOCCN2CCN(C)CC2)c(Br)c1.O=C(O)C(=O)O
CHEMBL1596150,NC1=C([N+](=O)[O-])C(c2ccc3c(c2)OCO3)C2=C(CCCC2=O)O1
CHEMBL1596151,COc1ccc2cc(C(=O)C3CCCN(Cc4cnc(C)s4)C3)ccc2c1
CHEMBL1596152,Cc1cc(C)cc(NS(=O)(=O)c2ccc3ncc(C(=O)N4CCc5ccccc54)c(O)c3c2)c1
CHEMBL1596153,COCCCNC(=O)Cc1ccc(S(=O)(=O)N2CCOCC2)s1
CHEMBL1596154,COc1cc(CNc2ccccc2)c([N+](=O)[O-])cc1OC.O=C(O)C(=O)O
CHEMBL1596155,O=C(CSc1nnnn1C1CCCCC1)NCc1cccc(C(=O)O)c1
CHEMBL1596156,S=c1nc(-c2ccccc2)n(Cc2ccco2)c2c1CCCC2
CHEMBL1596157,O=C(COC(=O)CCS(=O)(=O)c1ccccc1)Nc1ccccc1
CHEMBL1596159,CCOP(=O)(OCC)C(NC(C)=O)C(=O)c1ccccc1
CHEMBL1596160,CO[C@@H]1COC(=O)[C@H]2CCCN2C(=O)[C@@H](C)COC(=O)C/C=C\[C@H]1C
CHEMBL1596161,Cc1cc(NC(=O)c2cc(-c3ccc(Br)cc3)on2)nn1Cc1ccc(Cl)cc1
CHEMBL1596162,O=C(Cn1[nH]c(=O)c2ccccc2c1=O)NCc1cccnc1
CHEMBL1596163,CCOC(=O)N1CCN(S(=O)(=O)c2c(C)nn(C)c2C)CC1
CHEMBL1596164,Cc1ccccc1C(=O)NC(=S)Nc1ccc2[nH]c(O)nc2c1
CHEMBL1596165,COc1cccc(CSc2nccn2C)c1
CHEMBL1596166,Cc1cccc(NC(=O)N2CC=C(c3c[nH]c4ccccc34)CC2)c1C
CHEMBL1596168,O=C(COc1ccc2ccccc2c1)N[C@@H](C(=O)O)c1ccc(O)cc1
CHEMBL1596169,O=C(NCCCCc1ccccc1)C12CN(Cc3ccccc3)CC1C(c1cccc([N+](=O)[O-])c1)=NO2
CHEMBL1596170,N#Cc1cccc(-c2nc(NCCN3CCOCC3)c3ccccc3n2)c1
CHEMBL1596171,O=C(COc1ccccc1F)N1CCCc2ccccc21
CHEMBL1596172,CCN1CCCC1Cn1c(-c2ccccc2)nc2c(N(CCOC)CCOC)nc(C)nc21
CHEMBL1596173,O=C1C2CC=CCC2C(=O)N1c1nc(-c2cccnc2)n[nH]1
CHEMBL1596174,O=C1CC(SCc2nc3ccccc3[nH]2)C(=O)N1c1ccc(Cl)cc1
CHEMBL1596175,O=C1CCc2cc(S(=O)(=O)NCCCC(=O)N3CCN(Cc4ccc5c(c4)OCO5)CC3)ccc2N1
CHEMBL1596176,COc1ccccc1CC1(C)NC(=O)N(CC(=O)Nc2cc(C)on2)C1=O
CHEMBL1596177,N#Cc1ccc(C(=O)Nc2cc(S(=O)(=O)N3CCCC3)ccc2OCC(F)(F)F)cc1
CHEMBL1596178,CCN(CC)C(=O)c1csc(Nc2cccc3ccccc23)n1
CHEMBL1596179,COc1cc2c(cc1OC)CN(CC(=O)Nc1ccc(C)c(C)c1)CC2
CHEMBL1596180,CCOc1ccc(CNC(=O)CCS(=O)(=O)c2cc3c4c(c2)CCN4C(=O)CC3)cc1OC
CHEMBL1596181,Cc1nc(N=C(N)NC(=O)c2ccccc2)nc2ccccc12
CHEMBL1596182,COC(=O)c1ccc(C(=O)OC)c(NC(=O)c2cnc3n(c2=O)CCS3)c1
CHEMBL1596183,CCCCNC(=O)c1cn(C)c2ccc(S(=O)(=O)N3CCOCC3)cc2c1=O
CHEMBL1596184,Nc1c(C(=O)c2ccc(Cl)cc2)sc2nsc(SCCN3CCOCC3)c12
CHEMBL1596185,CCN(CC(=O)Nc1ccc(NC(C)=O)cc1)C(=O)C(c1ccccc1)c1ccccc1
CHEMBL1596186,O=C(Nc1ccc2c(c1)Cc1ccccc1-2)[C@@H]1[C@H](C(=O)O)[C@]2(Cl)C(Cl)=C(Cl)[C@@]1(Cl)C2(Cl)Cl
CHEMBL1596187,O=C(CSc1nncc2ccccc12)N1CCOCC1
CHEMBL1596188,COc1ccc(S(=O)(=O)Nc2cnc3ccccc3c2)c(OC)c1
CHEMBL1596189,CSc1nsc(SCC(=O)Nc2nncs2)n1
CHEMBL1596190,CCN1CCc2nc3sc(C(=O)c4ccccc4)c(N)c3cc2C1
CHEMBL1596191,COc1ccc(OCC(=O)NNC(=S)NC(=O)C2CCCCC2)cc1
CHEMBL1596192,CCSc1ncc(Cl)c(C(=O)Nc2nc3ccc(OC)cc3s2)n1
CHEMBL1596193,Cc1ccccc1Cc1c(C)nc2nc(SCC(=O)N(C)c3ccccc3)nn2c1C
CHEMBL1596194,Cn1c(SCC(=O)Nc2ccc3c[nH]nc3c2)nnc1-c1cccs1
CHEMBL1596195,CCOC(=O)CSc1nnc(-c2ccccc2)o1
CHEMBL1596196,CCOc1ccc(NS(=O)(=O)c2ccc(C(=O)NCC(C)(C)N3CCOCC3)cc2)cc1
CHEMBL1596197,O=C(CCN1C(=O)/C(=C/c2cccc(Br)c2)SC1=S)Nc1cccnc1
CHEMBL1596198,Cc1cccc(NN=C2c3ccccc3-c3ccccc32)c1
CHEMBL1596199,CCOCc1cc(CN2CCCC(CNC(=O)c3ccco3)C2)ccc1OC
CHEMBL1596200,CCCCc1cc(=O)oc2cc(C)cc(OC(C)C(=O)NC[C@H]3CC[C@H](C(=O)O)CC3)c12
CHEMBL1596201,O=C(COC(=O)c1nc(Cl)ccc1Cl)Nc1ccccc1OC(F)F
CHEMBL1596202,Cc1ccccc1CNC(=O)C(=O)Nc1nccs1
CHEMBL1596203,CCOc1ccc2nc(SCC(=O)c3ccc(C)s3)sc2c1
CHEMBL1596204,COC(=O)c1ccc2ncccc2c1
CHEMBL1596205,COC(=O)C1=C(c2ccc(C(C)=O)cc2)C[C@@H]2CC[C@H]1N2C(=O)NCc1ccco1
CHEMBL1596206,COC(=O)Nc1ccc2c(c1)N(C(=O)CCCl)c1ccccc1S2
CHEMBL1596207,Cc1ccc(-c2nc(C[S+]([O-])CC(=O)NCCC3=CCCCC3)c(C)o2)cc1
CHEMBL1596208,Nc1cc(O)nc(SCC(=O)Nc2cc(S(=O)(=O)N3CCOCC3)ccc2Cl)n1
CHEMBL1596209,Cn1c(Nn2cnnc2)nc2ccccc21
CHEMBL1596210,O=[N+]([O-])c1cc(-c2nc(-c3ccncc3)no2)ccc1Cl
CHEMBL1596211,CCOC(CCn1c(SCc2cccc([N+](=O)[O-])c2)nc2ccccc2c1=O)OCC
CHEMBL1596212,C=CCN(c1ccccc1)S(=O)(=O)c1ccc(Cl)c(C(=O)OCC(=O)N(C)C2CCS(=O)(=O)C2)c1
CHEMBL1596213,CCc1c(C)sc2nc(SCC(=O)Nc3cc(C)on3)n(CCOC)c(=O)c12
CHEMBL1596214,COc1cccc(CNC(=O)CN(c2ccc(C(C)C)cc2)S(=O)(=O)c2c(C)n[nH]c2C)c1
CHEMBL1596215,O=C1c2ccccc2C(=O)N1CCc1ccccn1
CHEMBL1596216,CCn1nc(C)c(NC(=O)CC23CC4CC(CC(C4)C2)C3)c1C
CHEMBL1596217,CCOC(=O)c1nn(-c2cccc(C)c2)c2nnc(Cc3ccc(C)cc3)c(=O)n12
CHEMBL1596218,Cc1c(C)c2ccc(OCC(=O)c3ccccc3)cc2oc1=O
CHEMBL1596219,COC(=O)CSc1nc(C)c(C(=O)Nc2ccccc2C)c(-c2ccc(Cl)cc2)c1C#N
CHEMBL1596220,Cc1cccc(NC(=O)CCn2ccnc2C)c1
CHEMBL1596221,O=C(CSc1nnc(-c2ccccc2)n1-c1ccccc1)c1cccs1
CHEMBL1596222,Clc1ccccc1OCCn1nnc2ccccc21
CHEMBL1596223,CCOc1cccc(CN(CC)CC2CCCN(CCc3cccc(OC)c3)C2)c1O
CHEMBL1596224,O=C(NC1=NCCS1)c1ccccc1OCc1ccccc1Cl
CHEMBL1596225,CCOC(=O)C1(C(F)(F)F)N=C(C(F)(F)F)Nc2ccccc21
CHEMBL1596226,CCSC1(SCC)N=C(N)C2(C#N)C(c3ccc(F)cc3)C12C#N
CHEMBL1596227,Cc1ccccc1-c1ccc(=O)n(CC(=O)Nc2ccc(-n3cnnn3)cc2)n1
CHEMBL1596228,Clc1ccccc1-c1nn2c(Cn3cnc4ccccc43)nnc2s1
CHEMBL1596229,CCOc1ccc(CNC(=O)c2oc3c(c2C)-c2nn(Cc4cccc(Cl)c4)cc2CC3)cc1
CHEMBL1596230,Cc1c2c(nc3c(C(=O)NC4CCCC4)cnn13)CCCC2
CHEMBL1596231,CCOc1ccc2cc(S(=O)(=O)N3CCN(C)CC3)ccc2c1
CHEMBL1596232,COc1ccccc1N1CCN(C(=O)c2ccc(Cl)c(S(=O)(=O)N3CCCC3)c2)CC1
CHEMBL1596233,COc1cc2c(cc1OC)n(CC(=O)Nc1ccccc1)c(=O)n1nc(-c3ccccc3)nc21
CHEMBL1596234,Cc1ccc(NC(=O)c2ccc(C#CC3(O)CCCCC3)cc2)cc1C
CHEMBL1596235,CC(C)CN1CC[C@@]2(CCCN(C(=O)c3cccc(F)c3)C2)C1
CHEMBL1880965,CC1=CC(=NOS(=O)(=O)c2ccc(C)cc2)CC(C)(C)C1
CHEMBL1880966,CCOc1ccc(S(=O)(=O)N(CC)CC)cc1N
CHEMBL1880967,O=C(c1ccc(OC2CCN(Cc3ccccn3)CC2)cc1)N1CCCC(O)C1
CHEMBL1880968,CC(=O)c1cccc(-c2cnc3c(NC=O)cc(-c4ccccc4F)cn23)c1
CHEMBL1880969,O=[N+]([O-])c1ccc(Cc2ccc([N+](=O)[O-])cc2)cc1
CHEMBL1880970,CC12C(C(=O)O)C1(c1ccccc1)C2C(=O)O
CHEMBL1880971,C(=C/c1nc2ccccc2s1)\c1ccc2c(c1)OCO2
CHEMBL1880972,CCCOc1cccc(C(=O)NCCNC(=O)c2ccc(C)nc2)c1
CHEMBL1880974,O=C(NCCS(=O)(=O)N1CCN(c2ccccc2)CC1)C(c1ccccc1)c1ccccc1
CHEMBL1880975,COc1cc(C(=O)OCC(=O)Nc2cccc(S(=O)(=O)N3CCOCC3)c2)ccc1OCC(C)C
CHEMBL1880976,Cc1c(C(=O)C2=C(O)C(=O)N(CCCN(C)C)C2c2cccs2)cnn1-c1ccccc1
CHEMBL1880978,CC1CC=C(O)C12OCC(C)(C)CO2
CHEMBL1880979,Cc1ccc(C)c(NC(=O)COC(=O)CCNC(=O)c2ccco2)c1
CHEMBL1880980,Cc1ccsc1C(=O)Nc1ccccc1N1CCCC1
CHEMBL1880981,COc1cc(OC)cc(-c2c(C#Cc3ccsc3)c3cc(-c4cccc5[nH]ccc45)ccc3n2C)c1
CHEMBL1880982,Cc1cc(N2CCCC2)nc2ccccc12.O=C(O)C(F)(F)F
CHEMBL1880983,CCOC(=O)CC(SP1(=S)OCC2(CCCCO2)C(C2CCCCO2)O1)C(=O)OCC
CHEMBL1880984,C(=C/c1ccccc1)\CN1CCN(C(c2nnnn2C2CCCCC2)C2CC2)CC1
CHEMBL1880985,Cc1ccc(NC(=O)CSC(C)C(=O)OCc2cc(=O)oc3cc(O)ccc23)cc1
CHEMBL1880986,C[C@H](CO)N1C[C@H](C)[C@H](CN(C)C(=O)Nc2cccc3ccccc23)Oc2c(NC(=O)c3ccc(-c4nccs4)cc3)cccc2C1=O
CHEMBL1880987,Cc1sc2ncn(CC(=O)Nc3ccc(F)cc3F)c(=O)c2c1S(=O)(=O)N1CCC(C)CC1
CHEMBL1880988,O=C(Nc1ccc2c(c1)OCO2)c1csc([C@@H]2C[C@H](O)[C@@H](CO)O2)n1
CHEMBL1880989,Cc1cc(C)c(C(O)c2nc(-c3cccc(F)c3)c[nH]2)c(C)c1
CHEMBL1880990,Cc1nn(Cc2ccccc2)c(C)c1CNC(=O)c1ccc(F)c(S(=O)(=O)N2CCOCC2)c1
CHEMBL1880991,O=[N+]([O-])c1ccc(COc2ccc(CN3CCCC3)cc2)cc1
CHEMBL1880992,N#CCCn1nc(Cc2cccc3ccccc23)c(C#N)c1N
CHEMBL1880993,O=C(Nc1c2c(nn1-c1cccc(Cl)c1)CS(=O)(=O)C2)C1CC1
CHEMBL1880995,COc1ccc(NS(=O)(=O)c2cccc(C(=O)NNC(=O)c3ccc(O)c(Cl)c3)c2)cc1
CHEMBL1880996,OCC[C@H]1C[C@@H](O)[C@H](O)[C@]2(Cc3ccccc3CCO2)O1
CHEMBL1880997,C#CCN1C(=O)CCC23C1=NC(C(=O)OC)=C(C(=O)OC)C2N(C)c1ccccc13
CHEMBL1880998,O=C(COC(=O)c1ccccn1)NCCc1ccc(Cl)cc1
CHEMBL1880999,COc1ccccc1C(=O)NNC(=O)C1CCN(C(=O)OC(C)(C)C)CC1
CHEMBL1881000,N#Cc1ccc(C(=O)N2CCC3CC2c2cc(-c4ccccc4)ccc23)cc1
CHEMBL1881001,COc1cccc(C2=NOC(C(=O)NCC3CCCO3)C2)c1
CHEMBL1881002,Cc1cc(S(=O)(=O)NCC(C)C)ccc1OCC(=O)NC1CC1
CHEMBL1881003,O=S1(=O)c2c(F)cccc2O[C@@H](COCc2ccccc2)CN1CCc1ccc(F)cc1
CHEMBL1881004,CC(C)C[C@@H](CO)N1CCN(Cc2ccc(Br)cc2)CCC1=O
CHEMBL1881005,O=C(NCC(c1ccco1)N1CCOCC1)c1ccc(Cl)cc1
CHEMBL1881006,CCOC(=O)c1c(S(=O)(=O)NCC(=O)NCc2cccc(C)c2)c(C)n(C)c1C
CHEMBL1881007,O=C(NCC(=O)N(c1cccnc1)C(C(=O)NCc1ccco1)c1ccccc1)c1ccco1
CHEMBL1881008,Cc1ccc(S(C)(=O)=O)cc1C(=O)Nc1ccc(S(=O)(=O)Nc2nccs2)cc1
CHEMBL1881009,O=C1C(Cc2ccc(O)cc2)NC(=S)N1C1CCCCC1
CHEMBL1881010,Cn1cnc(S(=O)(=O)N2CCCC(c3cc(C(=O)Nc4ccc(F)c(Cl)c4)no3)C2)c1
CHEMBL1881011,CCNC(=O)C1(C)CCCN(C(=O)c2sc(-c3ccccc3)nc2C)C1
CHEMBL1881012,CCc1ccccc1NC(=O)C1CCCN(c2ncnc3onc(-c4ccc(F)cc4)c23)C1
CHEMBL1881013,COc1ccc([N+](=O)[O-])cc1NC(=O)C(C)OC(=O)Cc1ccc(OC)c(OC)c1
CHEMBL1881015,CCOC(=O)C1=C(COC(=O)c2ccc(C)c(S(=O)(=O)N3CCOCC3)c2)NC(=O)NC1C
CHEMBL1881016,COc1ccc(-c2cc(NC(C)=O)c3ncc(-c4cccc(C(F)(F)F)c4)n3c2)c(OC)c1
CHEMBL1881017,CCOC(=O)CC(NC(=O)C1c2ccccc2Oc2ccccc21)c1ccc(C)cc1
CHEMBL1881018,Cc1ccc(C2C(=O)N(C3CCCCCC3)CC(=O)N2C(C)C)cc1
CHEMBL1881019,COc1cc(CO)ccc1OCC(=O)Nc1cccc2ccccc12
CHEMBL1881020,Cc1ccc(C23OC(=O)C(C)(C)C2OC(=O)C3(C)C)cc1
CHEMBL1881021,Cc1ccc(OCCCC(=O)N2CCN(S(=O)(=O)c3cccc(F)c3)CC2)cc1
CHEMBL1881022,COc1cc(NC(=O)CC[C@H]2O[C@@H](n3cnc4c(NC(=O)c5ccccc5)ncnc43)[C@H](O)[C@@H]2O)cc(OC)c1OC
CHEMBL1881023,COc1cc2c(C(=O)Nc3ccc(C)cc3Br)cn(C)c(=O)c2cc1OC
CHEMBL1881024,Cc1cc(-c2ccc(C)c(S(=O)(=O)Nc3cc(C)on3)c2)on1
CHEMBL1881025,COc1cccc(-n2c(SCC(=O)Nc3cc(C)ccc3C)nc3c(oc4ccccc43)c2=O)c1
CHEMBL1881026,CCNC(=O)NC(=O)C(C)OC(=O)CCCc1nc2ccccc2s1
CHEMBL1881027,O=C(CN(C(=O)c1ccccc1)C(=O)c1ccccc1)OCc1ccccc1
CHEMBL1881028,COCc1cnc(C2=NC(C)(C(C)C)C(=O)N2)c(C(=O)O)c1
CHEMBL1881029,CCn1cc(C(=O)NCCCN2CCC(C)CC2)c(=O)c2cc(S(=O)(=O)N3CCOCC3)ccc21
CHEMBL1881030,CCc1cccc(C)c1NC(=O)c1cc2ccccc2o1
CHEMBL1881031,CCCCn1nnnc1C(c1ccc(OC)cc1)N1CCC(n2c(O)nc3ccccc32)CC1
CHEMBL1881032,COc1ccc(/C=C(/C#N)c2nc(-c3ccccc3C)no2)cc1O
CHEMBL1881033,Oc1ccc(C=NN=Cc2ccco2)c(O)c1
CHEMBL1881034,COc1ccc2nc(-c3ccccc3)nc(C3CCCCC3)c2c1
CHEMBL1881035,CN(CCN1CCC2(CC1)C(=O)NCN2c1ccccc1)C(=O)c1ccc2ccccc2c1.O=C(O)C(F)(F)F
CHEMBL1881036,Cc1ccc(Cn2nnc3c(=O)n(CC(=O)N4CCCCC4)cnc32)cc1
CHEMBL1881037,CNc1c(NS(=O)(=O)c2cc(OC)ccc2OC)c(=O)oc2ccccc12
CHEMBL1881038,COc1ccc(-c2noc(CCC(=O)NCc3ccc(OC)cc3OC)n2)cc1
CHEMBL1881039,O=C1NC2=C(C(=O)CCC2)C(c2ccccc2Cl)N1
CHEMBL1881040,Cl.OCCNCc1cccc2ccccc12
CHEMBL1881041,Cc1ccc(Cl)cc1-c1cc(C(=O)NCc2ccc(C(F)(F)F)cc2)[nH]n1
CHEMBL1881042,Cc1ccc(NC(=O)CN(C)C(=O)c2ccc(NC(=O)CC3SC(N4CCCC4)=NC3=O)cc2)cc1
CHEMBL1881043,COc1cc(NC(=O)c2cc(-c3ccco3)on2)cc(OC)c1OC
CHEMBL1881044,Cc1ccccc1-c1cc2nc(Nc3ccc(F)cc3)n(C)c(=O)c2s1
CHEMBL1881045,COc1cccc(CC2(CO)CCN(Cc3cccn3-c3cccnc3)CC2)c1
CHEMBL1881047,CC(C)CNc1ncnc2c1ncn2[C@H]1CN(Cc2cccs2)C[C@@H](CO)O1
CHEMBL1881048,CC(=O)Nc1cccc(/C(C)=N/NC(=O)c2cccc(S(=O)(=O)N3CCCC3)c2)c1
CHEMBL1881049,CCN1CCN(S(=O)(=O)c2ccc(Cl)c(C(=O)N(CC(C)C)C3CCS(=O)(=O)C3)c2)CC1
CHEMBL1881050,O=S(=O)(Nc1ccc2c3c(cccc13)CC2)c1ccccc1
CHEMBL1881051,CC(C)(C)C(=O)Nc1ccc(F)cc1[N+](=O)[O-]
CHEMBL1881052,Cc1c(NS(=O)(=O)c2cccc(C(=O)OCC(=O)c3ccc(Cl)cc3)c2)c(=O)n(-c2ccccc2)n1C
CHEMBL1881053,CCCC(=O)O[C@]1(C(=O)COC(C)=O)CC[C@H]2C3C[C@H](F)C4=CC(=O)C=CC4(C)[C@@]3(F)[C@@H](O)CC21C
CHEMBL1881054,Nc1cc(O)nc(SCC(=O)Nc2cc(S(=O)(=O)N3CCCCC3)ccc2Cl)n1
CHEMBL1881055,Cn1ccc2c(-c3cccc4ccccc34)cc3c(c21)C1CCC3O1
CHEMBL1881056,O=C(Nc1ccc(S(=O)(=O)NC2=NCCCCC2)cc1)c1cccc(OC(F)F)c1
CHEMBL1881057,CCN(CCO)c1ccc(Nc2cc(-c3ccc(-c4ccccc4)cc3)ncn2)cc1
CHEMBL1881058,O=C(NCC(=O)N1CC=C(c2ccccc2)CC1)c1ccc(F)cc1
CHEMBL1881059,Fc1ccccc1N=C(S)N1CCCCC1
CHEMBL1881060,O=c1c2ccccc2nc(-c2ccccc2)n1-c1ccccn1
CHEMBL1881061,COc1cccc(C(C(=O)NC2CCCCC2)N(C(=O)CNC(=O)c2ccco2)c2cccnc2)c1
CHEMBL1881062,COc1ccc(NC(=O)Nc2cccc3c2O[C@H](CN(C)Cc2ccc(-c4ccccc4)cc2)[C@@H](C)CN([C@H](C)CO)C3=O)cc1
CHEMBL1881063,CC(=O)C1C(c2ccc([N+](=O)[O-])cc2)c2c(noc2C)CC1(C)O
CHEMBL1881064,Cc1sc2ncn(CC(=O)N3CCN(c4ccccc4)CC3)c(=O)c2c1S(=O)(=O)N1CCN(c2ncccn2)CC1
CHEMBL1881065,O=C(COc1ccc(S(=O)(=O)N2CCCCC2)cc1)NCc1ccccn1
CHEMBL1881067,CCNC(=O)CN(c1ccc(OC)c(OC)c1)S(=O)(=O)c1ccccc1
CHEMBL1881068,CC(C)(O)C1C2OC(=O)C1C1(O)CC3OC34C(=O)OC2C14C
CHEMBL1881069,CC(C)CC1C(=O)N(Cc2cn(Cc3ccco3)nn2)CCS(=O)(=O)N1Cc1ccc(-c2ccncc2)cc1
CHEMBL1881070,Cc1cc(NC(=O)CSc2nnc(NCc3ccccc3)s2)no1
CHEMBL1881071,CCCNC(=O)c1onc(CSc2ccc(F)cc2)c1C(=O)NC(C)C
CHEMBL1881072,CC(C)COc1ccc(C(=O)NNC(=O)c2ccc(O)nc2)cc1
CHEMBL1881073,CN1C(=O)C2C[C@@]3(Br)c4ccccc4N(OOSc4ccccc4)[C@H]3N2C(=O)[C@@H]1Cc1ccccc1
CHEMBL1881074,CCOC(=O)c1c(C)[nH]c(C)c1C(=O)COC(=O)c1sccc1C
CHEMBL1881075,COC(c1ccccc1)c1nnc(CCC(=O)N2CCN(CCOc3ccccc3)CC2)o1
CHEMBL1881076,COc1ccc(C(C(=O)NC(C)(C)C)N(C(=O)Cn2nnc3ccccc32)c2cccc(C(C)=O)c2)cc1O
CHEMBL1881077,CN(C(=O)c1cccc(NC(=O)Cc2cccc(NC(=O)C3CCN(C(=O)C4CCCC4)CC3)c2)c1)C1CC1
CHEMBL1881078,CCn1cc(C(=O)N[C@@H](CCSC)C(=O)NCCOC)c(=O)c2cc3c(cc21)OCO3
CHEMBL1881079,COc1ccc2c(CN3CCN(c4ccccc4F)CC3)cc(=O)oc2c1
CHEMBL1881081,Cc1ccc([C@@H]2[C@@H]3C(=O)N(c4ccccc4)C(=O)[C@@H]3[C@]3(C)C(=O)N(Cc4ccccn4)CC(=O)N23)o1
CHEMBL1881082,CN(C(=O)CSc1nc2ccccc2n1CC(=O)N(C)C1CCCCC1)c1ccc(F)cc1
CHEMBL1881083,CCOC1=C(C#N)CC2(CC1)c1ccccc1-c1ccccc12
CHEMBL1881084,O=C1NC[C@H](Cc2ccccc2)N(CC2CCN(CCC3CCCC3)CC2)C1=O
CHEMBL1881085,Nn1c(SCC(=O)Nc2ccc3c(c2)CCC3)nnc1C1CC1
CHEMBL1881086,Cc1cc(NC(=O)COC(=O)c2ccccc2OCCOc2ccccc2)ccc1Br
CHEMBL1881087,CC(=O)Nc1cc2c3c(c1)CCN3C(=O)CC2
CHEMBL1881088,O=C(O)c1ccc(Cn2cnc3c(O)ncnc32)cc1
CHEMBL1881089,Cc1ccccc1NS(=O)(=O)c1nnc(NC(=O)C(C)C)s1
CHEMBL1881090,O=C(Nc1ccccc1Br)c1cnn2c1NC(=C1CC1)C=C2C(F)F
CHEMBL1881091,O=C(CN=C(S)N(Cc1ccc(F)cc1)C1CCCCC1)NCC1CCCO1
CHEMBL1881092,COc1cccc(C2=NOC(C(=O)NC(C)(C)C)C2)c1
CHEMBL1881093,O=C(CNC(=O)c1ccc(Br)cc1)NCc1cccnc1
CHEMBL1881094,CCC(=O)N1CC(=O)Nc2ccc(Br)cc2C1c1ccccc1
CHEMBL1881095,Fc1ccc(-c2nc3ccc(Br)cn3c2Cc2cccc(F)c2)cc1
CHEMBL1881096,Cc1ccc(NC(=O)Cc2coc3ccc(C(C)C)cc23)c(C)c1
CHEMBL1881097,OC(COCc1ccccc1)COCc1ccccc1
CHEMBL1881098,Cc1cccc(N2CCN(C(=O)c3ccc(Cl)c(NC4=NC5CS(=O)(=O)CC5S4)c3)CC2C)c1
CHEMBL1881099,CCOc1cc2[nH]c(=S)n(CCCN3CCN(C)CC3)c(=O)c2cc1OCC
CHEMBL1881100,CCOC(=O)C1=CCC(c2ccccc2C(F)(F)F)N(S(=O)(=O)c2ccc(C)cc2)C1
CHEMBL1881101,Cc1cc(-c2onc(C)c2C(=O)O)no1
CHEMBL1881102,Cc1ccc(-c2ccc(CN3C(CC(C)C)C(=O)N(Cc4cn(CCC5OCCCO5)nn4)CCS3(=O)=O)cc2)cc1
CHEMBL1881103,COC(CN(C)C(=O)C1CCC(CNS(=O)(=O)c2ccc(C)cc2)CC1)OC
CHEMBL1881104,Br.C=CC1CN2CCC1CC2C(O)c1ccnc2ccc(OC)cc12
CHEMBL1881105,C[C@@H]1CN([C@@H](C)CO)C(=O)c2c(c3ccccc3n2C)-c2ccccc2CO[C@H]1CN(C)C(=O)[C@H](C)c1ccccc1
CHEMBL1881106,CCOC(=O)c1c(C)n(C)c2ccc(O)cc12
CHEMBL1881107,O=C(COC(=O)c1ccccc1F)NC1CCCC1
CHEMBL1881108,O=C(NC(=S)N1CCCC1)c1ccc(Cl)cc1
CHEMBL1881109,O=C(Cc1ccccc1)NCCS(=O)(=O)N1CCN(c2cccc(Cl)c2)CC1
CHEMBL1881110,CC(=O)c1nn(-c2cccc(C)c2)cc1C(=O)c1cccc(Br)c1
CHEMBL1881111,Cn1ccc2c(N3CCCC3)cc3c(c21)C1CCC3C1
CHEMBL1881112,CC(C)C1COCCS(=O)(=O)N1Cc1ccccc1-c1ccccc1
CHEMBL1881113,N#CC(CCN1CCOCC1)(c1ccccc1)c1ccccc1
CHEMBL1881114,CCOC(=O)CN1C(=O)N[C@@H](c2ccccc2)[C@@H](C(=O)OC)[C@H]1C
CHEMBL1881115,O=C(O)CCC(=O)N1CCN(S(=O)(=O)c2ccc3ccccc3c2)CC1
CHEMBL1881116,Cc1cccc(NC(=O)C2CCCN(C(=O)Nc3ccc(F)cc3)C2)c1
CHEMBL1881117,CC1=C(C(=O)N2CCOCC2)CC(CC(=O)NC2CC2)C(=O)N1Cc1ccc(C(C)(C)C)cc1
CHEMBL1881118,COc1ccc(CCC(=O)NC2CCC(C)CC2)cc1
CHEMBL1881119,C#Cc1ccc(NC(=O)C2(C)CCN2C(=O)c2cc(C)n(C)n2)cc1
CHEMBL1881120,CC(=O)c1ccccc1[N+](=O)[O-]
CHEMBL1881121,CCOc1ccc(NC(=O)c2nnn(-c3ccc(F)c(Cl)c3)c2C)cc1
CHEMBL1881122,OCCN1c2ccccc2CCc2ccccc21
CHEMBL1881123,O=C(c1cccc(NS(=O)(=O)c2cccc(C(F)(F)F)c2)c1)N1CCOCC1
CHEMBL1881124,CCSc1nc2c([nH]c3ccccc32)c(=O)n1-c1ccc(F)cc1
CHEMBL1881125,O=C(Cn1nc(Cc2cccnc2)c2ccccc2c1=O)Nc1cccnc1Cl
CHEMBL1881126,Cc1ccc(S(=O)(=O)N2[C@@H](c3ccccc3)C(C(=O)O)=CC[C@H]2c2ccc(C(C)C)cc2)cc1
CHEMBL1881127,Cc1ccccc1NC(=O)CCCN1C(=O)C2CC=CCC2C1=O
CHEMBL1881128,Cc1ccc(C(=O)Nc2c(C)nc3ccccn3c2=O)cc1
CHEMBL1881129,Cc1ccc(N2CC(NC(=O)C3CC3)CC2=O)cc1C
CHEMBL1881130,Cc1cc(=O)oc2cc(OCC(=O)NC3CC(C)(C)NC(C)(C)C3)c(Cl)cc12
CHEMBL1881131,CCCCn1c(C)cc2c(c1=O)[C@H]1O[C@](CCCCN3C(=O)c4ccccc4C3=O)(Cc3ccccc31)O2
CHEMBL1881132,CC(=O)C1=C(c2ccccc2)NC(=O)NC1c1ccc(O)c(Cl)c1
CHEMBL1881133,COCCNc1nc(NCc2ccc(NC(C)=O)cc2)c2sc(-c3ccccc3)cc2n1
CHEMBL1881134,C=CCOC(=O)C1=C(C)NC(SCC(=O)N(CC)CC)=C(C#N)[C@@H]1c1ccccc1
CHEMBL1881135,CCCOC(=O)CCCC[C@H]1SC[C@@H](NC(=O)OC)[C@H]1NC(=O)OC
CHEMBL1881136,CCOC(=O)Cc1csc(NC(=O)CSc2nc(O)nc3c2CCC3)n1
CHEMBL1881137,COc1ccc2[nH]c(SCC(=O)NC3CCCCC3)nc2c1
CHEMBL1881138,CCOC(=O)c1cnc2c(cnn2C)c1OC(CCN)C(F)(F)F
CHEMBL1881139,CC1CC(=O)Nc2ccccc2N1C(=O)Nc1ccccc1
CHEMBL1881140,CCN(CC)CCN1CCN(c2cncc(-c3ccc4ccccc4c3)n2)CC1
CHEMBL1881141,O=C(NCc1cccc(F)c1)C1CCC(=O)N(C2CC2)C1
CHEMBL1881143,COc1ccccc1NC(=O)COC(=O)C1=NN(c2ccccc2)C(=O)CC1
CHEMBL1881144,O=C(Nc1ccc2nc(SCC(=O)N3CCOCC3)sc2c1)c1cccc(F)c1
CHEMBL1881145,CSCCC(NC(=O)c1ccccc1Cl)C(=O)N1CC(C)OC(C)C1
CHEMBL1881146,COc1ccc(CCNC(=O)C(=O)NCC(c2ccc3c(c2)OCO3)N2CCOCC2)cc1
CHEMBL1881147,CCC(=O)N1CCC(C(N)=O)(N2CCCCC2)CC1
CHEMBL1881148,O=C(N[C@H]1C/C=C\C[C@H](CC(=O)N(CCO)Cc2ccccc2)C(=O)N[C@@H](c2ccccc2)COC1=O)OCC1c2ccccc2-c2ccccc21
CHEMBL1881150,CCCCC1CCC(C(=O)N(C)CC(=O)Nc2cccc(OC)c2)CC1
CHEMBL1881151,CC(=O)Nc1ccccc1NC(=O)c1cc(C)ccc1C
CHEMBL1881152,Cc1ccc(CCNC(=O)C2CCN(S(=O)(=O)N3CCCCC3)CC2)cc1
CHEMBL1881153,COc1ccccc1NS(=O)(=O)c1cccc(NC(S)=NCCN2CCOCC2)c1
CHEMBL1881154,Cn1ccc2c(N3CCCC3)cc3c(c21)C1CCC3O1
CHEMBL1881155,O=C(C[C@@H]1C/C=C\C[C@@H](Cc2ccc(F)cc2)C(=O)OC[C@@H](Cc2c[nH]c3ccccc23)NC1=O)NCCO
CHEMBL1881156,N#CC(=Nc1ccccc1)c1ccccc1
CHEMBL1881157,COCCNC(=O)C(=O)c1c(-c2ccccc2)[nH]c2ccccc12
CHEMBL1881158,O=C(CCSCc1ccccc1Cl)NCCc1ccccc1
CHEMBL1881159,COCCn1c(SCC(=O)Nc2cccnc2Cl)nc2ccccc21
CHEMBL1881160,Cc1ccc(CNCCCn2cnc(C(=O)Nc3ccc(C)c(C)c3)n2)o1
CHEMBL1881161,Oc1ccc2c(c1)c1ccccc1c1ncccc21
CHEMBL1881162,CCc1nc2c(OCc3ccc(F)cc3)cccn2c1N(C)C(=O)COc1ccccc1
CHEMBL1881163,COc1cccc(Nc2ccc(-n3ccnc3)nn2)c1
CHEMBL1881164,CCCC1(CCC)NC(=O)N(CC(=O)Nc2ccccc2OC)C1=O
CHEMBL1881165,COc1ccc(-c2nnc(SCC(=O)N3CCC(C)CC3)[nH]2)cc1
CHEMBL1881166,CCn1c(CCC(=O)Nc2ccccc2F)nnc1SCC(=O)Nc1ccc(OC)cc1
CHEMBL1881167,CCOc1ccc(CCNC(=O)COC(=O)COc2ccc(C(=O)CC)cc2)cc1OCC
CHEMBL1881168,O=[N+]([O-])c1cccc(C=NN=Cc2ccccc2O)c1
CHEMBL1881169,CCc1nn2c(=O)c(S(=O)(=O)Nc3ccc(Br)cc3F)c(C)nc2s1
CHEMBL1881170,O=Cc1ccc(C(=O)OCC(=O)NCc2ccco2)cc1
CHEMBL1881171,COc1cc(C(=O)NCC(=O)OCCN2C(=O)c3ccccc3C2=O)cc(OC)c1OC
CHEMBL1881172,CN(C)c1ccc(-c2cc(NC=O)c3ncc(-c4ccc(F)c(Cl)c4)n3c2)cc1
CHEMBL1881173,Cc1cc(C(=O)NC2CCCCCC2)c2ccccc2n1
CHEMBL1881174,Cc1ccc(C(=O)N2CCc3cc(CNC(=O)c4ccnn4C)ccc32)cc1
CHEMBL1881175,CC1CCN(S(=O)(=O)c2ccc3c(c2)N(CC(=O)O)C(=O)CO3)CC1
CHEMBL1881176,COc1nccnc1NS(=O)(=O)c1ccc(NCc2ccccc2O)cc1
CHEMBL1881177,CCO[C@H]1OC(C(=O)O)=C[C@@H](C(C)(C)C)[C@@H]1CCCO
CHEMBL1881178,CN(C(=O)COC(=O)c1ccc2ccccc2n1)C1CCCCC1
CHEMBL1881179,COc1cc(/C=N/NC(=O)c2nnn(-c3nonc3N)c2C)ccc1OCc1ccc(Cl)cc1
CHEMBL1881181,c1ccc2sc(Cc3nnc4n3CCCCC4)nc2c1
CHEMBL1881182,CS(=O)(=O)N(CC(=O)N1CCc2ccccc2C1)c1ccc(Cl)cc1F
CHEMBL1881183,CC(C)C(NC(=O)c1ccccc1NC(=O)C(C)(C)C)C(=O)N1CCOCC1
CHEMBL1881184,O=C1N[C@@H](Cc2ccccc2)C(=O)N2[C@@H]1C[C@@]1(Br)c3ccccc3N(S(=O)(=O)c3ccccc3)[C@@H]21
CHEMBL1881185,CC(=O)Nc1ccc(S(=O)(=O)NCC(=O)Nc2ccc3c(c2)OCO3)cc1
CHEMBL1881186,CCc1ccc(NC(=O)C2CCN(c3cc(C)nc4c(-c5ccc(Cl)cc5)c(C)nn34)CC2)cc1
CHEMBL1881187,CC1CCCC(O)(C(C(=O)O)c2ccccc2)C1
CHEMBL1881188,COc1ccc(C(=O)NCC2CCCCC2)cc1S(=O)(=O)N1CCCC1
CHEMBL1881189,Cc1cc(C)c2oc(C(=O)Nc3c(C)n(C)n(-c4ccccc4)c3=O)cc(=O)c2c1
CHEMBL1881190,CCn1c(=O)c(C(=O)CC#N)c(N)n(Cc2ccccc2)c1=O
CHEMBL1881191,COc1cccc(C(c2nnnn2-c2ccc3c(c2)OCCO3)N2CCC3(CC2)C(=O)NCN3c2ccccc2)c1OC
CHEMBL1881192,CC(=O)COc1coc(CN2CCN(c3ccc(F)cc3)CC2)cc1=O
CHEMBL1881193,COc1cccc(NC(=O)N2CCCC2C(=O)Nc2cc(C)ccc2OC)c1
CHEMBL1881194,CNc1cnn(-c2cccc(C(F)(F)F)c2)c(=O)c1Cl
CHEMBL1881195,COCCNC(=O)C(c1cccnc1)N(Cc1ccc(C)cc1)C(=O)Cn1nnc2ccccc21
CHEMBL1881196,CC(C)Cn1cnc2c1c(=O)n(CC(=O)NN)c(=O)n2Cc1ccccc1
CHEMBL1881197,Cc1ccc(N2CC(C(=O)Nc3ccccc3C(=O)N3CCOCC3)CC2=O)cc1
CHEMBL1881198,Cc1cc(Br)ccc1S(=O)(=O)n1ccnc1C
CHEMBL1881199,O=C(CCCn1c(=O)oc2ccccc21)NNC(=O)COc1ccc(F)cc1
CHEMBL1881200,C=CCOC(=O)N[C@H](c1ccccc1)C(C(C)=O)C(C)=O
CHEMBL1881201,O=C(O)Cn1c(SCCOc2ccccc2)nc2ccccc21
CHEMBL1881202,COc1ccc(Cl)cc1NC(=O)[C@@H]1CCCN1C(=O)c1cccs1
CHEMBL1881203,COc1cc(-c2coc3cc(OC)c(OC)c(OC)c3c2=O)cc(OC)c1OC
CHEMBL1881204,COc1ccc(-c2ccc(CN3C(C(C)C)C(=O)N(Cc4cn(CC5CCCCC5)nn4)CCS3(=O)=O)cc2)cc1OC
CHEMBL1881205,CN1CCN(C(=O)C2CCN(S(=O)(=O)c3ccc4c(c3)oc(=O)n4C)CC2)CC1
CHEMBL1881206,O=C(CCNS(=O)(=O)c1ccc(F)c(F)c1)NCCN1CCOCC1
CHEMBL1881207,Cc1onc(-c2c(F)cccc2Cl)c1C(=O)N(C)CCc1ccccn1
CHEMBL1881209,O=C(NC1CCCC1)C1CCC(=O)N1CCc1ccccc1
CHEMBL1881210,O=C(C=Cc1ccccc1)c1cccs1
CHEMBL1881211,CC(C)OCCCNC(=O)CCCn1c(SCC(=O)c2ccc(F)cc2)nc2c(sc3ccccc32)c1=O
CHEMBL1881212,O=C(COc1ccccc1[N+](=O)[O-])OCC(=O)c1ccc(Br)s1
CHEMBL1881213,CC(NC(=O)C(=O)c1cn(CC(=O)N2CCCC2)c2ccccc12)c1ccccc1
CHEMBL1881214,O=C(CCS(=O)(=O)c1ccccc1)NNC(=O)CSc1ccccc1F
CHEMBL1881215,Cc1c(C(=O)N2CCOCC2)c(S(=O)(=O)N2CCN(c3ccc(Cl)cc3)CC2)c(C)n1C
CHEMBL1881216,Cc1cc(Br)ccc1NC(=O)c1cc2c(=O)n(C)c3cc(Cl)ccc3c2s1
CHEMBL1881217,CSc1ccc(C2(O)Cc3cccc[n+]3C2c2ccccc2)cc1.[Br-]
CHEMBL1881218,NC1=NC[C@@H](Cc2ccc(O)cc2)N1CCc1cccc(F)c1
CHEMBL1881219,CC(=O)Nc1ccc(NC(=O)CCC(=O)Oc2ccc(C)cc2)cc1
CHEMBL1881220,COc1ccc(S(N)(=O)=O)cc1-c1nnc2c3ccccc3c(C)nn12
CHEMBL1881221,COc1ccccc1N(CC1CO1)S(=O)(=O)c1ccc(C)cc1
CHEMBL1881222,CCC(NC(=O)c1ccccc1NC(=O)C(C)(C)C)C(=O)N1CC(C)OC(C)C1
CHEMBL1881223,CN(Cc1cc(Cl)cc(Cl)c1)[C@H]1C[C@H]2c3[nH]c4ccccc4c3CCN2C(=O)[C@H]1CO
CHEMBL1881224,Cc1cc(C)cc(Cn2c3ccc(NC(=O)NCCc4cccs4)cc3c(=O)n2C)c1
CHEMBL1881225,CC(=O)Nc1cc(-c2cccc(NS(C)(=O)=O)c2)cn2c(-c3cccc(C(F)(F)F)c3)cnc12
CHEMBL2144233,CC(C)(OOC1(c2ccccc2)NC(=O)c2ccccc21)c1ccccc1
CHEMBL2144234,C[C@H]1CN([C@@H](C)CO)C(=O)Cc2cc(NS(=O)(=O)c3ccc(Cl)cc3)ccc2O[C@H]1CN(C)Cc1ccccc1
CHEMBL2144235,COc1ccc(CNC(=O)c2ccc(-c3nc(CSc4ccc(C)cc4)c(C)o3)cc2)c(OC)c1
CHEMBL2144236,CC(C)C1C(=O)N(Cc2cn(CCC3OCCO3)nn2)CCS(=O)(=O)N1Cc1ccc(-c2cccc(N(C)C)c2)cc1
CHEMBL2144237,O=C(C[C@@H]1C/C=C/CC[C@H](Cc2ccc(F)cc2)C(=O)O[C@H](c2ccccc2)CNC1=O)NCCO
CHEMBL2144238,C[C@@H]1CN([C@H](C)CO)C(=O)c2cccc(NC(=O)Nc3ccc(C(F)(F)F)cc3)c2O[C@@H]1CN(C)C(=O)NC1CCCCC1
CHEMBL2144240,CC(C)CN1CCC(=O)NC1=S
CHEMBL2144241,COc1ccc2c(c1)C(CC(C)=O)N(c1ccc(-c3cnc(OC)nc3)cc1)C(c1ccsc1)=C2
CHEMBL2144242,CCOC(=O)[C@]12Cc3cc(C)ccc3[C@H]1N(C1CCCCC1)C(=O)c1cc(OC)ccc12
CHEMBL2144243,Cc1cc2nc(-c3ccccc3)c(Cc3cccc(Cl)c3)n2c(C)c1Br
CHEMBL2144244,C[C@@H]1CN([C@H](C)CO)S(=O)(=O)c2ccc(-c3cccc(C(=O)N(C)C)c3)cc2O[C@H]1CN(C)C(=O)Nc1ccc(F)cc1
CHEMBL2144245,O=C(CSc1ccc(F)cc1)N1CCOCC1
CHEMBL2144246,N#Cc1cnn2c(NC3CCCCC3)c(-c3ccccc3F)[nH]c12
CHEMBL2144247,CCCCNC(=O)C1C(c2ccc(C(F)(F)F)cc2)=Nc2ccccc2N1C(=O)c1ccc2[nH]c(C)nc2c1
CHEMBL2144248,O=C(NC1CC1)c1nc(C(F)(F)F)[nH]c1-c1ccccc1
CHEMBL2144249,Cc1occc1C(=O)Nc1cccc(-c2nc(CNC(=O)c3ccc4ccccc4n3)c(C)o2)c1
CHEMBL2144250,COc1cc(OC)cc(C2=Cc3ccc(OC)cc3C(CC(C)=O)N2c2ccc(C#CC3(O)CCCCC3)cc2)c1
CHEMBL2144251,COc1ccc([C@@H]2C[C@H]3[C@@H](CN2S(=O)(=O)c2ccccc2)C(=O)C[C@@H](c2ccccc2F)N3S(=O)(=O)c2ccc(C)cc2)cc1
CHEMBL2144252,CC[C@]12c3[nH]c4ccc(OC)cc4c3CCN1C(=O)C(CC(=O)NCc1ccc(OC)c(OC)c1)C[C@@H]2C(=O)N1CCN(C(=O)C2CC2)CC1
CHEMBL2144253,CCCCN1C(=O)C(CC(=O)NCCCN(C)C)CC(C(=O)N2CCOCC2)=C1C
CHEMBL2144254,CCOc1ccc(NC(=O)CCC(=O)N2CC(C)Oc3ccc(C)cc32)cc1
CHEMBL2144255,CCCc1c(-c2cccc(Cl)c2)ncn1CCc1ccccc1OC.O=C(O)C(F)(F)F
CHEMBL2144256,N#Cc1cccc(NC(=O)c2cc(C3CCCCN3C(=O)CCc3ccccc3)on2)c1
CHEMBL2144257,Cc1ccc(S(=O)(=O)N2CCOCC2)cc1NC(=O)COC(=O)/C=C/c1ccc(F)cc1
CHEMBL2144258,COc1cccc(-c2c[nH]c(C(O)c3ccc(F)cc3)n2)c1
CHEMBL2144259,COc1ccc(CCN2CC(C(=O)Nc3nccs3)CC2=O)cc1OC
CHEMBL2144260,Cc1ccc2c(c1)N(C(=O)CCC(=O)NCc1cccc(F)c1)CC(C)O2
CHEMBL2144261,COc1cccc(CNC(=O)c2c(OC)cc(=O)n3c2CCN(C(=O)C2=C(C)OCCO2)CC3)c1
CHEMBL2144262,CC(=O)c1ccc(OCC(=O)NC(=O)NC2CCCC2)cc1
CHEMBL2144263,Cc1cc(C(=O)NNC(=O)Cc2ccc(Cl)cc2)c(C)o1
CHEMBL2144264,COc1ccc(NC(=O)N(C)C[C@@H]2Oc3ncc(Br)cc3C(=O)N([C@@H](C)CO)C[C@@H]2C)cc1
CHEMBL2144265,CC(CCNC(=O)c1ccccc1)(CCNC(=O)c1ccccc1)[N+](=O)[O-]
CHEMBL2144266,CCOC(=O)[C@]12CCC=C1N(Cc1cccc3ccccc13)C(=O)[C@H](CC(=O)NCc1ccc(OC)c(OC)c1)C2
CHEMBL2144267,COc1ccc(CNC(=O)c2cccc3c(-c4cccc(C(N)=O)c4)coc23)cc1OC
CHEMBL2144268,COC(=O)[C@@]12C[C@@H](CC(=O)NCCCCc3ccccc3)C(=O)N(Cc3ccc4c(c3)OCO4)C1=CCC(C)(C)C2
CHEMBL2144269,C[C@H](CO)N1C[C@H](C)[C@@H](CN(C)C)Oc2c(NS(=O)(=O)c3cn(C)cn3)cccc2C1=O
CHEMBL2144270,NC(CCc1ccccc1)c1csc(Nc2ccc(C(=O)NCCO)cc2)n1
CHEMBL2144271,CCCCCNC(=O)C(c1ccncc1)n1c(=O)c(-c2cc3ccccc3[nH]2)nc2ccccc21
CHEMBL2144272,COc1cc(OC)cc(N2CCN(C(=S)Nc3cc(C)cc(C)n3)CC2)c1
CHEMBL2144273,CC(O)C(NS(=O)(=O)c1ccc(Cl)cc1)C(=O)OCC(=O)c1ccc2c(c1)NC(=O)CO2
CHEMBL2144274,CC(C)(C)c1ccc(C(=O)OCc2c(-c3ccccc3)ncc3ccccc23)cc1
CHEMBL2144275,O=C(NCc1ccc(F)cc1)C1CCCN1S(=O)(=O)c1ccc(F)cc1
CHEMBL2144276,O=C1NC[C@H](CCCCN2CCN(CC3CCCCC3)C(=O)C2=O)N(CC2CCCCC2)C1=O
CHEMBL2144277,C[C@@H]1CCCCO[C@@H](CN(C)S(=O)(=O)c2cn(C)cn2)[C@@H](C)CN([C@H](C)CO)C(=O)c2cc(NC(=O)Nc3ccc(C(F)(F)F)cc3)ccc2O1
CHEMBL2144278,CCOC(=O)N1CCN(C(=O)C[C@@H]2C[C@@]3(C(=O)OC)CCCCC=C3N(CCC3=CCCCC3)C2=O)CC1
CHEMBL2144279,COc1ccc(Cl)cc1Cn1c(C)c(C(=O)NCc2ccccc2C(F)(F)F)sc1=O
CHEMBL2144280,C/C(N)=C(/C#N)C(=O)COC(=O)[C@@H](NC(=O)c1ccccc1Cl)C(C)C
CHEMBL2144281,Cc1ncccc1C(=O)N1CCCC(c2cc(C(=O)Nc3ccc(C(C)(C)C)cc3)no2)C1
CHEMBL2144282,N#Cc1ccccc1S(=O)(=O)N1CCN(Cc2cc3c(cc2Br)OCCO3)CC1
CHEMBL2144283,Cc1ccc(NS(=O)(=O)c2ccc(C)c(NC(=O)c3ccc(S(=O)(=O)N4CCCCCC4)cc3)c2)c(C)c1
CHEMBL2144284,Cc1cccc(S(=O)(=O)NC(Cc2c[nH]c3ccccc23)C(=O)O)c1
CHEMBL2144285,CCc1ccccc1NC(=O)C1CCCC1
CHEMBL2144286,Cc1nc(C(=O)N2CCCC(N3CCN(c4ccc(F)cc4)CC3)C2)cs1
CHEMBL2144287,COC(=O)C1=C(c2ccc3ccccc3c2)C[C@@H]2CC[C@H]1N2C(=O)NCCO
CHEMBL2144288,CC1=C(C(=O)N2CCOCC2)CC(CC(=O)NCc2ccco2)C(=O)N1Cc1ccc(F)cc1
CHEMBL2144289,Cc1ncoc1C(=O)NC1CCCc2c1cnn2-c1cc(F)cc(F)c1
CHEMBL2144290,COc1ccc(C(C(=O)Nc2ccc3c(c2)OCCO3)n2c(=O)c(-c3ccco3)nc3ccccc32)cc1
CHEMBL2144291,Cc1nc2ccccc2c(=O)n1-c1ccc(NC(=O)c2ccccc2[N+](=O)[O-])cc1
CHEMBL2144292,COc1ccc(C(C)C)cc1-c1cncc(NC(C)=O)n1
CHEMBL2144293,COc1cccc(NC(=O)N2CCC(NC(=O)C3CCCCC3)CC2)c1
CHEMBL2144294,C[C@@H]1CN([C@H](C)CO)C(=O)Cc2cc(NS(=O)(=O)c3ccccc3)ccc2O[C@@H]1CN(C)Cc1ccc(C(=O)Nc2ccccc2N)cc1
CHEMBL2144295,CC1=C(C(=O)N(C(C)C)C(C)C)CC(CC(=O)NCc2ccco2)C(=O)N1Cc1ccc(F)cc1
CHEMBL2144296,Cc1nc(NCc2cccc3c2OCO3)sc1-c1ccn(CC2CCCN(C)C2)n1
CHEMBL2144297,O=C(O)C(Cc1ccc(OS(=O)(=O)Cc2ccccc2)cc1)NS(=O)(=O)Cc1ccccc1
CHEMBL2144298,O=C(NCc1ccccc1)C(c1ccc(F)cc1)N1CCN(c2ccccc2F)CC1
CHEMBL2144299,Nc1cc(N)cc(C(=O)c2ccccc2)c1
CHEMBL2144300,CCOc1ccc(CCN2C(=O)C(=O)N([C@@H](Cc3ccccc3)CN3CCC[C@H]3CN3C(=O)C(=O)NC[C@@H]3Cc3ccc(O)cc3)C[C@@H]2CC(C)C)cc1
CHEMBL2144301,CC(C)NC(=O)CC1(C(=O)NCc2ccc(Cl)cc2)CCCC1
CHEMBL2144302,O=C(N1CCN(S(=O)(=O)c2ccc(Cl)cc2)CC1)n1ccnc1
CHEMBL2144303,COc1ccc(NC(=O)N2CCC(n3c(C)nc4cccnc43)CC2)cc1OC
CHEMBL2144304,CCC(Oc1cc(Cl)ccc1Cl)C(=O)N1CCCN(C)CC1
CHEMBL2144305,C[C@H]1O[C@@H](O[C@H]2CC[C@@]3(C)C(CC[C@]4(C)C3C=CC3=C5CC(C)(C)CC[C@]5(CO)[C@H](O)C[C@]34C)[C@]2(C)CO)[C@H](O)[C@@H](O[C@@H]2O[C@H](CO)[C@@H](O)[C@H](O)[C@H]2O)[C@H]1O
CHEMBL2144306,C[C@@H]1CN([C@H](C)CO)S(=O)(=O)c2ccc(-c3cccc(C#N)c3)cc2O[C@H]1CN(C)C(=O)Nc1cc(F)ccc1F
CHEMBL2144307,COc1ccccc1C(=O)Nc1cccc(N2CCC(NCc3cnn(-c4ccccc4)n3)CC2)c1
CHEMBL2144308,CC(=O)Nc1cccc(-c2ccnc3c2CC(C(=O)NCc2ccncc2)O3)c1
CHEMBL2144309,Cc1ccc(NC(=O)CN(C)C(=O)C2CSC3(C)CCC(=O)N23)cc1
CHEMBL2144310,C/C=C/c1ccc2c(c1)O[C@H](CN(C)C(=O)Nc1cccc(F)c1)[C@H](C)CN([C@@H](C)CO)S2(=O)=O
CHEMBL2144311,O=C(O)c1ccccc1C(=O)OCC1CCC(=NO)CC1
CHEMBL2144312,CC(C)(C)n1nnnc1C(c1ccccc1)N1CCC2(CC1)C(=O)NCN2c1ccccc1
CHEMBL2144313,CNc1cccc(-c2cccc(O)c2)n1
CHEMBL2144314,CC(=O)NC(c1cccc(F)c1)c1nc(-c2cccc(F)c2)cs1
CHEMBL2144315,CN1CCN(C(=O)C2=C[C@H](c3ccc(C(F)(F)F)cc3)C[C@H](OCCCCO)O2)CC1
CHEMBL2144316,COc1ccc(C2(c3cccc(O)c3OC)CCN(C(C)=O)CC2)cc1O
CHEMBL2144317,CN1C(=O)c2cc(NC(=O)c3ccc(C(F)(F)F)cc3)ccc2OC[C@@H]2O[C@@H](CC(=O)NCc3ccc4c(c3)OCO4)CC[C@@H]21
CHEMBL2144318,O=C(O)Cn1cnc2scc(-c3ccccc3)c2c1=O
CHEMBL2144319,O=C(NCCc1ccccc1)c1cccc(S(=O)(=O)NCc2ccccc2)c1
CHEMBL2144320,COc1ccccc1C(O)c1nc(-c2cccc3ccccc23)c[nH]1
CHEMBL2144321,COc1ccccc1C#Cc1ccc2c(c1)O[C@@H](CN(C)Cc1cccnc1)[C@@H](C)CN([C@H](C)CO)S2(=O)=O
CHEMBL2144322,O=C(Nc1cc(C(F)(F)F)ccc1-n1cncn1)c1cn2ccccc2n1
CHEMBL2144323,CC1CCC2(CC1)NC(=O)N(CC(=O)Nc1cccc(S(=O)(=O)N(C)c3ccccc3)c1)C2=O
CHEMBL2144324,C[C@@H]1CN([C@@H](C)CO)C(=O)Cc2cc(NC(=O)Nc3ccc(C(F)(F)F)cc3)ccc2O[C@@H]1CN(C)S(=O)(=O)c1cccs1
CHEMBL2144325,Cc1cccc(CNC(=O)c2cnn(-c3nccc(-c4cccs4)n3)c2C(C)C)n1
CHEMBL2144326,C[C@@H]1CN([C@@H](C)CO)C(=O)CCCn2nncc2CO[C@H]1CN(C)S(=O)(=O)c1cccs1
CHEMBL2144327,O=C(c1cccnc1)C1CCCN(Cc2ccc3c(c2)CN(C(=O)c2cn4ccccc4n2)CCO3)C1
CHEMBL2144328,C[C@@H]1CN([C@H](C)CO)C(=O)CCCn2nncc2CO[C@@H]1CN(C)S(=O)(=O)c1ccc(Oc2ccccc2)cc1
CHEMBL2144329,C[C@@H]1CN([C@@H](C)CO)C(=O)c2cc(Br)cnc2O[C@H]1CN(C)C(=O)Cc1cccnc1
CHEMBL2144330,c1ccc2c(-c3ccc4nncn4c3)cncc2c1
CHEMBL2144331,CCOc1ccc2nc(S(=O)(=O)NC(=O)C3(C)CCN3C(=O)c3cc(C)n(C)n3)sc2c1
CHEMBL2144332,CCCCc1c(-c2ccccc2OC)ncn1CCc1ccccc1Cl.O=C(O)C(F)(F)F
CHEMBL2144333,Cc1cccc(C)c1NC(=O)C(c1ccncc1)n1c(=O)c(-c2cc3ccccc3[nH]2)nc2ccccc21
CHEMBL2144334,CCOC(=O)[C@]12CCCC=C1N(Cc1ccc3c(c1)OCO3)C(=O)[C@H](CC(=O)NCC1CCCCC1)C2
CHEMBL2144335,C#CCN(C[C@@H]1[C@@H](OC(=O)NCC2CCCCC2)[C@@H](OC(=O)NCC2CCCCC2)CN(C(=O)OC(C)C)N1C(=O)OC(C)C)S(=O)(=O)c1ccc(C)cc1
CHEMBL2144336,CC(C)=C(c1ccc(Cl)cc1)c1c(N)ncnc1N
CHEMBL2144337,CCCCC[C@@H](C)N1C[C@H](COCc2ccccc2)Oc2cc(N3CCC[C@H]3COC)ccc2S1(=O)=O
CHEMBL2144338,C[C@@]12CCC3[C@@](CCC4[C@@]3(C)CCC[C@@]4(C)C(=O)NC3CCCCC3)(CC1=O)C2
CHEMBL2144339,COc1ccccc1-c1ncn(Cc2cccc(-c3ccccc3)c2)c1CC(C)C.O=C(O)C(F)(F)F
CHEMBL2144340,O=c1[nH]c2ccc(Br)cc2c(=O)o1
CHEMBL2144341,COc1ccc(OC)c(S(=O)(=O)NCCc2sc(-c3cccnc3)nc2C)c1
CHEMBL2144342,CCCN(CC1CC1)C(=S)NC(=O)c1ccccc1C
CHEMBL2144343,Cc1cccc(N(CC(=O)Nc2cccc(Cl)c2C)S(C)(=O)=O)c1C
CHEMBL2144344,CCn1c(CC(=O)Nc2ccccc2)nnc1SCc1nc(O)c2ccccc2n1
CHEMBL2144345,c1ccc(CSc2nnc(C3CCCCC3)o2)cc1
CHEMBL2144346,COc1ccccc1N=NNc1ccc(S(=O)(=O)NC(C)=O)cc1
CHEMBL2144347,CCOc1ccc(C(=O)NNC(=O)C2CC(=O)N(c3ccc(C)cc3)C2)cc1
CHEMBL2144348,CCOC(=O)C1=C(C)N(C[C@@H]2CC[C@@H](Cc3ccc(-c4ccccc4)cc3)O2)C(=O)NC1c1cccc2ccccc12
CHEMBL2144349,Cc1c(-c2ccccc2)c(=O)oc2ccc(OC(=O)N3CCOCC3)cc12
CHEMBL2144350,CC(=O)c1ccc(S(=O)(=O)Nc2ccc(-n3c(C)nc4ccccc4c3=O)cc2)cc1
CHEMBL2144351,O=C(Cc1ccc(NC(=O)C2CCN(C(=O)C3CC3)CC2)cc1)Nc1cccc(C(=O)N2CCCC2)c1
CHEMBL2144352,COCCn1c(SCC(=O)NC(C)c2ccc(F)cc2)nc2ccccc21
CHEMBL2144353,Cc1ccccc1C(=O)OCC(=O)Nc1cccc(S(=O)(=O)N2CCCCC2)c1
CHEMBL2144354,Nc1[nH]c(C(=O)c2ccccc2)c(-c2ccccc2C(F)(F)F)c1C(=O)c1cccs1
CHEMBL2144355,O=C(Nc1ccc2c(c1)OCCO2)C(C1CC1)N1CCN(c2ccc(F)cc2)CC1
CHEMBL2144356,CCN1C(=O)[C@H]2[C@@H](c3ccccc3)N[C@]3(CCCN(Cc4ccccc4)C3=O)[C@H]2C1=O.O=C(O)C(F)(F)F
CHEMBL2144357,O=C1NC[C@H](Cc2ccccc2)N(C[C@@H]2CCCN2C[C@H](Cc2ccc(O)cc2)N2C[C@H](Cc3ccccc3)N(CCc3ccccc3)C(=O)C2=O)C1=O
CHEMBL2144358,CCCCC[C@@H](C)N1C[C@H](COCc2ccccc2)Oc2cc(N3CCC[C@@H]3CO)ccc2S1(=O)=O
CHEMBL2144359,Cc1ccccc1NC(=O)c1ccc(F)c(S(=O)(=O)N(C)Cc2ccccc2)c1
CHEMBL2144360,Cc1ccc(S(=O)(=O)CCC(=O)Nc2cc(C)on2)cc1
CHEMBL2144361,CCc1ccc([C@H]2[C@@H]3C(=O)C[C@@H]4C(=O)N(c5ccccc5)C(=O)[C@@H]4[C@@H]3CN2S(=O)(=O)c2ccc(C)cc2)cc1
CHEMBL2144362,Cc1ncc(CO)c(CO)c1OCC(O)CN1CCN(c2ccc(F)cc2)CC1
CHEMBL2144363,CCn1c(SCC(=O)NC2CC2)nnc1-c1ccc(C)cc1
CHEMBL2144364,COc1ccc(NC(=O)CSc2nnc3n2CCCCC3)cc1S(=O)(=O)N(C)C
CHEMBL2144365,CCN(CC(=O)NC(C)(C)C)C(=O)c1cccc(S(=O)(=O)N2CC3(C)CC2CC(C)(C)C3)c1
CHEMBL2144366,CCc1nc2c(OCc3ccc(Cl)cc3)cccn2c1N(C=O)Cc1ccc(OC)cc1
CHEMBL2144367,CCOc1ccc(NC(=O)CN(C)C(=O)c2cccnc2Sc2ccc(C)cc2C)cc1OCC
CHEMBL2144368,CCC1NC(=O)c2cccnc2-n2c1nc1ccc(OC)cc1c2=O.O=C(O)C(F)(F)F
CHEMBL2144369,Cc1ccc(S(=O)(=O)N2[C@@H](Cc3ccccc3)CO[C@H]2CC(=O)c2cccc3ccccc23)cc1
CHEMBL2144370,CCc1ccccc1NC(=O)CNC(=O)CCC(=O)c1cc(C)sc1C
CHEMBL2144371,C[C@H]1CN([C@@H](C)CO)C(=O)CCCn2cc(nn2)CO[C@@H]1CN(C)C(=O)Nc1cccc(C(F)(F)F)c1
CHEMBL2144372,Cc1ccc(C)c(/N=C2\C(Cl)=C(O)OC2OC(C)C)c1
CHEMBL2144373,CC(=O)Nc1ccc(NC(=O)C2Cc3c(-c4cccc(F)c4)ccnc3O2)cc1
CHEMBL2144375,Cc1ccc(S(=O)(=O)NCC2CCC(C(=O)NCCCN3CCC(C)CC3)CC2)cc1
CHEMBL2144376,COc1cccc(CNC(=O)[C@@H]2CCCN2C(=O)[C@H]2CCCCN2C(=O)c2cccc3ccccc23)c1
CHEMBL2144377,O=C(NC1CC1)c1ccc2[nH]c([C@@H]3O[C@H](CO)[C@H](O)[C@H](O)[C@H]3O)nc2c1
CHEMBL2144378,CCOC(=O)c1cc(OC)c2cccc(CN3CCC(C)(C(=O)NCCOC)C3)c2c1
CHEMBL2144379,CCOC(=O)C1(CCOC)CCN(C(=O)c2sccc2C)CC1
CHEMBL2144380,COc1ccc(-c2csc(NC(=O)c3c(C)noc3C)n2)cc1OC
CHEMBL2144381,COc1ccc(S(=O)(=O)N2CCCC(C(=O)NCc3cccnc3)C2)cc1C
CHEMBL2144382,O=C(N[C@@H]1CC[C@H](CCn2cc(-c3cccnc3)nn2)O[C@@H]1CO)c1ccccc1F
CHEMBL2144383,N#Cc1cccc(OCCCN2CCC(C(O)(c3ccccc3)c3ccccc3)CC2)c1.O=C(O)C(F)(F)F
CHEMBL2144384,OC1=C(C=NCCCCCCCCN=CC2=C(O)OCC2)CCO1
CHEMBL2144385,C[C@@H]1CN([C@H](C)CO)C(=O)Cc2cc(NC(=O)Nc3cccc4ccccc34)ccc2O[C@@H]1CN(C)Cc1ccc(Oc2ccccc2)cc1
CHEMBL2144386,CC1CCC2(CC1)NC(=O)N(CC(=O)Nc1ccc3c(c1)OCO3)C2=O
CHEMBL2144387,CC1(C)Oc2cc3oc(C(=O)O)cc(=O)c3cc2-c2ccccc21
CHEMBL2144388,CC(=O)c1cccc(Nc2ccc(Br)cc2)c1
CHEMBL2144389,CSc1ncnc2c1ncn2CCCNc1ccc(C)c(C)c1
CHEMBL2144390,COc1ccc(NC(=O)c2oc3ccccc3c2CSC)cc1S(=O)(=O)N1CCOCC1
CHEMBL2144391,COc1ccc(Cc2nc3ccc(C(=O)N4CCC(C(N)=O)CC4)cc3o2)cc1
CHEMBL2144392,COc1ccc(C(CC(=O)NCCN2CCOCC2)NS(=O)(=O)c2ccc(C)cc2)cc1
CHEMBL2144393,COCC(=O)Nc1ccc(S(=O)(=O)Nc2onc(C)c2C)cc1
CHEMBL2144394,Cc1ccn2c(NC3CCCCC3)c(-c3cccc(SC4CCCCC4)c3)nc2c1.O=C(O)C(F)(F)F
CHEMBL2144395,Cc1nc(N)ncc1CCC1OCCO1
CHEMBL2144396,Cc1ccc(Cc2c(-c3ccc(C)cc3)nc3c4ccccc4ccn23)cc1
CHEMBL2144397,C=C1CCN([C@@H](Cc2ccccc2)C(=O)Nc2nccs2)S(=O)(=O)c2ccccc21
CHEMBL2144398,O=C(Nc1c(O)c2ccccc2oc1=O)c1ccccc1Cl
CHEMBL2144399,CSc1ccc(CN2CCC(C)(Oc3ccc(-n4ccnc4)cc3)C2)cc1
CHEMBL2144400,Nc1[nH]c(C(=O)c2ccccc2)c(-c2ccc(Br)cc2)c1C(=O)NCCc1c[nH]c2ccccc12
CHEMBL2144401,Cc1ccccc1C#CC1=CC(=O)CC(C)(C)C1
CHEMBL2144402,O=C([C@@H]1C[C@@H](Sc2nc3ccccc3[nH]2)CN1Cc1ccc(Cl)cc1)N1CCN(c2ccccc2F)CC1
CHEMBL2144403,CC1CCN(C(=O)CCC(=O)Nc2nnc(C3CCCCC3)s2)CC1
CHEMBL2144404,C[C@H](CO)N1C[C@H](C)[C@H](CN(C)Cc2ccc3c(c2)OCO3)Oc2ccc(NC(=O)Nc3ccccc3)cc2C1=O
CHEMBL2144405,O=C(O)c1ccc(S(=O)(=O)NN=Cc2c[nH]c3ccccc23)cc1
CHEMBL2144406,Cc1cccc(NC(=O)CNC(=O)[C@H]2O[C@@H](n3cnc4c(N)ncnc43)[C@H](O)[C@@H]2O)c1C
CHEMBL2144407,COC(=O)C1=C(c2ccc(OCc3ccccc3)c(F)c2)C[C@@H]2CC[C@H]1N2C
CHEMBL2144408,CC(C)CCOc1ccc(C(=O)Nc2cc(S(=O)(=O)N3CCOCC3)ccc2N2CCOCC2)cc1
CHEMBL2144409,Cc1ccc(-c2ncn(-c3ccc(Nc4nccc(-c5cccc(N6CCOCC6)c5)n4)cc3)n2)cn1
CHEMBL2144410,COc1ccccc1C1N=C(Nc2nc3ccccc3o2)NC2=C1C(=O)CC(C)(C)C2
CHEMBL2144411,CC1OC(c2ccccc2)OC2COC(c3ccccc3)OC12
CHEMBL2144412,O=C1c2ccccc2C(=O)N1CCCN1C(=O)c2ccccc2C1=O
CHEMBL2144413,CN(CCO)C(=O)c1[nH]cnc1C(=O)N1CCN(C(=O)OC(C)(C)C)CC1
CHEMBL2144414,CCCC(=O)N1CCOCC1c1cc(C(=O)Nc2ccccc2)no1
CHEMBL2144415,C[C@@H](c1ccccc1)N1C[C@@H](COCc2ccccc2)Oc2cc(N3CCC[C@H]3CO)ccc2S1(=O)=O
CHEMBL2144416,C[C@@H]1CN([C@H](C)CO)C(=O)Cc2cc(NC(=O)Nc3ccc(F)cc3)ccc2O[C@H]1CN(C)Cc1ccc(C(F)(F)F)cc1
CHEMBL2144417,COc1ccc(-c2csc(C(C)(O)c3cccc(F)c3)n2)cc1
CHEMBL2144418,COC(=O)[C@]12CCCCC=C1N(Cc1cccc3ccccc13)C(=O)[C@H](CC(=O)N1CCCCC1)C2
CHEMBL2144419,Cc1cccc(C)c1NC(=O)CN(C)C(=O)C1CCCCC1
CHEMBL2144420,COc1ccc(CN(C)C[C@H]2Oc3ccc(NS(=O)(=O)c4ccc(Cl)cc4)cc3CC(=O)N([C@@H](C)CO)C[C@@H]2C)cc1
CHEMBL2144421,COc1ccc(CNC(=O)C(CC(C)C)NS(=O)(=O)c2ccc3c(c2)CCN3C(C)=O)cc1
CHEMBL2144422,COc1ccc(CCNC(=O)C/C(C)=N/NC(=O)c2ccc(Cl)cc2Cl)cc1OC
CHEMBL2144423,CCCc1nc2ccc(Cl)cn2c1Cc1cccc(Cl)c1
CHEMBL2144424,O=C(CCC1CCN(C(=O)CC2=CCCCC2)CC1)NCc1ccc(F)cc1
CHEMBL2144425,COc1ccc(CCNC(=O)C2CCCN(C(=O)c3ccc(Cl)cc3)C2)cc1
CHEMBL2144426,C[C@H](CO)N1C[C@H](C)[C@@H](CN(C)S(C)(=O)=O)OCc2cnnn2CCCC1=O
CHEMBL2144427,COc1ccc(C2CC(=O)Nc3cc(OC)c(OC)cc32)cc1
CHEMBL2144428,CNC(=O)C[C@@H]1CC[C@@H]2[C@@H](COc3ccc(NC(=O)Nc4ccc(F)c(F)c4)cc3C(=O)N2C)O1
CHEMBL2144429,Cc1cccc(C)c1NC(=O)C(c1ccc(C#N)cc1)n1c(=O)c(-c2ccccc2)nc2ccccc21
CHEMBL2144430,C[C@@H]1CN([C@H](C)CO)C(=O)CCCn2cc(nn2)CO[C@H]1CN(C)S(=O)(=O)c1ccc2c(c1)OCCCO2
CHEMBL2144431,CCOC(=O)C1(C)NC(c2ccc(N(C)C)cc2)C2C(=O)N(c3ccc(OC)cc3)C(=O)C21
CHEMBL2144432,COCCn1c(N)c(N(Cc2ccccc2)C(=O)C(C)Oc2ccc(Br)cc2)c(=O)[nH]c1=O
CHEMBL2144433,COc1ccccc1N1CCN(S(=O)(=O)c2c(C)sc3ncn(CC(=O)NCCN(C)C)c(=O)c23)CC1
CHEMBL2144434,CC(Oc1cc(-n2cnc3ccc(CN4CCN(C)CC4)cc32)sc1C(N)=O)c1ccccc1C(F)(F)F
CHEMBL2144435,CCCNC(=O)C1(C)CCCN(CC(=O)c2ccccc2OC)C1
CHEMBL2144436,Cc1cccnc1C(NC(=O)C1CCN(Cc2ccc(Cl)cc2)CC1)c1ccc(F)cc1
CHEMBL2144437,Cc1ncc([N+](=O)[O-])n1CC(=O)Nc1ccc2c(c1)OCO2
CHEMBL2144438,CCc1c(C)nc(N2CCN(Cc3ccc4c(c3)OCO4)CC2)nc1O
CHEMBL2144439,CCC(Oc1ccccc1)C(=O)NCc1cccnc1
CHEMBL2144440,CCCCC[C@@H](C)N1C[C@@H](COCc2ccccc2)Oc2cc(N3CC[C@H](N(C)C)C3)ccc2S1(=O)=O
CHEMBL2144441,COC(=O)c1cccc(C(=O)NCc2nc(-c3cccc(NC(=O)c4ccoc4C)c3)oc2C)c1
CHEMBL2144442,C[C@H]1CN([C@@H](C)CO)S(=O)(=O)c2ccc(-c3cccc(F)c3)cc2O[C@@H]1CN(C)S(=O)(=O)c1ccc(F)cc1
CHEMBL2144443,O=C1COc2ccc(C(=O)COC(=O)CCCOc3ccccc3)cc2N1
CHEMBL2144444,CC(C)CC1C(=O)N(Cc2cn(CCC3OCCO3)nn2)CCS(=O)(=O)N1Cc1ccc(-c2cccc(CO)c2)cc1
CHEMBL2144445,Cc1noc(C)c1C(=O)N(C)C[C@@H]1OCc2ccccc2-c2c(n(C)c3ccccc23)C(=O)N([C@H](C)CO)C[C@H]1C
CHEMBL2144446,CC(C)Nc1nc(Nc2ccc(F)cc2)c2sccc2n1
CHEMBL2144447,C[C@@H]1CN([C@H](C)CO)C(=O)Cc2cc(NC(=O)Nc3ccc(C(F)(F)F)cc3)ccc2O[C@@H]1CN(C)S(=O)(=O)c1ccccc1
CHEMBL2144448,O=C(NCC(c1ccco1)N1CCCC1)c1ccc(-n2cccn2)cc1
CHEMBL2144449,Cc1c(C(=O)N2CCC(Cc3ccccc3)CC2)sc2ncnc(NCc3ccccn3)c12
CHEMBL2144450,COC(=O)c1c(-c2ccccc2)[nH]c(-c2nccc3ccccc23)c1C(=O)OC
CHEMBL2144451,Nc1[nH]c(C(=O)c2ccccc2)c(-c2ccncc2)c1C(=O)NC1CC1
CHEMBL2144452,Cc1ccc(S(=O)(=O)N(C)C[C@H]2Oc3ccc(NS(=O)(=O)c4ccc(Cl)cc4)cc3CC(=O)N([C@H](C)CO)C[C@H]2C)cc1
CHEMBL2144453,Cn1c(=O)c2c(ncn2CC(=O)OCC(=O)c2ccc(Br)cc2)n(C)c1=O
CHEMBL2144454,C[C@@H]1CN([C@@H](C)CO)C(=O)CCCn2nncc2CO[C@@H]1CN(C)C(=O)Nc1ccc(N2CCN(C)CC2)cc1
CHEMBL2144455,C[C@H]1CN([C@@H](C)CO)C(=O)CCCn2cc(nn2)CO[C@@H]1CN(C)C(=O)c1ccncc1
CHEMBL2144456,Cl.O=C(OCCN1CCCCC1)c1cccc(Cl)c1
CHEMBL2144457,C[C@H](CO)N1C[C@H](C)[C@@H](CN(C)Cc2ccc(Cl)c(Cl)c2)Oc2c(NC(=O)Nc3cccc4ccccc34)cccc2C1=O
CHEMBL2144458,CC(C)OC(=O)C(=O)/C=C(\Nc1ccc(O)cc1)c1ccccc1
CHEMBL2144459,Cc1ccc2nc3n(c(=O)c2c1)-c1cc2ccccc2cc1C(=O)NC3Cc1ccccc1
CHEMBL2144460,CCc1nc2c(OCC=C(C)C)cccn2c1N(C)C(=O)c1ccccc1F
CHEMBL2144461,CCOC(=O)C1=CCN(S(=O)(=O)c2ccccc2)C1c1ccc(Cl)cc1
CHEMBL2144462,CSc1ccc(CN2C(=O)C(F)(F)Oc3c(C(C)=O)cccc32)cc1
CHEMBL2144463,CC1CCCCC1NC(=O)Cn1c(=O)cnc2ccccc21
CHEMBL2144464,Cc1ccc(S(=O)(=O)N2CCN(S(C)(=O)=O)CC2)cc1
CHEMBL2144465,C[C@@H]1CN([C@H](C)CO)C(=O)c2cccc(NC(=O)c3ccncc3)c2O[C@H]1CN(C)Cc1ccc(Cl)c(Cl)c1
CHEMBL2144466,C[C@H](CO)N1C[C@H](C)[C@@H](CN(C)C(=O)Nc2ccc(F)cc2)Oc2ccc(NS(C)(=O)=O)cc2C1=O
CHEMBL2144467,CCN(CC(=O)Nc1c(F)cccc1F)C(=O)c1cccc(S(=O)(=O)NCc2ccccc2)c1
CHEMBL2144468,CN(Cc1cccnc1)C(=O)COc1ccc(Cl)c(Cl)c1.O=[N+]([O-])c1cc([N+](=O)[O-])c(O)c([N+](=O)[O-])c1
CHEMBL2144469,CCOC(=O)[C@]12CCCC=C1N(CCC1=CCCCC1)C(=O)[C@H](CC(=O)NCc1ccc(C)o1)C2
CHEMBL2144470,COc1ccc(-c2cc3nc(NCCCN(C)C)n(C)c(=O)c3s2)cc1OC
CHEMBL2144471,C[C@@H]1CN([C@H](C)CO)C(=O)c2cc(NS(=O)(=O)c3ccc(Cl)cc3)ccc2O[C@@H]1CN(C)Cc1ccc(C(=O)Nc2ccccc2N)cc1
CHEMBL2144472,Nc1[nH]c(C(=O)c2ccccc2)c(-c2ccccc2Cl)c1C(=O)c1ccccc1
CHEMBL2144473,O=S(=O)(N[C@@H]1CC[C@@H](CCn2cc(-c3ccccn3)nn2)O[C@@H]1CO)c1cccc(Cl)c1
CHEMBL2144474,CO[C@H]1CN(C)C(=O)c2cc(NC(=O)Nc3ccc4c(c3)OCO4)ccc2OC[C@H](C)NC[C@@H]1C
CHEMBL2144475,C#CC(c1ccccc1)(c1ccccc1)n1ccnc1
CHEMBL2144476,Cc1cccc(C)c1NC(=O)C1C(c2ccc3c(c2)OCO3)=Nc2ccccc2N1C(=O)c1ccccc1
CHEMBL2144477,CCOC(=O)C1(C)CCCCCN1C(=O)c1ccc(OC)c(C(F)(F)F)c1
CHEMBL2144478,C[C@@H]1CN([C@H](C)CO)C(=O)Cc2cc(NS(=O)(=O)c3ccc(F)cc3)ccc2O[C@H]1CN(C)Cc1ccc(Cl)c(Cl)c1
CHEMBL2144479,CC(=O)Cn1cnc2c(cnn2-c2ccc(F)cc2)c1=O
CHEMBL2144480,Cc1cc(C(=O)CCC(=O)Nc2cccc(F)c2)c(C)s1
CHEMBL2144481,O=C1c2c(-c3ccc(Br)cc3)noc2CCN1Cc1cn(-c2ccc(Cl)cc2)nn1
CHEMBL2144482,CN(CC(=O)Nc1ccc(Cl)c(C(F)(F)F)c1)S(=O)(=O)c1c[nH]cn1
CHEMBL2144483,CS(=O)(=O)c1ccc(C(=O)NCC2(N3CCOCC3)CCCCC2)cc1
CHEMBL2144484,COc1ccc2c(c1)c1c(c(=O)n(-c3ccccc3)c(=O)n1CC(=O)Nc1ccc(C)c(C)c1)n2C
CHEMBL3137587,O=C(c1cncc2nnc(-c3ccc(OC(F)F)cc3)n12)N1CCN(c2ccccn2)CC1
CHEMBL3137588,O=C(NCCN1CCOCC1)c1cncc2nnc(-c3ccc(OC(F)F)cc3)n12
CHEMBL3137589,O=C(c1cncc2nnc(-c3ccc(OC(F)F)cc3)n12)N1CCOCC1
CHEMBL3137590,C[C@H](NC(=O)c1cncc2nnc(-c3ccc(OC(F)F)cc3)n12)c1ccccc1
CHEMBL3137591,O=C(c1cncc2nnc(-c3ccc(OC(F)F)cc3)n12)N1CCCC1
CHEMBL3137592,CS(=O)(=O)N1CCN(C(=O)c2cncc3nnc(-c4ccc(OC(F)F)cc4)n23)CC1
CHEMBL3137593,C[C@@H](NC(=O)c1cncc2nnc(-c3ccc(OC(F)F)cc3)n12)c1ccccc1
CHEMBL3137594,O=c1[nH]cc(OCCc2ccc(F)c(F)c2)n2c(-c3ccc(OC(F)F)cc3)nnc12
CHEMBL3137595,O=C(Nc1ccccn1)c1cncc2nnc(-c3ccc(OC(F)F)cc3)n12
CHEMBL3137596,O=C(NCCc1ccccc1)c1cncc2nnc(-c3ccc(OC(F)F)cc3)n12
CHEMBL3137597,Fc1ccc(CCOc2cncc3nnc(N4Cc5ccccc5C4)n23)cc1F
CHEMBL3137598,CCN(CC)c1ncc(OCCc2ccc(F)c(F)c2)n2c(-c3ccc(OC(F)F)cc3)nnc12
CHEMBL3137599,O=S(=O)(Cc1ccc(C(F)(F)F)cc1)Nc1cncc2nnc(-c3ccc(OC(F)F)cc3)n12
CHEMBL3137600,O=C(c1cncc2nnc(-c3ccc(OC(F)F)cc3)n12)N1CCCC1c1ccccc1
CHEMBL3137601,CN(Cc1cccc(Cl)c1)C(=O)c1cncc2nnc(-c3ccc(OC(F)F)cc3)n12
CHEMBL3137602,FC(F)Oc1ccc(-c2nnc3cncc(CCCc4ccccc4)n23)cc1
CHEMBL3137603,FC(F)Oc1ccc(-c2nnc3cncc(CCN4CCOCC4)n23)cc1
CHEMBL3137604,FC(F)Oc1ccc(-c2nnc3n2C(CCCc2ccccc2)CNC3)cc1
CHEMBL3137605,Nc1ncc(OCCc2ccc(F)c(F)c2)n2c(-c3ccc(OC(F)F)cc3)nnc12
CHEMBL3137606,FC(F)Oc1ccc(-c2nnc3cncc(CCN4Cc5ccccc5C4)n23)cc1
CHEMBL3137607,FC(F)Oc1ccc(-c2nnc3cncc(N4CC(c5ccccc5)C4)n23)cc1
CHEMBL3137608,Fc1ccc(COCc2cncc3nnc(-c4ccc(OC(F)F)cc4)n23)cc1F
CHEMBL3137609,Cc1ncc(OCCc2ccc(F)c(F)c2)n2c(-c3ccc(OC(F)F)cc3)nnc12
CHEMBL3137610,O=C(Nc1cccc(Cl)c1)c1cncc2nnc(-c3ccc(OC(F)F)cc3)n12
CHEMBL3137611,O=C(NCc1ccc(F)c(F)c1)c1cncc2nnc(-c3ccc(OC(F)F)cc3)n12
CHEMBL3137612,O=C(NCc1cncc2nnc(-c3ccc(OC(F)F)cc3)n12)c1cccc(Cl)c1
CHEMBL3137613,FC(F)Oc1ccc(-c2nnc3cncc(Oc4ccc(Cl)cc4)n23)cc1
CHEMBL3137614,CO[C@@H](COc1cncc2nnc(-c3ccc(C#N)cc3)n12)c1ccc(F)c(F)c1
CHEMBL3137615,Fc1ccc(CCOc2cncc3ncc(-c4ccc(Cl)cc4)n23)cc1F
CHEMBL3137616,FC(F)Oc1ccc(-c2nnc3cncc(CN4Cc5ccccc5C4)n23)cc1
CHEMBL3137617,O=C(Nc1ccc(F)cc1)c1cncc2nnc(-c3ccc(OC(F)F)cc3)n12
CHEMBL3137618,O=C(Nc1ccc(F)c(F)c1)c1cncc2nnc(-c3ccc(OC(F)F)cc3)n12
CHEMBL3137619,Fc1ccc(CCCc2cncc3nnc(-c4ccc(OC(F)F)cc4)n23)cc1F
CHEMBL3137620,O=C(Nc1ccc(Cl)cc1)c1cncc2nnc(-c3ccc(OC(F)F)cc3)n12
CHEMBL3137621,Fc1ccc2c(c1)CCN2c1nnc2cncc(OCCc3ccc(F)c(F)c3)n12
CHEMBL3137622,Fc1ccc(CCOc2cncc3cnc(-c4ccc(Cl)cc4)n23)cc1F
CHEMBL3137623,CN(C)[C@@H](COc1cncc2nnc(-c3ccc(OC(F)F)cc3)n12)c1ccc(F)c(F)c1
CHEMBL3137624,Fc1ccc(C2(COc3cncc4nnc(-c5ccc(OC(F)F)cc5)n34)COC2)cc1F
CHEMBL3137625,N#Cc1ccc(-c2nnc3cncc(OCC(OC(F)F)c4ccc(F)c(F)c4)n23)cc1
CHEMBL3137626,FC(F)Oc1ccc(-c2nnc3cncc(Oc4ccc5ccccc5c4)n23)cc1
CHEMBL3137627,FC(F)Oc1ccc(-c2nnc3cncc(OCC(F)(F)F)n23)cc1
CHEMBL3137628,CN[C@@H](COc1cncc2nnc(-c3ccc(OC(F)F)cc3)n12)c1ccc(F)c(F)c1
CHEMBL3137629,FC(F)Oc1ccc(-c2nnc3cncc(Oc4ccc(C(F)(F)F)cc4)n23)cc1
CHEMBL3137630,FC(F)Oc1ccc(-c2nnc3cncc(Oc4ccc(Cl)c(Cl)c4)n23)cc1
CHEMBL3137631,O=C(Nc1ccc(F)c(Cl)c1)c1cncc2nnc(-c3ccc(OC(F)F)cc3)n12
CHEMBL3137632,O=C(c1cncc2nnc(-c3ccc(OC(F)F)cc3)n12)N1CCc2cc(F)ccc21
CHEMBL3137633,FC(F)Oc1ccc(-c2nnc3cncc(Nc4ccc(Cl)c(Cl)c4)n23)cc1
CHEMBL3137634,FC(F)Oc1ccc(-c2nnc3cncc(Oc4cccc(Cl)c4)n23)cc1
CHEMBL3137635,Fc1ccc(CCOc2cncc3nnc(-c4ccc(C(F)(F)F)nc4)n23)cc1F
CHEMBL3137636,O=C(Nc1ccnc(C(F)(F)F)c1)c1cncc2nnc(-c3ccc(OC(F)F)cc3)n12
CHEMBL3137637,Fc1ccc(CCOc2cn3c(-c4ccc(OC(F)F)cc4)nnc3cn2)cc1F
CHEMBL3137638,Fc1ccc(COc2cn3c(-c4ccc(OC(F)F)cc4)nnc3cn2)cc1F
CHEMBL3137639,OCC(COc1cncc2nnc(-c3ccc(OC(F)F)cc3)n12)c1ccc(F)c(F)c1
CHEMBL3137640,Fc1ccc(CNc2cn3c(-c4ccc(OC(F)F)cc4)nnc3cn2)cc1F
CHEMBL3137641,Fc1ccc(C(COc2cncc3nnc(-c4ccc(OC(F)F)cc4)n23)N2CCOCC2)cc1F
CHEMBL3137642,CC(C)(C)c1ccc(Oc2cncc3nnc(-c4ccc(OC(F)F)cc4)n23)cc1
CHEMBL3137643,FC(F)Oc1ccc(-c2nnc3cncc(Oc4ccc5c(c4)CCCC5)n23)cc1
CHEMBL3137644,FC(F)Oc1ccc(-c2nnc3cncc(Oc4ccc(Cl)c(C(F)(F)F)c4)n23)cc1
CHEMBL3137645,N[C@@H](COc1cncc2nnc(-c3ccc(OC(F)F)cc3)n12)c1ccc(F)c(F)c1
CHEMBL3137646,OC[C@H](Nc1cncc2nnc(-c3ccc(OC(F)F)cc3)n12)c1ccc(F)c(F)c1
CHEMBL3137647,Fc1ccc(-c2cnn(-c3cncc4nnc(-c5ccc(OC(F)F)cc5)n34)c2)cc1F
CHEMBL3137648,O=C(Nc1ccc(F)cc1Cl)c1cncc2nnc(-c3ccc(OC(F)F)cc3)n12
CHEMBL3137649,Fc1ccc(Nc2cn3c(-c4ccc(OC(F)F)cc4)nnc3cn2)cc1F
CHEMBL3137650,O=C(NCc1cc(Cl)ccc1Cl)c1cncc2nnc(-c3ccc(OC(F)F)cc3)n12
CHEMBL3137651,O=C(NCc1cccc(C(F)(F)F)c1Cl)c1cncc2nnc(-c3ccc(OC(F)F)cc3)n12
CHEMBL3137652,Fc1ccc(Cc2nccn2-c2cncc3nnc(-c4ccc(OC(F)F)cc4)n23)cc1F
CHEMBL3137653,Cc1nn(-c2ccc(F)cc2)c(C)c1-c1nnc2cncc(OCC(F)(F)F)n12
CHEMBL3137654,FC(F)Oc1ccc(-c2nnc3cncc(Oc4ccc(S(F)(F)(F)(F)F)cc4)n23)cc1
CHEMBL3137655,Fc1ccc(Oc2cn3c(-c4ccc(OC(F)F)cc4)nnc3cn2)cc1F
CHEMBL3137656,Fc1ccc(CCNc2cn3c(-c4ccc(OC(F)F)cc4)nnc3cn2)cc1
CHEMBL3137657,Cc1nn(-c2ccc(F)cc2)c(C)c1-c1nnc2cncc(Oc3ccc(Cl)c(Cl)c3)n12
CHEMBL3137658,Fc1ccc([C@H]2[C@@H](Oc3cncc4nnc(-c5ccc(OC(F)F)cc5)n34)CN2C2CC2)cc1F
CHEMBL3137659,O=C1[C@H](Oc2cncc3nnc(-c4ccc(OC(F)F)cc4)n23)[C@H](c2ccc(F)c(F)c2)N1C1CC1
CHEMBL3137660,Cn1ccc2cc(Oc3cncc4nnc(-c5ccc(OC(F)F)cc5)n34)ccc21
CHEMBL3137661,O=C1[C@@H](Oc2cn3c(-c4ccc(OC(F)F)cc4)nnc3cn2)[C@@H](c2ccc(F)c(F)c2)N1C1CC1
CHEMBL3137662,FC(F)Oc1ccc(-c2nnc3cncc(Oc4ccc5ccc(C(F)(F)F)nc5c4)n23)cc1
CHEMBL3137663,Cc1noc2cc(Oc3cncc4nnc(-c5ccc(OC(F)F)cc5)n34)ccc12
CHEMBL3137664,CC1=CC(C)(C)Oc2cc(Oc3cncc4nnc(-c5ccc(OC(F)F)cc5)n34)ccc21
CHEMBL3137665,Cn1ncc2ccc(Oc3cncc4nnc(-c5ccc(OC(F)F)cc5)n34)cc21
CHEMBL3137549,O=C(NC1CCc2cc(Cl)ccc21)c1cncc2nnc(-c3ccc(OC(F)F)cc3)n12
CHEMBL3137668,CC(CCC(=O)O)C1CC[C@H]2[C@@H]3CC[C@@H]4C[C@H](O)CC[C@]4(C)[C@H]3CC[C@]12C
CHEMBL3137669,CCO.CN1CCC[C@H]1c1cccnc1
CHEMBL3137670,CC(=O)[C@H]1CC[C@H]2[C@@H]3CC[C@H]4C[C@H](O)CC[C@]4(C)[C@H]3C(=O)C[C@]12C.C[C@]12CC[C@@H](O)C[C@@H]1CC[C@H]1[C@@H]3CC[C@H](C(=O)CO)[C@@]3(C)CC(=O)[C@@H]12
CHEMBL3137672,Nc1cc([As]2[As](c3ccc(O)c(N)c3)[As](c3ccc(O)c(N)c3)[As](c3ccc(O)c(N)c3)[As]2c2ccc(O)c(N)c2)ccc1O.Nc1cc([As]2[As](c3ccc(O)c(N)c3)[As]2c2ccc(O)c(N)c2)ccc1O
CHEMBL3137674,CC1(C)[C@H](C(=O)O)N2C(=O)C[C@H]2S1(=O)=O.CCN1CCN(C(=O)N[C@@H](C(=O)N[C@@H]2C(=O)N3C(C(=O)O)=C(CSc4nnnn4C)CS[C@H]23)c2ccc(O)cc2)C(=O)C1=O
CHEMBL3137675,CC(OC(=O)OC1CCCCC1)OC(=O)C1=C(CSc2nnnn2CCN(C)C)CS[C@@H]2[C@H](NC(=O)Cc3csc(N)n3)C(=O)N12
CHEMBL3137676,CO/N=C(\C(=O)N[C@@H]1C(=O)N2C(C(=O)OCOC(=O)C(C)(C)C)=C(Cn3nnc(C)n3)CS[C@H]12)c1csc(N)n1
CHEMBL3137677,C[N+]1(CCNP(=S)(NCC[N+]2(C)CC3C4=C(C=CC3[C@@H]3[C@H]2C2C=C5OCOC5=CC2C[C@@H]3O)OCO4)NCC[N+]2(C)CC3C4=C(C=CC3[C@@H]3[C@H]2C2CC5CCCC5CC2C[C@@H]3O)OCO4)CC2=C(C=CC3OCOC23)[C@@H]2[C@H]1C1C=C3OCOC3=CC1C[C@@H]2O.[OH-].[OH-].[OH-]
CHEMBL3137678,COc1cc(Cc2cnc(N)nc2N)cc(OC)c1OC.Nc1ccc(S(=O)(=O)c2ccc(N)cc2)cc1
CHEMBL3137679,CN1CC[C@@H]2Nc3ccccc3[C@@H]2C1.Cl.Cl
CHEMBL3137680,CN(Cc1cnc2nc(=N)[nH]c(N)c2n1)c1c(Cl)cc(C(=O)N[C@@H](CCC(=O)O)C(=O)O)cc1Cl
CHEMBL3137681,CCCCN/C(=C1/C=C(Cl)C=CC1=O)c1ccccc1Cl
CHEMBL3137684,Cc1c(N)nc([C@@H](CC(N)=O)NC[C@@H](N)C(N)=O)nc1C(=O)N[C@@H](C(=O)N[C@@H](C)[C@H](O)[C@@H](C)C(=O)N[C@H](C(=O)NCCc1nc(-c2nc(C(=O)NCCCN(C)CCCN(Cc3ccc(OCc4ccccc4)c(OCc4ccccc4)c3)Cc3ccc(OCc4ccccc4)c(OCc4ccccc4)c3)cs2)cs1)[C@@H](C)O)C(O[C@H]1O[C@@H](CO)[C@H](O)[C@@H](O)[C@H]1O[C@H]1O[C@@H](CO)[C@@H](O)[C@H](OC(N)=O)[C@@H]1O)c1c[nH]cn1
CHEMBL3137686,CC(=N)N1CC[C@H](SC2=C(C(=O)O)N3C(=O)[C@H]([C@@H](C)O)[C@H]3C2)C1.O=C(O)CCNC(=O)c1ccccc1
CHEMBL3137687,C1CNCCN1.CCCCC1C(=O)N(c2ccccc2)N(c2ccccc2)C1=O
CHEMBL3137688,CCC[N+]12[C@H](O)[C@@H](CC)[C@@H]3C[C@H]1[C@@H]1N(C)c4ccccc4[C@]14C[C@H]2C3[C@H]4O
CHEMBL3137689,CCc1nc(N)nc(N)c1-c1ccc(Cl)cc1.Nc1ccc(S(=O)(=O)c2ccc(N)cc2)cc1
CHEMBL3137690,CCc1nc(N)nc(N)c1-c1ccc(Cl)cc1.COc1ncnc(NS(=O)(=O)c2ccc(N)cc2)c1OC
CHEMBL3137691,CCN(CC)CCS(=O)(=O)[C@@H]1CCN2C(=O)c3coc(n3)CC(=O)C[C@H](O)/C=C(C)/C=C/CNC(=O)/C=C/[C@@H](C)[C@@H](C(C)C)OC(=O)[C@@H]12.CC[C@H]1NC(=O)[C@@H](NC(=O)c2ncccc2O)[C@@H](C)OC(=O)[C@H](c2ccccc2)NC(=O)[C@@H]2CC(=O)[C@H](CS[C@@H]3CN4CCC3CC4)CN2C(=O)[C@H](Cc2ccc(N(C)C)cc2)N(C)C(=O)[C@@H]2CCCN2C1=O
CHEMBL3137692,CC(=O)OCOC(=O)C1=C(COC(N)=O)SC2[C@H]([C@H](C)O)C(=O)N12
CHEMBL3137696,CC1(C)S[C@@H]2[C@H](NC(=O)[C@H](C(=O)O)c3ccsc3)C(=O)N2[C@H]1C(=O)O.O=C(O)[C@H]1/C(=C/CO)O[C@@H]2CC(=O)N21
CHEMBL3137697,CC1=C(/C=C/C(C)=C/C=C/C(C)=C/CO)C(C)(C)CCC1.O=C(O)Cc1cc(I)c(Oc2ccc(O)c(I)c2)c(I)c1
CHEMBL3137698,O=C(O)c1ccccc1O.O=C(O)c1ccccc1O.O=C(O)c1ccccc1O
CHEMBL3137699,NC(=O)CNc1ccc([As](=O)([O-])O)cc1.[Na+]
CHEMBL3137700,C[Si](C)(C)c1cccc(C(=O)C(F)(F)F)c1
CHEMBL3137741,CC(C)=CCC[C@]1(C)C=Cc2c(O)c3c(c(CC=C(C)C)c2O1)O[C@]12C(C[C@@H]4C[C@H]1C(C)(C)O[C@@]2(C/C=C(/C)C(=O)O)C4O)C3=O
CHEMBL3137742,CC(=O)N1CCC[C@@H]1C(=O)O
CHEMBL3137743,Cc1cc(OP(=O)(O[14CH3])O[14CH3])ccc1[N+](=O)[O-]
CHEMBL3137744,OC[C@@H](O)[C@@H](O)[C@@H](O)CO
CHEMBL3137745,CCN(CC)Cc1cc(Nc2ccnc3cc(Cl)ccc23)ccc1O.Cl.Cl
CHEMBL3137746,CC(=O)Oc1ccc2c(c1OC(C)=O)OC[C@]1(O)Cc3c(cc(OC(C)=O)c(OC(C)=O)c3OC(C)=O)[C@H]21
CHEMBL3137747,CC(CCCOC(=O)c1cnc2ccccc2c1)C1CC[C@H]2[C@@H]3[C@H](O)CC4C[C@H](O)CC[C@]4(C)[C@H]3C[C@H](O)[C@]12C
CHEMBL3137748,CC(CCCOC(=O)c1ccc2ccccc2n1)C1CC[C@H]2[C@@H]3[C@H](O)CC4C[C@H](OC(=O)c5ccc6ccccc6n5)CC[C@]4(C)[C@H]3C[C@H](O)[C@]12C
CHEMBL3137749,CC(CCCOC(=O)c1cnc2ccccc2n1)C1CC[C@H]2[C@@H]3[C@H](O)CC4C[C@H](OC(=O)c5cnc6ccccc6n5)CC[C@]4(C)[C@H]3C[C@H](O)[C@]12C
CHEMBL3137750,C[C@H](CCC(=O)Nc1cccc(S(N)(=O)=O)c1)[C@H]1CC[C@H]2[C@@H]3[C@H](O)C[C@@H]4C[C@H](O)CC[C@]4(C)[C@H]3CC[C@]12C
CHEMBL3137751,C[C@H](CCC(=O)Nc1ccc(S(N)(=O)=O)cc1I)[C@H]1CC[C@H]2[C@@H]3[C@H](O)C[C@@H]4C[C@H](O)CC[C@]4(C)[C@H]3C[C@H](O)[C@]12C
CHEMBL3137752,C[C@H](CCC(=O)Nc1cc(Cl)c(S(N)(=O)=O)cc1S(N)(=O)=O)[C@H]1CC[C@H]2[C@@H]3CC[C@@H]4C[C@H](O)CC[C@]4(C)[C@H]3C[C@H](O)[C@]12C
CHEMBL3137753,C[C@H](CCC(=O)OCCc1ccc(S(N)(=O)=O)cc1)[C@H]1CC[C@H]2[C@@H]3CC[C@@H]4C[C@H](O)CC[C@]4(C)[C@H]3C[C@H](O)[C@]12C
CHEMBL3137754,C[C@H](CCC(=O)Nc1cccc(S(N)(=O)=O)c1)[C@H]1CC[C@H]2[C@@H]3CC[C@@H]4C[C@H](O)CC[C@]4(C)[C@H]3C[C@H](O)[C@]12C
CHEMBL3137755,C[C@H](CCC(=O)NCc1ccc(S(N)(=O)=O)cc1)[C@H]1CC[C@H]2[C@@H]3C(=O)C[C@@H]4CC(=O)CC[C@]4(C)[C@H]3CC(=O)[C@]12C
CHEMBL3137756,C[C@H](CCC(=O)Nc1ccccc1S(N)(=O)=O)[C@H]1CC[C@H]2[C@@H]3CC[C@@H]4C[C@H](O)CC[C@]4(C)[C@H]3CC[C@]12C
CHEMBL3137757,C[C@H](CCC(=O)NCCc1ccc(S(N)(=O)=O)cc1)[C@H]1CC[C@H]2[C@@H]3C(=O)C[C@@H]4CC(=O)CC[C@]4(C)[C@H]3CC(=O)[C@]12C
CHEMBL3137758,CC(=O)O[C@@H]1CC[C@@]2(C)[C@@H](CC[C@@H]3[C@@H]2CC[C@]2(C)[C@@H](C(C)=O)CC[C@@H]32)C1
CHEMBL3137759,C[C@H](CCC(=O)Nc1ccc(S(N)(=O)=O)cc1)[C@H]1CC[C@H]2[C@@H]3[C@H](O)C[C@@H]4C[C@H](O)CC[C@]4(C)[C@H]3CC[C@]12C
CHEMBL3137760,C[C@H](CCC(=O)Nc1ccc(S(N)(=O)=O)cc1)[C@H]1CC[C@H]2[C@@H]3[C@@H](O)C[C@@H]4C[C@H](O)CC[C@]4(C)[C@H]3CC[C@]12C
CHEMBL3137761,C[C@H](CCC(=O)Nc1nnc(S(N)(=O)=O)s1)[C@H]1CC[C@H]2[C@@H]3[C@H](O)C[C@@H]4C[C@H](O)CC[C@]4(C)[C@H]3C[C@H](O)[C@]12C
CHEMBL3137762,C[C@H](CCC(=O)NCCC(=O)Nc1nnc(S(N)(=O)=O)s1)[C@H]1CC[C@H]2[C@@H]3C(=O)C[C@@H]4CC(=O)CC[C@]4(C)[C@H]3CC(=O)[C@]12C
CHEMBL3137763,C[C@H](CCC(=O)NCCc1ccc(S(N)(=O)=O)cc1)[C@H]1CC[C@H]2[C@@H]3[C@@H](O)C[C@@H]4C[C@H](O)CC[C@]4(C)[C@H]3CC[C@]12C
CHEMBL3137764,C[C@H](CCC(=O)Nc1ccc2nc(S(N)(=O)=O)sc2c1)[C@H]1CC[C@H]2[C@@H]3CC[C@@H]4C[C@H](O)CC[C@]4(C)[C@H]3C[C@H](O)[C@]12C
CHEMBL3137765,C[C@H](CCC(=O)Nc1ccc2nc(S(N)(=O)=O)sc2c1)[C@H]1CC[C@H]2[C@@H]3[C@H](O)C[C@@H]4C[C@H](O)CC[C@]4(C)[C@H]3CC[C@]12C
CHEMBL3137766,C[C@H](CCC(=O)Nc1cccc(S(N)(=O)=O)c1)[C@H]1CC[C@H]2[C@@H]3[C@H](O)C[C@@H]4C[C@H](O)CC[C@]4(C)[C@H]3C[C@H](O)[C@]12C
CHEMBL3137767,C[C@H](CCC(=O)Nc1ccc(S(N)(=O)=O)cc1Br)[C@H]1CC[C@H]2[C@@H]3[C@H](O)C[C@@H]4C[C@H](O)CC[C@]4(C)[C@H]3CC[C@]12C
CHEMBL3137768,C[C@H](CCC(=O)Nc1c(S(N)(=O)=O)cc(S(N)(=O)=O)c(Cl)c1Cl)[C@H]1CC[C@H]2[C@@H]3[C@H](O)C[C@@H]4C[C@H](O)CC[C@]4(C)[C@H]3CC[C@]12C
CHEMBL3137769,COC(=O)[C@H]1CC[C@H]2[C@@H]3CC[C@H]4C[C@H](O)CC[C@]4(C)[C@H]3CC[C@]12C
CHEMBL3137770,C[C@H](CCC(=O)Nc1ccc(S(N)(=O)=O)cc1)[C@H]1CC[C@H]2[C@@H]3CC[C@@H]4C[C@H](O)CC[C@]4(C)[C@H]3C[C@H](O)[C@]12C
CHEMBL3137771,C[C@H](CCC(=O)Nc1nnc(S(N)(=O)=O)s1)[C@H]1CC[C@H]2[C@@H]3CC[C@@H]4C[C@H](O)CC[C@]4(C)[C@H]3CC[C@]12C
CHEMBL3137772,C[C@H](CCC(=O)Nc1ccccc1S(N)(=O)=O)[C@H]1CC[C@H]2[C@@H]3[C@@H](O)C[C@@H]4C[C@H](O)CC[C@]4(C)[C@H]3CC[C@]12C
CHEMBL3137773,CC(C)[Te]CCC(C)C1CC[C@H]2[C@@H]3CC[C@H]4CC(O)CCC4(C)[C@H]3CCC12C
CHEMBL3137774,C[C@H](CCC(=O)OCc1ccc(S(N)(=O)=O)cc1)[C@H]1CC[C@H]2[C@@H]3[C@@H](O)C[C@@H]4C[C@H](O)CC[C@]4(C)[C@H]3CC[C@]12C
CHEMBL3137775,C[C@H](CCC(=O)Nc1ccc(S(N)(=O)=O)cc1F)[C@H]1CC[C@H]2[C@@H]3CC[C@@H]4C[C@H](O)CC[C@]4(C)[C@H]3CC[C@]12C
CHEMBL3137776,C[C@H](CCC(=O)NNc1ccc(S(N)(=O)=O)cc1)[C@H]1CC[C@H]2[C@@H]3[C@@H](O)C[C@@H]4C[C@H](O)CC[C@]4(C)[C@H]3CC[C@]12C
CHEMBL3137777,C[C@H](CCC(=O)NCCC(=O)Nc1nnc(S(N)(=O)=O)s1)[C@H]1CC[C@H]2[C@@H]3CC[C@@H]4C[C@H](O)CC[C@]4(C)[C@H]3CC[C@]12C
CHEMBL3137778,C[C@H](CCC(=O)Nc1ccc(S(N)(=O)=O)cc1I)[C@H]1CC[C@H]2[C@@H]3[C@H](O)C[C@@H]4C[C@H](O)CC[C@]4(C)[C@H]3CC[C@]12C
CHEMBL3137779,C[C@H](CCC(=O)OCCc1ccc(S(N)(=O)=O)cc1)[C@H]1CC[C@H]2[C@@H]3[C@H](O)C[C@@H]4C[C@H](O)CC[C@]4(C)[C@H]3C[C@H](O)[C@]12C
CHEMBL3137780,C[C@H](CCC(=O)Oc1ccc2nc(S(N)(=O)=O)sc2c1)[C@H]1CC[C@H]2[C@@H]3C(=O)C[C@@H]4CC(=O)CC[C@]4(C)[C@H]3CC(=O)[C@]12C
CHEMBL3137781,C[C@H](CCC(=O)OCc1ccc(S(N)(=O)=O)cc1)[C@H]1CC[C@H]2[C@@H]3CC[C@@H]4C[C@H](O)CC[C@]4(C)[C@H]3C[C@H](O)[C@]12C
CHEMBL3137782,C[C@H](CCC(=O)OCc1ccc(S(N)(=O)=O)cc1)[C@H]1CC[C@H]2[C@@H]3C(=O)C[C@@H]4CC(=O)CC[C@]4(C)[C@H]3CC(=O)[C@]12C
CHEMBL3137783,CC(=O)C1CC[C@H]2[C@@H]3CC[C@H]4CC(=O)CC[C@]4(C)[C@H]3CC[C@]12C
CHEMBL3137784,C[C@H](CCC(=O)OCCc1ccc(S(N)(=O)=O)cc1)[C@H]1CC[C@H]2[C@@H]3[C@H](O)C[C@@H]4C[C@H](O)CC[C@]4(C)[C@H]3CC[C@]12C
CHEMBL3137785,C[C@H](CCC(=O)Nc1ccc(S(N)(=O)=O)cc1F)[C@H]1CC[C@H]2[C@@H]3[C@H](O)C[C@@H]4C[C@H](O)CC[C@]4(C)[C@H]3CC[C@]12C
CHEMBL3137786,C[C@H](CCC(=O)Nc1c(S(N)(=O)=O)cc(S(N)(=O)=O)c(Cl)c1Cl)[C@H]1CC[C@H]2[C@@H]3CC[C@@H]4C[C@H](O)CC[C@]4(C)[C@H]3C[C@H](O)[C@]12C
CHEMBL3137787,C[C@H](CCC(=O)NCCc1ccc(S(N)(=O)=O)cc1)[C@H]1CC[C@H]2[C@@H]3CC[C@@H]4C[C@H](O)CC[C@]4(C)[C@H]3C[C@H](O)[C@]12C
CHEMBL3137788,C[C@H](CCC(=O)Nc1cc(Cl)c(S(N)(=O)=O)cc1S(N)(=O)=O)[C@H]1CC[C@H]2[C@@H]3[C@H](O)C[C@@H]4C[C@H](O)CC[C@]4(C)[C@H]3C[C@H](O)[C@]12C
CHEMBL3137789,C[C@H](CCC(=O)NCCC(=O)Nc1nnc(S(N)(=O)=O)s1)[C@H]1CC[C@H]2[C@@H]3CC[C@@H]4C[C@H](O)CC[C@]4(C)[C@H]3C[C@H](O)[C@]12C
CHEMBL3137790,C[C@]12CCC(=O)C[C@@H]1CC[C@@H]1[C@@H]2CC[C@]2(C)C(C(=O)CO)CC[C@@H]12
CHEMBL3137791,C[C@H](CCC(=O)Nc1ccc(S(N)(=O)=O)cc1I)[C@H]1CC[C@H]2[C@@H]3CC[C@@H]4C[C@H](O)CC[C@]4(C)[C@H]3CC[C@]12C
CHEMBL3137792,C[C@H](CCC(=O)Nc1ccc(S(N)(=O)=O)cc1Br)[C@H]1CC[C@H]2[C@@H]3CC[C@@H]4C[C@H](O)CC[C@]4(C)[C@H]3C[C@H](O)[C@]12C
CHEMBL3137793,C[C@H](CCC(=O)Nc1nnc(S(N)(=O)=O)s1)[C@H]1CC[C@H]2[C@@H]3C(=O)C[C@@H]4CC(=O)CC[C@]4(C)[C@H]3CC(=O)[C@]12C
CHEMBL3137794,C[C@H](CCC(=O)Nc1c(S(N)(=O)=O)cc(S(N)(=O)=O)c(Cl)c1Cl)[C@H]1CC[C@H]2[C@@H]3[C@@H](O)C[C@@H]4C[C@H](O)CC[C@]4(C)[C@H]3CC[C@]12C
CHEMBL3137795,C[C@H](CCC(=O)OCCOc1ccc2nc(S(N)(=O)=O)sc2c1)[C@H]1CC[C@H]2[C@@H]3[C@H](O)C[C@@H]4C[C@H](O)CC[C@]4(C)[C@H]3C[C@H](O)[C@]12C
CHEMBL3137796,C[C@H](CCC(=O)Nc1nnc(S(N)(=O)=O)s1)[C@H]1CC[C@H]2[C@@H]3CC[C@@H]4C[C@H](O)CC[C@]4(C)[C@H]3C[C@H](O)[C@]12C
CHEMBL3137797,C[C@H](CCC(=O)Nc1ccc(S(N)(=O)=O)cc1)[C@H]1CC[C@H]2[C@@H]3CC[C@@H]4C[C@H](O)CC[C@]4(C)[C@H]3CC[C@]12C
CHEMBL3137798,C[C@H](CCC(=O)Nc1ccccc1S(N)(=O)=O)[C@H]1CC[C@H]2[C@@H]3[C@H](O)C[C@@H]4C[C@H](O)CC[C@]4(C)[C@H]3C[C@H](O)[C@]12C
CHEMBL3137799,C[C@H](CCC(=O)Nc1ccc(S(N)(=O)=O)cc1Br)[C@H]1CC[C@H]2[C@@H]3[C@H](O)C[C@@H]4C[C@H](O)CC[C@]4(C)[C@H]3C[C@H](O)[C@]12C
CHEMBL3137800,CC(=O)[C@H]1CC[C@H]2[C@@H]3CC[C@@H]4C[C@H](O)CC[C@]4(C)[C@H]3C[C@H](O)[C@]12C
CHEMBL3137801,CC1([C@H]2CC[C@H]3[C@@H]4CC[C@H]5C[C@H](O)CC[C@]5(C)[C@H]4CC[C@]23C)OCCO1
CHEMBL3137802,C[C@H](CCC(=O)NCCC(=O)Nc1nnc(S(N)(=O)=O)s1)[C@H]1CC[C@H]2[C@@H]3[C@H](O)C[C@@H]4C[C@H](O)CC[C@]4(C)[C@H]3C[C@H](O)[C@]12C
CHEMBL3137803,CC1([C@H]2CC[C@H]3[C@@H]4CC[C@@H]5C[C@H](O)CC[C@]5(C)[C@H]4CC[C@]23C)OCCO1
CHEMBL3137804,C[C@H](CCC(=O)Nc1ccc(S(N)(=O)=O)cc1Cl)[C@H]1CC[C@H]2[C@@H]3[C@@H](O)C[C@@H]4C[C@H](O)CC[C@]4(C)[C@H]3CC[C@]12C
CHEMBL3137805,C[C@H](CCC(=O)Nc1cc(Cl)c(S(N)(=O)=O)cc1S(N)(=O)=O)[C@H]1CC[C@H]2[C@@H]3[C@@H](O)C[C@@H]4C[C@H](O)CC[C@]4(C)[C@H]3CC[C@]12C
CHEMBL3137806,C[C@H](CCC(=O)NNc1ccc(S(N)(=O)=O)cc1)[C@H]1CC[C@H]2[C@@H]3CC[C@@H]4C[C@H](O)CC[C@]4(C)[C@H]3CC[C@]12C
CHEMBL3137807,C[C@H](CCC(=O)Nc1cc(Cl)c(S(N)(=O)=O)cc1S(N)(=O)=O)[C@H]1CC[C@H]2[C@@H]3C(=O)C[C@@H]4CC(=O)CC[C@]4(C)[C@H]3CC(=O)[C@]12C
CHEMBL3137808,C[C@H](CCC(=O)Nc1c(S(N)(=O)=O)cc(S(N)(=O)=O)c(Cl)c1Cl)[C@H]1CC[C@H]2[C@@H]3C(=O)C[C@@H]4CC(=O)CC[C@]4(C)[C@H]3CC(=O)[C@]12C
CHEMBL3137809,CC(CCC(C)C(C)(C)C)C1CC[C@H]2[C@@H]3C[C@H](OS(=O)(=O)[O-])C4C[C@H](OS(=O)(=O)[O-])[C@@H](OS(=O)(=O)[O-])CC4(C)[C@H]3CCC12C.[Na+].[Na+].[Na+]
CHEMBL3137810,C[C@H](CCC(=O)OCCOc1ccc2nc(S(N)(=O)=O)sc2c1)[C@H]1CC[C@H]2[C@@H]3[C@H](O)C[C@@H]4C[C@H](O)CC[C@]4(C)[C@H]3CC[C@]12C
CHEMBL3137811,C[C@H](CCC(=O)OCCOc1ccc2nc(S(N)(=O)=O)sc2c1)[C@H]1CC[C@H]2[C@@H]3[C@@H](O)C[C@@H]4C[C@H](O)CC[C@]4(C)[C@H]3CC[C@]12C
CHEMBL3137812,CCCCCCCCC1CC[C@H]2[C@@H]3CCC4C[C@@H](CC(=O)C(F)(F)C(F)(F)F)CCC4(C)[C@H]3CCC12C
CHEMBL3137813,CC(=O)C1CC[C@H]2[C@@H]3CC[C@H]4C/C(=N\O)CCC4(C)[C@H]3CCC12C
CHEMBL3137814,C[C@H](CCC(=O)OCCOc1ccc2nc(S(N)(=O)=O)sc2c1)[C@H]1CC[C@H]2[C@@H]3CC[C@@H]4C[C@H](O)CC[C@]4(C)[C@H]3CC[C@]12C
CHEMBL3137815,CC(=O)[C@H]1CC[C@H]2[C@@H]3CC[C@H]4C[C@H](O)[C@@H](N5CCOCC5)C[C@]4(C)[C@H]3C(=O)C[C@]12C
CHEMBL3137816,CC(=O)C1CC[C@H]2[C@@H]3CC[C@H]4C[C@@H](O)CCC4(C)[C@H]3CCC12C
CHEMBL3137817,C[C@]12C[C@H](N3CCOCC3)[C@@H](O)C[C@@H]1CC[C@H]1[C@@H]3CC[C@H](C(=O)CO)[C@@]3(C)CC(=O)[C@@H]12
CHEMBL3137818,C[C@]12C[C@H](N3CCOCC3)[C@@H](O)C[C@@H]1CC[C@@H]1[C@@H]2CC[C@]2(C)[C@@H](C(=O)CO)CC[C@@H]12
CHEMBL3137819,C[C@]12C[C@H](N3CCOCC3)[C@@H](O)C[C@@H]1CC[C@@H]1[C@@H]2CC[C@]2(C)[C@@H](C(=O)CBr)CC[C@@H]12
CHEMBL3137820,CC(C)N(C(=O)[C@H]1CC[C@H]2[C@@H]3CC[C@H]4C/C(=C/C(=O)O)CC[C@]4(C)[C@H]3CC[C@]12C)C(C)C
CHEMBL3137821,CC(=O)[C@H]1CC[C@H]2[C@@H]3CC[C@H]4C[C@H](O)[C@@H](N5CCSCC5)C[C@]4(C)[C@H]3CC[C@]12C
CHEMBL3137822,CC(=O)[C@H]1CC[C@H]2[C@@H]3CC[C@H]4C[C@H](O)[C@@H](N5CCSCC5)C[C@]4(C)[C@H]3C(=O)C[C@]12C
CHEMBL3137823,CC(=O)C1CC[C@H]2[C@@H]3CC[C@@H]4C[C@H](O)CCC4(C)[C@H]3CCC12C
CHEMBL3137824,CC(=O)[C@H]1CC[C@H]2[C@@H]3CC[C@H]4C[C@H](O)[C@@H](N5CC(C)(C)SC(C)(C)C5)C[C@]4(C)[C@H]3C(=O)C[C@]12C
CHEMBL3137825,C[C@]12C[C@H](N3CCOCC3)[C@@H](O)C[C@@H]1CC[C@@H]1[C@@H]2CC[C@]2(C)[C@@H](C(=O)CCl)CC[C@@H]12
CHEMBL3137826,CC(=O)C1CC[C@H]2[C@@H]3CC[C@@H]4C[C@@H](O)CCC4(C)[C@H]3CCC12C
CHEMBL3137827,COC1CC[C@@]2(C)[C@@H](CC[C@@H]3[C@@H]2[C@@H](O)C[C@]2(C)[C@@H](NCCN)CC[C@@H]32)C1
CHEMBL3137828,C[C@H](CCC(=O)O)C1CC[C@H]2[C@@H]3[C@H](O)[C@H](Cc4ccccc4)C4C[C@H](O)CC[C@]4(C)[C@H]3CC[C@]12C
CHEMBL3137829,C[C@H](CCC(=O)O)C1CC[C@H]2[C@@H]3[C@H](O)[C@H](C)C4C[C@H](O)CC[C@]4(C)[C@H]3CC[C@]12C
CHEMBL3137830,CC12CCC(=O)CC1C[C@@H](F)[C@@H]1[C@@H]2CCC2(C)[C@H]1CC[C@]2(C)O
CHEMBL3137831,CC12CC[C@H]3[C@@H]([C@H](F)CC4CC(=O)CCC43C)[C@@H]1CCC2O
CHEMBL3137832,CC12CC[C@@H]3C4CCC(=O)CC4C[C@@H](I)[C@H]3[C@@H]1CC[C@]2(C)O
CHEMBL3137833,CC(C)(C)C(=O)OCC(O)[C@@]1(O)CC[C@H]2[C@@H]3CCC4C[C@H](O)CCC4(C)[C@H]3C(=O)CC21C
CHEMBL3137834,C[C@]12CC[C@H]3[C@@H](CCC4CC(=O)CC[C@@]43C)[C@@H]1C[C@@H](F)[C@@H]2O
CHEMBL3137835,C[C@]12CCC(F)(F)C[C@@H]1CC[C@@H]1[C@@H]2CC[C@]2(C)[C@@H](O)CC[C@@H]12
CHEMBL3137836,C[C@]12CC[C@H]3[C@@H](CC[C@]45O[C@H]4C(=O)[C@H]4O[C@H]4[C@]35O)[C@@H]1CCC2=O
CHEMBL3137837,CC(CCC(=O)N1CCC[C@@H]1C(=O)O)C1CC[C@H]2[C@@H]3[C@@H](O)CC4C[C@H](O)CC[C@]4(C)[C@H]3CC[C@]12C
CHEMBL3137838,CC(CCC(=O)NCC(=O)O)C1CC[C@H]2[C@@H]3[C@H](O)CC4C[C@H](O)CCC4(C)[C@H]3CCC12C
CHEMBL3137839,CC(=O)OCC12CC[C@H]3[C@@H](CC[C@H]4CC(O)CCC43C)[C@@H]1CCC2[C@@H](C)O
CHEMBL3137840,C[C@@H](O)C1CC[C@H]2[C@@H]3CC[C@H]4CC(=O)CCC4(C)[C@H]3CCC12CO
CHEMBL3137841,CC(CCC(=O)NCCS(=O)(=O)[O-])C1CC[C@H]2[C@@H]3[C@@H](O)CC4C[C@H](O)CCC4(C)[C@H]3CCC12C.[Na+]
CHEMBL3137842,CC(=O)OCC12CC[C@H]3[C@@H](CC[C@H]4CC(=O)CCC43C)[C@@H]1CCC2[C@@H](C)O
CHEMBL3137843,CC1(O)OCC23CC[C@H]4[C@@H](CC[C@H]5CC(O)CCC54C)[C@@H]2CCC13
CHEMBL3137844,CC1(O)OCC23CC[C@H]4[C@@H](CC[C@H]5CC(=O)CCC54C)[C@@H]2CCC13
CHEMBL3137845,C[C@]12CC[C@](O)(CCc3ccccc3)CC1CC[C@@H]1[C@@H]2CC[C@]2(C)C(=O)CC[C@@H]12
CHEMBL3137846,CC(C1CC1C(=O)O)C1CC[C@H]2[C@@H]3[C@@H](O)CC4C[C@H](O)CCC4(C)[C@H]3CCC12C
CHEMBL3137847,CC1CC[C@@]2(OC1)OC1C[C@H]3[C@@H]4CC[C@H]5C[C@@H](OC6OC(CCl)C(OC7OC(CCl)C(O)C(O)C7O)C(O)C6O)CC[C@]5(C)[C@H]4C(=O)C[C@]3(C)C1[C@@H]2C
CHEMBL3137848,CC(C)CCCC(C)[C@H]1CC[C@H]2[C@@H]3CCC4C[C@@H](CCC=C(c5cc(Cl)c(O)c(C(=O)NCC(=O)O)c5)c5cc(Cl)c(O)c(C(=O)NCC(=O)O)c5)CC[C@]4(C)[C@H]3CC[C@]12C
CHEMBL3137849,CC1CC[C@@]2(OC1)OC1C[C@H]3[C@@H]4CC[C@H]5C[C@@H](OC6OC(CF)C(OC7OC(CF)C(O)C(O)C7O)C(O)C6O)CC[C@]5(C)[C@H]4C(=O)C[C@]3(C)C1[C@@H]2C
CHEMBL3137850,CC(C)CCCC(C)[C@H]1CC[C@H]2[C@@H]3CCC4C[C@@H](CCC=C(c5cc(Cl)c(O)c(C(=O)NCC(=O)OC(C)(C)C)c5)c5cc(Cl)c(O)c(C(=O)NCC(=O)OC(C)(C)C)c5)CC[C@]4(C)[C@H]3CC[C@]12C
CHEMBL3137851,CCC[C@@]1(O)CC[C@@]2(C)C(CC[C@@H]3[C@@H]2CC[C@]2(C)C(=O)CC[C@@H]32)C1
CHEMBL3137852,C[C@]12CC[C@](O)(Cc3ccccc3)CC1CC[C@@H]1[C@@H]2CC[C@]2(C)C(=O)CC[C@@H]12
CHEMBL3137853,CC(C)CCCC(C)[C@H]1CC[C@H]2[C@@H]3CCC4C[C@@H](CCC=C(c5cc(Cl)c(O)c(C(=O)NCCC(=O)O)c5)c5cc(Cl)c(O)c(C(=O)NCCC(=O)O)c5)CC[C@]4(C)[C@H]3CC[C@]12C
CHEMBL3137854,C[C@@]1(O)CC[C@@]2(C)C(CC[C@@H]3[C@@H]2CC[C@]2(C)C(=O)CC[C@@H]32)C1
CHEMBL3137855,CC(C)CCCC(C)[C@H]1CC[C@H]2[C@@H]3CCC4C[C@@H](CCCC(c5cc(Cl)c(O)c(C(=O)NCC(=O)O)c5)c5cc(Cl)c(O)c(C(=O)NCC(=O)O)c5)CC[C@]4(C)[C@H]3CC[C@]12C
CHEMBL3137856,CCCCCC[C@@]1(O)CC[C@@]2(C)C(CC[C@@H]3[C@@H]2CC[C@]2(C)C(=O)CC[C@@H]32)C1
CHEMBL3137857,C[C@]12CC[C@](O)(CC3CCCCC3)CC1CC[C@@H]1[C@@H]2CC[C@]2(C)C(=O)CC[C@@H]12
CHEMBL3137858,CC1CC[C@@]2(OC1)OC1C[C@H]3[C@@H]4CC[C@H]5C[C@@H](O[C@@H]6O[C@H](CO)[C@@H](O)[C@H](O)[C@H]6O)CC[C@]5(C)[C@H]4C(=O)C[C@]3(C)C1[C@@H]2C
CHEMBL3137859,CC(C)CCC[C@@H](C)[C@H]1[C@@H](O)C[C@H]2[C@@H]3CC(=O)[C@H]4CC(=O)CC[C@]4(C)[C@H]3CC[C@]12C
CHEMBL3137860,CC(=O)[C@@H]1CC[C@H]2[C@@H]3CC[C@H]4C[C@@H](OS(=O)(=O)O)CC[C@@]4(C)[C@H]3CC[C@@]12C.N
CHEMBL3137861,CC(=O)O[C@H]1CC[C@H]2[C@@H]3CC[C@]45OC4C(=O)C(S(C)(=O)=O)C[C@]5(C)[C@H]3CC[C@]12C
CHEMBL3137862,C[C@]12CC[C@H]3[C@@H](CC[C@]45OC4C(=O)C(S(C)(=O)=O)C[C@]35C)[C@@H]1CC[C@@H]2O
CHEMBL3137863,CC(C)CCC[C@@H](C)[C@H]1CC[C@H]2[C@@H]3CCC4[C@H](Cc5ccc(OC(F)(F)F)cc5)[C@H](O)CC[C@]4(C)[C@H]3CC[C@]12C
CHEMBL3137864,CC/C=C/C[C@H]1C2CC[C@H]3[C@@H]4CC[C@H]([C@H](C)CCCC(C)C)[C@@]4(C)CC[C@@H]3[C@@]2(C)CC[C@H]1O
CHEMBL3137865,CC(C)CCC[C@@H](C)[C@H]1CC[C@H]2[C@@H]3CCC4[C@H](C/C=C/c5ccccc5)[C@H](O)CC[C@]4(C)[C@H]3CC[C@]12C
CHEMBL3137866,CC(C)CCC[C@@H](C)[C@H]1CC[C@H]2[C@@H]3CCC4[C@H](Cc5ccc(C(=O)O)cc5)[C@H](O)CC[C@]4(C)[C@H]3CC[C@]12C
CHEMBL3137867,C/C=C\C[C@H]1C2CC[C@H]3[C@@H]4CC[C@H]([C@H](C)CCCC(C)C)[C@@]4(C)CC[C@@H]3[C@@]2(C)CC[C@H]1O
CHEMBL3137868,C=C[C@H]1C2CC[C@H]3[C@@H]4CC[C@H]([C@H](C)CCCC(C)C)[C@@]4(C)CC[C@@H]3[C@@]2(C)CC[C@H]1O
CHEMBL3137869,Cc1ccc(C[C@H]2C3CC[C@H]4[C@@H]5CC[C@H]([C@H](C)CCCC(C)C)[C@@]5(C)CC[C@@H]4[C@@]3(C)CC[C@H]2O)cc1
CHEMBL3137870,CC(C)CCC[C@@H](C)[C@H]1CC[C@H]2[C@@H]3CCC4[C@H](Cc5ccc(CO)cc5)[C@H](O)CC[C@]4(C)[C@H]3CC[C@]12C
CHEMBL3137871,C#CC[C@H]1C2CC[C@H]3[C@@H]4CC[C@H]([C@H](C)CCCC(C)C)[C@@]4(C)CC[C@@H]3[C@@]2(C)CC[C@H]1O
CHEMBL3137872,CC(C)CCC[C@@H](C)[C@H]1CC[C@H]2[C@@H]3CCC4[C@H](Cc5ccccc5)[C@H](O)CC[C@]4(C)[C@H]3CC[C@]12C
CHEMBL3137873,CCCC[C@H]1C2CC[C@H]3[C@@H]4CC[C@H]([C@H](C)CCCC(C)C)[C@@]4(C)CC[C@@H]3[C@@]2(C)CC[C@H]1O
CHEMBL3137874,C=CC[C@H]1[C@H](O)CC[C@@]2(C)[C@@H]1CC[C@@H]1[C@@H]2CC[C@]2(C)[C@@H]([C@H](C)CCCC(C)C)CC[C@@H]12
CHEMBL3137875,C/C=C/C[C@H]1C2CC[C@H]3[C@@H]4CC[C@H]([C@H](C)CCCC(C)C)[C@@]4(C)CC[C@@H]3[C@@]2(C)CC[C@@H]1O
CHEMBL3137876,CC(C)CCC[C@@H](C)[C@H]1CC[C@H]2[C@@H]3CCC4[C@H](Cc5ccccc5F)[C@H](O)CC[C@]4(C)[C@H]3CC[C@]12C
CHEMBL3137877,CC(C)CCC[C@@H](C)[C@H]1CC[C@H]2[C@@H]3CC[C@H]4[C@H](Cc5ccccc5)C(=O)CC[C@]4(C)[C@H]3CC[C@]12C
CHEMBL3137878,CC(C)CCC[C@@H](C)[C@H]1CC[C@H]2[C@@H]3CCC4[C@H](Cc5ccc(Cl)c(Cl)c5)[C@H](O)CC[C@]4(C)[C@H]3CC[C@]12C
CHEMBL3137879,C=CC[C@@H]1C[C@H]2[C@@H]3CC[C@H]([C@H](C)CCCC(C)C)[C@@]3(C)CC[C@@H]2[C@@]2(C)CC[C@@H](O)CC12
CHEMBL3137880,CC(C)CCC[C@@H](C)[C@H]1CC[C@H]2[C@@H]3CCC4[C@H](Cc5ccc(F)cc5F)[C@H](O)CC[C@]4(C)[C@H]3CC[C@]12C
CHEMBL3137881,CC(C)CCC[C@@H](C)[C@H]1CC[C@H]2[C@@H]3CCC4[C@H](Cc5cccc(I)c5)[C@H](O)CC[C@]4(C)[C@H]3CC[C@]12C
CHEMBL3137882,C/C=C(\C)C[C@H]1C2CC[C@H]3[C@@H]4CC[C@H]([C@H](C)CCCC(C)C)[C@@]4(C)CC[C@@H]3[C@@]2(C)CC[C@H]1O
CHEMBL3137883,C=CC[C@H]1C2CC[C@H]3[C@@H]4CC[C@H]([C@H](C)CCCC(C)(C)O)[C@@]4(C)CC[C@@H]3[C@@]2(C)CC[C@H]1O
CHEMBL3137884,CC(C)CCC[C@@H](C)[C@H]1CC[C@H]2[C@@H]3CCC4[C@H](C/C=C/CO)[C@H](O)CC[C@]4(C)[C@H]3CC[C@]12C
CHEMBL3137885,C=CC[C@@H]1C[C@@]2(C)C(CC[C@H]3[C@@H]4CC[C@H]([C@H](C)CCCC(C)C)[C@@]4(C)CC[C@@H]32)C[C@@H]1O
CHEMBL3462024,O=C1CC(CNc2cncc(Cl)n2)c2ccccc2N1
CHEMBL3462025,Cc1ccc(N2CCCC(NC(=O)Cc3csc(C)n3)C2=O)cc1
CHEMBL3462026,Cc1cc(N2CCC(NCCOc3ccccc3)CC2)nc(C)n1
CHEMBL3462027,Cc1cc(NCC(=O)N(C)Cc2cccs2)c(C(N)=O)cc1F
CHEMBL3462028,O=C(NC(CN1CCCC1)c1ccccc1)c1c(O)cc(F)cc1F
CHEMBL3462029,O=C1CC(CNc2cncc(Br)c2)c2ccccc2N1
CHEMBL3462030,O=C(Nc1ccccc1OC1CCOC1)c1cc[nH]n1
CHEMBL3462031,NC(=O)CN(C(=O)c1c[nH]c2ncccc12)C1CCCC1
CHEMBL3462032,O=C(Nc1ccccc1OC1CCOC1)c1ccon1
CHEMBL3462033,O=S1(=O)CCC(N2CCN(c3cc(C(F)(F)F)ccn3)CC2)C1
CHEMBL3462034,CS(=O)(=O)CCC(=O)NC1CC(c2ccccc2Cl)C1
CHEMBL3462035,Cc1cnn(-c2cccc(N3CCCC3)n2)c1
CHEMBL3462036,COc1ccccc1C(=O)N1CCCC1c1nncn1CC(C)C
CHEMBL3462037,COCCN(C(=O)c1c[nH]c2ncccc12)C1CCCC1
CHEMBL3462038,Cc1cnn(-c2cccc(N3CCCCC3)n2)c1
CHEMBL3462039,COC(=O)c1cnc(C(=O)N(c2ccc(OC)c(F)c2)C(C)C)cn1
CHEMBL3462040,Cc1ncccc1C(=O)Nc1cccc2c1C(=O)NC2
CHEMBL3462041,Cc1ccc(O)c(C(=O)N2CCCC2c2nncn2CC(C)C)c1
CHEMBL3462042,Cc1ccc(C(=O)Nc2cccc3c2C(=O)NC3)c(C)n1
CHEMBL3462043,CCOCc1ccccc1NC(=O)NCC(C)(O)c1cc(C)oc1C
CHEMBL3462044,Cc1cc(NCC2CC(=O)Nc3ccccc32)nc(C)n1
CHEMBL3462045,COc1ccc2cc(CN(C)C(C)c3nc(C4CC4)no3)ccc2c1
CHEMBL3462046,CCN(CC)C(=O)Cc1csc(C(C)C)n1
CHEMBL3462047,COCCNC(=O)c1cc(F)ccc1NS(C)(=O)=O
CHEMBL3462048,CC(c1nc(C2CC2)no1)N(C)Cc1ccc(Cl)cc1
CHEMBL3462049,CC(c1nc(C2CC2)no1)N(C)Cc1ccc(C#N)cc1
CHEMBL3462050,CC(c1nc(C2CC2)no1)N(C)Cc1ccc2c(c1)OCCO2
CHEMBL3462051,CC(=O)N1CCC[C@H]1C(=O)N(C)CCCOc1ccccc1
CHEMBL3462052,CCOCc1ccccc1NC(=O)NCC(C)(O)c1ccsc1
CHEMBL3462053,O=C(Nc1ccccc1OC1CCOC1)c1[nH]nc2c1CCCC2
CHEMBL3462054,Cc1nc(C)c(C)c(N2CCC(NCCOc3ccccc3)CC2)n1
CHEMBL3462055,COc1ccc(F)cc1CSCC(=O)N(C)C1CC1
CHEMBL3462056,Cc1ncc2c(n1)CN(C(C(N)=O)c1ccc(F)cc1)CC2
CHEMBL3462057,CCN(CC(=O)NC)C(=O)Cc1csc(C(C)C)n1
CHEMBL3462058,CCS(=O)(=O)c1ccc2c(c1)OCCCO2
CHEMBL3462059,CC(C)Cn1cnnc1C1CCCN1C(=O)c1ccc(F)cc1F
CHEMBL3462060,COc1ccc(N(C(=O)c2cnc(C)cn2)C(C)C)cc1F
CHEMBL3462061,COc1cc(F)ccc1N(C)Cc1ccccn1
CHEMBL3462062,Cc1cnn(-c2cccc(N3CCN(c4cc(C)nc(C)n4)CC3)n2)c1
CHEMBL3462063,N#Cc1cnc2ccccc2c1N1CCN(C(=O)C2CCC2)CC1
CHEMBL3462064,COc1ccc(N(C(=O)c2ccccn2)C(C)C)cc1F
CHEMBL3462065,CCNC(=O)CN(CC)C(=O)Cc1csc(C(C)C)n1
CHEMBL3462066,CCS(=O)(=O)c1ccc2c(c1)OCCO2
CHEMBL3462067,COc1ccc(C(=O)N(c2ccc(OC)c(F)c2)C(C)C)cn1
CHEMBL3462068,CC(c1nc(C2CC2)no1)N(C)Cc1cccc(F)c1
CHEMBL3462069,CNC(=O)CN(C)C(=O)Cc1csc(C(C)C)n1
CHEMBL3462070,N#Cc1cccnc1NC1CCN(c2ccccc2OC(F)F)C1=O
CHEMBL3462071,CS(=O)(=O)CCN(CC1CCCO1)C1CCCC1
CHEMBL3462072,COc1cccc2c1N(Cc1noc(C3CC3)n1)CCC2
CHEMBL3462073,O=C(NCc1cccnc1)N1CCSCC1CCO
CHEMBL3462074,O=C(NCc1ccncc1)N1CCSCC1CCO
CHEMBL3462075,CC(C)c1nnc2n1CCN(C(=O)c1ccc(OCC3CC3)nc1)C2
CHEMBL3462076,COc1c(CNCC(O)COc2ccc3c(c2)OCO3)c(C)nn1C
CHEMBL3462077,Nc1nccnc1C(=O)N1CCN(Cc2cccc3ccccc23)CC1
CHEMBL3462078,O=C(Nc1nncs1)c1ccc(-n2cnnn2)cc1
CHEMBL3462079,COc1cccc2c1N(Cc1nc(C3CC3)no1)CCC2
CHEMBL3462080,CC(C)C(NC(=O)c1ccco1)C(=O)N1CCC2(CC1)OCCO2
CHEMBL3462081,CC(C)C(NC(=O)c1ccccc1F)C(=O)N1CCC2(CC1)OCCO2
CHEMBL3462082,COc1ccccc1CCNC(=O)NC(C)COCC(F)(F)F
CHEMBL3462083,CN(C)c1cc(C(=O)NCC2(c3cccc(F)c3)CCOCC2)ccn1
CHEMBL3462084,Cc1nn(C)c(Cl)c1CNCCOc1ccc2c(c1)OCO2
CHEMBL3462085,Cc1nc(CNCC(O)COc2ccc3c(c2)OCO3)cs1
CHEMBL3462086,N#Cc1cccc(NC(=O)N2CCCC(N3CCCC3=O)C2)c1
CHEMBL3462087,Cn1cccc(NC(=O)COc2ccc(Br)cc2)c1=O
CHEMBL3462088,COc1ccc2c(c1)C(=O)N(C)C1(CCN(CC=C(C)C)CC1)N2
CHEMBL3462089,COCc1ccccc1C(=O)N1CCn2c(nnc2C(C)C)C1
CHEMBL3462090,Cn1cnc2c1CCN(CC(=O)N(Cc1ccccc1F)C1CC1)C2
CHEMBL3462091,CC(C)c1nnc2n1CCN(C(=O)c1ccccc1OCC1CC1)C2
CHEMBL3462092,N#Cc1nccnc1NC1CCN(c2ccccc2Br)C1
CHEMBL3462093,CC(C)C(O)CNC(=O)Nc1ccc(F)c(Cl)c1
CHEMBL3462094,COc1ccc2c(c1)C(=O)N(C)C1(CCN(CC3CC3)CC1)N2
CHEMBL3462095,COCCS(=O)(=O)Nc1ccc(-n2nccc2C(F)(F)F)cc1
CHEMBL3462096,Cc1cccc(C)c1OCC(=O)Nc1cccn(C)c1=O
CHEMBL3462097,Cn1cccc(NC(=O)COc2ccc(Cl)cc2)c1=O
CHEMBL3462098,COc1ccccc1N1CCCC(Nc2nccnc2C#N)C1
CHEMBL3462099,N#Cc1nccnc1NC1CCN(c2ccccc2OC(F)F)C1
CHEMBL3462100,COCC(C)NC(=O)NCCc1cccc(OC)c1O
CHEMBL3462101,COCCNC(=O)NCCc1cccc(OC)c1O
CHEMBL3462102,CN(C)S(=O)(=O)Nc1ccc(-n2nccc2C(F)(F)F)cc1
CHEMBL3462103,CCn1cc(C(=O)Nc2ccc(C)cc2C(=O)OC)cn1
CHEMBL3462104,Cn1cnc2c1CCN(CC(=O)N(Cc1ccsc1)C1CC1)C2
CHEMBL3462105,O=C(NCc1ccncc1)N1CCSCC1c1ccc(Cl)cc1
CHEMBL3462106,CCn1cc(C(=O)Nc2ccc(C)cc2C(=O)NC)cn1
CHEMBL3462107,N#Cc1cccnc1NCCC1CCN(CC(F)(F)F)CC1
CHEMBL3462108,Nc1nccnc1C(=O)N1CC(OCc2cccc3ccccc23)C1
CHEMBL3462109,CSc1ccc(NC(=O)NCC(O)C(C)C)cc1F
CHEMBL3462110,CSc1ccc(NC(=O)NCC(O)C2CC2)cc1F
CHEMBL3462111,N#Cc1nccnc1NCCC1CCN(CC(F)(F)F)CC1
CHEMBL3462112,N#Cc1ccc(NCCC2CCN(CC(F)(F)F)CC2)nc1
CHEMBL3462113,FC(F)(F)CN1CCC(CCNc2ncccn2)CC1
CHEMBL3462114,FC(F)c1nnc2ccc(N3CCC4(CCCCC4)C3)nn12
CHEMBL3462115,Cc1nnc2ccc(N3CCC4(CCOC4)C3)nn12
CHEMBL3462116,CC(C)OCCS(=O)(=O)c1ccccc1C#N
CHEMBL3462117,NS(=O)(=O)CCN1CCOC(c2ccsc2)C1
CHEMBL3462118,O=C1CCC(=O)N1CCN1CCOC(c2ccsc2)C1
CHEMBL3462119,Cn1cnn(CC(=O)NCc2ccccc2F)c1=O
CHEMBL3462120,Cn1cnn(Cc2ccccc2F)c1=O
CHEMBL3462121,O=C1C(Nc2ncccn2)CCN1c1ccccc1OC(F)F
CHEMBL3462122,N#Cc1nccnc1NC1CCN(c2c(F)cccc2F)C1
CHEMBL3462123,COc1ccccc1N1CCCC(Nc2ncccn2)C1=O
CHEMBL3462124,COc1cccc(CCNC(=O)NC(C)C)c1O
CHEMBL3462125,COc1ccc2c(c1)C(=O)N(C)C1(CCN(C(=O)OC(C)(C)C)CC1)N2
CHEMBL3462126,c1ccc(-c2nnc3ccc(N4CCC5(CCOC5)C4)nn23)cc1
CHEMBL3462127,Cn1cnn(Cc2c(F)cccc2Br)c1=O
CHEMBL3462128,CN(C)S(=O)(=O)Nc1ccc(-n2nncc2C(F)(F)F)cc1
CHEMBL3462129,NC(=O)N1CC(OCc2cccc3ccccc23)C1
CHEMBL3462130,O=C(Cc1ccc(-n2cnnn2)cc1)Nc1nncs1
CHEMBL3462131,CN(CCO)C(=O)Nc1ccn(-c2cccc(C(F)(F)F)c2)n1
CHEMBL3462132,COCCNC(=O)Nc1ccn(-c2cccc(C(F)(F)F)c2)n1
CHEMBL3462133,N#Cc1ccccc1N1CCC(Nc2nccnc2C#N)CC1
CHEMBL3462134,FC(F)c1nnc2ccc(N3CCC4(CCOC4)C3)nn12
CHEMBL3462135,CC(C)C(NC(=O)c1ccccc1)C(=O)N1CCC2(CC1)OCCO2
CHEMBL3462136,NS(=O)(=O)CCN1CCOC(c2ccc(Cl)cc2)C1
CHEMBL3462137,CCS(=O)(=O)CCN(CC1CCCO1)C1CCCC1
CHEMBL3462138,COc1ccccc1S(=O)(=O)CCOC(C)C
CHEMBL3462139,Cc1ccc(OCCN(C)Cc2cscn2)cc1
CHEMBL3462140,Cc1ccccc1S(=O)(=O)CCOC(C)C
CHEMBL3462141,CN(CCOc1ccc(Br)cc1)Cc1cscn1
CHEMBL3462142,Cc1cc(CN(C)Cc2ncc(-c3cccs3)o2)no1
CHEMBL3462143,CN(Cc1ccsc1)C(=O)CN1CCc2c(ncn2C)C1
CHEMBL3462144,CCN(CCS(=O)(=O)CC)CC1CCCO1
CHEMBL3462145,CCCS(=O)(=O)CCN1CCOC(c2ccsc2)C1
CHEMBL3462146,COCCc1noc(CN2CCCc3cccc(OC)c32)n1
CHEMBL3462147,CCc1nc(CN(C)Cc2nnc(-c3cccs3)o2)cs1
CHEMBL3462148,Cc1nsc(NC2CCN(c3ccccc3OC(F)F)C2=O)n1
CHEMBL3462149,Cc1cc(C)cc(OCCN(C)Cc2cscn2)c1
CHEMBL3462150,CCc1nc(CN(C)Cc2ncc(-c3cccs3)o2)cs1
CHEMBL3462151,COc1cccc2c1N(Cc1noc(C(C)(C)C)n1)CCC2
CHEMBL3462152,CCc1nnc2n1CCN(C(=O)c1ccccc1OCC1CC1)C2
CHEMBL3462153,COCCN(C)C(=O)Nc1ccn(-c2cccc(C(F)(F)F)c2)n1
CHEMBL3462154,CC(O)CN(C)C(=O)Nc1ccn(-c2cccc(C(F)(F)F)c2)n1
CHEMBL3462155,COc1cccc(NC(=O)N(CCO)C2CCc3ccccc32)c1
CHEMBL3462156,CCN(CC(=O)NCCc1nc(C)no1)Cc1ccc(Cl)cc1
CHEMBL3462157,CC(C)(C)OC(=O)N1CCC[C@H](NCC2CCOCC2)C1
CHEMBL3462158,Cc1ccc(CCNC(=O)c2cccnc2)o1
CHEMBL3462159,COC(=O)N1CCC(NC2CCSCC2)C1
CHEMBL3462160,CCC(=O)N1CCC(NC2CCCC2)C1
CHEMBL3462161,Cc1c(C(=O)N(C)CC(C)O)sc2nc(C(F)(F)F)ccc12
CHEMBL3462162,Cc1csc(C2CCCCN2C(=O)CCn2cncn2)n1
CHEMBL3462163,Cc1cccc(N(CCC(N)=O)C(=O)c2cnccn2)c1
CHEMBL3462164,CCS(=O)(=O)NCCNC(=O)N(Cc1ccc(C)o1)C(C)C
CHEMBL3462165,CC(C)C(=O)NCCNC(=O)C(C)OCC(F)(F)F
CHEMBL3462166,Cn1ncc2c(=O)[nH]c(CN3CCCc4cc(F)ccc43)nc21
CHEMBL3462167,Cc1cc(F)c2c(c1)CCCN2Cc1nc2c(cnn2C)c(=O)[nH]1
CHEMBL3462168,COc1cccc2c1N(Cc1nc3c(cnn3C)c(=O)[nH]1)CCC2
CHEMBL3462169,Cn1ncc2c(=O)[nH]c(CN3CCCc4cc(F)cc(F)c43)nc21
CHEMBL3462170,O=C(NCC(O)c1ccccc1C(F)(F)F)c1cccnc1
CHEMBL3462171,CCN(CC)Cc1ccc(C(=O)NC2CCc3ccccc32)o1
CHEMBL3462172,CC(=O)N1Cc2ccccc2C[C@H]1C(=O)Nc1ccccn1
CHEMBL3462173,CCN(CC)Cc1ccc(C(=O)NC2CCc3cc(F)ccc32)o1
CHEMBL3462174,CCN(CC)Cc1ccc(C(=O)NC2CCc3cc(Br)ccc32)o1
CHEMBL3462175,CCN(CC)Cc1ccc(C(=O)NC2CCc3cc(Cl)ccc32)o1
CHEMBL3462176,CC(C)N(Cc1ccccc1)C(=O)NCCNC(=O)c1cccnc1
CHEMBL3462177,CC(=O)N1Cc2ccccc2CC1C(=O)Nc1cc(C)ccn1
CHEMBL3462178,CC(=O)N1Cc2ccccc2CC1C(=O)Nc1ccc(C)cn1
CHEMBL3462179,NC(=O)CC1CCCCN1C(=O)c1ccc2cc[nH]c2c1
CHEMBL3462180,O=C(NCc1ccccn1)NCC(O)c1ccccc1C(F)(F)F
CHEMBL3462181,CCN(CC(=O)NCc1nc(C2CC2)no1)Cc1ccc(Cl)cc1
CHEMBL3462182,CC(=O)N1Cc2ccccc2CC1C(=O)Nc1ccc(N(C)C)cn1
CHEMBL3462183,CC(=O)c1cccc(NC(=O)N(CCO)C2CCc3ccccc32)c1
CHEMBL3462184,O=C(Nc1cn[nH]c1)N(CCCO)C1CCc2ccccc21
CHEMBL3462185,O=C(NCc1cccnc1)NCC(O)c1cccc(C(F)(F)F)c1
CHEMBL3462186,Cc1cccc(N(CCC(N)=O)C(=O)c2cc(-n3cccn3)ccn2)c1
CHEMBL3462187,Cc1csc(C2CCCCN2C(=O)Cn2cncn2)n1
CHEMBL3462188,COC(=O)NCCC(=O)NCC1(c2cccc(Cl)c2)CC1
CHEMBL3462189,O=C(CCc1ccncc1)Nc1ccc(OCC2CCOCC2)cc1
CHEMBL3462190,O=C(CCc1cccnc1)Nc1ccc(OCC2CCOCC2)cc1
CHEMBL3462191,COC(=O)NCCCC(=O)NCC1(c2cccc(Cl)c2)CC1
CHEMBL3462192,COC(=O)NCCCC(=O)NC1(c2cccc(Cl)c2)CC1
CHEMBL3462193,N#Cc1nccnc1N1CCC(c2nc(C(F)(F)F)c[nH]2)CC1
CHEMBL3462194,N#Cc1cccnc1N1CCC(c2nc(C(F)(F)F)c[nH]2)CC1
CHEMBL3462195,CNS(=O)(=O)CC1CCCN1C(=O)c1ccc(C)c(C)c1
CHEMBL3462196,CC(C)(C)c1csc(C2CCCCN2C(=O)CCn2cncn2)n1
CHEMBL3462197,N#Cc1ccc(N2CCC(c3nc(C(F)(F)F)c[nH]3)CC2)nc1
CHEMBL3462198,FC(F)(F)c1c[nH]c(C2CCN(c3ncccn3)CC2)n1
CHEMBL3462199,CN(Cc1cc(=O)c(O)co1)C1CCN(c2ccc(F)cc2)CC1
CHEMBL3462200,CNS(=O)(=O)CC1CCCN1C(=O)c1cccc(Cl)c1
CHEMBL3462201,Cn1cc(Br)cc(NC(=O)CC(C)(C)C)c1=O
CHEMBL3462202,CNS(=O)(=O)CC1CCCN1C(=O)c1ccc2cc[nH]c2c1
CHEMBL3462203,CCC(=O)Nc1cc(Br)cn(C)c1=O
CHEMBL3462204,Cn1cc(Br)cc(NC(=O)CC2CCC2)c1=O
CHEMBL3462205,Cc1cccc(N(CCC(N)=O)C(=O)c2ccnc(C)n2)c1
CHEMBL3462206,Cc1c(C(=O)N2CCSCC2)sc2nc(C(F)(F)F)ccc12
CHEMBL3462207,Cc1c(C(N)=O)sc2nc(C(F)(F)F)ccc12
CHEMBL3462208,CN(Cc1nc(-c2cccnc2)no1)C(=O)c1cnc2n1CCCC2
CHEMBL3462209,CCC(=O)N1CCC(NC2CCSCC2)C1
CHEMBL3462210,COCCn1cc(NC(=O)NC(C)CCc2ccccc2)ccc1=O
CHEMBL3462211,COC(=O)Cc1cccc(NC(=O)Cc2cc(C)[nH]n2)c1
CHEMBL3462212,Cc1cc(=O)n(C)cc1NC(=O)CC1CCC1
CHEMBL3462213,O=C(CCc1ccncc1)Nc1ccc(OCC2CC2)cc1
CHEMBL3462214,CC(C)(C)OC(=O)N1CCC[C@H](NCc2cc[nH]c2)C1
CHEMBL3462215,CN(C)S(=O)(=O)c1cccc(NC(=O)Cc2ccon2)c1
CHEMBL3462216,O=C(NCc1cccnc1)NCC(O)c1ccccc1C(F)(F)F
CHEMBL3462217,Cc1cc(N2CCC(N(C)Cc3cc(=O)c(O)co3)CC2)nc(C)n1
CHEMBL3462218,CN(Cc1cc(=O)c(O)co1)C1CCCN(c2ccccc2)C1
CHEMBL3462219,CCc1nc(C(=O)N2CCN(Cc3ccc(Cl)cc3)CC2)c[nH]1
CHEMBL3462220,CCc1nc(C(=O)N2CCN(CCc3ccc(OC)cc3)CC2)c[nH]1
CHEMBL3462221,Cc1nc(C)n(Cc2cccc(NC3CCN(C)C3=O)c2)n1
CHEMBL3462222,CC(OCC(F)(F)F)C(=O)NCCN(C)C
CHEMBL3462223,CCN(CC)CCNC(=O)C(C)OCC(F)(F)F
CHEMBL3462224,Brc1csc(CNCc2nnc3n2CCC3)c1
CHEMBL3462225,CC(C)SCc1cccc(NC2CCN(C)C2=O)c1
CHEMBL3462226,CCSCc1cccc(NC2CCN(C)C2=O)c1
CHEMBL3462227,CC(C)C(=O)N1CCC(NC2CCSCC2)C1
CHEMBL3462228,O=C(Nc1cn[nH]c1)N(CCO)C1CCc2ccccc21
CHEMBL3462229,COCCn1cc(NC(=O)C(C)CCc2ccccc2F)ccc1=O
CHEMBL3462230,Cc1ccc(CN(C(=O)NCCNC(=O)c2cccnc2)C(C)C)o1
CHEMBL3462231,O=C(CCCn1cncn1)N1CCCCC1c1nccs1
CHEMBL3462232,CCc1nc(C(=O)N2CCN(C(=O)CCc3ccccc3)CC2)c[nH]1
CHEMBL3462233,Cc1csc(C2CCCCN2C(=O)CCCn2cccn2)n1
CHEMBL3462234,COC(=O)Cc1cccc(NC(=O)Cc2ccon2)c1
CHEMBL3462235,CC(C)(C)OC(=O)N1CCC[C@H](NCC2=CCCOC2)C1
CHEMBL3462236,Cc1csc(C2CCCCN2C(=O)CCCn2cncn2)n1
CHEMBL3462237,CC(C)CC(=O)NCCCn1cncn1
CHEMBL3462238,CCc1nnc2n1CC(CNCc1nc(C)c(C)o1)CC2
CHEMBL3462239,Cc1ccc(O)c(CNCC(C)c2nc3ccccc3o2)n1
CHEMBL3462240,CC(C)(C)CC(=O)NCCCn1cncn1
CHEMBL3462241,CC(C)(C)C(=O)NCCCn1cncn1
CHEMBL3462242,CCc1nnc2n1CC(CNCC1CCCC1)CC2
CHEMBL3462243,Cc1cn2c(n1)C(CNCC1=Cc3cc(Cl)ccc3OC1)CCC2
CHEMBL3462244,COc1cc(F)c(NC(=O)N(C)CCNC(=O)N(C)C)cc1F
CHEMBL3462245,CC(C)c1nnc2n1CC(CNCc1nnc(C(C)(C)C)o1)CC2
CHEMBL3462246,Cc1ccc(S(=O)(=O)N(CC(N)=O)CC(C)C)cc1C
CHEMBL3462247,Brc1ccc(-c2nnc(CN(Cc3cccs3)CC3CCCO3)o2)s1
CHEMBL3462248,CN(Cc1ccc(N(C)C)cc1)C(=O)CSc1ccc(Br)cc1
CHEMBL3462249,Cc1cc(C)c(CNC(=O)C2COc3ccccc3C2)c(=O)[nH]1
CHEMBL3462250,Cc1nn(C)c(C)c1NC(=O)Nc1cccnc1N1CCCC1
CHEMBL3462251,Cc1cc(S(=O)(=O)N(C)CC(N)=O)ccc1Br
CHEMBL3462252,Cc1n[nH]c(C)c1NC(=O)Nc1cccnc1N1CCCC1
CHEMBL3462253,Cc1cc(C)c(CNC(=O)NC2COc3ccccc3C2)c(=O)[nH]1
CHEMBL3462254,Cc1cc(C)c(CNC(=O)NCC2Cc3ccccc32)c(=O)[nH]1
CHEMBL3462255,Cc1nnc(NCCC(=O)NCc2ccccc2)c(C#N)c1C
CHEMBL3462256,Cc1nnc(NCCC(=O)N(C)Cc2ccccc2)c(C#N)c1C
CHEMBL3462257,CCC(C)NC(=O)c1cc(S(N)(=O)=O)c(Br)s1
CHEMBL3462258,Cc1cc(C)c(CNC(=O)NCC2COc3ccccc3C2)c(=O)[nH]1
CHEMBL3462259,CCOc1ncccc1NC(=O)Nc1c(C)nn(C(C)C)c1C
CHEMBL3462260,Cc1cc(C)c(CNC(=O)NCC2Cc3ccccc3O2)c(=O)[nH]1
CHEMBL3462261,Cc1cc(C)c(CNC(=O)NC2CCOCC2)c(=O)[nH]1
CHEMBL3462262,COc1cccc(CN(C)CC2=Nc3ccccc3S(=O)(=O)N2)c1
CHEMBL3462263,COc1cccc(CSCC2=Nc3ccccc3S(=O)(=O)N2)c1
CHEMBL3462264,O=S1(=O)N=C(CSCc2ccccc2)Nc2ccccc21
CHEMBL3462265,O=C(c1cc(F)cc2[nH]cnc12)N1CCCC1Cn1cccn1
CHEMBL3462266,O=C(c1cc(F)cc2[nH]cnc12)N1CCCCC1Cn1cccn1
CHEMBL3462267,CN(Cc1ccc2c(c1)OCCO2)Cn1nc(C(C)(C)C)ccc1=O
CHEMBL3462268,CN(C)S(=O)(=O)c1ccc2c(c1)N(Cc1nccn1C)CC2
CHEMBL3462269,CN(C)S(=O)(=O)c1ccc2c(c1)N(Cc1ccccn1)CCC2
CHEMBL3462270,CN(C)S(=O)(=O)c1ccc2c(c1)N(Cc1nccn1C)CCC2
CHEMBL3462271,Cn1nc2c(cc1=O)CN(c1ncnc3ccsc13)CC2
CHEMBL3462272,CC(C)n1nc2c(cc1=O)CN(c1ncnc3sccc13)CC2
CHEMBL3462273,Cc1nnc(C(NS(=O)(=O)c2cc(C#N)ccc2C)C(C)C)[nH]1
CHEMBL3718226,Cc1cnc(-c2n[nH]cc2CN2CCN(c3ccc(C(F)(F)F)cn3)[C@H](C)C2)[nH]1
CHEMBL3716451,Cc1nc(-c2n[nH]cc2CN2CCN(c3ccc(C(F)(F)F)cn3)[C@H](C)C2)[nH]c1C
CHEMBL3716738,C[C@@H]1CN(Cc2c[nH]nc2-c2nc3c([nH]2)CCCC3)CCN1c1ccc(C(F)(F)F)cn1
CHEMBL3716374,C[C@@H]1CN(Cc2c[nH]nc2-c2nc3cc(F)ccc3[nH]2)CCN1c1ccc(C(F)(F)F)cn1
CHEMBL3717457,C[C@@H]1CN(Cc2c[nH]nc2-c2nc3cc(C#N)ccc3[nH]2)CCN1c1ccc(C(F)(F)F)cn1
CHEMBL3716790,N#Cc1c[nH]c(-c2n[nH]cc2CN2CCN(c3ccc(C(F)(F)F)cn3)[C@H](C(F)(F)F)C2)c1
CHEMBL3718524,C[C@@H]1CN(Cc2c[nH]nc2C(=O)Nc2nc[nH]c2C#N)CCN1c1ccc(C(F)(F)F)cn1
CHEMBL3716594,C[C@@H]1CN(Cc2c[nH]nc2C(=O)Nc2cc(-c3ccco3)n[nH]2)CCN1c1ccc(C(F)(F)F)cn1
CHEMBL3716408,Cc1cc(NC(=O)c2n[nH]cc2CN2CCN(c3ccc(C(F)(F)F)cn3)[C@H](C)C2)n(CCN(C)C)n1
CHEMBL3717382,C[C@@H]1CN(Cc2c[nH]nc2C(=O)Nc2n[nH]cc2C#N)CCN1c1ccc(C(F)(F)F)cn1
CHEMBL3715791,C[C@@H]1CN(Cc2c[nH]nc2C(=O)N2CC(O)C2)CCN1c1ccc(C(F)(F)F)cn1
CHEMBL3717844,C[C@@H]1CN(Cc2c[nH]nc2C(=O)N2CCC(O)C2)CCN1c1ccc(C(F)(F)F)cn1
CHEMBL3718315,C[C@@H]1CN(Cc2c[nH]nc2C(=O)N2CCC(O)CC2)CCN1c1ccc(C(F)(F)F)cn1
CHEMBL3716429,COC(=O)c1ccc(-c2n[nH]cc2CN2CCN(c3ccc(C(F)(F)F)cn3)[C@H](C)C2)o1
CHEMBL3717140,C[C@@H]1CN(Cc2c[nH]nc2-c2ccc(C(=O)O)o2)CCN1c1ccc(C(F)(F)F)cn1
CHEMBL3714779,C[C@@H]1CN(Cc2c[nH]nc2-c2ccc(C(N)=O)o2)CCN1c1ccc(C(F)(F)F)cn1
CHEMBL3715149,O=C(O)CSc1nnc(-c2cccc(C(=O)O)c2)[nH]1
CHEMBL3717953,Cc1cccc(-c2nnc(SCCC(=O)O)[nH]2)c1
CHEMBL3716509,O=C(O)c1ccc2nc(N3CCC(c4ccccc4)CC3)c(N3CCC(c4ccccc4)CC3)nc2c1
CHEMBL3714787,COc1ccc(-c2nc3ccc(-c4nnn[nH]4)cc3nc2-c2ccc(OC)cc2)cc1
CHEMBL3718137,CN(C1CCN(c2nc3cc(C(=O)O)ccc3nc2-c2ccccc2)CC1)S(C)(=O)=O
CHEMBL3716307,O=C(O)c1ccc2nc(-c3ccccc3)c(N3CCCc4ccccc43)nc2c1
CHEMBL3717856,CC(C)N(C)c1nc2cc(C(=O)O)ccc2nc1-c1ccccc1
CHEMBL3718708,CN(c1nc2cc(C(=O)O)ccc2nc1-c1ccccc1)C1CC1
CHEMBL3717508,COC[C@H]1CCCN1c1nc2cc(C(=O)O)ccc2nc1-c1ccccc1
CHEMBL3715657,O=C(O)c1ccc2nc(-c3ccccc3)c(N3CCC[C@@H]3CO)nc2c1
CHEMBL3715426,C[C@H]1CCCN1c1nc2cc(C(=O)O)ccc2nc1-c1ccccc1
CHEMBL3717264,CC(C)N(C)c1nc2cc(C(=O)O)ccc2nc1-c1ccc(F)cc1
CHEMBL3715782,COc1ccc(-c2nc3ccc(C(=O)O)cc3nc2N(C)C(C)C)cc1
CHEMBL3715899,O=C(O)c1ccc2nc(-c3ccccc3)c(N3CCC[C@@H]3C(F)(F)F)nc2c1
CHEMBL3716745,COc1ccc2c(c1)CCCN2c1nc2cc(C(=O)O)ccc2nc1-c1ccccc1
CHEMBL3719095,CC(C)N(C)c1nc2cc(C(=O)O)ccc2nc1-c1ccc(F)c(F)c1
CHEMBL3716803,CC(C)N(C)c1nc2cc(C(=O)O)ccc2nc1-c1ccc(Cl)cc1
CHEMBL3718544,CN(c1nc2cc(C(=O)O)ccc2nc1-c1ccccc1)C1CCCC1
CHEMBL3718232,O=C(O)c1ccc2nc(-c3ccccc3)c(N3CCCC4CCCCC43)nc2c1
CHEMBL3718760,CC(C)N(C)c1nc2cc(C(=O)O)ccc2nc1-c1cccnc1
CHEMBL3718073,CC(C)N(C)c1nc2cc(C(=O)O)ccc2nc1-c1ccco1
CHEMBL3718502,CC(C)N(C)c1nc2cc(C(=O)O)ccc2nc1-c1cnc2ccccc2c1
CHEMBL3716080,CC(C)N(C)c1nc2cc(C(=O)O)ccc2nc1-c1ccc(N2CCOCC2)cc1
CHEMBL3718256,O=C(O)c1ccc2nc(-c3ccc(F)cc3)c(N3CCS(=O)(=O)CC3)nc2c1
CHEMBL3718144,O=C(O)c1ccc2nc(-c3ccccc3)c(N3CCS(=O)(=O)CC3)nc2c1
CHEMBL3716551,COc1cc(OCc2csc(C3(c4ccc(Cl)cc4)CCOCC3)n2)c2cc(-c3cn4nc(OC)sc4n3)oc2c1
CHEMBL3718481,COc1cc(OCc2csc(C3(c4cccc(Cl)c4)CCOCC3)n2)c2cc(-c3cn4nc(OC)sc4n3)oc2c1
CHEMBL3718626,COc1cc(OCc2csc(C3(O)CCC(C(=O)N(C)CC#N)CC3)n2)c2cc(-c3cn4nc(OC)sc4n3)oc2c1
CHEMBL3718346,COc1cc(OCc2csc(C3(c4ccc(Br)cc4)CCOCC3)n2)c2cc(-c3cn4nc(OC)sc4n3)oc2c1
CHEMBL3717630,COc1cc(OCc2csc(C3(c4ccccc4F)CCOCC3)n2)c2cc(-c3cn4nc(OC)sc4n3)oc2c1
CHEMBL3717319,COc1cc(OCc2csc(C3(c4ccc(C)cc4)CCOCC3)n2)c2cc(-c3cn4nc(OC)sc4n3)oc2c1
CHEMBL3716525,COc1cccc(C2(c3nc(COc4cc(OC)cc5oc(-c6cn7nc(OC)sc7n6)cc45)cs3)CCOCC2)c1
CHEMBL3716135,COc1ccc(C2(c3nc(COc4cc(OC)cc5oc(-c6cn7nc(OC)sc7n6)cc45)cs3)CCOCC2)cc1
CHEMBL3719375,COC(=O)c1ccc(C2(c3nc(COc4cc(OC)cc5oc(-c6cn7nc(OC)sc7n6)cc45)cs3)CCOCC2)cc1
CHEMBL3719223,COc1cc(OCc2csc(C3(c4ccc(C(=O)N(C)C)cc4)CCOCC3)n2)c2cc(-c3cn4nc(OC)sc4n3)oc2c1
CHEMBL3715261,COc1cc(OCc2csc(C3(c4ccccc4)CCOCC3)n2)c2cc(-c3cn4nc(OC)sc4n3)oc2c1
CHEMBL3715798,COc1cc(OCc2csc(C3(c4ccc(Cl)cc4)CCOC3)n2)c2cc(-c3cn4nc(OC)sc4n3)oc2c1
CHEMBL3715137,COc1cc(OCc2csc(C3(c4ccc(C)cc4)CCOC3)n2)c2cc(-c3cn4nc(OC)sc4n3)oc2c1
CHEMBL3715726,COc1cc(OCc2csc(C3(c4cccc(Cl)c4)CCOC3)n2)c2cc(-c3cn4nc(OC)sc4n3)oc2c1
CHEMBL3719245,COc1cc(OCc2csc(C3(c4ccccc4F)CCOC3)n2)c2cc(-c3cn4nc(OC)sc4n3)oc2c1
CHEMBL3718763,COc1cc(OCc2csc(C3(C)CCOCC3)n2)c2cc(-c3cn4nc(OC)sc4n3)oc2c1
CHEMBL3717706,COc1cc(OCc2csc(C3CCOc4ccccc43)n2)c2cc(-c3cn4nc(OC)sc4n3)oc2c1
CHEMBL3716498,COc1cc(OCc2csc(C3=CCOc4ccccc43)n2)c2cc(-c3cn4nc(OC)sc4n3)oc2c1
CHEMBL3716780,COc1cc(OCc2csc(C3(N[S@+]([O-])C(C)(C)C)CCOCC3)n2)c2cc(-c3cn4nc(OC)sc4n3)oc2c1
CHEMBL3716142,COc1cc(OCc2csc(C3(NS(=O)(=O)C(C)(C)C)CCOCC3)n2)c2cc(-c3cn4nc(OC)sc4n3)oc2c1
CHEMBL3714802,COc1cc(OCc2csc(C3(N)CCOCC3)n2)c2cc(-c3cn4nc(OC)sc4n3)oc2c1.Cl
CHEMBL3718195,COc1cc(OCc2csc(C3(NC(=O)CNC(=O)OC(C)(C)C)CCOCC3)n2)c2cc(-c3cn4nc(OC)sc4n3)oc2c1
CHEMBL3716255,COc1cc(OCc2csc(C3(NC(=O)CN(C)C)CCOCC3)n2)c2cc(-c3cn4nc(OC)sc4n3)oc2c1
CHEMBL3717802,COc1cc(OCc2csc(C(C)(C)c3ccccc3)n2)c2cc(-c3cn4nc(OC)sc4n3)oc2c1
CHEMBL3715659,COc1cc(OCc2csc(C(C)(C)c3ccc(Cl)cc3)n2)c2cc(-c3cn4nc(OC)sc4n3)oc2c1
CHEMBL3718827,COc1cc(OCc2csc(C3(c4cccnc4)CCC3)n2)c2cc(-c3cn4nc(OC)sc4n3)oc2c1
CHEMBL3718220,C=C(c1cncnc1)c1nc(COc2cc(OC)cc3oc(-c4cn5nc(OC)sc5n4)cc23)cs1
CHEMBL3715465,COc1nn2cc(-c3cc4c(OCc5csc(-c6ccccc6)n5)cc(F)cc4o3)nc2s1
CHEMBL3715502,CCN(CCC#N)C(=O)c1ccc(-c2nc(COc3cc(F)cc4oc(-c5cn6nc(OC)sc6n5)cc34)cs2)cc1
CHEMBL3717136,COc1nn2cc(-c3cc4c(OCc5csc(-c6ccc(C(=O)NCC(F)(F)F)cc6)n5)cc(F)cc4o3)nc2s1
CHEMBL3715043,COc1nn2cc(-c3cc4c(OCc5csc(-c6ccc(C(=O)N(C)C(C)(C)C)cc6)n5)cc(F)cc4o3)nc2s1
CHEMBL3716290,COc1nn2cc(-c3cc4c(OCc5csc(-c6ccc(C(=O)N7CCCC7)cc6)n5)cc(F)cc4o3)nc2s1
CHEMBL3716212,COc1nn2cc(-c3cc4c(OCc5csc(-c6ccc(C(=O)N(C)CC#N)cc6)n5)cc(F)cc4o3)nc2s1
CHEMBL3719195,COc1nn2cc(-c3cc4c(OCc5csc(-c6ccc(C(=O)N(C)C)cc6)n5)cc(F)cc4o3)nc2s1
CHEMBL3718829,CNC(=O)c1ccc(-c2nc(COc3cc(F)cc4oc(-c5cn6nc(OC)sc6n5)cc34)c(C)s2)cc1
CHEMBL3716103,COc1nn2cc(-c3cc4c(OCc5csc(-c6ccccc6)n5)cc(Cl)cc4o3)nc2s1
CHEMBL3717785,COc1nn2cc(-c3cc4c(OCc5csc(-c6ccc(Cl)cc6)n5)cc(Cl)cc4o3)nc2s1
CHEMBL3718509,COc1nn2cc(-c3cc4c(OCc5csc(-c6cccc(C)c6)n5)cc(Cl)cc4o3)nc2s1
CHEMBL3715154,COc1nn2cc(-c3cc4c(OCc5csc(C6(O)CCOCC6)n5)cc(Cl)cc4o3)nc2s1
CHEMBL3717546,COc1nn2cc(-c3cc4c(OCc5csc(-c6ccccc6)n5)cccc4o3)nc2s1
CHEMBL3715685,COc1cc(OCc2csc(-c3ccccc3)n2)c2cc(-c3cn4nc([C@H](C)F)sc4n3)oc2c1
CHEMBL3716819,COc1cc(OCc2csc(N3CCOCC3)n2)c2cc(-c3cn4nc([C@H](C)F)sc4n3)oc2c1
CHEMBL3717182,COc1cc(OCc2csc(-c3ccc(C(=O)N(C)C)cc3)n2)c2cc(-c3cn4nc([C@H](C)F)sc4n3)oc2c1
CHEMBL3716150,C[C@H](F)c1nn2cc(-c3cc4c(OCc5csc(-c6ccccc6)n5)cc(F)cc4o3)nc2s1
CHEMBL3715485,COc1cc(OCc2csc(C3(O)CCOCC3)n2)c2cc(-c3cn4nc([C@H](C)F)sc4n3)oc2c1
CHEMBL3715557,COc1cc(OCc2csc(C3(F)CCOCC3)n2)c2cc(-c3cn4nc([C@H](C)F)sc4n3)oc2c1
CHEMBL3715913,COc1cc(OCc2csc(C3(O)CC(C)OC(C)C3)n2)c2cc(-c3cn4nc([C@H](C)F)sc4n3)oc2c1
CHEMBL3715289,COc1cc(OCc2csc(C3(F)CC(C)OC(C)C3)n2)c2cc(-c3cn4nc([C@H](C)F)sc4n3)oc2c1
CHEMBL3715953,COc1cc(OCc2nc(C3(O)CCOCC3)sc2C)c2cc(-c3cn4nc([C@H](C)F)sc4n3)oc2c1
CHEMBL3718382,COc1cc(OCc2csc(-c3ccccc3)n2)c2nc(-c3cn4nc(SC)sc4n3)oc2c1
CHEMBL3717633,CC(F)(F)c1nn2cc(-c3cc4c(OCc5csc(-c6ccccc6)n5)nccc4o3)nc2s1
CHEMBL3717386,COc1cc(OCc2csc(-c3ccccc3)n2)c2cc(-c3cn4nc(C)ccc4n3)oc2c1
CHEMBL3715716,COc1cc(OCc2csc(C3CCSCC3)n2)c2cc(-c3cn4nc(C)ccc4n3)oc2c1
CHEMBL3715686,COc1cc(OCc2csc(Br)n2)c2cc(-c3cn4nc(C)ccc4n3)oc2c1
CHEMBL3716164,COc1cc(OCc2csc(Cl)n2)c2cc(-c3cn4nc(C)ccc4n3)oc2c1
CHEMBL3715711,COc1cc(OCc2csc(N3CCN(C)CC3)n2)c2cc(-c3cn4nc(C)ccc4n3)oc2c1
CHEMBL3718293,COc1cc(OCc2csc(-c3ccc(C(F)(F)F)cc3)n2)c2cc(-c3cn4nc(C)ccc4n3)oc2c1
CHEMBL3716754,COc1cc(OCc2csc(-c3ccc(Cl)cc3)n2)c2cc(-c3cn4nc(C)ccc4n3)oc2c1
CHEMBL3717407,COc1cc(OCc2csc(-c3ccc(OC(F)(F)F)cc3)n2)c2cc(-c3cn4nc(C)ccc4n3)oc2c1
CHEMBL3714914,COc1cc(OCc2csc(-c3ccncc3)n2)c2cc(-c3cn4nc(C)ccc4n3)oc2c1
CHEMBL3715442,COc1cc(OCc2csc(C3(F)CCOCC3)n2)c2cc(-c3cn4nc(C)ccc4n3)oc2c1
CHEMBL3719070,COc1cc(OCc2csc(C3CCOCC3)n2)c2cc(-c3cn4nc(C)ccc4n3)oc2c1
CHEMBL3715762,COc1ccc(-c2nc(COc3cc(OC)cc4oc(-c5cn6nc(C)ccc6n5)cc34)cs2)cc1
CHEMBL3717931,COc1cc(OCc2csc(N3CCOCC3)n2)c2cc(-c3cn4nc(C)ccc4n3)oc2c1
CHEMBL3717427,COc1cc(OCc2csc(N3C[C@@H](C)O[C@@H](C)C3)n2)c2cc(-c3cn4nc(C)ccc4n3)oc2c1
CHEMBL3717982,COc1cc(OCc2csc(N3CCSCC3)n2)c2cc(-c3cn4nc(C)ccc4n3)oc2c1
CHEMBL3714814,COc1cc(OCc2csc(N3CCCOCC3)n2)c2cc(-c3cn4nc(C)ccc4n3)oc2c1
CHEMBL3716644,COc1cc(OCc2csc(-c3ccc4c(c3)OCO4)n2)c2cc(-c3cn4nc(C)ccc4n3)oc2c1
CHEMBL3717688,COc1cc(OCc2nc(N3CCOCC3)sc2C(F)(F)F)c2cc(-c3cn4nc(C)ccc4n3)oc2c1
CHEMBL3717814,COc1cc(OCc2csc(-c3cccc(OC(C)=O)c3)n2)c2cc(-c3cn4nc(C)ccc4n3)oc2c1
CHEMBL3719053,COc1cc(OCc2csc(-c3cccc(O)c3)n2)c2cc(-c3cn4nc(C)ccc4n3)oc2c1
CHEMBL3717674,COc1cccc(OC2CCN(c3nc4cnncc4nc3NC(C)C)CC2)c1.O=C(O)C(F)(F)F
CHEMBL3715787,Fc1cc(Cl)ccc1OC1CCN(c2nc3cnncc3nc2NC2CC2)CC1.O=C(O)C(F)(F)F
CHEMBL3719355,Clc1cccc(CN2CCN(c3nc4ccccc4nc3Nc3cccnc3)CC2)c1.O=C(O)C(F)(F)F
CHEMBL3718420,N#Cc1ccc(Nc2nc3ccccc3nc2N2CCN(Cc3cc(Cl)ccc3Cl)CC2)cc1
CHEMBL3717781,N#Cc1ccc2nc(NC3CC3)c(N3CCN(Cc4cc(Cl)ccc4Cl)CC3)nc2c1
CHEMBL3715178,Clc1ccc(Cl)c(CN2CCN(c3nc4ncccc4nc3NC3CC3)CC2)c1
CHEMBL3719219,COCCCNc1nc2ccccc2nc1N1CCN(Cc2cc(Cl)ccc2Cl)CC1
CHEMBL3717860,CS(=O)(=O)c1ccc(C(=O)N2CCN(c3nc4ccccc4nc3NC3CC3)CC2)c(Cl)c1
CHEMBL3719027,N#Cc1ccc(C(=O)N2CCN(c3nc4ccccc4nc3NC3CC3)CC2)cc1.O=C(O)C(F)(F)F
CHEMBL3716201,Fc1ccc(F)c(CN2CCN(c3nc4ccccc4nc3NC3CC3)CC2)c1.O=C(O)C(F)(F)F
CHEMBL3715237,COc1ccc(Br)c(C(=O)N2CCN(c3nc4ccccc4nc3NC3CC3)CC2)c1.O=C(O)C(F)(F)F
CHEMBL3716452,O=C(O)C(F)(F)F.O=C(c1ccc(F)c(Br)c1)N1CCN(c2nc3ccccc3nc2NC2CC2)CC1
CHEMBL3716134,N#Cc1cccc(CN2CCN(c3nc4ccccc4nc3NC3CC3)CC2)c1.O=C(O)C(F)(F)F
CHEMBL3719240,Cc1cc(C(=O)N2CCN(c3nc4ccccc4nc3NC3CC3)CC2)no1
CHEMBL3716487,Clc1cc(CN2CCN(c3nc4ccccc4nc3NC3CC3)CC2)c(Cl)s1.O=C(O)C(F)(F)F
CHEMBL3716800,c1ccc2nc(N3CCN(Cc4coc5ccccc45)CC3)c(NC3CC3)nc2c1
CHEMBL3716271,Cc1cc(C)c2nc(N3CCN(Cc4cc(Cl)ccc4Cl)CC3)c(NC3CC3)nc2c1
CHEMBL3718390,O=S(=O)(c1ccccc1)N1CCN(c2nc3ccccc3nc2NC2CC2)CC1
CHEMBL3718160,CC(C)CNc1nc2ccccc2nc1N1CCN(Cc2cc(Cl)ccc2Cl)CC1.O=C(O)C(F)(F)F
CHEMBL3718669,CC(C)Nc1nc2ccccc2nc1N1CCN(Cc2cc(Cl)ccc2Cl)CC1.O=C(O)C(F)(F)F
CHEMBL3715056,CC(C)CCNc1nc2ccccc2nc1N1CCN(Cc2cc(Cl)ccc2Cl)CC1.O=C(O)C(F)(F)F
CHEMBL3715776,Cc1cc(Br)ccc1C(=O)N1CCN(c2nc3ccccc3nc2NC2CC2)CC1.O=C(O)C(F)(F)F
CHEMBL3719347,Fc1ccc(CC2CCN(c3nc4ccncc4nc3NC3CC3)CC2)c(F)c1.O=C(O)C(F)(F)F
CHEMBL3717670,Fc1ccc(CC2CCN(c3nc4ccncc4nc3NCC(F)F)CC2)c(F)c1
CHEMBL3716681,Cc1cc2nc(NC3CC3)c(N3CCC(Cc4ccc(F)cc4F)CC3)nc2cn1.O=C(O)C(F)(F)F
CHEMBL3717357,Fc1ccc(F)c(OC2CCN(c3nc4cnccc4nc3NC3CC3)CC2)c1.O=C(O)C(F)(F)F
CHEMBL3715352,Fc1cc(F)c(OC2CCN(c3nc4cnccc4nc3NC3CC3)CC2)c(F)c1.O=C(O)C(F)(F)F
CHEMBL3716288,O=C(O)C(F)(F)F.O=C(c1c(F)cc(Cl)cc1F)C1CCN(c2nc3cnccc3nc2NC2CC2)CC1
CHEMBL3718030,O=C(O)C(F)(F)F.O=C(c1cc(Cl)ccc1F)C1CCN(c2nc3cnccc3nc2NC2CC2)CC1
CHEMBL3718147,Fc1ccc(F)c(C(F)C2CCN(c3nc4cnccc4nc3NC3CC3)CC2)c1
CHEMBL3716076,Cc1cc2nc(NC3CC3)c(N3CCC([C@H](F)c4cc(F)ccc4F)CC3)nc2cn1
CHEMBL3719014,N#Cc1ccc2nc(NC3CC3)c(N3CCC(Oc4ccc(F)cc4F)CC3)nc2c1.O=C(O)C(F)(F)F
CHEMBL3718098,N#Cc1ccc2nc(NC3CC3)c(N3CCC(C(F)c4cc(F)ccc4F)CC3)nc2c1.O=C(O)C(F)(F)F
CHEMBL3718016,N#Cc1cc2nc(NC3CC3)c(N3CCC(Cc4ccc(F)cc4F)CC3)nc2cn1
CHEMBL3717737,Fc1ccc(CC2CCN(c3nc4cc(F)c(F)cc4nc3NC3CC3)CC2)c(F)c1.O=C(O)C(F)(F)F
CHEMBL3715672,Fc1ccc(CC2CCN(c3nc4cc(F)ccc4nc3NC3CC3)CC2)c(F)c1.O=C(O)C(F)(F)F
CHEMBL3719236,N#Cc1ccc2nc(NC3CC3)c(N3CCC(C(F)c4ccc(F)cc4F)CC3)nc2c1.O=C(O)C(F)(F)F
CHEMBL3716306,COc1ccc(OC2CCN(c3nc4cnccc4nc3NC3CC3)CC2)cc1
CHEMBL3716412,O=C(c1cccc(Cl)c1)C1CCN(c2nc3cnccc3nc2NC2CC2)CC1
CHEMBL3719200,C[C@@H]1CN(Cc2c[nH]nc2/C=C2\NC(=S)NC2=O)CCN1c1ccc(C(F)(F)F)cn1
CHEMBL3718584,C[C@@H]1CN(Cc2c[nH]nc2-c2ccnc3[nH]ccc23)CCN1c1ccc(C(F)(F)F)cn1
CHEMBL3718133,C[C@@H]1CN(Cc2c[nH]nc2-c2cc(C(=O)N(C)C)c[nH]2)CCN1c1ccc(C(F)(F)F)cn1
CHEMBL3719384,C[C@@H]1CN(Cc2c[nH]nc2-c2cc(C(=O)NCCO)c[nH]2)CCN1c1ccc(C(F)(F)F)cn1
CHEMBL3719205,CC(O)CNC(=O)c1c[nH]c(-c2n[nH]cc2CN2CCN(c3ccc(C(F)(F)F)cn3)[C@H](C)C2)c1
CHEMBL3715397,C[C@@H]1CN(Cc2c[nH]nc2-c2c[nH]c3ncccc23)CCN1c1ccc(C(F)(F)F)cn1
CHEMBL3717955,C[C@@H]1CN(Cc2c[nH]nc2-c2cc(C(=O)N[C@@H](C)CO)c[nH]2)CCN1c1ccc(C(F)(F)F)cn1
CHEMBL3717601,CC(=O)N1CC=C(c2n[nH]cc2CN2CCN(c3ccc(C(F)(F)F)cn3)[C@H](C)C2)CC1
CHEMBL3718082,C[C@@H]1CN(Cc2c[nH]nc2C2CCNCC2)CCN1c1ccc(C(F)(F)F)cn1
CHEMBL3718732,C[C@@H]1CN(Cc2c[nH]nc2C2CCN(C=O)CC2)CCN1c1ccc(C(F)(F)F)cn1
CHEMBL3717720,C[C@@H]1CN(Cc2c[nH]nc2/C=C2\NC(=N)NC2=O)CCN1c1ccc(C(F)(F)F)cn1
CHEMBL3718171,NC(=O)c1c[nH]c(-c2n[nH]cc2CN2CCN(c3ccc(C(F)(F)F)cn3)[C@H](C(F)(F)F)C2)c1
CHEMBL3716533,C[C@@H]1CN(Cc2c[nH]nc2-c2cc(C(=O)O)co2)CCN1c1ccc(C(F)(F)F)cn1
CHEMBL3717960,C[C@@H]1CN(Cc2c[nH]nc2-c2cc(C(N)=O)co2)CCN1c1ccc(C(F)(F)F)cn1
CHEMBL3717851,C[C@@H]1CN(Cc2c[nH]nc2C2=CCN(C(=O)CCO)CC2)CCN1c1ccc(C(F)(F)F)cn1
CHEMBL3717458,C[C@@H]1CN(Cc2c[nH]nc2-c2cc3ccccc3[nH]2)CCN1c1ccc(C(F)(F)F)cn1
CHEMBL3717652,C[C@@H]1CN(Cc2c[nH]nc2C2=CCNCC2)CCN1c1ccc(C(F)(F)F)cn1
CHEMBL3718674,C[C@@H]1CN(Cc2c[nH]nc2C2=CCN(C=O)CC2)CCN1c1ccc(C(F)(F)F)cn1
CHEMBL3718351,C[C@@H]1CN(Cc2c[nH]nc2-c2nc(C(F)(F)F)c[nH]2)CCN1c1ccc(C(F)(F)F)cn1
CHEMBL3714944,C[C@@H]1CN(Cc2c[nH]nc2-c2nc(C(=N)N)c[nH]2)CCN1c1ccc(C(F)(F)F)cn1
CHEMBL3719020,C[C@@H]1CN(Cc2c[nH]nc2-c2nc(C#N)c[nH]2)CCN1c1ccc(C(F)(F)F)cn1
CHEMBL3714907,C[C@@H]1CN(Cc2c[nH]nc2-c2nc(C(N)=O)c[nH]2)CCN1c1ccc(C(F)(F)F)cn1
CHEMBL3719242,C[C@@H]1CN(Cc2c[nH]nc2-c2nc(-c3ccccc3)c[nH]2)CCN1c1ccc(C(F)(F)F)cn1
CHEMBL3717015,C[C@@H]1CN(Cc2c[nH]nc2-c2nc3cnccc3[nH]2)CCN1c1ccc(C(F)(F)F)cn1
CHEMBL3716075,C[C@@H]1CN(Cc2c[nH]nc2/C=C2\NC(=O)NC2=O)CCN1c1ccc(C(F)(F)F)cn1
CHEMBL3717339,C[C@@H]1CN(Cc2c[nH]nc2C(=O)Nc2ccncc2)CCN1c1ccc(C(F)(F)F)cn1
CHEMBL3715382,C[C@@H]1CN(Cc2n[nH]nc2-c2ccc(C#N)cc2)CCN1c1ccc(C(F)(F)F)cn1
CHEMBL3716689,C[C@@H]1CN(Cc2c[nH]nc2-c2cc(C#N)c[nH]2)CCN1c1ccc(C(F)(F)F)cn1
CHEMBL3716756,C[C@@H]1CN(Cc2c[nH]nc2-c2cc(C(N)=O)c[nH]2)CCN1c1ccc(C(F)(F)F)cn1
CHEMBL3715076,CNC(=O)c1c[nH]c(-c2n[nH]cc2CN2CCN(c3ccc(C(F)(F)F)cn3)[C@H](C)C2)c1
CHEMBL3718688,C[C@@H]1CN(Cc2c[nH]nc2-c2ccc(C#N)[nH]2)CCN1c1ccc(C(F)(F)F)cn1
CHEMBL3719277,C[C@@H]1CN(Cc2c[nH]nc2-c2ccc(C(N)=O)[nH]2)CCN1c1ccc(C(F)(F)F)cn1
CHEMBL3718882,C[C@@H]1CN(Cc2c[nH]nc2-c2c[nH]c(C#N)c2)CCN1c1ccc(C(F)(F)F)cn1
CHEMBL3718777,C[C@@H]1CN(Cc2c[nH]nc2-c2c[nH]c(C(N)=O)c2)CCN1c1ccc(C(F)(F)F)cn1
CHEMBL3716789,CC/C(=C\CC[C@H](C)C[C@@H](C)CC[C@H](O)[C@H](C)C(=O)C[C@@H](O)[C@H](C)[C@@H](C)OC(=O)C[C@@H](O)C1=C(C)C(=O)OC1=O)C(O)CC(=O)O
CHEMBL3718369,CCC(/C=C/C(=O)O)=C\CC[C@H](C)C[C@@H](C)CC[C@H](O)[C@H](C)C(=O)C[C@@H](O)[C@H](C)[C@@H](C)OC(=O)C[C@@H](O)C1=C(C)C(=O)OC1=O
CHEMBL3718785,CCC(/C=C/C(=O)O)=C\[C@@H](O)C[C@H](C)C[C@@H](C)CC[C@H](O)[C@H](C)C(=O)C[C@@H](O)[C@H](C)[C@@H](C)OC(=O)C[C@@H](O)C1=C(C)C(=O)OC1=O
CHEMBL3719114,CCC(/C=C/C(=O)O)=C\[C@H](O)C[C@H](C)C[C@@H](C)CC[C@H](O)[C@H](C)C(=O)C[C@@H](O)[C@H](C)[C@@H](C)OC(=O)C[C@@H](O)C1=C(C)C(=O)OC1=O
CHEMBL3717288,C[C@H]1CCCN1c1nc2cc(C(=O)O)ccc2nc1-c1ccc(F)cc1
CHEMBL3716286,O=C(O)c1ccc2nc(-c3ccc(F)cc3)c(N3CCCCC3)nc2c1
CHEMBL3716168,O=C(O)c1ccc2nc(-c3ccc(F)cc3)c(N3CCCCCC3)nc2c1
CHEMBL3715363,CC(C)N(C)c1nc2cc(C(=O)O)ccc2nc1-c1ccc2c(c1)OCO2
CHEMBL3718046,COCC1CCCN(c2nc3cc(C(=O)O)ccc3nc2-c2ccc(F)cc2)C1
CHEMBL3716684,CC1(C)CCCN(c2nc3cc(C(=O)O)ccc3nc2-c2ccc(F)cc2)C1
CHEMBL3718820,CC1CCCN(c2nc3cc(C(=O)O)ccc3nc2-c2ccc(F)cc2)C1
CHEMBL3715350,CC(C)N(C)c1nc2cc(C(=O)O)ccc2nc1-c1ccc2c(c1)OCCO2
CHEMBL3716633,C[C@H]1CCCN1c1nc2cc(C(=O)O)ccc2nc1-c1ccc2c(c1)OCO2
CHEMBL3715282,CC(C)N(C)c1nc2cc(C(=O)O)ccc2nc1-c1ccc2[nH]ccc2c1
CHEMBL3717672,CC(C)N(C)c1nc2cc(C(=O)O)ccc2nc1-c1ccncc1
CHEMBL3716887,CC(C)N(C)c1nc2cc(C(=O)O)ccc2nc1-c1ccc2nccn2c1
CHEMBL3719121,CC(C)N(C)c1nc2cc(C(=O)O)ccc2nc1-c1cc2ccccc2o1
CHEMBL3718950,COc1ccc(C2CCN(c3nc4cc(C(=O)O)ccc4nc3-c3ccccc3)CC2)cc1
CHEMBL3716130,CS(=O)(=O)N1CCN(c2nc3cc(C(=O)O)ccc3nc2-c2ccccc2)CC1
CHEMBL3715961,O=C1CN(c2nc3cc(C(=O)O)ccc3nc2-c2ccc(F)cc2)CCN1
CHEMBL3714798,CN(c1nc2cc(C(=O)O)ccc2nc1-c1ccc(F)cc1)C1CCNCC1
CHEMBL3718529,CN(c1nc2cc(C(=O)O)ccc2nc1-c1ccc(F)cc1)C1CCOCC1
CHEMBL3718696,CN(c1nc2cc(C(=O)O)ccc2nc1-c1ccc(F)cc1)C1CCCC1
CHEMBL3716215,Cc1ccc(-c2nc3ccc(C(=O)O)cc3nc2N(C)C(C)C)s1
CHEMBL3715236,CC(C)N(C)c1nc2cc(C(=O)O)ccc2nc1-c1cccs1
CHEMBL3715790,CC(=O)N(C)C1CCN(c2nc3cc(C(=O)O)ccc3nc2-c2ccc(F)cc2)CC1
CHEMBL3715021,CCc1sc(N2CCOCC2)nc1COc1cc(OC)cc2oc(-c3cn4nc(C)ccc4n3)cc12
CHEMBL3717115,COc1cc(OCc2csc(-c3ccc(C(=O)N(C)C)cc3)n2)c2cc(-c3cn4nc(C)ccc4n3)oc2c1
CHEMBL3718629,COc1cc(OCc2csc(-c3ccc(C#N)cc3)n2)c2cc(-c3cn4nc(C)ccc4n3)oc2c1
CHEMBL3716211,COc1cc(OCc2nc(-c3ccc(C(=O)N(C)C)cc3)sc2C)c2cc(-c3cn4nc(C)ccc4n3)oc2c1
CHEMBL3717915,COc1cc(OCc2csc(-c3ccc(COC(C)=O)cc3)n2)c2cc(-c3cn4nc(C)ccc4n3)oc2c1
CHEMBL3718801,COc1cc(OCc2nc(-c3ccnc(F)c3)sc2C)c2cc(-c3cn4nc(C)ccc4n3)oc2c1
CHEMBL3715479,COc1cc(OCc2csc(-c3ccc(F)nc3)n2)c2cc(-c3cn4nc(C)ccc4n3)oc2c1
CHEMBL3719230,COc1cc(OCc2nc(-c3cccc(COC(C)=O)c3)sc2C)c2cc(-c3cn4nc(C)ccc4n3)oc2c1
CHEMBL3719105,COc1cc(OCc2nc(-c3cccc(CO)c3)sc2C)c2cc(-c3cn4nc(C)ccc4n3)oc2c1
CHEMBL3715545,COc1cc(OCc2csc(-c3ccc(C)nc3)n2)c2cc(-c3cn4nc(C)ccc4n3)oc2c1
CHEMBL3718063,COc1cc(OCc2csc(-c3ccc(Cl)nc3)n2)c2cc(-c3cn4nc(C)ccc4n3)oc2c1
CHEMBL3718689,COc1cc(OCc2csc(-c3ccc(S(C)(=O)=O)cc3)n2)c2cc(-c3cn4nc(C)ccc4n3)oc2c1
CHEMBL3717467,COc1cc(OCc2csc(N3CCC(F)(F)CC3)n2)c2cc(-c3cn4nc(C)ccc4n3)oc2c1
CHEMBL3714777,COc1cc(OCc2csc(N3CCN(S(C)(=O)=O)CC3)n2)c2cc(-c3cn4nc(C)ccc4n3)oc2c1
CHEMBL3716435,COc1cc(OCc2csc(N3CCN(S(=O)(=O)c4ccc(C#N)cc4)CC3)n2)c2cc(-c3cn4nc(C)ccc4n3)oc2c1
CHEMBL3715038,COc1cc(OCc2csc(C3CCC(F)(F)CC3)n2)c2cc(-c3cn4nc(C)ccc4n3)oc2c1
CHEMBL3714932,COc1cc(OCc2csc(C3(c4cccc(Cl)c4)CCOCC3)n2)c2cc(-c3cn4nc(C)ccc4n3)oc2c1
CHEMBL3718885,COc1cc(OCc2csc(C3(c4ccc(Cl)cc4)CCOC3)n2)c2cc(-c3cn4nc(C)ccc4n3)oc2c1
CHEMBL3719044,COc1cc(OCc2csc(C3(c4ccc(C)cc4)CCOCC3)n2)c2cc(-c3cn4nc(C)ccc4n3)oc2c1
CHEMBL3715042,COc1cc(OCc2csc(N3CCN(CCO)CC3)n2)c2cc(-c3cn4nc(C)ccc4n3)oc2c1
CHEMBL3717199,COc1cc(OCc2csc(NCCN3CCOCC3)n2)c2cc(-c3cn4nc(C)ccc4n3)oc2c1
CHEMBL3717529,COc1cc(OCc2csc(NCc3cccnc3)n2)c2cc(-c3cn4nc(C)ccc4n3)oc2c1
CHEMBL3719181,COCCN(CCOC)c1nc(COc2cc(OC)cc3oc(-c4cn5nc(C)ccc5n4)cc23)cs1
CHEMBL3718641,COc1cc(OCc2csc(N3CCN(c4cnccn4)CC3)n2)c2cc(-c3cn4nc(C)ccc4n3)oc2c1
CHEMBL3716324,COc1cc(OCc2csc(Nc3cccc(N(C)C)c3)n2)c2cc(-c3cn4nc(C)ccc4n3)oc2c1
CHEMBL3716524,COc1cc(OCc2csc(N(C)CCO)n2)c2cc(-c3cn4nc(C)ccc4n3)oc2c1
CHEMBL3717327,COc1cc(OCc2csc(N(C)CCC#N)n2)c2cc(-c3cn4nc(C)ccc4n3)oc2c1
CHEMBL3716189,COCCNc1nc(COc2cc(OC)cc3oc(-c4cn5nc(C)ccc5n4)cc23)cs1
CHEMBL3716035,COc1cc(OCc2csc(N3CCC(N(C)C)CC3)n2)c2cc(-c3cn4nc(C)ccc4n3)oc2c1
CHEMBL3717842,COc1cc(OCc2csc(N3CC[C@@H](O)C3)n2)c2cc(-c3cn4nc(C)ccc4n3)oc2c1
CHEMBL3717970,COc1cc(OCc2csc(NCCCN3CCCC3=O)n2)c2cc(-c3cn4nc(C)ccc4n3)oc2c1
CHEMBL3715333,COc1cc(OCc2csc(NC(C)C)n2)c2cc(-c3cn4nc(C)ccc4n3)oc2c1
CHEMBL3719385,COc1cc(OCc2csc(NCC3CCCO3)n2)c2cc(-c3cn4nc(C)ccc4n3)oc2c1
CHEMBL3715374,COc1cc(OCc2csc(N3CCC3)n2)c2cc(-c3cn4nc(C)ccc4n3)oc2c1
CHEMBL3716564,COc1cc(OCc2csc(N3CCC(C)CC3)n2)c2cc(-c3cn4nc(C)ccc4n3)oc2c1
CHEMBL3718333,COc1cc(OCc2csc(Nc3cccc(C#N)c3)n2)c2cc(-c3cn4nc(C)ccc4n3)oc2c1
CHEMBL3716687,COc1cc(OCc2csc(Nc3ccc4[nH]ccc4c3)n2)c2cc(-c3cn4nc(C)ccc4n3)oc2c1
CHEMBL3719271,COc1cc(OCc2csc(N3CCN(c4ccccc4)CC3)n2)c2cc(-c3cn4nc(C)ccc4n3)oc2c1
CHEMBL3716572,COc1cc(OCc2csc(N3CCN(c4ccccn4)CC3)n2)c2cc(-c3cn4nc(C)ccc4n3)oc2c1
CHEMBL4077589,COc1ccc(-c2c(Nc3ccc(OCCN4CCN(C)CC4)cc3)c3ccc(OC)cc3oc2=O)cc1
CHEMBL4077590,CCc1ccccc1OCCN1CCCCCC1.Cl
CHEMBL4077591,[2H]C([2H])([2H])Oc1ccc2[nH]cc3c(=O)n(-c4ccccc4OC([2H])([2H])[2H])nc-3c2c1
CHEMBL4077592,O=C(COc1ccc(C(=O)Nc2ccc(Cl)cc2)cc1)NCc1ccc(OP(=O)(O)O)c(OP(=O)(O)O)c1
CHEMBL4077593,COC(=O)[C@]1(C)CCC[C@]2(C)c3ccc(C(C)C)c([N+](=O)[O-])c3CC[C@@H]12
CHEMBL4077594,Cc1cc(COc2ccc(S(=O)(=O)N(C)[C@H]3CCCC[C@@H]3C(=O)NO)cc2)c2ccccc2n1
CHEMBL4077595,O=C1CC(c2c[nH]c3cc(Br)c(F)cc23)C(=O)N1
CHEMBL4077596,Fc1cccc(F)c1-c1cncn1-c1ccc(Cl)cc1
CHEMBL4077597,N[C@H]1CC[C@H](Oc2ccc([C@H]3CC[C@]4(CC3)OOC3(O4)C4CC5CC(C4)CC3C5)cc2)CC1
CHEMBL4077598,Cc1cc(Nc2cccc(Cl)c2C)nc(N)n1
CHEMBL4077599,O=C(O)c1cc(CCc2c(F)cccc2F)cc(C(=O)O)c1
CHEMBL4077600,NC(=O)c1cccc2[nH]c(C(=O)N3CCC(NC4CCNCC4)CC3)nc12
CHEMBL4077601,CC(C)=CCc1cc2c(cc1O)OCC(c1ccc(O)c3c1OC(C)(C)C=C3)=C2
CHEMBL4077602,CNC(=O)c1ccc2c(c1)C(=O)c1ccc(Nc3ccc(F)c(NC(=O)c4ccccc4)c3)cc1CC2
CHEMBL4077603,COc1cccc(-n2nnc(-c3ccccc3NC(=O)c3ccc(NC(C)=O)cc3)n2)c1
CHEMBL4077604,Cc1cc(O)c(C)c2c1CC[C@@H]([C@@H](C)C(=O)Nc1ccc(CC#N)cc1)C2
CHEMBL4077605,COc1c(CN2CC3(CC(N4CCC(C)(C(=O)O)CC4)=NO3)C2)cc(C2CC2)c(-c2ccc(F)cc2)c1Cl
CHEMBL4077606,C[C@]12C[C@@H](O)[C@H]3[C@@H](CC[C@]4(O)C[C@@H](O)C[C@@H](O)[C@]34CO)[C@@]1(O)CC[C@@H]2c1cn(Cc2ccc(Cl)cc2)nn1
CHEMBL4077607,COc1cc(C)[nH]c(=O)c1CN1CCc2c(Cl)cc([C@@H](O)C3COC3)c(Cl)c2C1=O
CHEMBL4077608,FC(F)(F)c1nnc(NC(=S)Nc2ccc3ncnc(Nc4cccc(Cl)c4)c3c2)s1
CHEMBL4077609,O[C@H]1CC[C@H](Oc2ccc(-c3ccn4c(CC5CC5)nnc4c3C(F)(F)F)cc2Cl)CC1
CHEMBL4077610,C=C[C@H]1CNC(=O)[C@@H]2CCC[C@H]1N2S(=O)(=O)c1cc(Cl)cc(Cl)c1
CHEMBL4077611,Cc1ccc2cc(C(=O)Nc3cc(N(C)C(=O)c4ccc5c(c4)OCCO5)ccc3C)ccc2n1
CHEMBL4077612,CCCCn1c(=O)c2ccccc2c2cc(OC(=O)N3CCOCC3)ccc21
CHEMBL4077613,Cc1nc(C(F)(F)F)c(/C=C/C(=O)/C=C/C=C/c2ccncc2F)s1
CHEMBL4077614,CN(c1ncnc2[nH]ccc12)[C@H]1C[C@@H](NS(=O)(=O)N2CCCCC2)C1
CHEMBL4077615,CN(C)C[C@H](O)[C@@H](O)[C@H](O)[C@H](O)CO.O=C(O)c1cc(-c2ccc(F)cc2F)ccc1O
CHEMBL4077616,CC[C@H](C)OC(=O)C(C)(C)NP(=O)(OC[C@H]1O[C@@H](c2cnc3c(N)ncnn23)[C@](C)(F)[C@@H]1O)Oc1ccccc1
CHEMBL4077617,O=C(OCCN1CCOCC1)c1[nH]c2cc(Cl)ccc2c1-c1c(-c2ccc(F)cc2)ncn1Cc1ccc(Cl)cc1
CHEMBL4077618,Cc1c(NC(=O)c2ccc(C(C)(C)C)cc2)cccc1-c1cc(Nc2ccc(C(=O)N3CCOCC3)c(NC(=O)CCl)c2)c(=O)n(C)c1
CHEMBL4077619,Cn1c(=O)n(C)c2cc(N3C(=O)c4cccc5cccc(c45)C3=O)ccc21
CHEMBL4077620,O=C(O)c1ccc(-n2cc(/C=N/NS(=O)(=O)c3ccccc3)c(-c3ccccc3)n2)cc1
CHEMBL4077621,O=C(NCc1ccccc1)c1cccnc1Nc1nc(-c2ccccc2)cc2nccn12
CHEMBL4077622,Clc1cnc(NC2=NCC3(CN4CCC3CC4)N2)nc1
CHEMBL4077623,C[C@H]1[C@H](F)C[C@@H](C(=O)NCc2cc(-c3cnc(C(F)(F)F)nc3)c(F)cn2)N1S(=O)(=O)c1ccc(F)cc1
CHEMBL4077624,CCOC(=O)c1cnn(CC(C)O)c1NC(=O)Nc1cccc(C(F)(F)F)c1
CHEMBL4077625,Cn1cc(-c2cccc(N3Cc4cc(C(C)(C)C)ccc4C3=O)c2CO)cc(Nc2ccncn2)c1=O
CHEMBL4077626,CC[C@H](C)[C@H](NC(=O)[C@H](CC(=O)O)NC(=O)[C@@H](NC(=O)[C@H](Cc1ccc(O)cc1)NC(=O)[C@H](Cc1c[nH]c2ccccc12)NC(=O)[C@H](CC(C)C)NC(C)=O)[C@@H](C)O)C(=O)N[C@@H](CCCNC(=N)N)C(=O)N[C@@H](CCSC)C(=O)N[C@@H](CO)C(=O)N[C@@H](Cc1c[nH]c2ccccc12)C(=O)N[C@@H](CCCNC(=N)N)C(=O)N[C@H](C(=O)N1CCC[C@H]1C(=O)O)C(C)C
CHEMBL4077627,CCOCCNC(=O)c1ccc(Oc2sc(C(N)=O)c3c2-c2sncc2CC3)cn1
CHEMBL4077628,CC[C@H](C)[C@@H]1NC(=O)[C@@H]2CSSC[C@H](NC(=O)[C@H](CC(=O)O)NC(=O)[C@@H]3CSSC[C@H](NC1=O)C(=O)N[C@@H]([C@@H](C)O)C(=O)N[C@@H](CCCNC(=N)N)C(=O)NCC(=O)N[C@@H](Cc1ccccc1)C(=O)N3)C(=O)N[C@@H](CC(C)C)C(=O)N[C@H]1CSSC[C@H](NC(=O)[C@H](C(C)C)NC(=O)CNC(=O)[C@H](CCCNC(=N)N)NC(=O)[C@H](CCCNC(=N)N)NC1=O)C(=O)N[C@@H](CCCNC(=N)N)C(=O)N2
CHEMBL4077629,NC(=O)c1cc(O[C@H]2CC[C@H](NC(=O)Nc3cccc(C(F)(F)F)c3)CC2)ccc1C(F)(F)F
CHEMBL4077630,O=c1cc(O)cc([C@H]2[C@H](c3ccc(O)cc3)[C@H](c3cc(O)cc(=O)o3)[C@H]2c2ccc(O)cc2)o1
CHEMBL4077631,CC1(COc2ccc(-c3ccc(F)nc3F)nc2)CCn2cc([N+](=O)[O-])nc2O1
CHEMBL4077632,COc1cccc(Nc2cc(C)nc(-c3ccncc3)n2)c1
CHEMBL4077633,Cc1ccc(C(=O)Nc2ccc(C(=O)OCC(C)C)cc2)cc1C
CHEMBL4077634,NC(=O)C(=O)C(Cc1ccccc1)NC(=O)c1cccnc1-n1cc(-c2ccccc2)cn1
CHEMBL4077635,Cc1cc(C#N)cc(C)c1Oc1cc(Cl)nc(NCCn2ccc(=O)[nH]c2=O)n1
CHEMBL4077636,Cl.O=C(OC(Cn1ccnc1)c1ccccc1)C1CCCCC1
CHEMBL4077637,Cc1c(Oc2cnc(C(=O)NC(C)C(C)O)cn2)ccc2c1B(O)OC2
CHEMBL4077638,Cc1nc(C)c(-c2csc(Nc3ccc(C(=O)N4C5CCC4CN(c4ncc(F)cn4)C5)cn3)n2)s1
CHEMBL4077639,C=Cc1c(C)c2cc3nc(c(CC(=O)NCCNC(=O)CCC(=O)O[C@@H]4O[C@@H]5O[C@@]6(C)CC[C@H]7[C@H](C)CC[C@@H]([C@H]4C)[C@@]57OO6)c4[nH]c(cc5nc(cc1[nH]2)C(C)=C5CC)c(C)c4C(=O)NCCNC(=O)CCC(=O)O[C@@H]1O[C@@H]2O[C@@]4(C)CC[C@H]5[C@H](C)CC[C@@H]([C@H]1C)[C@@]25OO4)[C@@H](CCC(=O)NCCNC(=O)CCC(=O)O[C@@H]1O[C@@H]2O[C@@]4(C)CC[C@H]5[C@H](C)CC[C@@H]([C@H]1C)[C@@]25OO4)[C@@H]3C
CHEMBL4077640,COc1cccc(Nc2cc(C3CC3)nc3c2C(=O)NCC3)c1
CHEMBL4077641,c1ccc(-c2cc(NC3CCC3)n3ncnc3n2)cc1
CHEMBL4077642,O=C(O)c1ccc(-n2cc(/C=N/NC(=O)c3ccc(F)cc3)c(-c3ccccc3)n2)cc1
CHEMBL4077643,Cc1nc(O)cc(C[S+]([O-])C(c2ccccc2)c2ccccc2)n1
CHEMBL4077644,Nc1n[nH]c(N2CCC(N(CCc3ccc(Cl)cc3)Cc3ccccc3Cl)CC2)n1
CHEMBL4077645,O=C(Cc1ccc(C(=O)NO)cc1)NC1=CC(=O)c2ccccc2C1=O
CHEMBL4077646,CCCCCC(=O)N[C@H](Cc1ccc(N)cc1)C(=O)N[C@@H](Cc1ccc(N)cc1)C(=O)N[C@@H](Cc1ccccc1)C(=O)[C@@]1(C)CO1
CHEMBL4077647,O=C1C(=O)N(CCCCCn2cc(COc3cc(=O)oc4ccccc34)nn2)c2ccccc21
CHEMBL4077648,O=[N+]([O-])c1ccc(C2=NOC(c3ccc(N4CCN(Cc5ccccn5)CC4)cc3)C2)o1
CHEMBL4077649,COc1ccc(/C=C/C(=O)c2ccc(OC)c3c2OC(C)(C)C=C3)cc1OCC(=O)Nc1ccccc1F
CHEMBL4077650,O=S(=O)(c1cccc(Cl)c1)c1cnc2cc(Cl)ccc2c1N1CCOCC1
CHEMBL4077651,CCCCCCCCCCSCc1cc(C(=O)OC)c(N)s1
CHEMBL4077652,COC(=O)[C@H](CCCNC(=N)N)NC(=O)COc1cc(OCC(=O)N[C@@H](CCCNC(=N)N)C(=O)OC)c2c(=O)c3c(OCC(=O)N[C@@H](CCCNC(=N)N)C(=O)OC)cc(OCC=C(C)C)cc3oc2c1
CHEMBL4077653,COc1cccc(-c2cc(C(=O)OCCOc3cc(=O)oc4ccccc34)nn2-c2ccc(S(N)(=O)=O)cc2)c1
CHEMBL4077654,CCCCCCCCn1nc2cccc([N+](=O)[O-])c2n1
CHEMBL4077655,COc1ccccc1Cc1coc2cc(O)ccc2c1=O
CHEMBL4077656,C[C@H](CC[C@H](O)C(C)(C)O)[C@H]1CC[C@@]2(C(=O)O)[C@@H]3CCC4=C(CC[C@@H](O[C@@H]5O[C@H](CO)[C@@H](O)[C@H](O)[C@H]5O)C4(C)C)C[C@H]3CC[C@]12C
CHEMBL4077657,CC(=O)Nc1cccc(CNc2nc(NC(C)C)nc3cc(-c4ccccc4)sc23)c1
CHEMBL4077658,COc1ccccc1CCNC1CCc2c(sc3ncn(Cc4cccc5ccccc45)c(=O)c23)C1
CHEMBL4077659,COc1cc(/C=C/C(=O)NO)ccc1OC[C@H](Cc1c[nH]c2ccccc12)NC(=O)c1ccc([N+](=O)[O-])cc1
CHEMBL4077660,NCCC[C@H](N)C(=O)N[C@H](Cc1c[nH]c2ccccc12)C(=O)N[C@@H](CC1CCCCC1)C(=O)N[C@H](C(=O)N[C@H](Cc1ccccc1)C(=O)N[C@@H](Cc1cn(Cc2ccccc2)cn1)C(N)=O)c1ccccc1
CHEMBL4077661,O=c1c2cc(Br)ccc2oc2c(O)c(O)ccc12
CHEMBL4077662,COC(=O)CSC[C@H]1[C@H](NC(=O)Cc2ccccc2)C(=O)N1S(=O)(=O)[O-].[K+]
CHEMBL4077663,Cc1cc(C(=O)O)nn1Cc1cc(N)cc2sc(N3CC=CCC3)nc12
CHEMBL4077664,COc1ccc(C(=O)N[C@@H](Cc2c[nH]c3ccccc23)C(=O)NCc2ccc(C(=O)NNC3CCCC3)cc2)cc1
CHEMBL4077665,O=C(NC(=S)N1CCc2ccccc21)c1ccc(C#Cc2ccccc2)nc1
CHEMBL4077666,C[C@H]1[C@@H](O)C(C)(C)C(=O)N1c1ccc(C#N)c(Cl)c1
CHEMBL4077667,COc1cc(/C=C/C(=O)N2CCN(c3ccc(C(=O)Nc4ccccc4N)cc3)CC2)cc(OC)c1OC
CHEMBL4077668,CC(=O)[C@]1(O)CC[C@]2(O)[C@@H]3CC=C4C[C@@H](O)CC[C@]4(C)[C@H]3C[C@@H](OC(=O)c3ccccc3)[C@]12C
CHEMBL4077669,CC(=O)N[C@@H](CC(C)C)C(=O)N[C@@H](CC(=O)O)C(=O)N[C@@H](CC(C)C)C(=O)N[C@@H](CC(C)C)C(=O)N[C@@H](CCCNC(=N)N)C(=O)N[C@H](C(=O)N[C@@H](CCCCN)C(=O)NCc1ccc(C(=N)N)cc1)C(C)C
CHEMBL4077670,CS(=O)(=O)c1ccc2c(c1)CCN2c1ncnc2c(C3CCN(c4ncc(F)cn4)CC3)coc12
CHEMBL4077671,O=C(NNC(=O)c1cc(-c2cccnc2)ccn1)Nc1ccc(CN2CCCC2)cc1
CHEMBL4077672,Cc1cc(Oc2cncc(F)c2)cc(C(=O)Nc2cccc(F)n2)n1
CHEMBL4077673,COC1=C(Br)[C@@H](O)[C@]2(C=C1Br)CC(C(N)=O)=NO2
CHEMBL4077674,COc1cccc(NC(=O)C2(C(=O)Nc3ccc(Nc4ncc5cc(C(=O)N(C)C)n(C6CCCC6)c5n4)cc3)CC2)c1
CHEMBL4077675,CCCCCCCCCCCC(=O)NNC(=O)c1c(O)c2cc(Br)ccc2n(C)c1=O
CHEMBL4077676,CN1C=CC(C2SC(C(F)(F)F)=CN2c2ccc(S(N)(=O)=O)cc2)C=C1
CHEMBL4077677,O=C(N[C@@H](CC1CCCCC1)C(=O)N[C@@H](C[C@@H]1CCNC1=O)C(O)S(=O)(=O)[O-])OCCc1cccc(Cl)c1.[Na+]
CHEMBL4077678,O=C(CCC(=O)Nc1ccc(C2=NCCN2)cc1)Nc1ccc(C2=NCCN2)cc1
CHEMBL4077679,Cc1ccc(-c2cnc(N)c(-c3cnn(C)c3C)c2)cc1
CHEMBL4077680,COc1cc(/C=C2\CC/C(=C\c3ccc(N4CCCC4)cc3)C2=O)ccc1OC(=O)C(C)C
CHEMBL4077681,COc1ccc(/N=C(\N)N=C(N)N)cc1
CHEMBL4077682,CCCC[S+]([O-])c1sc2nc(-c3nccn3C)nc(-c3ccccc3)c2c1N
CHEMBL4077683,CCN(CC)C/C1=C/C[C@](C)(CCC=C(C)C)/C=C/[C@@H](OC(=O)C=C(C)C)[C@](C)(O)/C=C/C1=O
CHEMBL4077684,CCC(=O)Nc1cccc(C(=O)Nc2cccc(Nc3cc(-c4c(-c5ccc(F)cc5)nc(SC)n4C)ccn3)c2)c1
CHEMBL4077685,CC(C)[C@@H]1NC(=O)[C@H]2CCCN2C(=O)[C@@H]2CCCN2C(=O)C[C@@H](C(=O)OCc2ccccc2)NC1=O
CHEMBL4077686,C[C@H]1[C@H](C)CC[C@]2(C(=O)O)CC[C@]3(C)C(=C[C@@H](O)[C@@H]4[C@@]5(C)C[C@@H](O)[C@H](O)[C@@](C)(CO)[C@@H]5CC[C@]43C)[C@H]12
CHEMBL4077687,O=C(O)c1ccc(NC(=O)[C@@H]2NC3(CCCCC3)[C@@]3(C(=O)Nc4cc(Cl)ccc43)[C@H]2c2cccc(Cl)c2F)cc1F
CHEMBL4077688,COc1ccc(NC(=O)CSc2nnc(-c3ccccc3)c(-c3ccccc3)n2)c([N+](=O)[O-])c1
CHEMBL4077689,Cl.NCCCN1N=C(CCc2ccc(O)cc2)c2ccccc2N(Cc2ccc3ccccc3c2)C1=O
CHEMBL4077690,Cc1ccc(-c2cc(CC(=O)c3c(O)cc(O)cc3O)n[nH]2)cc1
CHEMBL4077691,O=C(CNCCCN1CCOCC1)Nc1ccccc1
CHEMBL4077692,Cc1nc(Nc2ccc(NC(=O)Nc3cccc(C(F)(F)F)c3)cc2)cc(N2CCCCC2)n1
CHEMBL4077693,COc1ccc(CNC(=O)c2cccc(C(=O)O)n2)cc1
CHEMBL4077694,CC[C@H](C)[C@H](N)C(=O)N[C@@H](Cc1ccccc1)C(=O)N[C@@H](CCC(N)=O)C(=O)N[C@@H](CCC(=O)O)C(=O)N[C@@H](Cc1ccc(O)cc1)C(=O)N1CCC[C@H]1C(=O)N[C@@H](CC(=O)O)C(=O)N[C@@H](CCC(=O)O)C(=O)N[C@H](C(=O)N[C@@H](CCC(=O)O)C(=O)N[C@@H](Cc1ccc(O)cc1)C(=O)N[C@H](C(=O)N[C@@H](Cc1ccccc1)C(N)=O)[C@@H](C)CC)[C@@H](C)CC
CHEMBL4077695,O=C(c1ccc(Nc2nc3ccccc3n3nnnc23)cc1)N1CCNCC1
CHEMBL4077696,N[C@@H](CC(=O)N1CC[C@H]2[C@@H](CCc3nnc(C(F)(F)F)n32)C1)Cc1cc(F)c(F)cc1F
CHEMBL4077697,[O-][S+](Cc1ccncc1)C(c1ccccc1)c1ccccc1
CHEMBL4077698,COc1ccc(-c2csc(N/N=C/c3ccc(Cl)cc3Cl)n2)cc1
CHEMBL4077699,COc1ccc(NC(=O)COc2cc(/C=C/C(=O)c3ccc(OC)c4c3OC(C)(C)C=C4)ccc2OC)cc1
CHEMBL4077700,Cc1cc(O)c2c(c1)C(=O)c1cc(O)c(-c3ccccc3)c(O)c1C2=O
CHEMBL4077701,O=C(NC[C@@H]1N[C@H](CO)[C@H](O)[C@@H]1O)C1CCCC1
CHEMBL4077702,Cc1nc2n(c(=O)c1CCN1CCC(c3noc4cc(F)ccc34)CC1)CCCC2=O
CHEMBL4077703,CCCCCCC#Cc1ccc(S(=O)(=O)Nc2cccc(-c3csc(NC)n3)c2)cc1
CHEMBL4077704,COc1ccc(C(=O)c2c(C#Cc3ccccc3)sc3c2CCCC3)cc1
CHEMBL4077705,N[C@@H](CCP(=O)(O)C(O)c1cc(F)c(O)c([N+](=O)[O-])c1)C(=O)O
CHEMBL4077706,COc1ccc(-c2cc(-c3cccc4ccccc34)nc3cnc4ccccc4c23)cc1.Cl
CHEMBL4077707,O=C(CN(C(=O)c1cc(O)c(O)c(O)c1)c1ccccc1)NC12CC3CC(CC(C3)C1)C2
CHEMBL4077708,COc1ccc2c(c1)C(=O)N1CCC[C@H]1c1c(C(=O)N(C)C)ncn1-2
CHEMBL4077709,CCN(CC)Cc1nc(-c2ccc([N+](=O)[O-])cc2)no1
CHEMBL4077710,C1Cc2nc(SSc3nc4c(s3)COCC4)sc2CO1
CHEMBL4077711,CC(C)C[C@H](CP(=O)(O)[C@@H](N)CCc1ccccc1)C(=O)N[C@H](Cc1ccccc1)C(N)=O
CHEMBL4077712,COc1cc(Nc2nccc(Nc3ccc4c(n3)NC(=O)C(C)(C)O4)n2)cc(OC)c1OC
CHEMBL4077713,Cc1[nH]nc2c1C(c1cc(C#N)cc(-c3ccc(C(F)(F)F)s3)c1)(C(C)C)C(C#N)=C(N)O2
CHEMBL4077714,C[C@@H]1CCC2=C(C[C@H]3C[C@]2(C)C(=O)O3)[C@@]1(C)CC(=O)c1ccco1
CHEMBL4077715,O=C(/C=C/c1ccc(OCc2cn(Cc3ccccc3F)nn2)cc1)c1ccc(Br)cc1
CHEMBL4077716,CNC(=O)c1ccccc1Nc1nc(Nc2ccc(Oc3ccc(NS(C)(=O)=O)cc3)cc2)ncc1Cl
CHEMBL4077717,Cc1cccc(COc2cc(=O)n3c(n2)COC[C@H]3Cc2ccccc2)n1
CHEMBL4077718,CC(C(=O)N/N=C/c1ccco1)N1C(=O)c2ccccc2NC1c1ccco1
CHEMBL4077719,COc1ccc(NC(=O)c2ccccc2-n2cc3ccccc3n2)cc1
CHEMBL4077720,O=C(O)C[C@@H]1[C@H]2CCCN3CCC[C@@H](CN1Cc1ccc(Cl)c(Cl)c1)[C@@H]23
CHEMBL4077721,N#Cc1cc(-n2cc(C(=O)O)nn2)ccc1OCc1ccc(Cl)cc1
CHEMBL4077722,COc1cccc2nccc(Nc3ccnc(-c4cc(Cl)ccc4F)c3)c12
CHEMBL4077723,COc1ccc2ccccc2c1Cn1cnc2sc3c(c2c1=O)CCC(NCc1c(C)nn(C)c1C)C3
CHEMBL4077724,C=C(C)CN1CCN(c2ccc3c(c2)[C@@H]2CCN(C(=O)OCc4ccccc4)[C@@H]3C2)CC1
CHEMBL4077725,CCN(CC)CCCCOC(=O)c1cc(O)c2c(c1)C(=O)c1cccc(O)c1C2=O.Cl
CHEMBL4077726,Cc1cc(COc2ccc(S(=O)(=O)N[C@@H]3CCN(C=O)C[C@]3(O)C(=O)NO)cc2)c2ccccc2n1.O=C(O)C(F)(F)F
CHEMBL4077727,CCC(CC)O[C@@H]1C=C(C(=O)O)C[C@H](NC(=N)NC(=O)c2cccc(C(F)(F)F)c2)[C@H]1NC(C)=O
CHEMBL4077728,CC(=O)Nc1ccc(S(=O)(=O)N(Cc2ccccc2)c2ccc(Oc3ccccc3)cc2)cc1
CHEMBL4077729,S=C(NCC12CC3CC(CC(C3)C1)C2)Nc1ccccc1
CHEMBL4077730,Cc1cc(COc2cc(C(=O)N3CCC[C@@H](N)C3)nn2-c2ccc(C#N)cc2)n(C)n1
CHEMBL4077731,CCCC[C@H](CC(=O)O)c1c2c(c(O)c3c1O[C@H](C)[C@H](C)C3=O)C=CC(C)(C)O2
CHEMBL4077732,O=C(Nc1ccc2sc(-c3ccc(F)c(F)c3)nc2c1)N1CC[C@@H](F)C1
CHEMBL4077733,COc1ccc2c(c1)nc(-c1ccccc1)c(=O)n2CC(=O)O
CHEMBL4077734,C[C@@H]1CN(C(=O)c2sc3c(Cl)c(Cl)ccc3c2Cl)C[C@H](C)O1
CHEMBL4077735,O=C1c2cc3c(cc2N=C2N(c4ccccc4)CC[C@@]12O)NCC3
CHEMBL4077736,CCc1cnc2c(N3CCOC[C@@H]3C)cc(-c3ccc(NC(=O)Nc4ccncc4)cc3)nn12
CHEMBL4077737,O=C(NCC1CC(=O)c2ccccc21)Nc1cccc(O)c1
CHEMBL4077738,COC(=O)[C@@]1(C)CCC[C@@]2(C)[C@H]1[C@@H](O)C(=O)[C@H]1[C@@H](C)/C(=C/C(=O)OCCN(C)C)CC[C@@H]12
CHEMBL4077739,Cc1cc(COc2cc(C(=O)N3C[C@H]4CCCN[C@H]4C3)nn2-c2ccc(C#N)cc2)on1
CHEMBL4077740,CCCC[C@H](NC(=O)[C@@H]1CCCN1C(=O)CNC(=O)[C@H](CCCCN)NC(=O)[C@H](Cc1c[nH]cn1)NC(=O)[C@H](CO)NC(=O)N(CC(C)C)NC(=O)[C@H](CCCNC(=N)N)NC(=O)[C@@H]1CCCN1C(=O)[C@H](CCCNC(=N)N)NC(=O)[C@@H]1CCC(=O)N1)C(=O)NC(C)(C)C(=O)N[C@@H](Cc1ccc(Br)cc1)C(=O)O
CHEMBL4077741,O=C(/C=C/c1cn(-c2ccccc2)nc1-c1ccc2c(c1)OCO2)c1cccnc1
CHEMBL4077742,CNCc1cn(S(=O)(=O)c2cccc(OC)n2)c(-c2cccnc2F)c1F
CHEMBL4077743,NC(=O)c1ccc(-c2ccc3[nH]ccc3c2)nc1
CHEMBL4077744,COc1ccc2cc(C3SCC(=O)N3NC(=O)c3cccnc3)c3nnnn3c2c1
CHEMBL4077745,O=C(OC(C(F)(F)F)C(F)(F)F)N1CC(c2cc(-c3ccccc3)n(-c3ccccc3)n2)C1
CHEMBL4077746,COc1ccc(CSc2nnc(-c3cc([N+](=O)[O-])cc([N+](=O)[O-])c3)o2)cc1
CHEMBL4077747,COC(C)c1cc(O)c(C)c2c1-c1ccc(O)c(C)c1CC2
CHEMBL4077748,O=c1oc2ccc(F)c(F)c2cc1CO[C@H]1[C@@H](O)[C@@H](CO)O[C@@H](SS[C@@H]2O[C@H](CO)[C@H](O)[C@H](OCc3cc4c(F)c(F)ccc4oc3=O)[C@H]2O)[C@@H]1O
CHEMBL4077749,Cc1nn(CC(=O)NC2CCCCC2)c2nc3ccccc3c(C)c12
CHEMBL4077750,CN1C(=O)[C@H](CCCNC(=N)N)NC(=O)[C@@H](Cc2ccc(O)cc2)NC(=O)[C@H](Cc2ccccc2)N(C)C(=O)[C@H](Cc2ccc3ccccc3c2)NC(=O)[C@@H]1CCCNC(N)=O
CHEMBL4077751,O=C(Nc1cccc(C(F)(F)F)c1)N(Cc1ccccc1)C1CCN(CC2CC2)CC1
CHEMBL4077752,COc1ccc2c(c1)CCCN2c1nc(N)nc2[nH]c3cccc(Cl)c3c12
CHEMBL4077753,COc1cc(C(=O)NC(c2nc(C(=O)NC3CCC(F)(F)CC3)cs2)C(C)C)cc(OC)c1OC
CHEMBL4077754,COc1ccc2/c(=N/O)cc(-c3cc4ccccc4cn3)oc2c1
CHEMBL4077755,Clc1ccc(-c2nc(-c3cc4ccccc4nc3N3CCOCC3)no2)cc1
CHEMBL4077756,Clc1ccc(-n2cncc2-c2ccccc2)cc1
CHEMBL4077757,COc1ccc2c(Br)c3[n+](cc2c1OCCCCCCCCO[N+](=O)[O-])CCc1cc2c(cc1-3)OCO2.[Br-]
CHEMBL4077758,C[N+](C)(C)CC(CC(=O)[O-])OC(=O)CCCCC(=O)Nc1ccn([C@@H]2O[C@H](CO)[C@@H](O)C2(F)F)c(=O)n1
CHEMBL4077759,CCCC(C)N1CCC(N(Cc2ccccc2)C(=O)Nc2cc(F)cc(C(F)(F)F)c2)CC1
CHEMBL4077760,CNS(=O)(=O)c1ccccc1-c1ccccc1F
CHEMBL4077761,CCC(C)[C@@H](NC1=CC(=O)C(NC(=O)c2ccccc2)=CC1=O)C(=O)O
CHEMBL4077762,CC[C@H](C)[C@H](NC(=S)Nc1cccc([N+](=O)[O-])c1)C(=O)N[C@H](Cc1ccccc1)C(=O)Nc1ccc(Cl)c(Cl)c1
CHEMBL4077763,COC(=O)[C@]1(C)[C@H](O)CC[C@@]2(C)[C@H](/C=C/c3ccc(-c4cccc(F)c4)cn3)[C@@]3(CC[C@@H]21)CO3
CHEMBL4077764,Cc1c(-c2nc3ccccc3nc2N=O)cnn1-c1ccccc1
CHEMBL4077765,CCCn1c(=O)c2[nH]c(-c3cc(OCC#Cc4cccc(F)c4)no3)nc2n(CCC)c1=O
CHEMBL4077766,CC[C@H](C)[C@H](NC(=O)[C@@H](Cc1ccccc1)NC)C(=O)N[C@@H](CCCCN)C(=O)N[C@H](CCC(N)=O)C(=O)N[C@@H](C(=O)N[C@H](C(=O)N[C@@H](CO)C(=O)N[C@H]1C(=O)N[C@@H](CCCCN)C(=O)N[C@@H](CCCCN)C(=O)N[C@@H]([C@@H](C)CC)C(=O)O[C@H]1C)[C@@H](C)CC)[C@@H](C)CC
CHEMBL4077767,N#Cc1c(-c2c(Cl)cccc2Cl)nc(SCc2ccc(-c3nn4c(-c5ccccc5Cl)nnc4s3)cc2)[nH]c1=O
CHEMBL4077768,COc1cc(OC)cc(C2SCC(=O)Nc3cc4c(cc32)OCO4)c1
CHEMBL4077769,CCOP(=O)(OCC)C1CC(Cn2c(=O)n(Cc3ccc(F)cc3)c(=O)c3ccccc32)ON1C
CHEMBL4077770,O=C(Nc1cccc(F)n1)c1cc(Oc2cncc(F)c2)cn2ccnc12
CHEMBL4077771,Cc1ccc(N/C=C2\C(=O)Oc3ccccc3C2=O)cc1
CHEMBL4077772,Cc1ccc(-c2[nH]c3ccc([N+](=O)[O-])cc3c(=O)c2-c2ccc(C(F)(F)F)cc2)cc1
CHEMBL4077773,Cc1ccc2c(c1)CCN(C(=O)/C=C/c1cc(Cl)ccc1-n1cnnn1)C2C(=O)Nc1ccc(C(=O)O)cc1
CHEMBL4077774,CS/C(N)=N\C(=N/S(=O)(=O)c1ccc(I)cc1)N1CC(c2ccccc2)C(c2ccc(Cl)cc2)=N1
CHEMBL4077775,O=C(Cc1ccc(NC(=O)CCCCc2ccc(-c3ccccc3)cc2)cc1)NO
CHEMBL4077776,CCC(C)(C)C(=O)N(C)C(CO)c1ccccc1
CHEMBL4077777,O=C(CCCc1cn(S(=O)(=O)c2cccc3ccccc23)c2ccccc12)NC1CCCCCC1
CHEMBL4077778,CSCC[C@H](NC(=O)[C@H](CO)NC(=O)[C@H](CCCNC(=N)N)NC(=O)[C@@H](NC(=O)CNC(=O)[C@H](CO)NC(=O)[C@H](C)NC(=O)[C@H](C)NC(=O)[C@@H](N)[C@@H](C)O)C(C)C)C(=O)N[C@@H](Cc1cc2ccccc2[nH]1)C(=O)O
CHEMBL4077779,Cc1ncccc1OC1CN(c2cccc(COC(=O)NC(=N)N)c2F)C1.O=C(O)[C@H](O)[C@@H](O)C(=O)O
CHEMBL4077780,Cn1ccc2ncn(CC(=O)Nc3ccc(-c4ccsc4)cc3)c2c1=O
CHEMBL4077781,COc1ccc2c3nn(-c4ccc(O)cc4)c(=O)c-3c[nH]c2c1
CHEMBL4077782,Nc1nc2c(ncn2[C@@H]2O[C@H](CO)[C@@H](O)[C@]2(F)Cl)c(=O)[nH]1
CHEMBL4077783,C[C@@H]1NC(=O)[C@H](C)NC(=O)[C@H](Cc2ccccc2)NC(=O)[C@H](Cc2ccccc2)NC(=O)[C@H](CCCNC(=N)N)NC(=O)[C@@H]2CCCN2C(=O)[C@H]2CCCN2C(=O)[C@H](Cc2ccccc2)NC1=O
CHEMBL4077784,Cl.O=C(O)CCc1ccc(OCc2ccc(CN3CCC4(CC3)CC(CCOc3ccc(F)cc3)CCO4)cc2)cc1
CHEMBL4077785,COc1cc2ncnc(NCCCCCC(=O)NO)c2cc1OC
CHEMBL4077786,Cc1csc(C(C#N)C(SCCO)c2ccccc2)n1
CHEMBL4077787,Cc1c(CCC(=O)O)ccc(OCc2csnc2-c2ccc(Cl)cc2)c1C
CHEMBL4077788,CC(=O)Oc1ccc(CONC(=O)CCC(Cc2ccc(C(=O)OCOC(=O)OC(C)C)cc2)C(=O)O)cc1
CHEMBL4077789,C[C@H](c1cccc2c1CNCC2)n1c(=O)oc2cc(S(=O)(=O)Nc3cccc(F)n3)c(F)cc21
CHEMBL4077790,Cc1nn(C)cc1-c1nsc(Nc2ccc(C(=O)N3C4CCC3CN(c3ncc(C(F)(F)F)cn3)C4)cn2)n1
CHEMBL4077791,O=c1[nH]cnc2c1nc(Br)n2CC(COCCP(=O)([O-])[O-])COCCP(=O)([O-])[O-].[Na+].[Na+].[Na+].[Na+]
CHEMBL4077792,CC1=NN(c2cccc(C(=O)O)c2)C(=O)/C1=C\c1ccc(-c2ccc(Cl)c(C(=O)NCc3ccc(F)cc3)c2)o1
CHEMBL4077793,Nc1ncnc2c1ncn2[C@@H]1O[C@H](C[C@H](N)CC2CCCCC2)[C@@H](O)[C@H]1O
CHEMBL4077794,Nc1cc(-c2nnc(SCc3ccc([N+](=O)[O-])cc3)o2)cc([N+](=O)[O-])c1
CHEMBL4077795,COc1ccc(C(=O)N(CC(=O)O)OCc2ccccc2)cc1
CHEMBL4077796,NC(=O)c1cc2ccc(OCC(=O)O)cc2n1CCCOc1cccc2ccccc12
CHEMBL4077797,O=C[C@H](C[C@@H]1CCNC1=O)NC(=O)[C@H](CC1CCCCC1)NS(=O)(=O)c1cccc(Cl)c1
CHEMBL4077798,CCCC[C@@H]1[C@H]2CCCN3CCC[C@@H](CN1Cc1ccc(C(=O)OC)cc1)[C@@H]23
CHEMBL4077799,CN1CCN(C(=O)Cc2cc(-c3ccc(C(=N)N)cc3)oc2-c2ccc(C(=N)N)cc2)CC1
CHEMBL4077800,O=C(NCc1ccccc1Cl)c1ccc(CN2CCCCC2)cc1
CHEMBL4077801,COc1cc(Nc2cc(C)nc3cc(C)nn23)cc(OC)c1
CHEMBL4077802,COc1cccc(-c2ccc3c(c2)[C@H]2C[C@H]3CCN2Cc2ccccc2)c1
CHEMBL4077803,COc1cccc2c1C(=O)c1c(O)c3c(c(O)c1C2=O)CC(O)(/C(C)=N/O)CC3OC1CCC(O)C(C)O1
CHEMBL4077804,Cc1nc(-c2ccc(F)cc2)oc1-c1csc(Cc2ccc(Cl)cc2)n1
CHEMBL4077805,O=C(Nc1cccc2ccccc12)c1cccnc1NCc1ccncc1
CHEMBL4077806,O=[N+]([O-])c1cc(-c2nnc(SCc3ccc(Cl)c(Cl)c3)o2)cc(C(F)(F)F)c1
CHEMBL4077807,Cc1ccc(S(=O)(=O)c2cnc3cc(F)ccc3c2-c2ccc(F)cc2)cc1F
CHEMBL4077808,C/C(=C\c1ccc(-c2ccccc2)cc1)CN(C)Cc1coc2ccccc12.Cl
CHEMBL4077809,O=[N+]([O-])c1ccc(COc2cc3c(cc2OCc2ccc([N+](=O)[O-])cc2)OC2(C=C3)CCCCCC2)cc1
CHEMBL4077810,CC(C)[C@@H]1NC(=O)[C@H]2CCCN2C(=O)[C@@H]2CCCN2C(=O)C[C@H](C(=O)NCCCO)NC1=O
CHEMBL4077811,CC1CN(C(=O)c2sc3ccccc3c2Cl)CC(C)N1
CHEMBL4077812,NC(=O)c1cccc2[nH]c(C(=O)N3CCC(NC4CCCCC4)C3)nc12
CHEMBL4077813,O=C(O)CCSc1nc2cc(Cl)c(Cl)cc2[nH]1
CHEMBL4077814,N#Cc1ccc(OC(=O)c2c(-c3ccccc3)sc3c2CCCC3)cc1
CHEMBL4077815,CCc1c(-c2ccc(O)cc2F)c(=O)oc2cc(O)ccc12
CHEMBL4077816,Cc1ccc(CNC2CCc3c([nH]c4ccccc34)C2)cc1
CHEMBL4077817,CCN(CC)CCCCn1c2ccccc2c(=O)c2cc(C)cc(C)c21
CHEMBL4077818,Cc1nn(-c2ncnc3nc[nH]c23)c2c1C(c1ccc(F)cc1Cl)CC(=O)N2
CHEMBL4077819,COC(=O)[C@H](C)NC(=O)/C=C/c1ccc(O)c2oc(-c3ccc(O)c(O)c3)cc12
CHEMBL4077820,C=CC(C)(C)c1cc2cc3c(cc2oc1=O)O[C@@H](C(C)(C)OC(=O)CNCC)C3
CHEMBL4077821,CCN(C(=O)c1ccccc1-n1nccn1)[C@@H](C)Cc1noc(-c2ccc(F)cc2)n1
CHEMBL4077822,Cc1[nH]c2nc(NCc3ccccc3F)nn2c(=O)c1C
CHEMBL4077823,Clc1cc(Cl)cc(N2N=C(c3ccc(Br)cc3)CC2c2cccc(Nc3ccnc4cc(Cl)ccc34)c2)c1
CHEMBL4077824,Cc1cc(Nc2ccc(C(F)(F)F)cc2)n2nc(C)cc2n1
CHEMBL4077825,CCOP1(=O)N=C(C2=C(O)C(C)(CC(C)C)N(CCC(C)(C)C)C2=O)Nc2ccc(NS(C)(=O)=O)cc21
CHEMBL4077826,CCCCCCCCCCCC(=O)N[C@@H](CCCCN)CN1CC(=O)N(C23CC4CC(CC(C4)C2)C3)C1=O
CHEMBL4077827,COc1ccc(-c2cc(-c3c[nH]c4ccccc34)nc(-c3c[nH]c4ccccc34)c2)cc1OC
CHEMBL4077828,CCCCCOc1cc(C(C)(C)C)ccc1CNC(=O)C(C)c1ccc(NS(C)(=O)=O)c(F)c1
CHEMBL4077829,[3H]CC1([3H])CCN(c2nc(C(F)(F)F)ccc2CNC(=O)Nc2cccc3c2OCC(=O)N3)CC1
CHEMBL4077830,O=[N+]([O-])c1ccc(S(=O)(=O)N2CCN(c3nc4ccccc4c4ccccc34)CC2)cc1
CHEMBL4077831,NC(=O)c1cccc2[nH]c(C(=O)NC3CCNC3)nc12
CHEMBL4077832,Oc1ccc(-c2c(-c3ccccc3)oc3cc(O)ccc23)c(O)c1
CHEMBL4077833,C[C@H]1[C@H]2Cc3ccc(O)cc3[C@]1(C)CCN2CC(C)(O)c1ccccc1
CHEMBL4077834,Cc1nn(C)c2c1CCN(C(=O)/C=C/c1cc(Cl)ccc1-n1cnnn1)C2C(=O)Nc1ccc(C(=O)O)cc1
CHEMBL4077835,CN(C)CCCCCOC(=O)c1c2c(n3cc(Br)ccc13)C(=O)c1ncccc1C2=O
CHEMBL4077836,N#Cc1cnn2c(Nc3ccc4c(c3)CCC(=O)N4)cc(N3CCC[C@H]3CO)nc12
CHEMBL4077837,COc1cccc2c1C(=O)c1c(O)c3c(c(O)c1C2=O)C[C@@](O)(/C(CO)=N/OCC(=O)NCCCC[C@H](NC(=O)CO/N=C(\CO)[C@]1(O)Cc2c(O)c4c(c(O)c2[C@@H](O[C@H]2C[C@H](N)[C@H](O)[C@H](C)O2)C1)C(=O)c1c(OC)cccc1C4=O)C(=O)NCCSSCCNC(=O)[C@H](CCCCNC(=O)CO/N=C(\CO)[C@]1(O)Cc2c(O)c4c(c(O)c2[C@@H](O[C@H]2C[C@H](N)[C@H](O)[C@H](C)O2)C1)C(=O)c1c(OC)cccc1C4=O)NC(=O)CO/N=C(\CO)[C@]1(O)Cc2c(O)c4c(c(O)c2[C@@H](O[C@H]2C[C@H](N)[C@H](O)[C@H](C)O2)C1)C(=O)c1c(OC)cccc1C4=O)C[C@@H]3O[C@H]1C[C@H](N)[C@H](O)[C@H](C)O1
CHEMBL4077838,O=c1c2ccccc2nc(-c2ccccc2)n1-c1nnc(C2CC2)s1
CHEMBL4476463,CN(C)CCC(C)(C)Nc1nc(-c2c[nH]nc2C(F)(F)F)nc2cnccc12
CHEMBL4476464,Cc1cc(C)c(-c2cc(NC(=O)CSCC(=O)c3ccc4c(c3)Cc3ccccc3-4)n(-c3ccccc3)n2)cc1C
CHEMBL4476465,CCCC1(CCC)C(=O)OCC1NC(=O)OCC
CHEMBL4476466,CCc1ccc2[nH]c(C(=O)N3CC(=O)N(Cc4ccccc4)[C@@H](Cc4ccccc4)C3)cc2c1
CHEMBL4476467,COC(=O)C1=C(C)NC(C)=C(C(=O)NC[C@H]2CCN(CCc3ccc(OC(F)(F)F)c(F)c3)C2)C1c1cccc([N+](=O)[O-])c1
CHEMBL4476468,Cc1ccc(C(=O)Nc2ccc(C(=O)O)cc2)n1Cc1csc(N2CCCCC2)n1
CHEMBL4476469,COc1cc(C(O)CC(=O)N(C)O)ccc1OCc1ccccc1
CHEMBL4476470,Cc1nnc2c(=O)n(C3CCCC3)c3nc(Nc4ccc(N5CCN(C)CC5)cc4)ncc3n12
CHEMBL4476471,COc1ccc2[nH]c(C(=O)N3CC(=O)N(Cc4ccccc4)[C@@H](COCc4ccccc4)C3)cc2c1
CHEMBL4476472,C[C@@H]1[C@@H](C)C/C=C/[C@H](O)[C@@H]2CC[C@H]2CN2C[C@@]3(CCCc4cc(Cl)ccc43)COc3ccc(cc32)C(=O)NS1(=O)=O
CHEMBL4476473,CCC(=O)Nc1ccc(F)c(S(=O)(=O)N2CCCCC2)c1
CHEMBL4476474,COC(=O)[C@H](Cc1c[nH]c2ccccc12)NC(=O)[C@]12CCC(C)(C)C[C@H]1C1=CC[C@@H]3[C@@]4(C)CC[C@H](O)C(C)(C)[C@@H]4CC[C@@]3(C)[C@]1(C)CC2
CHEMBL4476475,CC(=O)N[C@@H](CS)C(=O)N[C@@H](CCC(N)=O)C(=O)N[C@H](C(=O)N[C@@H](Cc1c[nH]c2ccccc12)C(=O)N[C@@H](CCC(N)=O)C(=O)N[C@@H](CS)C(=O)N[C@@H](Cc1ccc(O)cc1)C(=O)N[C@@H](Cc1c[nH]c2ccccc12)C(=O)N[C@@H](CCC(C)C)C(=O)N1CCC[C@H]1C(=O)N[C@@H](CC(N)=O)C(=O)NCC(N)=O)[C@@H](C)O
CHEMBL4476476,CCC[C@H]1OC(=O)[C@@H]1CCCCc1ccccc1
CHEMBL4476477,COC(=O)C1=C(CN2CCC[C@@H]2C(=O)O)NC(c2nccs2)=N[C@@]1(C)c1ccc(F)cc1
CHEMBL4476478,CCN(CC)c1ccc(/C=C2\C=C(c3ccc(C)cc3)OC2=O)cc1
CHEMBL4476479,O=C(NC1CCN(Cc2ccccc2)CC1)c1cc2ccc(OCc3cn(Cc4cccc(Cl)c4Cl)nn3)cc2oc1=O
CHEMBL4476480,N#Cc1ccc(/C=C/c2nc3cccc(F)c3c(=O)n2-c2cccc(C#N)c2)cc1
CHEMBL4476481,O=C(/C=C/c1ccccc1)OC1(C(=O)Nc2ccc([N+](=O)[O-])cc2)CCCCC1
CHEMBL4476482,COc1ccccc1/C=C/c1nc(Nc2ccc3c(c2)OCO3)c2ccccc2n1
CHEMBL4476483,O=C(Cc1coc(C2CC2)n1)N1CCN(c2cncc3ccccc23)CC1
CHEMBL4476484,Cl.Cl.N#Cc1ccc(OCCc2ccc(CN3CCN(c4ccccc4)CC3)cc2)cc1
CHEMBL4476485,Cc1cc(NC(=O)c2cccn(-c3ccc(F)cc3)c2=O)ccc1Oc1ccnc(NC(=O)C2CC2)c1
CHEMBL4476486,N#Cc1ccc(NCc2cc3cc(Cl)ccc3[nH]c2=O)cc1
CHEMBL4476487,CCC(CC)CN(CCCCCCN1[C@@H]2CC[C@H]1C[C@@H](c1cccc(C(N)=O)c1)C2)C(=O)CO
CHEMBL4476488,[O-][n+]1cccc(CNc2nccc(Nc3ccc(-c4ccccc4)cc3)n2)c1
CHEMBL4476489,N#Cc1cccc(OC(=O)N2CCC(S(=O)(=O)C(c3ccccc3)c3ccccc3)CC2)c1
CHEMBL4476490,CS(=O)(=O)NC1CCCN(Cc2cc3nc(-c4cnc(N)nc4)nc(N4CCOCC4)c3s2)C1
CHEMBL4476491,O=S(=O)(NC1CCCCC1)NC1CCN(c2ncnc3c2nc(-c2ccccc2Cl)n3-c2ccc(Cl)cc2)CC1
CHEMBL4476492,O=C(O)C[C@H]1CCCN(C[C@@H](O)c2ccc(-c3noc(-c4onc(-c5ccccn5)c4C(F)(F)F)n3)cc2)C1
CHEMBL4476493,CCC#C[C@]1(O)CC[C@H]2[C@@H]3CCC4=CC(=O)CC[C@]4(C)[C@H]3[C@@H](c3ccc(N(C)C)cc3)C[C@@]21C
CHEMBL4476494,COC(=O)C1=C(CN2CCOC[C@H]2C(=O)O)NC(c2nccs2)=N[C@H]1c1ccc(F)c(F)c1
CHEMBL4476495,COc1ccc(-c2nnc(-c3cc(OC(F)(F)F)ccc3-n3ccnc3)o2)cc1OC
CHEMBL4476496,N=C(N)c1ccc2cc(C(NC(=O)OCc3ccccc3)P(=O)(Oc3ccccc3)Oc3ccccc3)ccc2c1
CHEMBL4476497,C[C@H](NC(=O)c1nc(-c2nccs2)sc1C1CC1)c1ccc(C(=O)NO)cc1
CHEMBL4476498,COc1c(O)ccc2c1C(=O)O[C@H](CCC[C@@H](C)O)C2
CHEMBL4476499,COc1cccc(/C=N/n2c(S)nnc2-c2sc(-c3ccccc3)nc2C)c1
CHEMBL4476500,CCc1cccc(NC(=O)c2cncc(N3CC4CC(C3)N4)c2)c1
CHEMBL4476501,O=C(O)c1[nH]c(-c2ccc(Oc3ccccc3)cc2)cc(=O)c1O
CHEMBL4476502,C=CCCSC[C@H](NC(=O)c1cc(OC)c(OC)c(OC)c1)C(=O)OC
CHEMBL4476503,COc1ccc(C2CC(c3ccc4ccccc4c3)=NN2C2=NC(=O)/C(=C3/C(=O)Nc4c(Br)cccc43)S2)cc1
CHEMBL4476504,O=C(O)c1ccc(-n2cc(-c3ccccc3)nn2)cc1
CHEMBL4476505,CCOc1ccc(C(=O)Nc2cccc(NC(=O)COc3ccc4c(=O)ccoc4c3)c2)cc1
CHEMBL4476506,Cc1cc(-c2ccc(C#N)cc2)ccc1Oc1ccnc(Nc2ccc(C#N)cc2)n1
CHEMBL4476507,CC(O[C@H]1CC[C@]2(CC1)COC(C)(C)C2)c1nc(-c2ccc(CC(=O)N(C)C)c(F)c2)no1
CHEMBL4476508,O=C(COc1ccc(F)cc1)N1CCN(c2ccc([N+](=O)[O-])cc2)CC1
CHEMBL4476509,O=C(O)/C(=C/c1ccc(O)c(O)c1)c1ccccc1
CHEMBL4476510,CCCCN1CCC2(CCC(c3cccs3)(N(C)C)CC2)C1
CHEMBL4476511,CC(=O)N[C@H](C(=O)N[C@@H](CCC(N)=O)C(=O)N[C@@H](Cc1ccccc1)C(=O)N[C@@H](CC(=O)O)C(=O)N[C@@H](CS)C(=O)N[C@@H](CCCNC(=N)N)C(=O)N[C@H](C(=O)N[C@@H](Cc1c[nH]c2ccccc12)C(=O)N[C@@H](CCC(=O)O)C(=O)N[C@@H](CS)C(=O)N[C@@H](Cc1ccc(O)cc1)C(=O)N[C@@H](Cc1c[nH]c2ccccc12)C(=O)N[C@@H](Cc1cnc[nH]1)C(=O)N[C@H](C(=O)N[C@@H](Cc1ccccc1)C(=O)NCC(N)=O)[C@@H](C)O)[C@@H](C)O)[C@@H](C)O
CHEMBL4476512,O=C(NCc1nc2ccccc2[nH]1)c1csc(CCNCc2nc3ccccc3[nH]2)n1
CHEMBL4476513,C[C@H]1NC(=O)c2cc(-c3cccc4c(=O)n(C[C@@H]5CN(C)CCO5)c(NC(C)(C)C)nc34)[nH]c21
CHEMBL4476514,O=C(c1ccc(C(=O)N2CCC(CCN3CCCC3)CC2)c(Nc2ccc(OCN3CCCC3)cc2)c1)N1CCC(CCN2CCCC2)CC1
CHEMBL4476515,C[C@H]1O[C@]2(OCc3ccc(Cc4ccc(-c5ccccn5)s4)cc32)[C@H](O)[C@@H](O)[C@@H]1O
CHEMBL4476516,Nc1ncnc2c1c(Sc1nccs1)nn2[C@H]1C[C@H](O)[C@@H](COS(N)(=O)=O)O1
CHEMBL4476517,O=C(NCc1ccncc1F)c1csc(CCNCc2nc3ccccc3[nH]2)n1
CHEMBL4476518,COc1cc(O)c(C(=O)/C=C/c2cccc(N3CCOCC3)c2)c(OC)c1
CHEMBL4476519,CNc1cc(Oc2ccccc2)nc(N)n1
CHEMBL4476520,CCn1cncc1-c1c[nH]c2ccc(OC(F)(F)F)cc12
CHEMBL4476521,FC(F)(F)[C@@H]1CN(c2nc(-c3ccncc3)nc3cnccc23)CCN1
CHEMBL4476522,O=[N+]([O-])c1c(CS(=O)(=O)c2ccccc2)nc2c(Sc3ccc(F)cc3)cc(Cl)cn12
CHEMBL4476523,CCCOP(=O)(OCCC)C(c1cc(C(C)(C)C)c(O)c(C(C)(C)C)c1)c1ccc(N)nc1N
CHEMBL4476524,COc1ccc(CN(Cc2ccc(OC)c(OC)c2)[C@@H]2CCC[C@H](N3CCc4cc(OC)c(OC)cc4CC3=O)C2)cc1OC
CHEMBL4476525,O=c1cc(NCCCN2CCN(c3nccc4ccc(F)cc34)CC2)c2c(o1)CCS(=O)(=O)C2
CHEMBL4476526,Cc1cc(C(=O)Nc2ccc(C(=O)O)cc2)n(Cc2csc(C3CCCCC3)n2)c1
CHEMBL4476527,COc1ccc(Cc2ccc(-c3csc(N)n3)cc2)cc1
CHEMBL4476528,CC(C)C[C@@H]1NC(=O)[C@H](CCC(=O)O)NC(=O)[C@@H]2CCCN2C(=O)[C@H](Cc2cnc[nH]2)NC(=O)[C@H](CCCCC(=O)O)NC(=O)[C@H](C(C)C)NC(=O)[C@H](CO)NC(=O)[C@@H]2CSSC[C@H](NC(=O)CN)C(=O)N[C@@H](CSSC[C@@H](C(N)=O)NC1=O)C(=O)N[C@@H](CO)C(=O)N[C@@H](Cc1cnc[nH]1)C(=O)N1CCC[C@H]1C(=O)N[C@@H](C)C(=O)N2
CHEMBL4476529,Cc1c(CCO)sc[n+]1CCCCCCCCOc1ccc(/C(N)=N/O)cc1.[Br-]
CHEMBL4476530,CN(C)C1(Cc2ccccc2)CCN(c2cc(C(F)(F)F)ccc2CNC(=O)NCc2ccc(NS(C)(=O)=O)c(F)c2)CC1
CHEMBL4476531,COc1ccc(C(=O)O)cc1S(=O)(=O)N(C)c1cc(C(F)(F)F)ccc1N1CCCCC1
CHEMBL4476532,Cc1ncc(-c2cccc(Cl)c2-c2cc3cnc(N)nc3nc2N2C[C@@H]3[C@@H](N)[C@@H]3C2)s1
CHEMBL4476533,C=CC(=O)N1CC(NC(=O)Cn2cc(C(=O)N3CCc4ccccc4C3)c3cc(Br)ccc32)C1
CHEMBL4476534,Cc1cccc(NC(=O)CSc2n[nH]c(-c3ccccc3O)n2)c1C
CHEMBL4476535,CC(C)OC(=O)[C@H](C)N[P@](=O)(OC[C@@H]1[C@@H](O)[C@@H](O)[C@H](n2ccc(=O)[nH]c2=O)C1(F)F)Oc1ccccc1
CHEMBL4476536,Cn1cc(-c2ccn3c(C(=O)N[C@@H]4CCN(C#N)C4)cnc3c2)cn1
CHEMBL4476537,Cc1ccc(N(C(=O)c2sc(C)nc2C)C(C(=O)NC2CCCCC2)c2cccc(C(F)(F)F)c2)cc1
CHEMBL4476538,[3H]c1ccc(C2CCN(Cc3ccn4c(CC5CC5)nnc4c3C(F)(F)F)CC2)cc1
CHEMBL4476539,CSc1ncnc2c1c1ccn(C)c1n2[C@@H]1O[C@H](CO)[C@@H](O)[C@H]1O
CHEMBL4476540,CCCCC1NC(=O)[C@H](C)NC(=O)[C@H](NC(=O)[C@H](Cc2cnc[nH]2)NC(=O)[C@H](Cc2c[nH]c3ccccc23)NC(=O)[C@H](CCCCN)NC(=O)[C@H](Cc2ccc(O)cc2)NC(=O)[C@H](Cc2ccc(O)cc2)NC(=O)[C@H](CO)NC(C)=O)CSSC[C@@H](C(=O)N[C@H](C(=O)N[C@@H](Cc2c[nH]c3ccccc23)C(=O)N[C@H](C(=O)N[C@@H](CCCCN)C(=O)N[C@@H](Cc2ccccc2)C(N)=O)C(C)C)C(C)C)NC(=O)[C@H]([C@@H](C)O)NC(=O)[C@H](Cc2ccccc2)NC(=O)[C@H]([C@@H](C)O)NC(=O)CNC(=O)[C@H](CCCCN)NC(=O)[C@H](CC(C)C)NC(=O)[C@H](CC(=O)O)NC(=O)[C@H](CCCNC(=N)N)NC1=O
CHEMBL4476541,COc1ncccc1NC(=O)c1c(N)cccc1S(=O)(=O)c1ccc([N+](=O)[O-])cc1
CHEMBL4476542,O=c1nc(N2CCC3(CCN(c4ccc(F)cc4)C3)CC2)sc2c([N+](=O)[O-])cc(C(F)(F)F)cc12
CHEMBL4476543,O=C(NNC(=S)Nc1ccc(F)cc1)c1ccccc1
CHEMBL4476544,C=CC(=O)Nc1cc2c(Nc3ccc(F)c(Cl)c3)ncnc2cc1OCc1cn(CCCO)nn1
CHEMBL4476545,CCCCCN(Cc1ccc(-c2ccccc2-c2nnn[nH]2)cc1)c1nc2ccccc2o1
CHEMBL4476546,CC(=O)Nc1ccc(S(=O)(=O)NC(Cc2ccccc2)c2nc3ccccc3c(=O)n2/N=C/c2ccccc2[N+](=O)[O-])cc1
CHEMBL4476547,CN1C/C(=C\c2ccc(N(C)C)cc2[N+](=O)[O-])C(=NO)/C(=C/c2ccc(N(C)C)cc2[N+](=O)[O-])C1
CHEMBL4476548,COc1cc([C@@H]2c3cc4c(cc3[C@@H](Nc3cccc5cccnc35)[C@H]3COC(=O)[C@H]23)OCO4)cc(OC)c1OC
CHEMBL4476549,Cn1c2ccccc2c2cc(/C=N/Nc3nc(-c4ccc([N+](=O)[O-])cc4)cs3)ccc21
CHEMBL4476550,Nc1cccc(S(=O)(=O)[N-][N+](=O)[O-])c1.[Ag+]
CHEMBL4476551,CCCc1[nH]c2nc(N)nn2c(=O)c1Cc1cccc(Cl)c1
CHEMBL4476552,Cc1cccc2c(=O)n(-c3ccc(I)cc3)cnc12
CHEMBL4476553,C=C/C(C)=C/[C@@]1(C)SC(=O)C(CCc2ccc(C)cc2)=C1O
CHEMBL4476554,COc1ccc(-c2coc3cc(OCCN4C(=O)c5ccccc5C4=O)ccc3c2=O)cc1
CHEMBL4476555,CN(Cc1cc2c(=O)[nH]c(N)nc2[nH]1)C(=O)c1cc(C(=O)N[C@@H](CCC(=O)O)C(=O)O)cs1
CHEMBL4476556,CC(C)c1cc(/C=C2\Sc3ncccc3C2=O)c(Br)cc1O
CHEMBL4476557,CCOP(=O)(OCC)C1(c2ccccc2)N=CC2C(=O)N(c3ccc(C(F)(F)F)cc3)C(=O)C21
CHEMBL4476558,O=C(CCc1ccc2[nH]c(=O)oc2c1)N1CCc2nc(NC3Cc4ccccc4C3)ncc2C1
CHEMBL4476559,O=C(/C=C/c1cccc(O)c1O)c1ccc(NS(=O)(=O)c2cccc(O)c2)cc1
CHEMBL4476560,COc1ccc(NC(=O)Cn2cc(COc3cc(OC(C)=O)c4c(=O)c5ccc(Br)cc5oc4c3)nn2)cc1OC
CHEMBL4476561,O=S(=O)([O-])c1cc(O)c2cccc(/N=N/c3cccc4c(O)cc(S(=O)(=O)[O-])cc34)c2c1.[Na+].[Na+]
CHEMBL4476562,COc1cc2nc(C)nc(N[C@H](C)c3cccc(C(F)(F)CO)c3)c2cc1C1=CCN(C(C)=O)CC1
CHEMBL4476563,Cc1nc(N[C@H](C)c2cccc(C(F)(F)F)c2)c2cc(-c3cnn(C4CCNCC4)c3)ccc2n1
CHEMBL4476564,CC(=O)N[C@@H](Cc1ccccc1)C(=O)N[C@@H](CCC(N)=O)C(=O)N[C@@H](CO)C(=O)N[C@@H](CCCCN)C(=O)N[C@@H](CCC(N)=O)C(=O)N[C@@H](CC(N)=O)C(=O)N[C@H](C(=O)N[C@@H](Cc1ccccc1)C(=O)N[C@H](C(=O)N[C@@H](CCC(=O)O)C(=O)N[C@@H](CC(=O)O)C(=O)NCC(=O)N[C@@H](Cc1ccc(O)cc1)C(=O)N[C@@H](Cc1ccccc1)C(=O)N[C@@H](CCC(=O)O)C(=O)N[C@@H](CCCNC(=N)N)C(=O)N[C@@H](CC(C)C)C(=O)N[C@@H](CS)C(=O)N[C@@H](C)C(=O)N[C@@H](CCCCN)C(=O)N[C@@H](CC(C)C)C(N)=O)C(C)C)C(C)C
CHEMBL4476565,Cc1cc(Nc2ncc(Cl)c(Nc3ccccc3S(=O)(=O)C(C)C)n2)c(OC(C)C)cc1C1CCN(C(=O)COCCOCC(=O)N[C@H](C(=O)N2C[C@H](O)C[C@H]2C(=O)N[C@@H](C)c2ccc(-c3scnc3C)cc2)C(C)(C)C)CC1
CHEMBL4476566,Oc1c(F)cc(F)cc1-c1nc2ccccc2o1
CHEMBL4476568,Cc1ncnc2c1c(Br)cn2[C@@H]1C[C@@H](CO)[C@@H](O)[C@H]1O
CHEMBL4476569,COc1cccc2cc3c(cc12)C(=O)N(C(C)(C)C)C3=O
CHEMBL4476570,CC(=O)N[C@@H](CS)C(=O)N[C@@H](C)C(=O)N[C@@H](CC(=O)O)C(=O)N[C@@H](Cc1c[nH]c2ccccc12)C(=O)N[C@H](C(=O)N[C@@H](CS)C(=O)N[C@@H](Cc1ccc(O)cc1)C(=O)N[C@@H](Cc1cccc2ccccc12)C(=O)N[C@H](C(=O)N[C@H](C(=O)N[C@@H](Cc1ccccc1)C(=O)NCC(N)=O)[C@@H](C)O)C(C)C)C(C)C
CHEMBL4476571,O=C(Nc1ccc2c(=O)n(O)c(=O)[nH]c2c1)c1cccc(F)c1
CHEMBL4476572,COc1ccc2cc(C(=O)Nc3cc(C)[nH]n3)cnc2c1
CHEMBL4476573,CC(C)[C@H](NC(=O)[C@H](CCCNC(=N)N)NC(=O)[C@H](Cc1c[nH]c2ccccc12)NC(=O)[C@H](CCCNC(=N)N)NC(=O)[C@@H](NC(=O)[C@H](CCCCN)NC(=O)[C@H](Cc1c[nH]c2ccccc12)NC(=O)[C@H](CCCNC(=N)N)NC(=O)[C@@H](NC(=O)[C@H](CCCNC(=N)N)NC(=O)[C@@H](N)Cc1c[nH]c2ccccc12)C(C)C)C(C)C)C(=O)N[C@@H](CCCCN)C(N)=O
CHEMBL4476574,CCCCNC(=O)Oc1ccc2c(=O)c3sc4c(=O)c5ccccc5c(=O)c4c3c(=O)c2c1
CHEMBL4476575,CCc1ccc([C@@H]2C[C@@H](Sc3ccc(C)cc3)[C@H](C(=O)O)CN2S(=O)(=O)c2ccc(C)cc2)cc1
CHEMBL4476576,O=C(O)CNC(=O)c1c(O)c2c(n(Cc3ccn(-c4ccccc4)n3)c1=O)COC2
CHEMBL4476577,O=C(CCc1cccc2c1B(O)OC2)Nc1ccc(-c2ccccc2)cc1
CHEMBL4476578,C[C@H](n1nnnc1CCN1CCN(C(c2ccccc2)c2ccccc2)CC1)[C@](O)(Cn1cncn1)c1ccc(F)cc1F
CHEMBL4476579,O=C(O)c1cc(-c2ccc(C3CCNCC3)cc2)cc(-n2cc(-c3cccc(F)c3)nn2)c1
CHEMBL4476580,C=C1C(=O)O[C@@H]2/C=C(/C)C3=CC(=O)[C@@](C)(C[C@H](OC(=O)/C(C)=C\C)[C@@H]12)O3
CHEMBL4476581,O=C(Nc1ccc(F)c(-c2nc3ncc(-c4cccnc4F)cc3[nH]2)c1)N1CCCC1
CHEMBL4476582,O=C(NC1CCN(S(=O)(=O)c2ccc(CN3CCC3)cc2)CC1)c1cc(C2CC2)on1
CHEMBL4476583,CC(C)[C@H]1CC[C@@](O)(COC(=O)/C(=C/[C@@H]2[C@@H](C(C)C)CC[C@@]3(OC(=O)/C(=C/[C@H]4C=C(CO)CC[C@@H]4C(C)C)CO)COC(=O)[C@@H]23)CO)[C@H]2C(=O)OCC(C(=O)O)=C[C@H]12
CHEMBL4476584,CC(C)NC1CN(c2ccnc(N)n2)C1.O=C(O)/C=C/C(=O)O
CHEMBL4476585,COc1cc2nccc(Oc3ccc(C(=O)NCc4cccc(C(F)(F)F)c4)cc3)c2cc1OC
CHEMBL4476586,Fc1ccc(Oc2ccc(Cn3cc(Cn4ccc5cncnc54)nn3)cc2)cc1
CHEMBL4476587,CCCC1C(C(=O)Nc2cc(OC)ccc2Cl)=C(C)NC2=C1C(=O)CCC2
CHEMBL4476588,CS(=O)(=O)Nc1cc(C2=CCOCC2)cnc1Cl
CHEMBL4476589,C=CC(=O)N1CCC(NC(=O)c2n[nH]cc2NC(=O)c2c(Cl)cccc2Cl)CC1.O=C(O)C(F)(F)F
CHEMBL4476590,C[C@H]1[C@H](C)CC[C@]2(C(=O)O)CC[C@]3(C)C(=CC[C@@H]4[C@@]5(C)Cc6sc(N7CCOCC7)nc6C(C)(C)[C@@H]5CC[C@]43C)[C@H]12
CHEMBL4476591,O=C(CCCCCCC(=O)Nc1ccc(CC(=O)OCCCCCCC(F)CF)cc1)NO
CHEMBL4476592,CC(C)CCc1ncc2c(N)nc3ccccc3n12
CHEMBL4476593,O=C(Nc1nn(Cc2ccccc2)c2ccccc12)c1ccoc1
CHEMBL4476594,Cn1nnnc1N1CCC(NC(=O)c2cnc3cc(OC(F)(F)F)ccc3c2)CC1
CHEMBL4476595,CC(C)C[C@H](NC(=O)[C@H](C)NC(=O)[C@H](C)NC(=O)[C@@H](NC(=O)[C@H](CO)NC(=O)[C@H](CC(C)C)NC(=O)[C@H](CCC(=O)O)NC(=O)[C@H](CO)NC(=O)[C@H](C)NC(=O)CC[C@H](NC(=O)CCCCCCCCCCCCCCCCCCC(=O)O)C(=O)O)[C@@H](C)O)C(=O)NCC(=O)N[C@@H](CCCNC(=N)N)C(=O)N[C@@H](CC(C)C)C(=O)N[C@@H](CO)C(=O)N[C@@H](C)C(=O)N[C@@H](CCC(=O)O)C(=O)N[C@@H](CC(C)C)C(=O)N[C@@H](Cc1cnc[nH]1)C(=O)N[C@@H](CCC(=O)O)C(=O)N[C@@H](CC(C)C)C(=O)N[C@@H](C)C(=O)N[C@H](C(=O)N[C@@H](CC(C)C)C(=O)N1CCC[C@H]1C(=O)N[C@@H](CCCNC(=N)N)C(=O)N[C@H](C(=O)N[C@@H](CCC(=O)O)C(=O)N[C@H](C(=O)NCC(=O)N[C@@H](CO)C(=O)NCC(=O)N[C@@H](CO)C(=O)N[C@@H](Cc1ccccc1)C(N)=O)[C@@H](C)O)[C@@H](C)O)[C@@H](C)O
CHEMBL4476596,CC1(C(=O)O)CCN(c2ccc(-c3ccc(-c4nc5cc(Cl)ccc5[nH]4)cn3)cn2)CC1
CHEMBL4476597,CC1(C)OB(c2ccc3c(c2)CC[C@@H]2[C@@H]3CC[C@]3(C)C(=O)CC[C@@H]23)OC1(C)C
CHEMBL4476598,C=CCNc1nc(-c2ccco2)cc(C(F)(F)F)n1
CHEMBL4476599,CC(C)c1cc(C2COC3(CCCCC3)O2)n(C)n1
CHEMBL4476600,O=C(NCCS(=O)(=O)O)c1cc(O)c2c(c1)C(=O)c1cc(O)cc(O)c1C2=O
CHEMBL4476601,CN1C(=O)S/C(=C\c2cc3cc[nH]c3c(F)c2Br)C1=O
CHEMBL4476602,O=C(O)CCC(=O)N1N=C(c2c(-c3ccccc3)c3ccccc3[nH]c2=O)CC1c1ccc(Cl)cc1
CHEMBL4476603,CC(C)c1nc2cc(C(=O)O)ccc2n1-c1cccc([N+](=O)[O-])c1
CHEMBL4476604,C/C(=C/CCn1cc(CC(C)(P(=O)([O-])[O-])P(=O)([O-])[O-])nn1)CC/C=C(\C)CO.[Na+].[Na+].[Na+].[Na+]
CHEMBL4476605,O=C(NCCCCN1CCN(c2ccccc2C(F)(F)F)CC1)c1ccc(-c2ccsc2)cc1
CHEMBL4476606,O=C1Nc2ccc(Br)cc2/C1=C\c1ccccn1
CHEMBL4476607,Nc1ccc(-c2c[nH]c3nc(Nc4ccc(N5CCOCC5)cc4)nc(Oc4ccccc4)c23)cc1
CHEMBL4476608,CN(C(=O)[C@H](CCCNC(=N)N)NC(=O)c1ccccc1)[C@@H](CCCCN)C(=O)N[C@@H](C(N)=O)c1ccccc1
CHEMBL4476609,N#Cc1ccc(/C=C/c2nc3ccccc3c(=O)n2-c2cccc(NC(=O)NCCc3cnc[nH]3)c2)cc1
CHEMBL4476610,CC(C)(NC(=O)Cc1ccc(F)c(C(F)(F)F)c1)C(=O)O
CHEMBL4476611,CC(C)(C)c1cc(NC(=O)COC(=O)c2cnc(Cl)c(Cl)c2)n(-c2ccccc2)n1
CHEMBL4476612,COc1ccc(C(=O)/C=C/c2ncc[nH]2)cc1OC
CHEMBL4476613,COc1ccc(C(=O)O)c(NC(=O)c2ccc(Cc3c[nH]c4nc(N)[nH]c(=O)c34)cc2)c1
CHEMBL4476614,CNC(=O)c1ccccc1Nc1nc(Nc2ccc(C(=O)N3CCN(C(=S)SCCS(C)(=O)=O)CC3)cc2)ncc1Cl
CHEMBL4476615,CC[C@H](C)[C@H](NC(=O)[C@@H](NC(=O)[C@H](CC(C)C)NC(=O)[C@H](Cc1ccccc1)NC(=O)[C@H](Cc1ccc(O)cc1)NC(=O)[C@H](CC(C)C)NC(=O)[C@H](CC(C)C)NC(=O)[C@H](CCCNC(=N)N)NC(=O)[C@H](CCC(=O)O)NC(=O)[C@H](CC(=O)O)NC(=O)[C@@H](NC(=O)[C@H](Cc1ccccc1)NC(=O)[C@@H](NC(=O)[C@H](CC(N)=O)NC(=O)CNC(=O)[C@H](CO)NC(=O)[C@H](CCCCN)NC(=O)[C@H](CCCCN)NC(C)=O)[C@@H](C)O)C(C)C)[C@@H](C)O)C(=O)NCC(=O)N[C@@H](CC(N)=O)C(=O)N[C@@H](CCSC)C(=O)NCC(=O)N[C@@H](CCSC)C(=O)N[C@@H](Cc1ccc(O)cc1)C(=O)N[C@@H](C)C(=O)N[C@@H](C)C(=O)N[C@@H](CCC(N)=O)C(=O)N[C@@H](CC(C)C)C(=O)N[C@@H](CCCCN)C(=O)N[C@@H](Cc1ccccc1)C(=O)N[C@@H](CCCNC(=N)N)C(=O)N[C@H](C(=O)N[C@@H](CO)C(=O)N[C@@H](CCCCN)C(=O)N[C@@H](CCCCN)C(N)=O)[C@@H](C)O
CHEMBL4476616,COc1cccc(OC)c1Cc1cc(C)nn(CC(=O)Nc2ccc(Cl)cc2)c1=O
CHEMBL4476617,CCN1CCC(c2ccc3c(c2)oc(=O)n3C(=O)NCCCCc2ccccc2)CC1
CHEMBL4476618,CC(C)CCCc1c(O)ccc2c1O[C@@]1(C=C(Cl)C(=O)N1C)C2=O
CHEMBL4476619,Cc1ccc2c(n1)C(=O)C(Cl)=C(Nc1ccccc1)C2=O
CHEMBL4476620,Fc1cc2nc(-c3cncnc3C(F)F)n(C3CC3)c2cc1F
CHEMBL4476621,O=C(NNC(=S)Nc1ccc(Cl)c(Cl)c1)c1ccccc1O
CHEMBL4476622,COc1ccc(Nc2nc(Nc3cn[nH]c3)ncc2Cl)cc1
CHEMBL4476623,O=C(O)c1ccccc1SCc1cn(C2CCCCC2)nn1
CHEMBL4476624,COC(=O)[C@H](CCC(=O)O)NC(=O)[C@H](CC(=O)O)NC(=O)[C@H](Cc1ccc2ccccc2c1)NC(=O)Cc1nc2cc(Cl)ccc2[nH]1
CHEMBL4476625,Cc1cc(NC(=O)Cc2cccc(-c3ccccc3)c2)n(C2CCCCC2)n1
CHEMBL4476626,CC/C=C\C/C=C\C/C=C\C/C=C\C/C=C\C/C=C\CCC(=O)NS(=O)(=O)c1cccs1
CHEMBL4476627,N=C(N)c1ccc(CNC(=O)[C@@H]2Cc3ccc(cc3)NC(=O)CCN3CCN(CCC(=O)Nc4ccc(cc4)C[C@@H](NC=O)C(=O)N2)CC3)cc1.O=C(O)C(F)(F)F.O=C(O)C(F)(F)F.O=C(O)C(F)(F)F
CHEMBL4476628,O=C(CCCCCNc1cccc2c1C(=O)N(C1CCC(=O)NC1=O)C2=O)NCCCCCCNC(=O)CCCCC(=O)NCCN1C(=O)c2cccc3c(Sc4ccc(Br)cc4)ccc(c23)C1=O
CHEMBL4476629,CC(C)c1cccc(C2CCN(CCc3cnn(-c4nccc5c(=O)[nH]cnc45)c3)CC2)c1
CHEMBL4476631,O=C(O)c1ccc(Nc2nc(-c3ccsc3)cs2)cc1
CHEMBL4476632,C=C[C@H]1[C@H](O[C@@H]2O[C@H](CO)[C@@H](O)[C@H](O)[C@H]2O[C@@H]2O[C@H](CO)[C@@H](O)[C@H](O)[C@H]2O)OC=C2C(=O)N3Cc4c([nH]c5cc(O)ccc5c4=O)[C@H]3C[C@H]21
CHEMBL4476633,CC(C)Oc1ccc(-c2cc(C(=O)NN)c(=O)[nH]n2)cc1[N+](=O)[O-]
CHEMBL4476634,CC(=O)N[C@@H]1COC(=O)[C@H](C(C)C)N(C)C(=O)[C@@H]2CSSC[C@@H](C(=O)N(C)[C@@H](C(C)C)C(=O)OC[C@@H](NC(C)=O)C(=O)N[C@@H](C)C(=O)N2C)N(C)C(=O)[C@H](C)NC1=O
CHEMBL4476635,O=C(Nc1ccc([N+](=O)[O-])c(Cl)c1)c1cc(Cl)ccc1O
CHEMBL4476636,C=CCOc1cc(/C=C/C(=O)Nc2cc(OC)c(OC)c(OC)c2)ccc1N/C=C\C(=O)c1ccc(OC)c([N+](=O)[O-])c1
CHEMBL4476637,CCn1cc(-c2nc(/N=C/c3ccccc3)n[nH]2)c(=O)c2cc(Br)c(C)nc21
CHEMBL4476638,O=C(CCC(CCC(=O)NC(Cc1c(-c2ccc(C(=O)O)cc2)[nH]c2ccccc12)C(=O)O)(CCC(=O)NC(Cc1c(-c2ccc(C(=O)O)cc2)[nH]c2ccccc12)C(=O)O)[N+](=O)[O-])NC(Cc1c(-c2ccc(C(=O)O)cc2)[nH]c2ccccc12)C(=O)O
CHEMBL4476639,COc1ccc(C2=NN(C(C)=O)C(c3ccc(-n4ccnc4)cc3)C2)cc1OC
CHEMBL4476640,CCCCn1cc(C(=O)O)c(=O)c2ccccc21
CHEMBL4476641,O=C(CCN1CCCC1)Nc1ccc(-n2cc(-c3cccc(-c4cn(-c5ccc(NC(=O)CCN6CCCC6)cc5)nn4)c3)nn2)cc1
CHEMBL4476642,CCCCCn1cc(C(=O)N[C@H](C(N)=O)C(C)(C)C)c2cccnc21
CHEMBL4476643,N=C(N)NCCC[C@H](N)CNC(=O)NCCCC[C@H](N)C(=O)N[C@H](CCN)C(=O)N1C=CC[C@H]1C(=O)N[C@@H](CCCNC(=N)N)C(=O)O
CHEMBL4476644,CN1CCN(c2cccc(Nc3nnc(-c4cc(C#N)cs4)o3)c2)CC1
CHEMBL4476645,COc1ccc(S(=O)(=O)N2CCS(=O)(=O)CC2)cc1NC(=O)Cc1n[nH]c(=O)c2ccccc12
CHEMBL4476646,COc1cc(NC(=O)c2ccc(F)c(C#Cc3cc(-c4cnn(C)c4)cnc3N)c2)cc(OC)c1
CHEMBL4476647,O=C(O)c1cccc(-c2cnc(Nc3cccc(F)c3F)o2)c1
CHEMBL4476648,COc1cc2c(Oc3ccc(NS(=O)(=O)c4ccccc4Cl)cc3F)ccnc2cc1OCCCN1CCN(C)CC1
CHEMBL4476649,O=C(NCc1cccc(C(F)(F)F)c1)c1cccc2c1cnn2Cc1ccccc1
CHEMBL4476650,COc1ccc(-c2nn[se]c2-n2nnc(-c3ccccc3)n2)cc1
CHEMBL4476651,O=C(CCSc1ccc2c(/C=C/c3ccccn3)n[nH]c2c1)Nc1ccc(CN2CCOCC2)c(C(F)(F)F)c1
CHEMBL4476652,N#C/C(=C\c1cc(O)c(O)c([N+](=O)[O-])c1)C(=O)N1CCC[C@H]1C(=O)O
CHEMBL4476653,COc1ccc(N(C)C(=O)[C@H](Cc2ccccc2)NC(=O)CNS(=O)(=O)c2ccc(Br)cc2)cc1
CHEMBL4476654,Cn1c(C(=O)NC2(c3ccc(C(CC(=O)O)c4cccnc4)cc3)COC2)cc2c(Cl)c(Cl)ccc21
CHEMBL4476655,COC(=O)C1CCN(C(=O)c2ccc(CS(=O)(=O)c3ccc4nc(N)sc4c3)cc2)CC1
CHEMBL4476656,O=C(Oc1c(CN2CCOCC2)cc(Cl)c2cccnc12)c1ccco1
CHEMBL4476657,Clc1ccc(N/N=C/c2ccc(-c3cccc(/C=N/Nc4ccc(Cl)cc4)c3)cc2)cc1
CHEMBL4476658,N#CN1CCCC(C(=O)Nc2cc(-c3ccccc3)n[nH]2)C1
CHEMBL4476659,C/C(=N\NC(=N)N)c1sc(-c2ccc(C#CCCn3ccnc3)cc2)nc1C
CHEMBL4476660,Cc1ccc(-c2nn(-c3ccccc3)cc2C2N=C(N)NC(N3CCOCC3)=N2)cc1
CHEMBL4476661,COc1cc(OC)c2c(=O)c(-c3cc(OC)c(OCC=C(C)C)cc3OC)coc2c1
CHEMBL4476662,Cc1cc(CN2CCc3c(cc(Cn4ccn(C)c4=N)cc3-c3ccc(F)cc3C)C2=O)ccc1Cl
CHEMBL4476663,c1cnc2[nH]cnc2c1
CHEMBL4476664,COc1ccc(C2C(Cl)C(=O)N2NC(=O)Nc2nc3ccc(Cl)cc3s2)cc1
CHEMBL4476665,Nc1ccc(NC(=O)C(=O)O)cc1
CHEMBL4476666,CC[C@@H]1CN2CC[C@@]3(C(=O)c4c(OC)cccc4N3Cc3ccccc3)[C@@H]2C[C@@H]1/C(=C\OC)C(=O)OC
CHEMBL4476667,O=C1CCC(=O)N1Nc1nc(-c2c[nH]c3ccccc23)nc2sc3c(c12)CCCC3
CHEMBL4476668,CC(=O)C(C)(C)/C=C/[C@@H](C)[C@@]1(O)C(=O)[C@H]2[C@@H](C=C[C@@H]2C)[C@H](C)[C@@H]1O
CHEMBL4476669,COc1ccc(/C=C/c2cc(=O)oc3c2ccc2c(C)cccc23)cc1OC
CHEMBL4476670,Cl.O=C(O)CNc1cccc(CN(Cc2cc3ccccc3s2)S(=O)(=O)c2cccnc2)n1
CHEMBL4476671,CC1CN(c2cnc3cnn(C(C)c4ccc(Cl)cc4Cl)c3n2)CCC1N1CCCCC1
CHEMBL4476672,Cn1c(=O)c2c(nc3n2CCN(c2ccc(Cl)cc2)C3)n(C)c1=O
CHEMBL4476673,Cc1cccc([C@@H](C)Nc2nc(C)nc3ccc(-c4ccc(=O)n(CC(=O)N(C)C)c4)cc23)c1
CHEMBL4476674,Nc1ncnc2c1c(-c1ccc3nc(OC4CC4)ccc3c1)nn2CC1CCOCC1
CHEMBL4476675,CC[C@@H](C(=O)[C@@H](C)[C@@H](O)[C@H](C)[C@@H]1O[C@@H]([C@@H](CC)C(=O)[O-])CC[C@@H]1C)[C@H]1O[C@@]2(C=C[C@@H](OCc3ccccc3)[C@@]3(CC[C@@](C)([C@H]4CC[C@](O)(CC)[C@H](C)O4)O3)O2)[C@H](C)C[C@@H]1C.[Na+]
CHEMBL4476676,COc1ccccc1Oc1cc(NC(=O)N2CCCc3cc(CN4CCOCC4=O)c(C=O)nc32)ncc1C#N
CHEMBL4476677,Cc1ccccc1NC(=O)c1ccc(-n2cc(COc3cc(=O)oc4ccccc34)nn2)cc1
CHEMBL4476678,COc1cccc(-n2cc(-c3ccccc3Sc3ccc(C(F)(F)F)cc3)nn2)c1OC
CHEMBL4476679,CS(=O)(=O)c1cnc(NS(=O)(=O)Cc2cc(Cl)cc(Cl)c2)c(O)n1
CHEMBL4476680,C#CCSc1nc(Nc2nnnn2C)c(C#N)c(-c2cc(OC)c(OC)c(OC)c2)n1
CHEMBL4476681,CCc1sc(NC(=O)C23CC4CC(CC(C4)C2)C3)c(C(=O)OC)c1C
CHEMBL4476682,Clc1ccc(Cn2c(CCc3c[nH]c4ccccc34)nnc2C2CCNCC2)cc1Cl
CHEMBL4476683,COc1cc(O)c2c(ccc3c(OC)c(O)ccc32)c1-c1c(OC)cc(O)c2c1ccc1c(OC)c(O)ccc12
CHEMBL4476684,CN1C[C@H](C(=O)NC(Cc2ccccc2)C(=O)C(N)=O)N(Cc2ccccc2)C1=O
CHEMBL4476685,CCN(Cc1ccc(OCCCOc2ccc(CC(=O)NO)cc2)cc1)CC(O)(Cn1cncn1)c1ccc(F)cc1F
CHEMBL4476686,O=C(NC(Cn1cncn1)C(=O)c1ccccc1)c1ccc(-c2ccccc2)cc1
CHEMBL4476687,COC[C@]1(C(=O)N2CC[C@](c3ccc(C(F)(C(F)(F)F)C(F)(F)F)cc3)(S(=O)(=O)c3ccc(F)cc3)C2)CC[C@H](C(=O)O)CC1
CHEMBL4476688,Cc1cc(OC2CCCC2)cc(C(=O)Nc2ccccn2)n1
CHEMBL4476689,CC/C=C\C(=O)Nc1cc(Nc2nc3c(c(-c4cn(C)c5ccc(F)cc45)n2)CSCC3)c(OC)cc1N(C)CCN(C)C
CHEMBL4476690,CN(C(=O)CNC(=O)c1ccc2ncsc2c1)C1CCS(=O)(=O)CC1
CHEMBL4476691,C[C@@H](O)[C@H](N)C(=O)NC/C=C/Cn1cnc2cc(Br)c(Br)cc2c1=O
CHEMBL4476692,Oc1ccc2c(c1)CCCC(c1ccc3[nH]ncc3c1)=C2c1ccc(O[C@H]2CCN(CCCF)C2)cc1
CHEMBL4476693,[2H]C1([2H])C([2H])([2H])C([2H])([2H])C([2H])(Sc2ncc(COc3cc(F)c(C#CCOC(=O)NC4CCN(C)CC4)cc3F)n2-c2cccnc2)C1([2H])[2H]
CHEMBL4476694,CCN(CCc1nc2ncc(Cl)cc2[nH]1)C(=O)c1ccc(F)cc1
CHEMBL4476695,C=CC(=O)N1CCC(O)(CNc2ncnc(N)c2-c2ccc(Oc3ccccc3)cc2)CC1
CHEMBL4476696,COc1cc2c(cc1C)NC(=O)/C2=C/c1c(OC)nc2sc(C)cn12
CHEMBL4476697,O=C(NC(=S)Nc1ccc([N+](=O)[O-])cc1O)c1ccc([N+](=O)[O-])cc1
CHEMBL4476698,CCNC(=O)Nc1ccc(-c2nccc(N3CCOC[C@@H]3C)n2)cc1
CHEMBL4476699,CCc1cccc(N2CCN(CCCCNC(=O)c3cc4ccccc4o3)CC2)c1Cl
CHEMBL4476700,CNC(=O)c1cc(Oc2ccc(NC(=O)c3ccc(F)cc3)cc2)ccc1N
CHEMBL4476701,Cn1c(Oc2cccc(-c3ccc(C#N)cc3)c2)cc(=O)n(O)c1=O
CHEMBL4476702,Clc1ccc(-c2nnc(/N=C/c3ccc(Cl)cc3Cl)s2)cc1
CHEMBL4476703,CC1(C)CC[C@]2(C(=O)NCc3ccccc3)CC[C@]3(C)C(=CC[C@@H]4[C@@]5(C)C[C@@H]6O[C@@H]6C(C)(C)[C@@H]5CC[C@]43C)[C@@H]2C1
CHEMBL4476704,O=C(C1CCCO1)N1CCN(CC(NCc2ccccc2)c2ccccc2)CC1
CHEMBL4476705,FC(F)(F)c1cccc(-c2n[nH]cc2-c2ccncc2)c1
CHEMBL4476706,O=c1cc(Cn2cc(CSc3nc4ccccc4[nH]3)nn2)c2ccccc2[nH]1
CHEMBL4476707,COC1=CC[C@@H]2C[C@H]3OC(=O)C[C@H]4C(CO)=C(OC)C(=O)[C@H]([C@@]2(C)C1=O)[C@@]34C
CHEMBL4476708,CCCCCCCC(=O)NCCCC[C@H](NC(=O)OCc1ccccc1)C(=O)Nc1ccc2c(C)cc(=O)oc2c1
CHEMBL4476709,Cc1cc(N)nc2cc(-c3ccc4c(c3)C(N)CC4)ccc12.Cl.Cl
CHEMBL4476710,Cl.N=C1Cc2ccccc2N1Cc1ccccc1
CHEMBL4476711,COc1ccc2[nH]c(C(=O)N3CC(=O)N(Cc4cccc(C(=O)NC5CC5)c4)[C@@H](Cc4ccccc4)C3)cc2c1
CHEMBL4476712,N#CN1CCC(CC(=O)Nc2cc3ccccn3n2)C1
CHEMBL4476713,O=[N+]([O-])c1cc(-c2nnc(SCc3ccc(Br)cc3)n2Cc2ccccc2)cc(C(F)(F)F)c1
CHEMBL4476714,Nc1ccc2ncc(-c3cccc4ccccc34)nc2c1
CHEMBL4804033,CCCCCn1cc(-c2cccc(C)c2C)nc1N
CHEMBL4804034,CCCOc1ccc2oc(CC)cc2c1[C@H]1C[C@@H]1CN
CHEMBL4804035,Nc1nccc(-c2cccc(NC(=O)c3cc(F)cc(F)c3)c2)n1
CHEMBL4804036,CC1(C)N=C(N)N=C(N)N1OCCSc1ccc(Cl)cc1
CHEMBL4804037,CCCCCCCCn1cc(-c2noc([C@@H]3CCCN3C(=N)N)n2)c2ccccc21
CHEMBL4804038,NC1=NC(c2ccccc2)N(CCCOc2cc(Cl)c(Cl)cc2Cl)C(N)=N1
CHEMBL4804039,N=C(N)SCc1ccc(CN2C(=O)C(=O)c3cc(F)ccc32)cc1
CHEMBL4804040,Brc1ccc(-[n+]2ccc3ccccc3c2)cc1
CHEMBL4804041,CC(=O)N[C@H]1[C@H](O[C@@H]([C@H](O[C@@H]2O[C@@H](C)[C@@H](OS(=O)(=O)O)[C@@H](OS(=O)(=O)O)[C@@H]2O)[C@@H](O)CO)[C@H](O)C(=O)O)O[C@H](COS(=O)(=O)O)[C@H](OS(=O)(=O)O)[C@@H]1O[C@@H]1O[C@H](C(=O)O)[C@@H](O[C@@H]2O[C@H](COS(=O)(=O)O)[C@H](OS(=O)(=O)O)[C@H](O[C@@H]3O[C@H](C(=O)O)[C@@H](O[C@@H]4O[C@H](COS(=O)(=O)O)[C@H](OS(=O)(=O)O)[C@H](O[C@@H]5O[C@H](C(=O)O)[C@@H](O[C@@H]6O[C@H](COS(=O)(=O)O)[C@H](OS(=O)(=O)O)[C@H](O[C@@H]7O[C@H](C(=O)O)[C@@H](O[C@@H]8O[C@H](COS(=O)(=O)O)[C@H](OS(=O)(=O)O)[C@H](O[C@@H]9O[C@H](C(=O)O)[C@@H](O[C@@H]%10O[C@H](COS(=O)(=O)O)[C@H](OS(=O)(=O)O)[C@H](O[C@@H]%11O[C@H](C(=O)O)[C@@H](O[C@@H]%12O[C@H](COS(=O)(=O)O)[C@H](OS(=O)(=O)O)[C@H](O[C@@H]%13O[C@H](C(=O)O)[C@@H](O[C@@H]%14O[C@H](COS(=O)(=O)O)[C@H](OS(=O)(=O)O)[C@H](O[C@@H]%15O[C@H](C(=O)O)[C@@H](O[C@@H]%16O[C@H](COS(=O)(=O)O)[C@H](OS(=O)(=O)O)[C@H](O[C@@H]%17OC(C(=O)O)=C[C@H](O[C@@H]%18O[C@@H](C)[C@@H](OS(=O)(=O)O)[C@@H](OS(=O)(=O)O)[C@@H]%18O)[C@H]%17O)[C@H]%16NC(C)=O)[C@H](O[C@@H]%16O[C@@H](C)[C@@H](OS(=O)(=O)O)[C@@H](OS(=O)(=O)O)[C@@H]%16O)[C@H]%15O)[C@H]%14NC(C)=O)[C@H](O[C@@H]%14O[C@@H](C)[C@@H](OS(=O)(=O)O)[C@@H](OS(=O)(=O)O)[C@@H]%14O)[C@H]%13O)[C@H]%12NC(C)=O)[C@H](O[C@@H]%12O[C@@H](C)[C@@H](OS(=O)(=O)O)[C@@H](OS(=O)(=O)O)[C@@H]%12O)[C@H]%11O)[C@H]%10NC(C)=O)[C@H](O[C@@H]%10O[C@@H](C)[C@@H](OS(=O)(=O)O)[C@@H](OS(=O)(=O)O)[C@@H]%10O)[C@H]9O)[C@H]8NC(C)=O)[C@H](O[C@@H]8O[C@@H](C)[C@@H](OS(=O)(=O)O)[C@@H](OS(=O)(=O)O)[C@@H]8O)[C@H]7O)[C@H]6NC(C)=O)[C@H](O[C@@H]6O[C@@H](C)[C@@H](OS(=O)(=O)O)[C@@H](OS(=O)(=O)O)[C@@H]6O)[C@H]5O)[C@H]4NC(C)=O)[C@H](O[C@@H]4O[C@@H](C)[C@@H](OS(=O)(=O)O)[C@@H](OS(=O)(=O)O)[C@@H]4O)[C@H]3O)[C@H]2NC(C)=O)[C@H](O[C@@H]2O[C@@H](C)[C@@H](OS(=O)(=O)O)[C@@H](OS(=O)(=O)O)[C@@H]2O)[C@H]1O
CHEMBL4804042,CNS(=O)(=O)c1ccc(C)c(NC(=O)[C@@H](CC2CCCCC2)NC(=N)NC(=O)Cc2cc(C(F)(F)F)cc(C(F)(F)F)c2)c1
CHEMBL4804043,CC(C)(O)c1coc(S(=O)(=O)NC(=O)Nc2ccccc2)c1
CHEMBL4804044,COc1cc(C(=O)c2ccc(-c3csc(N[C@H](C(=O)O)C(C)C)n3)cc2-n2cncn2)cc(OC)c1OC
CHEMBL4804045,CN(c1ccccc1)c1cc[n+](Cc2ccc(C(F)(F)F)cc2)c2cc(Cl)ccc12
CHEMBL4804046,COC(=O)N[C@H](C(=O)N1CCC[C@H]1c1ncc(C#CC#Cc2c(C)cc(-c3cnc([C@@H]4CCCN4C(=O)[C@@H](NC(=O)OC)C(C)C)[nH]3)cc2-c2ccccc2)[nH]1)C(C)C
CHEMBL4804047,OCCC/C(=C(\c1ccc(O)cc1)c1ccc(C2CCN(C3CC3)C2)cc1)c1ccccc1
CHEMBL4804048,COc1ccc(-[n+]2ccc3cccc(OC)c3c2)cc1
CHEMBL4804049,CCCCC[N+]1(C)CCN(c2ccc(/C=C3\Cc4cc(OC)c(OC)cc4C3=O)cc2)CC1
CHEMBL4804050,C=CCc1ccc(OC)c(-c2ccc(OCCCCCc3c4[n+](cc5c(OC)c(OC)ccc35)CCc3cc5c(cc3-4)OCO5)c(CC=C)c2)c1
CHEMBL4804051,CNC(=O)c1nnc(NC(=O)C2CC2)cc1Nc1cccc(-c2ncc(OC)cn2)c1OC
CHEMBL4804052,CN1CCN(C(=O)N[C@@H](Cc2ccccc2)C(=O)N[C@@H](CCCNC(=N)N)CSS(=O)(=O)c2ccccc2)CC1
CHEMBL4804053,COc1cccc2cc[n+](-c3cccc(C(F)(F)F)c3)cc12
CHEMBL4804054,COc1cccc2cc[n+](-c3cc(Cl)cc(Cl)c3)cc12
CHEMBL4804055,CCCCc1ccc(S(=O)(=O)Nc2ccc(Nc3ccnc(N4CCNCC4)n3)cc2)cc1
CHEMBL4804056,CC[C@H](C)[C@H](NC(=O)[C@H](CC(C)C)NC(=O)c1ccco1)C(=O)NCC(=O)N[C@@H](CCCNC(=N)N)C(=O)N[C@@H](CC(C)C)C(=O)N[C@@H](CCCN)C(=O)NCCOCCOCCOCCOCCOCCOCCOCCOCCn1cc(C[C@H]2CN[C@@H](CCCNC(=N)N)C(=O)NCC(=O)N[C@@H](CC(=O)O)C(=O)N[C@H](Cc3ccccc3)C(=O)N2)nn1
CHEMBL4804057,CCCCCCCCCCN(C[C@H]1CN(c2ccc(N3CCOCC3)c(F)c2)C(=O)O1)C(=O)[C@@H](N)CCCN=C(N)N
CHEMBL4804058,CNC(=O)c1nnc(NC(=O)C2CC2)cc1Nc1cccc(-c2ncccn2)c1OC
CHEMBL4804059,COC(=O)N[C@H](C(=O)N1CCC[C@H]1c1ncc(C#CC#Cc2ccc(-c3cnc([C@@H]4CCCN4C(=O)[C@@H](NC(=O)OC)C(C)C)[nH]3)cc2-c2ccc(C(C)(C)C)cc2)[nH]1)C(C)C
CHEMBL4804060,O=C(COc1ccc(-c2nc3cc(C4=NCCN4)ccc3[nH]2)cc1)N1CCOCC1
CHEMBL4804061,COc1ccc(S(=O)(=O)N(CCO)c2ccccc2CN(C)C/C=C/c2ccc(Cl)cc2)cc1.O=P(=O)OO
CHEMBL4804062,Cc1cc(Nc2ccc(S(=O)(=O)Nc3ccc4ccccc4c3)cc2)n2nc(C)cc2n1
CHEMBL4804063,Cc1ccc(S(=O)(=O)n2ccc3ccc(CO[C@H](C(=O)O)[C@H](N)C(=O)O)cc32)cc1
CHEMBL4804064,CCCOc1c2cc(C[N+](C)(C)CCO)cc1Cc1cc(C[N+](C)(C)CCO)cc(c1OCCC)Cc1cc(C[N+](C)(C)CCO)cc(c1OCCC)Cc1cc(C[N+](C)(C)CCO)cc(c1OCCC)C2
CHEMBL4804065,N[C@@H](CC1=CC(=O)C(=O)C=C1)C(=O)O
CHEMBL4804066,CCCCCn1cc(-c2ccccc2C(=O)OC)nc1N
CHEMBL4804067,N/C(=N/C(=O)NCCNC(=O)CO)NCCC[C@@H](NC(=O)C(c1ccccc1)c1ccccc1)C(=O)NCc1ccc(O)cc1
CHEMBL4804068,C=CC[N+]1(C)CCN(c2ccc(/C=C3\Cc4cc(OC)c(OC)cc4C3=O)cc2)CC1
CHEMBL4804069,C=CCc1ccc(OCCCCCc2c3[n+](cc4c(OC)c(OC)ccc24)CCc2cc4c(cc2-3)OCO4)c(-c2ccc(O)c(CC=C)c2)c1
CHEMBL4804070,CNc1cc(F)cc2cc(C(=O)Nc3ccc(C(=O)NCCN)cc3)c(=O)[nH]c12
CHEMBL4804071,CN(C)CCCN1c2ccc(Cl)cc2Sc2cc(Cl)cc(Cl)c21
CHEMBL4804072,Cc1ccc(C(=O)C[n+]2ccn3cccc3c2-c2ccc(F)cc2)cc1
CHEMBL4804073,COc1ccc(C(=O)Nc2cc[n+](Cc3ccccc3)cc2)cc1
CHEMBL4804074,CCCCCn1cc(-c2ccc(C)cc2C)nc1N
CHEMBL4804075,CCCCCC[N+](CCCCCC)(CCCCCC)CCCCCCCCCC[P+](CCCCCC)(CCCCCC)CCCCCC
CHEMBL4804076,CCCCCCCC[N+](C)(CCCCCCCC)Cc1cc(O)c2c(c1)C(=O)c1cccc(O)c1C2=O
CHEMBL4804077,CCCCCCCCN(C[C@H]1CN(c2ccc(N3CCOCC3)c(F)c2)C(=O)O1)C(=O)[C@@H](N)CCCN=C(N)N
CHEMBL4804078,Cn1cc(-c2cn(Cc3ccc(-c4noc(C5(C(=N)N)CC5)n4)cc3)nn2)cn1
CHEMBL4804079,COc1cccc2cc[n+](-c3ccc(F)cc3)cc12
CHEMBL4804080,CNC(=O)c1cnc2[nH]cc(-c3cc(F)c4nccc(N5CCC[C@@H](N)C5)c4c3)c2c1
CHEMBL4804081,CCCCCn1cc(-c2cccnc2)nc1N
CHEMBL4804082,COC(=O)c1cc(OC[C@@H](COS(=O)(=O)O)OS(=O)(=O)O)ccc1OCCCCOS(=O)(=O)O
CHEMBL4804083,CCCCCCCCCn1ccc2c(-c3noc([C@@H]4CCCN4C(=N)N)n3)cccc21
CHEMBL4804084,O=c1oc(Oc2ccc(F)cc2F)nn1-c1ccc(OCCN2CCNCC2)cc1
CHEMBL4804085,CC[N+](C)(CC)CCCO[B-]1(OCCC[N+](C)(CC)CC)n2c(C)c(I)c(C)c2C=C2C(C)=C(I)C(C)=[N+]21
CHEMBL4804086,CC1=C(I)C(C)=[N+]2C1=Cc1c(C)c(I)c(C)n1[B-]2(OCc1cc[n+](C)cc1)OCc1cc[n+](C)cc1
CHEMBL4804087,O=C(NO)c1cnc(N2CCC3(CCN(Cc4ccoc4)C3)CC2)nc1
CHEMBL4804088,CO[C@H]1/C=C/O[C@@]2(C)Oc3c(C)c(O)c4c(O)c(c(/C=N/N5CCN(Cc6cn(CCCCCCCCCCCCO[C@@H]7[C@@H](O[C@H]8O[C@H](CO)[C@@H](O)[C@H](N)[C@H]8O)[C@H](N)C[C@H](N)[C@H]7O[C@H]7O[C@H](CN)[C@@H](O)C[C@H]7N)nn6)CC5)c(O)c4c3C2=O)NC(=O)/C(C)=C\C=C\[C@H](C)[C@H](O)[C@@H](C)[C@@H](O)[C@@H](C)[C@H](OC(C)=O)[C@@H]1C
CHEMBL4804089,Cc1cc(Nc2ccc(S(=O)(=O)Nc3ccccc3)cc2)n2nc(C)cc2n1
CHEMBL4804090,Clc1ccc2c(N3CCCC3)cc[n+](Cc3ccc(-c4ccccc4)cc3)c2c1
CHEMBL4804091,CN1CCCCC1CCN1c2ccccc2Sc2cc(Cl)ccc21
CHEMBL4804092,CN(C)CCCOc1ccc(-c2cc(=O)c3c(O)cc(OCCCCCC(=O)NO)cc3o2)cc1
CHEMBL4804093,COc1ccccc1N1CCN(CCCCC(=O)Nc2ccccc2C(N)=O)CC1
CHEMBL4804094,COc1cc2c(cc1OC)-c1cc3ccc(OC)c(OCCCNC(=O)CCCC[C@@H]4SC[C@@H]5NC(=O)N[C@@H]54)c3c[n+]1CC2
CHEMBL4804095,COc1ccccc1N1CCN(CCCCC(=O)NCc2ccc(C(C)(C)C)cc2)CC1
CHEMBL4804096,COc1cc(C(=O)Nc2cc[n+](Cc3ccccc3)cc2)cc(OC)c1OC
CHEMBL4804097,N=C(N)SCc1ccc(CN2C(=O)C(=O)c3cc(Br)ccc32)cc1
CHEMBL4804098,O=C(CCCCCOc1cc(O)c2c(=O)cc(-c3ccc(OCCN4CCCC4)cc3)oc2c1)NO
CHEMBL4804099,COc1cccc2cc[n+](-c3ccccc3C)cc12
CHEMBL4804100,NC1=N[C@]2([C@H](O)N1)[C@@H](Cl)[C@H](CNC(=O)c1cc(Br)c(Br)[nH]1)[C@H]1CN3C(=O)c4cccn4[C@@H]4N=C(N)N[C@@]43[C@@H]12
CHEMBL4804101,NC1=NC(c2ccccc2F)C2=C(N1)/C(=C/c1ccccc1F)CN(S(=O)(=O)c1ccc(O[N+](=O)[O-])cc1)C2
CHEMBL4804102,CCCCCCCCCn1cc(-c2noc(C[C@@H]3CCCN3C(=N)N)n2)c2ccccc21
CHEMBL4804103,CC1(C)C(Cc2ccccc2)C(=[N+]2CCCC2)C=CN1Cc1ccc([N+](=O)[O-])cc1
CHEMBL4804104,NCc1ccc(NC(=O)N2C(=O)CC2CC(=O)NCCC(=O)O)cc1
CHEMBL4804105,CCN(CC)c1ccc2c(-c3ccccc3C(=O)N3CCNCC3)c3ccc(=[N+](CC)CC)cc-3oc2c1
CHEMBL4804106,COc1ccc(CC(=O)NC(=N)N[C@H](CC2CCCCC2)C(=O)Nc2cc(S(=O)(=O)N3CCOCC3)ccc2C)cc1OC
CHEMBL4804107,COc1ccccc1OCCCCCCCCCCC(=O)NS(=O)(=O)OC[C@H]1O[C@@H](n2cnc3c(N)ncnc32)[C@H](O)[C@@H]1O
CHEMBL4804108,CN1CCCCC1CCN1c2c(Cl)cc(Cl)cc2Sc2cc(Cl)cc(Cl)c21
CHEMBL4804109,O=C1Nc2ccc(F)cc2/C1=C1/Nc2ccc(F)cc2/C1=N\OCCN1CCNCC1
CHEMBL4804110,CN(C)CC1CN(C(=O)Nc2cccc(F)c2)CCC1(O)c1ccccc1
CHEMBL4804111,Cc1cccc(/C=N/O)[n+]1C
CHEMBL4804112,NC1=NC(c2ccccc2)N(OCCCc2ccccc2)C(N)=N1
CHEMBL4804113,C[C@H]1c2ccc(NC(=O)CCCCCCCCCCC[P+](c3ccccc3)(c3ccccc3)c3ccccc3)c(O)c2C(=O)C2=C(O)[C@]3(O)C(=O)C(C(N)=O)=C(O)[C@@H](N(C)C)[C@@H]3[C@@H](O)[C@@H]21
CHEMBL4804114,O=C(O)CCc1nc(-c2ccco2)no1
CHEMBL4804115,CS(=O)(=O)Nc1c(F)ccc(C(=O)c2n[nH]c3ncc(-c4ccncc4)cc23)c1F
CHEMBL4804116,COc1ccc(CC(=O)NC(=N)N[C@H](CC2CCCCC2)C(=O)Nc2cc(S(=O)(=O)N(C)C)ccc2C)cc1OC
CHEMBL4804117,CN(C)CCn1cc(-c2ccc(/C(=C(/CCCO)c3ccccc3)c3ccc(O)cc3)cc2)nn1
CHEMBL4804118,COc1cccc2cc[n+](-c3ccc(C)cc3)cc12
CHEMBL4804119,CCOc1ccc2occc2c1[C@@H]1C[C@H]1CN
CHEMBL4804120,CN1CCCCC1CCN1c2ccc(Br)cc2Sc2cc(Br)cc(F)c21
CHEMBL4804121,CC1(C)N=C(N)N=C(N)N1OCCCN(Cc1ccccc1)Cc1ccccc1
CHEMBL4804122,COc1ccccc1N1CCN(CCCC(=O)Nc2ccc(C(C)C)cc2)CC1
CHEMBL4804123,c1ccc2cc(Cn3cc[n+](CCCCCn4cc[n+](Cc5ccc6ccccc6c5)c4)c3)ccc2c1
CHEMBL4804124,CN(CCCON1C(N)=NC(N)=NC1(C)C)c1ccc(Cl)c(Cl)c1
CHEMBL4804125,CN(C)CCOCc1cc2c(-c3cnn4ncccc34)ccnc2[nH]1
CHEMBL4804126,COC(=O)N[C@H](C(=O)N1CCC[C@H]1c1ncc(C#CC#Cc2ccc(-c3cnc([C@@H]4CCCN4C(=O)[C@@H](NC(=O)OC)C(C)C)[nH]3)cc2)[nH]1)c1ccccc1
CHEMBL4804127,CN(C)CC1CN(C(=O)Nc2cccc(Cl)c2)CCC1(O)c1ccccc1
CHEMBL4804128,CC[C@H]1OC(=O)[C@H](C)[C@@H](O[C@H]2C[C@@](C)(OC)[C@@H](O)[C@H](C)O2)[C@H](C)[C@@H](O[C@@H]2O[C@H](C)C[C@H](N(C)C)[C@H]2O)[C@](C)(O)C[C@@H](C)CN(C(=O)CCCCCCCCC[P+](c2ccccc2)(c2ccccc2)c2ccccc2)[C@H](C)[C@@H](O)[C@]1(C)O
CHEMBL4804129,NC1=NC(c2ccccc2)N(OCCCOc2cc(Cl)c(Cl)cc2Cl)C(N)=N1
CHEMBL4804130,NC(N)=NCCCOc1ccc(C(=O)Nc2ccccc2Oc2ccc(F)cc2)cc1
CHEMBL4804131,C[n+]1nn(Cc2ccccc2Cl)c2c1C[C@]1(C)[C@H]3CC[C@@H]4[C@H]5[C@H]6OC[C@@]5(CCC6(C)C)CC[C@@]4(C)[C@]3(C)CC[C@H]1C2(C)C
CHEMBL4804132,Cc1cc(Nc2ccc(S(=O)(=O)Nc3ccc4ccccc4c3)cc2)n2nc(C(F)(F)F)nc2n1
CHEMBL4804133,N=C(N)Nc1ccc(Cc2ccc(NC3=NCCN3)cc2)cn1
CHEMBL4804134,CN1CCN(Cc2ccc(/C(=C(/CCCO)c3ccccc3)c3ccc([N+](=O)[O-])cc3)cc2)CC1
CHEMBL4804135,CC(C)N1CC(c2ccc(/C(=C(/CCCO)c3ccccc3)c3ccc(O)cc3)cc2)C1
CHEMBL4804136,CCCCCn1cc(-c2ccc3ccccc3c2)nc1N
CHEMBL4804137,C=C(F)COc1ccc2occc2c1[C@@H]1C[C@H]1CN
CHEMBL4804138,NC[C@H]1O[C@H](O[C@H]2[C@H](OCCCCCCCCN3CCCNCCNCCCNCC3)[C@@H](O)[C@H](N)C[C@@H]2N)[C@H](N)C[C@@H]1O
CHEMBL4804139,CNC(=O)c1nnc(NC(=O)C2CC2)cc1Nc1cccc(-c2ccccn2)c1OC
CHEMBL4804140,CC[C@H](C)[C@H](N)C(=O)Oc1ccc(/C=C/C(=O)/C=C(O)/C=C/c2ccc(OC(=O)[C@@H](N)[C@@H](C)CC)c(OC)c2)cc1OC
CHEMBL4804141,CCCCCn1cc(-c2cccc(Cl)c2)nc1N
CHEMBL4804142,NC1=NC(c2ccccc2)N(OCCCOc2ccc(Cl)cc2)C(N)=N1
CHEMBL4804143,C[N+](C)(C)CC(=O)Nc1ccc2c(c1)C(=O)c1ccc(NC(=O)C[N+](C)(C)C)cc1C2=O
CHEMBL4804144,CCN(CC)C(=O)c1cnc(-c2cccc(Nc3cc(NC(=O)C4CC4)nnc3C(=O)NC)c2OC)nc1
CHEMBL4804145,CC1=C(I)C(C)=[N+]2C1=Cc1c(C)c(I)c(C)n1[B-]2(C#CC[N+](C)(C)C)C#CC[N+](C)(C)C
CHEMBL4804146,CCCCNCC(=O)NCc1cccc2c(=O)cc(-c3cccc4ccccc34)oc12
CHEMBL4804147,Clc1cc(Cl)c2c(c1)Sc1cc(Cl)cc(Cl)c1N2CCCN1CCOCC1
CHEMBL4804148,CCCCCCCCOc1ccc(COc2ccc(-c3noc([C@@H]4CCCN4C(=N)N)n3)cc2C(F)(F)F)cc1
CHEMBL4804149,CN(C)CCCN1c2ccc(Br)cc2Sc2cc(Br)ccc21
CHEMBL4804150,C[N+]1(Cc2cccc(/N=N\c3cccc(C[N+]4(C)CCCCC4)c3)c2)CCCCC1
CHEMBL4804151,COc1ccc([N+]2=C3COCCN3C(O)(c3ccc(-c4ccccc4)cc3)C2)cc1
CHEMBL4804152,N[C@H]1CC[C@H](Nc2c([N+](=O)[O-])cnc3ccc(-c4c[nH]c5ncc(C(=O)NCc6cccnc6)cc45)cc23)CC1
CHEMBL4804153,CNC(=O)c1nnc(NC(=O)C2CC2)cc1Nc1cccc(-c2cnc(C(C)(C)O)cn2)c1OC
CHEMBL4804154,CCCNC(=N)Nc1ccc(CCc2ccc(NC3=NCCN3)cc2)cc1
CHEMBL4804155,COc1cc2c(cc1OC)C(=O)/C(=C/c1ccc(N3CC[N+](C)(Cc4ccccc4)CC3)cc1)C2
CHEMBL4804156,O=C(Nc1cc[n+](Cc2ccccc2)cc1)c1ccc(F)c(Cl)c1
CHEMBL4804157,CCCCCC[P+](CCCCCC)(CCCCCC)CCCCCC[P+](CCCCCC)(CCCCCC)CCCCCC
CHEMBL4804158,Cc1c(O)c(=O)ccn1CCCCCNCc1ccccc1
CHEMBL4804159,COc1cc(NC(=O)c2ccccn2)ccc1NC(=O)c1ccc(NC(=O)COCC(=O)NCCCNC(=O)COc2ccc(-c3cccc(COc4cc5c(c(C)c4C)C(=O)C(C4CCCC4)C5)c3)cc2C(=O)O)cc1Cl
CHEMBL4804160,CN(C)CC1CN(C(=O)Nc2cc(C(F)(F)F)cc(C(F)(F)F)c2)CCC1(O)c1ccccc1
CHEMBL4804161,COc1ccc(CCc2ccc(CN3CCC[C@@H]3CO)cc2)cc1
CHEMBL4804162,CN(C)CC1CN(C(=O)N(C)c2cccc(Cl)c2)CCC1(O)c1ccccc1
CHEMBL4804163,CCN(CCCON1C(N)=NC(N)=NC1(C)C)c1ccc(Cl)c(Cl)c1
CHEMBL4804164,COc1cc2c(cc1OCCCCCNC(=O)CCCC[C@@H]1SC[C@@H]3NC(=O)N[C@@H]31)CC[n+]1cc3c(OC)c(OC)ccc3cc1-2
CHEMBL4804165,COc1cccc2cc[n+](-c3ccc(C(F)(F)F)cc3)cc12
CHEMBL4804166,C#CCOCCOc1cc(C2(C(F)(F)F)N=N2)ccc1C(=O)NCCOCCOCCOc1ccc2cc3[n+](cc2c1OC)CCc1cc2c(cc1-3)OCO2
CHEMBL4804167,CCCCCC[N+](CCCCCC)(CCCCCC)CCCCCC[P+](CCCC)(CCCC)CCCC
CHEMBL4804168,O=S(=O)(Nc1ccc2ccccc2c1)c1ccc(Nc2ccnc3cc(Cl)ccc23)cc1
CHEMBL4804169,c1ccc2cc(Cn3cc[n+](CCCCn4cc[n+](Cc5ccc6ccccc6c5)c4)c3)ccc2c1
CHEMBL4804170,CCCCCC(=O)N[C@H](C(=O)NCc1ccc(CNC(=N)N)cc1)c1ccc(OCc2ccccc2)cc1
CHEMBL4804173,Nc1c(F)ccc2cnc(-n3ccc4ccncc43)cc12
CHEMBL4845661,Clc1ccc([C@@H]2CC[C@@H](NCc3ccccc3)c3ccccc32)cc1Cl
CHEMBL4845662,Cc1cnc(Nc2ccc3c(c2)CNC3=O)nc1-c1cnn(CCC#N)c1
CHEMBL4845663,COc1ccc(-n2ncc3c2C=C2CCC[C@H]([C@@H](O)c4ccccc4)[C@@]2(C)C3)cc1
CHEMBL4845664,CCCCc1[nH]c(=O)c(C(=O)N(CCC)Cc2ccccc2)c(O)c1-c1c(OC)cccc1OC
CHEMBL4845665,C[C@@H]1NC(=O)[C@@H](Cc2ccccc2)NC(=O)[C@@H]2CCCCNC(=O)c3cc(cc(c3)C(=O)N[C@H](Cc3ccc4ccccc4c3)C(=O)N[C@@H](CO)C(=O)N[C@@H](CC(N)=O)C(=O)N[C@H](Cc3ccc4ccccc4c3)C(=O)N[C@@H](c3ccccc3)C(=O)N2)C(=O)NC[C@@H](C(=O)N[C@@H](CCCN)C(=O)N[C@H](CCCNC(=N)N)C(=O)N[C@@H](Cc2ccccc2)C(=O)N[C@H](C)C(N)=O)NC(=O)[C@H](CCCNC(=N)N)NC(=O)[C@@H](CCCNC(=N)N)NC1=O
CHEMBL4845666,O=C(O)c1cccc(COc2ccc(C(F)(F)F)cc2C(F)(F)F)c1
CHEMBL4845667,C=C(C(=O)OCc1cn([C@@H]2O[C@H](COC(C)=O)[C@@H](OC(C)=O)[C@H](OC(C)=O)[C@H]2OC(C)=O)nn1)[C@@H]1CC[C@]2(COC(C)=O)CC[C@]3(C)[C@H](CC[C@@H]4[C@@]5(C)CC[C@H](OC(C)=O)C(C)(C)[C@@H]5CC[C@]43C)[C@@H]12
CHEMBL4845670,CCc1nnc2c3ccccc3n(CC(=O)Nc3ccccc3)c(=O)n12
CHEMBL4845672,CCN1C(=O)[C@@H](NC(=O)c2cccc(C(F)(F)F)c2)[C@@H](c2ccc(F)c(C)c2)c2c(C)nn(-c3ccccc3)c21
CHEMBL4845673,CC(C)c1ccc(-c2cnn(Cc3cc(CN4CCCC4)c(O)c4ncccc34)n2)cc1
CHEMBL4845674,COc1ncc(C2=CCOCC2)cc1S(=O)(=O)Nc1cncc(-c2ccc(N3CCN(C(C)C)CC3)cc2)c1
CHEMBL4845675,CCCc1nn(C)c2c(NC(C)C)nc(CCc3cccnc3)nc12
CHEMBL4845676,CCN1CCN(C(=O)[C@]23CCC(C)(C)C[C@H]2C2=CC[C@@H]4[C@@]5(C)Cc6nccnc6[C@@](C)(CO)[C@@H]5CC[C@@]4(C)[C@]2(C)CC3)CC1
CHEMBL4845677,CN(C)C(=O)Cn1cc(C(=O)Nc2ccc(-c3cn(C)c4ncnc(N)c34)cc2)c(=O)c(-c2ccc(F)cc2)c1
CHEMBL4845678,C=C1C(=O)O[C@@H]2/C=C3/CC/C=C(\[C@H](O)OC3)[C@H](O)[C@@H](OC(=O)/C(C)=C/C)[C@@H]12
CHEMBL4845679,CC(C)CCc1cc(C(=O)Nc2c(O)c3ccc(O)cc3oc2=O)ccc1O
CHEMBL4845680,C[C@@H]1Cc2c([nH]c3ccccc23)[C@@H](c2c(F)cc(O[C@H]3CCN(CCCF)C3)cc2F)N1CC(F)(F)CO
CHEMBL4845681,CC(C)[C@H]1C(=O)O[C@H](C)[C@H](NC(=O)c2c3nc4c(C(=O)N[C@@H]5C(=O)N[C@H](C(C)C)C(=O)N6CCC[C@H]6C(=O)N(C)CC(=O)N(C)[C@@H](C(C)C)C(=O)O[C@@H]5C)ccc(Cl)c4oc-3c(Cl)c(=O)c2N)C(=O)N[C@H](C(C)C)C(=O)N2CCC[C@H]2C(=O)N(C)CC(=O)N1C
CHEMBL4845682,CCOC(=O)c1ccc(CCN2CCC(Nc3nc4ccccc4n3Cc3ccc(C#N)cc3)CC2)cc1
CHEMBL4845683,CN[C@@H](C)C(=O)N[C@H](C(=O)N1C[C@@H](NC(=O)c2cnc(N3CCN(CCCOc4cc5ncnc(Nc6n[nH]c(C)c6C)c5cc4S(=O)(=O)C(C)(C)C)CC3)cn2)CC1C(=O)NC1CCCc2ccccc21)C(C)(C)C
CHEMBL4845684,O=S(=O)(Nc1cc(-c2ccc3nncc(N4CCCC4)c3c2)cnc1Cl)c1ccccc1
CHEMBL4845685,N=C(N)c1ccc2nc(-c3ccc(-c4ccc(C(=N)N)nc4)o3)[nH]c2c1
CHEMBL4845686,CC(C)(C)c1ccc(C(=O)Nc2cc3c(cc2OCc2ccccn2)CCCC3)cc1
CHEMBL4845687,CNC(=O)/C=C/CN1CC(Oc2ccc(C(=O)c3c(-c4ccc(O)cc4)sc4cc(O)ccc34)cc2)C1
CHEMBL4845688,CNc1nc(C)c(-c2nc(Nc3cc(C)cc(N4CCCCCC4)c3)ncc2C#N)s1
CHEMBL4845689,C/C(=N\NC(=O)c1cccc(I)c1)c1ccncc1
CHEMBL4845690,O=C(COc1ccc2c(c1)OCO2)Oc1ccc2c(c1)OCO2
CHEMBL4845691,Cc1ncccc1-c1cnc(NCc2c(F)ccc3c2CCO3)c2nn(CC#N)c(=O)n12
CHEMBL4845692,C[C@@H](c1cn(-c2ccccc2)nn1)N(C)c1nc(=O)c2cc(S(C)(=O)=O)cc([N+](=O)[O-])c2s1
CHEMBL4845693,Nc1nc2c(ncn2CC2CCCN(CP(=O)([O-])[O-])C2)c(=O)[nH]1.[Na+].[Na+]
CHEMBL4845694,COCc1cc2ccc(OC)c(-c3nn4ccnc4s3)c2o1
CHEMBL4845695,COC[C@H](c1cnn2cc([C@@H](NC(=O)c3nonc3C(F)F)C3CCC(F)(F)CC3)nc2c1)N1C[C@@H](C(F)(F)F)NC1=O
CHEMBL4845697,O=c1nc(N2CCN(/N=C/c3ccc(OC(F)(F)F)cc3)CC2)sc2c([N+](=O)[O-])cc(C(F)(F)F)cc12
CHEMBL4845698,O=C(Nc1cc(C(F)(F)F)cc(C(F)(F)F)c1)C1NCCc2ccccc21
CHEMBL4845699,CC(C)(C)OC(=O)N1CCCC(CNCCOc2cccc3c2CCN3S(=O)(=O)c2ccccc2)C1
CHEMBL4845700,COc1ccc2oc(=O)c(S(N)(=O)=O)cc2c1
CHEMBL4845701,CC(C)(C)c1ccc(NC(=O)c2cc(Cc3ccc(Cl)cc3)n[nH]2)cc1
CHEMBL4845703,Cc1cc(Nc2cc(C)[nH]n2)nc(C2CCC3(CCCN([C@@H](C)c4ccc(-n5cc(F)cn5)nc4)C3=O)CC2)n1
CHEMBL4845704,CCc1ccc(-c2nc(C[C@H](N)C(=O)N[C@@H](Cc3c[nH]c4ccccc34)C(=O)N[C@@H](CCCNC(=N)N)C(=O)NCc3ccccc3)c[nH]2)cc1.Cl.Cl
CHEMBL4845706,COc1cc2nc(C3CCCCC3)cc(NCC3CCN(c4ncc(C(=O)NO)cn4)CC3)c2cc1OC
CHEMBL4845707,CC(C)(C)NC(=O)c1nn(-c2ccc(F)cc2F)c2c1CC1CCC2O1
CHEMBL4845708,CC(C)C[C@H]1NC(=O)[C@@H]2CSC(N2)[C@H](C(C)C)NC(=O)[C@@H](C(C)C)NC(=O)[C@H](C(C)C)NC(=O)[C@@H](C(C)C)NC(=O)[C@H](Cc2c[nH]c3ccccc23)NC1=O
CHEMBL4845709,COc1cc(NC(=O)[C@H](N)CC(C)C)ccc1-c1cnn(C)c1
CHEMBL4845710,COc1ccc(S(=O)(=O)N(CC(C)C)C[C@@H](O)[C@H](Cc2ccccc2)NC(=O)/C=C/c2ccc(O)c(OC)c2)cc1
CHEMBL4845711,COc1ccccc1C1CC1CNCC[C@H]1CC[C@H](NC(=O)N(C)C)CC1
CHEMBL4845712,CC[C@H](C)[C@@H]1NC(=O)[C@@H]2CSSC[C@@H](C(N)=O)NC(=O)[C@H](CC(C)C)NC(=O)[C@H](CCC(=O)O)NC(=O)[C@@H]3CCCN3C(=O)[C@H](Cc3cnc[nH]3)NC(=O)[C@H](CC(N)=O)NC(=O)[C@H](C(C)C)NC(=O)[C@H](CO)NC(=O)[C@H](CSSC[C@H](NC(=O)CN)C(=O)N2)NC(=O)[C@H](C)NC(=O)[C@@H]2CCCN2C(=O)[C@H](Cc2cnc[nH]2)NC1=O
CHEMBL4845713,C[n+]1c(/C=C/c2ccc(N3CCOCC3)cc2)sc2ccccc21.[I-]
CHEMBL4845714,CCS(=O)(=O)c1ccc(C(Cc2nnco2)C(=O)Nc2ccc(C(O)(C(F)(F)F)C(F)(F)F)cc2)cc1
CHEMBL4845715,Cc1c(C(=O)Nc2ccc(Oc3ccncc3-c3cnn(C)c3)cc2)c(=O)n(-c2ccccc2)n1C
CHEMBL4845716,CCOC(=O)c1ccc(/N=N/N(C)C(=O)NCCSc2ccc(O)cc2)cc1
CHEMBL4845717,CC(C)n1cnnc1-c1cccc(NC(=O)c2cc3cccc(-c4ccncc4)c3[nH]2)n1
CHEMBL4845718,C[C@@H]1CC[C@@]2(OC1)O[C@H]1C[C@H]3[C@@H]4CC=C5C[C@@H](OC(=O)CCC(=O)N6CCc7ccccc7C6)CC[C@]5(C)[C@H]4CC[C@]3(C)[C@H]1[C@@H]2C
CHEMBL4845719,CC[C@H](C)[C@H](NC(=O)[C@H](CCCNC(=N)N)NC(=O)[C@H](CCCCN)NC(=O)[C@H](Cc1ccccc1)NC(=O)[C@H](Cc1c[nH]c2ccccc12)NC(=O)CN)C(=O)N[C@@H](CCCCN)C(=O)N[C@H](C(=O)N[C@@H](Cc1ccccc1)C(=O)N[C@@H](Cc1c[nH]c2ccccc12)C(N)=O)[C@@H](C)O
CHEMBL4845722,Fc1ccc(F)c(-c2cc(Nc3ccnc4cc(-c5ccsc5)ccc34)ccn2)c1
CHEMBL4845724,Fc1cccc(Nc2nc(NCCOc3ccccc3)nc3[nH]cnc23)c1
CHEMBL4845725,CC[C@H](C)[C@@H]1NC(=O)[C@@H](NC(=O)[C@H](CC(C)C)NC(=O)[C@H](CC(C)C)NC(=O)[C@H](CCC(N)=O)NC(=O)[C@H](CCCCN)NC(C)=O)CCCc2cn(nn2)CCC[C@@H](C(=O)N[C@@H](Cc2ccc(O)cc2)C(=O)N[C@@H](Cc2c[nH]c3ccccc23)C(=O)N[C@H](C(=O)N[C@@H](CO)C(N)=O)[C@@H](C)O)NC(=O)[C@@H]2CCCN2C(=O)[C@H](CCCNC(=N)N)NC(=O)[C@H](CC(=O)O)NC(=O)CNC(=O)[C@H](CO)NC(=O)[C@H](CCCNC(=N)N)NC1=O
CHEMBL4845726,C[C@@H]1Cc2c([nH]c3cc(F)ccc23)[C@@H](c2c(F)cc(NC3CN(CCCF)C3)cc2F)N1CC(F)(F)CO
CHEMBL4845727,CC(C)CCn1c(CN2C(=O)C3(CCC3)c3ccccc32)nc2cc(CN)ccc21
CHEMBL4845728,COc1ccc(-n2cnc3cnc(Nc4cccc(NC(C)=O)c4)cc32)cc1OC
CHEMBL4845729,CNC(=O)C(C(C)C)N(CC(c1ccccc1)c1ccccc1)C(=O)c1cc(C)c(=O)n(C)c1
CHEMBL4845730,COC(=O)[C@H]1NC[C@@H]2NCCC[C@@]21CCCB(O)O
CHEMBL4845731,O=C(N/N=C/c1cc(I)cc(I)c1O)c1ccc(Br)cc1
CHEMBL4845732,CCS(=O)(=O)NNC(=O)CSc1nc2ccccc2c(=O)n1Cc1ccc2c(c1)OCO2
CHEMBL4845733,Cc1nc(N)sc1CCCN/C(N)=N/C(=S)NC[C@@H](C)c1ccccc1
CHEMBL4845734,Cc1ccc2c(N)c3c(nc2c1)CCCCC3.Cl
CHEMBL4845735,O=C1Cc2ccccc2CN1c1cnc(NCc2c(F)ccc3c2CCO3)n2cnnc12
CHEMBL4845736,Oc1c(F)cc(Nc2ncc3ncn(-c4cccc(Oc5ccccc5)c4)c3n2)cc1F
CHEMBL4845737,CNc1nc(Nc2cnc(C#N)c(NCC3CCCCN3)c2)ncc1C(F)(F)F
CHEMBL4845738,CCOC(=O)CCCCCOc1ccc2c(c1)OCO2
CHEMBL4845739,Cc1cc(-n2cc(C(=O)Nc3cc(F)cc(F)c3)c(=O)c3ccc(N(C)C)nc32)ccc1OCCCCCCC[N+]1(C)CCCCC1
CHEMBL4845740,CC(=O)Nc1cnn(Cn2ccc(C(=O)Nc3ccc(Br)cc3)n2)c1
CHEMBL4845741,Nc1ccc(CCCCN2CCN(c3ccccn3)CC2)cc1
CHEMBL4845743,O=C(Nc1nc2ccc(C(F)(F)F)cc2s1)c1cnc(C(F)(F)F)s1
CHEMBL4845744,CC(C)=C1C(=O)C[C@@]2(C)C/C=C(\C)CC[C@H]3O[C@]3(C)CC[C@H]12
CHEMBL4845745,CC(C)C[C@@H](N)C(=O)Nc1ccc(-c2cnco2)c(F)c1
CHEMBL4845746,Cc1c(C(=O)N2CC[C@@H](N)C2)sc2c(O)c3c(c(O)c12)C(=O)c1ccccc1C3=O
CHEMBL4845748,Cc1cc(COC2CN(C(=O)[C@H]3C[C@]4(COC(=O)N4)C3)C2)ccc1C(F)(F)F
CHEMBL4845749,CC(=O)N[C@H](Cc1ccc(I)cc1)C(=O)N[C@H](Cc1ccc2ccccc2c1)C(=O)N[C@H](Cc1ccc2ccccc2c1)C(=O)N[C@@H](CCCNC(=N)N)C(N)=O
CHEMBL4845750,COc1cc(OC)cc(N(CCNC(C)C)c2ccc3ncc(-c4cn(C)nc4C)c(=O)n3c2)c1
CHEMBL4845752,NS(=O)(=O)c1ccc(N/C=C(\C(=O)c2ccc(Br)cc2)S(=O)(=O)c2ccccc2)cc1
CHEMBL4845753,CCS(=O)(=O)c1ccc(CC(=O)Nc2ccc(CCN3CCCc4ccc(C(C)C)cc43)cc2)cc1
CHEMBL4845755,Cc1ccc(S(=O)(=O)SCc2ccc(F)cc2)cc1
CHEMBL4845756,COc1c(F)cc(N(C)c2nc(Cl)nc3cccnc23)cc1F
CHEMBL4845757,CCC(CC)O[C@@H]1C=C(C(=O)O)C[C@H](NC(=O)NNCCC(C)C)[C@H]1NC(C)=O
CHEMBL4845758,CCCS(=O)(=O)N1CCc2cc(Nc3ncc(C)c(-c4cnn(C(C)C)c4)n3)ccc21
CHEMBL4845759,CN(Cc1ncc(Cl)n1C)c1ccc2cnsc2c1
CHEMBL4845760,CCCCCc1cc(O)c2c(c1)OC(C)(C)[C@H]1CCC(C)=C[C@@H]21
CHEMBL4845761,COc1ncc2cc1NS(=O)(=O)c1cccc(c1)C(=O)NCc1cncc(c1)-c1cnn3ccc-2nc13
CHEMBL4845762,O=S(=O)(c1ccccc1)n1ccc2c(OCCNCc3cc(Cl)cc(Cl)c3)cccc21
CHEMBL4845763,Cc1cc(-c2ccccc2C#N)c2ncn(C)c(=O)c2c1
CHEMBL4845765,CCCCCCCCCCCCCCOCC(CNC(=O)C1(NC(=O)OCc2ccccc2)CCNCC1)OCCCCCCCCCCCCCC.Cl
CHEMBL4845766,NS(=O)(=O)c1ccc(-n2cc(COc3ccnc(N4CCN(C(c5ccccc5)c5ccccc5)CC4)n3)nn2)cc1
CHEMBL4845767,CNCCN(C)c1ccc2nnc(C)n2n1
CHEMBL4845768,CCc1cccc(CC)c1-n1c(C=C(C)C)c(C(=O)N2CCNC3(CC3)C2)cc(-c2nc(-c3ccc(Cl)cc3)cs2)c1=O
CHEMBL4845769,CCCOc1ccc(NC(C)=O)c(CCCCNC(=S)NCCC(=O)O)c1
CHEMBL4845770,Cc1nc2c(cnn2-c2csc(C(=O)NC3COC3)c2)cc1Nc1c(F)cccc1Cl
CHEMBL4845771,CCOc1ccccc1C(=O)Oc1c(OC)ccc2c1CN1CCc3cc4c(cc3C1C2)OCO4
CHEMBL4845772,Cc1cc(C#N)cc(C)c1Oc1nc(NC2CCN(Cc3cccc(C(N)=O)c3)CC2)nc2c1CSCC2
CHEMBL4845773,CCc1cccc(CC)c1-n1c(C)c(C(=O)NC)cc(-c2nc(-c3ccc(Cl)cc3)cs2)c1=O
CHEMBL4845774,CC(=O)O[C@@H](c1ccccc1)c1cc(=O)c(C(N)=O)cn1CCN(C)C
CHEMBL4845775,COc1cc(N2CCN(C)CC2)ccc1Nc1ncc2c(C)cc(=O)n([C@H]3CC[C@@H](NC(=O)C4CCCC4)CC3)c2n1
CHEMBL4845776,CC1=C(CO)C(=O)O[C@@H]([C@@H](C)[C@H]2[C@@H](C)C[C@H]3[C@@H]4C[C@H]5O[C@]56C(=O)C=CC(=O)[C@]6(C)[C@H]4CC[C@]23C)C1
CHEMBL4845777,COc1cccc(-c2nnc(-c3sc4ccccc4c3Cl)o2)c1
CHEMBL4845778,Cc1ccc(N2C(=O)CSC23C(=O)Nc2ccc(C)cc23)cc1
CHEMBL4845779,O=C(N[C@@H]1CCCNC1)c1sc2nccc3c2c1NC(=O)N3c1ccc(Oc2ccccc2)cc1F
CHEMBL4845780,Cc1cc(-c2cc3ccccc3o2)c2ncn(C)c(=O)c2c1
CHEMBL4845781,COc1ccc([C@H](C)NC(=O)CSc2nc3ccc(NC(=O)c4ccc(OCC(C)C)c(C)c4OC)cc3s2)cc1
CHEMBL4845782,COc1cc(-c2cccc(-c3cccc(-c4ccc(CN5CC(C(=O)O)C5)c(OC)c4)c3C)c2C)ccc1CN1CC(C(=O)O)C1
CHEMBL4845783,CCOc1cc(NC(=O)NCc2cc(C)c(-c3cn(C)nc3C(F)(F)F)cn2)cc(Cl)n1
CHEMBL4845784,FC(F)(F)c1cccc(Nc2nc(NC3CCCCC3)ncc2Cl)c1
CHEMBL4845785,CC(=O)O[C@H]1[C@H]2[C@@H]([C@@H](O)[C@@H](NS(=O)(=O)c3ccc(F)cc3)[C@H]3C[C@@H]4O[C@@H]4[C@H](OC(C)=O)[C@]23C)[C@@H]2[C@@H](O)[C@@H]3[C@H]([C@H](C)[C@H]4O[C@]45OC(=O)[C@@](C)(O)[C@]35C)[C@@]2(C)[C@H]1OC(C)=O
CHEMBL5012781,COCc1cc2nn(CC(=O)Nc3ccc4c(c3)OCO4)c(=O)n2c(-c2ccccc2)n1
CHEMBL5012782,Cc1ccc(NC(=O)c2ccc3[nH]c4c(c3c2)CN(C(=O)C2CCC2)CC4)cc1
CHEMBL5012783,Cc1csc2c(N3C[C@@H](C(F)(F)F)[C@H](C(=O)O)C3)ncnc12
CHEMBL5012784,Cc1nc(C(C)(C)C)sc1[C@H](C)NCC1(O)CCCCC1
CHEMBL5012785,O=C(CC1(CN2Cc3ccccc3C2=O)CCCCC1)Nc1nc[nH]n1
CHEMBL5012786,CN(C)CCCCN(C)S(=O)(=O)CC1CCCCC1
CHEMBL5012787,CC(C)C[C@@H]1NC(=O)CN(C(=O)c2cccc(C(F)(F)F)c2)CCNC(=O)[C@H](Cc2ccccc2)NC(=O)[C@H](C)N(C)C1=O
CHEMBL5012788,CON(C)C(=O)[C@@H](NS(=O)(=O)c1ccccc1F)C(C)C
CHEMBL5012789,COc1ccccc1CCNC(=O)N(Cc1ccccn1)C[C@@H]1CCC(=O)N1
CHEMBL5012790,Cc1ccc(CNC(=O)N2Cc3c(C)nn(-c4ccccc4)c3-n3cccc3[C@H]2c2ccc(F)cc2)cc1
CHEMBL5012791,CCC(CC)Nc1cccc(NC(=O)CO)c1
CHEMBL5012792,CCC(=O)NCCNC(=O)c1ccco1
CHEMBL5012793,Cc1ccccc1C[C@@]1(C2CCN(C(=O)C3(C)CCCCC3)CC2)NC(=O)N(CCCN(C)C)C1=O
CHEMBL5012794,Cc1ccc([C@H](C)N(C)C(=O)CCOC2CCOCC2)s1
CHEMBL5012795,CN(Cc1ccccc1)C(=O)c1cc(NC(=O)C2CCC2)ccc1N1CCCN(C(=O)C2CCCC2)CC1
CHEMBL5012796,NC(=O)Cc1ccc(OCc2noc(C(=O)NCc3cccnc3)n2)cc1
CHEMBL5012797,Cc1nc([C@H]2CCN(C(=O)Nc3c(C)noc3C(C)C)C2)n[nH]1
CHEMBL5012798,O=C(CCOC1CCOCC1)N(c1ccccc1)C1CCCCC1
CHEMBL5012799,CN1C(=O)c2cc(C(F)(F)F)ccc2O[C@H]2CN(Cc3ccncc3Cl)C[C@H]21
CHEMBL5012800,O=C(CCN1CCN(c2ccccc2)CC1)NC1CC1
CHEMBL5012801,COCCCN(C)CCNc1ncc(Cl)cc1F
CHEMBL5012802,CCC(CC)(CCC#N)CN1CCN(C)[C@@H](C)C1
CHEMBL5012803,NC(=O)CN1CCC(NC2CCCCCCC2)CC1
CHEMBL5012804,COc1ccccc1C(=O)Nc1ccc(-c2cc[nH]n2)cc1
CHEMBL5012805,O=C(c1ccc(COc2ccc3ccccc3c2)o1)N1CCN(c2ccccn2)CC1
CHEMBL5012806,OC(c1ccccc1)(c1ccccc1)[C@@H]1CCCCCN1
CHEMBL5012807,COCc1ccc(C(=O)Nc2cc(Cl)ccc2NC2CC2)o1
CHEMBL5012808,COCc1nc([C@@H]2CCCCCN2C(=O)Nc2cccc(C#N)c2)no1
CHEMBL5012809,O=C(NC1C2CC1N(C(=O)Cc1cccc3ccccc13)C2)c1sccc1F
CHEMBL5012810,CC(=O)NCC[C@H]1Cc2ccccc2C2(CCN(S(C)(=O)=O)CC2)O1
CHEMBL5012811,CCC(CC)C(=O)Nc1c(C)cccc1O
CHEMBL5012812,Cc1ccc(CN2CCc3oc(C)c(C(=O)NCCN4CCOCC4)c3C2)cc1
CHEMBL5012813,CCN(CC(=O)Nc1ccc(NC(C)=O)cc1)S(=O)(=O)N(C)Cc1c(F)cccc1Cl
CHEMBL5012814,COc1ccc(OCc2nn(CC(=O)Nc3ccccc3)c(=S)o2)cc1
CHEMBL5012815,O=c1ccc(N2CCN(S(=O)(=O)c3ccccc3F)CC2)nn1-c1ccc(Cl)cc1
CHEMBL5012816,O=S(=O)(NCCc1ccc(-c2ccsc2)s1)C1CC1
CHEMBL5012817,CC(C)N1CCC2(CC1)N=C(c1ccc3c(c1)OCO3)C[C@@H](c1cc(Cl)ccc1O)N2
CHEMBL5012818,C[C@@H](CNC(=O)Nc1ncc(C2CCCCC2)s1)c1nccs1
CHEMBL5012819,Cc1ccc(NC(=O)[C@@H]2Cc3ccccc3C(=O)O2)cc1OCC1CCOCC1
CHEMBL5012820,Cc1n[nH]c(C)c1CNc1cc(=O)n(C)c(=O)[nH]1
CHEMBL5012821,O=C(NCCc1ccc(=O)[nH]c1)C1CCC1c1ccc(F)cc1
CHEMBL5012822,CC(=O)N1CCC(c2ncnn2-c2ccc(C(F)(F)F)cc2)CC1
CHEMBL5012823,Cc1cccc(CS(=O)(=O)N2CC(n3ccnn3)C2)c1
CHEMBL5012824,O=S(=O)(c1cccs1)N1CCOC2(CCOCC2)C1
CHEMBL5012825,O=C(c1c[nH]c2ccccc12)[C@H]1CCCNC1
CHEMBL5012826,O=C1Nc2c(F)cccc2[C@@H]1CC(=O)N(Cc1ccncc1)C1CC1
CHEMBL5012827,COc1cccnc1C(=O)N1c2ccccc2CC[C@H]1C(=O)N1CCN(C)CC1
CHEMBL5012828,O=C(Cn1nc(C(=O)N2CCc3ccccc32)ccc1=O)NCc1ccco1
CHEMBL5012829,O=S(=O)(CC1CCCC1)NCC[C@H]1CCCOC1
CHEMBL5012830,O=C(CCn1cccn1)N1CC2OCCN(Cc3ccccc3)C2C1
CHEMBL5012831,Cc1nn(C)c(C)c1Nc1nc2c(s1)c(C)nn2C
CHEMBL5012832,O=C(c1cnn(Cc2ccccc2)c1)N1CC2CCCCC2C1
CHEMBL5012833,COCCOCC(=O)NCc1ccc(-c2scnc2C)cc1
CHEMBL5012834,CC(C)(CN)c1c(Cl)cccc1Cl
CHEMBL5012835,CN1CCC[C@H](C(=O)NCc2ccc(Cl)cc2Cl)C1
CHEMBL5012836,O=C(Nc1cccnc1C(F)(F)F)c1cc2n(n1)CCCO2
CHEMBL5012837,CCn1nccc1C(=O)N1CCCC[C@@]1(C)c1noc(C2CC2)n1
CHEMBL5012838,COCCNC(=O)NCC#CCN1CCc2ccccc2C1
CHEMBL5012839,COC[C@@H]1CCC[C@@H]1NC(=O)Cc1cccnc1
CHEMBL5012840,Cc1cccc(NC(=O)C(=O)NCCO)c1Cl
CHEMBL5012841,C[C@@H](c1nnnn1C)N1CCc2cncnc2C1
CHEMBL5012842,COc1cccc(CNc2nnc(CC3CCCC3)s2)n1
CHEMBL5012843,COc1ccc(OC)c(CCN2CC(=O)N(c3ccc(C(C)C)cc3)[C@@H]3CS(=O)(=O)C[C@@H]32)c1
CHEMBL5012844,O=C(N[C@H](c1ncccn1)C1CC1)c1ccc(OC(F)F)cc1F
CHEMBL5012845,c1ccc(Nc2ncc(Cc3cccc4ccccc34)s2)nc1
CHEMBL5012846,CN(C)Cc1cc(C[C@@H]2C[C@H](NC(=O)C3CCC3)C2(C)C)no1
CHEMBL5012847,CC(C)CCNC(=O)c1cc2n(n1)CCCN(Cc1ccc(Cl)cc1)C2=O
CHEMBL5012848,Cc1ccc(C(C)(C)CN(C)C(=O)c2nc(C)c(C)[nH]c2=O)cc1
CHEMBL5012849,Cc1cc(S(=O)(=O)[C@@H](CN2C(=O)c3ccccc3C2=O)c2cccnc2)ccc1F
CHEMBL5012850,CCOCCCN1C(=O)c2nc3ccccc3n2C[C@@]1(C)C(=O)NC1CCCC1
CHEMBL5012851,Cc1noc(CCN2C(=O)c3ccccc3C2=O)n1
CHEMBL5012852,CC1C(c2ccccc2)NC(c2ccccc2)CC1(O)Cc1ccccc1
CHEMBL5012853,Cc1ccc(/C(=N/c2sc(-c3ccccc3)nc2-c2ccccc2)N2CCN(c3ccccc3)CC2)cc1
CHEMBL5012854,Cc1cccnc1N1CCN(C(=O)c2ccc(-c3ccccc3)n2C)CC1
CHEMBL5012855,CCc1ccc(NC(=O)N2C[C@@H]3CN(S(=O)(=O)c4ccccc4)C[C@H](C2)O3)cc1
CHEMBL5012856,CCn1c(C)c(C)c2cc(C(=O)Nc3cccc(S(=O)(=O)N4CCOCC4)c3)ccc21
CHEMBL5012857,CCOC[C@H]1CCCN1C(=O)Cn1cccc(OC)c1=O
CHEMBL5012858,COc1ccc(C(=O)Nc2ccc(N3CCCN(Cc4cc(OC)cc(OC)c4)C3=O)cc2)cc1
CHEMBL5012859,c1cn([C@@H]2COC[C@@H]2NCc2ccc3cn[nH]c3c2)nn1
CHEMBL5012860,CCOc1ccccc1C(=O)Nc1cc(-c2ccsc2)no1
CHEMBL5012861,CC1C(c2ccccc2)CCN1c1cncc(C(N)=O)n1
CHEMBL5012862,CN1CCC(C(=O)N2CCCC2c2cccc(F)c2)CC1=O
CHEMBL5012863,Cc1nc(-c2ccc(NC(=O)[C@@H](F)C(F)(F)F)cc2)[nH]c1C
CHEMBL5012864,Cc1nc(CNC(=O)COc2ccccc2Cl)cs1
CHEMBL5012865,CCc1cc(NC(=O)c2cn(C(C)C)nn2)ccc1C
CHEMBL5012866,CCN(C(=O)C1CC1c1cnn(C)c1)c1ccccc1
CHEMBL5012867,COCCN1CC[C@H](CN(C)c2ccncn2)C1
CHEMBL5012868,CCC#CCN1CCC=C([C@H](CC(C)C)NC(C)=O)C1
CHEMBL5012869,CCOC(=O)N1CC[C@H](NCc2ccc(-c3ncon3)cc2)C1
CHEMBL5012870,CC(C)(C)c1ccc(C2(NS(=O)(=O)CC#N)CC2)cc1
CHEMBL5012871,O=C(CC[C@@H]1N=C(O)N(Cc2ccco2)C1=O)NCCc1ccc(Cl)cc1
CHEMBL5012872,CC(C)S(=O)(=O)CCCn1cc(C#N)cn1
CHEMBL5012873,COc1cccc(C(=O)O[C@@H](C)C(C)(C)C#N)n1
CHEMBL5012874,Cc1cc([C@]2(C)NC(=O)N(Cc3nc(C)c(C)s3)C2=O)c(C)o1
CHEMBL5012875,C#CCN1CCN(CC#C)[C@H](C(=O)N(C)C)C1
CHEMBL5012876,O=C(Nc1ccnn1C1CCN(Cc2ccccc2)CC1)[C@H]1CCOC1
CHEMBL5012877,CCc1ccc(S(=O)(=O)N2CC[C@H](n3cc(-c4ccccc4)nn3)C2)s1
CHEMBL5012878,O=C(C1CCC1)N(Cc1cccc(Cl)c1)C[C@H]1CC(c2ccccc2F)=NO1
CHEMBL5012879,Cc1noc(CCN[C@H]2CCCN(C(=O)OC(C)(C)C)C2)n1
CHEMBL5012880,Cc1ccc(CN(Cc2ccccc2)Cc2nc(C(=O)NCCc3ccccn3)co2)c(C)c1
CHEMBL5012881,CC(=O)N1CCC[C@@](NC2CCCCC2)(c2nnnn2CCC(C)C)C1
CHEMBL5012882,CCOC(=O)c1nc(COC(C)=O)cs1
CHEMBL5012883,Cc1cncc(CN2CCCC2CC(O)c2cnn(C)c2)c1
CHEMBL5012884,Cc1cc(CCC(=O)N(C)[C@@H]2COC[C@H]2O)c(C)s1
CHEMBL5012885,COc1cccc([C@@H](O)Cn2cnc3c(N4CCOCC4)ncnc32)c1
CHEMBL5012886,CC[C@@H](c1cccnc1)N(C)C(=O)c1ccc(-c2nc(C)c(C)cc2C#N)cc1
CHEMBL5012887,CNC(=O)C[C@H](C)Nc1ccc(C)cc1C
CHEMBL5012888,CC(=O)c1sc(-c2ccc(N3CCCC3)nc2)nc1C
CHEMBL5012889,CC1(C)CN(C(=O)CN2CC[C@H](Nc3ncccn3)C2)CCO1
CHEMBL5012890,Cc1ccc(N(C)CC(=O)N2CCC2)c(Br)c1
CHEMBL5012891,O=C(c1ccc(-c2noc(C3CCCC3)n2)cc1)N1CCN(c2ccccc2)CC1
CHEMBL5012892,O=C(CCOc1ccccc1)N(Cc1nccs1)C1CC1
CHEMBL5012893,CCOC(=O)N1CCN(C(=O)CCc2cc3cc(OC)ccc3nc2O)CC1
CHEMBL5012894,Cc1ccc(CNC(=O)N2CCC[C@H](CN3CCC(C)CC3)CC2)cc1
CHEMBL5012895,CC(C)Cn1ncnc1COC(=O)c1cccc2cc[nH]c12
CHEMBL5012896,O=C(Cc1cc(-c2ccccc2)on1)Nc1cccc(C(=O)O)c1
CHEMBL5012897,O=C1C[C@H](NC(=O)c2cccc3ccnn23)c2ccccc2N1
CHEMBL5012898,CCCNC(=O)CN1C[C@H](C(F)(F)F)[C@@H](S(=O)(=O)N(C)C)C1
CHEMBL5012899,COc1c2c(c(Br)c3c1[C@H](CC(=O)NCc1ccccc1)N(C)CC3)OCO2
CHEMBL5012900,O=C(c1ccco1)N(Cc1ccccc1Br)c1ccccc1Br
CHEMBL5012901,COc1ccc(C(=O)Nc2cccnc2-n2cccn2)cc1OC
CHEMBL5012902,CC(C)CC(NC(=O)C1CCCCC1C)C(=O)O
CHEMBL5012903,O=S(=O)(c1cccc(Cl)c1)N1CCC[C@@H]2C[C@@]21CO
CHEMBL5012904,CC(C)(C)c1ccc(-c2noc(CCC(=O)NC[C@H]3CCCO3)n2)cc1
CHEMBL5012905,COc1ccccc1-c1nc2c([nH]1)c(C)nn2[C@@H](C)C1CC1
CHEMBL5012906,Cc1ccc(OCCC(=O)N2CC[C@@H](N)C2)c(Br)c1
CHEMBL5012907,Cc1cc(C(=O)NC2CCS(=O)(=O)CC2)nc(C)n1
CHEMBL5012908,NC(=O)c1cc(OC2CCN(CC(F)(F)F)CC2)ccn1
CHEMBL5012909,N[C@H](c1ccc(F)c(Cl)c1)C(F)(F)F
CHEMBL5012910,Cc1ncsc1-c1nc(CS(=O)(=O)C[C@H]2CCCO2)no1
CHEMBL5012911,Cn1c(C(C)(C)C)nc2cc(NCc3ncc[nH]3)ccc21
CHEMBL5012912,O=C1CN(c2ccnc(C(=O)N3CC[C@@H]4CCC[C@@H]43)c2)CCN1
CHEMBL5012913,CS(=O)(=O)N1CCO[C@@H](CNC(=O)Nc2cccc(-c3ccco3)c2)C1
CHEMBL5012914,C[C@H](NC(=O)NCCc1c[nH]c2ccc(F)cc12)C1=CCN(C)CC1
CHEMBL5012915,O=C(c1ccc2c(c1)CN(C(=O)c1ccsc1)CCO2)N1CCOCC1
CHEMBL5012916,COc1ccc(C(=O)N(C(=O)c2ccc(OC)c(OC)c2)c2nc(-c3ccccc3O)cs2)cc1OC
CHEMBL5012917,COc1ccc(-c2nc(CC(C)C)n[nH]2)c(OC)n1
CHEMBL5012918,COc1cccc(CNC(=O)CCC(=O)c2ccc3c(c2)OCCO3)c1
CHEMBL5012919,CC(C)c1cc(C(=O)N2CCC[C@@H]2CO)cc(O)n1
CHEMBL5012920,CC(=O)Nc1ccc2[nH]c(C)c([C@H](Nc3ccccn3)c3ccccn3)c2c1
CHEMBL5012921,C[C@H]1CCN(c2nnnn2Cc2ccnn2C)CC12CCC2
CHEMBL5012922,CC(C)N(C(=O)NC(=O)Nc1ncccn1)S(C)(=O)=O
CHEMBL5012923,CC1(C)CN(C(=O)c2ncn(C(C)(C)C)n2)[C@H]1C1CC1
CHEMBL5012924,CC(C)(C)c1cnc(CN[C@@H]2CCCC[C@H]2S(C)(=O)=O)s1
CHEMBL5012925,CNC(=O)Nc1cccc(NC(=O)c2cncc(-c3cnn(C)c3)c2)c1
CHEMBL5012926,O=C(c1ccc(-n2c(-c3ccccc3)cc3c2CCCCC3)cc1)N1CCCCCC1
CHEMBL5012927,C#CCNC(=O)CC(=O)Nc1ccc(Cl)c(OC(F)F)c1
CHEMBL5012928,Cc1c(C(=O)N2CCN(c3ccccc3F)CC2)cccc1-n1nnc2cccnc21
CHEMBL5012929,COc1ccc(CNC(=O)c2c(O)n3c4c(cccc4c2=O)CCC3)cc1OC
CHEMBL5012930,COc1ccc(CNC(=O)N2CC[C@H](CS(C)(=O)=O)C2)cc1Cl
CHEMBL5012931,Cc1ccc(N2CCN(CC(=O)N3CCN(c4ccccc4O)CC3)C2=O)cc1
CHEMBL5012932,CCCCn1nccc1NC(=O)N[C@H](c1cc(C)ccn1)C1CC1
CHEMBL5012933,Cc1ccc(Cl)cc1-n1ncc2c(=O)n(Cc3nc(-c4ccccc4)no3)cnc21
CHEMBL5012934,Cc1nc(-c2ccc(C)c(NC(=O)c3ccc(F)c(C)c3)c2)n[nH]1
CHEMBL5012935,CC(C)c1ccc(CC2(CN3C[C@H]4C[C@H](C3)c3cccc(=O)n3C4)C(=O)NC(=O)N(c3ccccc3)C2=O)cc1
CHEMBL5012936,Cc1cscc1NC(=O)N1CCn2nc(C(F)(F)F)cc2C1
CHEMBL5012937,C[C@H](NCc1ccccc1)C1CCCc2ccccc21
CHEMBL5012938,O=C(c1ccc(Cl)s1)N1CC[C@H](Cc2nnc(C3CCOCC3)o2)C1
CHEMBL5012939,CCN(C)C1=Nc2ccccc2Oc2ccc(NC(=O)CC3CCCC3)cc21
CHEMBL5012940,COc1cc(CN2CC[C@H](N3CCN(C)CC3)C2)ccc1OCC=C(C)C
CHEMBL5012941,COCCO[C@H]1COCCN(C(=O)c2ccccc2)C1
CHEMBL5012942,Fc1ccccc1CN(Cc1cnc2ccccn12)C1CCOCC1
CHEMBL5012943,CC(O)CC(C)(C)CNC(=O)NC1CC1c1ccc(F)cc1F
CHEMBL5012944,Cc1ccc(NC(=O)Cn2cc(S(=O)(=O)N3CCOCC3)ccc2=O)cc1
CHEMBL5012945,CCc1ncc(CN2CCC3(CC2)C[C@@H](c2ccccc2)C(=O)N(C)C3)cn1
CHEMBL5012946,Cc1cccn2cc(CN3CCN(C(=O)c4ccc(-c5ccccc5)cc4)CCC3=O)nc12
CHEMBL5012947,COc1ccccc1NC(=O)c1cccc(C(=O)Nc2ccccc2OC)n1
CHEMBL5012948,COc1ccc(-n2cnnc2C(c2ccccc2)c2ccccc2)cc1
CHEMBL5012949,NC(=O)[C@H](Cc1ccccc1)n1cnc2ncccc2c1=O
CHEMBL5012950,CN(C[C@H]1CC(=O)N(C2CCCC2)C1)C(=O)c1ccc(-c2cncnc2)cc1
CHEMBL5012951,O=c1[nH]c2ccccc2c(-c2ccccc2)c1Oc1cccc(F)c1
CHEMBL5012952,C[N+]12CCCCC1C(OC(=O)C1(c3ccccc3)CCCC1)CCC2
CHEMBL5012953,Nc1c(Br)cncc1C(=O)O
CHEMBL5012954,Cc1nc2cncc(N3CCN(C[C@H]4COCCO4)CC3)n2n1
CHEMBL5012955,O=C(Nc1ccc(Cn2ccnc2)cc1)N1CCC[C@H](c2cc(F)ccc2F)C1
CHEMBL5012956,CC(C)Cc1cc(CN2CCN(CC3CC3)[C@@H]3CS(=O)(=O)C[C@@H]32)n[nH]1
CHEMBL5012957,CC(=O)NC[C@H]1CCCN1c1ccccc1
CHEMBL5012958,O=C(Nc1ccccc1)N1CCC[C@@H]1Cc1noc(-c2ccccc2)n1
CHEMBL5012959,CN1CC=C(c2ccccc2)[C@@H](CO)C1
CHEMBL5012960,CCN(CC(=O)Nc1ccc(NC(C)=O)cc1)C(=O)c1ccoc1
CHEMBL5012961,CC1=C(C(=O)Nc2ccccc2C)C2(CCCC2)[C@@H](C(N)=O)C(=O)N1
CHEMBL5012962,CC(C)(C)CC(=O)N1CCC[C@H]1C(=O)N[C@H]1CC[C@H](NC(=O)c2ccccc2)CC1
CHEMBL5012963,c1ccc(Oc2ccc(-n3nnnc3N3CCC[C@H](c4ncc[nH]4)C3)cc2)cc1
CHEMBL5012964,COc1cccc(-c2cnc(C(F)(F)F)nc2C2CCN(C(=O)CCn3ccc(C)n3)CC2)c1
CHEMBL5012965,CN(C)C(=O)Cn1cc(-c2nc(-c3ccco3)no2)nn1
CHEMBL5012966,c1cnc(-c2noc(C3CCCCCC3)n2)cn1
CHEMBL5012967,O=C(NCc1nc(-c2ccncc2)no1)NC1CCCCC1
CHEMBL5012968,CCC[C@H]1CN(C(C)=O)C[C@@H]1NC(=O)c1c(C)cccc1OC
CHEMBL5012969,CO[C@H]1[C@@H]2CC[C@H]1CN(Cc1cc(C#CCO)cs1)C2
CHEMBL5012970,CN(C)C[C@@]12CN(Cc3ccccc3)C[C@@H]1CN(C(=O)c1ccco1)C2
CHEMBL5012971,CCC(c1cccs1)N1C(=O)[C@H]2CN(S(=O)(=O)c3cccc(Cl)c3)C[C@H]2C1=O
CHEMBL5012972,O=C1[C@H](c2ccccc2)CC2(CCN(Cc3ncc[nH]3)CC2)CN1C1CC1
CHEMBL5012973,Cc1noc(C)c1CCC(=O)NCc1cc2n(n1)CCN(C1CCCCC1)C2
CHEMBL5012974,COc1cc2c(cc1[C@H]1CC(=O)Nc3c1c(C1CC1)nn3C)OCCCO2
CHEMBL5012975,CCC(NC1CCCN(C(=O)OC(C)(C)C)CC1)c1ccncc1
CHEMBL5012976,O=C(c1nc2ccccc2[nH]c1=O)N1CCC(c2nccn2CC2CC2)CC1
CHEMBL5012977,CN(CCCc1nccn1C)c1cc(N2CCCC2)nc(N)n1
CHEMBL5012978,CCn1cc(CN(CC(C)C)C(=O)CCc2ccc(=O)[nH]n2)cn1
CHEMBL5012979,O=C(Cc1cccs1)N1CCN(C(=O)c2ccccc2)CC1
CHEMBL5012980,Cc1[nH]c(=O)[nH]c(=O)c1Cc1ncnn1Cc1ccc2c(c1)OCO2
CHEMBL5012981,CCOc1cc2c(cc1CNCCCc1csc(N)n1)CCC2
CHEMBL5012982,Cc1ccc(NC(=O)N[C@@H]2CCCC[C@H]2NC(=O)OC(C)(C)C)c(C)c1
CHEMBL5012983,Cc1ccc(C(=O)N2CCC(c3n[nH]c(=O)o3)CC2)nn1
CHEMBL5012984,CC[C@@H]1CN(c2nc3ccccc3s2)CC[C@]1(C)O
CHEMBL5012985,O=S(=O)(NCc1nc2cccnc2n1C1CCCC1)c1ccc(Cl)cc1
CHEMBL5012986,O[C@@]1(Cc2ccccc2)CN2CCC1CC2
CHEMBL5012987,Cc1cccc(C)c1OCC(=O)c1ccc2c(c1)N([C@@H](C)C(=O)N1CCOCC1)C(=O)CO2
CHEMBL5012988,c1ncc(CNCc2ccc3c(n2)CCCC3)s1
CHEMBL5012989,COc1ccc(NC(=O)N2CC(n3nc(C)nc3C)C2)cc1
CHEMBL5012990,Cn1cc(NS(=O)(=O)N2CCCCCC2)c(C(N)=O)n1
CHEMBL5012991,CC(=O)N1CCc2cc(S(=O)(=O)Oc3ccccc3C#N)ccc21
CHEMBL5012992,CCOC(=O)[C@H](C)N1CCCN(C(=O)CC)CC1
CHEMBL5012993,OCCCNc1ccc(Cl)cc1OC(F)F
CHEMBL5012994,c1ccc2c(c1)OC[C@H](CN1CCc3[nH]ncc3C1)O2
CHEMBL5012995,C[C@H](NC(=O)N1CCCC12CCN(C)CC2)c1cccc(O)c1
CHEMBL5012996,CCn1nc(C2CC2)cc1C(=O)Nc1ccsc1C(N)=O
CHEMBL5012997,O=C1CN(c2ccc(NC(=O)c3cnc4ccccc4n3)cn2)CCN1
CHEMBL5012998,CN(C)[C@H]1[C@H](NC(=O)CCc2cccnc2)[C@@H]2CCO[C@@H]21
CHEMBL5012999,CN(Cc1cn(CC(N)=O)nn1)C[C@]1(O)CCc2ccccc21
CHEMBL5013000,CCN(CCC(=O)NCC(C)C)C(=O)c1cc(C)oc1C
CHEMBL5013001,O=C(C[C@H]1C(=O)NCCN1Cc1cccc2ccccc12)NCC1CC1
CHEMBL5013002,COc1cc(-c2c(-c3ccccc3)ncn2[C@@H](C)c2cnn(C)c2)ccc1F
CHEMBL5013003,Cc1cc2ncc(NS(=O)(=O)c3ccc4c(c3)CCCC4)cn2n1
CHEMBL5013004,CN(C)C(=O)C1CCN([C@H]2CCc3ccccc3NC2=O)CC1
CHEMBL5013005,COCc1nc(-c2ccc(C)cc2)nc(-c2ccc(C)cc2)n1
CHEMBL5013006,CC(=O)NCc1nccc(N2CCCCC2)n1
CHEMBL5013007,Cc1noc(C)c1CN1CCCN(C(=O)Cc2ccccc2)CC1
CHEMBL5013008,CCc1ccc(CNC(=O)c2cc(COc3ccc4sc(C)nc4c3)on2)nc1
CHEMBL5013009,COC1CCN(C(=O)c2ccc3c(c2)n(CC2CC2)c(=O)n3C2CCCCC2)CC1
CHEMBL5013010,CC(C)CC1NC2(C(=O)N(Cc3ccc(F)cc3)c3ccccc32)C2C(=O)N(Cc3ccccc3)C(=O)C12
CHEMBL5013011,CCCN(CC(=O)N(Cc1ccccc1)Cc1cccs1)C(=O)CC(C)C
CHEMBL5013012,C[C@H](NCC1CCC1)C(=O)Nc1ccccc1
CHEMBL5013013,CCn1cc(CNCc2cnn(C)n2)c(C)n1
CHEMBL5013014,Cc1cc(C)nc(O[C@H]2CCCN(C(=O)c3ccccc3C)C2)n1
CHEMBL5013015,CC(C)(C)CCS(=O)(=O)NC(=O)Cc1ccccc1CC#N
CHEMBL5013016,CC[C@@H](CNC(=O)c1cc2cccc(Cl)c2n1C)N1CCOCC1
CHEMBL5013017,COc1cc([C@H]2NCCC3(OCCO3)C2(C)C)cc(OC)c1OC
CHEMBL5013018,CCC(C)(C)NCc1ccc(OC)c(OC)c1
CHEMBL5013019,Cc1nc(N2CCCC2)nc(C)c1NC(=O)c1cccs1
CHEMBL5013020,Cc1cc(C(=O)N2C[C@H]3CC[C@@H](C2)N(C)C3)c(C)n1C
CHEMBL5013021,COc1ccccc1CC(=O)NCCn1cccc1-c1nc(-c2ccccc2)no1
CHEMBL5013022,Cn1cnnc1[C@@H]1CCCN1C(=O)Nc1ccc(F)c(C2CC2)c1
CHEMBL5013023,COc1ccc(OC)c(CCCNC(=O)N2CCC(C)(C#N)CC2)c1
CHEMBL5013024,Cc1ccc(Oc2cnn(-c3ccc(F)cc3)c(=O)c2Nc2cccc(C(=O)N(C)Cc3ccccc3)c2)cc1
CHEMBL5013025,Cc1ccc2ncc(CN3CCC(CC(=O)N4CCCC4)CC3)n2c1
CHEMBL5013026,O=C1NCCN(Cc2ccn(CC(F)(F)F)n2)c2ccccc21
CHEMBL5013027,Cc1ccc(NC(=O)N2CC[C@H](Cc3nccs3)C2)c(N(C)C)n1
CHEMBL5013028,CCc1nn(C)cc1CNC(=O)NCC1CC12CCc1ccccc12
CHEMBL5013029,CCn1nc(CO)c2c1CCN(Cc1ccc(OC)cc1F)C2
CHEMBL5013030,O=C1CN(C(=O)CN(CC2CCCCC2)C2CC2)CCN1
CHEMBL5425785,CN1CCN(C(=O)c2c(NC(=O)c3ccccc3F)sc3c2CCC(C(C)(C)C)C3)CC1
CHEMBL5425786,COc1cccc(/C=C/c2nc3ccc(N4CCOCC4)cc3c(=O)n2-c2cccc(C)c2)n1
CHEMBL5425787,COc1ccc(C2=C(c3cn(CCCn4ccnc4)c4ccc(Br)cc34)C(=O)NC2=O)cc1
CHEMBL5425788,Fc1cc2c(cc1F)-c1ccc(OC(F)(F)F)cc1[I+]2
CHEMBL5425789,CN[C@@H](C)C(=O)N[C@H](C(=O)N1C[C@@H](Oc2cccc(OCCCCC(=O)N[C@H](C(=O)N3C[C@H](O)C[C@H]3C(=O)NCc3ccc(-c4scnc4C)cc3)C(C)(C)C)c2)C[C@H]1C(=O)N[C@@H]1CCCc2ccccc21)C1CCCCC1
CHEMBL5425790,Cc1cc(Nc2nc(NCc3ccc(F)c(NC(C)CO)c3)nc3c2cnn3C2CCOCC2)n[nH]1
CHEMBL5425791,COc1cc(NC(=O)CSc2nc3ccccc3[nH]2)cc(OC)c1OC
CHEMBL5425792,Cn1cc2cc(/C=C3\N=C(NC4CCCCCC4)NC3=O)ccc2n1
CHEMBL5425793,O=C1CCC(N2Cc3ccccc3C2)C(=O)N1
CHEMBL5425794,O=C(Nc1cccc2ncn(Cc3cccc(F)c3)c(=O)c12)c1cc(Cl)c(O)c(Cl)c1
CHEMBL5425795,Cc1cc(C#N)cc(C)c1Oc1nc(Nc2ccc(C#N)cc2)ncc1C#CC(=O)NCCN1CCN(S(C)(=O)=O)CC1
CHEMBL5425796,Nc1nc(Cl)nc2c1ncn2C/C=C/c1ccccc1
CHEMBL5425797,Cn1cnc(CNc2ccc3nc(CNC(=O)c4cccc5[nH]ncc45)cn3c2)c1
CHEMBL5425798,CC(C)(O)c1cnc(OCc2cn(-c3ccc(F)c(OC(F)F)c3)nn2)nc1
CHEMBL5425799,CC(=O)O[C@@H]1Cc2c(cc3c(c2O)OC(C)(C)CC3=O)OC1(C)C
CHEMBL5425800,Nc1ccc(-c2ccsc2)cc1NC(=O)c1cn(CCc2cccc([N+](=O)[O-])c2)nn1
CHEMBL5425801,O=C1/C(=C/c2ccccc2O)CCc2ccccc21
CHEMBL5425802,NCCNC(=O)c1nc(Nc2n[nH]c3ccccc23)c2cc(Cl)ccc2n1
CHEMBL5425803,COC(=O)c1ccc(N2CCC(Cn3c(C(F)(F)F)nc4ccccc43)CC2)cc1Cl
CHEMBL5425804,CC(=O)N1CCC[C@H]1C(=O)N[C@@H](CCCNC(=N)N)C(=O)N[C@@H](CO)C(=O)N[C@@H](Cc1ccccc1)C(=O)N[C@@H](CC(C)C)C(=O)N[C@H](C(=O)N[C@@H](CCCNC(=N)N)C(=O)N[C@@H](CCCCN)C(=O)N1CCC[C@H]1C(=O)N[C@@H](CO)C(=O)N[C@@H](CC(=O)O)C(=O)N1CCC[C@H]1C(=O)N[C@@H](CC(N)=O)C(=O)N[C@@H](CCCNC(=N)N)C(=O)N[C@@H](CCCCN)C(=O)N1CCC[C@H]1C(=O)N[C@@H](CC(N)=O)C(=O)N[C@@H](Cc1ccc(O)cc1)C(=O)N[C@@H](CO)C(=O)N[C@@H](CCC(=O)O)C(=O)N[C@@H](CCCNC(=N)N)C(=O)N[C@@H](CCCNC(=N)N)C(=O)N[C@@H](CCCNC(=N)N)C(=O)N[C@@H](CCCNC(=N)N)C(N)=O)C(C)C
CHEMBL5425805,CCc1ccc(CNC(=O)C2CCCN(c3ncnc4nn(-c5ccc(C)cc5)cc34)C2)cc1
CHEMBL5425806,O=c1[nH]cnc2c1ncn2[C@@H]1O[C@H](CO)[C@H](OCP(=O)(O)O)[C@H]1O
CHEMBL5425807,Cc1cc(C#N)cc(C)c1Oc1nc(Nc2ccc(-c3cn(Cc4ccc(C(N)=O)cc4)nn3)cc2)nc2ccsc12
CHEMBL5425808,O=C(Nc1ccccc1)Nc1ccc(C(=O)N[C@@H](Cc2ccccc2)C(=O)NO)cc1
CHEMBL5425809,c1ccc2c(c1)c1cc(-c3cc(-c4ccc5c(c4)c4ccccc4n5CCN4CCCCC4)cc(-c4ccc5c(c4)c4ccccc4n5CCN4CCCCC4)c3)ccc1n2CCN1CCCCC1
CHEMBL5425810,CCCCN(CC(=O)Nc1ccccc1C)Cc1ccc2ccccc2c1
CHEMBL5425811,Cl.O=C(N[C@H]1CNCC[C@@H]1c1ccc(F)c(F)c1)c1cc2c(s1)OCCn1ncc(Br)c1-2
CHEMBL5425812,O=Cc1cc(OCc2cn(CCCNc3ccnc4cc(Cl)ccc34)nn2)ccc1Br
CHEMBL5425813,O=C(Nc1ccccc1)c1ccc(CNc2n[nH]c3ccccc23)cc1
CHEMBL5425814,NC(=O)c1ccccc1NCc1cccc(NC(=O)Cc2ccc(Cl)cc2)c1
CHEMBL5425815,CNc1cccc(C(=O)Nc2nc(Cc3ccc(OC)cc3)c(Cc3ccc(OC)c(OC)c3)n2C)c1
CHEMBL5425816,Cc1ccc(NC(=O)c2cc(Cl)c(O)c(Cl)c2)c2c(=O)n(Cc3ccccc3C(F)(F)F)c(C)nc12
CHEMBL5425817,CC(=O)O[C@H]1[C@@H]2C(=O)c3c(C)cc(O)c4c3[C@@]1(COC4=O)C1=C2c2c(C)cc(O)c3c(=O)n(-c4cccc(Cl)c4)cc(c23)C1=O
CHEMBL5425818,CC(CN1CCN(Cc2ccccc2)CC1)Nc1ccnc2cc(Cl)ccc12
CHEMBL5425819,CS(=O)(=O)c1ccc(O[C@H]2CC[C@H](Nc3c(Nc4cccc(C(F)(F)F)c4)c(=O)c3=O)CC2)cc1
CHEMBL5425820,Cc1c(C#N)cccc1-c1cc(-c2ccc(=O)n(Cc3ccccc3)c2)nc(N)n1
CHEMBL5425821,CCN(CC)CCNC(=O)c1ccc(CCc2nnc(NC(=O)Cc3ccccc3)s2)cc1
CHEMBL5425822,C[C@H]1CCCN1Cc1nc2cc(NC(=O)c3ccc4c(c3)[nH]c3ccccc34)ccc2[nH]1
CHEMBL5425823,CCOc1ncc2cc(-c3ccc4nc5n(c4c3)CCN(C)C5)c(=O)n(-c3ccc(Cl)cc3)c2n1
CHEMBL5425824,C=CCc1cc(OC)c(O)c(Oc2ccc(CN3CCCC3)cc2OC)c1
CHEMBL5425825,O=C(O)c1ccc2c(I)cc(I)c(NS(=O)(=O)c3ccccc3)c2n1
CHEMBL5425826,CCOC(=O)C1=C(CN2CCN(C(C(=O)O)c3ccccc3C#N)CC2)NC(c2nccs2)=NC1c1ccc(F)cc1Br
CHEMBL5425827,CN1CCC[C@@H](NC(=O)[C@H]2O[C@@H](n3cc(-c4ccn(C)n4)c4c(N)ncnc43)[C@H](O)[C@@H]2O)C1
CHEMBL5425828,COc1ccc(Cl)c(C(=O)NCC23CC4CC(CC(F)(C4)C2)C3)c1
CHEMBL5425829,O=C(Nc1ccc(S(=O)(=O)Nc2ccccc2)cc1)c1cc(F)c(Br)cc1F
CHEMBL5425830,CC(C)Oc1ccc(Nc2nc(NCC3(N)CC3)nc3c2cnn3C)cc1
CHEMBL5425831,CC1(C)/C(=N\NC(=O)c2ccc(Cl)cc2)[C@]2(C)CC[C@H]1C2
CHEMBL5425832,O=C(O)C1CCc2ccc(-c3cccc(Cl)c3-c3ccc4c(c3)CCO4)cc21
CHEMBL5425833,CCC(=O)N1CCCN(C(=O)C2CCCN(Cc3ccc(NC(=O)N[C@@]45C[C@@H]6C[C@@](C)(C[C@@](C)(C6)C4)C5)c(F)c3)C2)CC1
CHEMBL5425834,COc1ccc(Sc2c(C3CC3)c(=O)[nH]c(=O)n2COCc2ccccc2)c(OC)c1
CHEMBL5425835,O=C(O)c1ncn(Cc2ccccc2)n1
CHEMBL5425836,COc1ccc(-c2n[nH]c3nc(Nc4ccc(N5CCC(N(C)C)CC5)cc4OC)nc(OC4CCCC4)c23)cc1
CHEMBL5425837,CC[C@H](C)[C@@H]1NC(=O)[C@H](CCCCN)NC(=O)[C@H](Cc2ccc(I)cc2)NC(=O)CNC(=O)[C@H](Cc2ccc(O)cc2)NC(=O)[C@H](CC(C)C)NC(=O)[C@H](CCCNC(=N)N)NC(=O)[C@@H](NC(=O)CNC(=O)CCCCCNC(=O)[C@H](CCCCN)NC(=O)[C@H](CCC(=O)O)NC(=O)[C@H](CCCCN)NC(=O)[C@@H](NC(=O)[C@H](CCCCN)NC(=O)[C@H](CC(N)=O)NC(=O)[C@H](CCCNC(=N)N)NC(=O)[C@H](Cc2ccccc2)NC(=O)[C@H](CCCCN)NC(=O)[C@H](CCCNC(=N)N)NC(=O)[C@H](CC(C)C)NC(=O)[C@H](CCCNC(=N)N)NC(=O)[C@H](CCCCN)NC(=O)[C@H](CCCNC(=N)N)NC(=O)[C@H](CC(C)C)NC(=O)CN)[C@@H](C)CC)CSSC[C@@H](C(=O)NCC(=O)O)NC(=O)CNC(=O)[C@H](Cc2cnc[nH]2)NC1=O
CHEMBL5425838,Cl.N#Cc1c[nH]c2c(C(=O)N[C@H]3CC[C@@]4(O)[C@H]5Cc6ccc(O)c7c6[C@@]4(CCN5CC4CC4)[C@H]3O7)cccc12
CHEMBL5425839,COC(=O)/C=C/c1cc(Br)cc(C(=O)NCc2ccc(C)cc2)c1
CHEMBL5425840,O=C(/C=C/c1ccc(F)nc1F)NCCCCC1CCN(C(=O)c2ccccc2)CC1
CHEMBL5425841,O=C(C1CCN(c2nnc(-c3ccccc3)o2)CC1)N1CCC(C(F)(F)F)CC1
CHEMBL5425842,CCc1ncoc1C(=O)/N=c1\sc2cc(C(N)=O)cc(OC)c2n1C/C=C/Cn1c(NC(=O)c2ocnc2CC)nc2cc(C(N)=O)cc(OCCCO)c21
CHEMBL5425843,COc1ccc(N(C(=O)CCl)c2ccc3c(c2)CCCC3)cc1Cl
CHEMBL5425845,Nc1ccc(-c2cccs2)cc1NC(=O)c1ccc(-c2cn(CCCCCCC(=O)O)nn2)cc1
CHEMBL5425846,COc1cc(C(=O)O)cc2sc(N3CCN(Cc4c(-c5c(Cl)cccc5Cl)noc4C4CC4)C[C@H]3C)nc12
CHEMBL5425847,CC(C)(C)OC(=O)N1CCN(c2nc(SCc3cccc(F)c3F)nc3[nH]nnc23)CC1
CHEMBL5425848,Nc1ccc(-c2cccnc2)cc1NC(=O)CCc1cn(-c2ccccc2-c2ccccc2)nn1
CHEMBL5425849,CC(C)(C)c1cnc(CSc2cnc(CC(=O)C3CCNCC3)s2)o1
CHEMBL5425850,Cn1ncc2c(NC3CCOCC3)nc(NC[C@H](N)c3ccccc3)nc21
CHEMBL5425851,O=C(O)c1ccc2c(I)cc(I)c(O)c2n1
CHEMBL5425852,Cc1ccc(/N=N\c2ccc(C(=O)N3Cc4cccn4Cc4ccccc43)c(Cl)c2)cc1
CHEMBL5425853,O=C(Cc1cccc(-c2nnn[nH]2)c1)Nc1nnc(N[C@@H]2CCN(c3cccnn3)C2)s1
CHEMBL5425854,CCc1ccc(C(CCCc2c[nH]cn2)c2ccccc2)cc1
CHEMBL5425855,O=S(=O)(NCc1ccc(S(=O)(=O)c2cccc(O)c2)cc1)c1ccc(O)c(O)c1
CHEMBL5425856,CCn1c(SCCCCCC(=O)NO)nc2c([nH]c3ccccc32)c1=O
CHEMBL5425857,COc1cc(N2CCN(CCCCC(=O)N[C@H](C(=O)N3C[C@H](O)C[C@H]3C(=O)N[C@@H](C)c3ccc(-c4scnc4C)cc3)C(C)(C)C)CC2)ccc1Nc1ncc2c(n1)N(C)c1ccccc1C(=O)N2C
CHEMBL5425858,NC(=O)c1cc(-c2ccc(F)cc2)c2ccc(Cc3ccncc3)cc2n1
CHEMBL5425859,C[C@@H]1Cc2c([nH]c3ccccc23)[C@@H](c2ccc(OCCNCCCF)cc2)N1CC1(F)COC1
CHEMBL5425860,C[C@H]1CCCN1Cc1nc2cc(NC(=O)c3cccc4c3c3ccccc3c(=O)n4C)ccc2[nH]1
CHEMBL5425861,O=C1CCC(N2Cc3cc(C4CCN(Cc5cccnn5)CC4)ccc3C2=O)C(=O)N1
CHEMBL5425862,C=C(C)C(=O)N1CCN(CC(=O)N2CCN(CCOc3ccc(C(O)c4cc5ccc(N(CC)CC)cc5o4)cc3)CC2)CC1
CHEMBL5425863,NC(CO)Cc1ccc(OCC2CCCCC2)cc1
CHEMBL5425864,CN(Cc1ccc(OCCCOc2ccc(CC(=O)OCc3ccc(CO[N+](=O)[O-])cc3)cc2)cc1)CC(O)(Cn1cncn1)c1ccc(F)cc1F
CHEMBL5425865,Cc1c(COc2cc(OCc3ccnc(C#N)c3)c(CN[C@H](CO)C(=O)O)cc2Cl)cccc1-c1ccc2c(c1)OCCO2
CHEMBL5425866,C[C@@H](CC[C@@]1(O)O[C@H]2C[C@H]3[C@@H]4CC[C@@H]5C[C@@H](O[C@@H]6O[C@H](CO)[C@H](O[C@@H]7O[C@H](CO)[C@@H](O)[C@H](O[C@@H]8OC[C@@H](O)[C@H](O)[C@H]8O)[C@H]7O[C@@H]7O[C@H](CO)[C@H](O)[C@H](O)[C@H]7O)[C@H](O)[C@H]6O)[C@H](O)C[C@]5(C)[C@H]4CC[C@]3(C)[C@H]2[C@@H]1C)CO[C@@H]1O[C@H](CO)[C@@H](O)[C@H](O)[C@H]1O
CHEMBL5425867,Cn1ccc(-c2cn([C@@H]3O[C@H](C(=O)NCCc4ccc(C(F)(F)F)cc4)[C@@H](O)[C@H]3O)c3ncnc(N)c23)n1
CHEMBL5425868,COc1ccc(-c2nnc(SCc3cc(F)cc([N+](=O)[O-])c3)o2)cc1
CHEMBL5425869,O=C(c1ccco1)N1CCN(CCNc2ccnc3cc(Cl)ccc23)CC1
CHEMBL5425870,Cc1cccc(C)c1NC(=O)c1cnc(Nc2ccc(N3CCN(C)CC3)cc2)nc1NC1CCC1
CHEMBL5425871,CN([C@@H](Cc1ccc(C(=N)N)cc1)C(=O)N[C@@H](CCCCN)C(=O)N[C@@H](C(N)=O)c1ccc(O)cc1)S(=O)(=O)c1ccccc1
CHEMBL5425872,COc1ccc(-n2cc(CCC(=O)Nc3cc(-c4ccc(F)cc4)ccc3N)nn2)cc1
CHEMBL5425873,CC[C@H](C)[C@@H]1NC(=O)[C@@H](CCC(N)=O)NC(=O)[C@H](CC(C)C)NC(=O)[C@H](CC(C)C)NC(=O)[C@@H](CCC(N)=O)NC(=O)[C@@H](CC(C)C)NC(=O)[C@@H](C(C)C)NC(=O)[C@H](NC(=O)[C@H](CCC(N)=O)NC(=O)[C@@H](CC(C)C)NC(=O)[C@H](NC(=O)[C@@H](CCC(N)=O)NC(=O)[C@@H](CCC(=O)O)NC(=O)[C@H](CC(C)C)NC(=O)CCC2CCCCC2)C(C)C)COC1=O
CHEMBL5425874,COc1cc2nc(/C(C#N)=C/c3cc(C)n(-c4oc(C)c(C)c4C#N)c3C)[nH]c2cc1OC
CHEMBL5425875,NC(=O)[C@@H](Cc1csc2ccccc12)NC(=O)c1ccc(N2CCOCC2)cc1
CHEMBL5425876,CC(=O)Oc1cc(C)cc(C)c1C(C)(C)CC(=O)Oc1ncc(F)c(N)n1
CHEMBL5425877,O=c1[nH]cnc2c(Cl)cc(N3CCc4ccccc4CC3)cc12
CHEMBL5425878,COc1nc(OCc2cccc(-c3ccccc3)c2C)ccc1CNCCO[C@@H]1O[C@H](CO)[C@@H](O)[C@H](O)[C@H]1NC(C)=O
CHEMBL5425879,CCOC(=O)c1nc(NCc2ccc(OC(C)C)cc2)c2c(C)noc2n1
CHEMBL5425880,CC(C)CCn1c[n+](C)c2c1C(=O)c1cc3ccccc3cc1C2=O.[I-]
CHEMBL5425881,CCCCCCCCc1nc2ccccc2c(=O)[nH]1
CHEMBL5425882,Cl.NC[C@H]1O[C@H](O[C@H]2[C@H](OCc3ccccc3)[C@@H](O[C@H]3O[C@H](COCc4ccccc4)[C@@H](OCc4ccccc4)[C@H](N)[C@H]3OCc3ccccc3)[C@H](N)C[C@@H]2N)[C@H](N)C[C@@H]1OCc1ccccc1
CHEMBL5425883,COCCOCCOCCOc1ccc(-c2cc3c(N(C)Cc4cccc(C)c4)ncnc3[nH]2)cc1
CHEMBL5425884,CS(=O)(=O)c1ccc(NC(=O)c2nc(-n3ccnc3)c3cc(Cl)ccc3n2)cc1
CHEMBL5425885,CO[C@H]1CCN([C@H]2COc3ccccc3[C@@H]2Nc2ncnc3[nH]c(C4CC4)cc23)C1
CHEMBL5425886,O=C(O)[C@H]1CCCN(C(=O)C2(Oc3ccc4c(-c5ccc(F)cc5Cl)cc(=O)oc4c3)CCC2)C1
CHEMBL5425887,CS(=O)(=O)O.CS(=O)(=O)O.N=C(N)c1ccc2nc(C3CCC(c4nc5ccc(C(=N)N)cc5s4)CC3)sc2c1
CHEMBL5425888,O=C(CCl)N1N=C(c2cccs2)CC1c1cccs1
CHEMBL5425889,Cn1c(=O)ccn(Cc2ncc(-c3cccc(O)c3)o2)c1=O
CHEMBL5425890,O=C(Cn1c(=S)[nH]c2ccccc21)Nc1cccc(Cl)c1
CHEMBL5425891,Cc1ncsc1-c1ccc(CNC(=O)[C@@H]2C[C@@H](O)CN2C(=O)[C@@H](NC(=O)CCCOc2ccc(C(c3ccc(Cl)cc3)N3CCN(C(=O)c4noc(C)c4[N+](=O)[O-])CC3)cc2)C(C)(C)C)cc1
CHEMBL5425892,COc1cc2c(cc1OC)CN(C(=O)c1cc3cc(-c4ccc(NC(=O)c5ccc(Cl)cc5)cc4)ccc3n1Cc1ccc([N+](=O)[O-])cc1)CC2
CHEMBL5425893,O=C(CN1CCC[C@@H](Nc2ncc(Cl)c(-c3c[nH]c4ccccc34)n2)C1)Nc1ccc([As](O)O)cc1
CHEMBL5425894,O=c1oc2c3ccccc3ccc2c2[nH]nc(C(F)(F)F)c12
CHEMBL5425895,O=c1[nH]c(-c2cccc(OC(F)(F)F)c2)nc2cc(O)c(O)c(O)c12
CHEMBL5425896,NS(=O)(=O)c1ccccc1Cn1cnc2cccc(NC(=O)c3cc(Cl)c(O)c(Cl)c3)c2c1=O
CHEMBL5425897,O=C(Cc1cccc(C(F)(F)F)c1)Nc1cc(Oc2cc3sc(NC(=O)C4CCC(O)CC4)nc3cc2F)ccc1F
CHEMBL5425898,COc1cc2c(c3c1OCO3)-c1c(cc(OC)c3c1OCO3)CN(c1ccc(CN3CCCCC3)cc1)C2
CHEMBL5425899,COc1cc(F)nc(N2[C@@H]3CCC[C@H]2c2cnc(-c4ncccn4)nc2C3)c1
CHEMBL5425900,Cc1cnnn1-c1ccc(C(=O)Nc2ncc(Cc3ccccc3)s2)cc1
CHEMBL5425901,COc1cc(CCc2cc(C(C)(C)C)cc(C(C)(C)C)c2)cc(OC)c1
CHEMBL5425902,C=C[C@]1(C)C[C@@H](OC(=O)CSc2nc3sccc3c(=O)[nH]2)[C@]2(C)[C@H](C)CC[C@]3(CCC(=O)[C@H]32)[C@@H](C)[C@@H]1O
CHEMBL5425903,CCc1cc2c(cc1Cl)nc1c(=O)[nH]c(=O)nc-1n2CCOc1ccc(F)cc1
CHEMBL5425904,Cc1[nH]c(C(=O)Nc2nc3c(OC(C)c4ccc(CN5CCOCC5)cc4)cc(C(=O)O)cc3s2)c(Cl)c1Cl
CHEMBL5425905,CNCc1ccc(Nc2ncc3c(N)cc(-c4cnc5c(c4C)NCCO5)cc3n2)cc1
CHEMBL5425906,CC(C)(c1ccc(OCC2CCN(C(=O)CNc3ccc4c(c3)C(=O)N(C3CCC(=O)NC3=O)C4=O)CC2)cc1)c1ccc(OC[C@H](O)CCl)cc1
CHEMBL5425907,CC(OCc1c[nH]c(=O)[nH]c1=O)c1ccccc1
CHEMBL5425908,COc1ccc(CNCc2cn([C@@H]3O[C@H](CO)[C@@H](O)[C@H](O)[C@H]3NC(C)=O)nn2)cc1OCc1cccc(-c2ccccc2)c1C
CHEMBL5425909,CC(=O)N1CCN(c2ccc(OCCN(CC(O)(Cn3cncn3)c3ccc(F)cc3F)S(=O)(=O)c3ccc(Br)cc3)cc2)CC1
CHEMBL5425910,CC1(C)[C@@H]2[C@@H](C(=O)N[C@@H](C[C@@H]3CCNC3=O)C(=O)c3nc4c(F)cccc4s3)N(C(=O)[C@H](CCC(F)(F)F)NC(=O)C(F)(F)F)C[C@@H]21
CHEMBL5425911,CCCCCCCCNC(=O)C[C@H]1O[C@@H]2O[C@@]3(C)CC[C@H]4[C@H](C)CC[C@@H]([C@H]1C)[C@@]24OO3
CHEMBL5425912,Cc1ccc(C(=O)c2c(C)n(CC(F)(F)F)c3ccccc23)c2ccccc12
CHEMBL5425913,O=C(c1cc(Cc2n[nH]c(=O)c3ccccc23)ccc1F)N1CCn2c(nnc2-c2cc(Br)c(Cl)o2)C1
CHEMBL5425914,COc1cc(CN2CCNc3c(cc(Cn4ccn(C)c4=N)cc3-c3ccc(F)cc3C)C2=O)cc(OC)c1
CHEMBL5425915,O=c1ccoc(/C=C/c2ccc(F)cc2)c1O
CHEMBL5425916,Cn1c(=O)c2c(nc(NCCO)n2Cc2ccccc2)n(C)c1=O
CHEMBL5425917,CCc1nc(-c2cccc(OC)c2)n(-c2cccc(C(=O)NCCCCn3nccn3)c2)n1
CHEMBL5425918,Cc1nc(N2CCCC(F)(F)CC2)c(C(=O)Nc2ccc3c(c2)C(=O)NCC3)cc1Cl
CHEMBL5425919,COc1cc2c(cc1OC)CN(C(=O)c1cc3cc(-c4ccc(Cl)cc4)ccc3[nH]1)CC2
CHEMBL5425920,Cc1ccc(N2CCN(CCCCc3nc4ccccc4s3)CC2)nc1
CHEMBL5425921,O=C(NCc1nc(-c2ccc(Br)cc2)c[nH]1)Nc1nc2ccccc2s1
CHEMBL5425922,CC(=O)Nc1ccc(COc2ccc(OS(=O)(=O)F)cc2)cc1
CHEMBL5425923,CCOP(=O)(OCC)C(Nc1ccc2c(C)cc(=O)oc2c1)c1cccc(Cl)c1O
CHEMBL5425924,O=C1OC(O)C(NCc2cn(-c3ccc(F)c(F)c3)nn2)=C1Cl
CHEMBL5425925,COCCn1c([C@H]2CC23CCN(c2nc(OCc4ccc(Cl)cc4F)ncc2F)CC3)nc2ccc(C(=O)O)cc21
CHEMBL5425926,CC(=O)c1cccc(C(=O)Nc2cc(C(C)(C)C)cc(NC(=O)c3cccc(C(=O)Nc4cc(C(C)(C)C)cc(N)c4SCCN)c3)c2SCCN)c1
CHEMBL5425927,CCCCCCCC(=O)N[C@H](CCN)C(=O)N[C@H]1CCNC(=O)[C@H](CC(C)C)NC(=O)[C@H](CCN)NC(=O)[C@H](CCN)NC(=O)[C@H](CC(C)C)NC(=O)[C@@H](CC(C)C)NC(=O)[C@H](CCN)NC1=O
CHEMBL5425928,O=C(CN1C(=O)c2ccccc2C1=O)NCCCCCCNc1ccnc2cc(Cl)ccc12
CHEMBL5425929,Clc1cccc(CC(c2ccc3[nH]ccc3c2)n2ccnc2)c1
CHEMBL5425930,CC(C)(C)OC(=O)NCCNCCCCCCOc1ccc(-c2ccc(C(=O)N[C@@H](CC(=O)O)C(=O)O)o2)cc1
CHEMBL5425931,CCC[C@@H](CCO)Nc1nc(N)nc2cnn(Cc3ncc(CNC4CCOCC4)cc3OC)c12
CHEMBL5425932,C=CC(=O)N1CCC(N2N=C(Nc3ccc(OC)cc3)c3c[nH]c4ncnc2c34)CC1
CHEMBL5425933,O=c1c2ccccc2n(CCCCN2CCN(CCO)CC2)c2ccc(Br)cc12
CHEMBL5425934,O=C(/C=C/c1ccc(OCc2cccc(Cl)c2)cc1)Nc1nc2ccccc2s1
CHEMBL5425935,COc1ccc2cc(C(=O)NCC(=O)O)oc2c1
CHEMBL5425936,Nc1ccc(-c2cccs2)cc1NC(=O)CCc1cn(Cc2ccc(-c3ccccc3)cc2)nn1
CHEMBL5425937,Cc1cc2c(cc1Cl)SC(/N=C(/N)NC(=O)c1ccc3ccccc3c1)=NS2(=O)=O
CHEMBL5425938,N#C[Se]CCCCCC(=O)Nc1ccc(C2=C(c3ccc(O)cc3)C3CC(S(=O)(=O)Oc4ccccc4O)C2O3)cc1
CHEMBL5425939,CCCN1CCC[C@H](OC(=O)NC(C)(C)c2csc(-c3ccc(F)cc3)n2)C1
CHEMBL5425940,CC(C)n1nc(-c2ccccc2)ncc1=O
CHEMBL5425941,CCC(=O)N1CCc2c(N3CCOC[C@H]3C)nc(-c3cccc4[nH]ccc34)nc2C1(C)C
CHEMBL5425942,O=[N+]([O-])c1cc(Br)cc(CSc2nnc(C3CCCCC3)o2)c1
CHEMBL5425943,Cn1ccc2cc(CNC(=O)N3CC(COc4ccc(C(F)(F)F)cc4)C3)cnc21
CHEMBL5425944,Clc1cccc(N2CCN(CCCOC3(c4ccccn4)CCOCC3)CC2)c1Cl
CHEMBL5425945,CCOc1ccc(NC(=O)c2ccc(-c3nnn[nH]3)cc2)cc1
CHEMBL5425946,Cc1ccc(-c2c(C#N)c(=O)n(Cc3ccccc3)c3cc(NC(C)c4ccccc4)ccc23)cc1
CHEMBL5425947,CCc1cc(Nc2ncc(C(F)(F)F)c(Nc3ccc4nccnc4c3P(C)(C)=O)n2)c(OC)cc1N1CCC(N2CC(N(C)C)C2)CC1
CHEMBL5425948,Nc1cc2nc[nH]c(=O)c2cc1N1Cc2ccccc2C1
CHEMBL5425949,CC(=O)Nc1ccc(C2Nc3ccc(S(=O)(=O)Nc4ccc(C)c(C)c4)cc3C3OCCC23)cc1
CHEMBL5425950,O=C(O)c1ccc2c(Cl)cc(I)c(O)c2n1
CHEMBL5425951,CCOC(=O)Cc1csc(NN=C(C)CCO)n1
CHEMBL5425952,O=C1CC[C@@H](C(=O)NCc2ccc(S(=O)(=O)F)cc2)N1
CHEMBL5425953,CS(=O)(=O)c1ccc(Nc2ncnc3sc(-c4cn[nH]c4)cc23)cc1
CHEMBL5425954,COc1nnc(NC(=O)c2cnc(C)cc2-c2cc(C)c([S@@+](C)[O-])cc2OC)s1
CHEMBL5425955,Cn1ncc2cc(C#CCN3CCC(Cc4ccccc4)CC3)ccc21
CHEMBL5425956,CCC[C@H](NC(=O)[C@@H]1[C@H]2CCC[C@H]2CN1C(=O)[C@@H](NC(=O)CC1CCCCC1)C(C)(C)C)C(=O)C(=O)NC1CC1
CHEMBL5425957,Nc1ccc(-c2ccsc2)cc1NC(=O)CCc1cn(Cc2ccc(-c3ccccc3)cc2)nn1
CHEMBL5425958,CCN(c1ccc(OCCCCCC(=O)N[C@H](C(=O)N2C[C@@H](O)C[C@H]2C(=O)N[C@@H](C)c2ccc(-c3scnc3C)cc2)C(C)(C)C)cc1)S(=O)(=O)C1CC2OC1C(c1ccc(O)cc1)=C2c1ccc(O)cc1
CHEMBL5425959,c1ccc2nc3c(cc2c1)c1ccccc1n3CCCn1ccnc1
CHEMBL5425960,CN(C)c1cc(O)c2c(c1)O/C(=C\c1ccc(O)cc1O)C2=O
CHEMBL5425961,COc1ccc(-n2c(SCCC(F)(F)F)nnc2[C@H](Cc2ccccc2)NC(=O)Cc2c(C)[nH]c3ccccc23)cc1
CHEMBL5425962,CCOc1ccccc1OC(=O)N1CC(c2nc(-c3ccsc3)no2)C1
CHEMBL5425963,C/C=C1/CN(C)[C@@]2(C)Cc3c([nH]c4ccccc34)[C@H](c3c(OC)ccc4c3NC3[C@@]4(O)CCN4C[C@H]5C[C@H](CC)[C@H]4[C@@]3(C(=O)OC)C5)C[C@H]1[C@]2(COC(C)=O)C(=O)OC
CHEMBL5425964,O=C(/C=C/c1ccc(OCc2ccc(F)cc2)cc1)Nc1nccs1
CHEMBL5425965,CCCCCc1c(CC=C(C)C)c(O)cc(O)c1CC=C(C)C
CHEMBL5425966,CN(Cc1cccc2ccccc12)c1ncnc2[nH]c(-c3ccc(CO)cc3)cc12
CHEMBL5425967,CP(C)(=O)c1ccccc1Nc1nc(Nc2ccc(C(=O)N3CCNCC3)cc2)ncc1Cl
CHEMBL5425968,CCCCCCCCCCCCCCCC(=O)Nc1ccc(C(=O)/C=C/c2ccccc2)cc1
CHEMBL5425969,CC(C)c1ccc2c(c1)CC[C@H]1[C@@](CNC(=O)c3ccccn3)(Cc3ccccc3)CCC[C@]21C
CHEMBL5425970,O=C(C(F)Cl)N1CCN(c2ccccc2)CC1
CHEMBL5425971,O=C1C(c2ccccc2)=C(c2ccccc2)C(=O)N1c1ccc(N2CCCCC2)cc1
CHEMBL5425972,O=C(CCCNc1cc(N2CCCCCC2)nc(-c2ccccn2)n1)NO
CHEMBL5425973,CC1NS(=O)(=O)Oc2c(-c3ccc(-c4ccccc4F)cc3)cccc21
CHEMBL5425974,CCOC(=O)Cn1cc(CN[C@@H](C)[C@H]2CC[C@H]3[C@@H]4CC=C5C[C@@H](O)CC[C@]5(C)[C@H]4CC[C@]23C)nn1
CHEMBL5425975,CN(C)CCNC(=O)Nc1ccc(-c2ccc3ncn(-c4cccc(NS(C)(=O)=O)c4)c3n2)cc1
CHEMBL5425976,COc1cc2c(Oc3ccc(NC(=O)Nc4ccnn4C4CCCC4)c(Cl)c3)ncnc2cc1OCCCN1CCCC1
CHEMBL5425977,CC(=O)N[C@H]1C[C@H](Nc2cc(C(C)C)nc3ccnn23)C1
CHEMBL5425978,CCc1c(C(N=[N+]=[N-])c2cc(C)cc(C)c2)nc(SC(C)C)[nH]c1=O
CHEMBL5425979,CN(C)C(=O)Oc1ccccc1C(=O)/C=C/c1ccc(F)cc1
CHEMBL5425980,CCc1ccc2c(c1)c(=O)c(C(=O)Nc1ccc(Oc3ncnc4cc(OCCCCC(=O)Nc5ccc6c(c5)C(=O)N(C5CCC(=O)NC5=O)C6=O)c(OC)cc34)c(F)c1)c(C)n2C
CHEMBL5425981,CN1C(=O)[C@@H](NC(=O)c2cc3cccc(-c4ccc5ccccc5c4)c3[nH]2)COc2ccccc21
CHEMBL5425982,CC(OC/C=C/c1ccccc1)C1=C(C(=O)O)Oc2cc(OCc3ccccc3)ccc2O1
CHEMBL5425983,C=C(C/C=C\C=C/CC/C=C/CN(C)C(=O)/C=C(\C)OC)c1nc(C[C@H](C)[C@@H]2CC[C@@H](C)C[C@H]2O)co1
CHEMBL5425984,CC1=C[C@@]2(C)C(O)=C(C)C(=O)N2C2=CC(=O)C=C3[C@@H](O)[C@H](C)[C@@H]1[C@]32O
CHEMBL5425985,CC(C)NC(=O)N(C)c1cnc2ccc(-c3ccc(OCC4CCN(C)C4)nc3)cc2n1
CHEMBL5425986,[N-]=[N+]=Nc1ccc(NCCCCCCN2C[C@H](O)[C@@H](O)[C@H](O)[C@H]2CO)c([N+](=O)[O-])c1
CHEMBL5425987,CC[C@@]1(O)C(=O)OCc2c1cc1n(c2=O)Cc2cc3c(-c4cc(C)cc(C)c4)c4c(cc3nc2-1)OCO4
CHEMBL5425988,C=CC[C@@]12C(=O)C(C(=O)c3ccccc3)=C(O)[C@@](Cc3ccccc3)(C[C@H](Cc3ccccc3)C1(C)C)C2=O
CHEMBL5425989,CCN1[C@@H](CC(C)(C)C)[C@@]2(CNc3cc(Cl)ccc32)[C@@H](c2cccc(Cl)c2)[C@@H]1C(=O)Nc1ccc(C(=O)O)cc1OC
CHEMBL5425990,CCOc1ccc([C@@H]2[C@@H]([N+](=O)[O-])[C@@H](c3ccccc3)N[C@@]2(C)C(=O)OC)cc1
CHEMBL5425991,CC1(COc2ccc(Nc3ncc(C(F)(F)F)c(NCC4CCNCC4)n3)cc2)COC1
CHEMBL5425992,CSCCc1c(O)nc(SCCN(C)C)[nH]c1=O.Cl
CHEMBL5425993,O=C1CCCN1c1ccc(-c2nc3ccccn3c2CN2CCN(c3ccccc3)CC2)cc1
CHEMBL5425994,COc1ccc(C(=O)C2=C(O)C(=O)N(c3cccc(-c4ccccc4)c3)C2c2ccc([N+](=O)[O-])cc2)cc1
CHEMBL5425995,Cc1ccc2c(Cc3nnn(CCCCC(=O)O)n3)cn(Cc3ccc(Cl)cc3Cl)c2c1
CHEMBL5425996,CC1=NN(c2ccc(C(=O)NCc3ccccc3)cc2)C(=O)/C1=C\c1ccc[nH]1
CHEMBL5425997,O=C(Nc1ncsc1C(=O)NC1(c2ccc(F)cc2)CC1)c1cc(Cl)c(O)c(Cl)c1
CHEMBL5425998,c1ccc(-n2cc(COc3ccc(-c4nc5ccccc5s4)cc3)nn2)cc1
CHEMBL5425999,Cc1cc(Nc2nc(NCc3ccc(Cl)c(C(=O)Nc4ccc(F)c(F)c4)c3)nc3c2cnn3C2CCOCC2)n[nH]1
CHEMBL5426000,Cc1cc(C(=O)Nc2ccc(C)c(-c3cnc(N)nc3)c2)ccc1N
CHEMBL5426001,C=C1CC/C=C(\C)CC[C@@H]2C([C@@H](O)C/C=C(\C)COC(C)=O)=CO[C@H](OC(C)=O)[C@@H]12
CHEMBL5426002,Nc1ccc(-c2ccc(F)cc2)cc1NC(=O)c1cn(CCc2cccc([N+](=O)[O-])c2)nn1
CHEMBL5426003,CN1CCn2c(nc3ccc(-c4cc5cnc(OCC(F)F)nc5n(-c5ccc(OC(F)F)cc5)c4=O)cc32)C1
CHEMBL5426004,CO[C@@H]1[C@@H](OC(=O)NOCC(C)C)[C@@H](O)[C@H](Oc2ccc3c(O)c(NC(=O)c4ccc(O)c(CC=C(C)C)c4)c(=O)oc3c2C)OC1(C)C
CHEMBL5426005,c1ccc(CC[Se][Se]CCc2ccccc2)cc1
CHEMBL5426006,COc1ccccc1NC(=O)Nc1ccc(-c2nc3ccccc3o2)cc1
CHEMBL5426007,O=C1CNC(=O)N1C(=O)Cc1ccccc1
CHEMBL5426008,CCCCCC[C@H](O)CCC[C@H](O)[C@H]1CC[C@H]([C@H]2CC[C@H]([C@H](O)CCCCCCCCC[C@@H](O)CCC3=C[C@H](C)OC3=O)O2)O1
CHEMBL5426009,O=C(Nc1cccc(-c2nncn2C2CC2)n1)c1cc(-c2cnn(C3CCC3)c2)cn(Cc2ccccc2F)c1=O
CHEMBL5426010,Cc1n[nH]c2c1[C@@H](O)[C@H](n1nnc3ccccc31)[C@@H](C1CC1)N2
CHEMBL5426011,O=C(Nc1ccc(C(F)(F)F)cc1)c1ccnc(-n2ccnc2)n1
CHEMBL5426012,CC(C)[C@H]1CC[C@@H](N2CCC(n3c(CCN)cc4ccccc43)CC2)CC1
CHEMBL5426013,Cc1cc(Cl)cc(NC(C(=O)c2ccc(Cl)cc2)c2ccc(F)c(Cl)c2)c1
CHEMBL5426014,Clc1ccc2c(NC(Cc3ccccc3)CN3CCN(Cc4ccccc4)CC3)ccnc2c1
CHEMBL5426015,Nc1nn(-c2ccc(Cl)c(Cl)c2)nc1C(=O)NCc1ccc(C(=O)NO)cc1
CHEMBL5426016,C[C@](O)(Cn1nc(Cl)c2cc(F)ccc21)C(=O)Nc1cnc(C#N)c(C(F)(F)F)c1
CHEMBL5426017,COC(=O)c1ccc(/C=C2/C(=O)Nc3cc(N)ccc32)cc1
CHEMBL5426018,CC(C)[C@@H]1NC(=O)[C@H](Cc2ccccc2)NC(=O)[C@@H](NC(=O)[C@@H]2CCCCn3cc(nn3)C[C@H](NC(=O)CCCCCNC(=O)[C@@H](N)CCCCN)C(=O)N[C@@H](Cc3c[nH]c4ccccc34)C(=O)N[C@@H](CCCNC(=N)N)C(=O)N[C@@H](CCC(N)=O)C(=O)N2)Cc2cn(nn2)CCCC[C@@H](C(=O)N[C@@H](Cc2ccc(O)cc2)C(N)=O)NC(=O)[C@H](CC(=O)O)NC1=O
CHEMBL5426019,CCC[C@@H](CCO)Nc1nc(N)nc2cnn(Cc3ncc(C4CCN(C(C)C)CC4)cc3OC)c12
CHEMBL5426020,CN(C)CCN(C)CC(=O)Nc1ccc(-c2ccc3ncn(-c4cccc(NS(C)(=O)=O)c4)c3c2)cc1
CHEMBL5426021,CC(=O)c1cccc(NS(=O)(=O)c2ccc(C(=O)Nc3nc(-c4ccc(F)cc4F)cs3)cc2)c1
CHEMBL5426022,C[C@H]1C(=O)N(C)C=Cc2cc(OCCCCOc3ccc4c(c3)C=CN(C)C(=O)[C@@H]4C)ccc21
CHEMBL5426023,CC(C)C[C@H](NC(=O)[C@@H](CC(C)C)NC(=O)[C@H](CCCCN)NC(=O)[C@@H](CC(C)C)NC(=O)[C@H](CC(C)C)NC(=O)[C@@H](CCCCN)NC(=O)[C@H](CC(C)C)NC(=O)[C@@H](CC(C)C)NC(=O)[C@H](CCCCN)NC(=O)[C@H](N)CCCCN)C(=O)N[C@H](CC(C)C)C(N)=O
CHEMBL5426024,O=Cc1cc(OCc2cn(-c3ccnc4ccc(Cl)cc34)nn2)ccc1Br
CHEMBL5426025,COc1cc2c(cc1OC)CN(C(=O)c1cc3cc(-c4ccc(NC(=O)c5ccc(Cl)cc5)cc4)ccc3n1Cc1cccc(C(F)(F)F)c1)CC2
CHEMBL5426026,CCCNC(=O)CSc1nc(N[C@H](C)CO)c2nn[nH]c2n1
CHEMBL5426027,Cc1nc2ccc(S(=O)(=O)n3nc(SCc4ccc(Cl)cc4)nc3N)cc2s1
CHEMBL5426028,CN(C)c1cc(/C=C/C=O)ccc1O
CHEMBL5426029,C[C@H](CC(=O)O)c1ccc(OCc2ccc3c(-c4ccc(O)cc4)nn(C4CCCC4)c3c2)cc1
CHEMBL5426030,CCCn1c(NCc2ccc(F)cc2)nc2cc(F)ccc21
CHEMBL5426031,CCN(CC)c1ccc(C(NC(=O)Cc2ccccc2)c2ccc3cccnc3c2O)cc1
CHEMBL5426032,COc1nnc(NC(=O)c2ccc(N)cc2-c2cc(Cl)ncc2OC)s1
CHEMBL5426033,CC(C)(NC(=O)O[C@@H]1CN2CCC1CC2)c1csc(-c2cccc(O)c2)n1
CHEMBL5426034,CCc1cccc(Oc2ccc(NS(C)(=O)=O)c(C(=O)NCc3ccc(F)c(F)c3)c2)c1
CHEMBL5426035,CC(C)=CCC[C@](C)(O)[C@H]1CC[C@]2(C)[C@@H]1[C@H](O)C[C@@H]1[C@@]3(C)Cc4cnc(N)nc4C(C)(C)[C@@H]3CC[C@]12C
CHEMBL5806249,CCCCN(CC(=O)N1CCN(c2ccc3[nH]c(-c4cn5ncnc5c(C)c4C)c(C(C)C)c3n2)CC1)C(C)C
CHEMBL5806250,CCn1nccc1-c1cc(N2CCOCC2C)nc(-c2ccnc3[nH]ccc23)n1
CHEMBL5806251,Cn1cc(-c2nc3c(-c4cc(F)cc(N5CCOc6cc(C7CC7)cc(F)c6C5=O)c4CO)ccnc3[nH]2)cn1
CHEMBL5806252,Cn1cc(-c2n[nH]c3cnc(N4CCn5cnc(C(F)(F)F)c5C4)nc23)cn1
CHEMBL5806253,CCCn1ncc2ccc(-c3cc(COC(C)(C)C(=O)O)nn3-c3ccccc3N3CCCC3)cc21
CHEMBL5806254,Cc1ncoc1-c1nnc(SCCCN2C[C@H]3CCN(c4ccc(C(F)(F)F)cc4)[C@H]3C2)n1C
CHEMBL5806255,NS(=O)(=O)c1nccc(-c2ccc3cn[nH]c3c2)c1-c1nn[nH]n1
CHEMBL5806256,CC1CSc2cc(-c3n[nH]cc3NC(=O)c3cnn4cccnc34)c(OC(F)F)cc2N1
CHEMBL5806257,CC(C)Oc1ccc(/N=c2\[nH]c(=O)n(Cc3ccc(=O)[nH]c3)c(=O)n2Cc2ccc(Cl)cc2)cc1F
CHEMBL5806258,CC[C@H]1[C@H](C(=O)Nc2cc3cc(-c4cncc(N)c4C)c(F)c(N)c3cn2)[C@H]1c1cncn1C
CHEMBL5806259,Cn1nc(C2CCN(S(=O)(=O)c3ccc(C(=O)O)cc3)CC2)c2cc(C(c3ccc(Cl)cc3)c3ccc(Cl)cc3)ccc21
CHEMBL5806260,Cc1ccc2c(CC(=O)O)nn([C@@H]3C[C@H](C)N(S(=O)(=O)c4ccc(OC(C)C)cc4)C3)c2c1
CHEMBL5806261,O=C1CCC(Sc2ccc(C(F)(F)F)cc2)C(=O)N1
CHEMBL5806262,CNC(=O)Nc1cc(-c2c(-c3ccc(F)cc3)c3c(n2CC2CCOCC2)CCNC3=O)ccn1
CHEMBL5806263,CCS(=O)(=O)c1ccc(Cl)cc1Cn1c(=O)[nH]c2c(Cl)c(CN3CC[C@@H](N)C3)c(OC(F)(F)F)cc2c1=O
CHEMBL5806264,CCN1CCN(Cc2cc3[nH]c(=O)n(Cc4cc(Cl)ccc4S(=O)(=O)CC)c(=O)c3cc2C(F)(F)F)CC1
CHEMBL5806265,COc1cccc(Cc2cc(N)nc3[nH]nnc23)n1
CHEMBL5806266,CN(CCn1c(NC(=O)c2ccc(C(F)F)s2)nc2ccccc21)C(=O)C(C#N)=CC(C)(C)C
CHEMBL5806267,O=C(N1Cc2cccnc2Nc2ccccc21)C12CCC(c3nc(C(F)(F)F)no3)(CC1)CC2
CHEMBL5806268,CCOC(=O)c1c(C)nn(-c2cc(Nc3nn(C)c(-c4ccc(Cl)cc4)c3C)ncn2)c1C
CHEMBL5806269,Cn1cc(NC(=O)c2ccc3ccc(N4CCNCC5(CC5)C4)nn23)c(C(F)F)n1.O=C(O)C(F)(F)F
CHEMBL5806270,CCN(CCN(C)c1nc(C)cc(C)n1)C(=O)c1cccnc1CC(F)(F)F
CHEMBL5806271,CCCCCC(=O)N1CCC[C@H]1C(=O)N(C)[C@H](C(=O)N[C@@H](CCNC(=O)c1cc(F)cc(F)c1)C(=O)NO)C(C)CC
CHEMBL5806272,COc1ccc(Cc2cc(C3OC(C)C(O)C(O)C3O)ccc2Cl)cc1
CHEMBL5806273,C[C@@H]1CN(C(=O)c2cnc3ccc(-c4ccc5oc(N)nc5c4)cn23)C[C@H](C)O1
CHEMBL5806274,CC(C)OC(=O)N1CCC[C@H](NS(=O)(=O)C2CC2)[C@@H]1COC1CCC2(c3ncc(F)cn3)CC2C1
CHEMBL5806275,Cn1c(=O)n(CC(=O)N2CC(F)(F)C2)c2cc(-c3ccc(C(F)(F)F)s3)cnc21
CHEMBL5806276,Cc1cc(-c2[nH]c3ccc(C4CCN(C(=O)c5ccon5)CC4)cc3c2C(C)C)ccn1
CHEMBL5806277,CCn1ncc(-c2nc3c(O[C@H]4CCN(S(=O)(=O)CC)C4)ncnc3n2C)c1C
CHEMBL5806278,C[C@H](CO)Nc1n[nH]c2nccc(Oc3ccc(NC(=O)c4cn(C)cc(-c5ccc(F)cc5)c4=O)nc3)c12
CHEMBL5806279,O=C(OC(C(F)(F)F)C(F)(F)F)N1CCC2(CCCN2C(=O)c2cn3c(n2)CN(C2CC2)CC3)CC1
CHEMBL5806280,CCOc1cc(F)c(Cn2nc(-c3nccc(N(C(=O)C4CCOCC4)c4ccncc4)n3)c3ccccc32)c(F)c1
CHEMBL5806281,O=C1Nc2cccc(n2)-c2nncn2C/C=C\COc2ccc(F)cc21
CHEMBL5806282,CCn1cc(C(=O)Nc2ccc(Oc3ccnc4cc(OC)c(OC)cc34)c(F)c2)c(=O)n(-c2ccc(F)cc2)c1=O
CHEMBL5806283,CNCC(O)COc1cccc(-c2nc(N3CCN(C)[C@@H](C)C3)cc(N(C)C3CCOCC3)n2)c1
CHEMBL5806284,CN(C)[C@@H](C(=O)N1CCN(c2ccc(-c3nc(-c4cnn(C)c4)cn4ncc(C#N)c34)cn2)CC1)c1cccc(Cl)c1
CHEMBL5806285,Nc1nn2ccc(N3CCC[C@@H]3c3cc(F)ccc3F)nc2c1C(=O)N1CCC(O)C1
CHEMBL5806286,CCC(C)C[C@H]1COc2cc(-c3ccnc(Nc4ccnn4C)n3)cc3nnc1n23
CHEMBL5806287,Cc1cc(-c2cc(-c3cc(S(=O)(=O)NCC4(O)CC4)ccc3C)cnc2N)on1
CHEMBL5806288,CC1(C)CC(=O)c2c([nH]c(-c3ccncc3)c2Nc2ccc(F)c(Cl)c2)C1
CHEMBL5806289,COc1cccc(C(CO)NC(=O)c2cccc(-c3ccc4[nH]nc(N)c4c3)c2)c1
CHEMBL5806290,CC(C)n1cc(C(O)c2c(C3CC3)sc3cncn23)cn1
CHEMBL5806291,Cc1nnn(C)c1-c1cnc2c3ccc(N4CCN(C)CC4)nc3n([C@H](c3ccccc3F)C3CCOCC3)c2c1
CHEMBL5806292,Cc1n[nH]c2nc(-c3ccc(NS(=O)(=O)c4cc(Cl)ccc4Cl)cc3)nc(OC3CCN(C(C)C)CC3)c12
CHEMBL5806293,C[C@H](c1ccccn1)C1COc2cc(-c3ccccc3C(=O)NS(=O)(=O)C3(C)CC3)ccc2[C@H]1O
CHEMBL5806294,Cn1cc(CN2CCN(Cc3cncc(C(=O)NCc4ccc5c(N)nccc5c4)c3)CC2)cn1
CHEMBL5806295,NC(=O)c1ccc(-n2cccc2-c2ccc(Cl)cc2)cc1NC1CCC(O)CC1
CHEMBL5806296,C=CC(=O)N1CC(n2nc(C#Cc3cc4ncn(C5CC5)c4cc3F)c(C(N)=O)c2N)C1
CHEMBL5806297,Cc1c(-c2ccc(C(=O)N3[C@@H](c4ccccc4F)CC[C@H]3C(=O)O)cc2)cccc1N(C)S(C)(=O)=O
CHEMBL5806298,Cc1nc2c(Nc3ccc(C4CCC(C)(C)O4)cc3S(C)(=O)=O)cc(NC(=O)C3CC3)nc2[nH]1
CHEMBL5806299,Cc1ccc(C(=O)NC2CC2)cc1-c1cnn(-c2cnc3ccc(C(=O)N(C)C)cn23)c1
CHEMBL5806300,CC(=O)N1CCC(NC2CC2c2cccc(C(=O)Nc3cnn(Cc4ccc(F)cc4)c3)c2)CC1
CHEMBL5806301,Cn1c(=O)n(C)c2cc(-n3cc(C(=O)O)c(=O)n(Cc4cccc(C(F)(F)F)c4Cl)c3=O)ccc21
CHEMBL5806302,FC(F)(F)c1cccc(-c2ncccc2-c2ccc3nccnc3c2)n1
CHEMBL5806303,CCn1nc(C(=O)NC[C@H]2CC[C@H](S(C)(=O)=O)CC2)c(Cl)c1-c1ccc(CC(C)(C)C(F)(F)F)cc1Cl
CHEMBL5806304,CN(C(=O)c1ccc2c(C3=CCC(C(=O)O)CC3)nn(C(=O)c3c(Cl)cccc3C(F)(F)F)c2c1)C1CCCCC1
CHEMBL5806305,C=CC(=O)Nc1cccc(-c2c(F)ccc3cnc(Nc4ccc(N5CCN(C)CC5)cc4)nc23)c1
CHEMBL5806306,Cc1nc(N)ccc1CNC(=O)c1nnc(Cc2ccc3ncc(Cl)cc3c2)[nH]1
CHEMBL5806307,Cc1cnc(-c2cc(OC[C@H]3COCCO3)cc(C(=O)N[C@H](C)c3ccc(C(F)(F)F)nn3)c2)s1
CHEMBL5806308,Cc1nc2c(C)cc(-c3[nH]c4ccc(C5CCN(CC(=O)N6CCS(=O)(=O)CC6)CC5)cc4c3C(C)C)cn2n1
CHEMBL5806309,Cn1nccc1Nc1cc(-c2cc3n4c(ncc4c2)[C@H](Cc2ccc(Cl)cc2)CN3)ccn1
CHEMBL5806310,O=C(/C=C/c1cncnc1)c1c(-c2ccccc2)c2cc(F)ccc2[nH]c1=O
CHEMBL5806311,COc1ncnc2[nH]cc(C(=O)c3c(F)ccc(NS(=O)(=O)CC(C)C)c3F)c12
CHEMBL5806312,Cc1c(Cl)cccc1Nc1nc(=O)c(F)cn1Cc1cc(F)c(F)c(F)c1
CHEMBL5806313,Cc1ncc(F)c(Nc2n[nH]c3c2CN(C(=O)C2(F)CCN(C)CC2)C3(C)C)n1
CHEMBL5806314,Cn1cc(-c2cccc(-c3ncc(-c4ccn(C)n4)c(NC4CCC5CNCC54)n3)c2)cn1
CHEMBL5806315,Cn1nc2c(=O)n(CC3(O)CCN(C(=O)C[C@H](c4ccccc4)C(F)(F)F)CC3)cnc2c1-c1ccc(C2(N)CC2)cc1
CHEMBL5806316,Cc1nc(NC(=O)Cc2ccc(Oc3ncccc3C(N)=O)c(F)c2)sc1C
CHEMBL5806317,CCOc1ncccc1-c1cc(NCc2noc(C)n2)c2c(n1)c(C)nn2C(C)C
CHEMBL5806318,O=C1NC2(CCOCC2)n2c1c(Cl)cc(Nc1ccncn1)c2=O
CHEMBL5806319,Cc1cc(=O)n(-c2ccc(OC(F)(F)F)cc2)cc1-c1ccc2ncsc2c1
CHEMBL5806320,Cc1cc(-c2[nH]c3ccc(C4CCN(CC(=O)NC5CC5)CC4)cc3c2C(C)C)cc(C)n1
CHEMBL5806321,Nc1ccc2c(N3CCC(CCP(=O)(O)O)CC3)ncnc2c1
CHEMBL5806322,COC[C@H]1CCN1C/C=C/C(=O)Nc1cc2c(Nc3ccc(F)c(Cl)c3)ncnc2cc1OC[C@H]1[C@@H]2COC[C@@H]21
CHEMBL5806323,COc1cc(-c2cccc(-c3cccc(OCCCN4[C@H](C)CC[C@H]4C)c3C)c2C)ccc1CNCCCC(=O)O
CHEMBL5806324,COCCN1CCC(c2ccc3[nH]c(-c4cc(C)c5ncnn5c4)c(C(C)C)c3c2)CC1
CHEMBL5806325,CC(C)[C@H](N)c1nc2cc(-c3ccncn3)sc2c(=O)[nH]1
CHEMBL5806326,C=CC(=O)N1CCN(CCn2c(=O)ccc3cnc(Nc4cnn(C5CCN(C)CC5)c4)nc32)[C@@H](C)C1
CHEMBL5806327,CC(Nc1nc(N)nc(N)c1C#N)c1cc2ccc(F)cc2nc1-c1ccccc1
CHEMBL5806328,O=C(O)C1CCc2cc(CCOc3ccc(-c4ccn[nH]4)nc3)ccc2O1
CHEMBL5806329,COc1ccc(NC(=O)C2CCN(C(=O)c3ccccc3C)CC2)c(OC)c1
CHEMBL5806330,O=C(c1nc(NCc2cncc(F)c2)nc2ccsc12)N1CCC1
CHEMBL5806331,CC(C)(C)NC(=O)NC[C@H]1CN(S(=O)(=O)c2ccc(F)cc2)c2cc(NC(=O)OC(C)(C)C(F)(F)F)ccc2O1
CHEMBL5806332,CC(C)Nc1cc(-c2cnc3cc(C#N)cnn23)ncc1C(=O)NCCc1cccs1
CHEMBL5806333,CCc1ccncc1-c1cc(C(=O)Nc2nc(C)cs2)c2ncnn2c1
CHEMBL5806334,CNC(=O)c1ccc(CNc2nccn3c([C@@H]4SC[C@@H](O)[C@H]4O)nnc23)cc1Cl
CHEMBL5806335,O=C(O)[C@@H]1C[C@H](N2CCCC2(Cc2ccccc2)C(=O)C(c2ccccc2)c2ccccc2)CN1
CHEMBL5806336,CCn1nc(C(=O)NC[C@]2(O)CC[C@@H](S(C)(=O)=O)CC2)c(Cl)c1-c1ccc(CCC(F)(F)F)cc1F
CHEMBL5806338,O=C1N(Cc2ccc(C3CCN(Cc4nn[nH]n4)CC3)cn2)CCN1C[C@H](O)CN1CCc2ccccc2C1
CHEMBL5806339,Cc1ccc(NC(=O)c2ccnc(C(F)F)c2)cc1-c1cc(N2CCOCC2)nc(N2C(=O)OC[C@@H]2C)n1
CHEMBL5806340,CN(C)C(=O)Cc1cn(C)c2cc(F)c(-c3ccc(C(=O)N4[C@@H]5CC[C@H]4[C@@H](N)C5)cc3-c3ccc(C#N)c(F)c3)cc12
CHEMBL5806341,COc1cc(-c2cccc(-c3cccc(NC(=O)c4cncn(C)c4=O)c3C)c2C)cc(F)c1CNC1CCCC1
CHEMBL5806342,CNC(=O)c1nnc(N2CCN(C3(C)CC3)C2=O)cc1Nc1cccc(-c2ncn(C)n2)c1OC
CHEMBL5806343,CC(C)(O)Cn1cc(-c2nc(NC3CCN(S(=O)(=O)CCCN4CCCC4)CC3)ncc2C(F)(F)F)cn1
CHEMBL5806344,COc1cc(OCc2cccc(-c3ccccc3)c2C#N)cc(OC)c1CN1CCCC(CO)C1
CHEMBL5806345,CCCCOC(=O)c1ccccc1/C=N/N(C)c1nc(-c2ccccc2Cl)cs1
CHEMBL5806346,CNC(=O)c1cc(C)c(-c2ccc(F)c3c2CC[C@H]3Nc2cnc([C@H]3C[C@@H]3C(=O)O)cn2)c(C)c1
CHEMBL5806347,Cc1ncc(-c2cccc(C3CCN(c4cnc(N)nc4N)CC3)c2)cn1
CHEMBL5806348,Cc1c2c(nn1C)COCC(F)(F)C(F)(F)Cn1c(C(=O)O)c(CCCOc3cccc4ccccc34)c3ccc(Cl)c-2c31
CHEMBL5806349,NC(=O)c1nn(CC(=O)N2[C@@H]3C[C@@H]3C[C@H]2C(=O)Nc2cccc(Br)n2)c2ccc(C#Cc3ccc(F)cn3)cc12
CHEMBL5806350,COc1cc2c(cc1OC)[C@H]1C[C@@H](COC(=O)[C@@H](N)Cc3ccccc3)[C@H](CC(C)C)CN1CC2
CHEMBL5806351,Cc1ccc(-n2nccn2)c(C(=O)N2CC[C@H](C)[C@H]2c2nc3c(C)c(C)ccc3[nH]2)c1
CHEMBL5806352,COC[C@H]1CN(C2CCN(c3nnc(N)[nH]3)CC2)C(Cc2ccc(Cl)cc2)CO1
CHEMBL5806353,CC(C)N1CCOc2c(F)cc(-c3nc(Nc4ccc(N5CCC(N(C)C)CC5)cn4)ncc3F)cc21
CHEMBL5806354,COCCNC(=O)c1[nH]c2c(-c3ccccc3)c(C(F)(F)F)nn2c(=O)c1-c1nc2c(OC)cccc2o1
CHEMBL5806355,CNC(=O)c1cc(Nc2nc(-c3ccc4c(c3)N([C@H]3C[C@@H](N5CCCCC5)C3)C(=O)C43CN(C(C)=O)C3)cc3ncn(C(C)C)c23)c(F)cc1C
CHEMBL5806356,CC(=O)OCCCCOc1ccc2cc3c(=O)[nH]c(=O)nc-3oc2c1
CHEMBL5806357,O=C1NC2(CC2)CN(CCC2CCC(O)(CO)CC2)c2c1oc1ccc(C(F)(F)F)cc21
CHEMBL5806358,CCc1c(C#N)c(S[C@@H](C(N)=O)c2ccccc2)nc(N2CC[C@@](O)(CO)C2)c1C#N
CHEMBL5806359,C=CC(=O)N1CC(NC(=O)Cn2cc(-c3c(C)ccc4[nH]ncc34)c3cc(Cl)ccc32)C1
CHEMBL5806360,Cc1nn(C(F)F)cc1S(=O)(=O)N1C[C@H](CCC(=O)O)Oc2ccc(NC(=O)OC(C)(C)C(F)(F)F)cc21
CHEMBL5806361,C=CC(=O)N1CC(NC(=O)Cn2cc(C(=O)N[C@H](Cc3ccccc3)C(N)=O)c3cc(Br)ccc32)C1
CHEMBL5806362,C=CS(=O)(=O)Nc1ccc(Oc2ccc(F)cc2F)c(-c2cc(N(C)C)c(=O)n(C)c2)c1
CHEMBL5806363,O=C(Nc1cncc(-c2cc3c(-c4cc5c(-c6ccccc6F)ccnc5[nH]4)n[nH]c3cn2)c1)C1CCCCC1
CHEMBL5806364,C[C@H]1Cn2c(-c3ccc(F)cc3)nnc2-c2nnc(-c3cccc(C(F)(F)F)c3Cl)n21
CHEMBL5806365,COCc1nn(Cc2ccc3c(c2)CN(C)CC3)cc1C(=O)NCc1c(-n2ncnc2C)ccc(OC)c1F
CHEMBL5806366,CC(C)C(=O)NCc1ccc(Cl)c(-c2nc(-c3ccc(OC(F)F)cc3F)cc(=O)[nH]2)c1
CHEMBL5806367,C=CC(=O)N1CCCC(c2onc(-c3c(Cl)cc(Cl)cc3Cl)c2C(=O)n2ccc3c(/C=C/C(=O)O)cccc32)C1
CHEMBL5806368,COCCC(=O)N1CC(NC(=O)c2sc3nccc4c3c2NC(=O)N4c2ccc(Oc3ccccc3)cc2C)C1
CHEMBL5806369,CC1(O)CN(C(=O)Cn2ccc3ncc(-c4ccc(F)cc4)cc32)C1
CHEMBL5806370,CC(C)(O)c1cnnn1[C@H]1C[C@@H](C(=O)NC(CCCCNC(=O)OCc2ccccc2)C(=O)C(N)=O)N(C(=O)[C@@H](CC2CCCCC2)NC(=O)c2cccc3cccnc23)C1
CHEMBL5806371,Cc1cccc(OCC(C)C)c1-n1nc2c(c1-c1cc(F)c(NC(N)=O)cc1F)CN(c1ccnc(C(C)C)n1)CC2
CHEMBL5806372,CN1CCN(c2ccc(Nc3nccc(N4C(c5ccsc5)=NCC45CCCCC5)n3)nc2)CC1
CHEMBL5806373,COC(=O)c1csc2c(-c3cc(Cl)ccc3C#CCn3c(C)nc4cnc(N5CCN(CC(F)F)CC5)c(C#N)c4c3=O)ccnc12
CHEMBL5806374,Cc1cnc(CC(=O)Nc2cc([C@H]3CC[C@@H](OC(=O)NC4(C)CC4)C3)[nH]n2)o1
CHEMBL5806375,Cc1cccc(-c2nc(Nc3ccc4[nH]ncc4c3)c3cccn3n2)n1
CHEMBL5806376,CC(=O)Nc1cc(Nc2nc(-c3cccc(C(F)F)n3)nc3[nH]ccc23)ccn1
CHEMBL5806377,COc1cc(C(=O)N2CC3CCC2[C@@H]3N)cc2nc(-c3cc4ccc(-c5cnn(CC(C)(C)O)c5)nc4n3CC3CC3)n(C)c12
CHEMBL5806378,O=C(O)[C@H]1CCN1C(=O)Nc1cc(Cl)ccc1-c1ccc(F)cc1
CHEMBL5806379,Cc1cccc(Nc2nc(N3CCC[C@@H](NC(=O)c4ccc(C(C)(C)C)cc4)C3)nnc2C(N)=O)c1
CHEMBL5806380,Nc1nc2cc(-c3ccc4ncc(N5CCN(CC6CC6)CC5=O)nc4c3)ccc2o1
CHEMBL5806381,CC(C)n1nnnc1-c1cccc(NC(=O)c2cc3c(cn2)CCN(C(=O)C2CCCC2)C3)n1
CHEMBL5806382,CN(C)[C@]1(c2ccccc2)CC[C@]2(CC1)CN(c1ccccc1C(N)=O)C(=O)N2CC1(O)CCC1
CHEMBL5806383,C[C@@H](Nc1nc(-c2noc(=O)[nH]2)nc2nc(N(C)CC3CCCN(C)C3)n(Cc3ccc(C(F)(F)F)cc3)c12)C1CCC1
CHEMBL5806384,O=S(=O)(c1ccc(S(=O)(=O)N(Cc2ccc(Cl)cc2)CC2CCCO2)cc1)N1CCCCC1
CHEMBL5806385,C[C@@H]1Cc2c([nH]c3ccccc23)[C@@H](c2cc(OCCNCCCF)ccc2C#N)N1CC(F)(F)F
CHEMBL5806386,Cc1n[nH]c2nc(-c3ccc(NS(=O)(=O)c4cc(F)ccc4F)cc3)nc(OC3CCC(O)CC3)c12
CHEMBL5806387,Cn1ncc2cccc(C(=O)N[C@@H](CCN3CC[C@@H](CCc4ccc5c(n4)NCCC5)C3)C(=O)O)c21
CHEMBL5806388,Cc1cc(Nc2nc(-c3ccc4c(c3)N(C3CC(N5CCC(C)(C)C5)C3)C(=O)C43CCN(C(=O)C(C)(C)CO)CC3)cc3ncn(C(C)C)c23)c(F)cn1
CHEMBL5806389,CCOc1ccc(CN2CCCC23CCN(C(=O)OC(C(F)(F)F)C(F)(F)F)CC3)cc1
CHEMBL5806390,NC(=O)c1cccc(-c2ccc3c(c2)c(CN[C@H]2CCNC2=O)cn3CC2CCCCC2)n1
CHEMBL5806391,CCOc1cc(/C=C2/S/C(=N/c3ccc(F)cc3)N(c3ccc(F)cc3)C2=O)ccc1O
CHEMBL5806392,C[C@@H]1[C@@H](C)CCC[C@](O)(CCN(C)C)[C@@H]2CC[C@H]2CN2C[C@@]3(CCCc4cc(Cl)ccc43)COc3ccc(cc32)C(=O)NS1(=O)=O
CHEMBL5806393,CCc1cnc(NC(=O)c2ccc(-c3nc(C4CCOCC4)n4ccnc(N)c34)cc2)s1
CHEMBL5806394,COc1cc(-c2ccc3c(n2)[nH]c2ccncc23)ccn1
CHEMBL5806395,CC(C1CC1)C(C(=O)Nc1ccc(C(=O)O)cc1)c1ccc(-c2c(OC(F)F)ccc(Cl)c2F)c[n+]1[O-]
CHEMBL5806396,COc1cn(Cc2ccccc2)c(NC2CCc3ccccc32)nc1=O
CHEMBL5806397,N#CC1=C(c2ccc3ncnc(N[C@H]4CC[C@H](N5CCOCC5)CC4)c3c2)NNN1
CHEMBL5806398,Cc1cc(-c2cc(Cl)ccc2OCCn2c(C)nc3cc(S(C)(=O)=O)c(N4CCN(C)CC4)c(C#N)c3c2=O)c2scc(C(=O)O)c2n1
CHEMBL5806399,CC(C)(C)NC(=O)c1ccc(-c2c(Cl)cc(Nc3n[nH]c(N)n3)cc2Cl)cc1
CHEMBL5806400,COCCOc1nccc2cc(Nc3n[nH]c4cc(F)cnc34)ccc12
CHEMBL5806401,O=C1C(Oc2ccc(C3CC3)cc2)=CCN1c1ccc2c(cnn2CCN2CC[C@@H](O)C2)c1
CHEMBL5806402,CS(=O)(=O)C1CN(c2ccc(-c3ncnc(Nc4ccc(N5CCN(C6COC6)CC5)cc4)n3)cc2C#N)C1
CHEMBL5806403,CC(C)N1CCOc2c(F)cc(-c3nc(Nc4ccc(N5CCN(CCO)CC5)cn4)ncc3F)cc21
CHEMBL5806404,CS(=O)(=O)NC[C@H](Nc1ncc(-c2nnc(C(F)F)o2)cn1)c1ccc(Cl)cc1
CHEMBL5806405,C[C@H]1C[C@@H](Oc2ccc(-c3ncnc(Nc4ccc(N5CCN(C6COC6)CC5)cc4)n3)cc2C#N)CCN1C(=O)CC#N
CHEMBL5806406,CNc1cc(Nc2cccn([C@H]3CCC[C@@H](OC)C3)c2=O)nc2c(C(=O)N[C@@H]3CC[C@H]3OC)cnn12
CHEMBL5806407,c1cnc2c(Nc3ccc4c(O[C@@H]5CCCOC5)nccc4c3)n[nH]c2c1
CHEMBL5806408,O=C(O)c1ccncc1NC[C@@H]1CCOc2cc(Sc3ccc(F)cc3)ccc21
CHEMBL5806409,CC#CC(CC(=O)O)c1ccc(OCc2cccc(C3=CCC4(CC3)OCCO4)c2)cc1
CHEMBL5806410,COc1cc(OC)c(F)c(N2Cc3cnc(-c4nn(CC5CCOCC5)cc4C#N)cc3C3(CC3)C2=O)c1F
CHEMBL5806411,Cc1cc(-c2nc(CNC[C@H](O)c3ccc4c(c3C)COC4=O)cn2C)ncc1C#N
CHEMBL5806412,CN1CCN(C(=O)c2cc3cc(Cl)c4c(c3o2)C2(CCCCC2)NC(=O)N4)CC1
CHEMBL5806413,CO[C@H]1/C=C\CCC[S@@](=O)(NC(=O)CCc2ncsc2C)=NC(=O)c2ccc3c(c2)N(C[C@@H]2CC[C@H]21)C[C@@]1(CCCc2cc(Cl)ccc21)CO3
CHEMBL5806414,COc1cccc(CC2(CN[C@@H]3CC3c3ccccc3)CCN(CCC(=O)O)CC2)c1
CHEMBL5806415,CC1CN([C@H]2CC[C@H](Nc3ncnc4ccc(C#N)cc34)CC2)CC(C)O1
CHEMBL5806416,CN(C)[C@H]1CCN(C(=O)c2ccc(Nc3nc4c(N5CCC(O)(c6ccc(Cl)cc6)CC5)cccn4n3)cc2)C1
CHEMBL5806417,C=CC(=O)N1CCC(Nc2cnc3[nH]cc(C(=O)NCC4CC(F)(F)C4)c3n2)CC1
CHEMBL5806418,CC(C)c1ccccc1-c1ncc2c(n1)n(Cc1ccc(-c3cn(C)cn3)cc1)c(=O)n2C
CHEMBL5806419,COc1cc2c(cc1OC)[C@H]1C[C@@H](COCC3CCNCC3)[C@H](CC(C)C)CN1CC2
CHEMBL5806420,CN1CCC(n2cnc(-c3ccc(F)cc3)c2-c2ccc3nc(NC(=O)c4ccncc4)cn3n2)CC1
CHEMBL5806421,CC(C)(C)NC(=O)c1cccc(NC(=O)Cc2ccc(F)cc2O)c1
CHEMBL5806422,CO[C@H]1CN(/C(N)=C(/C=C(/C)N)c2nc(C)no2)CC[C@H]1NCC(C)C
CHEMBL5806423,CCCCNc1ncc(-c2cn(C)cn2)c(N[C@H]2CC[C@H](O)CC2)n1
CHEMBL5806424,Cc1cc(OCc2nnc(SC3C=CCCC3)n2-c2cccnc2)ccc1C#CCNS(=O)(=O)C1CC1
CHEMBL5806425,N#Cc1ccc(Oc2cn[nH]c2-c2cccc(OCc3ccccn3)c2)cc1
CHEMBL5806426,NNC(=O)c1ccc(-c2noc(-c3ccc(OCCF)c(C(F)(F)F)c3)n2)cc1
CHEMBL5806427,COc1cc(-c2nnc(NS(=O)(=O)[C@H](C)Cc3ncc(F)cn3)n2-c2c(OC)cccc2OC)ccn1
CHEMBL5806428,COc1cc2nn(C3CCOCC3)cc2cc1NC(=O)c1csc(C)n1
CHEMBL5806429,FC(F)(F)c1cccc(N2CCN(C(=S)Nc3nc4ccccc4[nH]3)CC2)c1
CHEMBL5806430,COc1ccc(/C=C/C(=O)c2c(-c3ccccc3)c3cc(C)ccc3n(C)c2=O)cc1
CHEMBL5806431,CCC(C(=O)NS(C)(=O)=O)n1cc(CCCOc2cc(C)c(Cl)c(C)c2)c2ccccc21
CHEMBL5806432,CCc1c(C#N)c(S[C@@H](C(N)=O)c2ccc(F)cc2)nc(N2CC[C@H](O)C2)c1C#N
CHEMBL5806433,CC(C)(O)[C@H](F)CNC(=O)c1cnc(-c2ccc3cc(C#N)cnn23)cc1Nc1ccc(C(F)F)nc1
CHEMBL5806434,Cc1ccc(C(=O)N2CC[C@H](C)[C@H]2c2nc3c(C)cc(Cl)cc3[nH]2)c(-n2nccn2)c1
CHEMBL5806435,CNCC(O)COc1cccc(-c2nc(-c3c(C)noc3C)cc(N3CCN(n4c(C)nnc4C)CC3)n2)c1
CHEMBL5806436,COC(=O)C1=C(CN2CCN3C(=O)N(c4ccc(OC5CCC(C(=O)O)CC5)cc4F)C[C@@H]3C2)NC(c2nccs2)=N[C@H]1c1ccc(F)cc1Cl
CHEMBL5806437,O=C(O)C1(CCCCOc2ccc(-c3ccn[nH]3)nc2)CCCCC1
CHEMBL5806438,CC(=O)N1CCN(C(C=C(C)C)CC(C)(C)c2ccc(C(F)(F)F)cc2)CC1
CHEMBL5806439,C[C@@H]1CN(C(=O)NCCC2CCN(Cc3ccccc3)CC2)CCN1c1ccc(OC(F)(F)F)cc1
CHEMBL5806440,CC(=O)N[C@H]1[C@H](N2CCC[C@H](OCCOC(=O)N(C)C)C2)C=C(C(=O)O)C[C@@H]1N
CHEMBL5806441,O=C(NCc1ccc2nccn2c1)c1ccc(S(=O)(=O)Nc2cccc(Cl)c2)cc1
CHEMBL5806442,Cc1ncc(-c2cc(C(F)(F)F)c3c(N)ncnn23)cc1C(=O)NCC(Cc1ccccc1)NC(=O)OC(C)(C)C
CHEMBL5806443,CNCc1ccc(-c2cc(-c3nc(-c4ccc(=O)n(C(C)C(=O)NC)c4)cnc3N)on2)cc1
CHEMBL5806444,C=CC(=O)N1CCC[C@@H](NC(=O)c2sc3nccc4c3c2NC(=O)N4c2cccc(CCC)c2)C1
CHEMBL5806446,CCNc1ccc2c(n1)N(C)CCN(Cc1ccc(O[C@@H](CCNC)c3cccc(F)c3)cc1F)C2=O
CHEMBL5806447,Cn1c(N2CCC3(CCC[C@H]3N)CC2)nc2[nH]nc(-c3ccnc(Cl)c3Cl)c2c1=O
CHEMBL5806448,CC(C)(C)OC(=O)N1CC2N(C(=O)[C@H]3CC[C@H](C(=O)O)CC3)CCC2(S(=O)(=O)c2ccc(F)cc2)c2ccc(C(F)(C(F)(F)F)C(F)(F)F)cc21
CHEMBL5806449,CO[C@H]1CNC[C@@H]1NC(=O)c1sc2nccc3c2c1NC(=O)N3c1ccc(Oc2ccccc2)cc1
CHEMBL5806450,Cc1c(COc2cc(OCc3cncc(C#N)c3)c(CNC(C)(C)C(=O)O)cc2Cl)cccc1-c1ccc2ncoc2c1
CHEMBL5806451,CC1(C)CN(Cc2ccccc2)CCC1Oc1ccc(S(=O)(=O)Nc2ncns2)cc1Cl
CHEMBL5806452,O=c1cc(-c2c[nH]c3ncc(N4CCSCC4)cc23)ccn1Cc1ccc(Cl)c(Cl)c1
CHEMBL5806453,O=C(O)c1ccc(C(=O)N2CCC(c3nc(C4(CN[C@H]5CC5c5ccccc5)CC4)no3)CC2)cc1
CHEMBL5806454,C[C@@H]1CN(S(=O)(=O)c2ccc3occc3c2)C[C@@H]1n1nc(CC(=O)O)c2ccccc21
CHEMBL5806455,N#Cc1ccc(N2CCN(C(=O)CCO[C@@H]3CCC[C@H]3Oc3cn[nH]c(=O)c3C(F)(F)F)CC2)nc1
CHEMBL5806456,CCOc1cc(-c2ccc(N3C[C@H](NC)C[C@H](C(F)(F)F)C3)nc2)c2c(C#N)cnn2c1
CHEMBL5806457,Cc1noc(C)c1-c1ccc2nc(N3CCC(C#N)CC3)n3c2c1OC[C@@H]3c1ccccn1
CHEMBL5806458,Cn1cc(-c2cnc(N)c(C(=O)NC3COC[C@@H]3N3CCOCC3)c2)cn1
CHEMBL5806459,N#Cc1cccc(-c2ccc(S(=O)(=O)N[C@@H]3CCNC3)c(S(N)(=O)=O)c2-c2nnn[nH]2)c1N
CHEMBL5806460,Cc1cc(-c2[nH]c3ccc(-c4nnc(CCN(C)C)o4)cc3c2C(C)C)ccn1
CHEMBL5806461,C[C@@H]1C[C@H](N)C[C@H](c2ccncc2NC(=O)c2ccn3ncc(-c4c(F)cccc4F)c3n2)C1
CHEMBL5806462,CCS(=O)(=O)NC(=O)c1cc(C2CC2)c(OC[C@@H]2CC[C@@H](C)N([C@H](C)c3cc(Cl)cc(Cl)c3)C2)cc1F
CHEMBL5806463,COc1ccc2c3cc(-c4c(C)noc4C)cc(C(N)=O)c3n(CC3CC3)c2c1
CHEMBL5806464,COc1cccc2c1nc(N)n1nc([C@@H]3CCCN(c4ncns4)C3)nc21
CHEMBL5806465,COc1ccc(Br)c(Sc2nc3c(N)nccc3n2CCCNC(C)C)c1
CHEMBL5806466,C[C@H]1OCC2(CCN(c3ncc(Sc4ccnc(N)c4Cl)c4nncn34)CC2)[C@H]1N
CHEMBL5806467,COc1cccc2cc(-c3ncnc(Nc4ccc(OC(F)(F)F)cc4)c3C)ccc12
CHEMBL5806468,Cc1ccc2nc(-c3cncc(C(F)(F)F)c3)c(C(=O)N[C@H]3N=C(c4ccccc4)c4cccc(F)c4NC3=O)n2n1
CHEMBL5806469,Nc1nccn2c([C@@H]3CCCN3C(=O)C#CC3CC3)nc(-c3ccc(C(=O)Nc4ccccn4)cc3)c12
CHEMBL5806470,O=C(Nc1ccc(SC2CNC2)cc1)c1[nH]nc(C2CC2)c1Cl
CHEMBL5806471,O=C1OCCN1C(=O)c1ccc(OCc2ccccc2)cc1
CHEMBL5806472,CNC(=O)CC1(N2CCC(C)(CN[C@@H]3CC3c3ccccc3)CC2)CCC1
CHEMBL5806473,Cn1c(SCCCN2C[C@H]3CCN(c4ccc(C(F)(F)F)cc4)[C@H]3C2)nnc1[C@H]1COCCO1
CHEMBL5806474,CC(C)(N)c1ccc(Nc2nn([C@H]3COCC[C@@H]3C#N)c3cc[nH]c(=O)c23)cc1
CHEMBL5806475,Cn1cnc(S(=O)(=O)N2C[C@H](NCCC3CC3)[C@@H](c3ccccc3)C2)c1
CHEMBL5806476,CC1(C)C(=N)N[C@](C)(c2sc(-c3ccc(F)c(C(F)(F)F)c3)cc2Cl)CS1(=O)=O
CHEMBL5806477,CC(=O)N1CCc2c(c(Nc3ccc(-c4cnn(C)c4)c(F)c3)nn2C2CCOC2)C1
CHEMBL5806478,CN1C(=O)[C@@H](NC(=O)c2n[nH]c3c2C[C@@H](C(F)(F)F)CC3)CCn2nccc21
CHEMBL5806479,Cc1ncoc1-c1nnc(SCCCCN2CCC3CCN(c4ccc(C(F)(F)F)cc4)C3C2)n1C
CHEMBL5806480,Cc1ccc([C@@H](CC(=O)O)c2ccc3c(nnn3CC3CC3)c2C(F)F)cc1CN1CC2CCCN2c2ncccc2S1(=O)=O
CHEMBL5806481,CC(=O)N[C@@H]1CCN(C(=O)c2nc(N[C@@H](C)c3cccnc3)nc3ccsc23)C1
CHEMBL5806482,Cc1cc(C(=O)N2CCC[C@H]2c2nc(-c3cccc(Cl)c3C)no2)c(-n2cccn2)cc1C
CHEMBL5806483,N#CCC1(n2cc(-c3nc(-c4cn[nH]c4)cc4ncccc34)cn2)CN(CC(F)(F)F)C1
CHEMBL5806484,O=c1nc(N2CCC(F)(F)C2)c2ccc(Cl)cc2n1-c1ccccc1
CHEMBL5806485,CC[C@@H](NC(=O)N1C(=O)[C@H](Cc2ccnc(N)c2)[C@H]1C(=O)N(C)c1cccs1)c1ccn(C)n1
CHEMBL5806486,CNCCC(=O)NC1CC(=O)c2c([nH]c(-c3ccncc3)c2Nc2ccccc2)C1
CHEMBL5806487,O=C1CCc2c(Oc3ccc4c(c3)[C@H]3[C@H](NC(=O)Nc5ccc(F)c(F)c5F)[C@H]3O4)ccnc2N1
CHEMBL5806488,CC[C@H](c1cc(Cl)cc(Cl)c1)N1CCC(COc2cc(F)c(C(=O)NS(C)(=O)=O)cc2C2CC2)CC1
CHEMBL5806489,CC(C)C(O)c1ccc(N2CCN(C(C)c3ccc4c(c3)OCC4)CC2)nc1
CHEMBL5806490,COC1(c2ccnc(C(N)=O)c2)C2CCCC1CN(C(C)(C)C)C2
CHEMBL5806491,O=C(NCCCn1ccnc1)c1ccc2nc(-c3cccnc3)c(-c3ccccc3)nc2c1
CHEMBL5806492,COc1cc(/C=C(\C#N)C(N)=O)cc(-c2cnc3[nH]cc(-c4ccnc(OC)c4)c3c2)c1
CHEMBL5806493,O=C(NC[C@H](O)CN1CCc2ccccc2C1)c1cnnc(OC2CCNCC2)c1
CHEMBL5806494,Cc1cc(C)c(-c2ccc(NCCc3ccc(S(N)(=O)=O)cc3)nn2)c(O)c1
CHEMBL5806495,N#CCC1CCN(c2nc(Nc3ccc(OCCN4CCNCC4)cc3)c3c(=O)[nH]ncc3n2)CC1
CHEMBL5806496,N#Cc1cnn(-c2ccc(Cl)cc2-c2ccc([C@H]3CCCCC(=O)Nc4cnn(C(F)F)c4-c4cccc3c4)[n+]([O-])c2)c1
CHEMBL5806497,COCCN1C[C@@H](NC(=O)Nc2c(C)c(-c3cnc(C)s3)nn2-c2ccccc2)[C@H](c2ccc(F)c(F)c2)C1
CHEMBL5806498,Cc1nc(C(=O)N[C@@H](c2ccc(C(F)(F)F)cc2)C2(C)CC2)cc(=O)[nH]1
CHEMBL5806499,C[C@@H]1CC[C@H]1N1CC[C@H](NC(=O)c2cc(-c3ccc(F)cc3F)on2)[C@@H](C(=O)O)C1
CHEMBL5806500,COc1cc(Cn2cnc3cc(C#CC(C)(C)N)cnc32)cc2c1OC(c1coc(C)n1)CO2
CHEMBL5959575,O=C(O)c1ccc(NC(=O)C2c3cccc(-c4ccc5cn[nH]c5c4)c3CCN2C(=O)c2cn(-c3cccc(Cl)c3F)nn2)cc1
CHEMBL5959576,COc1ccc(-c2cc3c(cn2)c2[nH]ncc2c(=O)n3CC(F)(F)F)c(F)c1
CHEMBL5959577,Cn1ccc2c(-c3ncc(Nc4cncc(N5CC[C@@H]6CNC[C@@H]65)n4)c4c3CNC4=O)ccnc21
CHEMBL5959578,CCC(=O)N1CC=C(c2cc3c(N4CC(C(=O)N[C@@H](CCO)c5ccc(Cl)cc5)C4)ncnn3c2)CC1
CHEMBL5959579,CC(=O)NCCNCc1ccc(OCc2cccc(-c3ccccc3)c2C)cc1OCc1cccc2cccnc12
CHEMBL5959580,C[C@H](Oc1cc(-n2nc3n(c2=O)CCCC3)c(Cl)cc1C(=O)Nc1c(F)cccc1Cl)C(F)(F)F
CHEMBL5959581,N#Cc1cc(-c2ncnc3[nH]c(-c4cncc(N)n4)cc23)ccc1OC1CCOCC1
CHEMBL5959582,Fc1cccnc1OCc1cn(-c2ccc(Cl)c(OC(F)F)c2)nn1
CHEMBL5959583,CN(C)S(=O)(=O)c1cnc(NCc2ccc(-c3ccc4ncnc(N)c4c3)s2)c(C(=O)NCc2ccc(F)c(F)c2)c1
CHEMBL5959584,C=CC(=O)N1CCOc2cc(C(=O)N3CC[C@@H](Nc4ncc(Cl)c(OC)n4)C3)ccc21
CHEMBL5959585,NCCCNc1cccc(-c2ccnc3[nH]c4ccccc4c23)c1
CHEMBL5959586,O=C(NS(=O)(=O)c1ccc(NCC2CCOCC2)c([N+](=O)[O-])c1)c1ccc(N2CCC3(CC2)CC(N2CC(F)(F)CC2c2ccccc2C2CC2)C3)cc1Oc1cnc2[nH]ccc2c1
CHEMBL5959588,C[C@@H]1[C@@H](C)C[C@H]2C=CC[C@](O)(C2)[C@@H]2CC[C@H]2CN2C[C@@]3(CCCc4cc(Cl)ccc43)COc3ccc(cc32)C(=O)NS1(=O)=O
CHEMBL5959589,COc1cc(CO)c(-c2cn3ccc(N4CCN(C(=O)CO)CC4)nc3n2)cc1Cl
CHEMBL5959590,C[C@@H]1OCC2(CCN(c3cnc4c(N5CC[C@H](C)c6c(-c7cnn(C)c7)cccc65)n[nH]c4n3)CC2)[C@@H]1N
CHEMBL5959591,COC(=O)N1[C@H](C)C[C@H](N(Cc2ccc(OC)cc2)S(C)(=O)=O)[C@@H]1COC1CCC2(c3ncc(Cl)c(OC)n3)CC2C1
CHEMBL5959592,C[C@@H](COCC(=O)N(C)C1CN(c2ncc(C(F)(F)F)cn2)C1)Nc1cn[nH]c(=O)c1C(F)(F)F
CHEMBL5959593,O=C(CSC(c1ccccc1)c1ccc(Cl)cc1)NCCCc1ccc(Cl)cc1
CHEMBL5959594,Cc1cc(Nc2cc3ncccc3c(N[C@@H]3C[C@H]4CCC[C@@H](C3)N4Cc3ccc(C#N)nc3)n2)n[nH]1
CHEMBL5959595,O=S(=O)(Nc1nccs1)c1cc(Cl)c(N[C@H]2CCCc3ccccc32)cc1F
CHEMBL5959596,Cc1cncc(S(=O)(=O)N2C[C@H](CCC(=O)O)Oc3ccc(NC(=O)OC(C)(C)C(F)(F)F)cc32)c1
CHEMBL5959597,N#Cc1ccc(CN2CCC(NC(=O)c3ccc(C(=O)N4CCN(c5ccc(S(=O)(=O)C6CC6)cc5)CC4)cn3)CC2)cc1
CHEMBL5959598,O=C(c1ccc2[nH]nnc2c1)N1C[C@@H]2[C@H](C1)[C@H]1CN(C(=O)c3cc4ccc(Cl)cc4[nH]3)C[C@@H]21
CHEMBL5959599,CCc1nc(NC(=O)N[C@@H](c2ccccc2)C(C)(C)O)cc2cnn(-c3ccnc(C)c3)c12
CHEMBL5959600,C[C@H](C(=O)N[C@H](C)c1ccnc(N2CCN(C)CC2)n1)N1Cc2ccc(-c3nc(NC4CCOCC4)ncc3Cl)cc2C1=O
CHEMBL5959601,Cn1cc(-c2nc(N3CCOCC3)c3nc(C(=O)N4CC[C@H](O)C4)[nH]c3n2)cn1
CHEMBL5959602,O=C(CN1C[C@H]2C[C@H](Oc3ccccc3)C[C@H]2C1)c1ccc(O)cc1
CHEMBL5959603,COC1CN(Cc2nc(Nc3ccc(-c4cnc5cc(F)ccn45)c4c3C(=O)NC4)ccc2[C@H]2CCOC2)C1
CHEMBL5959604,CCN(Cc1ccc(C(=O)O)cc1)Cc1ccc([C@H]2COc3ccccc3O2)cc1
CHEMBL5959605,O=C(Nc1cnc(-n2nccn2)c(Cl)c1)c1cnn(-c2ccc(F)c3nccn23)c1C(F)(F)F
CHEMBL5959606,CCCCN(CC)C(=N)/C(=N\S(=O)(=O)c1ccc(Cl)cc1)N1CC(c2ccccc2)C(c2ccc(Cl)cc2)=N1
CHEMBL5959607,CC(c1ccc(OC(F)(F)F)c(F)c1)n1nc(CF)c2c(=O)[nH]c(N(C)C)nc21
CHEMBL5959608,COCCN[C@H](CC(C)C)c1nc2cc(-c3cnco3)ccc2[nH]1
CHEMBL5959609,Cn1nc2c(c1-c1cc(F)c(F)c(F)c1)C[C@@H]1CCC[C@H]2N1C(=O)c1ccnc2ccccc12
CHEMBL5959610,O=S(=O)(c1ccc(F)cc1)[C@@]12CC[C@@H](Nc3ccccc3)[C@@H]1CCc1cc(C(F)(C(F)(F)F)C(F)(F)F)ccc12
CHEMBL5959611,Nc1ncnc2c(C3CCCC3)nn(-c3ccc(Oc4cccc(OCc5cncs5)c4)cc3)c12
CHEMBL5959612,Cc1cc(-n2c(C3CC3)nc3ccc(C(F)(F)F)nc32)cc2cn[nH]c12
CHEMBL5959613,O=S(=O)(NCC1CCCO1)c1ccc(S(=O)(=O)N(Cc2ccccc2)Cc2ccc(Cl)cc2)cc1
CHEMBL5959614,COc1ccc(Cn2c(=O)n3ncnc3c3ccc(CN4C[C@@H](C)O[C@@H](C)C4)nc32)cc1
CHEMBL5959615,C[C@@H]1[C@H](CNC(=O)Oc2ccccc2)Oc2ccc(NC(=O)OC(C)(C)C(F)(F)F)cc2N1S(=O)(=O)c1ccc(F)c(F)c1
CHEMBL5959616,Clc1cccc(CSc2nnc(CCc3c[nH]c4ccccc34)n2CCCc2c[nH]cn2)c1
CHEMBL5959617,CS(=O)(=O)c1cncc(-c2ccnc(-c3ncc(-c4ccccc4)[nH]3)c2)c1
CHEMBL5959618,Nc1ncnc(N2CCCC(c3cccc(NC(=O)Nc4ccccc4)c3)C2)c1Cl
CHEMBL5959620,NCc1ccc(C#Cc2ccc(C(CO)Cc3nc[nH]c(=O)c3O)cc2)cc1
CHEMBL5959621,C=CC(=O)N(C)c1cccc(-n2c(=O)n(-c3ccc(C(=O)Nc4ccccn4)cc3)c3c(N)ncnc32)c1
CHEMBL5959622,CCO[C@H]1CC[C@@H](C(=O)N2Cc3cccnc3Nc3ccc(N4CCOCC4)cc32)CC1
CHEMBL5959623,C=CC(=O)N[C@H]1CC[C@H](NC(=O)c2sc3nccc4c3c2NC(=O)N4c2cnc(Oc3ccccc3)cc2C)C1
CHEMBL5959624,COc1cc2c(Nc3ccc(C(F)(F)F)cc3Br)ncnc2cc1O[C@@H]1CO[C@@H]2[C@H]1OC[C@H]2F
CHEMBL5959625,Cc1cnc(-c2cnc3[nH]ccc3c2N[C@@H]2CCCN(C(=O)CC#N)C2)o1
CHEMBL5959626,N=C(N)NC(=O)OCc1ccnc(N2CCN(c3nccs3)CC2)c1F
CHEMBL5959627,Nc1ncnn2c(-c3cccc(C4(N5CCC(=O)CC5)COC4)c3)cc(-c3cnnn3C3CCOCC3)c12
CHEMBL5959628,CCc1ccncc1-c1cc2cc(NC(=O)[C@@H]3C[C@@H]3C#N)ncc2c(N)n1
CHEMBL5959629,CNc1cc(-c2cnc3n([C@H]4CCOC[C@@H]4O)cccc2-3)nc2c(C(=O)N[C@H]3CC[C@@H]3F)cnn12
CHEMBL5959630,CC1(c2ccc(O)c(F)c2)C(=O)Nc2nc(-c3cn4ccnc4c(Cc4cccc(Cl)c4)n3)nc(N)c21
CHEMBL5959631,COC(=O)c1c(C(F)(F)F)nn2c(C3CCNCC3)cc(=O)[nH]c12
CHEMBL5959632,CCN(CC)[C@@H](C)CNC(=O)c1cc(-c2cnn3ccc(-c4cccs4)nc23)nc(N2CC(C(N)=O)C2)c1
CHEMBL5959633,Cc1nnn(C)c1-c1cnc2c3ccc(N4CCN(CC(F)(F)F)CC4)nc3n([C@H](c3ccccc3)C3CCOCC3)c2c1
CHEMBL5959634,Cc1cc(-c2nc(N=S(C)(C)=O)cc(N3CCOC[C@H]3C)n2)ccn1
CHEMBL5959635,COc1cc(Cn2cnc3cc(-n4ccnc4C)cnc32)cc2c1OC(c1ccc(C)nc1)CC2
CHEMBL5959636,O=C(O)c1ccc(N2CCC(c3nc(C4(CN[C@H]5CC5c5ccccc5)CC4)no3)CC2)cn1
CHEMBL5959637,Cc1noc2ccn(CCN3CCC(c4noc5ccccc45)CC3)c(=O)c12
CHEMBL5959638,CCN1CCC[C@@H](Cn2ccc3c(-c4ccc(C#N)c(F)c4)c(-c4ccc5c(cnn5C)c4)ncc32)C1
CHEMBL5959639,CC(C)O[C@@H](c1ncc(Cl)cn1)[C@H](C)S(=O)(=O)Nc1nnc(-c2ccn(C)n2)n1C1(C)CC1
CHEMBL5959640,COc1ccc(-c2ccc(F)c(CO[C@H]3C[C@@H](N=C=S)C3)c2)cc1F
CHEMBL5959641,O=c1[nH]c(CSC2CCOCC2)nc2cc(OCC3CCOCC3)cc(F)c12
CHEMBL5959642,C[C@@H]1CN(C#N)C[C@H]1c1n[nH]c(-c2cccc(-c3ccccc3)c2)n1
CHEMBL5959643,Cc1cc(F)cc(-c2cnc3ccc(-c4cc(F)cc(C#N)c4O)cc3c2N2CC[C@H](N)[C@H](O)C2)c1
CHEMBL5959644,CC1(O)CCN(C(=O)[C@H]2C[C@@](c3ccc(C(F)(C(F)(F)F)C(F)(F)F)cc3)(S(=O)(=O)c3ccc(F)cc3)C2)CC1
CHEMBL5959645,CO[C@H]1CC[C@H](C(=O)N2Cc3cccnc3Nc3ccc(N4CC[C@@H](CF)C4)cc32)CC1
CHEMBL5959646,C[C@]1(CC2CC2)C(=N)N[C@](C)(c2cc(NC(=O)c3ccc(Cl)cn3)ccc2F)CS1(=O)=O
CHEMBL5959647,C=CC(=O)Nc1cc(Nc2nccc(-c3cc(F)c4cnn(C(C)C)c4c3)n2)c(OC)cc1N(C)CCN(C)C
CHEMBL5959648,CC[C@H](NC(=O)[C@H](C)NC)C(=O)N1C[C@@H](F)C[C@H]1Cc1c(-c2nc3cc(F)ccc3n2C[C@@H]2[C@@H](C)[C@@H](C)CN2C(=O)[C@H](CC)NC(=O)[C@H](C)NC)[nH]c2cc(F)ccc12
CHEMBL5959649,CS(=O)(=O)CC(=O)Nc1c2c(nn1CCC1CC1)C[C@@]1(CCc3cc(OCC(F)F)ccc31)NC2=O
CHEMBL5959650,COCC1Cn2cc(-c3nnc(Cc4ccc(F)cc4F)s3)c(=O)c(O)c2C(=O)N1CC(C)C
CHEMBL5959651,N#Cc1cccc(F)c1-c1cc(-n2ccc(N3CCOC[C@@H](O)C3)n2)c2c(n1)CNC2=O
CHEMBL5959652,CN(C)C(=O)[C@H]1CC[C@H](Nc2cc(C(=O)NC[C@H](O)CN3CCc4ccccc4C3)ncn2)CC1
CHEMBL5959653,Cc1cc(-c2cc(Cl)ccc2OCCn2c(C)nc3cc(Cl)c(C(F)F)c(C#N)c3c2=O)c2scc(C(=O)O)c2n1
CHEMBL5959654,Cc1cc(-c2cc(Cl)ccc2OCCc2nc3cc(N4CCN(C)CC4)c(C(F)(F)F)cc3nc2C)c2scc(C(=O)O)c2n1
CHEMBL5959655,Cc1c(OCCNCCCF)ncnc1[C@@H]1c2[nH]c3ccccc3c2C[C@@H](C)N1CC(F)(F)CO
CHEMBL5959656,O[C@H]1CCCN[C@@H]1CCCn1cnc2cc(Cl)cc(-c3cn[nH]c3)c21
CHEMBL5959657,CCOc1nc(-c2cccc(-c3cccc(-c4ccc(CNCCO)c(OCC)n4)c3C)c2C)ccc1CNCCO
CHEMBL5959658,CN1CCC(N(C)C(=O)c2ccc(Nc3nc4c(C5=CCN(C(=O)CC(F)(F)F)CC5)cccn4n3)cc2)CC1
CHEMBL5959659,Cc1c(C#N)cnc(C(=O)Nc2ccc3[nH]nc(C=C4CCOCC4)c3c2)c1C
CHEMBL5959660,CNC(=O)c1c(-c2ccc(F)cc2)oc2cc(N(CCOCCOCCOCCCc3cccc(C(=O)CC(=O)C(=O)O)c3)S(C)(=O)=O)c(C3CC3)cc12
CHEMBL5959661,CC(=O)N1CCC(N(Cc2ccc(C)o2)C(=O)Nc2cc(Cl)ccc2Cl)CC1
CHEMBL5959662,Cc1c(O[C@H]2CCCC[C@@H]2c2c[nH]nc2N)ccc(S(=O)(=O)Nc2ccncn2)c1F
CHEMBL5959663,Cc1ccc(S(=O)(=O)NC23COC(CO)(C2)C3)cc1-c1cnc(N)c(-c2cnc(C3CC3)s2)n1
CHEMBL5959664,CN(C)c1ncccc1-c1ncc2[nH]c(=O)n(Cc3ccc(-c4nc(C(F)(F)F)cn4C)cc3)c2n1
CHEMBL5959665,Cc1cc(C(F)(F)F)cc2c1nc(Cc1c(Cl)ccc(CN3CCC(CC(C)(C)O)CC3)c1Cl)n2C
CHEMBL5959666,CN(c1ccc2c(c1)CCC[C@H]2CNc1cnccc1C(=O)O)C1CCOCC1
CHEMBL5959667,CC1(C)CN(c2ccccc2NC(=O)Nc2csc(Cl)n2)c2c(O)cc(F)c(-c3ccc(Cl)cc3)c21
CHEMBL5959668,CCc1cc(O)ccc1Nc1n[nH]c(-c2ccc(I)cc2)c1F
CHEMBL5959669,Nc1cc(Cc2cnn(-c3ccc(F)cc3)c2)c2nn[nH]c2n1
CHEMBL5959670,Cc1c(NC(=O)Nc2ccc(Oc3ccnc(Nc4ccccc4)c3)c3ccccc23)cc(C(C)(C)C)cc1P(C)(C)=O
CHEMBL5959671,O=C(NS(=O)(=O)c1ccc(NCC2CCOCC2)c([N+](=O)[O-])c1)c1ccc(-c2ccc(N3CCCC3c3cccc4c3OCC4)cc2)cc1Oc1cnc2[nH]ccc2c1
CHEMBL5959672,Cc1ccc(NC(=O)c2ccnc(C(C)(F)F)c2)cc1-c1cc(N2CCOC[C@H]2C)c(=O)n(C)n1
CHEMBL5959673,NC(=O)c1cnc(N2CCC[C@H](N)C2)nc1Nc1cccc(C(=O)N2CCCC2)c1
CHEMBL5959674,CN(c1nccnc1CNc1nc(Nc2cccc(C(N)=O)c2)ncc1C(F)(F)F)S(C)(=O)=O
CHEMBL5959675,CC(C)(C)NC(=O)N1CCc2c(-c3cccc(C(=O)NC4CC4)c3)ccc(CNC(=O)C3C[C@H]3c3ccccc3)c2C1
CHEMBL5959676,C[C@@H]1CC[C@@H](c2cc([C@](C)(O)C(F)F)on2)CN1C(=O)c1ccccc1-n1nccn1
CHEMBL5959677,Cc1cccc(-c2ccc(Cn3cc(C(=O)N[C@H]4CCCC[C@@H]4O)c4ncccc43)c(F)c2)n1
CHEMBL5959678,Fc1cc(Cl)ccc1-c1cccc2ncnn12
CHEMBL5959679,CNC(=O)N1CC=C(c2cc3c(-c4cc(F)ccc4OC)c(F)cnc3[nH]2)CC1
CHEMBL5959680,CC(C)c1c(-c2cc(C3CC3)c3ncnn3c2)[nH]c2ccc(C3CCNCC3)cc12
CHEMBL5959681,O=C1N(Cc2nc3cc(Cl)ccc3n2C2CNS(=O)(=O)C2)c2cnccc2C12CC2
CHEMBL5959682,COc1nc(Nc2ccc(CN3CCN(C)CC3)cc2)nc2[nH]cc(-c3ccc(C#N)cc3)c12
CHEMBL5959683,CCc1ncc(C(=O)Nc2ccc([C@@H]3O[C@H]4CN[C@@H]3C4)cc2)cn1
CHEMBL5959684,Cc1c(-c2ccccc2)nc2ccc(Br)cc2c1C(=O)NC12CCC(C(=O)O)(CC1)C(=O)C2
CHEMBL5959685,CCN(CC)[C@@H](C)CNC(=O)c1cc(-c2cnn3ccc(-c4cccs4)nc23)nc(N2CC[C@H]2C(=O)NCC#N)c1
CHEMBL5959686,COc1cc(F)cc([C@@H](CO)NC(=O)[C@@H](C)N2Cc3ccc(-c4nc(Nc5nc(C)no5)ncc4Cl)cc3C2=O)c1
CHEMBL5959687,FC(F)(F)Cc1nnc2c(Cl)c(N3CCC(c4cc(Cl)cc(Cl)c4)CC3)cnn12
CHEMBL5959688,CCC(CC)n1cc(-c2nc(-c3cnn(CCN4CCOCC4)c3)cn3nccc23)cn1
CHEMBL5959689,O=C(NCc1cccs1)[C@@H]1CN(C(=O)Oc2ccccc2Cl)CCN1C(=O)[C@@H](CCCCN1CCCCC1)NC1CCC2(CC1)CCN(Cc1ccccc1)C2
CHEMBL5959690,COC(=O)N1[C@H](C)C[C@H](NS(=O)(=O)N(C)C)[C@@H]1COC1CCC2(c3ccccn3)CC2C1
CHEMBL5959691,CC(C)(C(=O)O)C(O)c1cc(C2CC2)cn2cc(Cn3cc(C(=O)NCc4ncn5ccc(Cl)c(F)c45)nn3)nc12
CHEMBL5959692,Cc1cnc(N2CCC(NC3CCOCC3)CC2)c(-c2cnc(C)cn2)c1
CHEMBL5959693,CC(C)(O)c1ccc(-c2ccc3nc4c(n3n2)C(c2ccccc2OC(F)F)OCC4(O)c2ccncc2)cc1
CHEMBL5959694,CCOc1cc(C(=O)N2C[C@@H]3CN(C(=O)c4ccc5[nH]nnc5c4F)C[C@H]3C2)nc2ccccc12
CHEMBL5959695,CS(=O)(=O)Nc1cc(Cl)cc(-c2ccc(Oc3ccc(F)cc3)cc2)n1
CHEMBL5959696,Cc1cc(-c2[nH]c3ccc(C4CCN(CC(=O)NCC5CC5)CC4)cc3c2C(C)C)cc(C)n1
CHEMBL5959697,C[C@H]1C(=O)NC[C@@H]1C(=O)Nc1cc(-c2cc(F)cc(OC(C)(C)C(F)(F)F)c2)n(-c2ccc(C(F)(F)F)nc2)n1
CHEMBL5959698,CC[C@@H](NC(=O)N1C(=O)[C@H](Cc2ccnc(N)c2)[C@H]1C(=O)N(C)c1nccn1C)c1cc(F)c(F)c(F)c1
CHEMBL5959699,C[C@H]1C(=O)C(C#N)=C[C@@]2(C)c3nc(-c4ccnc5ccccc45)nc(-c4ccc(F)cc4)c3CC[C@H]12
CHEMBL5959700,COc1nc(N2CC3CCC(C2)N3)c2cnc(-c3cccc4cccc(C)c34)c(F)c2n1
CHEMBL5959701,CCS(=O)(=O)NC1COCc2c(-c3ccc4c(c3)CC(=O)N4)cncc21
CHEMBL5959702,COCC(C)(C)C(=O)n1nc(-c2cccn(Cc3cccnn3)c2=O)cc1NCc1ccc(Cl)s1
CHEMBL5959703,N#Cc1cccc(-c2cc(C(=O)Nc3cnn(Cc4ccccc4)c3)no2)c1
CHEMBL5959704,Cc1nn(Cc2ccc(C(F)(F)F)nc2)c2ncc(C(=O)Nc3ccc(C(F)(F)F)cc3)c(Cl)c12
CHEMBL5959705,Cc1c(-c2ccccc2)cccc1-c1cn2nc(CNCCO)ccc2n1
CHEMBL5959706,C[C@H](NCc1ccc2c(c1)nc(NC(=O)c1ccc(C(F)F)s1)n2C[C@H]1CCCN1C(=O)C(C#N)=CC(C)(C)C)C(C)(C)C
CHEMBL5959707,Nc1c2c(nn1C(=O)C1CCNc3ccc(F)cc31)CCOC2
CHEMBL5959708,CN[C@@H](C)C(=O)N[C@H]1CCS[C@H]2CC(C)(C)C(C(=O)N[C@H]3c4ccccc4C[C@H]3OCCOCCO[C@@H]3Cc4ccccc4[C@@H]3NC(=O)[C@H]3N4C(=O)[C@@H](NC(=O)[C@H](C)NC)CCS[C@H]4CC3(C)C)N2C1=O
CHEMBL5959709,CCN(CCN(C)c1nccc(C(C)(C)O)n1)C(=O)c1ccccc1C1CC1
CHEMBL5959710,Cc1nc2c(-c3nnc[nH]3)cc(N3CCOCC3)cc2n1-c1cc(N2CCNCC2)nc2ccccc12
CHEMBL5959711,CC(=O)N1CCN(c2ccnc(-c3cnc4ccc(C(F)F)cn34)n2)CC1
CHEMBL5959712,CC(=O)N1CCC(c2ccc3c(c2)[nH]/c(=N\C(=O)c2ccnc(-c4cnn(C)c4)c2)n3C2CCCC2)CC1
CHEMBL5959713,CCNc1nc(Nc2cn(C(C)(C)C#N)nc2C)ncc1C(F)(F)F
CHEMBL5959714,Cn1nc(OCCOc2ccc(F)cc2)c2ccc(Nc3n[nH]c4cccnc34)cc21
CHEMBL5959715,COc1ccc([C@H]2CCN(C(=O)CC(C)C)C[C@@H]2NC(=O)Nc2ccc(Cl)cc2)cc1
CHEMBL5959716,COC(=O)N1CCN(c2nc(C3CC3)c3c(c2C#N)CC(C)OC3)C[C@H]1C(C)C
CHEMBL5959717,O=C(O)CCCc1ccc(OCc2cc(F)ccc2-c2cnc3c(c2)CCC3)cc1
CHEMBL5959718,C=CC(=O)Nc1cccc(Oc2nc(Nc3cccc(OCCN4CCCC4=O)c3)ncc2F)c1
CHEMBL5959719,N[C@@H]1c2ccccc2CC12CCN(c1cnc3c(C#Cc4ccccc4)n[nH]c3n1)CC2
CHEMBL5959720,CNC(=O)c1cn(C)c2c1C(=O)N(c1cc(C)c3nnn(C)c3c1)C2c1ccc(Cl)cc1
CHEMBL5959721,CN(C(=O)C(=O)NC1CC1)[C@@H](Cc1ccccc1)C(=O)N1C[C@]2(C[C@H]1C#N)C(=O)Nc1ccccc12
CHEMBL5959722,O=C(O)CCC(=O)Nc1ccc(-c2cc(NCCCC3CCCNC3)c3ccccc3n2)cc1
CHEMBL5959723,C=CC(=O)N1CCC[C@@H](Nc2ncnc3[nH]cc(-c4ccc(C(=O)N(C)C)cc4)c23)C1
CHEMBL5959724,Cn1nccc1Nc1nccc(-c2cc3n4c(nnc4c2)C(CC(F)(F)F)CCO3)n1
CHEMBL5959725,CC1(C)Cc2nc(Nc3cc4c(C(C)(C)N)ccc(Cl)c4cn3)ccc2C(=O)O1
CHEMBL5959726,CN[C@@H](C)C(=S)N[C@H]1CCS[C@H]2CC(C)(C)[C@@H](C(=O)N[C@H](COCC#CC#CCOC[C@@H](NC(=O)[C@H]3N4C(=O)[C@@H](NC(=S)[C@H](C)NC)CCS[C@H]4CC3(C)C)c3ccccc3)c3ccccc3)N2C1=O
CHEMBL5959727,CC[S+]([O-])Nc1ccc(-c2ncnc3cc(-c4ccc(F)cc4)sc23)cc1
CHEMBL5959728,CCCCCCCCCCCC(=O)Oc1cc(C(F)(F)F)ccc1-c1cn(-c2cc([N+](=O)[O-])ccc2NC)cn1
CHEMBL5959729,Cc1nc2cc(C(F)(F)F)cc(C#N)c2c(=O)n1CCOc1ccc(Cl)cc1-c1cc(C(N)=O)nc2c(C(=O)O)csc12
CHEMBL5959730,CSCC(NC(=O)CCC(C)C)C(=O)N1C[C@H](O)C[C@H]1C(=O)NCc1ccc(-c2scnc2C)cc1
CHEMBL5959731,CCS(=O)(CC)=Nc1cc(N2CCOC[C@H]2C)nc(-c2ccnc3[nH]ccc23)n1
CHEMBL5959732,COCCN1C[C@@H](NC(=O)Nc2c(C)c(-c3ccc(CN(C)C)nc3)nn2-c2ccccc2)[C@H](c2ccc(F)c(F)c2)O1
CHEMBL5959733,COc1cc(OC)c(S(=O)(=O)Nc2noc3cc(Cn4cccn4)cc(OC)c23)c(OC)c1
CHEMBL5959734,CC(C)C(=O)NC1COCc2c(-c3ccc4cnn(C)c4c3)cncc21
CHEMBL5959735,COCCOc1cccc(OCCN)c1
CHEMBL5959736,CC1Oc2cc(C(=O)NCc3cccc(C(=O)NC4CC4)c3)ccc2-c2ccncc21
CHEMBL5959737,Cc1cn2c(n1)CN(C(=O)Nc1cc3cc(-c4cnc(C)o4)ccc3cn1)CC2
CHEMBL5959738,O=C(CCCCC1CCCCC1)Oc1ccc(/C=C2\SC(=O)NC2=O)cc1Cl
CHEMBL5959739,[C-]#[N+]c1ccc(NC(=O)N2CCn3nc(-c4ccc(F)c(F)c4)c(C(N)=O)c3C2)cc1Cl
CHEMBL5959740,O=C(Nc1cn2nc(-c3c(-c4ccc(F)cc4)nc(C4CC4)n3C3CCN(CCC(F)(F)F)CC3)ccc2n1)c1ccnc(F)c1
CHEMBL5959741,O=C1Nc2cn(C3CCOCC3)nc2C(=O)NCCCCCCn2cc(cn2)-c2cccc1n2
CHEMBL5959742,COc1cc(C2CCNCC2)ccc1Nc1ncc(C(F)(F)F)c(Nc2ccccc2NS(C)(=O)=O)n1
CHEMBL5959743,COc1ccnc(NC(=O)c2ccc(-c3nn([C@@H]4CCCN(C(=O)C5(C)COC5)C4)c4ccnc(N)c34)cc2)c1
CHEMBL5959744,O=C(NO)c1cccc2c1CC1(CCN(Cc3ccc(C(F)(F)F)c(F)c3)C1=O)C2
CHEMBL5959745,COc1cc(-c2nc(N=S(C)(C)=O)cc(N3CCOC[C@H]3C)n2)cc(N)n1
CHEMBL5959746,O=C(C[C@@H]1CCc2cc(C(O)(C(F)(F)F)C(F)(F)F)ccc2N1S(=O)(=O)c1ccc(F)cc1)NC1COCCC1O
CHEMBL5959747,CC(CC#N)n1nc(Nc2ccc(C(F)(F)F)cc2)c2c(=O)[nH]ccc21
CHEMBL5959748,CC(C)n1cnc2cc(-c3ccc4c(c3)N(C3CC(C)(N5CCCCC5)C3)C(=O)C4(C)C)nc(Nc3cc(C(=O)NC4(CF)CC4)c(Cl)c(F)c3F)c21
CHEMBL5959749,CN(C)c1cc(N(C)C)cc(S(=O)(=O)c2cccc3c(=O)n(O)c(=O)[nH]c23)c1
CHEMBL5959750,C[C@@](CO)(OC[C@H]1O[C@@H](n2ncc3c(NC4CCC4)nc(Cl)nc32)[C@H](O)[C@@H]1O)P(=O)(O)O
CHEMBL5959751,Cc1noc(Cn2c(=O)c3c(ncn3CC(=O)Nc3csc(-c4cnc(C(F)(F)F)c(C)c4)n3)n(C)c2=O)n1
CHEMBL5959752,CCOC(=O)C(C)(C)n1cc(Nc2ncc3ccn(CC(CC)CC)c3n2)cn1
CHEMBL5959753,O=C(c1cnc(NC2(c3cncnc3)CC2)nc1)N1CCCC2(CCCC[C@H]2O)C1
CHEMBL5959754,CCOc1cnc(CC2CCN(C(C)=O)CC2)cc1C(=O)NC[C@@H](O)[C@@H]1Cc2ccccc2CN1
CHEMBL5959755,NC(=O)[C@H]1CCCC[C@H]1NC(=O)c1ccc(N2CC(F)(F)C2)c(OCC2CC2)n1
CHEMBL5959756,CC1(C(=O)N2CCC[C@@H](c3nc(-c4ccc(C(=O)Nc5cc(C(F)(F)F)ccn5)cc4)c4c(N)ncc(/C=C/c5ccccc5)n34)C2)COC1
CHEMBL5959757,CC(C)(C)N1CCC(NC(=O)c2cc(-c3ccc(F)cc3F)on2)C(C(=O)NC2(c3ncccn3)CC2)C1
CHEMBL5959758,Cc1ccc(OC(F)F)cc1NC1=NC(=O)N(C)C2=NCC(c3cc(F)c(F)c(F)c3)N12
CHEMBL5959759,Cc1c(C(=O)NC(C)C)cc(Nc2nc(-c3cnc4c(c3)N(C3CC(C)(N5CCCCC5)C3)C(=O)C4(C)C)cc3ncn(C(C)C)c23)c(F)c1F
CHEMBL5959760,CN1CCN(c2ccc(Nc3ncc(F)c(Nc4cccc(NS(=O)(=O)C(C)(C)C)c4)n3)cc2)CC1
CHEMBL5959761,CC1CN(Cc2ccc(-c3ccc(CO[C@H]4CCC[C@@H]4NC(=O)c4cc(-c5cnn(C)c5)cnc4N)cc3)cc2)C(C)CN1C
CHEMBL5959762,Cc1cn2c([C@H]3C[C@@H]3F)ncc2c(=O)n1Cc1cccc(F)c1
CHEMBL5959763,Cn1nc(-c2c(-c3cccc(C#N)c3)nc(N)c3nc(Cc4ccccn4)nn23)ccc1=O
CHEMBL5959764,CC1(C)CC(=O)c2c([nH]c(-c3ccncc3)c2Nc2cc(Cl)cc(Cl)c2)C1
CHEMBL5959765,Cc1ncsc1-c1ccc(CNC(=O)[C@@H]2C[C@@H](O)CN2C(=O)[C@H](C(C)C)N2Cc3cccc(Br)c3C2=O)cc1
CHEMBL5959766,CN(c1ccc(F)cc1F)C1CCC(=O)NC1=O
CHEMBL5959767,CS(=O)(=O)N(Cc1ncc(-c2nnc(C(F)F)o2)s1)c1cccc(Cl)c1
CHEMBL5959768,COCCc1ccc(-c2ccc(C(=O)N3C[C@@H]4C[C@H]3CN4)cc2-c2ccc(C#N)c(F)c2)c(F)c1
CHEMBL5959769,CC1=C(/C=C/c2cccc(CC(C)CN)c2)C(C)(C)CCC1
CHEMBL5959770,CN1Cc2cc(Nc3nn(C4(CC#N)CCCCC4)c4cc[nH]c(=O)c34)ccc2S1(=O)=O
CHEMBL5959771,Cc1ccc(-n2nc(NC(=O)CS(C)(=O)=O)c3c2C[C@]2(CCc4cc(OCCCC(F)(F)F)ccc42)NC3=O)cc1
CHEMBL5959772,CCOCc1cnc(F)nc1Oc1ccc2c(ccc3sc4c(c32)NC[C@@H](C)NC4=O)n1
CHEMBL5959773,COc1ccccc1CC(=O)N1CCN(c2nc(C3CCCCC3)c3c(c2C#N)CCOC3)C[C@H]1C
CHEMBL5959774,O=C(CC1CCCC1)Nc1cn(CCCCn2cc(C(=O)NCC3CCCC3)nn2)nn1
CHEMBL5959775,O=C(Cc1cccnc1)Nc1cn(CCCCn2cc(C(=O)NCC3CCCC3)nn2)nn1
CHEMBL5959776,O=S(=O)(NCc1ncn2ccc(Cl)c(F)c12)c1cnn(Cc2cn3cc(C4CC4)ccc3n2)c1
CHEMBL5959777,Cc1nn(C)c2c1-c1cccc3c(CCCOc4cccc5ccccc45)c(C(=O)O)n(c13)CCCCN2
CHEMBL5959778,Clc1c(NC2CCC(c3ccccc3)CC2)cnn2c(CC3CC3)nnc12
CHEMBL5959779,COC(=O)N1c2ccc3c(nc(CCc4cc(C)no4)n3[C@H]3CC[C@H](C(=O)O)CC3)c2CC[C@@H]1C
CHEMBL5959780,COc1cc2c(cc1C(=O)O)nc(Cc1ccc(OC(F)(F)F)cc1)n2[C@H]1C[C@@H](C)CC(C)(C)C1
CHEMBL5959781,COc1cccc([C@@H](NC(=O)[C@H](Cc2cccc(Cl)c2)NC(=O)c2ncccc2C)C(=O)N[C@H](C(=O)C(F)(F)F)C(C)C)c1
CHEMBL5959782,COc1ccc(C2COc3cc(Cn4cnc5cc(N6CC(OC)C6)cnc54)cc(OC)c3O2)c(OC)n1
CHEMBL5959783,Cc1c(F)cc(-c2cc(C(F)(F)F)c3c(N)ncnn23)cc1C(=O)N[C@@H]1CN(C(=O)CC(C(F)(F)F)C(F)(F)F)C[C@@H]1F
CHEMBL5959784,COc1ccc(-c2[nH]c3ccc(-c4cccc(C(=O)N[C@H]5CC[C@H](N)CC5)c4)cc3c2C(C)C)cc1OC
CHEMBL5959785,C[C@H](NC(=O)[C@@H](CCc1ccccc1)NCc1ccccc1N1CCN(C)CC1)C(=O)NCc1ccc(C(=N)N)cc1
CHEMBL5959786,O=C(NO)c1ccc(OCCN2CCC(CNC3CC3c3ccccc3)CC2)nc1
CHEMBL5959787,N#Cc1cc(F)cc(Oc2ccc3c(c2C#N)C(O)(C(F)(F)F)CS3(=O)=O)c1
CHEMBL5959788,COCCC(C(=O)Nc1ccc(C(N)=O)nc1)n1cc(OC)c(-c2cc(Cl)c(F)cc2C#N)cc1=O
CHEMBL5959789,CO[C@@]1(CC(=O)N(C)C2CCCC2)/C=C\C[C@H](C)[C@@H](C)S(=O)(=O)NC(=O)c2ccc3c(c2)N(C[C@@H]2CC[C@H]21)C[C@@]1(CCCc2cc(Cl)ccc21)CO3
CHEMBL5959790,CC[C@H]1CCc2nnc(-c3cccc(N4Cc5c(cc(N6CCC[C@H]6C)nc5[C@@H](C)N)C4=O)n3)n21
CHEMBL5959791,CC[C@@]1(Nc2cc(-c3cnc(N)nc3)nc(N3CCOCC3)n2)CCN(C(=O)OC(C)(C)C)C1
CHEMBL5959792,CC(C)(O)[C@H](F)CNC(=O)c1cnc(-c2ccc3cc(C#N)cnn23)cc1N[C@H]1CC[C@H](c2cncs2)CC1
CHEMBL5959793,COc1nc2ccc([C@@](O)(c3ccccc3)C3CCN(C(C)=O)CC3)cc2c(Cl)c1C1CCOCC1
CHEMBL5959794,COc1cnc(N2C[C@]3(CC[C@](c4ccccc4)(N(C)C)CC3)N(CC3CCC3)C2=O)cn1
CHEMBL5959795,Cc1nccc(Nc2cc(-c3cnc(Cl)c(N)c3C)ccn2)n1
CHEMBL5959796,Cc1cnc(N(C)S(C)(=O)=O)c(CNc2nc(-c3cc(F)c(O)cc3CC(F)(F)F)cc3[nH]nc(C(N)=O)c23)c1
CHEMBL5959797,CC(C)[C@@H]1CN1S(=O)(=O)N(CC(=O)N(c1cccc(F)c1)C(C(=O)NC1CCCCC1)c1ccccc1Cl)C(=O)OC(C)(C)C
CHEMBL5959798,CC[C@H]1[C@@H](O)[C@@H]2[C@H](CC[C@]3(C)[C@@H]([C@H](C)CCOC(=O)NCCO)CC[C@@H]23)[C@@]2(C)CC[C@@H](O)C[C@@H]12
CHEMBL5959799,COC1C(=O)C(C)CC/C=C\C=C/C=C(/C)[C@H](NS(C)(=O)=O)C[C@H]2CC[C@H](C)[C@](O)(O2)C(=O)C(=O)N(C)C(C)C(=O)OC([C@H](C)C[C@@H]2CC[C@@H](OCC3CCCC3)[C@H](OC)C2)CC(=O)C(C)/C=C(/C)C1O
CHEMBL5959800,NC(=O)c1c[nH]c2ccc(-c3cccc(C(=O)Nc4ccc(C(F)(F)F)cc4)n3)cc12
CHEMBL5959801,COC1CN(c2nc3cccc(F)c3cc2-c2nc(C)no2)CCC1NC1CCCCC1
CHEMBL5959802,CN(C)C(=O)c1cc(Br)cnc1N1CC[C@@H](NC2CCCCC2)[C@H](O)C1
CHEMBL5959803,CC(C)(O)[C@H](F)CNC(=O)c1cnc(Nc2ccc3ncoc3c2)cc1N[C@@H]1CCC[C@H]1O
CHEMBL5959804,CC1N=C(Nc2cc(F)c(Oc3ccnc4[nH]cc(-c5ccc(C#N)cc5F)c34)c(F)c2)OCC1CO
CHEMBL5959805,O=C(NCC1CC(F)(F)C1)[C@H]1CCN(c2ncnc3[nH]ccc23)CC12CC2
CHEMBL5959806,Cc1cc(C2CCCN(Cc3c[nH]c4ccc(F)cc34)C2)n2ncnc2n1
CHEMBL5959807,CCc1nnc(SCC(=O)Nc2nnc(-c3ccc(S(C)(=O)=O)cc3)s2)n1C
CHEMBL5959808,Cc1ccc(-c2nc(CN3CCC(n4c(=O)[nH]c5cc(Cl)ccc54)CC3)c(C)[nH]2)cc1Cl
CHEMBL5959809,Nc1ncnn2c(-c3cc(C(=O)N[C@@H]4CN(C(=O)C5CCC(F)(F)C5)C[C@@H]4F)c(F)cc3F)cc(C(F)(F)F)c12
CHEMBL5959810,COc1ccc(F)cc1-c1ccnc2[nH]c(C3=CCN(S(=O)(=O)CCNS(C)(=O)=O)CC3)cc12
CHEMBL5959811,COc1cc(-n2c(=O)nc(O)c3ccc(Cl)cc32)ccc1F
CHEMBL5959812,Cc1cccc(-c2ccsc2-c2ccc3ncc(C(N)=O)n3c2)n1
CHEMBL5959813,Cc1cccc(N2CCN(c3nccc(COC(=O)NC(=N)N)c3F)CC2)c1
CHEMBL5959814,CC[C@H](C)NC(=O)O[C@@H]1CC[C@H](c2cc(NC(=O)Cc3cnn(C)c3C)n[nH]2)C1
CHEMBL5959815,C[C@@H]1[C@@H](C(=O)NCc2cc(-c3ccc(C(F)(F)F)nc3)ncn2)N(S(=O)(=O)c2ccc(F)cc2)C[C@@H]1F
CHEMBL5959816,O=C(O)c1ccc(CN2CCC(c3n[nH]c4ccc(C(c5ccc(Cl)cc5)c5ccc(Cl)cc5)cc34)CC2)cc1
CHEMBL5959817,Cc1[nH]c(=O)c(CN2CCc3c(Cl)cc(N4CC5(CCOCC5)C4)c(Cl)c3C2=O)c2c1NCC2
CHEMBL5959818,Nc1nc(Nc2ccc(C(=O)O)cc2)nn1-c1ccnc(N2CCC[C@H]2CN2CCCC2)c1
CHEMBL5959819,COc1ccc(CN2C[C@]3(CC[C@](c4ccccc4)(N(C)C)CC3)N(CC3(C)CCC3)C2=O)cc1
CHEMBL5959820,CCc1nn2ccc(N3CCN(CC(=O)N4CC(O)C4)CC3)cc2c1N(C)c1nc(-c2ccc(F)cc2)c(C#N)s1
CHEMBL5959821,CCCCOc1nc(N)c2[nH]cc(Cc3ccc4c(c3)CN(C(C)C)CC4)c2n1
CHEMBL5959822,COc1ccc2c(c1)C(C(=O)n1nc(N)c3c1CN(S(C)(=O)=O)CC3)CCN2
CHEMBL5959823,CNCC(O)COc1cccc(-c2nc(NC[C@H]3COCCN3C(=O)N(C)C)c(C)c(-c3c(C)noc3C)n2)c1
CHEMBL5959824,CS(=O)(=O)c1cc(Cl)cc(COC(=O)N2CCC3(CC2)CN(C(=O)c2ccc4[nH]nnc4c2)C3)c1
CHEMBL5959825,O=C(O)[C@H]1[C@@H](c2ccccc2)[C@H](C(=O)OCc2ccccc2)[C@@H]1c1ccccc1
CHEMBL5959826,COCCN1C[C@@H](NC(=O)Nc2c(Br)c(COC3CCN(C(=O)OC(C)(C)C)CC3)nn2-c2ccccc2)[C@H](c2ccc(F)c(F)c2)C1
CHEMBL6199441,Cc1cc(C(=O)N2Cc3cnn(C)c3Nc3ccccc32)ccc1CNC(=O)N1C[C@@H](n2cc(CO)nn2)C[C@H]1C(=S)N(C)C
CHEMBL6199442,C=C(C)[C@@H]1CC[C@]2(C)CC[C@]3(C)[C@H](CC[C@@H]4[C@@]5(C)CC[C@H](OC(=O)CCC[P+](C6CCCCC6)(C6CCCCC6)C6CCCCC6)C(C)(C)[C@@H]5CC[C@]43C)[C@@H]12
CHEMBL6199443,C[C@@H]1CC[C@@]2(OC1)O[C@H]1C[C@H]3[C@@H]4CC=C5C[C@@H](OC(=O)CCCC[N+]6(CCO)CCOCC6)CC[C@]5(C)[C@H]4CC[C@]3(C)[C@H]1[C@@H]2C
CHEMBL6199444,CC(C)C(=O)n1ncc2cc(-n3cc(CN[C@@H]4C[C@H]4c4ccc(F)c(F)c4)nn3)ccc21
CHEMBL6199445,C=C[C@]1(C)CC[C@@H](C(=C)C[n+]2cccc(F)c2)C[C@H]1C(=C)C
CHEMBL6199446,Cc1ccc(S(=O)(=O)NC[C@H]2O[C@H](O[C@H]3[C@H](OS(=O)(=O)O)[C@@H](O[C@H]4O[C@H](COS(=O)(=O)O)[C@@H](OS(=O)(=O)O)[C@H](NS(=O)(=O)c5ccc(C)cc5)[C@H]4OS(=O)(=O)O)[C@H](NS(=O)(=O)c4ccc(C)cc4)C[C@@H]3NS(=O)(=O)O)[C@H](NS(=O)(=O)c3ccc(C)cc3)C[C@@H]2OS(=O)(=O)O)cc1
CHEMBL6199447,CC(=O)OC[C@H]1O[C@H](O[C@@H]2[C@@H](OS(=O)(=O)O)[C@H](O[C@H]3O[C@H](CNC(=O)c4ccccc4)[C@@H](OS(=O)(=O)O)C[C@H]3NC(=O)c3ccccc3)[C@@H](NS(=O)(=O)O)C[C@H]2NC(=O)c2ccccc2)[C@H](OS(=O)(=O)O)[C@@H](NC(=O)c2ccccc2)[C@@H]1OS(=O)(=O)O
CHEMBL6199448,CC[n+]1c(/C=C/c2ccc(-c3cnn4ccc(N5CCOCC5)nc34)o2)sc2ccccc21
CHEMBL6199449,C=CCc1cc(NC(=O)c2ccc(-n3cnc(F)c3)nn2)c(C(=O)O)cc1F
CHEMBL6199450,COc1cc(C(=O)O)c(NC(=O)c2ccc(-n3cnc(F)c3)nn2)cc1Br
CHEMBL6199451,CCCCCCCCCC[N+](C)(C)CCCOc1ccc(/C=C/c2ccccc2)cc1
CHEMBL6199452,CCc1c(N2CC[C@H](O)C2=O)cccc1S(=O)(=O)N[C@@H](CNC(=O)c1ccc(Cl)s1)C(=O)OCCc1cncn1C
CHEMBL6199453,O=C(Nc1ccc([N+](=O)[O-])cc1)[C@H]1O[C@H](O[C@@H]2[C@@H](O)[C@H](O[C@H]3O[C@H](CNS(=O)(=O)O)[C@@H](O)C[C@H]3NS(=O)(=O)O)[C@@H](NS(=O)(=O)O)C[C@H]2NS(=O)(=O)O)[C@H](O)[C@@H](NS(=O)(=O)O)[C@@H]1O
CHEMBL6199454,CC(C)(C)OC(=O)N1CCN(C(=O)[C@H]2O[C@H](O[C@@H]3[C@@H](O)[C@H](O[C@H]4O[C@H](CNS(=O)(=O)O)[C@@H](O)C[C@H]4NS(=O)(=O)O)[C@@H](NS(=O)(=O)O)C[C@H]3NS(=O)(=O)O)[C@H](O)[C@@H](NS(=O)(=O)O)[C@@H]2O)CC1
CHEMBL6199455,NCc1ccc(-c2nc(-c3ccc(OC4CC4)cc3)no2)cc1
CHEMBL6199456,NCCCCn1c(SCc2ccc(Cl)c(Cl)c2)nnc1-c1ccc2ccccc2n1
CHEMBL6199457,O=C(Nc1cnn(-c2cccc(C(=O)NC3CCNCC3)c2)c1)Nc1cccc2ccccc12
CHEMBL6199458,CN[C@H](CC(C)C)C(=O)N[C@H]1C(=O)N[C@@H](CC(N)=O)C(=O)N[C@H]2C(=O)N[C@H]3C(=O)N[C@H](C(=O)N[C@H](C(=O)O)c4cc(O)c(CNCCC[S+](C)C[C@H](O)COc5ccccc5)c(O)c4-c4cc3ccc4O)[C@H](O)c3ccc(c(Cl)c3)Oc3cc2cc(c3O[C@@H]2O[C@H](CO)[C@@H](O)[C@H](O)[C@H]2O[C@H]2C[C@](C)(N)[C@H](O)[C@H](C)O2)Oc2ccc(cc2Cl)[C@H]1O
CHEMBL6199459,CS(=O)(=O)n1ncc2cc(-n3cc(CN[C@@H]4C[C@H]4c4ccc(F)c(F)c4)nn3)ccc21
CHEMBL6199460,CCC(=O)n1ncc2cc(-n3cc(CN[C@@H]4C[C@H]4c4ccc(F)c(F)c4)nn3)ccc21
CHEMBL6199461,CC(C)CN1[C@@H]2CC[C@H]1C[C@@H](N1CCCCCN3/C(=N/S(=O)(=O)c4ccc(O)c(c4)C1=O)Sc1c(Cl)ccc(O)c13)C2
CHEMBL6199462,CC[C@@H](C(=O)[C@@H](C)[C@@H](O)[C@H](C)[C@@H]1O[C@@H]([C@@H](CC)C(=O)O)CC[C@@H]1C)[C@H]1O[C@]2(C=C[C@@H](NS(=O)(=O)CC)[C@]3(CC[C@@](C)([C@H]4CC[C@](O)(CC)[C@H](C)O4)O3)O2)[C@H](C)C[C@@H]1C
CHEMBL6199463,CCc1cc(C(=O)O)c(NC(=O)c2ccc(-n3cnc(F)c3)nn2)cc1F
CHEMBL6199464,Cc1ccc(S(=O)(=O)N2CCN(C(=O)[C@H]3O[C@H](O[C@@H]4[C@@H](O)[C@H](O[C@H]5O[C@H](CNS(=O)(=O)O)[C@@H](O)C[C@H]5NS(=O)(=O)O)[C@@H](NS(=O)(=O)O)C[C@H]4NS(=O)(=O)O)[C@H](O)[C@@H](NS(=O)(=O)O)[C@@H]3O)CC2)cc1
CHEMBL6199465,C[C@@H](N(C)Cc1ccc(-c2ccc(C(F)(F)F)cc2)cc1F)[C@](O)(Cn1cncn1)c1ccc(F)cc1F
CHEMBL6199466,CN(C(=O)[C@H]1O[C@H](O[C@@H]2[C@@H](OCc3ccc4ccccc4c3)[C@H](O[C@H]3O[C@H](CNS(=O)(=O)O)[C@@H](OCc4ccc5ccccc5c4)C[C@H]3NS(=O)(=O)O)[C@@H](NS(=O)(=O)O)C[C@H]2NS(=O)(=O)O)[C@H](OCc2ccc3ccccc3c2)[C@@H](NS(=O)(=O)O)[C@@H]1OCc1ccc2ccccc2c1)c1ccccc1
CHEMBL6199467,CC[N+](C)(CC)CCn1c2ccccc2c2cc[n+](C)cc21
CHEMBL6199468,CCCCCCCCCC[N+](C)(C)CCCOc1ccc(/C=C/c2ccc(N(c3ccccc3)c3ccccc3)cc2)cc1
CHEMBL6199469,CN(C)CCCCNCc1ccc(-c2nc(-c3ccc(CNCCCCN(C)C)cc3)c3ccn(-c4ccccc4)c3n2)cc1
CHEMBL6199470,Cc1c(C)c(OCCCS(=O)(=O)O)c2c(c1OCCCS(=O)(=O)O)CN1C(=O)N3CN4C(=O)N5CN6C(=O)N7CN8C(=O)N9Cc%10c(c(OCCCS(=O)(=O)O)c(C)c(C)c%10OCCCS(=O)(=O)O)CN%10C(=O)N(CN%11C(=O)N(CN%12C(=O)N(CN%13C(=O)N(C2)[C@]1(C)[C@]%133C)[C@@H]4[C@@H]5%12)[C@@H]6[C@@H]7%11)[C@]8(C)[C@]%109C
CHEMBL6199471,CCCCCCCCCCCCCCNC(=O)c1ccc[n+](CC2=C(C(=O)O)N3C(=O)[C@@H](NC(=O)Cc4ccccc4)[C@H]3SC2)c1
CHEMBL6199472,CCCCCCCCCC[n+]1ccc(-c2cc[n+](CC3=C(C(=O)OCc4ccc(OC)cc4)N4C(=O)[C@@H](NC(=O)Cc5ccccc5)[C@H]4SC3)cc2)cc1
CHEMBL6199473,Cc1ccc2c(c1)C(C)(C)C(/C=C/C1=C(Cl)/C(=C/C=C3/N(Cc4ccc(C(=O)O)cc4)c4ccc(C)cc4C3(C)C)CCC1)=[N+]2Cc1ccc(C(=O)O)cc1
CHEMBL6199474,O=C([C@@H]1CCCCN1)N1Cc2ccc(-c3cccc(-c4ccc5c(c4)OCCO5)c3Cl)cc2C1
CHEMBL6199475,C=CCc1cc(-c2ccc(OCCC[N+](C)(C)CC(=O)NCCCC)c(CC=C)c2)c2oc(=S)n(Cc3cc(Cl)cc(Cl)c3)c2c1
CHEMBL6199476,CC[C@@H](C(=O)[C@@H](C)[C@@H](O)[C@H](C)[C@@H]1O[C@@H]([C@@H](CC)C(=O)O)CC[C@@H]1C)[C@H]1O[C@]2(C=C[C@@H](NC(=O)OC(C)C)[C@]3(CC[C@@](C)([C@H]4CC[C@](O)(CC)[C@H](C)O4)O3)O2)[C@H](C)C[C@@H]1C
CHEMBL6199477,CC1(C)C(/C=C/c2ccc(O)c(C(=O)O)c2)=[N+](CCC(=O)O)c2ccc3ccccc3c21
CHEMBL6199478,O=C([C@H]1O[C@H](O[C@@H]2[C@@H](OCc3ccc4ccccc4c3)[C@H](O[C@H]3O[C@H](CNS(=O)(=O)O)[C@@H](OCc4ccc5ccccc5c4)C[C@H]3NS(=O)(=O)O)[C@@H](NS(=O)(=O)O)C[C@H]2NS(=O)(=O)O)[C@H](OCc2ccc3ccccc3c2)[C@@H](NS(=O)(=O)O)[C@@H]1OCc1ccc2ccccc2c1)N1CCCCC1
CHEMBL6199479,C[C@@H](N(C)Cc1ccc(-c2ccc(Cl)cc2)nc1)[C@](O)(Cn1cncn1)c1ccc(F)cc1F
CHEMBL6199480,CC[C@@H](C(=O)[C@@H](C)[C@@H](O)[C@H](C)[C@@H]1O[C@@H]([C@@H](CC)C(=O)O)CC[C@@H]1C)[C@H]1O[C@]2(C=C[C@@H](NC(=S)NC)[C@]3(CC[C@@](C)([C@H]4CC[C@](O)(CC)[C@H](C)O4)O3)O2)[C@H](C)C[C@@H]1C
CHEMBL6199481,CN1CCN(CCCCNCc2ccc(-c3cc(-c4ccc(CNCCCCN5CCN(C)CC5)cc4)c4ccn(-c5ccccc5)c4c3)cc2)CC1
CHEMBL6199482,CCCCC[n+]1ccc2c3ccccc3n(CCN(CC)CC)c2c1
CHEMBL6199483,CN1CCN(CCCCNCc2ccc(-c3ccc4ccc5ccc(-c6ccc(CNCCCCN7CCN(C)CC7)cc6)nc5c4n3)cc2)CC1
CHEMBL6199484,CCCCCCCC[N+](C)(C)CCCOc1ccc(/C=C/c2ccccc2)cc1
CHEMBL6199485,N#CC(C#N)=C1C=C(/C=C/c2ccc(OC(=O)OCCCCCCCCCC[P+](c3ccc(C(F)(F)F)cc3)(c3ccc(C(F)(F)F)cc3)c3ccc(C(F)(F)F)cc3)cc2)Oc2ccccc21
CHEMBL6199486,O=C(CCl)NC[C@H]1O[C@H](O[C@H]2[C@H](OS(=O)(=O)O)[C@@H](O[C@H]3O[C@H](COS(=O)(=O)O)[C@@H](OS(=O)(=O)O)[C@H](NC(=O)CCl)[C@H]3OS(=O)(=O)O)[C@H](NC(=O)CCl)C[C@@H]2NS(=O)(=O)O)[C@H](NC(=O)CCl)C[C@@H]1OS(=O)(=O)O
CHEMBL6199487,COC(=O)[C@H](CCC(=O)N[C@@H]1CCc2ccccc21)NC(=O)[C@@H]1[C@H]2CC[C@](C)(C2)N1C(=O)CN
CHEMBL6199488,CCn1c(CNC(=O)c2nc3cc[nH]c3nc2N)[n+](CC)c2ccc(C(=O)N3CCC(N(C[C@H](O)[C@@H](O)[C@H](O)[C@H](O)CO)C[C@H](O)[C@@H](O)[C@H](O)[C@H](O)CO)CC3)cc21
CHEMBL6199489,NCc1ccc(-c2nc(-c3ccc(OC(F)(F)F)cc3)no2)cc1
CHEMBL6199490,O=C([C@H]1O[C@H](O[C@@H]2[C@@H](O)[C@H](O[C@H]3O[C@H](CNS(=O)(=O)O)[C@@H](O)C[C@H]3NS(=O)(=O)O)[C@@H](NS(=O)(=O)O)C[C@H]2NS(=O)(=O)O)[C@H](O)[C@@H](NS(=O)(=O)O)[C@@H]1O)N1CCCC1
CHEMBL6199491,CCN(CC)CCCCNCc1ccc(-c2cc(-c3ccc(CNCCCCN(CC)CC)cc3)c3ccn(-c4ccccc4)c3c2)cc1
CHEMBL6199492,c1cc[n+](CCCCCOc2ccc(-c3c4nc(c(-c5ccc(OCCCCC[n+]6ccccc6)cc5)c5[nH]c(c(-c6ccc(OCCCCC[n+]7ccccc7)cc6)c6nc(c(-c7ccc(OCCCCC[n+]8ccccc8)cc7)c7[nH]c3c3cc8ccccc8cc73)-c3cc7ccccc7cc3-6)c3cc6ccccc6cc53)-c3cc5ccccc5cc3-4)cc2)cc1
CHEMBL6199493,CN(C)CCCCNCc1ccc(-c2nc(-c3ccc(CNCCCCN(C)C)cc3)c3ccn(-c4ccc(CNCCCCN(C)C)cc4)c3n2)cc1
CHEMBL6199494,CC[N+](C)(CC)CCCCCCOc1ccc(-c2c3nc(c(-c4ccc(OCCCCCC[N+](C)(CC)CC)cc4)c4[nH]c(c(-c5ccc(OCCCCCC[N+](C)(CC)CC)cc5)c5nc(c(-c6ccc(OCCCCCC[N+](C)(CC)CC)cc6)c6[nH]c2c2cc7ccccc7cc62)-c2cc6ccccc6cc2-5)c2cc5ccccc5cc42)-c2cc4ccccc4cc2-3)cc1
CHEMBL6199495,CCOC(=O)NC(=O)N[C@@H]1C=C[C@]2(O[C@H]([C@@H](CC)C(=O)[C@@H](C)[C@@H](O)[C@H](C)[C@@H]3O[C@@H]([C@@H](CC)C(=O)O)CC[C@@H]3C)[C@@H](C)C[C@H]2C)O[C@@]12CC[C@@](C)([C@H]1CC[C@](O)(CC)[C@H](C)O1)O2
CHEMBL6199496,CC[C@@H](C(=O)[C@@H](C)[C@@H](O)[C@H](C)[C@@H]1O[C@@H]([C@@H](CC)C(=O)O)CC[C@@H]1C)[C@H]1O[C@]2(C=C[C@@H](NC(=O)N3CCC(C(F)(F)F)CC3)[C@]3(CC[C@@](C)([C@H]4CC[C@](O)(CC)[C@H](C)O4)O3)O2)[C@H](C)C[C@@H]1C
CHEMBL6199497,C[N+](C)(C)CCCCCOc1ccc(-c2c3nc(c(-c4ccc(OCCCCC[N+](C)(C)C)cc4)c4[nH]c(c(-c5ccc(OCCCCC[N+](C)(C)C)cc5)c5nc(c(-c6ccc(OCCCCC[N+](C)(C)C)cc6)c6[nH]c2c2cc7ccccc7cc62)-c2cc6ccccc6cc2-5)c2cc5ccccc5cc42)-c2cc4ccccc4cc2-3)cc1
CHEMBL6199498,CC[C@@H](C(=O)[C@@H](C)[C@@H](O)[C@H](C)[C@@H]1O[C@@H]([C@@H](CC)C(=O)O)CC[C@@H]1C)[C@H]1O[C@]2(C=C[C@@H](NC(=O)CCC(F)(F)F)[C@]3(CC[C@@](C)([C@H]4CC[C@](O)(CC)[C@H](C)O4)O3)O2)[C@H](C)C[C@@H]1C
CHEMBL6199499,CC[N+]1(CCCC(=O)O[C@H]2CC[C@@]3(C)[C@H](CC[C@@H]4[C@@H]3CC[C@]3(C)[C@@H]5[C@H](C[C@@H]43)O[C@]3(CCC(C)CO3)[C@H]5C)C2)CCOCC1
CHEMBL6199500,CC[n+]1c(/C=C/c2ccc(-c3ccc(N(c4ccc(OCCC[N+](C)(C)C)cc4)c4ccc(OCCC[N+](C)(C)C)cc4)cc3)s2)sc2ccccc21
CHEMBL6199501,CN[C@H](CC(C)C)C(=O)N[C@H]1C(=O)N[C@@H](CC(N)=O)C(=O)N[C@H]2C(=O)N[C@H]3C(=O)N[C@H](C(=O)N[C@H](C(=O)O)c4cc(O)cc(O)c4-c4cc3ccc4O)[C@H](O)c3ccc(c(Cl)c3)Oc3cc2cc(c3O[C@@H]2O[C@H](CO)[C@@H](O)[C@H](O)[C@H]2O[C@H]2C[C@](C)(NC(=O)CCCCCCCCCCC[n+]3cccc(F)c3)[C@H](O)[C@H](C)O2)Oc2ccc(cc2Cl)[C@H]1O
CHEMBL6199502,C=CCc1cc(-c2ccc(OCCC[N+](C)(C)CC(=O)NCCCC)c(CC=C)c2)c2oc(=S)n(Cc3ccc(Cl)cc3)c2c1
CHEMBL6199503,COc1cc(-c2nc3c(c(Nc4ccc5nc(C)cc(N)c5c4)n2)CNCC3)cc(OC)c1OC
CHEMBL6199504,O=S(=O)(c1ccccc1)n1ncc2cc(-n3cc(CN[C@@H]4C[C@H]4c4ccc(F)c(F)c4)nn3)ccc21
CHEMBL6199505,COCCOCCOCCN1/C(=C/C=C/C(C#N)=C/C=C/C2=[N+](CCOCCOCCOC)c3ccccc3C2(C)C)C(C)(C)c2ccccc21
CHEMBL6199506,CN(C)[C@H]1CCCN(c2cccc(S(=O)(=O)N[C@@H](CNC(=O)c3ccc(Cl)s3)C(=O)OCC[S@+](C)[O-])c2)C1
CHEMBL6199507,CCCCCCCCCOCCc1sc[n+](CCC[Si](C)(C)C)c1C
CHEMBL6199508,CC[N+](C)(CC)CCCOc1ccc(-c2c3nc(c(-c4ccc(OCCC[N+](C)(CC)CC)cc4)c4[nH]c(c(-c5ccc(OCCC[N+](C)(CC)CC)cc5)c5nc(c(-c6ccc(OCCC[N+](C)(CC)CC)cc6)c6[nH]c2c2cc7ccccc7cc62)-c2cc6ccccc6cc2-5)c2cc5ccccc5cc42)-c2cc4ccccc4cc2-3)cc1
CHEMBL6199509,CC[C@@H](C(=O)[C@@H](C)[C@@H](O)[C@H](C)[C@@H]1O[C@@H]([C@@H](CC)C(=O)O)CC[C@@H]1C)[C@H]1O[C@]2(C=C[C@@H](NC(=S)SC)[C@]3(CC[C@@](C)([C@H]4CC[C@](O)(CC)[C@H](C)O4)O3)O2)[C@H](C)C[C@@H]1C
CHEMBL6199510,CCCN(CCC)C(=O)N[C@@H]1C=C[C@]2(O[C@H]([C@@H](CC)C(=O)[C@@H](C)[C@@H](O)[C@H](C)[C@@H]3O[C@@H]([C@@H](CC)C(=O)O)CC[C@@H]3C)[C@@H](C)C[C@H]2C)O[C@@]12CC[C@@](C)([C@H]1CC[C@](O)(CC)[C@H](C)O1)O2
CHEMBL6199511,CCCCCC[n+]1ccc(/C(C#N)=C2/C=C(C(C)OC(=O)CCCc3ccc(N(CCCl)CCCl)cc3)c3ccc(N(CC)CC)cc3O2)cc1
CHEMBL6199512,CC[C@@H](C(=O)[C@@H](C)[C@@H](O)[C@H](C)[C@@H]1O[C@@H]([C@@H](CC)C(=O)O)CC[C@@H]1C)[C@H]1O[C@]2(C=C[C@@H](NS(=O)(=O)c3ccc(C(F)(F)F)cc3)[C@]3(CC[C@@](C)([C@H]4CC[C@](O)(CC)[C@H](C)O4)O3)O2)[C@H](C)C[C@@H]1C
CHEMBL6199513,CCCCCCCCCCCCCCCC[Si](C)(C)OCC[N+]1(C)CCc2ccccc2C1
CHEMBL6199514,CCC[n+]1cc(C(=O)OCC)c(Nc2ccc(OCc3ccccc3)cc2)c2cc3c(cc21)OCO3
CHEMBL6199515,O=C(Nc1cccc2ccccc12)[C@H]1O[C@H](O[C@@H]2[C@@H](O)[C@H](O[C@H]3O[C@H](CNS(=O)(=O)O)[C@@H](O)C[C@H]3NS(=O)(=O)O)[C@@H](NS(=O)(=O)O)C[C@H]2NS(=O)(=O)O)[C@H](O)[C@@H](NS(=O)(=O)O)[C@@H]1O
CHEMBL6199516,CC(C(=O)S)c1ccc(-c2ccccc2)c(F)c1
CHEMBL6199517,CCCN(CCC)C(=O)C[n+]1ccc(SCCCCCOc2ccc3ccc(=O)oc3c2CC=C(C)C)cc1
CHEMBL6199518,O=C(c1ccco1)N1CC[S+]2CCC1CC2
CHEMBL6199519,CCCCCCCCCCCCCC[N+]1(C)CCN(C(=O)[C@H]2NC(=O)[C@H]3NC(=O)[C@H](NC(=O)[C@@H]4NC(=O)[C@H](CC(N)=O)NC(=O)[C@H](NC(=O)[C@@H](CC(C)C)NC)[C@H](O)c5ccc(c(Cl)c5)Oc5cc4cc(c5O[C@@H]4O[C@H](CO)[C@@H](O)[C@H](O)[C@H]4O[C@H]4C[C@](C)(N)[C@H](O)[C@H](C)O4)Oc4ccc(cc4Cl)[C@H]3O)c3ccc(O)c(c3)-c3c(O)cc(O)cc32)CC1
CHEMBL6199520,Nc1ncc2cc1C(=O)N([C@H]1CC[C@@H](N)CC1)CCCCCN1/C(=N/S2(=O)=O)Sc2c(Cl)ccc(O)c21
CHEMBL6199521,CC(=O)NC[C@H]1CN(c2ccc(N3CCN(C(=O)C[N+](C)(C)Cc4ccc(C#N)cc4)CC3)c(F)c2)C(=O)O1
CHEMBL6199522,CCOc1ccccc1[P+](CCCCCCOC(=O)[C@H](CC)[C@H]1CC[C@H](C)[C@H]([C@@H](C)[C@H](O)[C@H](C)C(=O)[C@H](CC)[C@H]2O[C@]3(C=C[C@@H](O)[C@]4(CC[C@@](C)([C@H]5CC[C@](O)(CC)[C@H](C)O5)O4)O3)[C@H](C)C[C@@H]2C)O1)(c1ccccc1OC)c1ccccc1OC
CHEMBL6199523,CN[C@H](CC(C)C)C(=O)N[C@H]1C(=O)N[C@@H](CC(N)=O)C(=O)N[C@H]2C(=O)N[C@H]3C(=O)N[C@H](C(=O)N[C@H](C(=O)NCCC[S+](C)CC(O)COc4ccc(C(C)(C)C)cc4)c4cc(O)cc(O)c4-c4cc3ccc4O)[C@H](O)c3ccc(c(Cl)c3)Oc3cc2cc(c3O[C@@H]2O[C@H](CO)[C@@H](O)[C@H](O)[C@H]2O[C@H]2C[C@](C)(N)[C@H](O)[C@H](C)O2)Oc2ccc(cc2Cl)[C@H]1O
CHEMBL6199524,CCCCCCNC(=O)c1ccc[n+](CC2=C(C(=O)OCc3ccc(OC)cc3)N3C(=O)[C@@H](NC(=O)Cc4ccccc4)[C@H]3SC2)c1
CHEMBL6199525,CC[N+](CC)=c1sc2c(s1)C(c1ccc(Cl)cc1)Oc1ccc(C)cc1-2
CHEMBL6199526,C[C@@H]1CC[C@@]2(OC1)O[C@H]1C[C@H]3[C@@H]4CC=C5C[C@@H]([N+](C)(C/C=C/c6ccccc6)C/C=C/c6ccccc6)CC[C@]5(C)[C@H]4CC[C@]3(C)[C@H]1[C@@H]2C
CHEMBL6199527,O=C(Nc1cnn(-c2cccc(C(=O)Nc3cnn(C4CCNCC4)c3)c2)c1)Nc1ccccc1C(F)(F)F
CHEMBL6199528,C=Cc1cc(NC(=O)c2ccc(-n3cnc(F)c3)nn2)c(C(=O)O)cc1F
CHEMBL6199529,CN(C)CCCCNCc1ccc(-c2cc3c(ccn3-c3ccccc3)c(-c3ccc(CNCCCCN(C)C)cc3)n2)cc1
CHEMBL6199530,Cc1ccc(S(=O)(=O)N2CCN(C(=O)[C@H]3O[C@H](O[C@@H]4[C@@H](OCc5ccc6ccccc6c5)[C@H](O[C@H]5O[C@H](CNS(=O)(=O)O)[C@@H](OCc6ccc7ccccc7c6)C[C@H]5NS(=O)(=O)O)[C@@H](NS(=O)(=O)O)C[C@H]4NS(=O)(=O)O)[C@H](OCc4ccc5ccccc5c4)[C@@H](NS(=O)(=O)O)[C@@H]3OCc3ccc4ccccc4c3)CC2)cc1
CHEMBL6199531,CCCC[N+](C)(C)CCCOc1ccc(/C=C/c2ccc(N(c3ccccc3)c3ccccc3)cc2)cc1
CHEMBL6199532,CN(C)CCCCNCc1ccc(-c2nc(-c3ccccc3)c3ccn(-c4ccc(CNCCCCN(C)C)cc4)c3n2)cc1
CHEMBL6199533,CCn1c(CNC(=O)c2nc(Cl)cnc2N)[n+](C)c2ccc(OC)cc21
CHEMBL6199534,CC[n+]1c(/C=C/c2ccc(-c3ccc(N(c4ccc(OC)cc4)c4ccc(OC)cc4)cc3)s2)sc2ccccc21
CHEMBL6199535,Cc1ccc2c(c1)C(C)(C)C(/C=C/C1=C(Cl)/C(=C/C=C3/N(CCCOc4ccc(C(=O)O)cc4)c4ccc(C)cc4C3(C)C)CCC1)=[N+]2CCCOc1ccc(C(=O)O)cc1
CHEMBL6199536,CC[N+]1(CCCC(=O)OC[C@H](C)CC[C@H]2O[C@H]3C[C@H]4[C@@H]5CC=C6C[C@@H](OC(C)=O)CC[C@]6(C)[C@H]5CC[C@]4(C)[C@H]3[C@@H]2C)CCNCC1
CHEMBL6199537,CN[C@H](CC(C)C)C(=O)N[C@H]1C(=O)N[C@@H](CC(N)=O)C(=O)N[C@H]2C(=O)N[C@H]3C(=O)N[C@H](C(=O)N[C@H](C(=O)NCCC[S+](C)C[C@@H](O)COc4ccccc4)c4cc(O)cc(O)c4-c4cc3ccc4O)[C@H](O)c3ccc(c(Cl)c3)Oc3cc2cc(c3O[C@@H]2O[C@H](CO)[C@@H](O)[C@H](O)[C@H]2O[C@H]2C[C@](C)(N)[C@H](O)[C@H](C)O2)Oc2ccc(cc2Cl)[C@H]1O
CHEMBL6199538,CN[C@H](CC(C)C)C(=O)N[C@H]1C(=O)N[C@@H](CC(N)=O)C(=O)N[C@H]2C(=O)N[C@H]3C(=O)N[C@H](C(=O)N[C@H](C(=O)NCCC[S+](C)CC(O)COc4cccc(Cl)c4)c4cc(O)cc(O)c4-c4cc3ccc4O)[C@H](O)c3ccc(c(Cl)c3)Oc3cc2cc(c3O[C@@H]2O[C@H](CO)[C@@H](O)[C@H](O)[C@H]2O[C@H]2C[C@](C)(N)[C@H](O)[C@H](C)O2)Oc2ccc(cc2Cl)[C@H]1O
CHEMBL6199539,NCc1ccc(-c2nc(-c3ccnc(Oc4ccc(C(F)(F)F)cc4)c3)no2)cc1
CHEMBL6199540,Cc1ccc(-n2cc(NC(=O)Nc3cccc4ccccc34)cn2)cc1C(=O)Nc1cnn(C2CCNCC2)c1
CHEMBL6199541,O=C(Nc1cc(Br)c(F)cc1C(=O)O)c1ccc(-n2cnc(F)c2)nn1
CHEMBL6199542,CC[C@@H](C(=O)[C@@H](C)[C@@H](O)[C@H](C)[C@@H]1O[C@@H]([C@@H](CC)C(=O)O)CC[C@@H]1C)[C@H]1O[C@]2(C=C[C@@H](NC(=O)C(=O)NCc3ccccc3)[C@]3(CC[C@@](C)([C@H]4CC[C@](O)(CC)[C@H](C)O4)O3)O2)[C@H](C)C[C@@H]1C
CHEMBL6199543,N[C@H]1C[C@@H](N)[C@H](OCc2cnnn2CC(=O)c2ccc(-c3ccccc3)cc2)C1
CHEMBL6199544,CC[N+](C)(CC)CCCCOc1ccc(-c2c3nc(c(-c4ccc(OCCCC[N+](C)(CC)CC)cc4)c4[nH]c(c(-c5ccc(OCCCC[N+](C)(CC)CC)cc5)c5nc(c(-c6ccc(OCCCC[N+](C)(CC)CC)cc6)c6[nH]c2c2cc7ccccc7cc62)-c2cc6ccccc6cc2-5)c2cc5ccccc5cc42)-c2cc4ccccc4cc2-3)cc1
CHEMBL6199545,CCOc1cc(C(=O)O)c(NC(=O)c2ccc(-n3cnc(F)c3)nn2)cc1Br
CHEMBL6199546,COc1cccc(S(=O)(=O)NC[C@@H]2CCCN2)c1
CHEMBL6199547,C#Cc1cc(NC(=O)c2ccc(-n3cnc(C(F)(F)F)c3)nn2)c(C(=O)O)cc1F
CHEMBL6199548,O=C([C@H]1O[C@H](O[C@@H]2[C@@H](O)[C@H](O[C@H]3O[C@H](CNS(=O)(=O)O)[C@@H](O)C[C@H]3NS(=O)(=O)O)[C@@H](NS(=O)(=O)O)C[C@H]2NS(=O)(=O)O)[C@H](O)[C@@H](NS(=O)(=O)O)[C@@H]1O)N1CCC(c2ccccc2)CC1
CHEMBL6199549,CN(C)CCCCNCc1ccc(-c2nc(-c3ccc(CNCCCCN(C)C)cc3)c3c(ccn3-c3ccccc3)n2)cc1
CHEMBL6199550,C[C@@H](N(C)Cc1ccc(-c2ccc(Cl)cc2F)cc1F)[C@](O)(Cn1cncn1)c1ccc(F)cc1F
CHEMBL6199551,c1c[n+]2ccc1CCCc1cc[n+](cc1)Cc1ccc(cc1)Oc1ccc(cc1)C[n+]1ccc(cc1)CCCc1cc[n+](cc1)Cc1ccc(cc1)Oc1ccc(cc1)C2
CHEMBL6199552,CN[C@H](CC(C)C)C(=O)N[C@H]1C(=O)N[C@@H](CC(N)=O)C(=O)N[C@H]2C(=O)N[C@H]3C(=O)N[C@H](C(=O)N[C@H](C(=O)O)c4cc(O)cc(O)c4-c4cc3ccc4O)[C@H](O)c3ccc(c(Cl)c3)Oc3cc2cc(c3O[C@@H]2O[C@H](CO)[C@@H](O)[C@H](O)[C@H]2O[C@H]2C[C@](C)(NCCC[S+](C)C[C@@H](O)COc3ccccc3)[C@H](O)[C@H](C)O2)Oc2ccc(cc2Cl)[C@H]1O
CHEMBL6199553,CCCCCCCCNC(=O)c1cc[n+](CC2=C(C(=O)OCc3ccc(OC)cc3)N3C(=O)[C@@H](NC(=O)Cc4ccccc4)[C@H]3SC2)cc1
CHEMBL6199554,COc1ccc(S(=O)(=O)N[C@@H]2CCN(C(=O)C[C@H](N)C(=O)O)C2)cc1C(=O)Nc1ccccc1Cl
CHEMBL6199555,C[C@@H]1CC[C@@]2(OC1)O[C@H]1C[C@H]3[C@@H]4CC=C5C[C@@H](OC(=O)CCCC[N+](C)(C)Cc6ccccc6)CC[C@]5(C)[C@H]4CC[C@]3(C)[C@H]1[C@@H]2C
CHEMBL6199556,CC(=O)OCC1=C(C(=O)O)N2C(=O)[C@@H](NC(=O)c3cc[n+](C)cc3)[C@H]2SC1
CHEMBL6199557,CCCOc1ccc(-c2noc(-c3ccc(CN)cc3)n2)cc1
CHEMBL6199558,CC[C@@H](C(=O)[C@@H](C)[C@@H](O)[C@H](C)[C@@H]1O[C@@H]([C@@H](CC)C(=O)O)CC[C@@H]1C)[C@H]1O[C@]2(C=C[C@@H](NC(=O)CCCCCl)[C@]3(CC[C@@](C)([C@H]4CC[C@](O)(CC)[C@H](C)O4)O3)O2)[C@H](C)C[C@@H]1C
CHEMBL6199559,N#CC(C#N)=C1C=C(/C=C/c2ccc(OC(=O)OCCCCCCCCCC[P+](c3ccccc3)(c3ccccc3)c3ccccc3)cc2)Oc2ccccc21
CHEMBL6199560,CCc1c(N2CC[C@@H](O)C2=O)cccc1S(=O)(=O)N[C@@H](CNC(=O)c1ccc(Cl)s1)C(=O)OCCc1nccn1C
CHEMBL6199561,Cc1cc(NC(=O)c2ccc(-n3cnc(F)c3)nn2)c(C(=O)O)cc1F
CHEMBL6199562,C[C@@H](N(C)Cc1ccc(-c2ccc(Cl)cc2)c(F)c1)[C@](O)(Cn1cncn1)c1ccc(F)cc1F
CHEMBL6199563,CC[n+]1ccc(/C=C/c2ccc(-c3cnn4ccc(N5CCOCC5)nc34)s2)c2ccccc21
CHEMBL6199564,CCCCCCCC[Si](C)(C)OCC[N+]1(C)CCc2ccccc2C1
CHEMBL6199565,O=C(Nc1cc(F)c(F)cc1C(=O)O)c1ccc(-n2cnc(F)c2)nn1
CHEMBL6199566,Cc1cc(C(=O)N2Cc3cnn(C)c3Nc3ccccc32)ccc1CNC(=O)N1C[C@H](F)C[C@H]1C(=S)N(C)C
CHEMBL6199567,Cc1ccc([P+](CCCCCCCCCCO)(c2ccc(C)cc2)c2ccc(C)cc2)cc1
CHEMBL6199568,C[N+](C)(C)CCCOc1ccc(/C=C/c2ccccc2)cc1
CHEMBL6199569,O=C(Nc1cccc2ccccc12)[C@H]1O[C@H](O[C@@H]2[C@@H](OCc3ccc4ccccc4c3)[C@H](O[C@H]3O[C@H](CNS(=O)(=O)O)[C@@H](OCc4ccc5ccccc5c4)C[C@H]3NS(=O)(=O)O)[C@@H](NS(=O)(=O)O)C[C@H]2NS(=O)(=O)O)[C@H](OCc2ccc3ccccc3c2)[C@@H](NS(=O)(=O)O)[C@@H]1OCc1ccc2ccccc2c1
CHEMBL6199570,C[C@@H](N(C)Cc1ccc(-c2ccc(Cl)c(F)c2)nc1)[C@](O)(Cn1cncn1)c1ccc(F)cc1F
CHEMBL6199571,CC(C)C[C@H](C[Si](O)(O)CNC(=O)CCc1ccccc1)C(=O)NC(=O)N[C@@H](CC(C)C)C(=O)O
CHEMBL6199572,N[C@H]1C[C@@H](N)[C@H](OCc2cnnn2CC(=O)c2ccc(-c3ccccn3)s2)C1
CHEMBL6199573,NCc1ccc(-c2nc(-c3ccnc(N4CCCC4)c3)no2)cc1
CHEMBL6199574,C=C[C@]1(C)CC[C@@H](C(=C)C[n+]2ccccc2)C[C@H]1C(=C)C
CHEMBL6199575,CN(C)CCCCNCc1ccc(-c2nc(-c3ccc(CNCCCCN(C)C)cc3)c3ncn(-c4ccccc4)c3n2)cc1
CHEMBL6199576,CN(C)CCCCNCc1ccc(-c2cn(-c3ccccc3)c3ncnc(-c4ccc(CNCCCCN(C)C)cc4)c23)cc1
CHEMBL6199577,CN1/C(=C/C=C/C=C/C=C/C2=[N+](C)c3ccccc3C2(C)C)C(C)(C)c2ccccc21
CHEMBL6199578,O=C([C@H]1O[C@H](O[C@@H]2[C@@H](O)[C@H](O[C@H]3O[C@H](CNS(=O)(=O)O)[C@@H](O)C[C@H]3NS(=O)(=O)O)[C@@H](NS(=O)(=O)O)C[C@H]2NS(=O)(=O)O)[C@H](O)[C@@H](NS(=O)(=O)O)[C@@H]1O)N1CCc2ccccc21
CHEMBL6199579,O=C(Nc1cc(Br)c(OC2CC2)cc1C(=O)O)c1ccc(-n2cnc(F)c2)nn1
CHEMBL6199580,Cc1c(N2CCCC2=O)cccc1S(=O)(=O)N[C@@H](CNC(=O)c1ccc(Cl)s1)C(=O)OCCN(C)C
CHEMBL6199581,CN[C@H](CC(C)C)C(=O)N[C@H]1C(=O)N[C@@H](CC(N)=O)C(=O)N[C@H]2C(=O)N[C@H]3C(=O)N[C@H](C(=O)N[C@H](C(=O)NCCC[S+](C)CC(O)COc4ccc(-c5ccc(C(F)(F)F)cc5)cc4)c4cc(O)cc(O)c4-c4cc3ccc4O)[C@H](O)c3ccc(c(Cl)c3)Oc3cc2cc(c3O[C@@H]2O[C@H](CO)[C@@H](O)[C@H](O)[C@H]2O[C@H]2C[C@](C)(N)[C@H](O)[C@H](C)O2)Oc2ccc(cc2Cl)[C@H]1O
CHEMBL6199582,O=C(Cc1ccccc1)N[C@@H]1C(=O)N2C(C(=O)O)=C(C[n+]3ccccc3)CS[C@H]12
CHEMBL6199583,Fc1ccc([C@@H]2C[C@H]2NCc2cn(-c3cc4cn[nH]c4cc3F)nn2)cc1F
CHEMBL6199584,C=CC(=O)Nc1cc(Nc2nccc(-c3cn(C)c4ccccc34)n2)c(OC)cc1N1CC[C@@H](N(C)C)C1
CHEMBL6199585,C[C@@H](N(C)Cc1ccc(-c2ccc(OC(F)(F)F)cc2)cc1)[C@](O)(Cn1cncn1)c1ccc(F)cc1F
CHEMBL6199586,COc1ccc2c(c1)CC[n+]1cc3cc(OC)ccc3cc1-2
CHEMBL6199587,CC(C)CCC[C@@H](C)[C@H]1CC[C@@H]2[C@@H]3CC[C@@H]4C[C@H](O[C@@H]5O[C@@H](COS(=O)(=O)O)[C@H](O[C@@H]6O[C@@H](COS(=O)(=O)O)[C@H](O[C@H]7O[C@H](COS(=O)(=O)O)[C@@H](O[C@H]8O[C@H](COS(=O)(=O)O)[C@@H](OS(=O)(=O)O)[C@H](OS(=O)(=O)O)[C@H]8OS(=O)(=O)O)[C@H](OS(=O)(=O)O)[C@H]7OS(=O)(=O)O)[C@@H](OS(=O)(=O)O)[C@@H]6OS(=O)(=O)O)[C@@H](OS(=O)(=O)O)[C@@H]5OS(=O)(=O)O)CC[C@@]4(C)[C@H]3CC[C@]21C
CHEMBL6199588,CCCCCCCC[N+](C)(C)CCCOc1ccc(/C=C/c2ccc(N(c3ccccc3)c3ccccc3)cc2)cc1
CHEMBL6199589,c1cc[n+](CCCCCCOc2ccc(-c3c4nc(c(-c5ccc(OCCCCCC[n+]6ccccc6)cc5)c5[nH]c(c(-c6ccc(OCCCCCC[n+]7ccccc7)cc6)c6nc(c(-c7ccc(OCCCCCC[n+]8ccccc8)cc7)c7[nH]c3c3cc8ccccc8cc73)-c3cc7ccccc7cc3-6)c3cc6ccccc6cc53)-c3cc5ccccc5cc3-4)cc2)cc1
CHEMBL6199590,CN(C)CCCCNCc1ccc(-c2cc(-c3ccc(CNCCCCN(C)C)cc3)c3ccn(-c4ccccc4)c3c2)cc1
CHEMBL6199591,O=C(NC[C@H]1O[C@H](O[C@H]2[C@H](OS(=O)(=O)O)[C@@H](O[C@H]3O[C@H](COS(=O)(=O)O)[C@@H](OS(=O)(=O)O)[C@H](NC(=O)C(Cl)(Cl)Cl)[C@H]3OS(=O)(=O)O)[C@H](NC(=O)C(Cl)(Cl)Cl)C[C@@H]2NS(=O)(=O)O)[C@H](NC(=O)C(Cl)(Cl)Cl)C[C@@H]1OS(=O)(=O)O)C(Cl)(Cl)Cl
CHEMBL6199592,CC[C@@H](C(=O)[C@@H](C)[C@@H](O)[C@H](C)[C@@H]1O[C@@H]([C@@H](CC)C(=O)O)CC[C@@H]1C)[C@H]1O[C@]2(C=C[C@@H](NC(=O)c3ccccc3)[C@]3(CC[C@@](C)([C@H]4CC[C@](O)(CC)[C@H](C)O4)O3)O2)[C@H](C)C[C@@H]1C
CHEMBL6199593,CC[C@@H](C(=O)[C@@H](C)[C@@H](O)[C@H](C)[C@@H]1O[C@@H]([C@@H](CC)C(=O)O)CC[C@@H]1C)[C@H]1O[C@]2(C=C[C@@H](NC(=O)Nc3cc(F)cc(C(F)(F)F)c3)[C@]3(CC[C@@](C)([C@H]4CC[C@](O)(CC)[C@H](C)O4)O3)O2)[C@H](C)C[C@@H]1C
CHEMBL6199594,CC[C@@H](C(=O)[C@@H](C)[C@@H](O)[C@H](C)[C@@H]1O[C@@H]([C@@H](CC)C(=O)O)CC[C@@H]1C)[C@H]1O[C@]2(C=C[C@@H](NC(=O)OCc3ccccn3)[C@]3(CC[C@@](C)([C@H]4CC[C@](O)(CC)[C@H](C)O4)O3)O2)[C@H](C)C[C@@H]1C
CHEMBL6199595,CN(C)CCCCCNCc1ccc(-n2ccc3c(-c4ccccc4)nc(-c4ccc(CCCCCN(C)C)cc4)nc32)cc1
CHEMBL6199596,C[C@@H](N(C)Cc1ccc(-c2ccc(Cl)c(F)c2)cc1F)[C@](O)(Cn1cncn1)c1ccc(F)cc1F
CHEMBL6199597,S=C(S)NCCC[Si-]123OCC[N+]1(CCO2)CCO3
CHEMBL6199598,O=C(Nc1cc(C2CC2)c(F)cc1C(=O)O)c1ccc(-n2cnc(F)c2)nn1
CHEMBL6199599,CN(C)CCCCCNCc1ccc(-c2cc(-c3ccc(CNCCCCCN(C)C)cc3)c3ccn(-c4ccccc4)c3c2)cc1
CHEMBL6199600,NCc1ccc(-c2nc(-c3ccc(O[C@@H]4CCNC4)cc3)no2)cc1
CHEMBL6199601,Cc1ccc(C(=O)S)cc1
CHEMBL6199602,CN[C@H](CC(C)C)C(=O)N[C@H]1C(=O)N[C@@H](CC(N)=O)C(=O)N[C@H]2C(=O)N[C@H]3C(=O)N[C@H](C(=O)N[C@H](C(=O)O)c4cc(O)c(CNCCC[S+](C)CC(O)COc5ccc(-c6ccc(C(F)(F)F)cc6)cc5)c(O)c4-c4cc3ccc4O)[C@H](O)c3ccc(c(Cl)c3)Oc3cc2cc(c3O[C@@H]2O[C@H](CO)[C@@H](O)[C@H](O)[C@H]2O[C@H]2C[C@](C)(N)[C@H](O)[C@H](C)O2)Oc2ccc(cc2Cl)[C@H]1O
CHEMBL6199603,CC[C@@]1([C@@H]2O[C@@H]([C@H]3O[C@@](O)(CO)[C@H](C)C[C@@H]3C)C[C@@H]2C)CC[C@H]([C@]2(C)CC[C@]3(C[C@H](O)[C@@H](C)[C@@H]([C@@H](C)[C@@H](OC)[C@H](C)C(=O)OCCCC[P+](c4ccccc4)(c4ccccc4)c4ccccc4)O3)O2)O1
CHEMBL6199604,Cc1c(N2CC[C@@H](O)C2)cccc1S(=O)(=O)N[C@@H](CNC(=O)c1ccc(Cl)s1)C(=O)OCC[S@+](C)[O-]
CHEMBL6199605,O=C(Nc1ccc(-c2ccccc2)cc1)[C@H]1O[C@H](O[C@@H]2[C@@H](O)[C@H](O[C@H]3O[C@H](CNS(=O)(=O)O)[C@@H](O)C[C@H]3NS(=O)(=O)O)[C@@H](NS(=O)(=O)O)C[C@H]2NS(=O)(=O)O)[C@H](O)[C@@H](NS(=O)(=O)O)[C@@H]1O
CHEMBL6199606,CC[C@@H](C(=O)[C@@H](C)[C@@H](O)[C@H](C)[C@@H]1O[C@@H]([C@@H](CC)C(=O)O)CC[C@@H]1C)[C@H]1O[C@]2(C=C[C@@H](NC(=O)SCc3ccc(Cl)cc3)[C@]3(CC[C@@](C)([C@H]4CC[C@](O)(CC)[C@H](C)O4)O3)O2)[C@H](C)C[C@@H]1C
CHEMBL6199607,CCc1c(N2CC[C@H](O)C2=O)cccc1S(=O)(=O)N[C@@H](CNC(=O)c1ccc(Cl)s1)C(=O)OCCc1nccn1C
CHEMBL6199608,C[n+]1ccc2c3ccccc3n(CC[N+](C)(C)C)c2c1
CHEMBL6199609,O=C(NC[C@H]1O[C@H](O[C@H]2[C@H](OS(=O)(=O)O)[C@@H](O[C@H]3O[C@H](COS(=O)(=O)O)[C@@H](OS(=O)(=O)O)[C@H](NC(=O)c4ccccc4)[C@H]3OS(=O)(=O)O)[C@H](NC(=O)c3ccccc3)C[C@@H]2NS(=O)(=O)O)[C@H](NC(=O)c2ccccc2)C[C@@H]1OS(=O)(=O)O)c1ccccc1
CHEMBL6199610,CNC1=NC(=O)[C@]2(CCc3ncccc32)c2cc(C3CC3)c(F)cc21
CHEMBL6199611,c1cc2cc(c1)Cn1cc[n+](c1)Cc1ccc(cc1)Oc1ccc(cc1)C[n+]1ccn(c1)Cc1cccc(c1)Cn1cc[n+](c1)Cc1ccc(cc1)Oc1ccc(cc1)C[n+]1ccn(c1)C2
CHEMBL6199612,CCn1c(CNC(=O)c2nc3cc[nH]c3nc2N)[n+](CC)c2ccc(C(=O)N3CCC(N)CC3)cc21
CHEMBL6199613,CCn1c(CNC(=O)c2nc3cc[nH]c3nc2N)[n+](CC)c2ccc(C(=O)NCCN3CCC(N(C[C@H](O)[C@@H](O)[C@H](O)[C@H](O)CO)C[C@H](O)[C@@H](O)[C@H](O)[C@H](O)CO)CC3)cc21
CHEMBL6199614,CC[C@]12N3Cc4c(c(OCCCS(=O)(=O)O)c5ccccc5c4OCCCS(=O)(=O)O)CN1C(=O)N1CN4C(=O)N5CN6C(=O)N7CN8C(=O)N9Cc%10c(c(OCCCS(=O)(=O)O)c%11ccccc%11c%10OCCCS(=O)(=O)O)CN%10C(=O)N(CN%11C(=O)N(CN%12C(=O)N(CN(C3=O)[C@]12CC)[C@@H]4[C@H]%125)[C@@H]6[C@H]%117)[C@]8(CC)[C@@]9%10CC
CHEMBL6199615,O=C(C1CCCC1)n1ncc2cc(-n3cc(CN[C@@H]4C[C@H]4c4ccc(F)c(F)c4)nn3)ccc21
CHEMBL6199616,O=C(Cc1ccccc1)n1ncc2cc(-n3cc(CN[C@@H]4C[C@H]4c4ccc(F)c(F)c4)nn3)ccc21
CHEMBL6199617,CCn1c2ccc(/C=C/c3cc[n+](C)c4ccccc34)cc2c2cc(N(c3ccccc3)c3ccccc3)ccc21
CHEMBL6199618,COC(=O)C(=C\C=C\C1=[N+](C)c2ccccc2C1(C)C)/C=C/C=C1/N(C)c2ccccc2C1(C)C
CHEMBL6199619,CCCOC(=O)N[C@@H]1C=C[C@]2(O[C@H]([C@@H](CC)C(=O)[C@@H](C)[C@@H](O)[C@H](C)[C@@H]3O[C@@H]([C@@H](CC)C(=O)O)CC[C@@H]3C)[C@@H](C)C[C@H]2C)O[C@@]12CC[C@@](C)([C@H]1CC[C@](O)(CC)[C@H](C)O1)O2
CHEMBL6199620,O=C(CCCCC(CCSCc1ccccc1)SCc1ccccc1)OCCCCC[P+](c1ccccc1)(c1ccccc1)c1ccccc1
CHEMBL6199621,CCCCSC(=S)N[C@@H]1C=C[C@]2(O[C@H]([C@@H](CC)C(=O)[C@@H](C)[C@@H](O)[C@H](C)[C@@H]3O[C@@H]([C@@H](CC)C(=O)O)CC[C@@H]3C)[C@@H](C)C[C@H]2C)O[C@@]12CC[C@@](C)([C@H]1CC[C@](O)(CC)[C@H](C)O1)O2
CHEMBL6199622,O=C(CCCCC(CCSCc1ccccc1)SCc1ccccc1)OCCCCCCCCCC[P+](c1ccccc1)(c1ccccc1)c1ccccc1
CHEMBL6199623,CC[C@@H](C(=O)[C@@H](C)[C@@H](O)[C@H](C)[C@@H]1O[C@@H]([C@@H](CC)C(=O)O)CC[C@@H]1C)[C@H]1O[C@]2(C=C[C@@H](NC(=O)Oc3ccccc3)[C@]3(CC[C@@](C)([C@H]4CC[C@](O)(CC)[C@H](C)O4)O3)O2)[C@H](C)C[C@@H]1C
CHEMBL6199624,CCCC(=O)Oc1cccc2[nH]cc(CCN(C)C)c12
CHEMBL6199625,CCCN1/C(=C/C=C2\CCCC(/C=C/C3=[N+](CCCOc4ccc(C(=O)O)cc4)c4ccccc4C3(C)C)=C2Cl)C(C)(C)c2ccccc21
CHEMBL6199626,CC1CC[C@@]2(OC1)O[C@H]1C[C@H]3[C@@H]4CC[C@@H]5C[C@@H](OC(=O)CCC[P+](c6ccccc6)(c6ccccc6)c6ccccc6)CC[C@]5(C)[C@H]4CC[C@]3(C)[C@H]1[C@@H]2C
CHEMBL6199627,C=CCc1cc(-c2ccc(OCCC[N+](C)(C)CC(=O)NCCCC)c(CC=C)c2)c2oc(=S)n(Cc3ccc(OC)cc3)c2c1
CHEMBL6199628,O=C(O)C(=O)NCCCC[C@H](NC(=O)C(=O)O)C(=O)O
CHEMBL6199629,C[N+]1=C(/C=C/c2ccc(-c3cnn4ccc(N5CCOCC5)nc34)s2)C(C)(C)c2ccccc21
CHEMBL6199630,CC[C@@H](C(=O)[C@@H](C)[C@@H](O)[C@H](C)[C@@H]1O[C@@H]([C@@H](CC)C(=O)O)CC[C@@H]1C)[C@H]1O[C@]2(C=C[C@@H](NC(=O)OCCCl)[C@]3(CC[C@@](C)([C@H]4CC[C@](O)(CC)[C@H](C)O4)O3)O2)[C@H](C)C[C@@H]1C
CHEMBL6199631,c1cc[n+](CCCCOc2ccc(-c3c4nc(c(-c5ccc(OCCCC[n+]6ccccc6)cc5)c5[nH]c(c(-c6ccc(OCCCC[n+]7ccccc7)cc6)c6nc(c(-c7ccc(OCCCC[n+]8ccccc8)cc7)c7[nH]c3c3cc8ccccc8cc73)-c3cc7ccccc7cc3-6)c3cc6ccccc6cc53)-c3cc5ccccc5cc3-4)cc2)cc1
CHEMBL6199632,CC[N+](C)(CC)CCCCCOc1ccc(-c2c3nc(c(-c4ccc(OCCCCC[N+](C)(CC)CC)cc4)c4[nH]c(c(-c5ccc(OCCCCC[N+](C)(CC)CC)cc5)c5nc(c(-c6ccc(OCCCCC[N+](C)(CC)CC)cc6)c6[nH]c2c2cc7ccccc7cc62)-c2cc6ccccc6cc2-5)c2cc5ccccc5cc42)-c2cc4ccccc4cc2-3)cc1
CHEMBL6199633,O=C(Nc1cnn(-c2cccc(C(=O)NC3CCNC3)c2)c1)Nc1cccc2ccccc12
CHEMBL6199634,Fc1ccc([C@@H]2C[C@H]2NCc2cn(CCc3ccc4[nH]ncc4c3)nn2)cc1F
CHEMBL6199635,CNCc1ccc(-c2nc(-c3ccc(OC4CCCC4)cc3)no2)cc1
CHEMBL6199636,Fc1ccc([C@@H]2C[C@H]2NCc2cn(-c3n[nH]c4ccccc34)nn2)cc1F
CHEMBL6199637,CC[C@@H](C(=O)[C@@H](C)[C@@H](O)[C@H](C)[C@@H]1O[C@@H]([C@@H](CC)C(=O)O)CC[C@@H]1C)[C@H]1O[C@]2(C=C[C@@H](NC(=O)OCc3ccccc3)[C@]3(CC[C@@](C)([C@H]4CC[C@](O)(CC)[C@H](C)O4)O3)O2)[C@H](C)C[C@@H]1C
CHEMBL6199638,CCC(CC)NC(=O)N[C@@H]1C=C[C@]2(O[C@H]([C@@H](CC)C(=O)[C@@H](C)[C@@H](O)[C@H](C)[C@@H]3O[C@@H]([C@@H](CC)C(=O)O)CC[C@@H]3C)[C@@H](C)C[C@H]2C)O[C@@]12CC[C@@](C)([C@H]1CC[C@](O)(CC)[C@H](C)O1)O2
CHEMBL6199639,CN(C)CCCCCNCc1ccc(-c2cc3c(ccn3-c3ccccc3)c(-c3ccc(CNCCCCCN(C)C)cc3)n2)cc1
CHEMBL6199640,CCCCCCC[Si](C)(C)OCC[N+]1(C)CCc2ccccc2C1
CHEMBL6199641,CN1/C(=C/C=C/C(C#N)=C/C=C/C2=[N+](C)c3ccccc3C2(C)C)C(C)(C)c2ccccc21
CHEMBL6199642,CN(C)CCCCCNCc1ccc(-c2nc(-c3ccc(CNCCCCCN(C)C)cc3)c3ncn(-c4ccccc4)c3n2)cc1
CHEMBL6199643,C[C@@H](N(C)Cc1ccc(-c2ccc(Cl)cc2F)cc1)[C@](O)(Cn1cncn1)c1ccc(F)cc1F
CHEMBL6199644,CN1CCN(CCCCNCc2ccc(-c3nc(-c4ccc(CNCCCCN5CCN(C)CC5)cc4)c4ncn(-c5ccccc5)c4n3)cc2)CC1
CHEMBL6199645,CC[N+]1=C(/C=C/c2ccc(-c3cnn4ccc(N5CCOCC5)nc34)s2)C(C)(C)c2cc(I)ccc21
CHEMBL6199646,CC(=O)O[C@H]1CC[C@@]2(C)C(=CC[C@H]3[C@@H]4C[C@@H]5O[C@H](CC[C@@H](C)COC(=O)CC[P+](c6ccccc6)(c6ccccc6)c6ccccc6)[C@@H](C)[C@@H]5[C@@]4(C)CC[C@@H]32)C1
CHEMBL6199647,Cc1c(-c2ccccc2)cccc1-c1ccc2c(c1)CN(C(=O)CN)C2
CHEMBL6199648,Cc1n2cc[n+]1Cc1ccc(cc1)Oc1ccc(cc1)C[n+]1ccn(c1C)CCCn1cc[n+](c1C)Cc1ccc(cc1)Oc1ccc(cc1)C[n+]1ccn(c1C)CCC2
CHEMBL6199649,Cc1ccc(CC(=O)S)cc1
CHEMBL6199650,CN[C@H](CC(C)C)C(=O)N[C@H]1C(=O)N[C@@H](CC(N)=O)C(=O)N[C@H]2C(=O)N[C@H]3C(=O)N[C@H](C(=O)N[C@H](C(=O)O)c4cc(O)cc(O)c4-c4cc3ccc4O)[C@H](O)c3ccc(c(Cl)c3)Oc3cc2cc(c3O[C@@H]2O[C@H](CO)[C@@H](O)[C@H](O)[C@H]2O[C@H]2C[C@](C)(NC(=O)CCCCCCCCC[n+]3ccc(C)cc3)[C@H](O)[C@H](C)O2)Oc2ccc(cc2Cl)[C@H]1O
CHEMBL6199651,COC(=O)CC[C@H](NC(=O)[C@@H]1[C@H]2CC[C@H](C2)N1C(=O)CN)C(=O)NC12CC3CC(CC(C3)C1)C2
CHEMBL6199652,O=C1c2cc(ccc2O)S(=O)(=O)/N=C2\Sc3c(Cl)ccc(O)c3N2CCCCN1C1CCNCC1
CHEMBL6199653,CN[C@H](CC(C)C)C(=O)N[C@H]1C(=O)N[C@@H](CC(N)=O)C(=O)N[C@H]2C(=O)N[C@H]3C(=O)N[C@H](C(=O)N[C@H](C(=O)NCCC[S+](C)CC(O)COc4ccc(-c5ccc(Cl)cc5)cc4)c4cc(O)cc(O)c4-c4cc3ccc4O)[C@H](O)c3ccc(c(Cl)c3)Oc3cc2cc(c3O[C@@H]2O[C@H](CO)[C@@H](O)[C@H](O)[C@H]2O[C@H]2C[C@](C)(N)[C@H](O)[C@H](C)O2)Oc2ccc(cc2Cl)[C@H]1O
CHEMBL6199654,CC[C@@H](C(=O)[C@@H](C)[C@@H](O)[C@H](C)[C@@H]1O[C@@H]([C@@H](CC)C(=O)OCCCC[P+](c2ccc(C)cc2)(c2ccc(C)cc2)c2ccc(C)cc2)CC[C@@H]1C)[C@H]1O[C@]2(C=C[C@@H](O)[C@]3(CC[C@@](C)([C@H]4CC[C@](O)(CC)[C@H](C)O4)O3)O2)[C@H](C)C[C@@H]1C
CHEMBL6199655,CNCCNC1CCN(c2ncc3cc2C(=O)N([C@H]2CC[C@@H](N)CC2)CCCCCN2/C(=N/S3(=O)=O)Sc3c(Cl)ccc(O)c32)CC1
CHEMBL6199656,CN[C@H](CC(C)C)C(=O)N[C@H]1C(=O)N[C@@H](CC(N)=O)C(=O)N[C@H]2C(=O)N[C@H]3C(=O)N[C@H](C(=O)N[C@H](C(=O)O)c4cc(O)c(CNCCC[S+](C)CC(O)COc5ccccc5)c(O)c4-c4cc3ccc4O)[C@H](O)c3ccc(c(Cl)c3)Oc3cc2cc(c3O[C@@H]2O[C@H](CO)[C@@H](O)[C@H](O)[C@H]2O[C@H]2C[C@](C)(N)[C@H](O)[C@H](C)O2)Oc2ccc(cc2Cl)[C@H]1O
CHEMBL6199657,CCc1cc2c(c(O)c1-c1nnc(N[C@@H]3CCCN(CC)C3)c(=O)n1C)CCO2
CHEMBL6199658,O=S(=O)(C1CC1)n1ncc2cc(-n3cc(CN[C@@H]4C[C@H]4c4ccc(F)c(F)c4)nn3)ccc21
CHEMBL6199659,CNC1=NC(=O)[C@]2(CCc3ncccc32)c2cc(C3CC3)ccc21
CHEMBL6199660,C[C@]12N3Cc4c(c(OCCC(=O)O)c5ccccc5c4OCCC(=O)O)CN1C(=O)N1CN4C(=O)N5CN6C(=O)N7CN8C(=O)N9Cc%10c(c(OCCC(=O)O)c%11ccccc%11c%10OCCC(=O)O)CN%10C(=O)N(CN%11C(=O)N(CN%12C(=O)N(CN(C3=O)[C@]12C)[C@@H]4[C@H]%125)[C@@H]6[C@H]%117)[C@]8(C)[C@@]9%10C
CHEMBL6199661,NC1CCN(C2CCN(c3ncc4cc3C(=O)N([C@H]3CC[C@@H](N)CC3)CCCCCN3/C(=N/S4(=O)=O)Sc4c(Cl)ccc(O)c43)CC2)CC1
CHEMBL6199662,Fc1ccc([C@@H]2C[C@H]2NCc2cn(-c3cccc4[nH]ncc34)nn2)cc1F
CHEMBL6199663,NCC(=O)NCCN1CCN(CCCN2c3ccccc3Sc3ccc(C(F)(F)F)cc32)CC1
CHEMBL6199664,COC(=O)CNC(=O)CCN1/C(=C/C=C2\CCCC(/C=C/C3=[N+](CCC(=O)NCC(=O)OC)c4ccc5ccccc5c4C3(C)C)=C2Cl)C(C)(C)c2c1ccc1ccccc21
CHEMBL6199665,CC1(C)C(/C=C/C2=C(Cl)/C(=C/C=C3/N(CCCCCC(=O)O)c4ccccc4C3(C)C)CCC2)=[N+](CCCOc2ccc(C(=O)O)cc2)c2ccccc21
CHEMBL6199666,COC(=O)CC[C@H](NC(=O)[C@@H]1[C@H]2CC[C@H](C2)N1C(=O)CN)C(=O)NC12CC3CC(C)(CC(C)(C3)C1)C2
CHEMBL6199667,N=C(N)NC(=O)c1ccc(C(=O)NC(=N)NC(=O)c2ccc(C(=O)N[C@@H](Cc3ccccc3)C(=O)N[C@@H](CCCCN)C(=O)NCC(=O)NCCCC[C@H](N[C@@H](Cc3ccccc3)C(=O)N[C@@H](CCCCN)C(=O)NCC(N)=O)C(=O)NCCCC[C@H](NC(=O)[C@H](CCCCN[C@@H](Cc3ccccc3)C(=O)N[C@@H](CCCCN)C(=O)NCC(N)=O)NC(=O)N[C@@H](Cc3ccccc3)C(=O)N[C@@H](CCCCN)C(N)=O)C(N)=O)[nH]2)[nH]1
CHEMBL6199668,NCc1ccc(-c2nc(-c3ccc(OC4CCC4)cc3)no2)cc1
CHEMBL6199669,CCCNC(=O)C[n+]1ccc(SCCCOc2ccc3ccc(=O)oc3c2CC=C(C)C)cc1
CHEMBL6199670,CC(=O)C[C@@]1(C)[C@@H]2CC[C@]3(C)[C@H](CC=C4[C@@H]5[C@@H](C)[C@H](C)CC[C@]5(C(=O)N5CCCN(C(=O)c6ccccc6-c6c7cc8c9c(c7[o+]c7c%10c%11c(cc67)CCCN%11CCC%10)CCCN9CCC8)CCC5)CC[C@]43C)[C@@]2(C)C[C@@H](OC(C)=O)[C@@H]1OC(C)=O
CHEMBL6199671,NC(Cc1ccc(F)cc1)C(=O)NCc1ccc2c(c1)CN(C1CCC(=O)NC1=O)C2=O
CHEMBL6199672,N[C@H]1CC[C@@H](N2CCCCCN3/C(=N/S(=O)(=O)c4cnc(N[C@H]5CCNC5)c(c4)C2=O)Sc2c(Cl)ccc(O)c23)CC1
CHEMBL6199673,O=S(=O)(C1CCCCC1)n1ncc2cc(-n3cc(CN[C@@H]4C[C@H]4c4ccc(F)c(F)c4)nn3)ccc21
CHEMBL6199674,CN[C@H](CC(C)C)C(=O)N[C@H]1C(=O)N[C@@H](CC(N)=O)C(=O)N[C@H]2C(=O)N[C@H]3C(=O)N[C@H](C(=O)N[C@H](C(=O)O)c4cc(O)cc(O)c4-c4cc3ccc4O)[C@H](O)c3ccc(c(Cl)c3)Oc3cc2cc(c3O[C@@H]2O[C@H](CO)[C@@H](O)[C@H](O)[C@H]2O[C@H]2C[C@](C)(NCCC[S+](C)C[C@H](O)COc3ccccc3)[C@H](O)[C@H](C)O2)Oc2ccc(cc2Cl)[C@H]1O
CHEMBL6199675,N[C@H]1CC[C@@H](N2C[C@H](O)CCN3/C(=N/S(=O)(=O)c4ccc(O)c(c4)C2=O)Sc2c(Cl)ccc(O)c23)CC1
CHEMBL6199676,N[C@H]1CC[C@@H](N2C[C@@H](O)CCN3/C(=N/S(=O)(=O)c4ccc(O)c(c4)C2=O)Sc2c(Cl)ccc(O)c23)CC1
CHEMBL6199677,COC(=O)CCC(=O)CNC(=O)c1ccc(CN2/C(=C/C=C3\CCCC(/C=C/C4=[N+](Cc5ccc(C(=O)NCC(=O)CCC(=O)OC)cc5)c5ccccc5C4(C)C)=C3Cl)C(C)(C)c3ccccc32)cc1
CHEMBL6199678,Cc1cc(C(=O)N2Cc3cnn(C)c3Nc3ccccc32)ccc1CNC(=O)N1C[C@H](n2cc(CO)nn2)C[C@H]1C(=S)N(C)C
CHEMBL6199679,CCCCC[N+](C)(C)CC(=O)N1CCN(c2ccc(N3C[C@H](CNC(C)=O)OC3=O)cc2F)CC1
CHEMBL6199680,CN[C@H](CC(C)C)C(=O)N[C@H]1C(=O)N[C@@H](CC(N)=O)C(=O)N[C@H]2C(=O)N[C@H]3C(=O)N[C@H](C(=O)N[C@H](C(=O)NCCC[S+](C)CC(O)COc4ccc(-c5ccccc5)cc4)c4cc(O)cc(O)c4-c4cc3ccc4O)[C@H](O)c3ccc(c(Cl)c3)Oc3cc2cc(c3O[C@@H]2O[C@H](CO)[C@@H](O)[C@H](O)[C@H]2O[C@H]2C[C@](C)(N)[C@H](O)[C@H](C)O2)Oc2ccc(cc2Cl)[C@H]1O
CHEMBL6199681,CN[C@H](CC(C)C)C(=O)N[C@H]1C(=O)N[C@@H](CC(N)=O)C(=O)N[C@H]2C(=O)N[C@H]3C(=O)N[C@H](C(=O)N[C@H](C(=O)NCCC[S+](C)CC(O)COc4ccc(Cl)cc4)c4cc(O)cc(O)c4-c4cc3ccc4O)[C@H](O)c3ccc(c(Cl)c3)Oc3cc2cc(c3O[C@@H]2O[C@H](CO)[C@@H](O)[C@H](O)[C@H]2O[C@H]2C[C@](C)(N)[C@H](O)[C@H](C)O2)Oc2ccc(cc2Cl)[C@H]1O
CHEMBL6199682,CC[N+](CC)=c1sc2c(s1)C(c1ccc(Br)cc1)Oc1ccc(C)cc1-2
CHEMBL6199683,COC(=O)CCC(=O)CNC(=O)c1ccc(CN2/C(=C/C=C3\CCCC(/C=C/C4=[N+](Cc5ccc(C(=O)NCC(=O)CCC(=O)OC)cc5)c5ccc6ccccc6c5C4(C)C)=C3Cl)C(C)(C)c3c2ccc2ccccc32)cc1
CHEMBL6199684,Cc1cc(C(=O)N2Cc3cnn(C)c3Nc3ccccc32)ccc1CNC(=O)N1C[C@H](n2cc(CC3NC(=O)NC3=O)nn2)C[C@H]1C(=S)N(C)C
CHEMBL6199685,C=C1C(c2ccc(Cl)cc2)=CC(=O)N1CCCSC(=N)N
CHEMBL6199686,O=C1c2cc(ccc2O)S(=O)(=O)/N=C2\Sc3c(Cl)ccc(O)c3N2CCCCCN1C1CCNCC1
CHEMBL6199687,CC(C)C[C@H](C(=O)N[C@H]1C(=O)N[C@@H](CC(N)=O)C(=O)N[C@H]2C(=O)N[C@H]3C(=O)N[C@H](C(=O)N[C@H](C(=O)O)c4cc(O)cc(O)c4-c4cc3ccc4O)[C@H](O)c3ccc(c(Cl)c3)Oc3cc2cc(c3O[C@@H]2O[C@H](CO)[C@@H](O)[C@H](O)[C@H]2O[C@H]2C[C@](C)(N)[C@H](O)[C@H](C)O2)Oc2ccc(cc2Cl)[C@H]1O)N(C)CCC[S+](C)C[C@H](O)COc1ccccc1
CHEMBL6199688,C[C@H](N)C(=O)N1Cc2ccc(-c3cccc(-c4ccc5c(c4)OCCO5)c3Cl)cc2C1
CHEMBL6199689,NCCc1ccc(Oc2cc(-c3noc(-c4ccc(CN)cc4)n3)ccn2)cc1
CHEMBL6199690,CN[C@H](CC(C)C)C(=O)N[C@H]1C(=O)N[C@@H](CC(N)=O)C(=O)N[C@H]2C(=O)N[C@H]3C(=O)N[C@H](C(=O)N[C@H](C(=O)O)c4cc(O)c(CNCCC[S+](C)CC(O)COc5ccc(-c6ccccc6)cc5)c(O)c4-c4cc3ccc4O)[C@H](O)c3ccc(c(Cl)c3)Oc3cc2cc(c3O[C@@H]2O[C@H](CO)[C@@H](O)[C@H](O)[C@H]2O[C@H]2C[C@](C)(N)[C@H](O)[C@H](C)O2)Oc2ccc(cc2Cl)[C@H]1O
